row_id,y_true,y_pred,score_positive,score_type,probability_native,unit_id,outer_fold,replicate,purpose,variant
2986,0,0,3.3201741344685003e-13,probability_native,3.3201741344685003e-13,u_591260f8ef3c96d2,1,2,official,principal
5427,0,1,0.7954800351874298,probability_native,0.7954800351874298,u_591260f8ef3c96d2,1,2,official,principal
6234,0,0,4.443559481881722e-17,probability_native,4.443559481881722e-17,u_591260f8ef3c96d2,1,2,official,principal
6937,0,0,0.07778854191509012,probability_native,0.07778854191509012,u_591260f8ef3c96d2,1,2,official,principal
6491,1,1,0.9999404946740662,probability_native,0.9999404946740662,u_591260f8ef3c96d2,1,2,official,principal
478,1,1,0.999797601880401,probability_native,0.999797601880401,u_591260f8ef3c96d2,1,2,official,principal
5704,0,1,0.9999147154376259,probability_native,0.9999147154376259,u_591260f8ef3c96d2,1,2,official,principal
4453,1,1,0.9999253444989195,probability_native,0.9999253444989195,u_591260f8ef3c96d2,1,2,official,principal
2320,0,0,1.0012392109306873e-16,probability_native,1.0012392109306873e-16,u_591260f8ef3c96d2,1,2,official,principal
4437,0,0,3.1959569486569253e-13,probability_native,3.1959569486569253e-13,u_591260f8ef3c96d2,1,2,official,principal
3511,0,0,4.612939318312395e-17,probability_native,4.612939318312395e-17,u_591260f8ef3c96d2,1,2,official,principal
3404,0,0,2.6721931577622335e-05,probability_native,2.6721931577622335e-05,u_591260f8ef3c96d2,1,2,official,principal
1565,0,1,0.9952634270339717,probability_native,0.9952634270339717,u_591260f8ef3c96d2,1,2,official,principal
1096,0,0,0.31493849926721906,probability_native,0.31493849926721906,u_591260f8ef3c96d2,1,2,official,principal
733,0,0,1.2830795364767054e-14,probability_native,1.2830795364767054e-14,u_591260f8ef3c96d2,1,2,official,principal
6846,1,1,0.9985287124365774,probability_native,0.9985287124365774,u_591260f8ef3c96d2,1,2,official,principal
6891,0,1,0.6398776864819853,probability_native,0.6398776864819853,u_591260f8ef3c96d2,1,2,official,principal
3011,0,0,1.2894529704570045e-17,probability_native,1.2894529704570045e-17,u_591260f8ef3c96d2,1,2,official,principal
6009,1,1,0.9990835072847666,probability_native,0.9990835072847666,u_591260f8ef3c96d2,1,2,official,principal
4163,0,0,7.0881655703411455e-06,probability_native,7.0881655703411455e-06,u_591260f8ef3c96d2,1,2,official,principal
5717,0,0,2.1164838793498805e-15,probability_native,2.1164838793498805e-15,u_591260f8ef3c96d2,1,2,official,principal
6803,0,0,4.271478623095623e-05,probability_native,4.271478623095623e-05,u_591260f8ef3c96d2,1,2,official,principal
1426,0,0,0.0028756968190439217,probability_native,0.0028756968190439217,u_591260f8ef3c96d2,1,2,official,principal
3860,0,0,0.036119035613811995,probability_native,0.036119035613811995,u_591260f8ef3c96d2,1,2,official,principal
810,1,0,0.1744327590890683,probability_native,0.1744327590890683,u_591260f8ef3c96d2,1,2,official,principal
2936,0,1,0.986774146011981,probability_native,0.986774146011981,u_591260f8ef3c96d2,1,2,official,principal
2205,0,1,0.9904029247085682,probability_native,0.9904029247085682,u_591260f8ef3c96d2,1,2,official,principal
6563,1,1,0.992869466517567,probability_native,0.992869466517567,u_591260f8ef3c96d2,1,2,official,principal
2997,1,1,0.996429576465982,probability_native,0.996429576465982,u_591260f8ef3c96d2,1,2,official,principal
1265,0,0,0.0008889047735755168,probability_native,0.0008889047735755168,u_591260f8ef3c96d2,1,2,official,principal
948,1,1,0.9999747335455795,probability_native,0.9999747335455795,u_591260f8ef3c96d2,1,2,official,principal
3521,0,0,0.00016261361313929954,probability_native,0.00016261361313929954,u_591260f8ef3c96d2,1,2,official,principal
6809,1,1,0.9999323367632866,probability_native,0.9999323367632866,u_591260f8ef3c96d2,1,2,official,principal
3563,0,1,0.9835210221024796,probability_native,0.9835210221024796,u_591260f8ef3c96d2,1,2,official,principal
393,0,0,0.00019067812421165762,probability_native,0.00019067812421165762,u_591260f8ef3c96d2,1,2,official,principal
2693,0,0,1.958789203491777e-17,probability_native,1.958789203491777e-17,u_591260f8ef3c96d2,1,2,official,principal
3187,0,1,0.9912993236316342,probability_native,0.9912993236316342,u_591260f8ef3c96d2,1,2,official,principal
6446,0,0,0.0006732801705781125,probability_native,0.0006732801705781125,u_591260f8ef3c96d2,1,2,official,principal
3633,0,1,0.9999908705367706,probability_native,0.9999908705367706,u_591260f8ef3c96d2,1,2,official,principal
5864,0,0,6.414612754556311e-17,probability_native,6.414612754556311e-17,u_591260f8ef3c96d2,1,2,official,principal
4069,0,0,4.83340016124365e-14,probability_native,4.83340016124365e-14,u_591260f8ef3c96d2,1,2,official,principal
3383,1,1,0.9998960276938675,probability_native,0.9998960276938675,u_591260f8ef3c96d2,1,2,official,principal
6456,0,0,2.8405371631409503e-13,probability_native,2.8405371631409503e-13,u_591260f8ef3c96d2,1,2,official,principal
1263,1,1,0.9795318618398804,probability_native,0.9795318618398804,u_591260f8ef3c96d2,1,2,official,principal
272,1,1,0.5536459812070703,probability_native,0.5536459812070703,u_591260f8ef3c96d2,1,2,official,principal
2070,1,0,0.07662307986877254,probability_native,0.07662307986877254,u_591260f8ef3c96d2,1,2,official,principal
4842,1,1,0.9925767686533432,probability_native,0.9925767686533432,u_591260f8ef3c96d2,1,2,official,principal
4872,0,0,8.058735503223877e-15,probability_native,8.058735503223877e-15,u_591260f8ef3c96d2,1,2,official,principal
5272,1,1,0.9999575839281672,probability_native,0.9999575839281672,u_591260f8ef3c96d2,1,2,official,principal
3646,0,0,0.2074023185531084,probability_native,0.2074023185531084,u_591260f8ef3c96d2,1,2,official,principal
3935,0,0,7.914759025611085e-19,probability_native,7.914759025611085e-19,u_591260f8ef3c96d2,1,2,official,principal
4788,0,0,7.391673895431825e-14,probability_native,7.391673895431825e-14,u_591260f8ef3c96d2,1,2,official,principal
6124,0,0,3.86787757107238e-06,probability_native,3.86787757107238e-06,u_591260f8ef3c96d2,1,2,official,principal
736,0,0,0.006630252047942377,probability_native,0.006630252047942377,u_591260f8ef3c96d2,1,2,official,principal
5876,1,1,0.9999908646402879,probability_native,0.9999908646402879,u_591260f8ef3c96d2,1,2,official,principal
2566,0,0,2.336257556507908e-16,probability_native,2.336257556507908e-16,u_591260f8ef3c96d2,1,2,official,principal
1400,0,0,3.416906077251179e-05,probability_native,3.416906077251179e-05,u_591260f8ef3c96d2,1,2,official,principal
1879,1,1,0.9999391395745864,probability_native,0.9999391395745864,u_591260f8ef3c96d2,1,2,official,principal
6613,0,0,0.0003336334508906442,probability_native,0.0003336334508906442,u_591260f8ef3c96d2,1,2,official,principal
2793,0,1,0.9994829888926742,probability_native,0.9994829888926742,u_591260f8ef3c96d2,1,2,official,principal
5185,0,0,9.90250612349944e-06,probability_native,9.90250612349944e-06,u_591260f8ef3c96d2,1,2,official,principal
1955,0,1,0.9655946641207301,probability_native,0.9655946641207301,u_591260f8ef3c96d2,1,2,official,principal
5161,0,0,0.4779059387767095,probability_native,0.4779059387767095,u_591260f8ef3c96d2,1,2,official,principal
4569,1,0,0.2816520618456829,probability_native,0.2816520618456829,u_591260f8ef3c96d2,1,2,official,principal
1722,0,0,0.0013737781313774783,probability_native,0.0013737781313774783,u_591260f8ef3c96d2,1,2,official,principal
2662,1,1,0.9960388586694905,probability_native,0.9960388586694905,u_591260f8ef3c96d2,1,2,official,principal
3768,0,1,0.7176759048395408,probability_native,0.7176759048395408,u_591260f8ef3c96d2,1,2,official,principal
4926,0,0,5.087473760138705e-15,probability_native,5.087473760138705e-15,u_591260f8ef3c96d2,1,2,official,principal
439,0,0,0.40790973333217867,probability_native,0.40790973333217867,u_591260f8ef3c96d2,1,2,official,principal
416,0,0,1.7079030229821707e-13,probability_native,1.7079030229821707e-13,u_591260f8ef3c96d2,1,2,official,principal
3341,0,1,0.7962624780750199,probability_native,0.7962624780750199,u_591260f8ef3c96d2,1,2,official,principal
6276,0,0,2.545857641605695e-08,probability_native,2.545857641605695e-08,u_591260f8ef3c96d2,1,2,official,principal
2502,0,0,3.4511364530383286e-08,probability_native,3.4511364530383286e-08,u_591260f8ef3c96d2,1,2,official,principal
5397,1,1,0.9999403294308531,probability_native,0.9999403294308531,u_591260f8ef3c96d2,1,2,official,principal
6734,1,1,0.7313162107232217,probability_native,0.7313162107232217,u_591260f8ef3c96d2,1,2,official,principal
5992,1,0,1.211166387376539e-06,probability_native,1.211166387376539e-06,u_591260f8ef3c96d2,1,2,official,principal
4985,0,0,9.689624461312895e-16,probability_native,9.689624461312895e-16,u_591260f8ef3c96d2,1,2,official,principal
5863,1,1,0.9999698720159843,probability_native,0.9999698720159843,u_591260f8ef3c96d2,1,2,official,principal
6801,0,0,0.11867305979367869,probability_native,0.11867305979367869,u_591260f8ef3c96d2,1,2,official,principal
3133,0,0,7.045990513465589e-05,probability_native,7.045990513465589e-05,u_591260f8ef3c96d2,1,2,official,principal
4709,0,1,0.9951560901455017,probability_native,0.9951560901455017,u_591260f8ef3c96d2,1,2,official,principal
5553,1,1,0.9869887474037976,probability_native,0.9869887474037976,u_591260f8ef3c96d2,1,2,official,principal
6871,0,1,0.8813694919199768,probability_native,0.8813694919199768,u_591260f8ef3c96d2,1,2,official,principal
1536,0,0,4.3215907495168944e-16,probability_native,4.3215907495168944e-16,u_591260f8ef3c96d2,1,2,official,principal
982,0,0,0.07460117574840963,probability_native,0.07460117574840963,u_591260f8ef3c96d2,1,2,official,principal
5325,0,0,2.3819057548823533e-06,probability_native,2.3819057548823533e-06,u_591260f8ef3c96d2,1,2,official,principal
1540,0,0,0.050607223729861366,probability_native,0.050607223729861366,u_591260f8ef3c96d2,1,2,official,principal
2432,0,0,3.6464379838312017e-05,probability_native,3.6464379838312017e-05,u_591260f8ef3c96d2,1,2,official,principal
4921,0,0,0.34812954254084155,probability_native,0.34812954254084155,u_591260f8ef3c96d2,1,2,official,principal
6109,0,1,0.8767043197239516,probability_native,0.8767043197239516,u_591260f8ef3c96d2,1,2,official,principal
874,0,0,7.48181049611298e-12,probability_native,7.48181049611298e-12,u_591260f8ef3c96d2,1,2,official,principal
5339,0,1,0.9937296616718324,probability_native,0.9937296616718324,u_591260f8ef3c96d2,1,2,official,principal
1923,0,0,1.3378231529617916e-17,probability_native,1.3378231529617916e-17,u_591260f8ef3c96d2,1,2,official,principal
1827,0,0,0.04696694867561931,probability_native,0.04696694867561931,u_591260f8ef3c96d2,1,2,official,principal
972,0,0,9.98897454482479e-14,probability_native,9.98897454482479e-14,u_591260f8ef3c96d2,1,2,official,principal
3673,1,1,0.9996364094371665,probability_native,0.9996364094371665,u_591260f8ef3c96d2,1,2,official,principal
5747,0,0,0.00034304116217025816,probability_native,0.00034304116217025816,u_591260f8ef3c96d2,1,2,official,principal
3904,0,0,5.085077051684994e-06,probability_native,5.085077051684994e-06,u_591260f8ef3c96d2,1,2,official,principal
3987,1,1,0.999952164786905,probability_native,0.999952164786905,u_591260f8ef3c96d2,1,2,official,principal
555,0,0,0.0003868414942285354,probability_native,0.0003868414942285354,u_591260f8ef3c96d2,1,2,official,principal
2918,0,1,0.8690358313177836,probability_native,0.8690358313177836,u_591260f8ef3c96d2,1,2,official,principal
2752,1,0,0.00041704657910670564,probability_native,0.00041704657910670564,u_591260f8ef3c96d2,1,2,official,principal
5457,0,0,0.1108527219306087,probability_native,0.1108527219306087,u_591260f8ef3c96d2,1,2,official,principal
6934,0,0,2.0066730578849322e-14,probability_native,2.0066730578849322e-14,u_591260f8ef3c96d2,1,2,official,principal
2152,0,1,0.9992567910253539,probability_native,0.9992567910253539,u_591260f8ef3c96d2,1,2,official,principal
3921,0,0,0.09931530004885358,probability_native,0.09931530004885358,u_591260f8ef3c96d2,1,2,official,principal
2192,0,0,1.3319741255133523e-13,probability_native,1.3319741255133523e-13,u_591260f8ef3c96d2,1,2,official,principal
2274,1,1,0.8862060371485668,probability_native,0.8862060371485668,u_591260f8ef3c96d2,1,2,official,principal
5401,0,0,9.156542692058398e-17,probability_native,9.156542692058398e-17,u_591260f8ef3c96d2,1,2,official,principal
3715,0,1,0.9999925934763262,probability_native,0.9999925934763262,u_591260f8ef3c96d2,1,2,official,principal
217,0,0,1.198824168168735e-15,probability_native,1.198824168168735e-15,u_591260f8ef3c96d2,1,2,official,principal
7029,0,1,0.9995220535122984,probability_native,0.9995220535122984,u_591260f8ef3c96d2,1,2,official,principal
2232,0,0,1.0688969633091353e-18,probability_native,1.0688969633091353e-18,u_591260f8ef3c96d2,1,2,official,principal
5395,1,1,0.9973337980563134,probability_native,0.9973337980563134,u_591260f8ef3c96d2,1,2,official,principal
6122,0,0,1.0783495530865606e-06,probability_native,1.0783495530865606e-06,u_591260f8ef3c96d2,1,2,official,principal
3012,0,0,2.4214267286792225e-16,probability_native,2.4214267286792225e-16,u_591260f8ef3c96d2,1,2,official,principal
941,0,0,0.37176414517112805,probability_native,0.37176414517112805,u_591260f8ef3c96d2,1,2,official,principal
4694,0,0,5.107461398786575e-05,probability_native,5.107461398786575e-05,u_591260f8ef3c96d2,1,2,official,principal
94,0,0,3.090844997032922e-12,probability_native,3.090844997032922e-12,u_591260f8ef3c96d2,1,2,official,principal
1794,0,0,2.7837203537974136e-17,probability_native,2.7837203537974136e-17,u_591260f8ef3c96d2,1,2,official,principal
2256,0,0,6.570615702977989e-06,probability_native,6.570615702977989e-06,u_591260f8ef3c96d2,1,2,official,principal
4371,0,0,6.930681526967472e-07,probability_native,6.930681526967472e-07,u_591260f8ef3c96d2,1,2,official,principal
3361,0,0,0.03489527848563737,probability_native,0.03489527848563737,u_591260f8ef3c96d2,1,2,official,principal
1619,0,0,6.910627490066373e-16,probability_native,6.910627490066373e-16,u_591260f8ef3c96d2,1,2,official,principal
6578,0,0,3.3136328009392e-05,probability_native,3.3136328009392e-05,u_591260f8ef3c96d2,1,2,official,principal
5199,0,0,0.1924530221966482,probability_native,0.1924530221966482,u_591260f8ef3c96d2,1,2,official,principal
5490,0,1,0.8766349182402442,probability_native,0.8766349182402442,u_591260f8ef3c96d2,1,2,official,principal
2069,1,1,0.999753025926103,probability_native,0.999753025926103,u_591260f8ef3c96d2,1,2,official,principal
380,0,0,0.037149303501624105,probability_native,0.037149303501624105,u_591260f8ef3c96d2,1,2,official,principal
2393,1,0,0.006547112953228696,probability_native,0.006547112953228696,u_591260f8ef3c96d2,1,2,official,principal
2811,0,0,3.079233813123286e-18,probability_native,3.079233813123286e-18,u_591260f8ef3c96d2,1,2,official,principal
6422,0,0,0.005024649414998677,probability_native,0.005024649414998677,u_591260f8ef3c96d2,1,2,official,principal
6414,0,0,1.8169201261653366e-18,probability_native,1.8169201261653366e-18,u_591260f8ef3c96d2,1,2,official,principal
4935,0,0,5.526034255496848e-07,probability_native,5.526034255496848e-07,u_591260f8ef3c96d2,1,2,official,principal
4942,1,1,0.9874649303890825,probability_native,0.9874649303890825,u_591260f8ef3c96d2,1,2,official,principal
3789,0,0,0.0002517507223410653,probability_native,0.0002517507223410653,u_591260f8ef3c96d2,1,2,official,principal
3583,0,0,1.4811753182438782e-05,probability_native,1.4811753182438782e-05,u_591260f8ef3c96d2,1,2,official,principal
1587,0,0,1.654240381664093e-17,probability_native,1.654240381664093e-17,u_591260f8ef3c96d2,1,2,official,principal
3148,0,0,0.2319087212671135,probability_native,0.2319087212671135,u_591260f8ef3c96d2,1,2,official,principal
7028,0,0,2.5939311778839464e-14,probability_native,2.5939311778839464e-14,u_591260f8ef3c96d2,1,2,official,principal
3981,0,1,0.9999812615076438,probability_native,0.9999812615076438,u_591260f8ef3c96d2,1,2,official,principal
4228,1,1,0.9987879168175208,probability_native,0.9987879168175208,u_591260f8ef3c96d2,1,2,official,principal
2321,0,1,0.9882077418864406,probability_native,0.9882077418864406,u_591260f8ef3c96d2,1,2,official,principal
1692,0,0,3.1236652889668616e-05,probability_native,3.1236652889668616e-05,u_591260f8ef3c96d2,1,2,official,principal
4866,0,1,0.997649971310468,probability_native,0.997649971310468,u_591260f8ef3c96d2,1,2,official,principal
5570,0,1,0.9906304609428906,probability_native,0.9906304609428906,u_591260f8ef3c96d2,1,2,official,principal
4642,1,0,3.63614371722138e-15,probability_native,3.63614371722138e-15,u_591260f8ef3c96d2,1,2,official,principal
2277,1,1,0.8590607363429258,probability_native,0.8590607363429258,u_591260f8ef3c96d2,1,2,official,principal
6330,0,1,0.9787704324585821,probability_native,0.9787704324585821,u_591260f8ef3c96d2,1,2,official,principal
5576,1,1,0.9873509134193452,probability_native,0.9873509134193452,u_591260f8ef3c96d2,1,2,official,principal
6913,0,0,0.00016361692136853325,probability_native,0.00016361692136853325,u_591260f8ef3c96d2,1,2,official,principal
2745,1,1,0.9999922744170014,probability_native,0.9999922744170014,u_591260f8ef3c96d2,1,2,official,principal
1874,0,0,3.5199679350280297e-15,probability_native,3.5199679350280297e-15,u_591260f8ef3c96d2,1,2,official,principal
2638,1,0,0.03377492838998834,probability_native,0.03377492838998834,u_591260f8ef3c96d2,1,2,official,principal
6079,0,1,0.9753641053208194,probability_native,0.9753641053208194,u_591260f8ef3c96d2,1,2,official,principal
782,0,0,0.01159711927909504,probability_native,0.01159711927909504,u_591260f8ef3c96d2,1,2,official,principal
3602,0,1,0.6545217842714989,probability_native,0.6545217842714989,u_591260f8ef3c96d2,1,2,official,principal
6282,0,0,2.8891025147742217e-18,probability_native,2.8891025147742217e-18,u_591260f8ef3c96d2,1,2,official,principal
2404,0,0,0.0006783177035350003,probability_native,0.0006783177035350003,u_591260f8ef3c96d2,1,2,official,principal
332,0,0,0.058867442046051606,probability_native,0.058867442046051606,u_591260f8ef3c96d2,1,2,official,principal
2127,1,0,0.001729011869128694,probability_native,0.001729011869128694,u_591260f8ef3c96d2,1,2,official,principal
6047,0,1,0.9895646546995411,probability_native,0.9895646546995411,u_591260f8ef3c96d2,1,2,official,principal
5038,0,0,6.381218498239907e-06,probability_native,6.381218498239907e-06,u_591260f8ef3c96d2,1,2,official,principal
2959,0,0,0.38603254867152814,probability_native,0.38603254867152814,u_591260f8ef3c96d2,1,2,official,principal
1778,0,0,1.6279666823319332e-19,probability_native,1.6279666823319332e-19,u_591260f8ef3c96d2,1,2,official,principal
6896,1,1,0.8620471713584325,probability_native,0.8620471713584325,u_591260f8ef3c96d2,1,2,official,principal
5169,0,0,0.0005234751003133352,probability_native,0.0005234751003133352,u_591260f8ef3c96d2,1,2,official,principal
6888,0,1,0.9994480864266017,probability_native,0.9994480864266017,u_591260f8ef3c96d2,1,2,official,principal
6055,0,1,0.9994455592146391,probability_native,0.9994455592146391,u_591260f8ef3c96d2,1,2,official,principal
6744,0,0,0.0005311410453007074,probability_native,0.0005311410453007074,u_591260f8ef3c96d2,1,2,official,principal
3364,1,1,0.9981059094941036,probability_native,0.9981059094941036,u_591260f8ef3c96d2,1,2,official,principal
3226,0,0,0.00028192557624980973,probability_native,0.00028192557624980973,u_591260f8ef3c96d2,1,2,official,principal
6869,1,0,3.1819102608002656e-05,probability_native,3.1819102608002656e-05,u_591260f8ef3c96d2,1,2,official,principal
2270,1,1,0.9999911364797753,probability_native,0.9999911364797753,u_591260f8ef3c96d2,1,2,official,principal
4173,0,1,0.999970629623199,probability_native,0.999970629623199,u_591260f8ef3c96d2,1,2,official,principal
3817,0,0,2.4850451625531214e-17,probability_native,2.4850451625531214e-17,u_591260f8ef3c96d2,1,2,official,principal
2368,0,0,2.2054234312280788e-16,probability_native,2.2054234312280788e-16,u_591260f8ef3c96d2,1,2,official,principal
4916,0,1,0.9996907498463418,probability_native,0.9996907498463418,u_591260f8ef3c96d2,1,2,official,principal
2191,1,1,0.999997116749899,probability_native,0.999997116749899,u_591260f8ef3c96d2,1,2,official,principal
2790,1,0,4.301024092389324e-12,probability_native,4.301024092389324e-12,u_591260f8ef3c96d2,1,2,official,principal
6660,1,1,0.9998574199267383,probability_native,0.9998574199267383,u_591260f8ef3c96d2,1,2,official,principal
5429,0,0,3.7268397774809123e-16,probability_native,3.7268397774809123e-16,u_591260f8ef3c96d2,1,2,official,principal
3503,0,0,0.06482407220904474,probability_native,0.06482407220904474,u_591260f8ef3c96d2,1,2,official,principal
3310,1,1,0.9999787587458289,probability_native,0.9999787587458289,u_591260f8ef3c96d2,1,2,official,principal
6878,1,1,0.9999802834435827,probability_native,0.9999802834435827,u_591260f8ef3c96d2,1,2,official,principal
4851,1,1,0.999989777071057,probability_native,0.999989777071057,u_591260f8ef3c96d2,1,2,official,principal
719,0,1,0.7663574680620704,probability_native,0.7663574680620704,u_591260f8ef3c96d2,1,2,official,principal
1500,0,0,0.23603971954873942,probability_native,0.23603971954873942,u_591260f8ef3c96d2,1,2,official,principal
4060,0,0,1.1625053880832134e-14,probability_native,1.1625053880832134e-14,u_591260f8ef3c96d2,1,2,official,principal
2342,0,1,0.7995112928176339,probability_native,0.7995112928176339,u_591260f8ef3c96d2,1,2,official,principal
222,0,0,1.1221223950564244e-05,probability_native,1.1221223950564244e-05,u_591260f8ef3c96d2,1,2,official,principal
1323,0,0,8.851483174110557e-17,probability_native,8.851483174110557e-17,u_591260f8ef3c96d2,1,2,official,principal
3366,0,1,0.9519639271411169,probability_native,0.9519639271411169,u_591260f8ef3c96d2,1,2,official,principal
5799,1,1,0.988981176296819,probability_native,0.988981176296819,u_591260f8ef3c96d2,1,2,official,principal
2825,0,0,0.051787795650453744,probability_native,0.051787795650453744,u_591260f8ef3c96d2,1,2,official,principal
3193,0,0,1.0415236034236897e-17,probability_native,1.0415236034236897e-17,u_591260f8ef3c96d2,1,2,official,principal
5154,1,1,0.9882288423471824,probability_native,0.9882288423471824,u_591260f8ef3c96d2,1,2,official,principal
80,1,1,0.9997614961231719,probability_native,0.9997614961231719,u_591260f8ef3c96d2,1,2,official,principal
54,0,0,4.577095005323997e-06,probability_native,4.577095005323997e-06,u_591260f8ef3c96d2,1,2,official,principal
6673,0,1,0.9988624521236984,probability_native,0.9988624521236984,u_591260f8ef3c96d2,1,2,official,principal
2626,0,0,0.00018202825601193988,probability_native,0.00018202825601193988,u_591260f8ef3c96d2,1,2,official,principal
6947,0,0,0.00040656009207536175,probability_native,0.00040656009207536175,u_591260f8ef3c96d2,1,2,official,principal
5985,0,0,0.0005497232809859753,probability_native,0.0005497232809859753,u_591260f8ef3c96d2,1,2,official,principal
6451,0,0,0.00030852801247238426,probability_native,0.00030852801247238426,u_591260f8ef3c96d2,1,2,official,principal
6364,0,0,4.344656386559273e-17,probability_native,4.344656386559273e-17,u_591260f8ef3c96d2,1,2,official,principal
2285,1,1,0.8328567285425721,probability_native,0.8328567285425721,u_591260f8ef3c96d2,1,2,official,principal
6242,0,0,1.0648846409480206e-17,probability_native,1.0648846409480206e-17,u_591260f8ef3c96d2,1,2,official,principal
30,0,0,3.9244507550995124e-15,probability_native,3.9244507550995124e-15,u_591260f8ef3c96d2,1,2,official,principal
673,0,0,0.0004049194085952825,probability_native,0.0004049194085952825,u_591260f8ef3c96d2,1,2,official,principal
684,0,1,0.9939943414798892,probability_native,0.9939943414798892,u_591260f8ef3c96d2,1,2,official,principal
4424,1,0,0.47743280994799997,probability_native,0.47743280994799997,u_591260f8ef3c96d2,1,2,official,principal
1502,0,0,0.02901831971320016,probability_native,0.02901831971320016,u_591260f8ef3c96d2,1,2,official,principal
860,0,0,2.2805858267941202e-07,probability_native,2.2805858267941202e-07,u_591260f8ef3c96d2,1,2,official,principal
5445,0,0,1.517307890880246e-13,probability_native,1.517307890880246e-13,u_591260f8ef3c96d2,1,2,official,principal
3827,0,0,1.7550172801085108e-06,probability_native,1.7550172801085108e-06,u_591260f8ef3c96d2,1,2,official,principal
5014,0,0,0.4926694002447236,probability_native,0.4926694002447236,u_591260f8ef3c96d2,1,2,official,principal
1149,1,1,0.9783291212080192,probability_native,0.9783291212080192,u_591260f8ef3c96d2,1,2,official,principal
6990,0,1,0.996197636462344,probability_native,0.996197636462344,u_591260f8ef3c96d2,1,2,official,principal
1678,0,0,4.780926714315126e-05,probability_native,4.780926714315126e-05,u_591260f8ef3c96d2,1,2,official,principal
6957,0,1,0.9985468739937141,probability_native,0.9985468739937141,u_591260f8ef3c96d2,1,2,official,principal
6575,0,0,0.2300161115146061,probability_native,0.2300161115146061,u_591260f8ef3c96d2,1,2,official,principal
2574,1,1,0.9998757514105449,probability_native,0.9998757514105449,u_591260f8ef3c96d2,1,2,official,principal
5403,0,0,0.356029490669801,probability_native,0.356029490669801,u_591260f8ef3c96d2,1,2,official,principal
3947,0,0,0.13744596247409926,probability_native,0.13744596247409926,u_591260f8ef3c96d2,1,2,official,principal
1357,0,1,0.7357935624253883,probability_native,0.7357935624253883,u_591260f8ef3c96d2,1,2,official,principal
1386,0,0,5.518098587462141e-15,probability_native,5.518098587462141e-15,u_591260f8ef3c96d2,1,2,official,principal
4701,0,1,0.9999796930007989,probability_native,0.9999796930007989,u_591260f8ef3c96d2,1,2,official,principal
3213,0,0,6.337322600569828e-07,probability_native,6.337322600569828e-07,u_591260f8ef3c96d2,1,2,official,principal
6536,0,0,0.22695929762916592,probability_native,0.22695929762916592,u_591260f8ef3c96d2,1,2,official,principal
3406,0,0,8.673986333404852e-07,probability_native,8.673986333404852e-07,u_591260f8ef3c96d2,1,2,official,principal
1078,0,0,1.75047478829719e-11,probability_native,1.75047478829719e-11,u_591260f8ef3c96d2,1,2,official,principal
3849,1,0,7.295811801786267e-13,probability_native,7.295811801786267e-13,u_591260f8ef3c96d2,1,2,official,principal
5307,0,1,0.9996507311143984,probability_native,0.9996507311143984,u_591260f8ef3c96d2,1,2,official,principal
3168,0,0,1.0778696805426235e-06,probability_native,1.0778696805426235e-06,u_591260f8ef3c96d2,1,2,official,principal
4159,0,1,0.9829291533622131,probability_native,0.9829291533622131,u_591260f8ef3c96d2,1,2,official,principal
3865,0,0,7.570441500209692e-05,probability_native,7.570441500209692e-05,u_591260f8ef3c96d2,1,2,official,principal
5549,1,1,0.99963641449209,probability_native,0.99963641449209,u_591260f8ef3c96d2,1,2,official,principal
1647,1,1,0.9953745866182273,probability_native,0.9953745866182273,u_591260f8ef3c96d2,1,2,official,principal
1943,0,1,0.9363307909551221,probability_native,0.9363307909551221,u_591260f8ef3c96d2,1,2,official,principal
1545,0,0,1.2522139290333391e-11,probability_native,1.2522139290333391e-11,u_591260f8ef3c96d2,1,2,official,principal
4980,0,0,2.6404827702278434e-05,probability_native,2.6404827702278434e-05,u_591260f8ef3c96d2,1,2,official,principal
6798,0,1,0.997923587666949,probability_native,0.997923587666949,u_591260f8ef3c96d2,1,2,official,principal
5289,0,0,0.00012736597895422888,probability_native,0.00012736597895422888,u_591260f8ef3c96d2,1,2,official,principal
4463,1,1,0.9999386851870756,probability_native,0.9999386851870756,u_591260f8ef3c96d2,1,2,official,principal
6359,0,0,0.30832933555731407,probability_native,0.30832933555731407,u_591260f8ef3c96d2,1,2,official,principal
4804,0,0,0.002091731038338326,probability_native,0.002091731038338326,u_591260f8ef3c96d2,1,2,official,principal
5182,0,0,8.570996691627052e-07,probability_native,8.570996691627052e-07,u_591260f8ef3c96d2,1,2,official,principal
136,0,1,0.9905852643198172,probability_native,0.9905852643198172,u_591260f8ef3c96d2,1,2,official,principal
3588,0,1,0.8563579518244981,probability_native,0.8563579518244981,u_591260f8ef3c96d2,1,2,official,principal
2166,0,0,0.015838158427569915,probability_native,0.015838158427569915,u_591260f8ef3c96d2,1,2,official,principal
5111,1,1,0.8919304584563665,probability_native,0.8919304584563665,u_591260f8ef3c96d2,1,2,official,principal
4279,0,0,0.000263690427850514,probability_native,0.000263690427850514,u_591260f8ef3c96d2,1,2,official,principal
6767,0,0,0.04212815452454036,probability_native,0.04212815452454036,u_591260f8ef3c96d2,1,2,official,principal
4321,0,1,0.9999075735099706,probability_native,0.9999075735099706,u_591260f8ef3c96d2,1,2,official,principal
1409,0,1,0.9517489336601086,probability_native,0.9517489336601086,u_591260f8ef3c96d2,1,2,official,principal
2060,0,0,6.4348109837819285e-16,probability_native,6.4348109837819285e-16,u_591260f8ef3c96d2,1,2,official,principal
2462,0,0,0.20446693286088835,probability_native,0.20446693286088835,u_591260f8ef3c96d2,1,2,official,principal
5973,0,0,1.036889567970148e-11,probability_native,1.036889567970148e-11,u_591260f8ef3c96d2,1,2,official,principal
289,1,1,0.8620358896970156,probability_native,0.8620358896970156,u_591260f8ef3c96d2,1,2,official,principal
4342,0,0,1.052925310269556e-12,probability_native,1.052925310269556e-12,u_591260f8ef3c96d2,1,2,official,principal
2864,0,1,0.9530034595097886,probability_native,0.9530034595097886,u_591260f8ef3c96d2,1,2,official,principal
2033,1,0,0.0013544692556613088,probability_native,0.0013544692556613088,u_591260f8ef3c96d2,1,2,official,principal
3605,0,1,0.9928612850479394,probability_native,0.9928612850479394,u_591260f8ef3c96d2,1,2,official,principal
280,0,0,0.28173968263569754,probability_native,0.28173968263569754,u_591260f8ef3c96d2,1,2,official,principal
1930,0,0,0.04171291192336478,probability_native,0.04171291192336478,u_591260f8ef3c96d2,1,2,official,principal
4222,0,0,6.921611240212207e-05,probability_native,6.921611240212207e-05,u_591260f8ef3c96d2,1,2,official,principal
839,0,0,1.3109974597241971e-17,probability_native,1.3109974597241971e-17,u_591260f8ef3c96d2,1,2,official,principal
6275,0,0,3.870740412399903e-15,probability_native,3.870740412399903e-15,u_591260f8ef3c96d2,1,2,official,principal
506,0,1,0.9824737949383276,probability_native,0.9824737949383276,u_591260f8ef3c96d2,1,2,official,principal
5434,0,1,0.8718432639722541,probability_native,0.8718432639722541,u_591260f8ef3c96d2,1,2,official,principal
6526,1,0,0.028210539892208886,probability_native,0.028210539892208886,u_591260f8ef3c96d2,1,2,official,principal
5295,0,1,0.7778171280351175,probability_native,0.7778171280351175,u_591260f8ef3c96d2,1,2,official,principal
2703,1,1,0.981792828095019,probability_native,0.981792828095019,u_591260f8ef3c96d2,1,2,official,principal
2537,0,0,2.3072295609735686e-15,probability_native,2.3072295609735686e-15,u_591260f8ef3c96d2,1,2,official,principal
824,0,0,3.4758105539282854e-17,probability_native,3.4758105539282854e-17,u_591260f8ef3c96d2,1,2,official,principal
908,0,0,3.568567342016379e-05,probability_native,3.568567342016379e-05,u_591260f8ef3c96d2,1,2,official,principal
6823,0,1,0.9350769330195142,probability_native,0.9350769330195142,u_591260f8ef3c96d2,1,2,official,principal
3210,0,0,1.3828585664398362e-06,probability_native,1.3828585664398362e-06,u_591260f8ef3c96d2,1,2,official,principal
25,0,1,0.7117555347798997,probability_native,0.7117555347798997,u_591260f8ef3c96d2,1,2,official,principal
2379,1,1,0.9970033490865964,probability_native,0.9970033490865964,u_591260f8ef3c96d2,1,2,official,principal
6078,0,0,0.0016108537118268553,probability_native,0.0016108537118268553,u_591260f8ef3c96d2,1,2,official,principal
6325,1,1,0.6686195898645214,probability_native,0.6686195898645214,u_591260f8ef3c96d2,1,2,official,principal
1257,0,0,0.13947936912189218,probability_native,0.13947936912189218,u_591260f8ef3c96d2,1,2,official,principal
6216,0,0,2.28137546388791e-17,probability_native,2.28137546388791e-17,u_591260f8ef3c96d2,1,2,official,principal
4116,0,0,2.5050398900492337e-07,probability_native,2.5050398900492337e-07,u_591260f8ef3c96d2,1,2,official,principal
3746,1,1,0.9998639419150626,probability_native,0.9998639419150626,u_591260f8ef3c96d2,1,2,official,principal
6844,0,1,0.8349690952739518,probability_native,0.8349690952739518,u_591260f8ef3c96d2,1,2,official,principal
6893,1,0,0.007505176474017973,probability_native,0.007505176474017973,u_591260f8ef3c96d2,1,2,official,principal
1524,0,0,0.07528850786687143,probability_native,0.07528850786687143,u_591260f8ef3c96d2,1,2,official,principal
2196,0,0,1.0729013923553923e-05,probability_native,1.0729013923553923e-05,u_591260f8ef3c96d2,1,2,official,principal
2621,0,0,4.09506486505554e-15,probability_native,4.09506486505554e-15,u_591260f8ef3c96d2,1,2,official,principal
379,0,1,0.5966174069212862,probability_native,0.5966174069212862,u_591260f8ef3c96d2,1,2,official,principal
3929,0,0,0.003591553827410299,probability_native,0.003591553827410299,u_591260f8ef3c96d2,1,2,official,principal
7026,1,1,0.9896712665072285,probability_native,0.9896712665072285,u_591260f8ef3c96d2,1,2,official,principal
3221,0,1,0.8519341619527163,probability_native,0.8519341619527163,u_591260f8ef3c96d2,1,2,official,principal
2366,1,1,0.9999905001697929,probability_native,0.9999905001697929,u_591260f8ef3c96d2,1,2,official,principal
6255,0,0,0.00023167590698144286,probability_native,0.00023167590698144286,u_591260f8ef3c96d2,1,2,official,principal
5638,1,0,0.007482678681022642,probability_native,0.007482678681022642,u_591260f8ef3c96d2,1,2,official,principal
6606,1,1,0.9948137454391306,probability_native,0.9948137454391306,u_591260f8ef3c96d2,1,2,official,principal
1796,0,1,0.6616225856044848,probability_native,0.6616225856044848,u_591260f8ef3c96d2,1,2,official,principal
2682,1,1,0.9209603417884841,probability_native,0.9209603417884841,u_591260f8ef3c96d2,1,2,official,principal
6517,0,1,0.9626283011945505,probability_native,0.9626283011945505,u_591260f8ef3c96d2,1,2,official,principal
1217,0,0,9.919269791887049e-08,probability_native,9.919269791887049e-08,u_591260f8ef3c96d2,1,2,official,principal
5124,0,0,6.249240017494032e-18,probability_native,6.249240017494032e-18,u_591260f8ef3c96d2,1,2,official,principal
5856,0,1,0.9549343959533215,probability_native,0.9549343959533215,u_591260f8ef3c96d2,1,2,official,principal
5136,0,1,0.9998308075573962,probability_native,0.9998308075573962,u_591260f8ef3c96d2,1,2,official,principal
398,0,1,0.985945320914365,probability_native,0.985945320914365,u_591260f8ef3c96d2,1,2,official,principal
918,0,1,0.9998440606514839,probability_native,0.9998440606514839,u_591260f8ef3c96d2,1,2,official,principal
6759,0,0,0.1443488885828271,probability_native,0.1443488885828271,u_591260f8ef3c96d2,1,2,official,principal
3562,1,1,0.9999922464343789,probability_native,0.9999922464343789,u_591260f8ef3c96d2,1,2,official,principal
3120,0,0,8.00637547134043e-18,probability_native,8.00637547134043e-18,u_591260f8ef3c96d2,1,2,official,principal
5290,0,0,5.3412632251234614e-17,probability_native,5.3412632251234614e-17,u_591260f8ef3c96d2,1,2,official,principal
4617,0,0,0.0057489741237333565,probability_native,0.0057489741237333565,u_591260f8ef3c96d2,1,2,official,principal
1642,0,0,5.690343762582879e-05,probability_native,5.690343762582879e-05,u_591260f8ef3c96d2,1,2,official,principal
5104,0,0,7.195272283212908e-17,probability_native,7.195272283212908e-17,u_591260f8ef3c96d2,1,2,official,principal
4807,0,0,1.7034432509996737e-14,probability_native,1.7034432509996737e-14,u_591260f8ef3c96d2,1,2,official,principal
5800,0,1,0.9973317445091069,probability_native,0.9973317445091069,u_591260f8ef3c96d2,1,2,official,principal
3558,0,0,0.20496592975580394,probability_native,0.20496592975580394,u_591260f8ef3c96d2,1,2,official,principal
6819,1,1,0.9979775877365489,probability_native,0.9979775877365489,u_591260f8ef3c96d2,1,2,official,principal
5644,1,1,0.9991299092262987,probability_native,0.9991299092262987,u_591260f8ef3c96d2,1,2,official,principal
4138,1,1,0.9999549490461055,probability_native,0.9999549490461055,u_591260f8ef3c96d2,1,2,official,principal
460,0,0,2.744661992578845e-05,probability_native,2.744661992578845e-05,u_591260f8ef3c96d2,1,2,official,principal
3199,0,0,6.874815882271354e-17,probability_native,6.874815882271354e-17,u_591260f8ef3c96d2,1,2,official,principal
2332,0,0,0.00042408919447588976,probability_native,0.00042408919447588976,u_591260f8ef3c96d2,1,2,official,principal
5682,0,1,0.9259283939643398,probability_native,0.9259283939643398,u_591260f8ef3c96d2,1,2,official,principal
6859,0,0,7.864852534931547e-16,probability_native,7.864852534931547e-16,u_591260f8ef3c96d2,1,2,official,principal
2418,0,1,0.9996828289429478,probability_native,0.9996828289429478,u_591260f8ef3c96d2,1,2,official,principal
6784,0,0,0.001662329641828925,probability_native,0.001662329641828925,u_591260f8ef3c96d2,1,2,official,principal
6035,1,0,0.05416521087933437,probability_native,0.05416521087933437,u_591260f8ef3c96d2,1,2,official,principal
2929,0,0,6.269183972952944e-07,probability_native,6.269183972952944e-07,u_591260f8ef3c96d2,1,2,official,principal
2177,0,0,2.515568333225682e-14,probability_native,2.515568333225682e-14,u_591260f8ef3c96d2,1,2,official,principal
2632,0,0,1.265459368685094e-12,probability_native,1.265459368685094e-12,u_591260f8ef3c96d2,1,2,official,principal
4787,0,0,0.17040167234137601,probability_native,0.17040167234137601,u_591260f8ef3c96d2,1,2,official,principal
1976,1,1,0.9999976751315198,probability_native,0.9999976751315198,u_591260f8ef3c96d2,1,2,official,principal
762,1,1,0.9998558029600173,probability_native,0.9998558029600173,u_591260f8ef3c96d2,1,2,official,principal
5757,0,0,0.0008594437504645814,probability_native,0.0008594437504645814,u_591260f8ef3c96d2,1,2,official,principal
2977,0,0,0.0012570409794917536,probability_native,0.0012570409794917536,u_591260f8ef3c96d2,1,2,official,principal
2215,0,0,1.1796708230963766e-15,probability_native,1.1796708230963766e-15,u_591260f8ef3c96d2,1,2,official,principal
5042,0,0,5.5964437525728893e-08,probability_native,5.5964437525728893e-08,u_591260f8ef3c96d2,1,2,official,principal
3572,0,1,0.9999790059928262,probability_native,0.9999790059928262,u_591260f8ef3c96d2,1,2,official,principal
565,0,0,4.834209546703114e-17,probability_native,4.834209546703114e-17,u_591260f8ef3c96d2,1,2,official,principal
4888,0,0,0.2868780283465096,probability_native,0.2868780283465096,u_591260f8ef3c96d2,1,2,official,principal
2948,1,1,0.9998854470107896,probability_native,0.9998854470107896,u_591260f8ef3c96d2,1,2,official,principal
1979,0,0,3.9239028188215276e-17,probability_native,3.9239028188215276e-17,u_591260f8ef3c96d2,1,2,official,principal
2406,1,1,0.9999623015235125,probability_native,0.9999623015235125,u_591260f8ef3c96d2,1,2,official,principal
1344,0,0,6.278039129978463e-05,probability_native,6.278039129978463e-05,u_591260f8ef3c96d2,1,2,official,principal
6953,1,1,0.9999946854099364,probability_native,0.9999946854099364,u_591260f8ef3c96d2,1,2,official,principal
6052,0,0,3.1367696429208125e-14,probability_native,3.1367696429208125e-14,u_591260f8ef3c96d2,1,2,official,principal
6296,0,0,0.0005049512108917535,probability_native,0.0005049512108917535,u_591260f8ef3c96d2,1,2,official,principal
2309,0,0,8.312139236615328e-13,probability_native,8.312139236615328e-13,u_591260f8ef3c96d2,1,2,official,principal
6790,0,0,3.2876266002534645e-16,probability_native,3.2876266002534645e-16,u_591260f8ef3c96d2,1,2,official,principal
89,0,0,0.16145923706831267,probability_native,0.16145923706831267,u_591260f8ef3c96d2,1,2,official,principal
3594,0,1,0.9486577322855,probability_native,0.9486577322855,u_591260f8ef3c96d2,1,2,official,principal
3033,0,0,1.153713383909492e-13,probability_native,1.153713383909492e-13,u_591260f8ef3c96d2,1,2,official,principal
2979,0,0,0.10929063257708341,probability_native,0.10929063257708341,u_591260f8ef3c96d2,1,2,official,principal
5893,0,0,3.080310388802609e-16,probability_native,3.080310388802609e-16,u_591260f8ef3c96d2,1,2,official,principal
2966,0,1,0.9995121139682821,probability_native,0.9995121139682821,u_591260f8ef3c96d2,1,2,official,principal
1741,0,1,0.9936611633230542,probability_native,0.9936611633230542,u_591260f8ef3c96d2,1,2,official,principal
5126,0,0,0.34545725992021264,probability_native,0.34545725992021264,u_591260f8ef3c96d2,1,2,official,principal
2096,1,0,0.00737141240509158,probability_native,0.00737141240509158,u_591260f8ef3c96d2,1,2,official,principal
5712,0,0,0.003131435911769626,probability_native,0.003131435911769626,u_591260f8ef3c96d2,1,2,official,principal
3289,0,1,0.9825189736915052,probability_native,0.9825189736915052,u_591260f8ef3c96d2,1,2,official,principal
1091,0,0,0.1081001879509604,probability_native,0.1081001879509604,u_591260f8ef3c96d2,1,2,official,principal
5305,0,0,1.0659762099843464e-12,probability_native,1.0659762099843464e-12,u_591260f8ef3c96d2,1,2,official,principal
5391,0,0,0.009667849878871763,probability_native,0.009667849878871763,u_591260f8ef3c96d2,1,2,official,principal
5153,0,1,0.9998634710942799,probability_native,0.9998634710942799,u_591260f8ef3c96d2,1,2,official,principal
2288,0,1,0.9986042135747146,probability_native,0.9986042135747146,u_591260f8ef3c96d2,1,2,official,principal
4035,0,0,0.41346751735248327,probability_native,0.41346751735248327,u_591260f8ef3c96d2,1,2,official,principal
937,1,1,0.9993956966431616,probability_native,0.9993956966431616,u_591260f8ef3c96d2,1,2,official,principal
2026,0,0,0.006859386241754182,probability_native,0.006859386241754182,u_591260f8ef3c96d2,1,2,official,principal
3894,0,0,3.80646329243805e-16,probability_native,3.80646329243805e-16,u_591260f8ef3c96d2,1,2,official,principal
5165,1,1,0.9999897792285606,probability_native,0.9999897792285606,u_591260f8ef3c96d2,1,2,official,principal
947,0,1,0.988767030524493,probability_native,0.988767030524493,u_591260f8ef3c96d2,1,2,official,principal
3232,0,0,3.1267108067018466e-05,probability_native,3.1267108067018466e-05,u_591260f8ef3c96d2,1,2,official,principal
4974,1,0,0.15940550252765018,probability_native,0.15940550252765018,u_591260f8ef3c96d2,1,2,official,principal
5152,0,0,3.1678056388036414e-18,probability_native,3.1678056388036414e-18,u_591260f8ef3c96d2,1,2,official,principal
6813,1,0,2.83736021644896e-15,probability_native,2.83736021644896e-15,u_591260f8ef3c96d2,1,2,official,principal
4644,0,1,0.7254930582374525,probability_native,0.7254930582374525,u_591260f8ef3c96d2,1,2,official,principal
1226,0,0,1.9358155028779308e-17,probability_native,1.9358155028779308e-17,u_591260f8ef3c96d2,1,2,official,principal
5210,1,0,0.00463704365853717,probability_native,0.00463704365853717,u_591260f8ef3c96d2,1,2,official,principal
5769,0,0,1.0349960740500233e-14,probability_native,1.0349960740500233e-14,u_591260f8ef3c96d2,1,2,official,principal
5186,1,1,0.9989303378152276,probability_native,0.9989303378152276,u_591260f8ef3c96d2,1,2,official,principal
1372,0,1,0.9903970974480103,probability_native,0.9903970974480103,u_591260f8ef3c96d2,1,2,official,principal
3825,0,0,1.3540246407076027e-18,probability_native,1.3540246407076027e-18,u_591260f8ef3c96d2,1,2,official,principal
104,1,0,1.4995827277114542e-13,probability_native,1.4995827277114542e-13,u_591260f8ef3c96d2,1,2,official,principal
4949,1,1,0.9349469209578015,probability_native,0.9349469209578015,u_591260f8ef3c96d2,1,2,official,principal
1233,0,0,2.6786633819844545e-18,probability_native,2.6786633819844545e-18,u_591260f8ef3c96d2,1,2,official,principal
4634,0,0,0.001656733534641495,probability_native,0.001656733534641495,u_591260f8ef3c96d2,1,2,official,principal
739,0,0,1.7479292631023293e-14,probability_native,1.7479292631023293e-14,u_591260f8ef3c96d2,1,2,official,principal
1663,1,1,0.9990713421738595,probability_native,0.9990713421738595,u_591260f8ef3c96d2,1,2,official,principal
5417,0,0,3.8283816386263366e-13,probability_native,3.8283816386263366e-13,u_591260f8ef3c96d2,1,2,official,principal
6357,1,0,0.002981555828279566,probability_native,0.002981555828279566,u_591260f8ef3c96d2,1,2,official,principal
59,0,0,3.157550094846389e-14,probability_native,3.157550094846389e-14,u_591260f8ef3c96d2,1,2,official,principal
4384,1,1,0.9910177197925946,probability_native,0.9910177197925946,u_591260f8ef3c96d2,1,2,official,principal
5467,0,0,0.0014210230896869321,probability_native,0.0014210230896869321,u_591260f8ef3c96d2,1,2,official,principal
3754,0,0,0.0003055103245476079,probability_native,0.0003055103245476079,u_591260f8ef3c96d2,1,2,official,principal
6870,0,1,0.9962217750339466,probability_native,0.9962217750339466,u_591260f8ef3c96d2,1,2,official,principal
5731,0,0,0.001137833561002889,probability_native,0.001137833561002889,u_591260f8ef3c96d2,1,2,official,principal
2100,0,0,0.01039210015030083,probability_native,0.01039210015030083,u_591260f8ef3c96d2,1,2,official,principal
5843,0,1,0.8986556952975359,probability_native,0.8986556952975359,u_591260f8ef3c96d2,1,2,official,principal
6358,0,0,7.866401796789292e-16,probability_native,7.866401796789292e-16,u_591260f8ef3c96d2,1,2,official,principal
2947,0,0,0.24452648597024762,probability_native,0.24452648597024762,u_591260f8ef3c96d2,1,2,official,principal
6066,1,1,0.9998543520888975,probability_native,0.9998543520888975,u_591260f8ef3c96d2,1,2,official,principal
5599,1,1,0.9419311299804145,probability_native,0.9419311299804145,u_591260f8ef3c96d2,1,2,official,principal
5741,1,1,0.9999435024642817,probability_native,0.9999435024642817,u_591260f8ef3c96d2,1,2,official,principal
3336,0,0,1.1403274378992603e-18,probability_native,1.1403274378992603e-18,u_591260f8ef3c96d2,1,2,official,principal
6708,1,1,0.999991065928549,probability_native,0.999991065928549,u_591260f8ef3c96d2,1,2,official,principal
5454,1,1,0.9999779976026107,probability_native,0.9999779976026107,u_591260f8ef3c96d2,1,2,official,principal
4368,1,1,0.9999944602193467,probability_native,0.9999944602193467,u_591260f8ef3c96d2,1,2,official,principal
2953,1,1,0.9867842122351177,probability_native,0.9867842122351177,u_591260f8ef3c96d2,1,2,official,principal
3181,0,0,2.082771563155508e-15,probability_native,2.082771563155508e-15,u_591260f8ef3c96d2,1,2,official,principal
5353,0,1,0.884223552435474,probability_native,0.884223552435474,u_591260f8ef3c96d2,1,2,official,principal
3919,1,1,0.9999059682905734,probability_native,0.9999059682905734,u_591260f8ef3c96d2,1,2,official,principal
4380,0,0,1.3304997674225626e-17,probability_native,1.3304997674225626e-17,u_591260f8ef3c96d2,1,2,official,principal
6007,0,0,0.00022986530487280663,probability_native,0.00022986530487280663,u_591260f8ef3c96d2,1,2,official,principal
4331,0,0,4.972698678323331e-17,probability_native,4.972698678323331e-17,u_591260f8ef3c96d2,1,2,official,principal
3351,1,1,0.6228730625197273,probability_native,0.6228730625197273,u_591260f8ef3c96d2,1,2,official,principal
6962,1,1,0.9994307335893681,probability_native,0.9994307335893681,u_591260f8ef3c96d2,1,2,official,principal
5873,0,1,0.998799647650988,probability_native,0.998799647650988,u_591260f8ef3c96d2,1,2,official,principal
486,0,1,0.9999577325082013,probability_native,0.9999577325082013,u_591260f8ef3c96d2,1,2,official,principal
2378,1,1,0.9994037521540385,probability_native,0.9994037521540385,u_591260f8ef3c96d2,1,2,official,principal
2958,0,0,8.983758233007232e-05,probability_native,8.983758233007232e-05,u_591260f8ef3c96d2,1,2,official,principal
5112,1,0,0.00034042952879210933,probability_native,0.00034042952879210933,u_591260f8ef3c96d2,1,2,official,principal
1013,0,1,0.9914338974333919,probability_native,0.9914338974333919,u_591260f8ef3c96d2,1,2,official,principal
6868,1,1,0.9999728018824958,probability_native,0.9999728018824958,u_591260f8ef3c96d2,1,2,official,principal
2141,0,0,0.00029792482474080953,probability_native,0.00029792482474080953,u_591260f8ef3c96d2,1,2,official,principal
5306,1,1,0.9991160772019428,probability_native,0.9991160772019428,u_591260f8ef3c96d2,1,2,official,principal
540,0,0,5.217470591545764e-16,probability_native,5.217470591545764e-16,u_591260f8ef3c96d2,1,2,official,principal
2242,0,0,8.802149057051601e-07,probability_native,8.802149057051601e-07,u_591260f8ef3c96d2,1,2,official,principal
5994,1,1,0.9951567480068386,probability_native,0.9951567480068386,u_591260f8ef3c96d2,1,2,official,principal
3257,0,1,0.9978822681072844,probability_native,0.9978822681072844,u_591260f8ef3c96d2,1,2,official,principal
5641,0,0,4.829344324803675e-07,probability_native,4.829344324803675e-07,u_591260f8ef3c96d2,1,2,official,principal
1,0,0,0.0008493178235818806,probability_native,0.0008493178235818806,u_591260f8ef3c96d2,1,2,official,principal
2269,1,1,0.9939515252476443,probability_native,0.9939515252476443,u_591260f8ef3c96d2,1,2,official,principal
6617,0,0,0.0009996921799077041,probability_native,0.0009996921799077041,u_591260f8ef3c96d2,1,2,official,principal
4762,0,1,0.9836013882947652,probability_native,0.9836013882947652,u_591260f8ef3c96d2,1,2,official,principal
3017,0,0,5.333113357559051e-05,probability_native,5.333113357559051e-05,u_591260f8ef3c96d2,1,2,official,principal
1203,0,0,3.040812794494548e-17,probability_native,3.040812794494548e-17,u_591260f8ef3c96d2,1,2,official,principal
410,1,1,0.9999879421770844,probability_native,0.9999879421770844,u_591260f8ef3c96d2,1,2,official,principal
1591,0,0,7.178825348282238e-05,probability_native,7.178825348282238e-05,u_591260f8ef3c96d2,1,2,official,principal
2660,0,0,0.07316831325464972,probability_native,0.07316831325464972,u_591260f8ef3c96d2,1,2,official,principal
5426,0,0,2.5063413083031105e-12,probability_native,2.5063413083031105e-12,u_591260f8ef3c96d2,1,2,official,principal
877,0,0,8.11877734079907e-06,probability_native,8.11877734079907e-06,u_591260f8ef3c96d2,1,2,official,principal
1839,0,0,7.987998891211818e-16,probability_native,7.987998891211818e-16,u_591260f8ef3c96d2,1,2,official,principal
862,1,1,0.9999233064233899,probability_native,0.9999233064233899,u_591260f8ef3c96d2,1,2,official,principal
3318,1,0,0.1555856909660867,probability_native,0.1555856909660867,u_591260f8ef3c96d2,1,2,official,principal
5537,0,0,3.2678853219491924e-14,probability_native,3.2678853219491924e-14,u_591260f8ef3c96d2,1,2,official,principal
1919,1,1,0.8433193009349157,probability_native,0.8433193009349157,u_591260f8ef3c96d2,1,2,official,principal
4276,1,1,0.9617872117434036,probability_native,0.9617872117434036,u_591260f8ef3c96d2,1,2,official,principal
509,0,0,0.0003158167141776532,probability_native,0.0003158167141776532,u_591260f8ef3c96d2,1,2,official,principal
624,1,0,0.0011296241345649571,probability_native,0.0011296241345649571,u_591260f8ef3c96d2,1,2,official,principal
2151,0,0,2.238264539346594e-16,probability_native,2.238264539346594e-16,u_591260f8ef3c96d2,1,2,official,principal
2532,0,1,0.6475924168082923,probability_native,0.6475924168082923,u_591260f8ef3c96d2,1,2,official,principal
2203,0,0,4.057841181128533e-07,probability_native,4.057841181128533e-07,u_591260f8ef3c96d2,1,2,official,principal
6736,0,0,1.99734448165475e-18,probability_native,1.99734448165475e-18,u_591260f8ef3c96d2,1,2,official,principal
2912,0,1,0.999872005363237,probability_native,0.999872005363237,u_591260f8ef3c96d2,1,2,official,principal
1964,0,0,0.0002220126969511989,probability_native,0.0002220126969511989,u_591260f8ef3c96d2,1,2,official,principal
566,0,0,0.015747152352299183,probability_native,0.015747152352299183,u_591260f8ef3c96d2,1,2,official,principal
159,0,0,1.7442940565095266e-15,probability_native,1.7442940565095266e-15,u_591260f8ef3c96d2,1,2,official,principal
235,1,1,0.9726350250812121,probability_native,0.9726350250812121,u_591260f8ef3c96d2,1,2,official,principal
3393,0,0,8.369534870899651e-13,probability_native,8.369534870899651e-13,u_591260f8ef3c96d2,1,2,official,principal
2183,0,1,0.5657615585988336,probability_native,0.5657615585988336,u_591260f8ef3c96d2,1,2,official,principal
1320,0,0,0.0004559854690264272,probability_native,0.0004559854690264272,u_591260f8ef3c96d2,1,2,official,principal
1779,0,1,0.9992730263660844,probability_native,0.9992730263660844,u_591260f8ef3c96d2,1,2,official,principal
3696,1,1,0.9711611369888182,probability_native,0.9711611369888182,u_591260f8ef3c96d2,1,2,official,principal
6914,1,1,0.9997249180627279,probability_native,0.9997249180627279,u_591260f8ef3c96d2,1,2,official,principal
1575,1,1,0.927541779708284,probability_native,0.927541779708284,u_591260f8ef3c96d2,1,2,official,principal
6553,0,0,5.710839459266285e-15,probability_native,5.710839459266285e-15,u_591260f8ef3c96d2,1,2,official,principal
2787,0,0,5.913851304690088e-19,probability_native,5.913851304690088e-19,u_591260f8ef3c96d2,1,2,official,principal
6406,0,0,0.43565882213961227,probability_native,0.43565882213961227,u_591260f8ef3c96d2,1,2,official,principal
2717,0,0,7.86847545801818e-17,probability_native,7.86847545801818e-17,u_591260f8ef3c96d2,1,2,official,principal
285,0,0,0.49435973045822956,probability_native,0.49435973045822956,u_591260f8ef3c96d2,1,2,official,principal
1274,0,0,1.7146075413615177e-13,probability_native,1.7146075413615177e-13,u_591260f8ef3c96d2,1,2,official,principal
31,0,1,0.9989497144097957,probability_native,0.9989497144097957,u_591260f8ef3c96d2,1,2,official,principal
5879,0,0,2.3583457033229432e-14,probability_native,2.3583457033229432e-14,u_591260f8ef3c96d2,1,2,official,principal
4987,0,0,1.9187746414101997e-17,probability_native,1.9187746414101997e-17,u_591260f8ef3c96d2,1,2,official,principal
1493,0,1,0.9896837238991375,probability_native,0.9896837238991375,u_591260f8ef3c96d2,1,2,official,principal
6903,0,0,0.1361988987575013,probability_native,0.1361988987575013,u_591260f8ef3c96d2,1,2,official,principal
174,0,0,3.038821372410173e-06,probability_native,3.038821372410173e-06,u_591260f8ef3c96d2,1,2,official,principal
361,0,0,3.4412641398977534e-11,probability_native,3.4412641398977534e-11,u_591260f8ef3c96d2,1,2,official,principal
2882,0,1,0.9997302001967724,probability_native,0.9997302001967724,u_591260f8ef3c96d2,1,2,official,principal
3184,0,0,5.042143760338237e-15,probability_native,5.042143760338237e-15,u_591260f8ef3c96d2,1,2,official,principal
6616,1,1,0.9995596483441623,probability_native,0.9995596483441623,u_591260f8ef3c96d2,1,2,official,principal
3328,0,1,0.9999427924215714,probability_native,0.9999427924215714,u_591260f8ef3c96d2,1,2,official,principal
4751,1,0,0.00012217459739577026,probability_native,0.00012217459739577026,u_591260f8ef3c96d2,1,2,official,principal
5737,0,0,0.17993085584286977,probability_native,0.17993085584286977,u_591260f8ef3c96d2,1,2,official,principal
5009,0,0,1.4606379188050275e-05,probability_native,1.4606379188050275e-05,u_591260f8ef3c96d2,1,2,official,principal
4482,1,1,0.9999576004089406,probability_native,0.9999576004089406,u_591260f8ef3c96d2,1,2,official,principal
5981,0,0,1.4714933075504927e-17,probability_native,1.4714933075504927e-17,u_591260f8ef3c96d2,1,2,official,principal
2619,1,1,0.999457231162533,probability_native,0.999457231162533,u_591260f8ef3c96d2,1,2,official,principal
109,0,0,7.365218213582493e-20,probability_native,7.365218213582493e-20,u_591260f8ef3c96d2,1,2,official,principal
4182,1,1,0.9996282537721529,probability_native,0.9996282537721529,u_591260f8ef3c96d2,1,2,official,principal
2507,0,0,5.3784207637463815e-16,probability_native,5.3784207637463815e-16,u_591260f8ef3c96d2,1,2,official,principal
6172,1,1,0.9998119348960539,probability_native,0.9998119348960539,u_591260f8ef3c96d2,1,2,official,principal
5455,0,0,9.102084768787332e-05,probability_native,9.102084768787332e-05,u_591260f8ef3c96d2,1,2,official,principal
4467,0,0,0.0024384465445930247,probability_native,0.0024384465445930247,u_591260f8ef3c96d2,1,2,official,principal
4167,0,0,0.02998599376295864,probability_native,0.02998599376295864,u_591260f8ef3c96d2,1,2,official,principal
4269,1,0,0.30964110681808865,probability_native,0.30964110681808865,u_591260f8ef3c96d2,1,2,official,principal
847,0,0,4.2827949314164136e-07,probability_native,4.2827949314164136e-07,u_591260f8ef3c96d2,1,2,official,principal
1145,0,1,0.9630320510499462,probability_native,0.9630320510499462,u_591260f8ef3c96d2,1,2,official,principal
1971,0,0,1.6067859148379508e-06,probability_native,1.6067859148379508e-06,u_591260f8ef3c96d2,1,2,official,principal
5827,0,1,0.7564154707952748,probability_native,0.7564154707952748,u_591260f8ef3c96d2,1,2,official,principal
5832,1,1,0.9979597650625222,probability_native,0.9979597650625222,u_591260f8ef3c96d2,1,2,official,principal
1349,0,1,0.9147605478661208,probability_native,0.9147605478661208,u_591260f8ef3c96d2,1,2,official,principal
77,0,0,0.022642361764725904,probability_native,0.022642361764725904,u_591260f8ef3c96d2,1,2,official,principal
1859,1,1,0.9985146936846091,probability_native,0.9985146936846091,u_591260f8ef3c96d2,1,2,official,principal
720,0,0,8.711918764571927e-08,probability_native,8.711918764571927e-08,u_591260f8ef3c96d2,1,2,official,principal
2245,0,0,9.648297037754883e-14,probability_native,9.648297037754883e-14,u_591260f8ef3c96d2,1,2,official,principal
6699,0,0,9.970171635023536e-17,probability_native,9.970171635023536e-17,u_591260f8ef3c96d2,1,2,official,principal
572,0,0,0.002234176200970021,probability_native,0.002234176200970021,u_591260f8ef3c96d2,1,2,official,principal
7014,0,1,0.9996328575125734,probability_native,0.9996328575125734,u_591260f8ef3c96d2,1,2,official,principal
5342,1,1,0.9989413601701788,probability_native,0.9989413601701788,u_591260f8ef3c96d2,1,2,official,principal
3733,0,0,9.647566543592628e-16,probability_native,9.647566543592628e-16,u_591260f8ef3c96d2,1,2,official,principal
1937,0,0,9.80780576855966e-18,probability_native,9.80780576855966e-18,u_591260f8ef3c96d2,1,2,official,principal
4294,0,0,0.12246165062157952,probability_native,0.12246165062157952,u_591260f8ef3c96d2,1,2,official,principal
5861,0,0,6.603559951443679e-17,probability_native,6.603559951443679e-17,u_591260f8ef3c96d2,1,2,official,principal
994,0,0,5.318973153346046e-17,probability_native,5.318973153346046e-17,u_591260f8ef3c96d2,1,2,official,principal
4783,0,0,0.0006059283862777686,probability_native,0.0006059283862777686,u_591260f8ef3c96d2,1,2,official,principal
330,0,0,1.8237967787971456e-17,probability_native,1.8237967787971456e-17,u_591260f8ef3c96d2,1,2,official,principal
5411,1,1,0.9894516400376544,probability_native,0.9894516400376544,u_591260f8ef3c96d2,1,2,official,principal
604,0,0,0.042870242864346604,probability_native,0.042870242864346604,u_591260f8ef3c96d2,1,2,official,principal
6607,1,1,0.8082559625990675,probability_native,0.8082559625990675,u_591260f8ef3c96d2,1,2,official,principal
6176,1,1,0.9993177608813821,probability_native,0.9993177608813821,u_591260f8ef3c96d2,1,2,official,principal
1419,0,0,2.301736974681528e-18,probability_native,2.301736974681528e-18,u_591260f8ef3c96d2,1,2,official,principal
6516,1,1,0.9344120045313932,probability_native,0.9344120045313932,u_591260f8ef3c96d2,1,2,official,principal
2777,0,0,0.005719937158344075,probability_native,0.005719937158344075,u_591260f8ef3c96d2,1,2,official,principal
3343,0,0,5.57076630688047e-06,probability_native,5.57076630688047e-06,u_591260f8ef3c96d2,1,2,official,principal
6524,1,1,0.999340682979634,probability_native,0.999340682979634,u_591260f8ef3c96d2,1,2,official,principal
1167,0,0,0.03983659672671114,probability_native,0.03983659672671114,u_591260f8ef3c96d2,1,2,official,principal
2592,0,0,0.0002478936967289988,probability_native,0.0002478936967289988,u_591260f8ef3c96d2,1,2,official,principal
205,0,0,0.21577639597213233,probability_native,0.21577639597213233,u_591260f8ef3c96d2,1,2,official,principal
4196,0,0,6.639408439571633e-19,probability_native,6.639408439571633e-19,u_591260f8ef3c96d2,1,2,official,principal
4356,0,0,0.0002699347668915523,probability_native,0.0002699347668915523,u_591260f8ef3c96d2,1,2,official,principal
3977,0,0,1.7889667212838508e-15,probability_native,1.7889667212838508e-15,u_591260f8ef3c96d2,1,2,official,principal
6920,0,0,3.4313665039972575e-18,probability_native,3.4313665039972575e-18,u_591260f8ef3c96d2,1,2,official,principal
1085,1,1,0.9999787617811994,probability_native,0.9999787617811994,u_591260f8ef3c96d2,1,2,official,principal
4952,0,1,0.997686736928977,probability_native,0.997686736928977,u_591260f8ef3c96d2,1,2,official,principal
5746,1,1,0.9931572552565,probability_native,0.9931572552565,u_591260f8ef3c96d2,1,2,official,principal
480,0,0,9.951379661065092e-18,probability_native,9.951379661065092e-18,u_591260f8ef3c96d2,1,2,official,principal
6305,1,1,0.9997125569715997,probability_native,0.9997125569715997,u_591260f8ef3c96d2,1,2,official,principal
6651,0,0,0.03155805015667233,probability_native,0.03155805015667233,u_591260f8ef3c96d2,1,2,official,principal
5823,0,0,0.0008306913857320513,probability_native,0.0008306913857320513,u_591260f8ef3c96d2,1,2,official,principal
5146,0,1,0.9988580043590113,probability_native,0.9988580043590113,u_591260f8ef3c96d2,1,2,official,principal
3842,0,1,0.9658510913961571,probability_native,0.9658510913961571,u_591260f8ef3c96d2,1,2,official,principal
2314,0,0,3.544323398063694e-16,probability_native,3.544323398063694e-16,u_591260f8ef3c96d2,1,2,official,principal
3924,1,0,0.03395200276747369,probability_native,0.03395200276747369,u_591260f8ef3c96d2,1,2,official,principal
6450,0,0,5.942667052257634e-18,probability_native,5.942667052257634e-18,u_591260f8ef3c96d2,1,2,official,principal
3135,1,1,0.9998186765838535,probability_native,0.9998186765838535,u_591260f8ef3c96d2,1,2,official,principal
550,0,0,6.76997038055068e-15,probability_native,6.76997038055068e-15,u_591260f8ef3c96d2,1,2,official,principal
1982,0,0,2.5549313995538716e-05,probability_native,2.5549313995538716e-05,u_591260f8ef3c96d2,1,2,official,principal
2158,0,0,3.9846817245504527e-14,probability_native,3.9846817245504527e-14,u_591260f8ef3c96d2,1,2,official,principal
2169,0,0,1.3905598326851097e-15,probability_native,1.3905598326851097e-15,u_591260f8ef3c96d2,1,2,official,principal
200,0,0,0.0038386505662337386,probability_native,0.0038386505662337386,u_591260f8ef3c96d2,1,2,official,principal
5632,0,0,4.747180544552995e-18,probability_native,4.747180544552995e-18,u_591260f8ef3c96d2,1,2,official,principal
4189,0,0,1.604265988280488e-07,probability_native,1.604265988280488e-07,u_591260f8ef3c96d2,1,2,official,principal
1938,0,0,0.000353003942525037,probability_native,0.000353003942525037,u_591260f8ef3c96d2,1,2,official,principal
3607,0,0,0.0004279746919368681,probability_native,0.0004279746919368681,u_591260f8ef3c96d2,1,2,official,principal
2916,0,0,0.0017502598491579175,probability_native,0.0017502598491579175,u_591260f8ef3c96d2,1,2,official,principal
5645,0,0,0.00017512679045113245,probability_native,0.00017512679045113245,u_591260f8ef3c96d2,1,2,official,principal
2706,1,1,0.9991106249209127,probability_native,0.9991106249209127,u_591260f8ef3c96d2,1,2,official,principal
1668,0,1,0.8333781503772452,probability_native,0.8333781503772452,u_591260f8ef3c96d2,1,2,official,principal
6380,0,1,0.9955745624230274,probability_native,0.9955745624230274,u_591260f8ef3c96d2,1,2,official,principal
464,0,0,2.0263577600198118e-14,probability_native,2.0263577600198118e-14,u_591260f8ef3c96d2,1,2,official,principal
3308,0,0,1.7406889128965425e-16,probability_native,1.7406889128965425e-16,u_591260f8ef3c96d2,1,2,official,principal
6341,1,1,0.9997074913179748,probability_native,0.9997074913179748,u_591260f8ef3c96d2,1,2,official,principal
2116,1,1,0.9953536872938525,probability_native,0.9953536872938525,u_591260f8ef3c96d2,1,2,official,principal
3241,1,0,0.0003071405215484722,probability_native,0.0003071405215484722,u_591260f8ef3c96d2,1,2,official,principal
3645,0,0,0.00022481925480909344,probability_native,0.00022481925480909344,u_591260f8ef3c96d2,1,2,official,principal
5525,0,0,3.6116468365749824e-07,probability_native,3.6116468365749824e-07,u_591260f8ef3c96d2,1,2,official,principal
2128,0,0,0.010027004106020828,probability_native,0.010027004106020828,u_591260f8ef3c96d2,1,2,official,principal
6797,0,1,0.9955761164065894,probability_native,0.9955761164065894,u_591260f8ef3c96d2,1,2,official,principal
6762,1,1,0.8289701220892081,probability_native,0.8289701220892081,u_591260f8ef3c96d2,1,2,official,principal
633,0,0,1.3973054726702054e-06,probability_native,1.3973054726702054e-06,u_591260f8ef3c96d2,1,2,official,principal
1612,1,0,0.003964182956333208,probability_native,0.003964182956333208,u_591260f8ef3c96d2,1,2,official,principal
5904,0,0,0.11296664101467181,probability_native,0.11296664101467181,u_591260f8ef3c96d2,1,2,official,principal
6856,0,0,5.806597297334298e-19,probability_native,5.806597297334298e-19,u_591260f8ef3c96d2,1,2,official,principal
1181,1,1,0.9986636244879723,probability_native,0.9986636244879723,u_591260f8ef3c96d2,1,2,official,principal
5495,1,1,0.999371458678561,probability_native,0.999371458678561,u_591260f8ef3c96d2,1,2,official,principal
6277,1,0,0.0002537379432688562,probability_native,0.0002537379432688562,u_591260f8ef3c96d2,1,2,official,principal
2306,0,1,0.9999355193731829,probability_native,0.9999355193731829,u_591260f8ef3c96d2,1,2,official,principal
1094,0,0,0.0025428217869769044,probability_native,0.0025428217869769044,u_591260f8ef3c96d2,1,2,official,principal
2872,0,0,1.2287795705067677e-16,probability_native,1.2287795705067677e-16,u_591260f8ef3c96d2,1,2,official,principal
4777,0,0,0.396103197960326,probability_native,0.396103197960326,u_591260f8ef3c96d2,1,2,official,principal
3189,0,0,1.0883345979804058e-05,probability_native,1.0883345979804058e-05,u_591260f8ef3c96d2,1,2,official,principal
4591,0,0,0.03315658209696888,probability_native,0.03315658209696888,u_591260f8ef3c96d2,1,2,official,principal
1908,0,0,1.964881590512443e-18,probability_native,1.964881590512443e-18,u_591260f8ef3c96d2,1,2,official,principal
2560,1,1,0.990556527070955,probability_native,0.990556527070955,u_591260f8ef3c96d2,1,2,official,principal
4616,0,1,0.9434668553690508,probability_native,0.9434668553690508,u_591260f8ef3c96d2,1,2,official,principal
3859,0,0,0.27493448220734584,probability_native,0.27493448220734584,u_591260f8ef3c96d2,1,2,official,principal
780,0,0,9.330399766950935e-16,probability_native,9.330399766950935e-16,u_591260f8ef3c96d2,1,2,official,principal
4720,0,0,0.1254601307682958,probability_native,0.1254601307682958,u_591260f8ef3c96d2,1,2,official,principal
858,0,0,0.0004733282557172592,probability_native,0.0004733282557172592,u_591260f8ef3c96d2,1,2,official,principal
1521,0,0,0.0017180142593358782,probability_native,0.0017180142593358782,u_591260f8ef3c96d2,1,2,official,principal
1319,1,0,0.0001508350945141421,probability_native,0.0001508350945141421,u_591260f8ef3c96d2,1,2,official,principal
3161,0,0,1.5691073565424794e-06,probability_native,1.5691073565424794e-06,u_591260f8ef3c96d2,1,2,official,principal
4181,0,1,0.9924945131786406,probability_native,0.9924945131786406,u_591260f8ef3c96d2,1,2,official,principal
5114,0,1,0.9971138638159677,probability_native,0.9971138638159677,u_591260f8ef3c96d2,1,2,official,principal
5064,1,0,0.03922668959352137,probability_native,0.03922668959352137,u_591260f8ef3c96d2,1,2,official,principal
1882,0,0,0.1150656897346597,probability_native,0.1150656897346597,u_591260f8ef3c96d2,1,2,official,principal
1301,0,0,4.990249235585059e-17,probability_native,4.990249235585059e-17,u_591260f8ef3c96d2,1,2,official,principal
5366,0,0,1.3174108944801736e-13,probability_native,1.3174108944801736e-13,u_591260f8ef3c96d2,1,2,official,principal
677,1,1,0.9902221522490835,probability_native,0.9902221522490835,u_591260f8ef3c96d2,1,2,official,principal
1944,1,0,0.03505624670006333,probability_native,0.03505624670006333,u_591260f8ef3c96d2,1,2,official,principal
693,1,1,0.9971292586153809,probability_native,0.9971292586153809,u_591260f8ef3c96d2,1,2,official,principal
1914,0,1,0.9881856363504467,probability_native,0.9881856363504467,u_591260f8ef3c96d2,1,2,official,principal
6960,0,1,0.9997355897964365,probability_native,0.9997355897964365,u_591260f8ef3c96d2,1,2,official,principal
141,1,1,0.8735035349647273,probability_native,0.8735035349647273,u_591260f8ef3c96d2,1,2,official,principal
4515,0,1,0.9994571250760134,probability_native,0.9994571250760134,u_591260f8ef3c96d2,1,2,official,principal
5683,1,1,0.9859150985404743,probability_native,0.9859150985404743,u_591260f8ef3c96d2,1,2,official,principal
1542,0,0,4.658021931791312e-15,probability_native,4.658021931791312e-15,u_591260f8ef3c96d2,1,2,official,principal
5073,0,0,0.0013282227612419326,probability_native,0.0013282227612419326,u_591260f8ef3c96d2,1,2,official,principal
261,1,1,0.9999871417422117,probability_native,0.9999871417422117,u_591260f8ef3c96d2,1,2,official,principal
2658,0,0,8.16427733898788e-18,probability_native,8.16427733898788e-18,u_591260f8ef3c96d2,1,2,official,principal
5192,0,0,1.6626115475581366e-18,probability_native,1.6626115475581366e-18,u_591260f8ef3c96d2,1,2,official,principal
2852,0,0,6.670798348109301e-15,probability_native,6.670798348109301e-15,u_591260f8ef3c96d2,1,2,official,principal
2994,0,0,6.306550762927836e-17,probability_native,6.306550762927836e-17,u_591260f8ef3c96d2,1,2,official,principal
2839,0,0,1.0564259587510885e-17,probability_native,1.0564259587510885e-17,u_591260f8ef3c96d2,1,2,official,principal
1983,0,0,0.0005942500256939121,probability_native,0.0005942500256939121,u_591260f8ef3c96d2,1,2,official,principal
1437,0,1,0.8108859997423303,probability_native,0.8108859997423303,u_591260f8ef3c96d2,1,2,official,principal
2901,0,0,1.5472934886336952e-13,probability_native,1.5472934886336952e-13,u_591260f8ef3c96d2,1,2,official,principal
220,1,1,0.999935021969967,probability_native,0.999935021969967,u_591260f8ef3c96d2,1,2,official,principal
759,0,0,1.9769561831957094e-15,probability_native,1.9769561831957094e-15,u_591260f8ef3c96d2,1,2,official,principal
2153,0,1,0.9994907203531067,probability_native,0.9994907203531067,u_591260f8ef3c96d2,1,2,official,principal
2394,0,0,0.00508880134473818,probability_native,0.00508880134473818,u_591260f8ef3c96d2,1,2,official,principal
39,1,1,0.9998036370576479,probability_native,0.9998036370576479,u_591260f8ef3c96d2,1,2,official,principal
668,1,1,0.8771890577391933,probability_native,0.8771890577391933,u_591260f8ef3c96d2,1,2,official,principal
4772,0,0,7.74357831744525e-06,probability_native,7.74357831744525e-06,u_591260f8ef3c96d2,1,2,official,principal
2065,0,1,0.9995737936510105,probability_native,0.9995737936510105,u_591260f8ef3c96d2,1,2,official,principal
1754,0,0,0.0002798405022117357,probability_native,0.0002798405022117357,u_591260f8ef3c96d2,1,2,official,principal
6756,0,1,0.9999021605008114,probability_native,0.9999021605008114,u_591260f8ef3c96d2,1,2,official,principal
2599,0,0,4.153954604563237e-16,probability_native,4.153954604563237e-16,u_591260f8ef3c96d2,1,2,official,principal
5565,1,1,0.9651401207465251,probability_native,0.9651401207465251,u_591260f8ef3c96d2,1,2,official,principal
1132,1,1,0.9992362380021454,probability_native,0.9992362380021454,u_591260f8ef3c96d2,1,2,official,principal
2441,0,1,0.999495334223417,probability_native,0.999495334223417,u_591260f8ef3c96d2,1,2,official,principal
3243,0,1,0.9805677679716842,probability_native,0.9805677679716842,u_591260f8ef3c96d2,1,2,official,principal
4260,0,0,0.0033145699633888733,probability_native,0.0033145699633888733,u_591260f8ef3c96d2,1,2,official,principal
432,0,1,0.9268640140910334,probability_native,0.9268640140910334,u_591260f8ef3c96d2,1,2,official,principal
4146,1,1,0.9995666090042472,probability_native,0.9995666090042472,u_591260f8ef3c96d2,1,2,official,principal
2971,0,0,4.1287401320974556e-17,probability_native,4.1287401320974556e-17,u_591260f8ef3c96d2,1,2,official,principal
855,1,0,0.15925341117283529,probability_native,0.15925341117283529,u_591260f8ef3c96d2,1,2,official,principal
1581,0,0,0.09883671814858869,probability_native,0.09883671814858869,u_591260f8ef3c96d2,1,2,official,principal
1550,0,1,0.9999728894838289,probability_native,0.9999728894838289,u_591260f8ef3c96d2,1,2,official,principal
1715,0,0,2.1403076951229776e-18,probability_native,2.1403076951229776e-18,u_591260f8ef3c96d2,1,2,official,principal
732,0,1,0.9953016709771871,probability_native,0.9953016709771871,u_591260f8ef3c96d2,1,2,official,principal
239,0,0,1.4006834111996548e-16,probability_native,1.4006834111996548e-16,u_591260f8ef3c96d2,1,2,official,principal
1243,1,1,0.993890637764847,probability_native,0.993890637764847,u_591260f8ef3c96d2,1,2,official,principal
2741,1,1,0.9999966542838031,probability_native,0.9999966542838031,u_591260f8ef3c96d2,1,2,official,principal
4421,0,1,0.9478558998942714,probability_native,0.9478558998942714,u_591260f8ef3c96d2,1,2,official,principal
6033,1,1,0.9999822396351321,probability_native,0.9999822396351321,u_591260f8ef3c96d2,1,2,official,principal
6082,1,1,0.9733638007659469,probability_native,0.9733638007659469,u_591260f8ef3c96d2,1,2,official,principal
3219,0,0,1.3303124507534068e-17,probability_native,1.3303124507534068e-17,u_591260f8ef3c96d2,1,2,official,principal
3053,0,0,1.0064449824926173e-13,probability_native,1.0064449824926173e-13,u_591260f8ef3c96d2,1,2,official,principal
4091,0,1,0.602634500891606,probability_native,0.602634500891606,u_591260f8ef3c96d2,1,2,official,principal
2751,0,0,0.04037944097345217,probability_native,0.04037944097345217,u_591260f8ef3c96d2,1,2,official,principal
5790,0,1,0.754898242034402,probability_native,0.754898242034402,u_591260f8ef3c96d2,1,2,official,principal
1463,1,1,0.9997341263880316,probability_native,0.9997341263880316,u_591260f8ef3c96d2,1,2,official,principal
3086,0,1,0.9959227069392625,probability_native,0.9959227069392625,u_591260f8ef3c96d2,1,2,official,principal
648,1,1,0.9999675793299362,probability_native,0.9999675793299362,u_591260f8ef3c96d2,1,2,official,principal
204,0,1,0.8253607948280872,probability_native,0.8253607948280872,u_591260f8ef3c96d2,1,2,official,principal
1384,1,1,0.9997262000607093,probability_native,0.9997262000607093,u_591260f8ef3c96d2,1,2,official,principal
4746,1,1,0.9999632455950902,probability_native,0.9999632455950902,u_591260f8ef3c96d2,1,2,official,principal
3421,0,0,6.4432465012741695e-15,probability_native,6.4432465012741695e-15,u_591260f8ef3c96d2,1,2,official,principal
957,0,1,0.932815849523155,probability_native,0.932815849523155,u_591260f8ef3c96d2,1,2,official,principal
2387,0,1,0.9997424066101076,probability_native,0.9997424066101076,u_591260f8ef3c96d2,1,2,official,principal
1679,0,1,0.9546259166867768,probability_native,0.9546259166867768,u_591260f8ef3c96d2,1,2,official,principal
4578,0,1,0.8979748399318416,probability_native,0.8979748399318416,u_591260f8ef3c96d2,1,2,official,principal
2578,1,1,0.9959324202392639,probability_native,0.9959324202392639,u_591260f8ef3c96d2,1,2,official,principal
1148,1,1,0.9999864855147312,probability_native,0.9999864855147312,u_591260f8ef3c96d2,1,2,official,principal
4679,0,0,7.310508133545336e-15,probability_native,7.310508133545336e-15,u_591260f8ef3c96d2,1,2,official,principal
926,1,1,0.9999863764737966,probability_native,0.9999863764737966,u_591260f8ef3c96d2,1,2,official,principal
4882,0,0,4.493657323439794e-15,probability_native,4.493657323439794e-15,u_591260f8ef3c96d2,1,2,official,principal
781,0,0,0.24090064920910192,probability_native,0.24090064920910192,u_591260f8ef3c96d2,1,2,official,principal
4102,0,1,0.8895560220188927,probability_native,0.8895560220188927,u_591260f8ef3c96d2,1,2,official,principal
6769,0,0,9.200895832765233e-18,probability_native,9.200895832765233e-18,u_591260f8ef3c96d2,1,2,official,principal
1858,1,1,0.9970280291695764,probability_native,0.9970280291695764,u_591260f8ef3c96d2,1,2,official,principal
1183,0,0,0.31436306854691903,probability_native,0.31436306854691903,u_591260f8ef3c96d2,1,2,official,principal
4217,0,1,0.9999772123329079,probability_native,0.9999772123329079,u_591260f8ef3c96d2,1,2,official,principal
3299,0,0,8.307079463103266e-06,probability_native,8.307079463103266e-06,u_591260f8ef3c96d2,1,2,official,principal
5663,0,1,0.9983214782443482,probability_native,0.9983214782443482,u_591260f8ef3c96d2,1,2,official,principal
5028,0,0,8.736764711260907e-14,probability_native,8.736764711260907e-14,u_591260f8ef3c96d2,1,2,official,principal
3920,0,0,5.5729543419862205e-14,probability_native,5.5729543419862205e-14,u_591260f8ef3c96d2,1,2,official,principal
425,0,1,0.896612929593009,probability_native,0.896612929593009,u_591260f8ef3c96d2,1,2,official,principal
4846,0,1,0.9980780843380351,probability_native,0.9980780843380351,u_591260f8ef3c96d2,1,2,official,principal
6013,0,1,0.7852269623980115,probability_native,0.7852269623980115,u_591260f8ef3c96d2,1,2,official,principal
1367,0,1,0.9984285788306926,probability_native,0.9984285788306926,u_591260f8ef3c96d2,1,2,official,principal
4366,0,1,0.9961239444773642,probability_native,0.9961239444773642,u_591260f8ef3c96d2,1,2,official,principal
2214,1,1,0.9999163004387622,probability_native,0.9999163004387622,u_591260f8ef3c96d2,1,2,official,principal
2057,1,1,0.9342125358767414,probability_native,0.9342125358767414,u_591260f8ef3c96d2,1,2,official,principal
1974,1,1,0.9998812155217736,probability_native,0.9998812155217736,u_591260f8ef3c96d2,1,2,official,principal
5318,0,0,8.435431376318729e-16,probability_native,8.435431376318729e-16,u_591260f8ef3c96d2,1,2,official,principal
725,0,0,0.00364913403936306,probability_native,0.00364913403936306,u_591260f8ef3c96d2,1,2,official,principal
3323,0,0,1.608640038540636e-05,probability_native,1.608640038540636e-05,u_591260f8ef3c96d2,1,2,official,principal
3403,0,0,9.464705666464858e-05,probability_native,9.464705666464858e-05,u_591260f8ef3c96d2,1,2,official,principal
5802,0,1,0.9882300412256327,probability_native,0.9882300412256327,u_591260f8ef3c96d2,1,2,official,principal
5047,0,1,0.9774762558545251,probability_native,0.9774762558545251,u_591260f8ef3c96d2,1,2,official,principal
3620,0,1,0.9054272501068966,probability_native,0.9054272501068966,u_591260f8ef3c96d2,1,2,official,principal
2115,0,0,4.664878151016246e-14,probability_native,4.664878151016246e-14,u_591260f8ef3c96d2,1,2,official,principal
6099,0,0,2.570159216587019e-18,probability_native,2.570159216587019e-18,u_591260f8ef3c96d2,1,2,official,principal
5309,0,0,1.8632676980343605e-18,probability_native,1.8632676980343605e-18,u_591260f8ef3c96d2,1,2,official,principal
1655,1,0,0.250519769968973,probability_native,0.250519769968973,u_591260f8ef3c96d2,1,2,official,principal
5191,0,0,4.688430450316518e-15,probability_native,4.688430450316518e-15,u_591260f8ef3c96d2,1,2,official,principal
6347,0,1,0.9987547326391472,probability_native,0.9987547326391472,u_591260f8ef3c96d2,1,2,official,principal
151,1,1,0.9982171401163029,probability_native,0.9982171401163029,u_591260f8ef3c96d2,1,2,official,principal
508,1,1,0.9933062535134333,probability_native,0.9933062535134333,u_591260f8ef3c96d2,1,2,official,principal
562,0,0,0.04842022003243641,probability_native,0.04842022003243641,u_591260f8ef3c96d2,1,2,official,principal
5772,0,0,1.0904063411382985e-14,probability_native,1.0904063411382985e-14,u_591260f8ef3c96d2,1,2,official,principal
1355,0,0,0.027635647943570648,probability_native,0.027635647943570648,u_591260f8ef3c96d2,1,2,official,principal
6546,0,1,0.9729769723089661,probability_native,0.9729769723089661,u_591260f8ef3c96d2,1,2,official,principal
6441,0,0,0.003741267553257957,probability_native,0.003741267553257957,u_591260f8ef3c96d2,1,2,official,principal
5180,0,0,5.984385926724473e-17,probability_native,5.984385926724473e-17,u_591260f8ef3c96d2,1,2,official,principal
3045,0,0,0.1784373723079357,probability_native,0.1784373723079357,u_591260f8ef3c96d2,1,2,official,principal
3204,0,0,1.023133946910537e-06,probability_native,1.023133946910537e-06,u_591260f8ef3c96d2,1,2,official,principal
2413,0,0,1.0809580254830006e-16,probability_native,1.0809580254830006e-16,u_591260f8ef3c96d2,1,2,official,principal
5084,0,0,2.5566876778429776e-07,probability_native,2.5566876778429776e-07,u_591260f8ef3c96d2,1,2,official,principal
7010,1,1,0.9999856099540835,probability_native,0.9999856099540835,u_591260f8ef3c96d2,1,2,official,principal
6787,0,1,0.9313893864126472,probability_native,0.9313893864126472,u_591260f8ef3c96d2,1,2,official,principal
3962,1,1,0.9999907641702939,probability_native,0.9999907641702939,u_591260f8ef3c96d2,1,2,official,principal
4209,0,0,0.07559914515554919,probability_native,0.07559914515554919,u_591260f8ef3c96d2,1,2,official,principal
1967,1,0,5.888131176141345e-06,probability_native,5.888131176141345e-06,u_591260f8ef3c96d2,1,2,official,principal
2087,1,1,0.7332331015727722,probability_native,0.7332331015727722,u_591260f8ef3c96d2,1,2,official,principal
3800,0,0,9.05584001748637e-16,probability_native,9.05584001748637e-16,u_591260f8ef3c96d2,1,2,official,principal
857,1,1,0.9916815512530618,probability_native,0.9916815512530618,u_591260f8ef3c96d2,1,2,official,principal
6671,0,0,3.7991016498918744e-13,probability_native,3.7991016498918744e-13,u_591260f8ef3c96d2,1,2,official,principal
3527,1,1,0.99943864692346,probability_native,0.99943864692346,u_591260f8ef3c96d2,1,2,official,principal
2198,0,0,0.0012402708401858446,probability_native,0.0012402708401858446,u_591260f8ef3c96d2,1,2,official,principal
3224,1,1,0.9986956155322321,probability_native,0.9986956155322321,u_591260f8ef3c96d2,1,2,official,principal
1804,0,0,5.982417092536619e-06,probability_native,5.982417092536619e-06,u_591260f8ef3c96d2,1,2,official,principal
5866,0,0,0.0014452769853940794,probability_native,0.0014452769853940794,u_591260f8ef3c96d2,1,2,official,principal
974,0,0,3.921589070085341e-15,probability_native,3.921589070085341e-15,u_591260f8ef3c96d2,1,2,official,principal
4406,0,0,0.02853675263253801,probability_native,0.02853675263253801,u_591260f8ef3c96d2,1,2,official,principal
5404,0,0,0.0031198546837679373,probability_native,0.0031198546837679373,u_591260f8ef3c96d2,1,2,official,principal
5513,0,0,5.34907963181798e-13,probability_native,5.34907963181798e-13,u_591260f8ef3c96d2,1,2,official,principal
1194,0,1,0.9899246081330559,probability_native,0.9899246081330559,u_591260f8ef3c96d2,1,2,official,principal
4689,0,0,0.011856454514753043,probability_native,0.011856454514753043,u_591260f8ef3c96d2,1,2,official,principal
5468,1,1,0.9999682240528835,probability_native,0.9999682240528835,u_591260f8ef3c96d2,1,2,official,principal
3816,0,0,2.6486360799318505e-13,probability_native,2.6486360799318505e-13,u_591260f8ef3c96d2,1,2,official,principal
4786,0,0,1.6131042406266052e-11,probability_native,1.6131042406266052e-11,u_591260f8ef3c96d2,1,2,official,principal
6621,0,0,6.225066567482506e-19,probability_native,6.225066567482506e-19,u_591260f8ef3c96d2,1,2,official,principal
5380,1,1,0.9999660380527837,probability_native,0.9999660380527837,u_591260f8ef3c96d2,1,2,official,principal
0,0,1,0.9273112317661213,probability_native,0.9273112317661213,u_591260f8ef3c96d2,1,2,official,principal
360,0,0,2.8805225288308167e-05,probability_native,2.8805225288308167e-05,u_591260f8ef3c96d2,1,2,official,principal
4067,0,0,1.0075247797312059e-14,probability_native,1.0075247797312059e-14,u_591260f8ef3c96d2,1,2,official,principal
6741,1,1,0.9999568748991621,probability_native,0.9999568748991621,u_591260f8ef3c96d2,1,2,official,principal
1484,0,0,5.5151156661757964e-11,probability_native,5.5151156661757964e-11,u_591260f8ef3c96d2,1,2,official,principal
2145,0,1,0.9994540439267291,probability_native,0.9994540439267291,u_591260f8ef3c96d2,1,2,official,principal
502,0,0,3.297430829534474e-05,probability_native,3.297430829534474e-05,u_591260f8ef3c96d2,1,2,official,principal
2391,0,1,0.999592150208853,probability_native,0.999592150208853,u_591260f8ef3c96d2,1,2,official,principal
6841,0,0,0.24753345836050072,probability_native,0.24753345836050072,u_591260f8ef3c96d2,1,2,official,principal
735,0,0,0.014413417453985094,probability_native,0.014413417453985094,u_591260f8ef3c96d2,1,2,official,principal
1813,0,1,0.9973578928342063,probability_native,0.9973578928342063,u_591260f8ef3c96d2,1,2,official,principal
6609,1,0,0.0013401580869646056,probability_native,0.0013401580869646056,u_591260f8ef3c96d2,1,2,official,principal
1667,0,0,3.431820132023221e-06,probability_native,3.431820132023221e-06,u_591260f8ef3c96d2,1,2,official,principal
2243,0,1,0.9972629448794128,probability_native,0.9972629448794128,u_591260f8ef3c96d2,1,2,official,principal
4106,1,1,0.9999868720907041,probability_native,0.9999868720907041,u_591260f8ef3c96d2,1,2,official,principal
4779,0,1,0.9998656942250148,probability_native,0.9998656942250148,u_591260f8ef3c96d2,1,2,official,principal
5668,0,1,0.9995214762820769,probability_native,0.9995214762820769,u_591260f8ef3c96d2,1,2,official,principal
1264,0,0,7.579135749033327e-15,probability_native,7.579135749033327e-15,u_591260f8ef3c96d2,1,2,official,principal
3,0,0,1.9459098201269488e-05,probability_native,1.9459098201269488e-05,u_591260f8ef3c96d2,1,2,official,principal
2705,0,0,2.0899127458769816e-17,probability_native,2.0899127458769816e-17,u_591260f8ef3c96d2,1,2,official,principal
3175,1,1,0.9994376829031236,probability_native,0.9994376829031236,u_591260f8ef3c96d2,1,2,official,principal
2831,1,1,0.9999661483945137,probability_native,0.9999661483945137,u_591260f8ef3c96d2,1,2,official,principal
3677,0,0,0.05277869145304535,probability_native,0.05277869145304535,u_591260f8ef3c96d2,1,2,official,principal
4896,0,1,0.9085346188743005,probability_native,0.9085346188743005,u_591260f8ef3c96d2,1,2,official,principal
986,0,1,0.9522672789770424,probability_native,0.9522672789770424,u_591260f8ef3c96d2,1,2,official,principal
4434,0,1,0.9769127988036749,probability_native,0.9769127988036749,u_591260f8ef3c96d2,1,2,official,principal
5865,0,0,0.0001751676907676469,probability_native,0.0001751676907676469,u_591260f8ef3c96d2,1,2,official,principal
4742,0,0,2.42344573827658e-17,probability_native,2.42344573827658e-17,u_591260f8ef3c96d2,1,2,official,principal
4502,1,1,0.9993085694587984,probability_native,0.9993085694587984,u_591260f8ef3c96d2,1,2,official,principal
3294,1,1,0.9727684217632568,probability_native,0.9727684217632568,u_591260f8ef3c96d2,1,2,official,principal
4237,1,1,0.9996497108530031,probability_native,0.9996497108530031,u_591260f8ef3c96d2,1,2,official,principal
2721,1,1,0.999992906922489,probability_native,0.999992906922489,u_591260f8ef3c96d2,1,2,official,principal
4886,0,0,2.2328304905908536e-06,probability_native,2.2328304905908536e-06,u_591260f8ef3c96d2,1,2,official,principal
647,0,0,0.006385939111798394,probability_native,0.006385939111798394,u_591260f8ef3c96d2,1,2,official,principal
6601,0,0,8.681759838227585e-15,probability_native,8.681759838227585e-15,u_591260f8ef3c96d2,1,2,official,principal
6071,0,0,2.0502060160128552e-14,probability_native,2.0502060160128552e-14,u_591260f8ef3c96d2,1,2,official,principal
6448,1,0,0.1791963213176371,probability_native,0.1791963213176371,u_591260f8ef3c96d2,1,2,official,principal
6811,1,1,0.9928842859784809,probability_native,0.9928842859784809,u_591260f8ef3c96d2,1,2,official,principal
91,0,1,0.9996223173319791,probability_native,0.9996223173319791,u_591260f8ef3c96d2,1,2,official,principal
2,1,1,0.6325531826887513,probability_native,0.6325531826887513,u_591260f8ef3c96d2,1,2,official,principal
6612,1,1,0.972118294603406,probability_native,0.972118294603406,u_591260f8ef3c96d2,1,2,official,principal
2524,0,0,1.878600486103938e-19,probability_native,1.878600486103938e-19,u_591260f8ef3c96d2,1,2,official,principal
2835,0,0,6.739537610272274e-05,probability_native,6.739537610272274e-05,u_591260f8ef3c96d2,1,2,official,principal
3637,1,0,0.0002568347206030865,probability_native,0.0002568347206030865,u_591260f8ef3c96d2,1,2,official,principal
2356,0,1,0.519168844956975,probability_native,0.519168844956975,u_591260f8ef3c96d2,1,2,official,principal
630,1,1,0.8494029989596628,probability_native,0.8494029989596628,u_591260f8ef3c96d2,1,2,official,principal
4702,0,0,0.3287260375664087,probability_native,0.3287260375664087,u_591260f8ef3c96d2,1,2,official,principal
1057,1,1,0.9880754847796168,probability_native,0.9880754847796168,u_591260f8ef3c96d2,1,2,official,principal
1749,0,1,0.9947665944242257,probability_native,0.9947665944242257,u_591260f8ef3c96d2,1,2,official,principal
3285,0,0,5.644378226571059e-16,probability_native,5.644378226571059e-16,u_591260f8ef3c96d2,1,2,official,principal
6248,0,0,8.526827753854063e-16,probability_native,8.526827753854063e-16,u_591260f8ef3c96d2,1,2,official,principal
6089,1,1,0.9999862690322818,probability_native,0.9999862690322818,u_591260f8ef3c96d2,1,2,official,principal
3829,1,1,0.9998479806202784,probability_native,0.9998479806202784,u_591260f8ef3c96d2,1,2,official,principal
394,0,1,0.9999443807301756,probability_native,0.9999443807301756,u_591260f8ef3c96d2,1,2,official,principal
4623,0,1,0.9533415723067292,probability_native,0.9533415723067292,u_591260f8ef3c96d2,1,2,official,principal
76,0,0,0.004001215339955065,probability_native,0.004001215339955065,u_591260f8ef3c96d2,1,2,official,principal
920,0,0,4.025919714313818e-07,probability_native,4.025919714313818e-07,u_591260f8ef3c96d2,1,2,official,principal
4884,0,1,0.965660070351212,probability_native,0.965660070351212,u_591260f8ef3c96d2,1,2,official,principal
5256,1,0,5.151970146412874e-13,probability_native,5.151970146412874e-13,u_591260f8ef3c96d2,1,2,official,principal
6343,0,0,4.757907738184604e-07,probability_native,4.757907738184604e-07,u_591260f8ef3c96d2,1,2,official,principal
1903,0,1,0.9999805895599382,probability_native,0.9999805895599382,u_591260f8ef3c96d2,1,2,official,principal
4975,0,0,1.479847316721025e-12,probability_native,1.479847316721025e-12,u_591260f8ef3c96d2,1,2,official,principal
2630,0,0,9.178690971762791e-15,probability_native,9.178690971762791e-15,u_591260f8ef3c96d2,1,2,official,principal
5094,0,0,0.0052579100264753915,probability_native,0.0052579100264753915,u_591260f8ef3c96d2,1,2,official,principal
3609,0,0,0.4538847048167478,probability_native,0.4538847048167478,u_591260f8ef3c96d2,1,2,official,principal
6837,0,1,0.9999945706220028,probability_native,0.9999945706220028,u_591260f8ef3c96d2,1,2,official,principal
6403,0,0,4.3025613482931493e-16,probability_native,4.3025613482931493e-16,u_591260f8ef3c96d2,1,2,official,principal
1820,0,1,0.7845844435025663,probability_native,0.7845844435025663,u_591260f8ef3c96d2,1,2,official,principal
1602,1,1,0.99992791738506,probability_native,0.99992791738506,u_591260f8ef3c96d2,1,2,official,principal
1410,1,1,0.9999976553411141,probability_native,0.9999976553411141,u_591260f8ef3c96d2,1,2,official,principal
438,0,1,0.9830743178551028,probability_native,0.9830743178551028,u_591260f8ef3c96d2,1,2,official,principal
4328,0,1,0.9974080390963691,probability_native,0.9974080390963691,u_591260f8ef3c96d2,1,2,official,principal
3912,0,0,7.296721382757339e-17,probability_native,7.296721382757339e-17,u_591260f8ef3c96d2,1,2,official,principal
5933,1,1,0.9999913039950676,probability_native,0.9999913039950676,u_591260f8ef3c96d2,1,2,official,principal
5844,0,1,0.9900984898290368,probability_native,0.9900984898290368,u_591260f8ef3c96d2,1,2,official,principal
1267,0,0,1.3246927415006331e-13,probability_native,1.3246927415006331e-13,u_591260f8ef3c96d2,1,2,official,principal
4911,0,0,6.500051299307309e-15,probability_native,6.500051299307309e-15,u_591260f8ef3c96d2,1,2,official,principal
5554,0,0,5.369659339673897e-17,probability_native,5.369659339673897e-17,u_591260f8ef3c96d2,1,2,official,principal
4420,0,0,9.848849432274194e-05,probability_native,9.848849432274194e-05,u_591260f8ef3c96d2,1,2,official,principal
1053,1,1,0.9594084390469888,probability_native,0.9594084390469888,u_591260f8ef3c96d2,1,2,official,principal
5944,1,0,0.06150442661372344,probability_native,0.06150442661372344,u_591260f8ef3c96d2,1,2,official,principal
3862,0,0,6.7921836722054245e-19,probability_native,6.7921836722054245e-19,u_591260f8ef3c96d2,1,2,official,principal
2369,0,0,1.7653308945536695e-15,probability_native,1.7653308945536695e-15,u_591260f8ef3c96d2,1,2,official,principal
4452,0,0,6.787175770558405e-17,probability_native,6.787175770558405e-17,u_591260f8ef3c96d2,1,2,official,principal
2559,0,0,2.0294026572870132e-14,probability_native,2.0294026572870132e-14,u_591260f8ef3c96d2,1,2,official,principal
3522,0,0,7.384229069932772e-09,probability_native,7.384229069932772e-09,u_591260f8ef3c96d2,1,2,official,principal
4819,1,0,1.1238413145201758e-17,probability_native,1.1238413145201758e-17,u_591260f8ef3c96d2,1,2,official,principal
6535,1,1,0.6991042716959424,probability_native,0.6991042716959424,u_591260f8ef3c96d2,1,2,official,principal
1691,0,0,2.0778919291080836e-19,probability_native,2.0778919291080836e-19,u_591260f8ef3c96d2,1,2,official,principal
892,0,1,0.9965540870129118,probability_native,0.9965540870129118,u_591260f8ef3c96d2,1,2,official,principal
1541,0,0,2.0403208613336866e-17,probability_native,2.0403208613336866e-17,u_591260f8ef3c96d2,1,2,official,principal
1689,0,0,0.009131184964304028,probability_native,0.009131184964304028,u_591260f8ef3c96d2,1,2,official,principal
5967,1,1,0.9704408721822272,probability_native,0.9704408721822272,u_591260f8ef3c96d2,1,2,official,principal
6909,0,0,0.44401907362117576,probability_native,0.44401907362117576,u_591260f8ef3c96d2,1,2,official,principal
5120,1,0,0.01755998644332262,probability_native,0.01755998644332262,u_591260f8ef3c96d2,1,2,official,principal
6764,1,1,0.9999404946740662,probability_native,0.9999404946740662,u_591260f8ef3c96d2,1,2,official,principal
6259,0,0,1.0859682743010832e-14,probability_native,1.0859682743010832e-14,u_591260f8ef3c96d2,1,2,official,principal
229,0,0,1.197841932750491e-15,probability_native,1.197841932750491e-15,u_591260f8ef3c96d2,1,2,official,principal
6287,1,1,0.9999341966535078,probability_native,0.9999341966535078,u_591260f8ef3c96d2,1,2,official,principal
6658,1,1,0.9999670520397251,probability_native,0.9999670520397251,u_591260f8ef3c96d2,1,2,official,principal
399,0,0,5.127844622191904e-08,probability_native,5.127844622191904e-08,u_591260f8ef3c96d2,1,2,official,principal
1830,0,0,1.115307630112431e-17,probability_native,1.115307630112431e-17,u_591260f8ef3c96d2,1,2,official,principal
4194,0,0,7.150852633969156e-18,probability_native,7.150852633969156e-18,u_591260f8ef3c96d2,1,2,official,principal
1227,0,0,0.037945495573127756,probability_native,0.037945495573127756,u_591260f8ef3c96d2,1,2,official,principal
5236,0,1,0.5611890581619161,probability_native,0.5611890581619161,u_591260f8ef3c96d2,1,2,official,principal
1849,1,1,0.9979314033837604,probability_native,0.9979314033837604,u_591260f8ef3c96d2,1,2,official,principal
4221,0,0,8.281841181518089e-05,probability_native,8.281841181518089e-05,u_591260f8ef3c96d2,1,2,official,principal
1134,0,1,0.7880069890168628,probability_native,0.7880069890168628,u_591260f8ef3c96d2,1,2,official,principal
4394,0,1,0.9428212953389189,probability_native,0.9428212953389189,u_591260f8ef3c96d2,1,2,official,principal
2040,0,0,8.299772380014409e-16,probability_native,8.299772380014409e-16,u_591260f8ef3c96d2,1,2,official,principal
2097,0,1,0.9999594859418657,probability_native,0.9999594859418657,u_591260f8ef3c96d2,1,2,official,principal
6178,0,0,2.435661931481397e-16,probability_native,2.435661931481397e-16,u_591260f8ef3c96d2,1,2,official,principal
5419,0,0,6.751111256422223e-13,probability_native,6.751111256422223e-13,u_591260f8ef3c96d2,1,2,official,principal
5257,1,1,0.9999675991003779,probability_native,0.9999675991003779,u_591260f8ef3c96d2,1,2,official,principal
2690,1,1,0.9897842760388625,probability_native,0.9897842760388625,u_591260f8ef3c96d2,1,2,official,principal
3111,1,0,1.0740217739823886e-12,probability_native,1.0740217739823886e-12,u_591260f8ef3c96d2,1,2,official,principal
3870,0,0,0.0013055669817894544,probability_native,0.0013055669817894544,u_591260f8ef3c96d2,1,2,official,principal
615,0,1,0.8610921636306281,probability_native,0.8610921636306281,u_591260f8ef3c96d2,1,2,official,principal
4108,0,0,5.355816683157835e-07,probability_native,5.355816683157835e-07,u_591260f8ef3c96d2,1,2,official,principal
5795,0,1,0.9958762473791724,probability_native,0.9958762473791724,u_591260f8ef3c96d2,1,2,official,principal
4752,0,0,1.0792568322802397e-06,probability_native,1.0792568322802397e-06,u_591260f8ef3c96d2,1,2,official,principal
2018,1,1,0.9678407759593889,probability_native,0.9678407759593889,u_591260f8ef3c96d2,1,2,official,principal
3878,0,0,4.826733810211145e-16,probability_native,4.826733810211145e-16,u_591260f8ef3c96d2,1,2,official,principal
5090,1,1,0.9780254407890595,probability_native,0.9780254407890595,u_591260f8ef3c96d2,1,2,official,principal
6533,0,1,0.9995713488923249,probability_native,0.9995713488923249,u_591260f8ef3c96d2,1,2,official,principal
1481,0,0,8.448456979486261e-18,probability_native,8.448456979486261e-18,u_591260f8ef3c96d2,1,2,official,principal
1046,0,0,2.0883056063692652e-05,probability_native,2.0883056063692652e-05,u_591260f8ef3c96d2,1,2,official,principal
6716,1,1,0.9924851213693652,probability_native,0.9924851213693652,u_591260f8ef3c96d2,1,2,official,principal
697,1,1,0.9714638201090774,probability_native,0.9714638201090774,u_591260f8ef3c96d2,1,2,official,principal
6850,0,0,5.021326917752871e-16,probability_native,5.021326917752871e-16,u_591260f8ef3c96d2,1,2,official,principal
6721,0,0,4.625001496196228e-14,probability_native,4.625001496196228e-14,u_591260f8ef3c96d2,1,2,official,principal
4791,0,0,0.0004365316650857131,probability_native,0.0004365316650857131,u_591260f8ef3c96d2,1,2,official,principal
3619,0,0,8.432853195494081e-17,probability_native,8.432853195494081e-17,u_591260f8ef3c96d2,1,2,official,principal
2047,0,1,0.995680696559501,probability_native,0.995680696559501,u_591260f8ef3c96d2,1,2,official,principal
5253,0,1,0.7341275568221,probability_native,0.7341275568221,u_591260f8ef3c96d2,1,2,official,principal
6392,0,0,0.3774247106981685,probability_native,0.3774247106981685,u_591260f8ef3c96d2,1,2,official,principal
5880,1,1,0.9569900935940976,probability_native,0.9569900935940976,u_591260f8ef3c96d2,1,2,official,principal
5976,0,0,0.26953221814237927,probability_native,0.26953221814237927,u_591260f8ef3c96d2,1,2,official,principal
191,1,1,0.9997471513886955,probability_native,0.9997471513886955,u_591260f8ef3c96d2,1,2,official,principal
4348,1,0,0.0012715608993304607,probability_native,0.0012715608993304607,u_591260f8ef3c96d2,1,2,official,principal
2720,1,1,0.9953581015418905,probability_native,0.9953581015418905,u_591260f8ef3c96d2,1,2,official,principal
600,0,1,0.9323301373284493,probability_native,0.9323301373284493,u_591260f8ef3c96d2,1,2,official,principal
4143,1,1,0.999937785426415,probability_native,0.999937785426415,u_591260f8ef3c96d2,1,2,official,principal
1660,0,0,0.0010466331109847571,probability_native,0.0010466331109847571,u_591260f8ef3c96d2,1,2,official,principal
596,0,0,5.1792646282094455e-15,probability_native,5.1792646282094455e-15,u_591260f8ef3c96d2,1,2,official,principal
6549,1,1,0.9995149235711343,probability_native,0.9995149235711343,u_591260f8ef3c96d2,1,2,official,principal
3971,1,0,8.429913727559745e-17,probability_native,8.429913727559745e-17,u_591260f8ef3c96d2,1,2,official,principal
788,0,0,0.010636092802841841,probability_native,0.010636092802841841,u_591260f8ef3c96d2,1,2,official,principal
5950,0,1,0.7988208247335872,probability_native,0.7988208247335872,u_591260f8ef3c96d2,1,2,official,principal
1686,1,1,0.7310615113545902,probability_native,0.7310615113545902,u_591260f8ef3c96d2,1,2,official,principal
6900,0,1,0.8618955753545634,probability_native,0.8618955753545634,u_591260f8ef3c96d2,1,2,official,principal
865,1,1,0.9539920272039092,probability_native,0.9539920272039092,u_591260f8ef3c96d2,1,2,official,principal
3091,0,0,3.4381699570302773e-06,probability_native,3.4381699570302773e-06,u_591260f8ef3c96d2,1,2,official,principal
111,0,0,7.438729317655768e-06,probability_native,7.438729317655768e-06,u_591260f8ef3c96d2,1,2,official,principal
4283,0,1,0.9999757480766821,probability_native,0.9999757480766821,u_591260f8ef3c96d2,1,2,official,principal
44,0,1,0.8801988696979088,probability_native,0.8801988696979088,u_591260f8ef3c96d2,1,2,official,principal
4602,0,0,8.177142612755873e-17,probability_native,8.177142612755873e-17,u_591260f8ef3c96d2,1,2,official,principal
2680,0,0,9.272364092079737e-17,probability_native,9.272364092079737e-17,u_591260f8ef3c96d2,1,2,official,principal
702,0,1,0.9999203502296132,probability_native,0.9999203502296132,u_591260f8ef3c96d2,1,2,official,principal
6644,0,0,0.24902830618577138,probability_native,0.24902830618577138,u_591260f8ef3c96d2,1,2,official,principal
6005,0,0,0.1332278538361332,probability_native,0.1332278538361332,u_591260f8ef3c96d2,1,2,official,principal
5729,0,0,0.002616652561561555,probability_native,0.002616652561561555,u_591260f8ef3c96d2,1,2,official,principal
5452,0,0,0.0005372449707636187,probability_native,0.0005372449707636187,u_591260f8ef3c96d2,1,2,official,principal
6317,1,1,0.9999295217295402,probability_native,0.9999295217295402,u_591260f8ef3c96d2,1,2,official,principal
4197,0,1,0.9995901334542188,probability_native,0.9995901334542188,u_591260f8ef3c96d2,1,2,official,principal
6785,1,0,9.999774656347245e-15,probability_native,9.999774656347245e-15,u_591260f8ef3c96d2,1,2,official,principal
5598,0,0,2.394811776990367e-09,probability_native,2.394811776990367e-09,u_591260f8ef3c96d2,1,2,official,principal
1113,1,1,0.937134617967394,probability_native,0.937134617967394,u_591260f8ef3c96d2,1,2,official,principal
2263,1,1,0.9160036037805099,probability_native,0.9160036037805099,u_591260f8ef3c96d2,1,2,official,principal
6880,0,0,2.351594493628594e-18,probability_native,2.351594493628594e-18,u_591260f8ef3c96d2,1,2,official,principal
5738,1,0,0.00032386666468839587,probability_native,0.00032386666468839587,u_591260f8ef3c96d2,1,2,official,principal
4549,0,0,0.4544187408973863,probability_native,0.4544187408973863,u_591260f8ef3c96d2,1,2,official,principal
4271,0,0,4.4064628690086787e-08,probability_native,4.4064628690086787e-08,u_591260f8ef3c96d2,1,2,official,principal
5266,0,0,1.831472159277264e-05,probability_native,1.831472159277264e-05,u_591260f8ef3c96d2,1,2,official,principal
1993,1,1,0.9762351085063607,probability_native,0.9762351085063607,u_591260f8ef3c96d2,1,2,official,principal
4082,1,0,0.0014321260984003926,probability_native,0.0014321260984003926,u_591260f8ef3c96d2,1,2,official,principal
4997,1,1,0.9997701359623767,probability_native,0.9997701359623767,u_591260f8ef3c96d2,1,2,official,principal
63,0,0,0.0001740442309776966,probability_native,0.0001740442309776966,u_591260f8ef3c96d2,1,2,official,principal
5853,0,0,0.008161383026887407,probability_native,0.008161383026887407,u_591260f8ef3c96d2,1,2,official,principal
4730,0,1,0.9985281524879027,probability_native,0.9985281524879027,u_591260f8ef3c96d2,1,2,official,principal
4225,0,0,0.00011607561881901119,probability_native,0.00011607561881901119,u_591260f8ef3c96d2,1,2,official,principal
368,0,0,0.002565827589276257,probability_native,0.002565827589276257,u_591260f8ef3c96d2,1,2,official,principal
2407,1,1,0.999870008114331,probability_native,0.999870008114331,u_591260f8ef3c96d2,1,2,official,principal
5118,0,0,0.49662149289729185,probability_native,0.49662149289729185,u_591260f8ef3c96d2,1,2,official,principal
1912,0,0,3.3018652727482314e-07,probability_native,3.3018652727482314e-07,u_591260f8ef3c96d2,1,2,official,principal
4277,0,0,0.0012158961233796263,probability_native,0.0012158961233796263,u_591260f8ef3c96d2,1,2,official,principal
2826,0,0,0.24953431826910882,probability_native,0.24953431826910882,u_591260f8ef3c96d2,1,2,official,principal
6883,0,1,0.7627177271014322,probability_native,0.7627177271014322,u_591260f8ef3c96d2,1,2,official,principal
3578,0,0,0.15477760707294622,probability_native,0.15477760707294622,u_591260f8ef3c96d2,1,2,official,principal
2648,0,1,0.9544883064675025,probability_native,0.9544883064675025,u_591260f8ef3c96d2,1,2,official,principal
2458,0,0,1.960537204906557e-12,probability_native,1.960537204906557e-12,u_591260f8ef3c96d2,1,2,official,principal
2420,0,0,0.0016539204029762265,probability_native,0.0016539204029762265,u_591260f8ef3c96d2,1,2,official,principal
1464,0,0,0.12483746725328822,probability_native,0.12483746725328822,u_591260f8ef3c96d2,1,2,official,principal
3121,1,1,0.9962532788385863,probability_native,0.9962532788385863,u_591260f8ef3c96d2,1,2,official,principal
6360,1,0,0.0014455042909423787,probability_native,0.0014455042909423787,u_591260f8ef3c96d2,1,2,official,principal
6622,1,1,0.991457934664118,probability_native,0.991457934664118,u_591260f8ef3c96d2,1,2,official,principal
5649,0,0,4.868008112927821e-05,probability_native,4.868008112927821e-05,u_591260f8ef3c96d2,1,2,official,principal
4983,1,1,0.9828164863037028,probability_native,0.9828164863037028,u_591260f8ef3c96d2,1,2,official,principal
4149,1,0,2.753617985794236e-13,probability_native,2.753617985794236e-13,u_591260f8ef3c96d2,1,2,official,principal
5405,0,0,0.23268402583511866,probability_native,0.23268402583511866,u_591260f8ef3c96d2,1,2,official,principal
944,0,0,0.27856667613024655,probability_native,0.27856667613024655,u_591260f8ef3c96d2,1,2,official,principal
5074,0,0,8.619116317731434e-09,probability_native,8.619116317731434e-09,u_591260f8ef3c96d2,1,2,official,principal
5285,0,0,4.150323638437001e-15,probability_native,4.150323638437001e-15,u_591260f8ef3c96d2,1,2,official,principal
247,1,1,0.9999726169936273,probability_native,0.9999726169936273,u_591260f8ef3c96d2,1,2,official,principal
5451,0,0,0.00010380333783015318,probability_native,0.00010380333783015318,u_591260f8ef3c96d2,1,2,official,principal
147,1,1,0.9986292043903707,probability_native,0.9986292043903707,u_591260f8ef3c96d2,1,2,official,principal
4291,0,0,1.2070024087445508e-15,probability_native,1.2070024087445508e-15,u_591260f8ef3c96d2,1,2,official,principal
152,0,0,5.12058836167862e-06,probability_native,5.12058836167862e-06,u_591260f8ef3c96d2,1,2,official,principal
5127,1,0,0.00015179124313615267,probability_native,0.00015179124313615267,u_591260f8ef3c96d2,1,2,official,principal
488,0,0,1.3047662182522189e-14,probability_native,1.3047662182522189e-14,u_591260f8ef3c96d2,1,2,official,principal
3999,1,1,0.999989333490017,probability_native,0.999989333490017,u_591260f8ef3c96d2,1,2,official,principal
5140,0,1,0.999981254778264,probability_native,0.999981254778264,u_591260f8ef3c96d2,1,2,official,principal
4812,1,1,0.5972904569329059,probability_native,0.5972904569329059,u_591260f8ef3c96d2,1,2,official,principal
5744,0,1,0.569964485947021,probability_native,0.569964485947021,u_591260f8ef3c96d2,1,2,official,principal
4959,1,0,2.226130750333041e-05,probability_native,2.226130750333041e-05,u_591260f8ef3c96d2,1,2,official,principal
2059,0,1,0.9913370494519846,probability_native,0.9913370494519846,u_591260f8ef3c96d2,1,2,official,principal
1680,0,0,7.356438597559083e-08,probability_native,7.356438597559083e-08,u_591260f8ef3c96d2,1,2,official,principal
4747,0,0,2.6097427665600524e-06,probability_native,2.6097427665600524e-06,u_591260f8ef3c96d2,1,2,official,principal
5618,0,0,0.0002414357733821408,probability_native,0.0002414357733821408,u_591260f8ef3c96d2,1,2,official,principal
1434,1,1,0.995073564930472,probability_native,0.995073564930472,u_591260f8ef3c96d2,1,2,official,principal
899,0,0,0.22957270992800605,probability_native,0.22957270992800605,u_591260f8ef3c96d2,1,2,official,principal
1729,0,0,0.0005516594532928149,probability_native,0.0005516594532928149,u_591260f8ef3c96d2,1,2,official,principal
310,0,0,0.005224389568083582,probability_native,0.005224389568083582,u_591260f8ef3c96d2,1,2,official,principal
4668,0,0,0.21176924601119504,probability_native,0.21176924601119504,u_591260f8ef3c96d2,1,2,official,principal
5261,0,0,4.801447785686403e-11,probability_native,4.801447785686403e-11,u_591260f8ef3c96d2,1,2,official,principal
5022,0,0,1.1153668475184345e-17,probability_native,1.1153668475184345e-17,u_591260f8ef3c96d2,1,2,official,principal
5676,0,0,0.0003925042169272844,probability_native,0.0003925042169272844,u_591260f8ef3c96d2,1,2,official,principal
2907,1,1,0.9978549882255474,probability_native,0.9978549882255474,u_591260f8ef3c96d2,1,2,official,principal
6602,0,1,0.5011536269458551,probability_native,0.5011536269458551,u_591260f8ef3c96d2,1,2,official,principal
4389,0,1,0.9948677615755874,probability_native,0.9948677615755874,u_591260f8ef3c96d2,1,2,official,principal
4136,0,0,5.121938528519775e-07,probability_native,5.121938528519775e-07,u_591260f8ef3c96d2,1,2,official,principal
6511,0,0,1.4390125353012528e-14,probability_native,1.4390125353012528e-14,u_591260f8ef3c96d2,1,2,official,principal
2148,0,0,3.479871591865699e-05,probability_native,3.479871591865699e-05,u_591260f8ef3c96d2,1,2,official,principal
4691,1,1,0.9963454158051738,probability_native,0.9963454158051738,u_591260f8ef3c96d2,1,2,official,principal
711,0,1,0.9252050735236121,probability_native,0.9252050735236121,u_591260f8ef3c96d2,1,2,official,principal
5914,0,0,0.04242988371361685,probability_native,0.04242988371361685,u_591260f8ef3c96d2,1,2,official,principal
228,0,1,0.9332299990386463,probability_native,0.9332299990386463,u_591260f8ef3c96d2,1,2,official,principal
4450,1,0,0.47864648505937657,probability_native,0.47864648505937657,u_591260f8ef3c96d2,1,2,official,principal
6293,0,0,1.488811661491732e-17,probability_native,1.488811661491732e-17,u_591260f8ef3c96d2,1,2,official,principal
1212,0,1,0.9999340518529589,probability_native,0.9999340518529589,u_591260f8ef3c96d2,1,2,official,principal
4581,0,0,1.7645887166663002e-17,probability_native,1.7645887166663002e-17,u_591260f8ef3c96d2,1,2,official,principal
5231,1,1,0.9999841649462736,probability_native,0.9999841649462736,u_591260f8ef3c96d2,1,2,official,principal
1939,0,0,0.00017877354499835842,probability_native,0.00017877354499835842,u_591260f8ef3c96d2,1,2,official,principal
2847,0,1,0.9889900778102694,probability_native,0.9889900778102694,u_591260f8ef3c96d2,1,2,official,principal
6415,0,0,0.001454000310015477,probability_native,0.001454000310015477,u_591260f8ef3c96d2,1,2,official,principal
5625,0,0,0.002557959958945068,probability_native,0.002557959958945068,u_591260f8ef3c96d2,1,2,official,principal
2124,1,1,0.9151387456930622,probability_native,0.9151387456930622,u_591260f8ef3c96d2,1,2,official,principal
176,1,1,0.9997633264166426,probability_native,0.9997633264166426,u_591260f8ef3c96d2,1,2,official,principal
6685,0,0,0.2873623552987489,probability_native,0.2873623552987489,u_591260f8ef3c96d2,1,2,official,principal
5761,0,0,2.1519040959053347e-17,probability_native,2.1519040959053347e-17,u_591260f8ef3c96d2,1,2,official,principal
6733,0,0,0.21338390355780285,probability_native,0.21338390355780285,u_591260f8ef3c96d2,1,2,official,principal
2640,0,1,0.9862517222201662,probability_native,0.9862517222201662,u_591260f8ef3c96d2,1,2,official,principal
4525,0,1,0.6480869519964871,probability_native,0.6480869519964871,u_591260f8ef3c96d2,1,2,official,principal
1182,0,1,0.5666376747923422,probability_native,0.5666376747923422,u_591260f8ef3c96d2,1,2,official,principal
528,0,0,3.627399143367798e-18,probability_native,3.627399143367798e-18,u_591260f8ef3c96d2,1,2,official,principal
2126,0,1,0.8598880989591393,probability_native,0.8598880989591393,u_591260f8ef3c96d2,1,2,official,principal
2840,0,0,0.018166688598781292,probability_native,0.018166688598781292,u_591260f8ef3c96d2,1,2,official,principal
1610,0,0,4.90281174518355e-17,probability_native,4.90281174518355e-17,u_591260f8ef3c96d2,1,2,official,principal
6467,0,1,0.9997888448159499,probability_native,0.9997888448159499,u_591260f8ef3c96d2,1,2,official,principal
853,0,1,0.9606866440943546,probability_native,0.9606866440943546,u_591260f8ef3c96d2,1,2,official,principal
2343,0,1,0.9247053759686592,probability_native,0.9247053759686592,u_591260f8ef3c96d2,1,2,official,principal
3141,1,1,0.9862107258035971,probability_native,0.9862107258035971,u_591260f8ef3c96d2,1,2,official,principal
2581,0,0,7.26333253121261e-05,probability_native,7.26333253121261e-05,u_591260f8ef3c96d2,1,2,official,principal
4511,0,0,0.022325491203446797,probability_native,0.022325491203446797,u_591260f8ef3c96d2,1,2,official,principal
5472,0,0,0.05261348853010222,probability_native,0.05261348853010222,u_591260f8ef3c96d2,1,2,official,principal
4711,0,0,6.331446950251326e-07,probability_native,6.331446950251326e-07,u_591260f8ef3c96d2,1,2,official,principal
2727,1,1,0.9999048377756711,probability_native,0.9999048377756711,u_591260f8ef3c96d2,1,2,official,principal
1116,0,0,0.00011050276598986542,probability_native,0.00011050276598986542,u_591260f8ef3c96d2,1,2,official,principal
6781,1,1,0.9978150730898602,probability_native,0.9978150730898602,u_591260f8ef3c96d2,1,2,official,principal
3651,0,0,2.2207066229298542e-17,probability_native,2.2207066229298542e-17,u_591260f8ef3c96d2,1,2,official,principal
4785,1,1,0.9998790449254458,probability_native,0.9998790449254458,u_591260f8ef3c96d2,1,2,official,principal
278,0,1,0.967155572012871,probability_native,0.967155572012871,u_591260f8ef3c96d2,1,2,official,principal
584,0,0,0.0013894100023264188,probability_native,0.0013894100023264188,u_591260f8ef3c96d2,1,2,official,principal
5469,0,1,0.9440120682623968,probability_native,0.9440120682623968,u_591260f8ef3c96d2,1,2,official,principal
6120,0,1,0.9962557632684456,probability_native,0.9962557632684456,u_591260f8ef3c96d2,1,2,official,principal
3230,0,0,5.646173296832403e-19,probability_native,5.646173296832403e-19,u_591260f8ef3c96d2,1,2,official,principal
1348,1,1,0.9999176303825724,probability_native,0.9999176303825724,u_591260f8ef3c96d2,1,2,official,principal
484,1,1,0.9988418789136252,probability_native,0.9988418789136252,u_591260f8ef3c96d2,1,2,official,principal
3170,0,1,0.9361643868409258,probability_native,0.9361643868409258,u_591260f8ef3c96d2,1,2,official,principal
2885,0,0,8.132379759588787e-15,probability_native,8.132379759588787e-15,u_591260f8ef3c96d2,1,2,official,principal
3208,0,0,0.00350615602409746,probability_native,0.00350615602409746,u_591260f8ef3c96d2,1,2,official,principal
3491,0,0,0.0350573616956367,probability_native,0.0350573616956367,u_591260f8ef3c96d2,1,2,official,principal
1959,0,0,0.042943463713885945,probability_native,0.042943463713885945,u_591260f8ef3c96d2,1,2,official,principal
5249,0,0,4.660896571707845e-18,probability_native,4.660896571707845e-18,u_591260f8ef3c96d2,1,2,official,principal
1239,0,0,0.4252373646142933,probability_native,0.4252373646142933,u_591260f8ef3c96d2,1,2,official,principal
6465,0,0,9.434990910262729e-19,probability_native,9.434990910262729e-19,u_591260f8ef3c96d2,1,2,official,principal
1303,0,0,1.503090045849406e-18,probability_native,1.503090045849406e-18,u_591260f8ef3c96d2,1,2,official,principal
2330,0,1,0.8932347519079534,probability_native,0.8932347519079534,u_591260f8ef3c96d2,1,2,official,principal
5167,0,0,1.9694182637043254e-15,probability_native,1.9694182637043254e-15,u_591260f8ef3c96d2,1,2,official,principal
3710,0,0,1.0479555551449982e-07,probability_native,1.0479555551449982e-07,u_591260f8ef3c96d2,1,2,official,principal
1695,0,0,0.0039970375891495,probability_native,0.0039970375891495,u_591260f8ef3c96d2,1,2,official,principal
1021,0,0,7.721582065439576e-05,probability_native,7.721582065439576e-05,u_591260f8ef3c96d2,1,2,official,principal
3788,1,0,1.5531469672686362e-14,probability_native,1.5531469672686362e-14,u_591260f8ef3c96d2,1,2,official,principal
4863,0,0,9.583677698662824e-19,probability_native,9.583677698662824e-19,u_591260f8ef3c96d2,1,2,official,principal
4545,0,1,0.962598748618965,probability_native,0.962598748618965,u_591260f8ef3c96d2,1,2,official,principal
3021,0,0,0.00030134080876293795,probability_native,0.00030134080876293795,u_591260f8ef3c96d2,1,2,official,principal
6552,1,1,0.9999673368712872,probability_native,0.9999673368712872,u_591260f8ef3c96d2,1,2,official,principal
3215,0,1,0.9987076648514177,probability_native,0.9987076648514177,u_591260f8ef3c96d2,1,2,official,principal
6901,0,0,0.033146216851480705,probability_native,0.033146216851480705,u_591260f8ef3c96d2,1,2,official,principal
5148,0,0,1.7332553206228948e-12,probability_native,1.7332553206228948e-12,u_591260f8ef3c96d2,1,2,official,principal
5269,0,1,0.9788087938085125,probability_native,0.9788087938085125,u_591260f8ef3c96d2,1,2,official,principal
4047,0,0,5.960064577522786e-14,probability_native,5.960064577522786e-14,u_591260f8ef3c96d2,1,2,official,principal
6008,0,0,2.453852978190373e-07,probability_native,2.453852978190373e-07,u_591260f8ef3c96d2,1,2,official,principal
240,0,0,2.641467395822036e-14,probability_native,2.641467395822036e-14,u_591260f8ef3c96d2,1,2,official,principal
2873,1,1,0.9997578183048464,probability_native,0.9997578183048464,u_591260f8ef3c96d2,1,2,official,principal
5660,0,0,0.01426015706390129,probability_native,0.01426015706390129,u_591260f8ef3c96d2,1,2,official,principal
3114,0,1,0.9300854428191454,probability_native,0.9300854428191454,u_591260f8ef3c96d2,1,2,official,principal
4516,0,0,3.7834758596953477e-16,probability_native,3.7834758596953477e-16,u_591260f8ef3c96d2,1,2,official,principal
6425,0,0,9.835149649445239e-06,probability_native,9.835149649445239e-06,u_591260f8ef3c96d2,1,2,official,principal
6458,0,1,0.7543378023572636,probability_native,0.7543378023572636,u_591260f8ef3c96d2,1,2,official,principal
3953,1,1,0.9999261883740972,probability_native,0.9999261883740972,u_591260f8ef3c96d2,1,2,official,principal
3675,0,0,0.0003384084738086259,probability_native,0.0003384084738086259,u_591260f8ef3c96d2,1,2,official,principal
4425,0,0,0.05018036187595967,probability_native,0.05018036187595967,u_591260f8ef3c96d2,1,2,official,principal
5990,0,1,0.9979938182845863,probability_native,0.9979938182845863,u_591260f8ef3c96d2,1,2,official,principal
4126,0,0,1.463373674208228e-05,probability_native,1.463373674208228e-05,u_591260f8ef3c96d2,1,2,official,principal
5288,1,1,0.9999714588695966,probability_native,0.9999714588695966,u_591260f8ef3c96d2,1,2,official,principal
6348,0,1,0.9872594976128453,probability_native,0.9872594976128453,u_591260f8ef3c96d2,1,2,official,principal
2422,0,1,0.999989930721073,probability_native,0.999989930721073,u_591260f8ef3c96d2,1,2,official,principal
975,1,0,2.5201348360952633e-13,probability_native,2.5201348360952633e-13,u_591260f8ef3c96d2,1,2,official,principal
573,1,0,0.004122725249770059,probability_native,0.004122725249770059,u_591260f8ef3c96d2,1,2,official,principal
6219,1,1,0.9030688874527082,probability_native,0.9030688874527082,u_591260f8ef3c96d2,1,2,official,principal
1043,1,1,0.9751422771718448,probability_native,0.9751422771718448,u_591260f8ef3c96d2,1,2,official,principal
2529,1,0,0.0012184929308185581,probability_native,0.0012184929308185581,u_591260f8ef3c96d2,1,2,official,principal
1282,0,1,0.9939969584090472,probability_native,0.9939969584090472,u_591260f8ef3c96d2,1,2,official,principal
1340,0,0,1.3422770037817014e-16,probability_native,1.3422770037817014e-16,u_591260f8ef3c96d2,1,2,official,principal
6189,0,0,2.5401697282509206e-17,probability_native,2.5401697282509206e-17,u_591260f8ef3c96d2,1,2,official,principal
5510,0,1,0.9570000607540936,probability_native,0.9570000607540936,u_591260f8ef3c96d2,1,2,official,principal
3354,0,0,2.9212357246087914e-05,probability_native,2.9212357246087914e-05,u_591260f8ef3c96d2,1,2,official,principal
905,1,1,0.9999947722580337,probability_native,0.9999947722580337,u_591260f8ef3c96d2,1,2,official,principal
2735,0,1,0.9991516140929958,probability_native,0.9991516140929958,u_591260f8ef3c96d2,1,2,official,principal
6712,0,1,0.9874889539792198,probability_native,0.9874889539792198,u_591260f8ef3c96d2,1,2,official,principal
4333,0,0,0.12550508143831987,probability_native,0.12550508143831987,u_591260f8ef3c96d2,1,2,official,principal
1514,0,0,3.873570338966928e-19,probability_native,3.873570338966928e-19,u_591260f8ef3c96d2,1,2,official,principal
6608,1,0,0.0024468621652467574,probability_native,0.0024468621652467574,u_591260f8ef3c96d2,1,2,official,principal
135,0,0,1.4910229210475966e-16,probability_native,1.4910229210475966e-16,u_591260f8ef3c96d2,1,2,official,principal
3413,0,1,0.9074966082555469,probability_native,0.9074966082555469,u_591260f8ef3c96d2,1,2,official,principal
219,0,1,0.9997873395097383,probability_native,0.9997873395097383,u_591260f8ef3c96d2,1,2,official,principal
6754,0,0,1.3202849033391765e-13,probability_native,1.3202849033391765e-13,u_591260f8ef3c96d2,1,2,official,principal
6610,0,1,0.9991812139421975,probability_native,0.9991812139421975,u_591260f8ef3c96d2,1,2,official,principal
3549,0,0,7.557999641449292e-16,probability_native,7.557999641449292e-16,u_591260f8ef3c96d2,1,2,official,principal
257,0,0,3.939296705693073e-05,probability_native,3.939296705693073e-05,u_591260f8ef3c96d2,1,2,official,principal
4799,0,0,0.00024120874238625165,probability_native,0.00024120874238625165,u_591260f8ef3c96d2,1,2,official,principal
5248,0,0,1.01934643175624e-14,probability_native,1.01934643175624e-14,u_591260f8ef3c96d2,1,2,official,principal
3965,0,1,0.8715830406491286,probability_native,0.8715830406491286,u_591260f8ef3c96d2,1,2,official,principal
2942,0,0,9.205984927201747e-16,probability_native,9.205984927201747e-16,u_591260f8ef3c96d2,1,2,official,principal
5370,0,1,0.9933963572237562,probability_native,0.9933963572237562,u_591260f8ef3c96d2,1,2,official,principal
4495,1,1,0.9999424750785875,probability_native,0.9999424750785875,u_591260f8ef3c96d2,1,2,official,principal
3932,1,1,0.9999892224240897,probability_native,0.9999892224240897,u_591260f8ef3c96d2,1,2,official,principal
5347,0,0,1.9509140951721528e-16,probability_native,1.9509140951721528e-16,u_591260f8ef3c96d2,1,2,official,principal
5531,0,0,6.009149968363672e-07,probability_native,6.009149968363672e-07,u_591260f8ef3c96d2,1,2,official,principal
1273,0,1,0.9890824667267417,probability_native,0.9890824667267417,u_591260f8ef3c96d2,1,2,official,principal
6318,0,0,8.663867222245067e-06,probability_native,8.663867222245067e-06,u_591260f8ef3c96d2,1,2,official,principal
4284,0,1,0.9999432610111084,probability_native,0.9999432610111084,u_591260f8ef3c96d2,1,2,official,principal
1494,1,0,3.5871071262661645e-07,probability_native,3.5871071262661645e-07,u_591260f8ef3c96d2,1,2,official,principal
2190,0,0,1.0684689397520655e-15,probability_native,1.0684689397520655e-15,u_591260f8ef3c96d2,1,2,official,principal
4808,0,0,1.952089885697519e-13,probability_native,1.952089885697519e-13,u_591260f8ef3c96d2,1,2,official,principal
5926,0,0,0.06508958106662442,probability_native,0.06508958106662442,u_591260f8ef3c96d2,1,2,official,principal
138,0,0,9.238710706336027e-18,probability_native,9.238710706336027e-18,u_591260f8ef3c96d2,1,2,official,principal
1371,1,1,0.9999952266888942,probability_native,0.9999952266888942,u_591260f8ef3c96d2,1,2,official,principal
5357,0,0,6.396199762560284e-18,probability_native,6.396199762560284e-18,u_591260f8ef3c96d2,1,2,official,principal
1009,0,0,0.00032155116129285505,probability_native,0.00032155116129285505,u_591260f8ef3c96d2,1,2,official,principal
3995,1,1,0.8969435320431065,probability_native,0.8969435320431065,u_591260f8ef3c96d2,1,2,official,principal
3483,0,1,0.9987547569696796,probability_native,0.9987547569696796,u_591260f8ef3c96d2,1,2,official,principal
5815,1,1,0.9999951690754384,probability_native,0.9999951690754384,u_591260f8ef3c96d2,1,2,official,principal
1812,0,1,0.8880721215844424,probability_native,0.8880721215844424,u_591260f8ef3c96d2,1,2,official,principal
5493,1,1,0.9999901160656323,probability_native,0.9999901160656323,u_591260f8ef3c96d2,1,2,official,principal
3663,0,1,0.9994419815666254,probability_native,0.9994419815666254,u_591260f8ef3c96d2,1,2,official,principal
3654,0,1,0.7939366576183728,probability_native,0.7939366576183728,u_591260f8ef3c96d2,1,2,official,principal
568,1,1,0.9998469456189347,probability_native,0.9998469456189347,u_591260f8ef3c96d2,1,2,official,principal
5586,0,0,7.970530074170948e-07,probability_native,7.970530074170948e-07,u_591260f8ef3c96d2,1,2,official,principal
1656,0,1,0.8217151853782807,probability_native,0.8217151853782807,u_591260f8ef3c96d2,1,2,official,principal
4257,0,1,0.9830602417716128,probability_native,0.9830602417716128,u_591260f8ef3c96d2,1,2,official,principal
304,0,1,0.9177842016239521,probability_native,0.9177842016239521,u_591260f8ef3c96d2,1,2,official,principal
5239,0,0,2.5399019501958502e-06,probability_native,2.5399019501958502e-06,u_591260f8ef3c96d2,1,2,official,principal
2624,0,0,0.09663119868964407,probability_native,0.09663119868964407,u_591260f8ef3c96d2,1,2,official,principal
4586,0,0,3.060123084504423e-16,probability_native,3.060123084504423e-16,u_591260f8ef3c96d2,1,2,official,principal
939,0,0,0.00024204771124836815,probability_native,0.00024204771124836815,u_591260f8ef3c96d2,1,2,official,principal
4915,0,0,0.38228732973809215,probability_native,0.38228732973809215,u_591260f8ef3c96d2,1,2,official,principal
5846,0,1,0.9998501500461989,probability_native,0.9998501500461989,u_591260f8ef3c96d2,1,2,official,principal
4036,0,0,5.4410131668272296e-05,probability_native,5.4410131668272296e-05,u_591260f8ef3c96d2,1,2,official,principal
6235,1,0,0.018802386092526838,probability_native,0.018802386092526838,u_591260f8ef3c96d2,1,2,official,principal
4314,1,1,0.999987177527491,probability_native,0.999987177527491,u_591260f8ef3c96d2,1,2,official,principal
2545,0,0,1.8261093526071294e-05,probability_native,1.8261093526071294e-05,u_591260f8ef3c96d2,1,2,official,principal
6006,0,0,0.023910794892034473,probability_native,0.023910794892034473,u_591260f8ef3c96d2,1,2,official,principal
1492,1,1,0.9999874545673857,probability_native,0.9999874545673857,u_591260f8ef3c96d2,1,2,official,principal
4332,0,0,1.378897985757652e-15,probability_native,1.378897985757652e-15,u_591260f8ef3c96d2,1,2,official,principal
4093,0,1,0.9901418531191483,probability_native,0.9901418531191483,u_591260f8ef3c96d2,1,2,official,principal
6696,0,1,0.9996436540499467,probability_native,0.9996436540499467,u_591260f8ef3c96d2,1,2,official,principal
