row_id,y_true,y_pred,score_positive,score_type,probability_native,unit_id,outer_fold,replicate,purpose,variant
2986,0,0,0.19355164694907095,probability_native,0.19355164694907095,u_5243d930718e3aba,1,0,official,principal
5427,0,1,0.5560218072352083,probability_native,0.5560218072352083,u_5243d930718e3aba,1,0,official,principal
6234,0,0,0.06807061758421355,probability_native,0.06807061758421355,u_5243d930718e3aba,1,0,official,principal
6937,0,0,0.3608656901092478,probability_native,0.3608656901092478,u_5243d930718e3aba,1,0,official,principal
6491,1,1,0.863270238137135,probability_native,0.863270238137135,u_5243d930718e3aba,1,0,official,principal
478,1,1,0.8676573531417058,probability_native,0.8676573531417058,u_5243d930718e3aba,1,0,official,principal
5704,0,1,0.849534273440449,probability_native,0.849534273440449,u_5243d930718e3aba,1,0,official,principal
4453,1,1,0.9055765852363864,probability_native,0.9055765852363864,u_5243d930718e3aba,1,0,official,principal
2320,0,0,0.061537157470890586,probability_native,0.061537157470890586,u_5243d930718e3aba,1,0,official,principal
4437,0,0,0.28393062222429577,probability_native,0.28393062222429577,u_5243d930718e3aba,1,0,official,principal
3511,0,0,0.05849325131373691,probability_native,0.05849325131373691,u_5243d930718e3aba,1,0,official,principal
3404,0,0,0.10299193162366001,probability_native,0.10299193162366001,u_5243d930718e3aba,1,0,official,principal
1565,0,0,0.49820135874959,probability_native,0.49820135874959,u_5243d930718e3aba,1,0,official,principal
1096,0,0,0.45386493626682656,probability_native,0.45386493626682656,u_5243d930718e3aba,1,0,official,principal
733,0,0,0.07466717806698413,probability_native,0.07466717806698413,u_5243d930718e3aba,1,0,official,principal
6846,1,1,0.8479457155156301,probability_native,0.8479457155156301,u_5243d930718e3aba,1,0,official,principal
6891,0,1,0.5987266257535819,probability_native,0.5987266257535819,u_5243d930718e3aba,1,0,official,principal
3011,0,0,0.13826623696046028,probability_native,0.13826623696046028,u_5243d930718e3aba,1,0,official,principal
6009,1,1,0.7105086654849669,probability_native,0.7105086654849669,u_5243d930718e3aba,1,0,official,principal
4163,0,0,0.05713944293515179,probability_native,0.05713944293515179,u_5243d930718e3aba,1,0,official,principal
5717,0,0,0.06954899797407532,probability_native,0.06954899797407532,u_5243d930718e3aba,1,0,official,principal
6803,0,0,0.2021591727018622,probability_native,0.2021591727018622,u_5243d930718e3aba,1,0,official,principal
1426,0,0,0.1609584163416767,probability_native,0.1609584163416767,u_5243d930718e3aba,1,0,official,principal
3860,0,0,0.4574582082915849,probability_native,0.4574582082915849,u_5243d930718e3aba,1,0,official,principal
810,1,0,0.43585441163962846,probability_native,0.43585441163962846,u_5243d930718e3aba,1,0,official,principal
2936,0,1,0.6977653835202525,probability_native,0.6977653835202525,u_5243d930718e3aba,1,0,official,principal
2205,0,1,0.7027903794732016,probability_native,0.7027903794732016,u_5243d930718e3aba,1,0,official,principal
6563,1,1,0.7183023839887502,probability_native,0.7183023839887502,u_5243d930718e3aba,1,0,official,principal
2997,1,1,0.5367373694931885,probability_native,0.5367373694931885,u_5243d930718e3aba,1,0,official,principal
1265,0,0,0.23338009706551258,probability_native,0.23338009706551258,u_5243d930718e3aba,1,0,official,principal
948,1,1,0.8422268143536242,probability_native,0.8422268143536242,u_5243d930718e3aba,1,0,official,principal
3521,0,0,0.06767815640651187,probability_native,0.06767815640651187,u_5243d930718e3aba,1,0,official,principal
6809,1,1,0.8514470672759946,probability_native,0.8514470672759946,u_5243d930718e3aba,1,0,official,principal
3563,0,1,0.6626460901768302,probability_native,0.6626460901768302,u_5243d930718e3aba,1,0,official,principal
393,0,0,0.25370624884487325,probability_native,0.25370624884487325,u_5243d930718e3aba,1,0,official,principal
2693,0,0,0.026621722897168573,probability_native,0.026621722897168573,u_5243d930718e3aba,1,0,official,principal
3187,0,1,0.6552724277242872,probability_native,0.6552724277242872,u_5243d930718e3aba,1,0,official,principal
6446,0,0,0.1481249654952887,probability_native,0.1481249654952887,u_5243d930718e3aba,1,0,official,principal
3633,0,1,0.8892835613916744,probability_native,0.8892835613916744,u_5243d930718e3aba,1,0,official,principal
5864,0,0,0.05526744399208068,probability_native,0.05526744399208068,u_5243d930718e3aba,1,0,official,principal
4069,0,0,0.14590379673766413,probability_native,0.14590379673766413,u_5243d930718e3aba,1,0,official,principal
3383,1,1,0.8578119442071048,probability_native,0.8578119442071048,u_5243d930718e3aba,1,0,official,principal
6456,0,0,0.18029845740657846,probability_native,0.18029845740657846,u_5243d930718e3aba,1,0,official,principal
1263,1,0,0.45068789065923204,probability_native,0.45068789065923204,u_5243d930718e3aba,1,0,official,principal
272,1,1,0.5787344818576801,probability_native,0.5787344818576801,u_5243d930718e3aba,1,0,official,principal
2070,1,0,0.2126688420690859,probability_native,0.2126688420690859,u_5243d930718e3aba,1,0,official,principal
4842,1,1,0.5813743379312122,probability_native,0.5813743379312122,u_5243d930718e3aba,1,0,official,principal
4872,0,0,0.0704338363774398,probability_native,0.0704338363774398,u_5243d930718e3aba,1,0,official,principal
5272,1,1,0.8924371937913381,probability_native,0.8924371937913381,u_5243d930718e3aba,1,0,official,principal
3646,0,0,0.34438912383071973,probability_native,0.34438912383071973,u_5243d930718e3aba,1,0,official,principal
3935,0,0,0.025323759547696768,probability_native,0.025323759547696768,u_5243d930718e3aba,1,0,official,principal
4788,0,0,0.09445218564084604,probability_native,0.09445218564084604,u_5243d930718e3aba,1,0,official,principal
6124,0,0,0.05251430427757424,probability_native,0.05251430427757424,u_5243d930718e3aba,1,0,official,principal
736,0,0,0.4878987598709454,probability_native,0.4878987598709454,u_5243d930718e3aba,1,0,official,principal
5876,1,1,0.9021172444862711,probability_native,0.9021172444862711,u_5243d930718e3aba,1,0,official,principal
2566,0,0,0.04691587702893409,probability_native,0.04691587702893409,u_5243d930718e3aba,1,0,official,principal
1400,0,0,0.3054585083784862,probability_native,0.3054585083784862,u_5243d930718e3aba,1,0,official,principal
1879,1,1,0.8616330679749681,probability_native,0.8616330679749681,u_5243d930718e3aba,1,0,official,principal
6613,0,0,0.36775002177134275,probability_native,0.36775002177134275,u_5243d930718e3aba,1,0,official,principal
2793,0,1,0.821540093409999,probability_native,0.821540093409999,u_5243d930718e3aba,1,0,official,principal
5185,0,0,0.093569179523004,probability_native,0.093569179523004,u_5243d930718e3aba,1,0,official,principal
1955,0,1,0.6036383829053202,probability_native,0.6036383829053202,u_5243d930718e3aba,1,0,official,principal
5161,0,0,0.3104276941304647,probability_native,0.3104276941304647,u_5243d930718e3aba,1,0,official,principal
4569,1,0,0.36226617836066416,probability_native,0.36226617836066416,u_5243d930718e3aba,1,0,official,principal
1722,0,0,0.26178316330278006,probability_native,0.26178316330278006,u_5243d930718e3aba,1,0,official,principal
2662,1,1,0.8170223617647749,probability_native,0.8170223617647749,u_5243d930718e3aba,1,0,official,principal
3768,0,0,0.4216269825919566,probability_native,0.4216269825919566,u_5243d930718e3aba,1,0,official,principal
4926,0,0,0.05929119059812201,probability_native,0.05929119059812201,u_5243d930718e3aba,1,0,official,principal
439,0,0,0.4749560843253233,probability_native,0.4749560843253233,u_5243d930718e3aba,1,0,official,principal
416,0,0,0.1558507553549295,probability_native,0.1558507553549295,u_5243d930718e3aba,1,0,official,principal
3341,0,0,0.2522429701458793,probability_native,0.2522429701458793,u_5243d930718e3aba,1,0,official,principal
6276,0,0,0.14037271063435852,probability_native,0.14037271063435852,u_5243d930718e3aba,1,0,official,principal
2502,0,0,0.044873764333946645,probability_native,0.044873764333946645,u_5243d930718e3aba,1,0,official,principal
5397,1,1,0.869971647619665,probability_native,0.869971647619665,u_5243d930718e3aba,1,0,official,principal
6734,1,0,0.39246118838156147,probability_native,0.39246118838156147,u_5243d930718e3aba,1,0,official,principal
5992,1,0,0.05362791798762968,probability_native,0.05362791798762968,u_5243d930718e3aba,1,0,official,principal
4985,0,0,0.05564325680064829,probability_native,0.05564325680064829,u_5243d930718e3aba,1,0,official,principal
5863,1,1,0.8873045654047202,probability_native,0.8873045654047202,u_5243d930718e3aba,1,0,official,principal
6801,0,1,0.5434967333757685,probability_native,0.5434967333757685,u_5243d930718e3aba,1,0,official,principal
3133,0,0,0.08267553790984027,probability_native,0.08267553790984027,u_5243d930718e3aba,1,0,official,principal
4709,0,1,0.5384056999881931,probability_native,0.5384056999881931,u_5243d930718e3aba,1,0,official,principal
5553,1,1,0.7075184118437877,probability_native,0.7075184118437877,u_5243d930718e3aba,1,0,official,principal
6871,0,0,0.4641091680454661,probability_native,0.4641091680454661,u_5243d930718e3aba,1,0,official,principal
1536,0,0,0.03610757643199977,probability_native,0.03610757643199977,u_5243d930718e3aba,1,0,official,principal
982,0,0,0.220230229982281,probability_native,0.220230229982281,u_5243d930718e3aba,1,0,official,principal
5325,0,0,0.24237220936807274,probability_native,0.24237220936807274,u_5243d930718e3aba,1,0,official,principal
1540,0,0,0.2589495673688025,probability_native,0.2589495673688025,u_5243d930718e3aba,1,0,official,principal
2432,0,0,0.13007611336632147,probability_native,0.13007611336632147,u_5243d930718e3aba,1,0,official,principal
4921,0,1,0.5736327086082492,probability_native,0.5736327086082492,u_5243d930718e3aba,1,0,official,principal
6109,0,1,0.5861304921275801,probability_native,0.5861304921275801,u_5243d930718e3aba,1,0,official,principal
874,0,0,0.373310590653474,probability_native,0.373310590653474,u_5243d930718e3aba,1,0,official,principal
5339,0,1,0.679567417772178,probability_native,0.679567417772178,u_5243d930718e3aba,1,0,official,principal
1923,0,0,0.0586555357219086,probability_native,0.0586555357219086,u_5243d930718e3aba,1,0,official,principal
1827,0,0,0.28500898448860124,probability_native,0.28500898448860124,u_5243d930718e3aba,1,0,official,principal
972,0,0,0.07430700754203295,probability_native,0.07430700754203295,u_5243d930718e3aba,1,0,official,principal
3673,1,1,0.7677064340385452,probability_native,0.7677064340385452,u_5243d930718e3aba,1,0,official,principal
5747,0,0,0.21779599240760672,probability_native,0.21779599240760672,u_5243d930718e3aba,1,0,official,principal
3904,0,0,0.12924215465758146,probability_native,0.12924215465758146,u_5243d930718e3aba,1,0,official,principal
3987,1,1,0.8552170630548163,probability_native,0.8552170630548163,u_5243d930718e3aba,1,0,official,principal
555,0,0,0.11890739147749127,probability_native,0.11890739147749127,u_5243d930718e3aba,1,0,official,principal
2918,0,1,0.663790281472422,probability_native,0.663790281472422,u_5243d930718e3aba,1,0,official,principal
2752,1,0,0.14171751771635027,probability_native,0.14171751771635027,u_5243d930718e3aba,1,0,official,principal
5457,0,0,0.31991447678116697,probability_native,0.31991447678116697,u_5243d930718e3aba,1,0,official,principal
6934,0,0,0.19086835771886224,probability_native,0.19086835771886224,u_5243d930718e3aba,1,0,official,principal
2152,0,1,0.7739657639871917,probability_native,0.7739657639871917,u_5243d930718e3aba,1,0,official,principal
3921,0,0,0.29479072778398663,probability_native,0.29479072778398663,u_5243d930718e3aba,1,0,official,principal
2192,0,0,0.10099622274468856,probability_native,0.10099622274468856,u_5243d930718e3aba,1,0,official,principal
2274,1,1,0.6314677671039567,probability_native,0.6314677671039567,u_5243d930718e3aba,1,0,official,principal
5401,0,0,0.0935936666186661,probability_native,0.0935936666186661,u_5243d930718e3aba,1,0,official,principal
3715,0,1,0.8738951859686218,probability_native,0.8738951859686218,u_5243d930718e3aba,1,0,official,principal
217,0,0,0.05171693219099587,probability_native,0.05171693219099587,u_5243d930718e3aba,1,0,official,principal
7029,0,1,0.8369841370524138,probability_native,0.8369841370524138,u_5243d930718e3aba,1,0,official,principal
2232,0,0,0.05740598401500973,probability_native,0.05740598401500973,u_5243d930718e3aba,1,0,official,principal
5395,1,1,0.8391126491242934,probability_native,0.8391126491242934,u_5243d930718e3aba,1,0,official,principal
6122,0,0,0.17223676358740334,probability_native,0.17223676358740334,u_5243d930718e3aba,1,0,official,principal
3012,0,0,0.04928753070948661,probability_native,0.04928753070948661,u_5243d930718e3aba,1,0,official,principal
941,0,0,0.48616647683051034,probability_native,0.48616647683051034,u_5243d930718e3aba,1,0,official,principal
4694,0,0,0.2935467643630293,probability_native,0.2935467643630293,u_5243d930718e3aba,1,0,official,principal
94,0,0,0.2686762243209479,probability_native,0.2686762243209479,u_5243d930718e3aba,1,0,official,principal
1794,0,0,0.03709956827649355,probability_native,0.03709956827649355,u_5243d930718e3aba,1,0,official,principal
2256,0,0,0.1317180596635313,probability_native,0.1317180596635313,u_5243d930718e3aba,1,0,official,principal
4371,0,0,0.1821749782177837,probability_native,0.1821749782177837,u_5243d930718e3aba,1,0,official,principal
3361,0,0,0.16671118558602202,probability_native,0.16671118558602202,u_5243d930718e3aba,1,0,official,principal
1619,0,0,0.052269701668577556,probability_native,0.052269701668577556,u_5243d930718e3aba,1,0,official,principal
6578,0,0,0.22776175837037613,probability_native,0.22776175837037613,u_5243d930718e3aba,1,0,official,principal
5199,0,1,0.5037247093671904,probability_native,0.5037247093671904,u_5243d930718e3aba,1,0,official,principal
5490,0,0,0.48133779967623014,probability_native,0.48133779967623014,u_5243d930718e3aba,1,0,official,principal
2069,1,1,0.8787532158703374,probability_native,0.8787532158703374,u_5243d930718e3aba,1,0,official,principal
380,0,0,0.28830023205902866,probability_native,0.28830023205902866,u_5243d930718e3aba,1,0,official,principal
2393,1,0,0.4801511304628728,probability_native,0.4801511304628728,u_5243d930718e3aba,1,0,official,principal
2811,0,0,0.055500348521490224,probability_native,0.055500348521490224,u_5243d930718e3aba,1,0,official,principal
6422,0,0,0.11242739734606498,probability_native,0.11242739734606498,u_5243d930718e3aba,1,0,official,principal
6414,0,0,0.06285783734601534,probability_native,0.06285783734601534,u_5243d930718e3aba,1,0,official,principal
4935,0,0,0.10306563481142973,probability_native,0.10306563481142973,u_5243d930718e3aba,1,0,official,principal
4942,1,1,0.6992522611371312,probability_native,0.6992522611371312,u_5243d930718e3aba,1,0,official,principal
3789,0,0,0.3145943186391021,probability_native,0.3145943186391021,u_5243d930718e3aba,1,0,official,principal
3583,0,0,0.1521235183581991,probability_native,0.1521235183581991,u_5243d930718e3aba,1,0,official,principal
1587,0,0,0.052910669648867786,probability_native,0.052910669648867786,u_5243d930718e3aba,1,0,official,principal
3148,0,0,0.29808098995342014,probability_native,0.29808098995342014,u_5243d930718e3aba,1,0,official,principal
7028,0,0,0.05146725144848065,probability_native,0.05146725144848065,u_5243d930718e3aba,1,0,official,principal
3981,0,1,0.8778739648990758,probability_native,0.8778739648990758,u_5243d930718e3aba,1,0,official,principal
4228,1,1,0.815484544514122,probability_native,0.815484544514122,u_5243d930718e3aba,1,0,official,principal
2321,0,1,0.5166627903756466,probability_native,0.5166627903756466,u_5243d930718e3aba,1,0,official,principal
1692,0,0,0.18594682624499131,probability_native,0.18594682624499131,u_5243d930718e3aba,1,0,official,principal
4866,0,1,0.6754224336376868,probability_native,0.6754224336376868,u_5243d930718e3aba,1,0,official,principal
5570,0,1,0.6717167310279595,probability_native,0.6717167310279595,u_5243d930718e3aba,1,0,official,principal
4642,1,0,0.05575867708680214,probability_native,0.05575867708680214,u_5243d930718e3aba,1,0,official,principal
2277,1,0,0.49889071137440166,probability_native,0.49889071137440166,u_5243d930718e3aba,1,0,official,principal
6330,0,1,0.6915628984377841,probability_native,0.6915628984377841,u_5243d930718e3aba,1,0,official,principal
5576,1,1,0.7221729478658082,probability_native,0.7221729478658082,u_5243d930718e3aba,1,0,official,principal
6913,0,0,0.21775902054669802,probability_native,0.21775902054669802,u_5243d930718e3aba,1,0,official,principal
2745,1,1,0.9258618883320221,probability_native,0.9258618883320221,u_5243d930718e3aba,1,0,official,principal
1874,0,0,0.10603904565859594,probability_native,0.10603904565859594,u_5243d930718e3aba,1,0,official,principal
2638,1,0,0.34670672823454823,probability_native,0.34670672823454823,u_5243d930718e3aba,1,0,official,principal
6079,0,0,0.47379012380231583,probability_native,0.47379012380231583,u_5243d930718e3aba,1,0,official,principal
782,0,0,0.24043487677840167,probability_native,0.24043487677840167,u_5243d930718e3aba,1,0,official,principal
3602,0,0,0.295307118246881,probability_native,0.295307118246881,u_5243d930718e3aba,1,0,official,principal
6282,0,0,0.14336275501253162,probability_native,0.14336275501253162,u_5243d930718e3aba,1,0,official,principal
2404,0,0,0.31623535372817085,probability_native,0.31623535372817085,u_5243d930718e3aba,1,0,official,principal
332,0,0,0.4664206386804017,probability_native,0.4664206386804017,u_5243d930718e3aba,1,0,official,principal
2127,1,0,0.1956683233622339,probability_native,0.1956683233622339,u_5243d930718e3aba,1,0,official,principal
6047,0,1,0.634916258253075,probability_native,0.634916258253075,u_5243d930718e3aba,1,0,official,principal
5038,0,0,0.27319135774600434,probability_native,0.27319135774600434,u_5243d930718e3aba,1,0,official,principal
2959,0,0,0.4877719959040208,probability_native,0.4877719959040208,u_5243d930718e3aba,1,0,official,principal
1778,0,0,0.023158530048666384,probability_native,0.023158530048666384,u_5243d930718e3aba,1,0,official,principal
6896,1,1,0.5702650279867809,probability_native,0.5702650279867809,u_5243d930718e3aba,1,0,official,principal
5169,0,0,0.23394462685900982,probability_native,0.23394462685900982,u_5243d930718e3aba,1,0,official,principal
6888,0,1,0.8588573461869411,probability_native,0.8588573461869411,u_5243d930718e3aba,1,0,official,principal
6055,0,1,0.750301560207185,probability_native,0.750301560207185,u_5243d930718e3aba,1,0,official,principal
6744,0,0,0.17112579255062535,probability_native,0.17112579255062535,u_5243d930718e3aba,1,0,official,principal
3364,1,1,0.8107021000399571,probability_native,0.8107021000399571,u_5243d930718e3aba,1,0,official,principal
3226,0,0,0.33102497934234837,probability_native,0.33102497934234837,u_5243d930718e3aba,1,0,official,principal
6869,1,0,0.10090286161120535,probability_native,0.10090286161120535,u_5243d930718e3aba,1,0,official,principal
2270,1,1,0.9043799021545369,probability_native,0.9043799021545369,u_5243d930718e3aba,1,0,official,principal
4173,0,1,0.8820416008021499,probability_native,0.8820416008021499,u_5243d930718e3aba,1,0,official,principal
3817,0,0,0.049046774856471874,probability_native,0.049046774856471874,u_5243d930718e3aba,1,0,official,principal
2368,0,0,0.13449158991774401,probability_native,0.13449158991774401,u_5243d930718e3aba,1,0,official,principal
4916,0,1,0.825815207211654,probability_native,0.825815207211654,u_5243d930718e3aba,1,0,official,principal
2191,1,1,0.9346434259087545,probability_native,0.9346434259087545,u_5243d930718e3aba,1,0,official,principal
2790,1,0,0.3346627878571943,probability_native,0.3346627878571943,u_5243d930718e3aba,1,0,official,principal
6660,1,1,0.849655988281091,probability_native,0.849655988281091,u_5243d930718e3aba,1,0,official,principal
5429,0,0,0.03716761081290632,probability_native,0.03716761081290632,u_5243d930718e3aba,1,0,official,principal
3503,0,0,0.36734715949762287,probability_native,0.36734715949762287,u_5243d930718e3aba,1,0,official,principal
3310,1,1,0.8822136361546238,probability_native,0.8822136361546238,u_5243d930718e3aba,1,0,official,principal
6878,1,1,0.909330798530906,probability_native,0.909330798530906,u_5243d930718e3aba,1,0,official,principal
4851,1,1,0.8793917103031959,probability_native,0.8793917103031959,u_5243d930718e3aba,1,0,official,principal
719,0,0,0.3992783451972043,probability_native,0.3992783451972043,u_5243d930718e3aba,1,0,official,principal
1500,0,0,0.4272629324311689,probability_native,0.4272629324311689,u_5243d930718e3aba,1,0,official,principal
4060,0,0,0.10203922298912044,probability_native,0.10203922298912044,u_5243d930718e3aba,1,0,official,principal
2342,0,1,0.5533397435557441,probability_native,0.5533397435557441,u_5243d930718e3aba,1,0,official,principal
222,0,0,0.34086183981898666,probability_native,0.34086183981898666,u_5243d930718e3aba,1,0,official,principal
1323,0,0,0.0453668052826068,probability_native,0.0453668052826068,u_5243d930718e3aba,1,0,official,principal
3366,0,1,0.6859030004866516,probability_native,0.6859030004866516,u_5243d930718e3aba,1,0,official,principal
5799,1,1,0.707596285944256,probability_native,0.707596285944256,u_5243d930718e3aba,1,0,official,principal
2825,0,0,0.4927121261152686,probability_native,0.4927121261152686,u_5243d930718e3aba,1,0,official,principal
3193,0,0,0.1560679259278631,probability_native,0.1560679259278631,u_5243d930718e3aba,1,0,official,principal
5154,1,1,0.7888943066789564,probability_native,0.7888943066789564,u_5243d930718e3aba,1,0,official,principal
80,1,1,0.874144271385862,probability_native,0.874144271385862,u_5243d930718e3aba,1,0,official,principal
54,0,0,0.06451858149494737,probability_native,0.06451858149494737,u_5243d930718e3aba,1,0,official,principal
6673,0,1,0.6892875302788989,probability_native,0.6892875302788989,u_5243d930718e3aba,1,0,official,principal
2626,0,0,0.09985002035933167,probability_native,0.09985002035933167,u_5243d930718e3aba,1,0,official,principal
6947,0,0,0.28306022108227014,probability_native,0.28306022108227014,u_5243d930718e3aba,1,0,official,principal
5985,0,0,0.11378792245709766,probability_native,0.11378792245709766,u_5243d930718e3aba,1,0,official,principal
6451,0,0,0.2551585843922312,probability_native,0.2551585843922312,u_5243d930718e3aba,1,0,official,principal
6364,0,0,0.14059451192338035,probability_native,0.14059451192338035,u_5243d930718e3aba,1,0,official,principal
2285,1,0,0.4187807727596076,probability_native,0.4187807727596076,u_5243d930718e3aba,1,0,official,principal
6242,0,0,0.058273197332278086,probability_native,0.058273197332278086,u_5243d930718e3aba,1,0,official,principal
30,0,0,0.0982686501799111,probability_native,0.0982686501799111,u_5243d930718e3aba,1,0,official,principal
673,0,0,0.33520447962015537,probability_native,0.33520447962015537,u_5243d930718e3aba,1,0,official,principal
684,0,1,0.7635845979678512,probability_native,0.7635845979678512,u_5243d930718e3aba,1,0,official,principal
4424,1,1,0.6017531033183147,probability_native,0.6017531033183147,u_5243d930718e3aba,1,0,official,principal
1502,0,0,0.18978978644218272,probability_native,0.18978978644218272,u_5243d930718e3aba,1,0,official,principal
860,0,0,0.12765594494894328,probability_native,0.12765594494894328,u_5243d930718e3aba,1,0,official,principal
5445,0,0,0.2378294531994378,probability_native,0.2378294531994378,u_5243d930718e3aba,1,0,official,principal
3827,0,0,0.2556965441446427,probability_native,0.2556965441446427,u_5243d930718e3aba,1,0,official,principal
5014,0,0,0.2553329765933163,probability_native,0.2553329765933163,u_5243d930718e3aba,1,0,official,principal
1149,1,1,0.7867502352977968,probability_native,0.7867502352977968,u_5243d930718e3aba,1,0,official,principal
6990,0,1,0.6636177779606557,probability_native,0.6636177779606557,u_5243d930718e3aba,1,0,official,principal
1678,0,0,0.16870846186469834,probability_native,0.16870846186469834,u_5243d930718e3aba,1,0,official,principal
6957,0,1,0.7665797028042407,probability_native,0.7665797028042407,u_5243d930718e3aba,1,0,official,principal
6575,0,0,0.3383062611835452,probability_native,0.3383062611835452,u_5243d930718e3aba,1,0,official,principal
2574,1,1,0.7800154561641074,probability_native,0.7800154561641074,u_5243d930718e3aba,1,0,official,principal
5403,0,0,0.32328940230986786,probability_native,0.32328940230986786,u_5243d930718e3aba,1,0,official,principal
3947,0,0,0.4270899740765226,probability_native,0.4270899740765226,u_5243d930718e3aba,1,0,official,principal
1357,0,1,0.5255496812653437,probability_native,0.5255496812653437,u_5243d930718e3aba,1,0,official,principal
1386,0,0,0.09293058216746647,probability_native,0.09293058216746647,u_5243d930718e3aba,1,0,official,principal
4701,0,1,0.888998739453542,probability_native,0.888998739453542,u_5243d930718e3aba,1,0,official,principal
3213,0,0,0.08844389946151338,probability_native,0.08844389946151338,u_5243d930718e3aba,1,0,official,principal
6536,0,1,0.5722620466157787,probability_native,0.5722620466157787,u_5243d930718e3aba,1,0,official,principal
3406,0,0,0.12240095573017071,probability_native,0.12240095573017071,u_5243d930718e3aba,1,0,official,principal
1078,0,0,0.2822900516646578,probability_native,0.2822900516646578,u_5243d930718e3aba,1,0,official,principal
3849,1,0,0.26056253842389376,probability_native,0.26056253842389376,u_5243d930718e3aba,1,0,official,principal
5307,0,1,0.8898056787411818,probability_native,0.8898056787411818,u_5243d930718e3aba,1,0,official,principal
3168,0,0,0.09445887466117948,probability_native,0.09445887466117948,u_5243d930718e3aba,1,0,official,principal
4159,0,0,0.45530621142154004,probability_native,0.45530621142154004,u_5243d930718e3aba,1,0,official,principal
3865,0,0,0.3743513137789609,probability_native,0.3743513137789609,u_5243d930718e3aba,1,0,official,principal
5549,1,1,0.8713257806301874,probability_native,0.8713257806301874,u_5243d930718e3aba,1,0,official,principal
1647,1,1,0.7624041453785402,probability_native,0.7624041453785402,u_5243d930718e3aba,1,0,official,principal
1943,0,1,0.6909561741339458,probability_native,0.6909561741339458,u_5243d930718e3aba,1,0,official,principal
1545,0,0,0.33900686280655334,probability_native,0.33900686280655334,u_5243d930718e3aba,1,0,official,principal
4980,0,0,0.20976381538156338,probability_native,0.20976381538156338,u_5243d930718e3aba,1,0,official,principal
6798,0,1,0.7499401837886693,probability_native,0.7499401837886693,u_5243d930718e3aba,1,0,official,principal
5289,0,0,0.23862053136212152,probability_native,0.23862053136212152,u_5243d930718e3aba,1,0,official,principal
4463,1,1,0.8612349997030899,probability_native,0.8612349997030899,u_5243d930718e3aba,1,0,official,principal
6359,0,0,0.24592884381177738,probability_native,0.24592884381177738,u_5243d930718e3aba,1,0,official,principal
4804,0,0,0.32437371573613283,probability_native,0.32437371573613283,u_5243d930718e3aba,1,0,official,principal
5182,0,0,0.22548950013709468,probability_native,0.22548950013709468,u_5243d930718e3aba,1,0,official,principal
136,0,1,0.5883776425701578,probability_native,0.5883776425701578,u_5243d930718e3aba,1,0,official,principal
3588,0,1,0.6481458920652128,probability_native,0.6481458920652128,u_5243d930718e3aba,1,0,official,principal
2166,0,0,0.2302639653459456,probability_native,0.2302639653459456,u_5243d930718e3aba,1,0,official,principal
5111,1,0,0.40459659528105213,probability_native,0.40459659528105213,u_5243d930718e3aba,1,0,official,principal
4279,0,0,0.2618626076819577,probability_native,0.2618626076819577,u_5243d930718e3aba,1,0,official,principal
6767,0,0,0.10805311446849007,probability_native,0.10805311446849007,u_5243d930718e3aba,1,0,official,principal
4321,0,1,0.8165606965076142,probability_native,0.8165606965076142,u_5243d930718e3aba,1,0,official,principal
1409,0,1,0.5845761733491731,probability_native,0.5845761733491731,u_5243d930718e3aba,1,0,official,principal
2060,0,0,0.050380194282106334,probability_native,0.050380194282106334,u_5243d930718e3aba,1,0,official,principal
2462,0,0,0.43253074558713106,probability_native,0.43253074558713106,u_5243d930718e3aba,1,0,official,principal
5973,0,0,0.332251973278615,probability_native,0.332251973278615,u_5243d930718e3aba,1,0,official,principal
289,1,1,0.5682107325470052,probability_native,0.5682107325470052,u_5243d930718e3aba,1,0,official,principal
4342,0,0,0.10173265483279977,probability_native,0.10173265483279977,u_5243d930718e3aba,1,0,official,principal
2864,0,1,0.5798046702765633,probability_native,0.5798046702765633,u_5243d930718e3aba,1,0,official,principal
2033,1,0,0.4595369758758107,probability_native,0.4595369758758107,u_5243d930718e3aba,1,0,official,principal
3605,0,0,0.44878579287466175,probability_native,0.44878579287466175,u_5243d930718e3aba,1,0,official,principal
280,0,0,0.3919828718643583,probability_native,0.3919828718643583,u_5243d930718e3aba,1,0,official,principal
1930,0,1,0.5420894570862446,probability_native,0.5420894570862446,u_5243d930718e3aba,1,0,official,principal
4222,0,0,0.2243967338730692,probability_native,0.2243967338730692,u_5243d930718e3aba,1,0,official,principal
839,0,0,0.06090414083813526,probability_native,0.06090414083813526,u_5243d930718e3aba,1,0,official,principal
6275,0,0,0.03793301114384036,probability_native,0.03793301114384036,u_5243d930718e3aba,1,0,official,principal
506,0,1,0.749518644140114,probability_native,0.749518644140114,u_5243d930718e3aba,1,0,official,principal
5434,0,1,0.5611771243564591,probability_native,0.5611771243564591,u_5243d930718e3aba,1,0,official,principal
6526,1,0,0.4031291765112665,probability_native,0.4031291765112665,u_5243d930718e3aba,1,0,official,principal
5295,0,0,0.4699958532185866,probability_native,0.4699958532185866,u_5243d930718e3aba,1,0,official,principal
2703,1,1,0.7068161042658554,probability_native,0.7068161042658554,u_5243d930718e3aba,1,0,official,principal
2537,0,0,0.1027913605304246,probability_native,0.1027913605304246,u_5243d930718e3aba,1,0,official,principal
824,0,0,0.06205015567525613,probability_native,0.06205015567525613,u_5243d930718e3aba,1,0,official,principal
908,0,0,0.28072838962828506,probability_native,0.28072838962828506,u_5243d930718e3aba,1,0,official,principal
6823,0,1,0.5463440445502764,probability_native,0.5463440445502764,u_5243d930718e3aba,1,0,official,principal
3210,0,0,0.042268924450835604,probability_native,0.042268924450835604,u_5243d930718e3aba,1,0,official,principal
25,0,0,0.29450607476522267,probability_native,0.29450607476522267,u_5243d930718e3aba,1,0,official,principal
2379,1,1,0.7277168885109699,probability_native,0.7277168885109699,u_5243d930718e3aba,1,0,official,principal
6078,0,0,0.17709902520304674,probability_native,0.17709902520304674,u_5243d930718e3aba,1,0,official,principal
6325,1,1,0.5485178878800209,probability_native,0.5485178878800209,u_5243d930718e3aba,1,0,official,principal
1257,0,0,0.30282965530959366,probability_native,0.30282965530959366,u_5243d930718e3aba,1,0,official,principal
6216,0,0,0.03143435193800094,probability_native,0.03143435193800094,u_5243d930718e3aba,1,0,official,principal
4116,0,0,0.1258510775766783,probability_native,0.1258510775766783,u_5243d930718e3aba,1,0,official,principal
3746,1,1,0.8527763832195098,probability_native,0.8527763832195098,u_5243d930718e3aba,1,0,official,principal
6844,0,1,0.5138604920207132,probability_native,0.5138604920207132,u_5243d930718e3aba,1,0,official,principal
6893,1,0,0.32367659115686753,probability_native,0.32367659115686753,u_5243d930718e3aba,1,0,official,principal
1524,0,0,0.43405342709196865,probability_native,0.43405342709196865,u_5243d930718e3aba,1,0,official,principal
2196,0,0,0.1998216989313693,probability_native,0.1998216989313693,u_5243d930718e3aba,1,0,official,principal
2621,0,0,0.0745003136682496,probability_native,0.0745003136682496,u_5243d930718e3aba,1,0,official,principal
379,0,1,0.5673686971205509,probability_native,0.5673686971205509,u_5243d930718e3aba,1,0,official,principal
3929,0,0,0.14063017265801195,probability_native,0.14063017265801195,u_5243d930718e3aba,1,0,official,principal
7026,1,1,0.5990470305453531,probability_native,0.5990470305453531,u_5243d930718e3aba,1,0,official,principal
3221,0,1,0.6424021779278395,probability_native,0.6424021779278395,u_5243d930718e3aba,1,0,official,principal
2366,1,1,0.8874647231538803,probability_native,0.8874647231538803,u_5243d930718e3aba,1,0,official,principal
6255,0,0,0.22939431369800464,probability_native,0.22939431369800464,u_5243d930718e3aba,1,0,official,principal
5638,1,0,0.45844527733582013,probability_native,0.45844527733582013,u_5243d930718e3aba,1,0,official,principal
6606,1,1,0.7278569234121837,probability_native,0.7278569234121837,u_5243d930718e3aba,1,0,official,principal
1796,0,1,0.5495830815030067,probability_native,0.5495830815030067,u_5243d930718e3aba,1,0,official,principal
2682,1,1,0.602877993070573,probability_native,0.602877993070573,u_5243d930718e3aba,1,0,official,principal
6517,0,1,0.6293729482709459,probability_native,0.6293729482709459,u_5243d930718e3aba,1,0,official,principal
1217,0,0,0.06911297050051743,probability_native,0.06911297050051743,u_5243d930718e3aba,1,0,official,principal
5124,0,0,0.08497090592673075,probability_native,0.08497090592673075,u_5243d930718e3aba,1,0,official,principal
5856,0,1,0.5758618375061476,probability_native,0.5758618375061476,u_5243d930718e3aba,1,0,official,principal
5136,0,1,0.8668065786438601,probability_native,0.8668065786438601,u_5243d930718e3aba,1,0,official,principal
398,0,1,0.5885498851642349,probability_native,0.5885498851642349,u_5243d930718e3aba,1,0,official,principal
918,0,1,0.784547163107345,probability_native,0.784547163107345,u_5243d930718e3aba,1,0,official,principal
6759,0,0,0.36160639196730815,probability_native,0.36160639196730815,u_5243d930718e3aba,1,0,official,principal
3562,1,1,0.9129965014209589,probability_native,0.9129965014209589,u_5243d930718e3aba,1,0,official,principal
3120,0,0,0.045860968414407496,probability_native,0.045860968414407496,u_5243d930718e3aba,1,0,official,principal
5290,0,0,0.03143286480630625,probability_native,0.03143286480630625,u_5243d930718e3aba,1,0,official,principal
4617,0,0,0.46391971019641,probability_native,0.46391971019641,u_5243d930718e3aba,1,0,official,principal
1642,0,0,0.18499678592907437,probability_native,0.18499678592907437,u_5243d930718e3aba,1,0,official,principal
5104,0,0,0.12946817008382097,probability_native,0.12946817008382097,u_5243d930718e3aba,1,0,official,principal
4807,0,0,0.31483034689688555,probability_native,0.31483034689688555,u_5243d930718e3aba,1,0,official,principal
5800,0,1,0.7029880260628345,probability_native,0.7029880260628345,u_5243d930718e3aba,1,0,official,principal
3558,0,1,0.539403341691947,probability_native,0.539403341691947,u_5243d930718e3aba,1,0,official,principal
6819,1,1,0.644046009395087,probability_native,0.644046009395087,u_5243d930718e3aba,1,0,official,principal
5644,1,1,0.8036267640447444,probability_native,0.8036267640447444,u_5243d930718e3aba,1,0,official,principal
4138,1,1,0.8989486635609938,probability_native,0.8989486635609938,u_5243d930718e3aba,1,0,official,principal
460,0,0,0.28054462093143484,probability_native,0.28054462093143484,u_5243d930718e3aba,1,0,official,principal
3199,0,0,0.03950620912643886,probability_native,0.03950620912643886,u_5243d930718e3aba,1,0,official,principal
2332,0,0,0.16117852805505825,probability_native,0.16117852805505825,u_5243d930718e3aba,1,0,official,principal
5682,0,1,0.6997384289552186,probability_native,0.6997384289552186,u_5243d930718e3aba,1,0,official,principal
6859,0,0,0.10428752069756496,probability_native,0.10428752069756496,u_5243d930718e3aba,1,0,official,principal
2418,0,1,0.7370878046572984,probability_native,0.7370878046572984,u_5243d930718e3aba,1,0,official,principal
6784,0,0,0.3028987883748321,probability_native,0.3028987883748321,u_5243d930718e3aba,1,0,official,principal
6035,1,0,0.40607162454676016,probability_native,0.40607162454676016,u_5243d930718e3aba,1,0,official,principal
2929,0,0,0.06431302813643819,probability_native,0.06431302813643819,u_5243d930718e3aba,1,0,official,principal
2177,0,0,0.16516326546415802,probability_native,0.16516326546415802,u_5243d930718e3aba,1,0,official,principal
2632,0,0,0.14548383435084722,probability_native,0.14548383435084722,u_5243d930718e3aba,1,0,official,principal
4787,0,0,0.3962512545507316,probability_native,0.3962512545507316,u_5243d930718e3aba,1,0,official,principal
1976,1,1,0.9433872375837925,probability_native,0.9433872375837925,u_5243d930718e3aba,1,0,official,principal
762,1,1,0.8429077241696081,probability_native,0.8429077241696081,u_5243d930718e3aba,1,0,official,principal
5757,0,0,0.2690481639695467,probability_native,0.2690481639695467,u_5243d930718e3aba,1,0,official,principal
2977,0,0,0.45663947401539157,probability_native,0.45663947401539157,u_5243d930718e3aba,1,0,official,principal
2215,0,0,0.046136100949965675,probability_native,0.046136100949965675,u_5243d930718e3aba,1,0,official,principal
5042,0,0,0.12290569063109255,probability_native,0.12290569063109255,u_5243d930718e3aba,1,0,official,principal
3572,0,1,0.7874343344240322,probability_native,0.7874343344240322,u_5243d930718e3aba,1,0,official,principal
565,0,0,0.03216538541920877,probability_native,0.03216538541920877,u_5243d930718e3aba,1,0,official,principal
4888,0,0,0.4661922804844487,probability_native,0.4661922804844487,u_5243d930718e3aba,1,0,official,principal
2948,1,1,0.8103433467271475,probability_native,0.8103433467271475,u_5243d930718e3aba,1,0,official,principal
1979,0,0,0.06574711674194629,probability_native,0.06574711674194629,u_5243d930718e3aba,1,0,official,principal
2406,1,1,0.9057299444139969,probability_native,0.9057299444139969,u_5243d930718e3aba,1,0,official,principal
1344,0,0,0.1912395974477367,probability_native,0.1912395974477367,u_5243d930718e3aba,1,0,official,principal
6953,1,1,0.893601511028383,probability_native,0.893601511028383,u_5243d930718e3aba,1,0,official,principal
6052,0,0,0.10216185044282422,probability_native,0.10216185044282422,u_5243d930718e3aba,1,0,official,principal
6296,0,0,0.2564007019078879,probability_native,0.2564007019078879,u_5243d930718e3aba,1,0,official,principal
2309,0,0,0.26902042680465243,probability_native,0.26902042680465243,u_5243d930718e3aba,1,0,official,principal
6790,0,0,0.0569477969833455,probability_native,0.0569477969833455,u_5243d930718e3aba,1,0,official,principal
89,0,0,0.40659654365888687,probability_native,0.40659654365888687,u_5243d930718e3aba,1,0,official,principal
3594,0,1,0.638016201855583,probability_native,0.638016201855583,u_5243d930718e3aba,1,0,official,principal
3033,0,0,0.20992078524821783,probability_native,0.20992078524821783,u_5243d930718e3aba,1,0,official,principal
2979,0,0,0.17027091433568037,probability_native,0.17027091433568037,u_5243d930718e3aba,1,0,official,principal
5893,0,0,0.19618070566001278,probability_native,0.19618070566001278,u_5243d930718e3aba,1,0,official,principal
2966,0,1,0.8060197313315007,probability_native,0.8060197313315007,u_5243d930718e3aba,1,0,official,principal
1741,0,1,0.6386483593659853,probability_native,0.6386483593659853,u_5243d930718e3aba,1,0,official,principal
5126,0,0,0.37233511209081505,probability_native,0.37233511209081505,u_5243d930718e3aba,1,0,official,principal
2096,1,0,0.46270256345688543,probability_native,0.46270256345688543,u_5243d930718e3aba,1,0,official,principal
5712,0,0,0.3045315066018229,probability_native,0.3045315066018229,u_5243d930718e3aba,1,0,official,principal
3289,0,1,0.5975913512702857,probability_native,0.5975913512702857,u_5243d930718e3aba,1,0,official,principal
1091,0,0,0.35763148536388295,probability_native,0.35763148536388295,u_5243d930718e3aba,1,0,official,principal
5305,0,0,0.17974463949817504,probability_native,0.17974463949817504,u_5243d930718e3aba,1,0,official,principal
5391,0,1,0.5324208881422445,probability_native,0.5324208881422445,u_5243d930718e3aba,1,0,official,principal
5153,0,1,0.7478894379909314,probability_native,0.7478894379909314,u_5243d930718e3aba,1,0,official,principal
2288,0,1,0.8306595524081856,probability_native,0.8306595524081856,u_5243d930718e3aba,1,0,official,principal
4035,0,0,0.3623454961460083,probability_native,0.3623454961460083,u_5243d930718e3aba,1,0,official,principal
937,1,1,0.8005042289960212,probability_native,0.8005042289960212,u_5243d930718e3aba,1,0,official,principal
2026,0,0,0.23660895208297564,probability_native,0.23660895208297564,u_5243d930718e3aba,1,0,official,principal
3894,0,0,0.1159280632536041,probability_native,0.1159280632536041,u_5243d930718e3aba,1,0,official,principal
5165,1,1,0.8837869329214773,probability_native,0.8837869329214773,u_5243d930718e3aba,1,0,official,principal
947,0,1,0.7181689331148681,probability_native,0.7181689331148681,u_5243d930718e3aba,1,0,official,principal
3232,0,0,0.09028348286218953,probability_native,0.09028348286218953,u_5243d930718e3aba,1,0,official,principal
4974,1,1,0.5346756484529597,probability_native,0.5346756484529597,u_5243d930718e3aba,1,0,official,principal
5152,0,0,0.0569753372867963,probability_native,0.0569753372867963,u_5243d930718e3aba,1,0,official,principal
6813,1,0,0.054010058010616764,probability_native,0.054010058010616764,u_5243d930718e3aba,1,0,official,principal
4644,0,0,0.46133724208153587,probability_native,0.46133724208153587,u_5243d930718e3aba,1,0,official,principal
1226,0,0,0.03165956967304774,probability_native,0.03165956967304774,u_5243d930718e3aba,1,0,official,principal
5210,1,0,0.22891388469736065,probability_native,0.22891388469736065,u_5243d930718e3aba,1,0,official,principal
5769,0,0,0.15460695071217356,probability_native,0.15460695071217356,u_5243d930718e3aba,1,0,official,principal
5186,1,1,0.8305677844682953,probability_native,0.8305677844682953,u_5243d930718e3aba,1,0,official,principal
1372,0,1,0.7054530995064552,probability_native,0.7054530995064552,u_5243d930718e3aba,1,0,official,principal
3825,0,0,0.03708261665206827,probability_native,0.03708261665206827,u_5243d930718e3aba,1,0,official,principal
104,1,0,0.22087973788959098,probability_native,0.22087973788959098,u_5243d930718e3aba,1,0,official,principal
4949,1,1,0.7477487772940022,probability_native,0.7477487772940022,u_5243d930718e3aba,1,0,official,principal
1233,0,0,0.02660380679133709,probability_native,0.02660380679133709,u_5243d930718e3aba,1,0,official,principal
4634,0,0,0.38668836901085296,probability_native,0.38668836901085296,u_5243d930718e3aba,1,0,official,principal
739,0,0,0.07900165109223391,probability_native,0.07900165109223391,u_5243d930718e3aba,1,0,official,principal
1663,1,1,0.7083655818436009,probability_native,0.7083655818436009,u_5243d930718e3aba,1,0,official,principal
5417,0,0,0.21544640935959494,probability_native,0.21544640935959494,u_5243d930718e3aba,1,0,official,principal
6357,1,0,0.16681899349482218,probability_native,0.16681899349482218,u_5243d930718e3aba,1,0,official,principal
59,0,0,0.23171081497063586,probability_native,0.23171081497063586,u_5243d930718e3aba,1,0,official,principal
4384,1,1,0.723811211459233,probability_native,0.723811211459233,u_5243d930718e3aba,1,0,official,principal
5467,0,0,0.24439629838935953,probability_native,0.24439629838935953,u_5243d930718e3aba,1,0,official,principal
3754,0,0,0.3738333516604736,probability_native,0.3738333516604736,u_5243d930718e3aba,1,0,official,principal
6870,0,1,0.5367791789011127,probability_native,0.5367791789011127,u_5243d930718e3aba,1,0,official,principal
5731,0,0,0.3938708284543113,probability_native,0.3938708284543113,u_5243d930718e3aba,1,0,official,principal
2100,0,0,0.282414345954172,probability_native,0.282414345954172,u_5243d930718e3aba,1,0,official,principal
5843,0,1,0.5519417356451297,probability_native,0.5519417356451297,u_5243d930718e3aba,1,0,official,principal
6358,0,0,0.0467138553689532,probability_native,0.0467138553689532,u_5243d930718e3aba,1,0,official,principal
2947,0,0,0.4413191073878986,probability_native,0.4413191073878986,u_5243d930718e3aba,1,0,official,principal
6066,1,1,0.8773243207175709,probability_native,0.8773243207175709,u_5243d930718e3aba,1,0,official,principal
5599,1,1,0.7325827960438837,probability_native,0.7325827960438837,u_5243d930718e3aba,1,0,official,principal
5741,1,1,0.8744340302814095,probability_native,0.8744340302814095,u_5243d930718e3aba,1,0,official,principal
3336,0,0,0.033980478618334815,probability_native,0.033980478618334815,u_5243d930718e3aba,1,0,official,principal
6708,1,1,0.8676902644410748,probability_native,0.8676902644410748,u_5243d930718e3aba,1,0,official,principal
5454,1,1,0.8779425564855677,probability_native,0.8779425564855677,u_5243d930718e3aba,1,0,official,principal
4368,1,1,0.8967488772615531,probability_native,0.8967488772615531,u_5243d930718e3aba,1,0,official,principal
2953,1,1,0.7907465131361274,probability_native,0.7907465131361274,u_5243d930718e3aba,1,0,official,principal
3181,0,0,0.060157990542069974,probability_native,0.060157990542069974,u_5243d930718e3aba,1,0,official,principal
5353,0,0,0.48053908898847847,probability_native,0.48053908898847847,u_5243d930718e3aba,1,0,official,principal
3919,1,1,0.8915013383034278,probability_native,0.8915013383034278,u_5243d930718e3aba,1,0,official,principal
4380,0,0,0.17340861188922504,probability_native,0.17340861188922504,u_5243d930718e3aba,1,0,official,principal
6007,0,0,0.18549427734008106,probability_native,0.18549427734008106,u_5243d930718e3aba,1,0,official,principal
4331,0,0,0.03500961575478198,probability_native,0.03500961575478198,u_5243d930718e3aba,1,0,official,principal
3351,1,0,0.41446091294032417,probability_native,0.41446091294032417,u_5243d930718e3aba,1,0,official,principal
6962,1,1,0.7781262224065247,probability_native,0.7781262224065247,u_5243d930718e3aba,1,0,official,principal
5873,0,1,0.7009101169799304,probability_native,0.7009101169799304,u_5243d930718e3aba,1,0,official,principal
486,0,1,0.8856118588804066,probability_native,0.8856118588804066,u_5243d930718e3aba,1,0,official,principal
2378,1,1,0.6574492312907411,probability_native,0.6574492312907411,u_5243d930718e3aba,1,0,official,principal
2958,0,0,0.3685202466203047,probability_native,0.3685202466203047,u_5243d930718e3aba,1,0,official,principal
5112,1,0,0.3417430536371577,probability_native,0.3417430536371577,u_5243d930718e3aba,1,0,official,principal
1013,0,1,0.6310090440870928,probability_native,0.6310090440870928,u_5243d930718e3aba,1,0,official,principal
6868,1,1,0.880503729652113,probability_native,0.880503729652113,u_5243d930718e3aba,1,0,official,principal
2141,0,0,0.2772359553871603,probability_native,0.2772359553871603,u_5243d930718e3aba,1,0,official,principal
5306,1,1,0.7891922417847657,probability_native,0.7891922417847657,u_5243d930718e3aba,1,0,official,principal
540,0,0,0.10921843876829417,probability_native,0.10921843876829417,u_5243d930718e3aba,1,0,official,principal
2242,0,0,0.09967624769210141,probability_native,0.09967624769210141,u_5243d930718e3aba,1,0,official,principal
5994,1,1,0.696862140878552,probability_native,0.696862140878552,u_5243d930718e3aba,1,0,official,principal
3257,0,1,0.778958465728269,probability_native,0.778958465728269,u_5243d930718e3aba,1,0,official,principal
5641,0,0,0.09359005378758165,probability_native,0.09359005378758165,u_5243d930718e3aba,1,0,official,principal
1,0,0,0.1436881058893493,probability_native,0.1436881058893493,u_5243d930718e3aba,1,0,official,principal
2269,1,1,0.7629820471685163,probability_native,0.7629820471685163,u_5243d930718e3aba,1,0,official,principal
6617,0,0,0.21637477563036273,probability_native,0.21637477563036273,u_5243d930718e3aba,1,0,official,principal
4762,0,1,0.5435835308854761,probability_native,0.5435835308854761,u_5243d930718e3aba,1,0,official,principal
3017,0,0,0.1580196086883994,probability_native,0.1580196086883994,u_5243d930718e3aba,1,0,official,principal
1203,0,0,0.04891248035201402,probability_native,0.04891248035201402,u_5243d930718e3aba,1,0,official,principal
410,1,1,0.8894105642868911,probability_native,0.8894105642868911,u_5243d930718e3aba,1,0,official,principal
1591,0,0,0.25957238218076284,probability_native,0.25957238218076284,u_5243d930718e3aba,1,0,official,principal
2660,0,0,0.3829854469839033,probability_native,0.3829854469839033,u_5243d930718e3aba,1,0,official,principal
5426,0,0,0.19393091603926857,probability_native,0.19393091603926857,u_5243d930718e3aba,1,0,official,principal
877,0,0,0.09014680512799012,probability_native,0.09014680512799012,u_5243d930718e3aba,1,0,official,principal
1839,0,0,0.30925876416181913,probability_native,0.30925876416181913,u_5243d930718e3aba,1,0,official,principal
862,1,1,0.7676267504018869,probability_native,0.7676267504018869,u_5243d930718e3aba,1,0,official,principal
3318,1,0,0.49083314968689556,probability_native,0.49083314968689556,u_5243d930718e3aba,1,0,official,principal
5537,0,0,0.16157657661443556,probability_native,0.16157657661443556,u_5243d930718e3aba,1,0,official,principal
1919,1,1,0.5699388806155725,probability_native,0.5699388806155725,u_5243d930718e3aba,1,0,official,principal
4276,1,1,0.6378490197775607,probability_native,0.6378490197775607,u_5243d930718e3aba,1,0,official,principal
509,0,0,0.37961864970544157,probability_native,0.37961864970544157,u_5243d930718e3aba,1,0,official,principal
624,1,0,0.33932840274979426,probability_native,0.33932840274979426,u_5243d930718e3aba,1,0,official,principal
2151,0,0,0.05145230838154589,probability_native,0.05145230838154589,u_5243d930718e3aba,1,0,official,principal
2532,0,1,0.5182220007170336,probability_native,0.5182220007170336,u_5243d930718e3aba,1,0,official,principal
2203,0,0,0.09648800466687239,probability_native,0.09648800466687239,u_5243d930718e3aba,1,0,official,principal
6736,0,0,0.032332009073344166,probability_native,0.032332009073344166,u_5243d930718e3aba,1,0,official,principal
2912,0,1,0.7790825747038435,probability_native,0.7790825747038435,u_5243d930718e3aba,1,0,official,principal
1964,0,0,0.06761559807507657,probability_native,0.06761559807507657,u_5243d930718e3aba,1,0,official,principal
566,0,1,0.5036681914003828,probability_native,0.5036681914003828,u_5243d930718e3aba,1,0,official,principal
159,0,0,0.20692118148760755,probability_native,0.20692118148760755,u_5243d930718e3aba,1,0,official,principal
235,1,1,0.6729974844804882,probability_native,0.6729974844804882,u_5243d930718e3aba,1,0,official,principal
3393,0,0,0.28986231477831714,probability_native,0.28986231477831714,u_5243d930718e3aba,1,0,official,principal
2183,0,1,0.5544165103104969,probability_native,0.5544165103104969,u_5243d930718e3aba,1,0,official,principal
1320,0,0,0.2586383591211031,probability_native,0.2586383591211031,u_5243d930718e3aba,1,0,official,principal
1779,0,1,0.8247065248894913,probability_native,0.8247065248894913,u_5243d930718e3aba,1,0,official,principal
3696,1,1,0.5851398823535356,probability_native,0.5851398823535356,u_5243d930718e3aba,1,0,official,principal
6914,1,1,0.7712613186577797,probability_native,0.7712613186577797,u_5243d930718e3aba,1,0,official,principal
1575,1,0,0.44919655673776704,probability_native,0.44919655673776704,u_5243d930718e3aba,1,0,official,principal
6553,0,0,0.09509180491991169,probability_native,0.09509180491991169,u_5243d930718e3aba,1,0,official,principal
2787,0,0,0.024403279536591178,probability_native,0.024403279536591178,u_5243d930718e3aba,1,0,official,principal
6406,0,0,0.49055664836316026,probability_native,0.49055664836316026,u_5243d930718e3aba,1,0,official,principal
2717,0,0,0.03841278548734509,probability_native,0.03841278548734509,u_5243d930718e3aba,1,0,official,principal
285,0,1,0.6277291499292116,probability_native,0.6277291499292116,u_5243d930718e3aba,1,0,official,principal
1274,0,0,0.23197804626893348,probability_native,0.23197804626893348,u_5243d930718e3aba,1,0,official,principal
31,0,1,0.8877926542981236,probability_native,0.8877926542981236,u_5243d930718e3aba,1,0,official,principal
5879,0,0,0.09853793835476195,probability_native,0.09853793835476195,u_5243d930718e3aba,1,0,official,principal
4987,0,0,0.03151373458961244,probability_native,0.03151373458961244,u_5243d930718e3aba,1,0,official,principal
1493,0,1,0.6540043898885237,probability_native,0.6540043898885237,u_5243d930718e3aba,1,0,official,principal
6903,0,0,0.334841339338771,probability_native,0.334841339338771,u_5243d930718e3aba,1,0,official,principal
174,0,0,0.11940760395914853,probability_native,0.11940760395914853,u_5243d930718e3aba,1,0,official,principal
361,0,0,0.37230581947852653,probability_native,0.37230581947852653,u_5243d930718e3aba,1,0,official,principal
2882,0,1,0.7773039249298744,probability_native,0.7773039249298744,u_5243d930718e3aba,1,0,official,principal
3184,0,0,0.09301942353546579,probability_native,0.09301942353546579,u_5243d930718e3aba,1,0,official,principal
6616,1,1,0.765960112391117,probability_native,0.765960112391117,u_5243d930718e3aba,1,0,official,principal
3328,0,1,0.8653236869900828,probability_native,0.8653236869900828,u_5243d930718e3aba,1,0,official,principal
4751,1,0,0.3329979934497013,probability_native,0.3329979934497013,u_5243d930718e3aba,1,0,official,principal
5737,0,0,0.39862934453620497,probability_native,0.39862934453620497,u_5243d930718e3aba,1,0,official,principal
5009,0,0,0.15185070072586884,probability_native,0.15185070072586884,u_5243d930718e3aba,1,0,official,principal
4482,1,1,0.8701550129805216,probability_native,0.8701550129805216,u_5243d930718e3aba,1,0,official,principal
5981,0,0,0.07978856937982931,probability_native,0.07978856937982931,u_5243d930718e3aba,1,0,official,principal
2619,1,1,0.7913369105877508,probability_native,0.7913369105877508,u_5243d930718e3aba,1,0,official,principal
109,0,0,0.01829661655047551,probability_native,0.01829661655047551,u_5243d930718e3aba,1,0,official,principal
4182,1,1,0.7681208396717274,probability_native,0.7681208396717274,u_5243d930718e3aba,1,0,official,principal
2507,0,0,0.060995541352461775,probability_native,0.060995541352461775,u_5243d930718e3aba,1,0,official,principal
6172,1,1,0.8053383967373724,probability_native,0.8053383967373724,u_5243d930718e3aba,1,0,official,principal
5455,0,0,0.33543002456881893,probability_native,0.33543002456881893,u_5243d930718e3aba,1,0,official,principal
4467,0,0,0.19821836180014873,probability_native,0.19821836180014873,u_5243d930718e3aba,1,0,official,principal
4167,0,0,0.2528132133115125,probability_native,0.2528132133115125,u_5243d930718e3aba,1,0,official,principal
4269,1,1,0.5234436085608708,probability_native,0.5234436085608708,u_5243d930718e3aba,1,0,official,principal
847,0,0,0.1481007364274852,probability_native,0.1481007364274852,u_5243d930718e3aba,1,0,official,principal
1145,0,0,0.4870175974817524,probability_native,0.4870175974817524,u_5243d930718e3aba,1,0,official,principal
1971,0,0,0.21068556125813523,probability_native,0.21068556125813523,u_5243d930718e3aba,1,0,official,principal
5827,0,1,0.6237214270274425,probability_native,0.6237214270274425,u_5243d930718e3aba,1,0,official,principal
5832,1,1,0.7145548168364255,probability_native,0.7145548168364255,u_5243d930718e3aba,1,0,official,principal
1349,0,0,0.445365491287592,probability_native,0.445365491287592,u_5243d930718e3aba,1,0,official,principal
77,0,0,0.3151943773530594,probability_native,0.3151943773530594,u_5243d930718e3aba,1,0,official,principal
1859,1,1,0.5692449790205814,probability_native,0.5692449790205814,u_5243d930718e3aba,1,0,official,principal
720,0,0,0.19530932566755024,probability_native,0.19530932566755024,u_5243d930718e3aba,1,0,official,principal
2245,0,0,0.1795963760428923,probability_native,0.1795963760428923,u_5243d930718e3aba,1,0,official,principal
6699,0,0,0.06609581673043223,probability_native,0.06609581673043223,u_5243d930718e3aba,1,0,official,principal
572,0,0,0.32297932618403286,probability_native,0.32297932618403286,u_5243d930718e3aba,1,0,official,principal
7014,0,1,0.7190746522084566,probability_native,0.7190746522084566,u_5243d930718e3aba,1,0,official,principal
5342,1,1,0.5944101436323345,probability_native,0.5944101436323345,u_5243d930718e3aba,1,0,official,principal
3733,0,0,0.09157184328050953,probability_native,0.09157184328050953,u_5243d930718e3aba,1,0,official,principal
1937,0,0,0.12083209982582334,probability_native,0.12083209982582334,u_5243d930718e3aba,1,0,official,principal
4294,0,1,0.6011667558179726,probability_native,0.6011667558179726,u_5243d930718e3aba,1,0,official,principal
5861,0,0,0.0816370571778415,probability_native,0.0816370571778415,u_5243d930718e3aba,1,0,official,principal
994,0,0,0.1503241874671452,probability_native,0.1503241874671452,u_5243d930718e3aba,1,0,official,principal
4783,0,0,0.09028159194348943,probability_native,0.09028159194348943,u_5243d930718e3aba,1,0,official,principal
330,0,0,0.08788479890067866,probability_native,0.08788479890067866,u_5243d930718e3aba,1,0,official,principal
5411,1,1,0.7599182360424233,probability_native,0.7599182360424233,u_5243d930718e3aba,1,0,official,principal
604,0,0,0.4873651220587605,probability_native,0.4873651220587605,u_5243d930718e3aba,1,0,official,principal
6607,1,1,0.6841790987955184,probability_native,0.6841790987955184,u_5243d930718e3aba,1,0,official,principal
6176,1,1,0.6300715681574471,probability_native,0.6300715681574471,u_5243d930718e3aba,1,0,official,principal
1419,0,0,0.03553655461762902,probability_native,0.03553655461762902,u_5243d930718e3aba,1,0,official,principal
6516,1,1,0.5902356379928524,probability_native,0.5902356379928524,u_5243d930718e3aba,1,0,official,principal
2777,0,0,0.3847997602890879,probability_native,0.3847997602890879,u_5243d930718e3aba,1,0,official,principal
3343,0,0,0.1844174766827197,probability_native,0.1844174766827197,u_5243d930718e3aba,1,0,official,principal
6524,1,1,0.8498931361629375,probability_native,0.8498931361629375,u_5243d930718e3aba,1,0,official,principal
1167,0,0,0.37087961146397486,probability_native,0.37087961146397486,u_5243d930718e3aba,1,0,official,principal
2592,0,0,0.3001332957289733,probability_native,0.3001332957289733,u_5243d930718e3aba,1,0,official,principal
205,0,0,0.37172036802409925,probability_native,0.37172036802409925,u_5243d930718e3aba,1,0,official,principal
4196,0,0,0.026155498287311982,probability_native,0.026155498287311982,u_5243d930718e3aba,1,0,official,principal
4356,0,0,0.36017072371235276,probability_native,0.36017072371235276,u_5243d930718e3aba,1,0,official,principal
3977,0,0,0.13191962043239047,probability_native,0.13191962043239047,u_5243d930718e3aba,1,0,official,principal
6920,0,0,0.0803295255281677,probability_native,0.0803295255281677,u_5243d930718e3aba,1,0,official,principal
1085,1,1,0.8368641591596786,probability_native,0.8368641591596786,u_5243d930718e3aba,1,0,official,principal
4952,0,1,0.8096906012842283,probability_native,0.8096906012842283,u_5243d930718e3aba,1,0,official,principal
5746,1,1,0.7874092515004973,probability_native,0.7874092515004973,u_5243d930718e3aba,1,0,official,principal
480,0,0,0.12500819947975092,probability_native,0.12500819947975092,u_5243d930718e3aba,1,0,official,principal
6305,1,1,0.7596505953929598,probability_native,0.7596505953929598,u_5243d930718e3aba,1,0,official,principal
6651,0,0,0.20954457769470278,probability_native,0.20954457769470278,u_5243d930718e3aba,1,0,official,principal
5823,0,0,0.30822297048473224,probability_native,0.30822297048473224,u_5243d930718e3aba,1,0,official,principal
5146,0,1,0.7971075804215857,probability_native,0.7971075804215857,u_5243d930718e3aba,1,0,official,principal
3842,0,1,0.7198727628675374,probability_native,0.7198727628675374,u_5243d930718e3aba,1,0,official,principal
2314,0,0,0.05374919463642533,probability_native,0.05374919463642533,u_5243d930718e3aba,1,0,official,principal
3924,1,0,0.38874559707371525,probability_native,0.38874559707371525,u_5243d930718e3aba,1,0,official,principal
6450,0,0,0.08044750792604083,probability_native,0.08044750792604083,u_5243d930718e3aba,1,0,official,principal
3135,1,1,0.7782612759447995,probability_native,0.7782612759447995,u_5243d930718e3aba,1,0,official,principal
550,0,0,0.15074648901735366,probability_native,0.15074648901735366,u_5243d930718e3aba,1,0,official,principal
1982,0,0,0.2349586097460156,probability_native,0.2349586097460156,u_5243d930718e3aba,1,0,official,principal
2158,0,0,0.12055743740114873,probability_native,0.12055743740114873,u_5243d930718e3aba,1,0,official,principal
2169,0,0,0.05588021730528109,probability_native,0.05588021730528109,u_5243d930718e3aba,1,0,official,principal
200,0,0,0.4371490415800294,probability_native,0.4371490415800294,u_5243d930718e3aba,1,0,official,principal
5632,0,0,0.039205497539819494,probability_native,0.039205497539819494,u_5243d930718e3aba,1,0,official,principal
4189,0,0,0.0372995545069499,probability_native,0.0372995545069499,u_5243d930718e3aba,1,0,official,principal
1938,0,0,0.38375055146166154,probability_native,0.38375055146166154,u_5243d930718e3aba,1,0,official,principal
3607,0,0,0.1923354626191256,probability_native,0.1923354626191256,u_5243d930718e3aba,1,0,official,principal
2916,0,0,0.1643925506554539,probability_native,0.1643925506554539,u_5243d930718e3aba,1,0,official,principal
5645,0,0,0.12235618645801369,probability_native,0.12235618645801369,u_5243d930718e3aba,1,0,official,principal
2706,1,1,0.7982898733749624,probability_native,0.7982898733749624,u_5243d930718e3aba,1,0,official,principal
1668,0,1,0.5628477110010198,probability_native,0.5628477110010198,u_5243d930718e3aba,1,0,official,principal
6380,0,1,0.6196208058425288,probability_native,0.6196208058425288,u_5243d930718e3aba,1,0,official,principal
464,0,0,0.16201886087555228,probability_native,0.16201886087555228,u_5243d930718e3aba,1,0,official,principal
3308,0,0,0.17093019102464427,probability_native,0.17093019102464427,u_5243d930718e3aba,1,0,official,principal
6341,1,1,0.8627129612353521,probability_native,0.8627129612353521,u_5243d930718e3aba,1,0,official,principal
2116,1,1,0.6970714985850903,probability_native,0.6970714985850903,u_5243d930718e3aba,1,0,official,principal
3241,1,0,0.37402853056053625,probability_native,0.37402853056053625,u_5243d930718e3aba,1,0,official,principal
3645,0,0,0.31517978219909853,probability_native,0.31517978219909853,u_5243d930718e3aba,1,0,official,principal
5525,0,0,0.07833352667208993,probability_native,0.07833352667208993,u_5243d930718e3aba,1,0,official,principal
2128,0,0,0.25261638056969815,probability_native,0.25261638056969815,u_5243d930718e3aba,1,0,official,principal
6797,0,1,0.6426744575365599,probability_native,0.6426744575365599,u_5243d930718e3aba,1,0,official,principal
6762,1,0,0.3787813213177292,probability_native,0.3787813213177292,u_5243d930718e3aba,1,0,official,principal
633,0,0,0.2050376510067121,probability_native,0.2050376510067121,u_5243d930718e3aba,1,0,official,principal
1612,1,0,0.1996376165276863,probability_native,0.1996376165276863,u_5243d930718e3aba,1,0,official,principal
5904,0,0,0.3450167938673856,probability_native,0.3450167938673856,u_5243d930718e3aba,1,0,official,principal
6856,0,0,0.03719404862472944,probability_native,0.03719404862472944,u_5243d930718e3aba,1,0,official,principal
1181,1,1,0.6243276209069722,probability_native,0.6243276209069722,u_5243d930718e3aba,1,0,official,principal
5495,1,1,0.7671025337292214,probability_native,0.7671025337292214,u_5243d930718e3aba,1,0,official,principal
6277,1,0,0.36067146396061817,probability_native,0.36067146396061817,u_5243d930718e3aba,1,0,official,principal
2306,0,1,0.8535461617076772,probability_native,0.8535461617076772,u_5243d930718e3aba,1,0,official,principal
1094,0,0,0.1904530851701107,probability_native,0.1904530851701107,u_5243d930718e3aba,1,0,official,principal
2872,0,0,0.08519262748951716,probability_native,0.08519262748951716,u_5243d930718e3aba,1,0,official,principal
4777,0,0,0.4910463216435848,probability_native,0.4910463216435848,u_5243d930718e3aba,1,0,official,principal
3189,0,0,0.2182612189795422,probability_native,0.2182612189795422,u_5243d930718e3aba,1,0,official,principal
4591,0,0,0.48731597875112864,probability_native,0.48731597875112864,u_5243d930718e3aba,1,0,official,principal
1908,0,0,0.027826553033621273,probability_native,0.027826553033621273,u_5243d930718e3aba,1,0,official,principal
2560,1,1,0.5499762367851758,probability_native,0.5499762367851758,u_5243d930718e3aba,1,0,official,principal
4616,0,0,0.46725519686378797,probability_native,0.46725519686378797,u_5243d930718e3aba,1,0,official,principal
3859,0,0,0.4206987255606014,probability_native,0.4206987255606014,u_5243d930718e3aba,1,0,official,principal
780,0,0,0.059628704763602415,probability_native,0.059628704763602415,u_5243d930718e3aba,1,0,official,principal
4720,0,0,0.3690240690047261,probability_native,0.3690240690047261,u_5243d930718e3aba,1,0,official,principal
858,0,0,0.12159175007707039,probability_native,0.12159175007707039,u_5243d930718e3aba,1,0,official,principal
1521,0,0,0.13492323452062271,probability_native,0.13492323452062271,u_5243d930718e3aba,1,0,official,principal
1319,1,0,0.39897674873103384,probability_native,0.39897674873103384,u_5243d930718e3aba,1,0,official,principal
3161,0,0,0.18985185955514736,probability_native,0.18985185955514736,u_5243d930718e3aba,1,0,official,principal
4181,0,1,0.6362012866647346,probability_native,0.6362012866647346,u_5243d930718e3aba,1,0,official,principal
5114,0,1,0.5176321107017164,probability_native,0.5176321107017164,u_5243d930718e3aba,1,0,official,principal
5064,1,1,0.52239541467079,probability_native,0.52239541467079,u_5243d930718e3aba,1,0,official,principal
1882,0,0,0.3103405861120121,probability_native,0.3103405861120121,u_5243d930718e3aba,1,0,official,principal
1301,0,0,0.026711860340883156,probability_native,0.026711860340883156,u_5243d930718e3aba,1,0,official,principal
5366,0,0,0.08579908376952403,probability_native,0.08579908376952403,u_5243d930718e3aba,1,0,official,principal
677,1,1,0.7709627496562222,probability_native,0.7709627496562222,u_5243d930718e3aba,1,0,official,principal
1944,1,0,0.4644762544437968,probability_native,0.4644762544437968,u_5243d930718e3aba,1,0,official,principal
693,1,1,0.851071103223717,probability_native,0.851071103223717,u_5243d930718e3aba,1,0,official,principal
1914,0,1,0.6715461166629815,probability_native,0.6715461166629815,u_5243d930718e3aba,1,0,official,principal
6960,0,1,0.7429436047888127,probability_native,0.7429436047888127,u_5243d930718e3aba,1,0,official,principal
141,1,1,0.520175839159138,probability_native,0.520175839159138,u_5243d930718e3aba,1,0,official,principal
4515,0,1,0.7675301293457719,probability_native,0.7675301293457719,u_5243d930718e3aba,1,0,official,principal
5683,1,1,0.5930808332270152,probability_native,0.5930808332270152,u_5243d930718e3aba,1,0,official,principal
1542,0,0,0.11675298735787408,probability_native,0.11675298735787408,u_5243d930718e3aba,1,0,official,principal
5073,0,0,0.4319961510134498,probability_native,0.4319961510134498,u_5243d930718e3aba,1,0,official,principal
261,1,1,0.9124359195501119,probability_native,0.9124359195501119,u_5243d930718e3aba,1,0,official,principal
2658,0,0,0.11504040789525717,probability_native,0.11504040789525717,u_5243d930718e3aba,1,0,official,principal
5192,0,0,0.030553923835581358,probability_native,0.030553923835581358,u_5243d930718e3aba,1,0,official,principal
2852,0,0,0.061196882637260724,probability_native,0.061196882637260724,u_5243d930718e3aba,1,0,official,principal
2994,0,0,0.03861559575923585,probability_native,0.03861559575923585,u_5243d930718e3aba,1,0,official,principal
2839,0,0,0.05275955654911501,probability_native,0.05275955654911501,u_5243d930718e3aba,1,0,official,principal
1983,0,0,0.230821181022132,probability_native,0.230821181022132,u_5243d930718e3aba,1,0,official,principal
1437,0,0,0.40696289006266556,probability_native,0.40696289006266556,u_5243d930718e3aba,1,0,official,principal
2901,0,0,0.16665384047664078,probability_native,0.16665384047664078,u_5243d930718e3aba,1,0,official,principal
220,1,1,0.850199669371968,probability_native,0.850199669371968,u_5243d930718e3aba,1,0,official,principal
759,0,0,0.06767067918622728,probability_native,0.06767067918622728,u_5243d930718e3aba,1,0,official,principal
2153,0,1,0.7213767436112984,probability_native,0.7213767436112984,u_5243d930718e3aba,1,0,official,principal
2394,0,0,0.2135029630659183,probability_native,0.2135029630659183,u_5243d930718e3aba,1,0,official,principal
39,1,1,0.8781990912352704,probability_native,0.8781990912352704,u_5243d930718e3aba,1,0,official,principal
668,1,1,0.5571645838755912,probability_native,0.5571645838755912,u_5243d930718e3aba,1,0,official,principal
4772,0,0,0.03746844086619757,probability_native,0.03746844086619757,u_5243d930718e3aba,1,0,official,principal
2065,0,1,0.7262092903097231,probability_native,0.7262092903097231,u_5243d930718e3aba,1,0,official,principal
1754,0,0,0.12456780362641302,probability_native,0.12456780362641302,u_5243d930718e3aba,1,0,official,principal
6756,0,1,0.8156983627510547,probability_native,0.8156983627510547,u_5243d930718e3aba,1,0,official,principal
2599,0,0,0.03766917212740644,probability_native,0.03766917212740644,u_5243d930718e3aba,1,0,official,principal
5565,1,1,0.6652177611310391,probability_native,0.6652177611310391,u_5243d930718e3aba,1,0,official,principal
1132,1,1,0.8486230933692807,probability_native,0.8486230933692807,u_5243d930718e3aba,1,0,official,principal
2441,0,1,0.8427500404888103,probability_native,0.8427500404888103,u_5243d930718e3aba,1,0,official,principal
3243,0,1,0.637072399574758,probability_native,0.637072399574758,u_5243d930718e3aba,1,0,official,principal
4260,0,0,0.19796599460092504,probability_native,0.19796599460092504,u_5243d930718e3aba,1,0,official,principal
432,0,1,0.5365559114971378,probability_native,0.5365559114971378,u_5243d930718e3aba,1,0,official,principal
4146,1,1,0.699554517806034,probability_native,0.699554517806034,u_5243d930718e3aba,1,0,official,principal
2971,0,0,0.051484521208807685,probability_native,0.051484521208807685,u_5243d930718e3aba,1,0,official,principal
855,1,0,0.473385371354093,probability_native,0.473385371354093,u_5243d930718e3aba,1,0,official,principal
1581,0,0,0.38974597363023616,probability_native,0.38974597363023616,u_5243d930718e3aba,1,0,official,principal
1550,0,1,0.8793500272263098,probability_native,0.8793500272263098,u_5243d930718e3aba,1,0,official,principal
1715,0,0,0.045101856647947636,probability_native,0.045101856647947636,u_5243d930718e3aba,1,0,official,principal
732,0,1,0.6518390523627275,probability_native,0.6518390523627275,u_5243d930718e3aba,1,0,official,principal
239,0,0,0.1404736078156095,probability_native,0.1404736078156095,u_5243d930718e3aba,1,0,official,principal
1243,1,1,0.6521128492696405,probability_native,0.6521128492696405,u_5243d930718e3aba,1,0,official,principal
2741,1,1,0.9253289393202059,probability_native,0.9253289393202059,u_5243d930718e3aba,1,0,official,principal
4421,0,1,0.5742159465816404,probability_native,0.5742159465816404,u_5243d930718e3aba,1,0,official,principal
6033,1,1,0.8446554355012024,probability_native,0.8446554355012024,u_5243d930718e3aba,1,0,official,principal
6082,1,1,0.5562333274101129,probability_native,0.5562333274101129,u_5243d930718e3aba,1,0,official,principal
3219,0,0,0.10653687618751449,probability_native,0.10653687618751449,u_5243d930718e3aba,1,0,official,principal
3053,0,0,0.21032113221024867,probability_native,0.21032113221024867,u_5243d930718e3aba,1,0,official,principal
4091,0,0,0.4910720814709676,probability_native,0.4910720814709676,u_5243d930718e3aba,1,0,official,principal
2751,0,0,0.44041579656726254,probability_native,0.44041579656726254,u_5243d930718e3aba,1,0,official,principal
5790,0,0,0.48060130726273176,probability_native,0.48060130726273176,u_5243d930718e3aba,1,0,official,principal
1463,1,1,0.8040570742452867,probability_native,0.8040570742452867,u_5243d930718e3aba,1,0,official,principal
3086,0,1,0.7476742209462456,probability_native,0.7476742209462456,u_5243d930718e3aba,1,0,official,principal
648,1,1,0.8776666014897386,probability_native,0.8776666014897386,u_5243d930718e3aba,1,0,official,principal
204,0,0,0.41086404881105815,probability_native,0.41086404881105815,u_5243d930718e3aba,1,0,official,principal
1384,1,1,0.7468649604741191,probability_native,0.7468649604741191,u_5243d930718e3aba,1,0,official,principal
4746,1,1,0.8893091985832641,probability_native,0.8893091985832641,u_5243d930718e3aba,1,0,official,principal
3421,0,0,0.08596063966921287,probability_native,0.08596063966921287,u_5243d930718e3aba,1,0,official,principal
957,0,1,0.5305046405191687,probability_native,0.5305046405191687,u_5243d930718e3aba,1,0,official,principal
2387,0,1,0.8886721761145796,probability_native,0.8886721761145796,u_5243d930718e3aba,1,0,official,principal
1679,0,1,0.6077901100709233,probability_native,0.6077901100709233,u_5243d930718e3aba,1,0,official,principal
4578,0,1,0.5666298965621868,probability_native,0.5666298965621868,u_5243d930718e3aba,1,0,official,principal
2578,1,1,0.7107320613856537,probability_native,0.7107320613856537,u_5243d930718e3aba,1,0,official,principal
1148,1,1,0.9342545628159434,probability_native,0.9342545628159434,u_5243d930718e3aba,1,0,official,principal
4679,0,0,0.06489386719191671,probability_native,0.06489386719191671,u_5243d930718e3aba,1,0,official,principal
926,1,1,0.8830000219771716,probability_native,0.8830000219771716,u_5243d930718e3aba,1,0,official,principal
4882,0,0,0.06742875338351195,probability_native,0.06742875338351195,u_5243d930718e3aba,1,0,official,principal
781,0,0,0.46105591075338315,probability_native,0.46105591075338315,u_5243d930718e3aba,1,0,official,principal
4102,0,1,0.5321319873435696,probability_native,0.5321319873435696,u_5243d930718e3aba,1,0,official,principal
6769,0,0,0.05307683545674916,probability_native,0.05307683545674916,u_5243d930718e3aba,1,0,official,principal
1858,1,1,0.6705609689652569,probability_native,0.6705609689652569,u_5243d930718e3aba,1,0,official,principal
1183,0,0,0.4243641482960328,probability_native,0.4243641482960328,u_5243d930718e3aba,1,0,official,principal
4217,0,1,0.8497084515267355,probability_native,0.8497084515267355,u_5243d930718e3aba,1,0,official,principal
3299,0,0,0.19481126411472324,probability_native,0.19481126411472324,u_5243d930718e3aba,1,0,official,principal
5663,0,1,0.7526384203893652,probability_native,0.7526384203893652,u_5243d930718e3aba,1,0,official,principal
5028,0,0,0.15642712587154273,probability_native,0.15642712587154273,u_5243d930718e3aba,1,0,official,principal
3920,0,0,0.1438766086127223,probability_native,0.1438766086127223,u_5243d930718e3aba,1,0,official,principal
425,0,0,0.25574669353898954,probability_native,0.25574669353898954,u_5243d930718e3aba,1,0,official,principal
4846,0,1,0.7190340003294059,probability_native,0.7190340003294059,u_5243d930718e3aba,1,0,official,principal
6013,0,1,0.573437370041563,probability_native,0.573437370041563,u_5243d930718e3aba,1,0,official,principal
1367,0,1,0.5294560785858015,probability_native,0.5294560785858015,u_5243d930718e3aba,1,0,official,principal
4366,0,1,0.6690772909423767,probability_native,0.6690772909423767,u_5243d930718e3aba,1,0,official,principal
2214,1,1,0.8285593446685121,probability_native,0.8285593446685121,u_5243d930718e3aba,1,0,official,principal
2057,1,1,0.547117257537234,probability_native,0.547117257537234,u_5243d930718e3aba,1,0,official,principal
1974,1,1,0.8380487981619743,probability_native,0.8380487981619743,u_5243d930718e3aba,1,0,official,principal
5318,0,0,0.07238895947683914,probability_native,0.07238895947683914,u_5243d930718e3aba,1,0,official,principal
725,0,0,0.43326137501217843,probability_native,0.43326137501217843,u_5243d930718e3aba,1,0,official,principal
3323,0,0,0.16732628291714244,probability_native,0.16732628291714244,u_5243d930718e3aba,1,0,official,principal
3403,0,0,0.3500242705789283,probability_native,0.3500242705789283,u_5243d930718e3aba,1,0,official,principal
5802,0,0,0.388654109957491,probability_native,0.388654109957491,u_5243d930718e3aba,1,0,official,principal
5047,0,1,0.5883838811981106,probability_native,0.5883838811981106,u_5243d930718e3aba,1,0,official,principal
3620,0,0,0.48796602716557363,probability_native,0.48796602716557363,u_5243d930718e3aba,1,0,official,principal
2115,0,0,0.2086348155952031,probability_native,0.2086348155952031,u_5243d930718e3aba,1,0,official,principal
6099,0,0,0.026033174648435773,probability_native,0.026033174648435773,u_5243d930718e3aba,1,0,official,principal
5309,0,0,0.03421828353946832,probability_native,0.03421828353946832,u_5243d930718e3aba,1,0,official,principal
1655,1,0,0.4776558163330251,probability_native,0.4776558163330251,u_5243d930718e3aba,1,0,official,principal
5191,0,0,0.21258546342030932,probability_native,0.21258546342030932,u_5243d930718e3aba,1,0,official,principal
6347,0,1,0.7255966944732011,probability_native,0.7255966944732011,u_5243d930718e3aba,1,0,official,principal
151,1,1,0.8481249851241695,probability_native,0.8481249851241695,u_5243d930718e3aba,1,0,official,principal
508,1,1,0.7802812797200491,probability_native,0.7802812797200491,u_5243d930718e3aba,1,0,official,principal
562,0,0,0.4642310346490875,probability_native,0.4642310346490875,u_5243d930718e3aba,1,0,official,principal
5772,0,0,0.08036097931612991,probability_native,0.08036097931612991,u_5243d930718e3aba,1,0,official,principal
1355,0,0,0.4870402426258851,probability_native,0.4870402426258851,u_5243d930718e3aba,1,0,official,principal
6546,0,0,0.44890964333362954,probability_native,0.44890964333362954,u_5243d930718e3aba,1,0,official,principal
6441,0,0,0.25646960157516574,probability_native,0.25646960157516574,u_5243d930718e3aba,1,0,official,principal
5180,0,0,0.04479748835119538,probability_native,0.04479748835119538,u_5243d930718e3aba,1,0,official,principal
3045,0,0,0.2658066878855524,probability_native,0.2658066878855524,u_5243d930718e3aba,1,0,official,principal
3204,0,0,0.10301423626675651,probability_native,0.10301423626675651,u_5243d930718e3aba,1,0,official,principal
2413,0,0,0.15681298211574313,probability_native,0.15681298211574313,u_5243d930718e3aba,1,0,official,principal
5084,0,0,0.12049021875329664,probability_native,0.12049021875329664,u_5243d930718e3aba,1,0,official,principal
7010,1,1,0.9000864867903952,probability_native,0.9000864867903952,u_5243d930718e3aba,1,0,official,principal
6787,0,1,0.6660364068808496,probability_native,0.6660364068808496,u_5243d930718e3aba,1,0,official,principal
3962,1,1,0.9097731104725839,probability_native,0.9097731104725839,u_5243d930718e3aba,1,0,official,principal
4209,0,0,0.17726219631131904,probability_native,0.17726219631131904,u_5243d930718e3aba,1,0,official,principal
1967,1,0,0.06376114306063065,probability_native,0.06376114306063065,u_5243d930718e3aba,1,0,official,principal
2087,1,1,0.5864380321668855,probability_native,0.5864380321668855,u_5243d930718e3aba,1,0,official,principal
3800,0,0,0.09041132578889394,probability_native,0.09041132578889394,u_5243d930718e3aba,1,0,official,principal
857,1,1,0.6295415588830261,probability_native,0.6295415588830261,u_5243d930718e3aba,1,0,official,principal
6671,0,0,0.23744750097991038,probability_native,0.23744750097991038,u_5243d930718e3aba,1,0,official,principal
3527,1,1,0.8368707325976055,probability_native,0.8368707325976055,u_5243d930718e3aba,1,0,official,principal
2198,0,0,0.3041028151345517,probability_native,0.3041028151345517,u_5243d930718e3aba,1,0,official,principal
3224,1,1,0.7742782254045469,probability_native,0.7742782254045469,u_5243d930718e3aba,1,0,official,principal
1804,0,0,0.1343275241208433,probability_native,0.1343275241208433,u_5243d930718e3aba,1,0,official,principal
5866,0,0,0.44721042799624333,probability_native,0.44721042799624333,u_5243d930718e3aba,1,0,official,principal
974,0,0,0.09277355974546954,probability_native,0.09277355974546954,u_5243d930718e3aba,1,0,official,principal
4406,0,0,0.2748443105726091,probability_native,0.2748443105726091,u_5243d930718e3aba,1,0,official,principal
5404,0,0,0.32101196582458646,probability_native,0.32101196582458646,u_5243d930718e3aba,1,0,official,principal
5513,0,0,0.1307627032473158,probability_native,0.1307627032473158,u_5243d930718e3aba,1,0,official,principal
1194,0,1,0.5398146446554891,probability_native,0.5398146446554891,u_5243d930718e3aba,1,0,official,principal
4689,0,0,0.4741592388850082,probability_native,0.4741592388850082,u_5243d930718e3aba,1,0,official,principal
5468,1,1,0.8820926510657779,probability_native,0.8820926510657779,u_5243d930718e3aba,1,0,official,principal
3816,0,0,0.1240156474950559,probability_native,0.1240156474950559,u_5243d930718e3aba,1,0,official,principal
4786,0,0,0.3479055039236532,probability_native,0.3479055039236532,u_5243d930718e3aba,1,0,official,principal
6621,0,0,0.04324574764391807,probability_native,0.04324574764391807,u_5243d930718e3aba,1,0,official,principal
5380,1,1,0.8874698768703772,probability_native,0.8874698768703772,u_5243d930718e3aba,1,0,official,principal
0,0,1,0.6984860476580738,probability_native,0.6984860476580738,u_5243d930718e3aba,1,0,official,principal
360,0,0,0.2880338920864069,probability_native,0.2880338920864069,u_5243d930718e3aba,1,0,official,principal
4067,0,0,0.059424201144031845,probability_native,0.059424201144031845,u_5243d930718e3aba,1,0,official,principal
6741,1,1,0.8830173219324309,probability_native,0.8830173219324309,u_5243d930718e3aba,1,0,official,principal
1484,0,0,0.341286534368383,probability_native,0.341286534368383,u_5243d930718e3aba,1,0,official,principal
2145,0,1,0.7537586353933775,probability_native,0.7537586353933775,u_5243d930718e3aba,1,0,official,principal
502,0,0,0.058493151821071156,probability_native,0.058493151821071156,u_5243d930718e3aba,1,0,official,principal
2391,0,1,0.7774671717539576,probability_native,0.7774671717539576,u_5243d930718e3aba,1,0,official,principal
6841,0,0,0.4152359073340453,probability_native,0.4152359073340453,u_5243d930718e3aba,1,0,official,principal
735,0,0,0.38125720678292296,probability_native,0.38125720678292296,u_5243d930718e3aba,1,0,official,principal
1813,0,1,0.7658891209263561,probability_native,0.7658891209263561,u_5243d930718e3aba,1,0,official,principal
6609,1,0,0.4591228748813586,probability_native,0.4591228748813586,u_5243d930718e3aba,1,0,official,principal
1667,0,0,0.27845072859893794,probability_native,0.27845072859893794,u_5243d930718e3aba,1,0,official,principal
2243,0,1,0.6322078650219548,probability_native,0.6322078650219548,u_5243d930718e3aba,1,0,official,principal
4106,1,1,0.8812978727824852,probability_native,0.8812978727824852,u_5243d930718e3aba,1,0,official,principal
4779,0,1,0.8506838877305818,probability_native,0.8506838877305818,u_5243d930718e3aba,1,0,official,principal
5668,0,1,0.7645760769198822,probability_native,0.7645760769198822,u_5243d930718e3aba,1,0,official,principal
1264,0,0,0.1548281005965076,probability_native,0.1548281005965076,u_5243d930718e3aba,1,0,official,principal
3,0,0,0.07917592905418888,probability_native,0.07917592905418888,u_5243d930718e3aba,1,0,official,principal
2705,0,0,0.03210997810670301,probability_native,0.03210997810670301,u_5243d930718e3aba,1,0,official,principal
3175,1,1,0.7292518126033471,probability_native,0.7292518126033471,u_5243d930718e3aba,1,0,official,principal
2831,1,1,0.8844746591816486,probability_native,0.8844746591816486,u_5243d930718e3aba,1,0,official,principal
3677,0,0,0.4926374724812643,probability_native,0.4926374724812643,u_5243d930718e3aba,1,0,official,principal
4896,0,0,0.4632003095921228,probability_native,0.4632003095921228,u_5243d930718e3aba,1,0,official,principal
986,0,0,0.4877188152089032,probability_native,0.4877188152089032,u_5243d930718e3aba,1,0,official,principal
4434,0,1,0.6354201916502552,probability_native,0.6354201916502552,u_5243d930718e3aba,1,0,official,principal
5865,0,0,0.3550392365339263,probability_native,0.3550392365339263,u_5243d930718e3aba,1,0,official,principal
4742,0,0,0.03755095952145831,probability_native,0.03755095952145831,u_5243d930718e3aba,1,0,official,principal
4502,1,1,0.7045020690161413,probability_native,0.7045020690161413,u_5243d930718e3aba,1,0,official,principal
3294,1,1,0.7637152391680629,probability_native,0.7637152391680629,u_5243d930718e3aba,1,0,official,principal
4237,1,1,0.8034458562396434,probability_native,0.8034458562396434,u_5243d930718e3aba,1,0,official,principal
2721,1,1,0.8780989448204326,probability_native,0.8780989448204326,u_5243d930718e3aba,1,0,official,principal
4886,0,0,0.23527074417198074,probability_native,0.23527074417198074,u_5243d930718e3aba,1,0,official,principal
647,0,0,0.21167102509601438,probability_native,0.21167102509601438,u_5243d930718e3aba,1,0,official,principal
6601,0,0,0.16534517961523332,probability_native,0.16534517961523332,u_5243d930718e3aba,1,0,official,principal
6071,0,0,0.16469320004399757,probability_native,0.16469320004399757,u_5243d930718e3aba,1,0,official,principal
6448,1,0,0.4625038870622328,probability_native,0.4625038870622328,u_5243d930718e3aba,1,0,official,principal
6811,1,1,0.8171334717140234,probability_native,0.8171334717140234,u_5243d930718e3aba,1,0,official,principal
91,0,1,0.7876533206400439,probability_native,0.7876533206400439,u_5243d930718e3aba,1,0,official,principal
2,1,1,0.5013889141073059,probability_native,0.5013889141073059,u_5243d930718e3aba,1,0,official,principal
6612,1,1,0.7610641715327403,probability_native,0.7610641715327403,u_5243d930718e3aba,1,0,official,principal
2524,0,0,0.02024391468327923,probability_native,0.02024391468327923,u_5243d930718e3aba,1,0,official,principal
2835,0,0,0.07036691812838025,probability_native,0.07036691812838025,u_5243d930718e3aba,1,0,official,principal
3637,1,0,0.3153055932096988,probability_native,0.3153055932096988,u_5243d930718e3aba,1,0,official,principal
2356,0,0,0.291543994802792,probability_native,0.291543994802792,u_5243d930718e3aba,1,0,official,principal
630,1,1,0.578002999466171,probability_native,0.578002999466171,u_5243d930718e3aba,1,0,official,principal
4702,0,0,0.35666501623939123,probability_native,0.35666501623939123,u_5243d930718e3aba,1,0,official,principal
1057,1,1,0.7423529701372673,probability_native,0.7423529701372673,u_5243d930718e3aba,1,0,official,principal
1749,0,1,0.6653184498934425,probability_native,0.6653184498934425,u_5243d930718e3aba,1,0,official,principal
3285,0,0,0.04088611441687375,probability_native,0.04088611441687375,u_5243d930718e3aba,1,0,official,principal
6248,0,0,0.08205292502942389,probability_native,0.08205292502942389,u_5243d930718e3aba,1,0,official,principal
6089,1,1,0.9197414983360332,probability_native,0.9197414983360332,u_5243d930718e3aba,1,0,official,principal
3829,1,1,0.7828636535945557,probability_native,0.7828636535945557,u_5243d930718e3aba,1,0,official,principal
394,0,1,0.8053027560436751,probability_native,0.8053027560436751,u_5243d930718e3aba,1,0,official,principal
4623,0,0,0.4304986774289445,probability_native,0.4304986774289445,u_5243d930718e3aba,1,0,official,principal
76,0,0,0.1873666740610939,probability_native,0.1873666740610939,u_5243d930718e3aba,1,0,official,principal
920,0,0,0.056901947457253396,probability_native,0.056901947457253396,u_5243d930718e3aba,1,0,official,principal
4884,0,1,0.6096386462744282,probability_native,0.6096386462744282,u_5243d930718e3aba,1,0,official,principal
5256,1,0,0.23585123258536497,probability_native,0.23585123258536497,u_5243d930718e3aba,1,0,official,principal
6343,0,0,0.09500820840966216,probability_native,0.09500820840966216,u_5243d930718e3aba,1,0,official,principal
1903,0,1,0.9127378143915609,probability_native,0.9127378143915609,u_5243d930718e3aba,1,0,official,principal
4975,0,0,0.25552834298530425,probability_native,0.25552834298530425,u_5243d930718e3aba,1,0,official,principal
2630,0,0,0.110668758622802,probability_native,0.110668758622802,u_5243d930718e3aba,1,0,official,principal
5094,0,0,0.18245627900081057,probability_native,0.18245627900081057,u_5243d930718e3aba,1,0,official,principal
3609,0,1,0.5047675391563622,probability_native,0.5047675391563622,u_5243d930718e3aba,1,0,official,principal
6837,0,1,0.9018400278054065,probability_native,0.9018400278054065,u_5243d930718e3aba,1,0,official,principal
6403,0,0,0.11039504919147541,probability_native,0.11039504919147541,u_5243d930718e3aba,1,0,official,principal
1820,0,1,0.5324282377779352,probability_native,0.5324282377779352,u_5243d930718e3aba,1,0,official,principal
1602,1,1,0.8118905487027814,probability_native,0.8118905487027814,u_5243d930718e3aba,1,0,official,principal
1410,1,1,0.939777724173394,probability_native,0.939777724173394,u_5243d930718e3aba,1,0,official,principal
438,0,1,0.5987381707117191,probability_native,0.5987381707117191,u_5243d930718e3aba,1,0,official,principal
4328,0,1,0.6635472249835455,probability_native,0.6635472249835455,u_5243d930718e3aba,1,0,official,principal
3912,0,0,0.10829781889073858,probability_native,0.10829781889073858,u_5243d930718e3aba,1,0,official,principal
5933,1,1,0.9312192803780306,probability_native,0.9312192803780306,u_5243d930718e3aba,1,0,official,principal
5844,0,1,0.8036151405240821,probability_native,0.8036151405240821,u_5243d930718e3aba,1,0,official,principal
1267,0,0,0.09851494770689896,probability_native,0.09851494770689896,u_5243d930718e3aba,1,0,official,principal
4911,0,0,0.07539408594010324,probability_native,0.07539408594010324,u_5243d930718e3aba,1,0,official,principal
5554,0,0,0.05073580858807225,probability_native,0.05073580858807225,u_5243d930718e3aba,1,0,official,principal
4420,0,0,0.1600258926749581,probability_native,0.1600258926749581,u_5243d930718e3aba,1,0,official,principal
1053,1,1,0.6908109819334467,probability_native,0.6908109819334467,u_5243d930718e3aba,1,0,official,principal
5944,1,0,0.28791710795629893,probability_native,0.28791710795629893,u_5243d930718e3aba,1,0,official,principal
3862,0,0,0.025796429455161907,probability_native,0.025796429455161907,u_5243d930718e3aba,1,0,official,principal
2369,0,0,0.10521280365706273,probability_native,0.10521280365706273,u_5243d930718e3aba,1,0,official,principal
4452,0,0,0.037640744868978476,probability_native,0.037640744868978476,u_5243d930718e3aba,1,0,official,principal
2559,0,0,0.1792885174693757,probability_native,0.1792885174693757,u_5243d930718e3aba,1,0,official,principal
3522,0,0,0.06975542619285079,probability_native,0.06975542619285079,u_5243d930718e3aba,1,0,official,principal
4819,1,0,0.03872562004284294,probability_native,0.03872562004284294,u_5243d930718e3aba,1,0,official,principal
6535,1,1,0.5870498960586398,probability_native,0.5870498960586398,u_5243d930718e3aba,1,0,official,principal
1691,0,0,0.026916343968489406,probability_native,0.026916343968489406,u_5243d930718e3aba,1,0,official,principal
892,0,1,0.7035979548394534,probability_native,0.7035979548394534,u_5243d930718e3aba,1,0,official,principal
1541,0,0,0.026799040943777972,probability_native,0.026799040943777972,u_5243d930718e3aba,1,0,official,principal
1689,0,0,0.4575916251382305,probability_native,0.4575916251382305,u_5243d930718e3aba,1,0,official,principal
5967,1,1,0.6873299358514262,probability_native,0.6873299358514262,u_5243d930718e3aba,1,0,official,principal
6909,0,0,0.49437731178666494,probability_native,0.49437731178666494,u_5243d930718e3aba,1,0,official,principal
5120,1,0,0.36487831013677446,probability_native,0.36487831013677446,u_5243d930718e3aba,1,0,official,principal
6764,1,1,0.863270238137135,probability_native,0.863270238137135,u_5243d930718e3aba,1,0,official,principal
6259,0,0,0.06721326515876729,probability_native,0.06721326515876729,u_5243d930718e3aba,1,0,official,principal
229,0,0,0.10656668925792355,probability_native,0.10656668925792355,u_5243d930718e3aba,1,0,official,principal
6287,1,1,0.8148368211980382,probability_native,0.8148368211980382,u_5243d930718e3aba,1,0,official,principal
6658,1,1,0.7859130746445283,probability_native,0.7859130746445283,u_5243d930718e3aba,1,0,official,principal
399,0,0,0.11250145429864679,probability_native,0.11250145429864679,u_5243d930718e3aba,1,0,official,principal
1830,0,0,0.07387056471389042,probability_native,0.07387056471389042,u_5243d930718e3aba,1,0,official,principal
4194,0,0,0.04360965072101122,probability_native,0.04360965072101122,u_5243d930718e3aba,1,0,official,principal
1227,0,0,0.34161551891160924,probability_native,0.34161551891160924,u_5243d930718e3aba,1,0,official,principal
5236,0,0,0.45828089176999826,probability_native,0.45828089176999826,u_5243d930718e3aba,1,0,official,principal
1849,1,1,0.6567257463620859,probability_native,0.6567257463620859,u_5243d930718e3aba,1,0,official,principal
4221,0,0,0.3610723321786379,probability_native,0.3610723321786379,u_5243d930718e3aba,1,0,official,principal
1134,0,0,0.4528241356064961,probability_native,0.4528241356064961,u_5243d930718e3aba,1,0,official,principal
4394,0,0,0.4710786937811655,probability_native,0.4710786937811655,u_5243d930718e3aba,1,0,official,principal
2040,0,0,0.046410652183665344,probability_native,0.046410652183665344,u_5243d930718e3aba,1,0,official,principal
2097,0,1,0.889733020715292,probability_native,0.889733020715292,u_5243d930718e3aba,1,0,official,principal
6178,0,0,0.07322760133158088,probability_native,0.07322760133158088,u_5243d930718e3aba,1,0,official,principal
5419,0,0,0.10974853110500774,probability_native,0.10974853110500774,u_5243d930718e3aba,1,0,official,principal
5257,1,1,0.8399929111833152,probability_native,0.8399929111833152,u_5243d930718e3aba,1,0,official,principal
2690,1,1,0.7975280330881181,probability_native,0.7975280330881181,u_5243d930718e3aba,1,0,official,principal
3111,1,0,0.27412915209913047,probability_native,0.27412915209913047,u_5243d930718e3aba,1,0,official,principal
3870,0,0,0.157815094551176,probability_native,0.157815094551176,u_5243d930718e3aba,1,0,official,principal
615,0,0,0.49959499858405615,probability_native,0.49959499858405615,u_5243d930718e3aba,1,0,official,principal
4108,0,0,0.1139257092143077,probability_native,0.1139257092143077,u_5243d930718e3aba,1,0,official,principal
5795,0,1,0.6910880488053859,probability_native,0.6910880488053859,u_5243d930718e3aba,1,0,official,principal
4752,0,0,0.14792177611504795,probability_native,0.14792177611504795,u_5243d930718e3aba,1,0,official,principal
2018,1,1,0.6584830324896674,probability_native,0.6584830324896674,u_5243d930718e3aba,1,0,official,principal
3878,0,0,0.11398746710913128,probability_native,0.11398746710913128,u_5243d930718e3aba,1,0,official,principal
5090,1,1,0.7814688030967365,probability_native,0.7814688030967365,u_5243d930718e3aba,1,0,official,principal
6533,0,1,0.8035987064857159,probability_native,0.8035987064857159,u_5243d930718e3aba,1,0,official,principal
1481,0,0,0.03978646284011677,probability_native,0.03978646284011677,u_5243d930718e3aba,1,0,official,principal
1046,0,0,0.0958796577331462,probability_native,0.0958796577331462,u_5243d930718e3aba,1,0,official,principal
6716,1,1,0.823682655941511,probability_native,0.823682655941511,u_5243d930718e3aba,1,0,official,principal
697,1,1,0.6535045567753415,probability_native,0.6535045567753415,u_5243d930718e3aba,1,0,official,principal
6850,0,0,0.027709902686835767,probability_native,0.027709902686835767,u_5243d930718e3aba,1,0,official,principal
6721,0,0,0.11435134044078656,probability_native,0.11435134044078656,u_5243d930718e3aba,1,0,official,principal
4791,0,0,0.33836898552882283,probability_native,0.33836898552882283,u_5243d930718e3aba,1,0,official,principal
3619,0,0,0.02961552040099665,probability_native,0.02961552040099665,u_5243d930718e3aba,1,0,official,principal
2047,0,1,0.7290560328297321,probability_native,0.7290560328297321,u_5243d930718e3aba,1,0,official,principal
5253,0,0,0.4213114595810138,probability_native,0.4213114595810138,u_5243d930718e3aba,1,0,official,principal
6392,0,0,0.3230170616975829,probability_native,0.3230170616975829,u_5243d930718e3aba,1,0,official,principal
5880,1,1,0.6901140177165819,probability_native,0.6901140177165819,u_5243d930718e3aba,1,0,official,principal
5976,0,0,0.322243686182158,probability_native,0.322243686182158,u_5243d930718e3aba,1,0,official,principal
191,1,1,0.8473553462035676,probability_native,0.8473553462035676,u_5243d930718e3aba,1,0,official,principal
4348,1,0,0.4619302026180622,probability_native,0.4619302026180622,u_5243d930718e3aba,1,0,official,principal
2720,1,1,0.6020197025638164,probability_native,0.6020197025638164,u_5243d930718e3aba,1,0,official,principal
600,0,1,0.6353713411773633,probability_native,0.6353713411773633,u_5243d930718e3aba,1,0,official,principal
4143,1,1,0.815269884224212,probability_native,0.815269884224212,u_5243d930718e3aba,1,0,official,principal
1660,0,0,0.1796995660924642,probability_native,0.1796995660924642,u_5243d930718e3aba,1,0,official,principal
596,0,0,0.17135077193791792,probability_native,0.17135077193791792,u_5243d930718e3aba,1,0,official,principal
6549,1,1,0.7809784872361935,probability_native,0.7809784872361935,u_5243d930718e3aba,1,0,official,principal
3971,1,0,0.13532002220018835,probability_native,0.13532002220018835,u_5243d930718e3aba,1,0,official,principal
788,0,0,0.31827613261756665,probability_native,0.31827613261756665,u_5243d930718e3aba,1,0,official,principal
5950,0,1,0.6820133478863037,probability_native,0.6820133478863037,u_5243d930718e3aba,1,0,official,principal
1686,1,0,0.4097809080189163,probability_native,0.4097809080189163,u_5243d930718e3aba,1,0,official,principal
6900,0,1,0.5222157726197444,probability_native,0.5222157726197444,u_5243d930718e3aba,1,0,official,principal
865,1,1,0.7163597332622157,probability_native,0.7163597332622157,u_5243d930718e3aba,1,0,official,principal
3091,0,0,0.23563859536938433,probability_native,0.23563859536938433,u_5243d930718e3aba,1,0,official,principal
111,0,0,0.05681124000775276,probability_native,0.05681124000775276,u_5243d930718e3aba,1,0,official,principal
4283,0,1,0.8648843057258031,probability_native,0.8648843057258031,u_5243d930718e3aba,1,0,official,principal
44,0,1,0.5396880356301398,probability_native,0.5396880356301398,u_5243d930718e3aba,1,0,official,principal
4602,0,0,0.055950910925802184,probability_native,0.055950910925802184,u_5243d930718e3aba,1,0,official,principal
2680,0,0,0.029756946000597476,probability_native,0.029756946000597476,u_5243d930718e3aba,1,0,official,principal
702,0,1,0.8008587919222196,probability_native,0.8008587919222196,u_5243d930718e3aba,1,0,official,principal
6644,0,0,0.4258452358897748,probability_native,0.4258452358897748,u_5243d930718e3aba,1,0,official,principal
6005,0,0,0.20659037775372538,probability_native,0.20659037775372538,u_5243d930718e3aba,1,0,official,principal
5729,0,0,0.16073882106061288,probability_native,0.16073882106061288,u_5243d930718e3aba,1,0,official,principal
5452,0,0,0.1509569044005229,probability_native,0.1509569044005229,u_5243d930718e3aba,1,0,official,principal
6317,1,1,0.8737192390974236,probability_native,0.8737192390974236,u_5243d930718e3aba,1,0,official,principal
4197,0,1,0.7993830602138868,probability_native,0.7993830602138868,u_5243d930718e3aba,1,0,official,principal
6785,1,0,0.2069593231253398,probability_native,0.2069593231253398,u_5243d930718e3aba,1,0,official,principal
5598,0,0,0.04095367252320747,probability_native,0.04095367252320747,u_5243d930718e3aba,1,0,official,principal
1113,1,1,0.594285960928708,probability_native,0.594285960928708,u_5243d930718e3aba,1,0,official,principal
2263,1,1,0.6474148962702315,probability_native,0.6474148962702315,u_5243d930718e3aba,1,0,official,principal
6880,0,0,0.02521070420985781,probability_native,0.02521070420985781,u_5243d930718e3aba,1,0,official,principal
5738,1,0,0.37598256556103843,probability_native,0.37598256556103843,u_5243d930718e3aba,1,0,official,principal
4549,0,1,0.6182489351537293,probability_native,0.6182489351537293,u_5243d930718e3aba,1,0,official,principal
4271,0,0,0.0980713990242606,probability_native,0.0980713990242606,u_5243d930718e3aba,1,0,official,principal
5266,0,0,0.09496367387311805,probability_native,0.09496367387311805,u_5243d930718e3aba,1,0,official,principal
1993,1,1,0.6675347042831796,probability_native,0.6675347042831796,u_5243d930718e3aba,1,0,official,principal
4082,1,0,0.16420276093666197,probability_native,0.16420276093666197,u_5243d930718e3aba,1,0,official,principal
4997,1,1,0.7613394221067228,probability_native,0.7613394221067228,u_5243d930718e3aba,1,0,official,principal
63,0,0,0.2335115618106653,probability_native,0.2335115618106653,u_5243d930718e3aba,1,0,official,principal
5853,0,0,0.2273008992483407,probability_native,0.2273008992483407,u_5243d930718e3aba,1,0,official,principal
4730,0,1,0.708973551892884,probability_native,0.708973551892884,u_5243d930718e3aba,1,0,official,principal
4225,0,0,0.30464396121335074,probability_native,0.30464396121335074,u_5243d930718e3aba,1,0,official,principal
368,0,0,0.32624197653542336,probability_native,0.32624197653542336,u_5243d930718e3aba,1,0,official,principal
2407,1,1,0.8523362565571183,probability_native,0.8523362565571183,u_5243d930718e3aba,1,0,official,principal
5118,0,0,0.47943303298469386,probability_native,0.47943303298469386,u_5243d930718e3aba,1,0,official,principal
1912,0,0,0.08409699039989993,probability_native,0.08409699039989993,u_5243d930718e3aba,1,0,official,principal
4277,0,0,0.4243322188488856,probability_native,0.4243322188488856,u_5243d930718e3aba,1,0,official,principal
2826,0,0,0.4109737484600786,probability_native,0.4109737484600786,u_5243d930718e3aba,1,0,official,principal
6883,0,1,0.556652685669765,probability_native,0.556652685669765,u_5243d930718e3aba,1,0,official,principal
3578,0,0,0.22765687198403123,probability_native,0.22765687198403123,u_5243d930718e3aba,1,0,official,principal
2648,0,0,0.4047824636461488,probability_native,0.4047824636461488,u_5243d930718e3aba,1,0,official,principal
2458,0,0,0.3704038324825128,probability_native,0.3704038324825128,u_5243d930718e3aba,1,0,official,principal
2420,0,0,0.4230691701503758,probability_native,0.4230691701503758,u_5243d930718e3aba,1,0,official,principal
1464,0,0,0.3535375719691279,probability_native,0.3535375719691279,u_5243d930718e3aba,1,0,official,principal
3121,1,1,0.5869859105182478,probability_native,0.5869859105182478,u_5243d930718e3aba,1,0,official,principal
6360,1,0,0.4669071367628896,probability_native,0.4669071367628896,u_5243d930718e3aba,1,0,official,principal
6622,1,1,0.678304671835582,probability_native,0.678304671835582,u_5243d930718e3aba,1,0,official,principal
5649,0,0,0.16700972474615255,probability_native,0.16700972474615255,u_5243d930718e3aba,1,0,official,principal
4983,1,1,0.5263114295225025,probability_native,0.5263114295225025,u_5243d930718e3aba,1,0,official,principal
4149,1,0,0.11427759376661459,probability_native,0.11427759376661459,u_5243d930718e3aba,1,0,official,principal
5405,0,1,0.542458813651422,probability_native,0.542458813651422,u_5243d930718e3aba,1,0,official,principal
944,0,0,0.419335936175612,probability_native,0.419335936175612,u_5243d930718e3aba,1,0,official,principal
5074,0,0,0.0536934475981406,probability_native,0.0536934475981406,u_5243d930718e3aba,1,0,official,principal
5285,0,0,0.07848741108118794,probability_native,0.07848741108118794,u_5243d930718e3aba,1,0,official,principal
247,1,1,0.8078616220148614,probability_native,0.8078616220148614,u_5243d930718e3aba,1,0,official,principal
5451,0,0,0.14552862952379597,probability_native,0.14552862952379597,u_5243d930718e3aba,1,0,official,principal
147,1,1,0.7281534329768825,probability_native,0.7281534329768825,u_5243d930718e3aba,1,0,official,principal
4291,0,0,0.10361369097448009,probability_native,0.10361369097448009,u_5243d930718e3aba,1,0,official,principal
152,0,0,0.1916583628506608,probability_native,0.1916583628506608,u_5243d930718e3aba,1,0,official,principal
5127,1,0,0.209880635786418,probability_native,0.209880635786418,u_5243d930718e3aba,1,0,official,principal
488,0,0,0.30210443091610273,probability_native,0.30210443091610273,u_5243d930718e3aba,1,0,official,principal
3999,1,1,0.8801330844809443,probability_native,0.8801330844809443,u_5243d930718e3aba,1,0,official,principal
5140,0,1,0.9161853169608722,probability_native,0.9161853169608722,u_5243d930718e3aba,1,0,official,principal
4812,1,0,0.4833087204088682,probability_native,0.4833087204088682,u_5243d930718e3aba,1,0,official,principal
5744,0,0,0.312247341208219,probability_native,0.312247341208219,u_5243d930718e3aba,1,0,official,principal
4959,1,0,0.37883568872966894,probability_native,0.37883568872966894,u_5243d930718e3aba,1,0,official,principal
2059,0,1,0.6735724328607506,probability_native,0.6735724328607506,u_5243d930718e3aba,1,0,official,principal
1680,0,0,0.07073434420827446,probability_native,0.07073434420827446,u_5243d930718e3aba,1,0,official,principal
4747,0,0,0.10766537676722186,probability_native,0.10766537676722186,u_5243d930718e3aba,1,0,official,principal
5618,0,0,0.3012160312368607,probability_native,0.3012160312368607,u_5243d930718e3aba,1,0,official,principal
1434,1,1,0.8182417711690028,probability_native,0.8182417711690028,u_5243d930718e3aba,1,0,official,principal
899,0,0,0.41540609208407175,probability_native,0.41540609208407175,u_5243d930718e3aba,1,0,official,principal
1729,0,0,0.12924085706090374,probability_native,0.12924085706090374,u_5243d930718e3aba,1,0,official,principal
310,0,0,0.4674837407734932,probability_native,0.4674837407734932,u_5243d930718e3aba,1,0,official,principal
4668,0,1,0.540373871381863,probability_native,0.540373871381863,u_5243d930718e3aba,1,0,official,principal
5261,0,0,0.4379413469472197,probability_native,0.4379413469472197,u_5243d930718e3aba,1,0,official,principal
5022,0,0,0.061821659373868396,probability_native,0.061821659373868396,u_5243d930718e3aba,1,0,official,principal
5676,0,0,0.3806090372943912,probability_native,0.3806090372943912,u_5243d930718e3aba,1,0,official,principal
2907,1,1,0.7929085672898056,probability_native,0.7929085672898056,u_5243d930718e3aba,1,0,official,principal
6602,0,1,0.5822108759049632,probability_native,0.5822108759049632,u_5243d930718e3aba,1,0,official,principal
4389,0,1,0.7038366469043312,probability_native,0.7038366469043312,u_5243d930718e3aba,1,0,official,principal
4136,0,0,0.06889719269693505,probability_native,0.06889719269693505,u_5243d930718e3aba,1,0,official,principal
6511,0,0,0.051690001154277535,probability_native,0.051690001154277535,u_5243d930718e3aba,1,0,official,principal
2148,0,0,0.2876391712888131,probability_native,0.2876391712888131,u_5243d930718e3aba,1,0,official,principal
4691,1,1,0.6553336417835677,probability_native,0.6553336417835677,u_5243d930718e3aba,1,0,official,principal
711,0,1,0.6140545031135022,probability_native,0.6140545031135022,u_5243d930718e3aba,1,0,official,principal
5914,0,0,0.20771662592531373,probability_native,0.20771662592531373,u_5243d930718e3aba,1,0,official,principal
228,0,1,0.6431410026248655,probability_native,0.6431410026248655,u_5243d930718e3aba,1,0,official,principal
4450,1,0,0.47069335196501355,probability_native,0.47069335196501355,u_5243d930718e3aba,1,0,official,principal
6293,0,0,0.09963297433968453,probability_native,0.09963297433968453,u_5243d930718e3aba,1,0,official,principal
1212,0,1,0.8404436562983318,probability_native,0.8404436562983318,u_5243d930718e3aba,1,0,official,principal
4581,0,0,0.04141169410925265,probability_native,0.04141169410925265,u_5243d930718e3aba,1,0,official,principal
5231,1,1,0.9034160265296001,probability_native,0.9034160265296001,u_5243d930718e3aba,1,0,official,principal
1939,0,0,0.40539112349321527,probability_native,0.40539112349321527,u_5243d930718e3aba,1,0,official,principal
2847,0,1,0.5898903549043056,probability_native,0.5898903549043056,u_5243d930718e3aba,1,0,official,principal
6415,0,0,0.15580220527478714,probability_native,0.15580220527478714,u_5243d930718e3aba,1,0,official,principal
5625,0,0,0.3344189215301257,probability_native,0.3344189215301257,u_5243d930718e3aba,1,0,official,principal
2124,1,1,0.6797060016855087,probability_native,0.6797060016855087,u_5243d930718e3aba,1,0,official,principal
176,1,1,0.8150929687393342,probability_native,0.8150929687393342,u_5243d930718e3aba,1,0,official,principal
6685,0,0,0.2848788910181018,probability_native,0.2848788910181018,u_5243d930718e3aba,1,0,official,principal
5761,0,0,0.03762646302747108,probability_native,0.03762646302747108,u_5243d930718e3aba,1,0,official,principal
6733,0,0,0.26521440806045515,probability_native,0.26521440806045515,u_5243d930718e3aba,1,0,official,principal
2640,0,1,0.6430197328629895,probability_native,0.6430197328629895,u_5243d930718e3aba,1,0,official,principal
4525,0,1,0.5138603341532229,probability_native,0.5138603341532229,u_5243d930718e3aba,1,0,official,principal
1182,0,0,0.3262065234010512,probability_native,0.3262065234010512,u_5243d930718e3aba,1,0,official,principal
528,0,0,0.06109509668830103,probability_native,0.06109509668830103,u_5243d930718e3aba,1,0,official,principal
2126,0,1,0.5654462475884746,probability_native,0.5654462475884746,u_5243d930718e3aba,1,0,official,principal
2840,0,0,0.3024575803738439,probability_native,0.3024575803738439,u_5243d930718e3aba,1,0,official,principal
1610,0,0,0.03115731633087997,probability_native,0.03115731633087997,u_5243d930718e3aba,1,0,official,principal
6467,0,1,0.8078359117137577,probability_native,0.8078359117137577,u_5243d930718e3aba,1,0,official,principal
853,0,1,0.6003699793524111,probability_native,0.6003699793524111,u_5243d930718e3aba,1,0,official,principal
2343,0,1,0.6227889895607742,probability_native,0.6227889895607742,u_5243d930718e3aba,1,0,official,principal
3141,1,1,0.7923876684431992,probability_native,0.7923876684431992,u_5243d930718e3aba,1,0,official,principal
2581,0,0,0.29896451359871096,probability_native,0.29896451359871096,u_5243d930718e3aba,1,0,official,principal
4511,0,0,0.37105986956236403,probability_native,0.37105986956236403,u_5243d930718e3aba,1,0,official,principal
5472,0,0,0.3102775487538982,probability_native,0.3102775487538982,u_5243d930718e3aba,1,0,official,principal
4711,0,0,0.11269029447907938,probability_native,0.11269029447907938,u_5243d930718e3aba,1,0,official,principal
2727,1,1,0.89541472783039,probability_native,0.89541472783039,u_5243d930718e3aba,1,0,official,principal
1116,0,0,0.21291739212169017,probability_native,0.21291739212169017,u_5243d930718e3aba,1,0,official,principal
6781,1,1,0.7683981845257973,probability_native,0.7683981845257973,u_5243d930718e3aba,1,0,official,principal
3651,0,0,0.04387352139279826,probability_native,0.04387352139279826,u_5243d930718e3aba,1,0,official,principal
4785,1,1,0.8020390378086353,probability_native,0.8020390378086353,u_5243d930718e3aba,1,0,official,principal
278,0,1,0.6858664922355063,probability_native,0.6858664922355063,u_5243d930718e3aba,1,0,official,principal
584,0,0,0.45063782007689607,probability_native,0.45063782007689607,u_5243d930718e3aba,1,0,official,principal
5469,0,1,0.5608891849809,probability_native,0.5608891849809,u_5243d930718e3aba,1,0,official,principal
6120,0,1,0.662148341048254,probability_native,0.662148341048254,u_5243d930718e3aba,1,0,official,principal
3230,0,0,0.025565206191586313,probability_native,0.025565206191586313,u_5243d930718e3aba,1,0,official,principal
1348,1,1,0.8606997881192193,probability_native,0.8606997881192193,u_5243d930718e3aba,1,0,official,principal
484,1,1,0.8200573409044088,probability_native,0.8200573409044088,u_5243d930718e3aba,1,0,official,principal
3170,0,1,0.6725681918858809,probability_native,0.6725681918858809,u_5243d930718e3aba,1,0,official,principal
2885,0,0,0.189264540758226,probability_native,0.189264540758226,u_5243d930718e3aba,1,0,official,principal
3208,0,0,0.2314707504330124,probability_native,0.2314707504330124,u_5243d930718e3aba,1,0,official,principal
3491,0,0,0.23741513527912617,probability_native,0.23741513527912617,u_5243d930718e3aba,1,0,official,principal
1959,0,0,0.43389452280273827,probability_native,0.43389452280273827,u_5243d930718e3aba,1,0,official,principal
5249,0,0,0.030998222716439885,probability_native,0.030998222716439885,u_5243d930718e3aba,1,0,official,principal
1239,0,1,0.6003502158177668,probability_native,0.6003502158177668,u_5243d930718e3aba,1,0,official,principal
6465,0,0,0.030512131172716946,probability_native,0.030512131172716946,u_5243d930718e3aba,1,0,official,principal
1303,0,0,0.022251382615289833,probability_native,0.022251382615289833,u_5243d930718e3aba,1,0,official,principal
2330,0,0,0.44477914939048274,probability_native,0.44477914939048274,u_5243d930718e3aba,1,0,official,principal
5167,0,0,0.06361194821131946,probability_native,0.06361194821131946,u_5243d930718e3aba,1,0,official,principal
3710,0,0,0.16517251897581794,probability_native,0.16517251897581794,u_5243d930718e3aba,1,0,official,principal
1695,0,0,0.1779354368136772,probability_native,0.1779354368136772,u_5243d930718e3aba,1,0,official,principal
1021,0,0,0.11002969014329539,probability_native,0.11002969014329539,u_5243d930718e3aba,1,0,official,principal
3788,1,0,0.13845454966327933,probability_native,0.13845454966327933,u_5243d930718e3aba,1,0,official,principal
4863,0,0,0.031199013429513013,probability_native,0.031199013429513013,u_5243d930718e3aba,1,0,official,principal
4545,0,1,0.575931047735183,probability_native,0.575931047735183,u_5243d930718e3aba,1,0,official,principal
3021,0,0,0.34614913214751675,probability_native,0.34614913214751675,u_5243d930718e3aba,1,0,official,principal
6552,1,1,0.8745906469891256,probability_native,0.8745906469891256,u_5243d930718e3aba,1,0,official,principal
3215,0,1,0.6409612794335021,probability_native,0.6409612794335021,u_5243d930718e3aba,1,0,official,principal
6901,0,0,0.38755807225391753,probability_native,0.38755807225391753,u_5243d930718e3aba,1,0,official,principal
5148,0,0,0.23085801780191978,probability_native,0.23085801780191978,u_5243d930718e3aba,1,0,official,principal
5269,0,1,0.6403501314868844,probability_native,0.6403501314868844,u_5243d930718e3aba,1,0,official,principal
4047,0,0,0.1942950619326074,probability_native,0.1942950619326074,u_5243d930718e3aba,1,0,official,principal
6008,0,0,0.18191122406643814,probability_native,0.18191122406643814,u_5243d930718e3aba,1,0,official,principal
240,0,0,0.07940489529294703,probability_native,0.07940489529294703,u_5243d930718e3aba,1,0,official,principal
2873,1,1,0.8175006942603077,probability_native,0.8175006942603077,u_5243d930718e3aba,1,0,official,principal
5660,0,0,0.31393737527535953,probability_native,0.31393737527535953,u_5243d930718e3aba,1,0,official,principal
3114,0,1,0.596723502417832,probability_native,0.596723502417832,u_5243d930718e3aba,1,0,official,principal
4516,0,0,0.04882645801644191,probability_native,0.04882645801644191,u_5243d930718e3aba,1,0,official,principal
6425,0,0,0.08105032683498582,probability_native,0.08105032683498582,u_5243d930718e3aba,1,0,official,principal
6458,0,1,0.504819532594638,probability_native,0.504819532594638,u_5243d930718e3aba,1,0,official,principal
3953,1,1,0.8198323560420662,probability_native,0.8198323560420662,u_5243d930718e3aba,1,0,official,principal
3675,0,0,0.38217447761251294,probability_native,0.38217447761251294,u_5243d930718e3aba,1,0,official,principal
4425,0,0,0.35632768042433555,probability_native,0.35632768042433555,u_5243d930718e3aba,1,0,official,principal
5990,0,1,0.715398272364832,probability_native,0.715398272364832,u_5243d930718e3aba,1,0,official,principal
4126,0,0,0.2696799645251575,probability_native,0.2696799645251575,u_5243d930718e3aba,1,0,official,principal
5288,1,1,0.8982682589225691,probability_native,0.8982682589225691,u_5243d930718e3aba,1,0,official,principal
6348,0,1,0.652789140519373,probability_native,0.652789140519373,u_5243d930718e3aba,1,0,official,principal
2422,0,1,0.8844702147655137,probability_native,0.8844702147655137,u_5243d930718e3aba,1,0,official,principal
975,1,0,0.20396266255076706,probability_native,0.20396266255076706,u_5243d930718e3aba,1,0,official,principal
573,1,0,0.34306159683372306,probability_native,0.34306159683372306,u_5243d930718e3aba,1,0,official,principal
6219,1,1,0.7106155662063508,probability_native,0.7106155662063508,u_5243d930718e3aba,1,0,official,principal
1043,1,1,0.5459281286589283,probability_native,0.5459281286589283,u_5243d930718e3aba,1,0,official,principal
2529,1,0,0.14177168954789157,probability_native,0.14177168954789157,u_5243d930718e3aba,1,0,official,principal
1282,0,1,0.7618612330845577,probability_native,0.7618612330845577,u_5243d930718e3aba,1,0,official,principal
1340,0,0,0.20068322451422904,probability_native,0.20068322451422904,u_5243d930718e3aba,1,0,official,principal
6189,0,0,0.04845972812323403,probability_native,0.04845972812323403,u_5243d930718e3aba,1,0,official,principal
5510,0,1,0.7298382123322421,probability_native,0.7298382123322421,u_5243d930718e3aba,1,0,official,principal
3354,0,0,0.07510447685111253,probability_native,0.07510447685111253,u_5243d930718e3aba,1,0,official,principal
905,1,1,0.9300234473035466,probability_native,0.9300234473035466,u_5243d930718e3aba,1,0,official,principal
2735,0,1,0.5556968394523188,probability_native,0.5556968394523188,u_5243d930718e3aba,1,0,official,principal
6712,0,1,0.6389608269444311,probability_native,0.6389608269444311,u_5243d930718e3aba,1,0,official,principal
4333,0,0,0.42359759108286066,probability_native,0.42359759108286066,u_5243d930718e3aba,1,0,official,principal
1514,0,0,0.027198557547678158,probability_native,0.027198557547678158,u_5243d930718e3aba,1,0,official,principal
6608,1,0,0.2466969158970526,probability_native,0.2466969158970526,u_5243d930718e3aba,1,0,official,principal
135,0,0,0.11095140529447595,probability_native,0.11095140529447595,u_5243d930718e3aba,1,0,official,principal
3413,0,1,0.685768023487284,probability_native,0.685768023487284,u_5243d930718e3aba,1,0,official,principal
219,0,1,0.833046721339183,probability_native,0.833046721339183,u_5243d930718e3aba,1,0,official,principal
6754,0,0,0.24829680616306096,probability_native,0.24829680616306096,u_5243d930718e3aba,1,0,official,principal
6610,0,1,0.8418362664274991,probability_native,0.8418362664274991,u_5243d930718e3aba,1,0,official,principal
3549,0,0,0.03478966608052937,probability_native,0.03478966608052937,u_5243d930718e3aba,1,0,official,principal
257,0,0,0.22896199995440275,probability_native,0.22896199995440275,u_5243d930718e3aba,1,0,official,principal
4799,0,0,0.3249219178410136,probability_native,0.3249219178410136,u_5243d930718e3aba,1,0,official,principal
5248,0,0,0.26932267753485983,probability_native,0.26932267753485983,u_5243d930718e3aba,1,0,official,principal
3965,0,1,0.6190330896416639,probability_native,0.6190330896416639,u_5243d930718e3aba,1,0,official,principal
2942,0,0,0.08183399732176273,probability_native,0.08183399732176273,u_5243d930718e3aba,1,0,official,principal
5370,0,1,0.7758234634889498,probability_native,0.7758234634889498,u_5243d930718e3aba,1,0,official,principal
4495,1,1,0.865031939533652,probability_native,0.865031939533652,u_5243d930718e3aba,1,0,official,principal
3932,1,1,0.8999800422697203,probability_native,0.8999800422697203,u_5243d930718e3aba,1,0,official,principal
5347,0,0,0.1318083208795105,probability_native,0.1318083208795105,u_5243d930718e3aba,1,0,official,principal
5531,0,0,0.04807920394899944,probability_native,0.04807920394899944,u_5243d930718e3aba,1,0,official,principal
1273,0,0,0.4915724869272882,probability_native,0.4915724869272882,u_5243d930718e3aba,1,0,official,principal
6318,0,0,0.24148689965696657,probability_native,0.24148689965696657,u_5243d930718e3aba,1,0,official,principal
4284,0,1,0.7818028139163727,probability_native,0.7818028139163727,u_5243d930718e3aba,1,0,official,principal
1494,1,0,0.22623998101641532,probability_native,0.22623998101641532,u_5243d930718e3aba,1,0,official,principal
2190,0,0,0.06648094201688612,probability_native,0.06648094201688612,u_5243d930718e3aba,1,0,official,principal
4808,0,0,0.10527990343181763,probability_native,0.10527990343181763,u_5243d930718e3aba,1,0,official,principal
5926,0,0,0.44982617038092365,probability_native,0.44982617038092365,u_5243d930718e3aba,1,0,official,principal
138,0,0,0.047124816573537155,probability_native,0.047124816573537155,u_5243d930718e3aba,1,0,official,principal
1371,1,1,0.9150694399431788,probability_native,0.9150694399431788,u_5243d930718e3aba,1,0,official,principal
5357,0,0,0.035711934261078306,probability_native,0.035711934261078306,u_5243d930718e3aba,1,0,official,principal
1009,0,0,0.28486188341126434,probability_native,0.28486188341126434,u_5243d930718e3aba,1,0,official,principal
3995,1,0,0.47567455939156217,probability_native,0.47567455939156217,u_5243d930718e3aba,1,0,official,principal
3483,0,1,0.6853232081560826,probability_native,0.6853232081560826,u_5243d930718e3aba,1,0,official,principal
5815,1,1,0.9029243763437628,probability_native,0.9029243763437628,u_5243d930718e3aba,1,0,official,principal
1812,0,1,0.716576359723116,probability_native,0.716576359723116,u_5243d930718e3aba,1,0,official,principal
5493,1,1,0.9037338921336542,probability_native,0.9037338921336542,u_5243d930718e3aba,1,0,official,principal
3663,0,1,0.8562367411395949,probability_native,0.8562367411395949,u_5243d930718e3aba,1,0,official,principal
3654,0,1,0.5620202228697346,probability_native,0.5620202228697346,u_5243d930718e3aba,1,0,official,principal
568,1,1,0.822777842453972,probability_native,0.822777842453972,u_5243d930718e3aba,1,0,official,principal
5586,0,0,0.13212900124408222,probability_native,0.13212900124408222,u_5243d930718e3aba,1,0,official,principal
1656,0,0,0.37015867207641723,probability_native,0.37015867207641723,u_5243d930718e3aba,1,0,official,principal
4257,0,1,0.5770811525308776,probability_native,0.5770811525308776,u_5243d930718e3aba,1,0,official,principal
304,0,1,0.5448348257241507,probability_native,0.5448348257241507,u_5243d930718e3aba,1,0,official,principal
5239,0,0,0.13429103131665446,probability_native,0.13429103131665446,u_5243d930718e3aba,1,0,official,principal
2624,0,0,0.38474694130930376,probability_native,0.38474694130930376,u_5243d930718e3aba,1,0,official,principal
4586,0,0,0.11856726345406944,probability_native,0.11856726345406944,u_5243d930718e3aba,1,0,official,principal
939,0,0,0.28219346155880093,probability_native,0.28219346155880093,u_5243d930718e3aba,1,0,official,principal
4915,0,0,0.47045444624521404,probability_native,0.47045444624521404,u_5243d930718e3aba,1,0,official,principal
5846,0,1,0.8532276398555602,probability_native,0.8532276398555602,u_5243d930718e3aba,1,0,official,principal
4036,0,0,0.27161307789360895,probability_native,0.27161307789360895,u_5243d930718e3aba,1,0,official,principal
6235,1,0,0.3301843723929958,probability_native,0.3301843723929958,u_5243d930718e3aba,1,0,official,principal
4314,1,1,0.8800831007401583,probability_native,0.8800831007401583,u_5243d930718e3aba,1,0,official,principal
2545,0,0,0.06349100160032184,probability_native,0.06349100160032184,u_5243d930718e3aba,1,0,official,principal
6006,0,0,0.3253405776204847,probability_native,0.3253405776204847,u_5243d930718e3aba,1,0,official,principal
1492,1,1,0.8697518165323465,probability_native,0.8697518165323465,u_5243d930718e3aba,1,0,official,principal
4332,0,0,0.042259628149357166,probability_native,0.042259628149357166,u_5243d930718e3aba,1,0,official,principal
4093,0,1,0.6872799640273863,probability_native,0.6872799640273863,u_5243d930718e3aba,1,0,official,principal
6696,0,1,0.853209587436285,probability_native,0.853209587436285,u_5243d930718e3aba,1,0,official,principal
