row_id,y_true,y_pred,score_positive,score_type,probability_native,unit_id,outer_fold,replicate,purpose,variant
3151,0,1,0.15496766113418392,decision_function,,u_f44c33cb8df7bdc6,4,1,official,principal
3867,0,0,-0.5290201626381987,decision_function,,u_f44c33cb8df7bdc6,4,1,official,principal
6950,0,1,0.08278537202487124,decision_function,,u_f44c33cb8df7bdc6,4,1,official,principal
11,0,0,-1.1753487252900854,decision_function,,u_f44c33cb8df7bdc6,4,1,official,principal
6271,0,1,0.09877301003892369,decision_function,,u_f44c33cb8df7bdc6,4,1,official,principal
3741,0,0,-1.3707486987001654,decision_function,,u_f44c33cb8df7bdc6,4,1,official,principal
622,0,0,-0.23972484343345135,decision_function,,u_f44c33cb8df7bdc6,4,1,official,principal
6969,1,0,-0.7478880551966965,decision_function,,u_f44c33cb8df7bdc6,4,1,official,principal
1056,1,1,1.3237945990005173,decision_function,,u_f44c33cb8df7bdc6,4,1,official,principal
2582,0,1,1.1200286359825993,decision_function,,u_f44c33cb8df7bdc6,4,1,official,principal
4805,0,0,-1.5108304979597207,decision_function,,u_f44c33cb8df7bdc6,4,1,official,principal
5488,0,0,-0.19082709834373346,decision_function,,u_f44c33cb8df7bdc6,4,1,official,principal
4392,0,0,-0.9472646636245543,decision_function,,u_f44c33cb8df7bdc6,4,1,official,principal
3887,1,1,0.8077745103929428,decision_function,,u_f44c33cb8df7bdc6,4,1,official,principal
2652,0,1,0.633021649168469,decision_function,,u_f44c33cb8df7bdc6,4,1,official,principal
3420,0,0,-0.3012304477263421,decision_function,,u_f44c33cb8df7bdc6,4,1,official,principal
6148,0,0,-1.991005031005817,decision_function,,u_f44c33cb8df7bdc6,4,1,official,principal
6385,1,1,1.0092362410575213,decision_function,,u_f44c33cb8df7bdc6,4,1,official,principal
4428,1,1,0.6932125430992502,decision_function,,u_f44c33cb8df7bdc6,4,1,official,principal
3214,0,0,-0.5739019026017501,decision_function,,u_f44c33cb8df7bdc6,4,1,official,principal
5859,0,0,-1.6175219188306706,decision_function,,u_f44c33cb8df7bdc6,4,1,official,principal
288,1,1,1.0483622276899955,decision_function,,u_f44c33cb8df7bdc6,4,1,official,principal
2487,0,0,-0.9005929343682377,decision_function,,u_f44c33cb8df7bdc6,4,1,official,principal
3402,1,1,1.2672205356125577,decision_function,,u_f44c33cb8df7bdc6,4,1,official,principal
6941,0,0,-1.6818342578766559,decision_function,,u_f44c33cb8df7bdc6,4,1,official,principal
4472,0,0,-1.4805526060599774,decision_function,,u_f44c33cb8df7bdc6,4,1,official,principal
1489,0,0,-1.394775744783994,decision_function,,u_f44c33cb8df7bdc6,4,1,official,principal
4818,0,0,-1.0900916696657639,decision_function,,u_f44c33cb8df7bdc6,4,1,official,principal
1418,0,0,-0.44167133019493,decision_function,,u_f44c33cb8df7bdc6,4,1,official,principal
4976,0,0,-1.197048391232058,decision_function,,u_f44c33cb8df7bdc6,4,1,official,principal
2485,1,1,1.0560271499216578,decision_function,,u_f44c33cb8df7bdc6,4,1,official,principal
2527,1,1,1.3573056128910788,decision_function,,u_f44c33cb8df7bdc6,4,1,official,principal
2304,0,0,-1.1013160041301921,decision_function,,u_f44c33cb8df7bdc6,4,1,official,principal
1032,1,1,1.051317541578029,decision_function,,u_f44c33cb8df7bdc6,4,1,official,principal
5896,0,0,-1.210088061702197,decision_function,,u_f44c33cb8df7bdc6,4,1,official,principal
5068,0,0,-1.2842543341503019,decision_function,,u_f44c33cb8df7bdc6,4,1,official,principal
4019,1,1,1.2363793931015967,decision_function,,u_f44c33cb8df7bdc6,4,1,official,principal
641,1,0,-0.42312730756310424,decision_function,,u_f44c33cb8df7bdc6,4,1,official,principal
6264,0,0,-0.7078049681287879,decision_function,,u_f44c33cb8df7bdc6,4,1,official,principal
5287,0,0,-0.7879786769696105,decision_function,,u_f44c33cb8df7bdc6,4,1,official,principal
3785,1,1,1.0876851885263774,decision_function,,u_f44c33cb8df7bdc6,4,1,official,principal
1465,0,1,0.628021636721237,decision_function,,u_f44c33cb8df7bdc6,4,1,official,principal
5511,0,0,-1.486321502072855,decision_function,,u_f44c33cb8df7bdc6,4,1,official,principal
690,0,0,-0.5389432466995864,decision_function,,u_f44c33cb8df7bdc6,4,1,official,principal
4660,1,0,-0.8620115894626634,decision_function,,u_f44c33cb8df7bdc6,4,1,official,principal
2616,1,1,0.4458526449553457,decision_function,,u_f44c33cb8df7bdc6,4,1,official,principal
2443,0,0,-1.3104752928507453,decision_function,,u_f44c33cb8df7bdc6,4,1,official,principal
6003,0,0,-1.5995639348672932,decision_function,,u_f44c33cb8df7bdc6,4,1,official,principal
4484,0,1,1.3494378031273147,decision_function,,u_f44c33cb8df7bdc6,4,1,official,principal
1102,1,1,0.3388794177934735,decision_function,,u_f44c33cb8df7bdc6,4,1,official,principal
6788,0,0,-1.3187927676166207,decision_function,,u_f44c33cb8df7bdc6,4,1,official,principal
2147,0,0,-0.6854805297422851,decision_function,,u_f44c33cb8df7bdc6,4,1,official,principal
6102,0,0,-1.4465509421388858,decision_function,,u_f44c33cb8df7bdc6,4,1,official,principal
3683,0,0,-1.7569705895807228,decision_function,,u_f44c33cb8df7bdc6,4,1,official,principal
2671,0,0,-0.09662820889051082,decision_function,,u_f44c33cb8df7bdc6,4,1,official,principal
3838,0,1,1.156909690573998,decision_function,,u_f44c33cb8df7bdc6,4,1,official,principal
3246,1,1,0.5805458609945278,decision_function,,u_f44c33cb8df7bdc6,4,1,official,principal
5385,1,0,-0.19296129056240974,decision_function,,u_f44c33cb8df7bdc6,4,1,official,principal
3748,0,0,-1.5038236902839888,decision_function,,u_f44c33cb8df7bdc6,4,1,official,principal
1896,0,0,-0.9623107952456975,decision_function,,u_f44c33cb8df7bdc6,4,1,official,principal
4337,0,0,-0.3307190630721668,decision_function,,u_f44c33cb8df7bdc6,4,1,official,principal
3745,1,1,1.06314435810056,decision_function,,u_f44c33cb8df7bdc6,4,1,official,principal
4429,0,0,-1.814704081025564,decision_function,,u_f44c33cb8df7bdc6,4,1,official,principal
3298,0,0,-0.8358304095692799,decision_function,,u_f44c33cb8df7bdc6,4,1,official,principal
2045,0,0,-0.9550313454923398,decision_function,,u_f44c33cb8df7bdc6,4,1,official,principal
6297,0,0,-1.0363287547009796,decision_function,,u_f44c33cb8df7bdc6,4,1,official,principal
3811,0,1,0.005449201069744669,decision_function,,u_f44c33cb8df7bdc6,4,1,official,principal
2572,0,0,-1.2988277340569945,decision_function,,u_f44c33cb8df7bdc6,4,1,official,principal
6581,0,0,-1.1986512809150085,decision_function,,u_f44c33cb8df7bdc6,4,1,official,principal
5600,1,1,1.0390479581142757,decision_function,,u_f44c33cb8df7bdc6,4,1,official,principal
4908,1,1,1.0500440136492177,decision_function,,u_f44c33cb8df7bdc6,4,1,official,principal
5517,0,0,-1.1551105802821475,decision_function,,u_f44c33cb8df7bdc6,4,1,official,principal
6513,0,0,-0.3494289074973126,decision_function,,u_f44c33cb8df7bdc6,4,1,official,principal
5648,0,0,-0.09215484478670155,decision_function,,u_f44c33cb8df7bdc6,4,1,official,principal
4718,0,0,-1.299249120767609,decision_function,,u_f44c33cb8df7bdc6,4,1,official,principal
682,0,1,0.004389672269393241,decision_function,,u_f44c33cb8df7bdc6,4,1,official,principal
5616,0,0,-0.7611200843440667,decision_function,,u_f44c33cb8df7bdc6,4,1,official,principal
414,0,1,0.12145705565822795,decision_function,,u_f44c33cb8df7bdc6,4,1,official,principal
6214,0,0,-1.4785256990226157,decision_function,,u_f44c33cb8df7bdc6,4,1,official,principal
5196,0,0,-0.677757285110425,decision_function,,u_f44c33cb8df7bdc6,4,1,official,principal
1821,1,1,0.8647706327327109,decision_function,,u_f44c33cb8df7bdc6,4,1,official,principal
5679,1,1,1.2658258992830504,decision_function,,u_f44c33cb8df7bdc6,4,1,official,principal
1169,0,0,-0.9683713865015423,decision_function,,u_f44c33cb8df7bdc6,4,1,official,principal
2737,0,0,-0.3401525154116577,decision_function,,u_f44c33cb8df7bdc6,4,1,official,principal
6521,0,0,-1.2561876633035478,decision_function,,u_f44c33cb8df7bdc6,4,1,official,principal
4790,0,1,1.0435045109473255,decision_function,,u_f44c33cb8df7bdc6,4,1,official,principal
872,0,0,-1.4357688134833975,decision_function,,u_f44c33cb8df7bdc6,4,1,official,principal
4574,0,0,-0.5856781468318013,decision_function,,u_f44c33cb8df7bdc6,4,1,official,principal
1028,1,1,0.9526621250264113,decision_function,,u_f44c33cb8df7bdc6,4,1,official,principal
3245,1,1,0.049177780274748395,decision_function,,u_f44c33cb8df7bdc6,4,1,official,principal
3156,0,0,-1.2518960436101063,decision_function,,u_f44c33cb8df7bdc6,4,1,official,principal
889,1,0,-0.45697842800960264,decision_function,,u_f44c33cb8df7bdc6,4,1,official,principal
579,0,0,-0.5857625949609934,decision_function,,u_f44c33cb8df7bdc6,4,1,official,principal
6411,0,1,1.064406293193935,decision_function,,u_f44c33cb8df7bdc6,4,1,official,principal
1970,1,1,1.3112857097952741,decision_function,,u_f44c33cb8df7bdc6,4,1,official,principal
3566,0,0,-0.9961109964204221,decision_function,,u_f44c33cb8df7bdc6,4,1,official,principal
2188,0,0,-0.001791983161017141,decision_function,,u_f44c33cb8df7bdc6,4,1,official,principal
2984,0,0,-1.5202032459459853,decision_function,,u_f44c33cb8df7bdc6,4,1,official,principal
2023,1,1,1.0461339199854718,decision_function,,u_f44c33cb8df7bdc6,4,1,official,principal
5584,1,1,0.94614713239689,decision_function,,u_f44c33cb8df7bdc6,4,1,official,principal
5677,0,0,-0.6504445156629256,decision_function,,u_f44c33cb8df7bdc6,4,1,official,principal
3913,0,0,-1.351457401000165,decision_function,,u_f44c33cb8df7bdc6,4,1,official,principal
4550,0,0,-1.3228903497674795,decision_function,,u_f44c33cb8df7bdc6,4,1,official,principal
1621,1,1,0.8925917153098442,decision_function,,u_f44c33cb8df7bdc6,4,1,official,principal
2173,0,1,0.863719267005248,decision_function,,u_f44c33cb8df7bdc6,4,1,official,principal
2726,0,0,-1.4042567830122699,decision_function,,u_f44c33cb8df7bdc6,4,1,official,principal
3606,0,0,-0.10547997386654018,decision_function,,u_f44c33cb8df7bdc6,4,1,official,principal
6728,0,0,-1.1606286861428028,decision_function,,u_f44c33cb8df7bdc6,4,1,official,principal
4014,0,0,-0.30587515459208303,decision_function,,u_f44c33cb8df7bdc6,4,1,official,principal
3855,0,0,-1.4629331075342213,decision_function,,u_f44c33cb8df7bdc6,4,1,official,principal
61,0,0,-0.13279771116741856,decision_function,,u_f44c33cb8df7bdc6,4,1,official,principal
6329,0,0,-0.7316930895901623,decision_function,,u_f44c33cb8df7bdc6,4,1,official,principal
1000,1,1,1.239773636753341,decision_function,,u_f44c33cb8df7bdc6,4,1,official,principal
1598,0,0,-1.2148129686144047,decision_function,,u_f44c33cb8df7bdc6,4,1,official,principal
5482,1,0,-1.2068363098704276,decision_function,,u_f44c33cb8df7bdc6,4,1,official,principal
3390,0,0,-1.5987406362919345,decision_function,,u_f44c33cb8df7bdc6,4,1,official,principal
4541,1,1,0.6052775690731427,decision_function,,u_f44c33cb8df7bdc6,4,1,official,principal
4085,0,0,-0.9360429880586595,decision_function,,u_f44c33cb8df7bdc6,4,1,official,principal
5984,1,1,1.244030190861056,decision_function,,u_f44c33cb8df7bdc6,4,1,official,principal
6640,0,0,-1.551029304069636,decision_function,,u_f44c33cb8df7bdc6,4,1,official,principal
5432,1,1,0.469104066644052,decision_function,,u_f44c33cb8df7bdc6,4,1,official,principal
6085,1,1,0.7019628456666218,decision_function,,u_f44c33cb8df7bdc6,4,1,official,principal
1121,0,0,-1.4037702175834372,decision_function,,u_f44c33cb8df7bdc6,4,1,official,principal
5810,1,1,1.1760217341679826,decision_function,,u_f44c33cb8df7bdc6,4,1,official,principal
1994,0,0,-1.4747150870660242,decision_function,,u_f44c33cb8df7bdc6,4,1,official,principal
850,0,0,-1.3820854584292486,decision_function,,u_f44c33cb8df7bdc6,4,1,official,principal
6600,1,0,-0.26328046153236173,decision_function,,u_f44c33cb8df7bdc6,4,1,official,principal
5334,1,0,-0.682291413534352,decision_function,,u_f44c33cb8df7bdc6,4,1,official,principal
5323,0,0,-0.6322051973450533,decision_function,,u_f44c33cb8df7bdc6,4,1,official,principal
3177,0,0,-1.6402430953693803,decision_function,,u_f44c33cb8df7bdc6,4,1,official,principal
845,0,0,-1.389913335143674,decision_function,,u_f44c33cb8df7bdc6,4,1,official,principal
3190,0,0,-1.3831775494942706,decision_function,,u_f44c33cb8df7bdc6,4,1,official,principal
5720,0,1,0.09129145108491721,decision_function,,u_f44c33cb8df7bdc6,4,1,official,principal
7019,0,0,-1.4613908514831264,decision_function,,u_f44c33cb8df7bdc6,4,1,official,principal
942,0,1,0.5375737807780683,decision_function,,u_f44c33cb8df7bdc6,4,1,official,principal
1609,0,0,-0.055084747344580576,decision_function,,u_f44c33cb8df7bdc6,4,1,official,principal
2311,0,1,0.10630075759091429,decision_function,,u_f44c33cb8df7bdc6,4,1,official,principal
3835,0,0,-1.504286107151139,decision_function,,u_f44c33cb8df7bdc6,4,1,official,principal
766,0,1,0.5090988212111007,decision_function,,u_f44c33cb8df7bdc6,4,1,official,principal
3358,0,0,-1.0975670249075737,decision_function,,u_f44c33cb8df7bdc6,4,1,official,principal
5552,0,0,-1.4391004581910884,decision_function,,u_f44c33cb8df7bdc6,4,1,official,principal
1589,0,1,0.8673267743411928,decision_function,,u_f44c33cb8df7bdc6,4,1,official,principal
3765,0,0,-0.8342063835503144,decision_function,,u_f44c33cb8df7bdc6,4,1,official,principal
6829,0,0,-1.2320455792802596,decision_function,,u_f44c33cb8df7bdc6,4,1,official,principal
1160,0,1,1.0109211347868603,decision_function,,u_f44c33cb8df7bdc6,4,1,official,principal
2904,1,1,0.16814270021495537,decision_function,,u_f44c33cb8df7bdc6,4,1,official,principal
1152,0,1,0.45315340038385554,decision_function,,u_f44c33cb8df7bdc6,4,1,official,principal
4324,0,0,-0.6620957661261979,decision_function,,u_f44c33cb8df7bdc6,4,1,official,principal
3791,0,1,1.2824431688847284,decision_function,,u_f44c33cb8df7bdc6,4,1,official,principal
279,0,1,0.49581701675906187,decision_function,,u_f44c33cb8df7bdc6,4,1,official,principal
1902,0,0,-1.4937568831780201,decision_function,,u_f44c33cb8df7bdc6,4,1,official,principal
1865,0,1,0.2775499692966701,decision_function,,u_f44c33cb8df7bdc6,4,1,official,principal
1139,0,0,-0.8286904194654505,decision_function,,u_f44c33cb8df7bdc6,4,1,official,principal
6173,0,1,0.27886539824160583,decision_function,,u_f44c33cb8df7bdc6,4,1,official,principal
1415,0,0,-1.0581154996474724,decision_function,,u_f44c33cb8df7bdc6,4,1,official,principal
4716,0,0,-1.709908270922393,decision_function,,u_f44c33cb8df7bdc6,4,1,official,principal
2707,1,1,0.8862495573320748,decision_function,,u_f44c33cb8df7bdc6,4,1,official,principal
343,0,0,-1.6580647329698786,decision_function,,u_f44c33cb8df7bdc6,4,1,official,principal
769,0,0,-0.9651566256451765,decision_function,,u_f44c33cb8df7bdc6,4,1,official,principal
5606,0,0,-1.1020650958183187,decision_function,,u_f44c33cb8df7bdc6,4,1,official,principal
5995,0,0,-1.3837749830681751,decision_function,,u_f44c33cb8df7bdc6,4,1,official,principal
2131,0,0,-1.6001830666169492,decision_function,,u_f44c33cb8df7bdc6,4,1,official,principal
883,0,0,-0.6129778357928296,decision_function,,u_f44c33cb8df7bdc6,4,1,official,principal
4282,0,0,-0.5297792829052728,decision_function,,u_f44c33cb8df7bdc6,4,1,official,principal
2252,0,0,-1.490099452815228,decision_function,,u_f44c33cb8df7bdc6,4,1,official,principal
2917,0,0,-1.3514467048981875,decision_function,,u_f44c33cb8df7bdc6,4,1,official,principal
6254,0,0,-0.9122118512259388,decision_function,,u_f44c33cb8df7bdc6,4,1,official,principal
2317,0,0,-1.4709196004676983,decision_function,,u_f44c33cb8df7bdc6,4,1,official,principal
6116,0,0,-1.4795458204532148,decision_function,,u_f44c33cb8df7bdc6,4,1,official,principal
2344,0,0,-0.2925444610230318,decision_function,,u_f44c33cb8df7bdc6,4,1,official,principal
3143,0,0,-0.04394364679813345,decision_function,,u_f44c33cb8df7bdc6,4,1,official,principal
6828,0,0,-1.0962927143226695,decision_function,,u_f44c33cb8df7bdc6,4,1,official,principal
1643,0,1,0.3243629380795885,decision_function,,u_f44c33cb8df7bdc6,4,1,official,principal
2396,0,0,-0.3641093831431953,decision_function,,u_f44c33cb8df7bdc6,4,1,official,principal
5439,1,1,0.9859833191246936,decision_function,,u_f44c33cb8df7bdc6,4,1,official,principal
5159,0,1,1.2580288913133335,decision_function,,u_f44c33cb8df7bdc6,4,1,official,principal
867,0,0,-0.6341972302357451,decision_function,,u_f44c33cb8df7bdc6,4,1,official,principal
3209,1,1,1.3480233814761855,decision_function,,u_f44c33cb8df7bdc6,4,1,official,principal
3106,0,0,-1.4120502527228451,decision_function,,u_f44c33cb8df7bdc6,4,1,official,principal
4874,1,0,-0.5287406552477127,decision_function,,u_f44c33cb8df7bdc6,4,1,official,principal
742,1,1,0.7726711753855742,decision_function,,u_f44c33cb8df7bdc6,4,1,official,principal
4176,0,0,-1.399864823142436,decision_function,,u_f44c33cb8df7bdc6,4,1,official,principal
2589,1,1,1.067745240380728,decision_function,,u_f44c33cb8df7bdc6,4,1,official,principal
4288,1,1,0.8138956851545043,decision_function,,u_f44c33cb8df7bdc6,4,1,official,principal
5917,0,0,-0.6812722704544323,decision_function,,u_f44c33cb8df7bdc6,4,1,official,principal
1537,0,0,-1.2337021470948064,decision_function,,u_f44c33cb8df7bdc6,4,1,official,principal
6775,0,0,-0.4662642198472051,decision_function,,u_f44c33cb8df7bdc6,4,1,official,principal
3277,0,0,-1.4240927000959096,decision_function,,u_f44c33cb8df7bdc6,4,1,official,principal
5650,0,0,-1.2809309912215883,decision_function,,u_f44c33cb8df7bdc6,4,1,official,principal
4837,1,1,1.2579067050521984,decision_function,,u_f44c33cb8df7bdc6,4,1,official,principal
6168,1,1,1.2498339373026364,decision_function,,u_f44c33cb8df7bdc6,4,1,official,principal
4796,0,0,-0.6199685702278395,decision_function,,u_f44c33cb8df7bdc6,4,1,official,principal
1928,1,0,-1.224110431085363,decision_function,,u_f44c33cb8df7bdc6,4,1,official,principal
5,1,1,1.3648737241321676,decision_function,,u_f44c33cb8df7bdc6,4,1,official,principal
4548,1,1,0.6235774245750298,decision_function,,u_f44c33cb8df7bdc6,4,1,official,principal
5498,1,1,0.9489146097872874,decision_function,,u_f44c33cb8df7bdc6,4,1,official,principal
1430,0,0,-1.4328101296765767,decision_function,,u_f44c33cb8df7bdc6,4,1,official,principal
6472,0,0,-1.4647936040510543,decision_function,,u_f44c33cb8df7bdc6,4,1,official,principal
727,0,1,1.1678786816920212,decision_function,,u_f44c33cb8df7bdc6,4,1,official,principal
4168,0,0,-1.541702019256109,decision_function,,u_f44c33cb8df7bdc6,4,1,official,principal
6653,0,0,-0.27029426827446523,decision_function,,u_f44c33cb8df7bdc6,4,1,official,principal
932,0,0,-1.34020865593266,decision_function,,u_f44c33cb8df7bdc6,4,1,official,principal
6836,1,1,1.0347176858175333,decision_function,,u_f44c33cb8df7bdc6,4,1,official,principal
5640,1,1,1.0274061602658262,decision_function,,u_f44c33cb8df7bdc6,4,1,official,principal
3267,0,0,-1.6814304753944227,decision_function,,u_f44c33cb8df7bdc6,4,1,official,principal
3183,1,1,0.8027139730647768,decision_function,,u_f44c33cb8df7bdc6,4,1,official,principal
4534,0,1,0.1681075221359538,decision_function,,u_f44c33cb8df7bdc6,4,1,official,principal
6072,0,0,-1.1023100219508282,decision_function,,u_f44c33cb8df7bdc6,4,1,official,principal
5209,0,0,-1.2371717005111824,decision_function,,u_f44c33cb8df7bdc6,4,1,official,principal
5230,0,0,-0.9249677260333707,decision_function,,u_f44c33cb8df7bdc6,4,1,official,principal
6532,0,0,-0.7312673516488762,decision_function,,u_f44c33cb8df7bdc6,4,1,official,principal
1759,0,0,-1.1383793975382552,decision_function,,u_f44c33cb8df7bdc6,4,1,official,principal
5703,0,0,-1.1758135388419289,decision_function,,u_f44c33cb8df7bdc6,4,1,official,principal
4302,0,0,-1.330124694547027,decision_function,,u_f44c33cb8df7bdc6,4,1,official,principal
1027,0,0,-1.0019387901589702,decision_function,,u_f44c33cb8df7bdc6,4,1,official,principal
3809,0,0,-1.6325715707276567,decision_function,,u_f44c33cb8df7bdc6,4,1,official,principal
3319,1,1,0.8294396174593186,decision_function,,u_f44c33cb8df7bdc6,4,1,official,principal
6077,0,0,-1.3433075760909543,decision_function,,u_f44c33cb8df7bdc6,4,1,official,principal
4948,0,1,0.5220260700350752,decision_function,,u_f44c33cb8df7bdc6,4,1,official,principal
921,0,0,-0.9667025736075651,decision_function,,u_f44c33cb8df7bdc6,4,1,official,principal
3618,0,0,-0.6786079518230794,decision_function,,u_f44c33cb8df7bdc6,4,1,official,principal
452,0,0,-0.9523311007379993,decision_function,,u_f44c33cb8df7bdc6,4,1,official,principal
5919,0,0,-1.654824407776173,decision_function,,u_f44c33cb8df7bdc6,4,1,official,principal
4306,0,0,-0.3502730921235593,decision_function,,u_f44c33cb8df7bdc6,4,1,official,principal
774,1,1,0.2576840786001888,decision_function,,u_f44c33cb8df7bdc6,4,1,official,principal
4920,0,0,-1.293041954738567,decision_function,,u_f44c33cb8df7bdc6,4,1,official,principal
3410,1,1,0.47812889557398197,decision_function,,u_f44c33cb8df7bdc6,4,1,official,principal
1625,1,1,1.0267403202803418,decision_function,,u_f44c33cb8df7bdc6,4,1,official,principal
2716,0,0,-0.12930367610849947,decision_function,,u_f44c33cb8df7bdc6,4,1,official,principal
2996,0,0,-0.217869562412068,decision_function,,u_f44c33cb8df7bdc6,4,1,official,principal
4518,1,1,0.9900864639462525,decision_function,,u_f44c33cb8df7bdc6,4,1,official,principal
178,0,1,1.0665723967719323,decision_function,,u_f44c33cb8df7bdc6,4,1,official,principal
2920,0,0,-1.7843783334233445,decision_function,,u_f44c33cb8df7bdc6,4,1,official,principal
2238,0,1,1.147959258142839,decision_function,,u_f44c33cb8df7bdc6,4,1,official,principal
1378,0,0,-0.9827022947871159,decision_function,,u_f44c33cb8df7bdc6,4,1,official,principal
3023,0,0,-1.539114526755276,decision_function,,u_f44c33cb8df7bdc6,4,1,official,principal
4885,0,0,-0.6835713305293447,decision_function,,u_f44c33cb8df7bdc6,4,1,official,principal
3191,0,1,0.5418438846559572,decision_function,,u_f44c33cb8df7bdc6,4,1,official,principal
6547,0,0,-0.6898867473507186,decision_function,,u_f44c33cb8df7bdc6,4,1,official,principal
4763,0,0,-0.20747996348203757,decision_function,,u_f44c33cb8df7bdc6,4,1,official,principal
1341,1,1,0.4772836012872901,decision_function,,u_f44c33cb8df7bdc6,4,1,official,principal
5763,0,1,1.3547726797012387,decision_function,,u_f44c33cb8df7bdc6,4,1,official,principal
6814,0,0,-0.23871020363027606,decision_function,,u_f44c33cb8df7bdc6,4,1,official,principal
490,0,0,-0.40911586124793986,decision_function,,u_f44c33cb8df7bdc6,4,1,official,principal
5564,0,0,-1.2562210526422404,decision_function,,u_f44c33cb8df7bdc6,4,1,official,principal
6166,1,1,0.8520254718520375,decision_function,,u_f44c33cb8df7bdc6,4,1,official,principal
397,1,1,0.025478400878229612,decision_function,,u_f44c33cb8df7bdc6,4,1,official,principal
2583,0,0,-1.2343022045045144,decision_function,,u_f44c33cb8df7bdc6,4,1,official,principal
591,0,0,-1.374421576281169,decision_function,,u_f44c33cb8df7bdc6,4,1,official,principal
3937,0,0,-0.6791417366070448,decision_function,,u_f44c33cb8df7bdc6,4,1,official,principal
2182,0,0,-0.105929427319152,decision_function,,u_f44c33cb8df7bdc6,4,1,official,principal
6915,0,0,-0.27790398964249285,decision_function,,u_f44c33cb8df7bdc6,4,1,official,principal
3169,0,0,-1.3386378392660636,decision_function,,u_f44c33cb8df7bdc6,4,1,official,principal
3078,1,1,1.025481825994065,decision_function,,u_f44c33cb8df7bdc6,4,1,official,principal
3603,1,1,0.5479222726658224,decision_function,,u_f44c33cb8df7bdc6,4,1,official,principal
4397,0,0,-1.4344585016468003,decision_function,,u_f44c33cb8df7bdc6,4,1,official,principal
4315,1,1,1.1196147903657014,decision_function,,u_f44c33cb8df7bdc6,4,1,official,principal
5900,1,0,-0.9245098773054495,decision_function,,u_f44c33cb8df7bdc6,4,1,official,principal
6376,0,0,-1.3425991548951155,decision_function,,u_f44c33cb8df7bdc6,4,1,official,principal
4677,1,1,0.8403434356226891,decision_function,,u_f44c33cb8df7bdc6,4,1,official,principal
2289,0,0,-1.374009878828081,decision_function,,u_f44c33cb8df7bdc6,4,1,official,principal
4945,0,0,-1.3305697578566975,decision_function,,u_f44c33cb8df7bdc6,4,1,official,principal
84,0,0,-1.268315912194216,decision_function,,u_f44c33cb8df7bdc6,4,1,official,principal
462,1,1,0.8830694469865799,decision_function,,u_f44c33cb8df7bdc6,4,1,official,principal
4829,0,1,0.6263181121748826,decision_function,,u_f44c33cb8df7bdc6,4,1,official,principal
5254,0,0,-1.2689942748961855,decision_function,,u_f44c33cb8df7bdc6,4,1,official,principal
3206,0,0,-0.9041107015982178,decision_function,,u_f44c33cb8df7bdc6,4,1,official,principal
4619,1,1,0.9149997695924896,decision_function,,u_f44c33cb8df7bdc6,4,1,official,principal
1186,0,0,-1.8293019113028717,decision_function,,u_f44c33cb8df7bdc6,4,1,official,principal
2698,0,0,-0.7149128644172271,decision_function,,u_f44c33cb8df7bdc6,4,1,official,principal
2093,0,0,-1.0738582302997597,decision_function,,u_f44c33cb8df7bdc6,4,1,official,principal
3423,1,1,0.03811959426401179,decision_function,,u_f44c33cb8df7bdc6,4,1,official,principal
3290,0,0,-0.09638625819739322,decision_function,,u_f44c33cb8df7bdc6,4,1,official,principal
1270,0,0,-1.4283629492361007,decision_function,,u_f44c33cb8df7bdc6,4,1,official,principal
5188,0,1,1.1240657348015242,decision_function,,u_f44c33cb8df7bdc6,4,1,official,principal
119,0,0,-0.06669436652506477,decision_function,,u_f44c33cb8df7bdc6,4,1,official,principal
6410,0,0,-1.4241072057169246,decision_function,,u_f44c33cb8df7bdc6,4,1,official,principal
158,0,0,-0.8264707981624649,decision_function,,u_f44c33cb8df7bdc6,4,1,official,principal
1613,0,0,-1.3576790674936492,decision_function,,u_f44c33cb8df7bdc6,4,1,official,principal
2389,0,0,-1.0319521590086844,decision_function,,u_f44c33cb8df7bdc6,4,1,official,principal
5070,1,0,-0.2242757844815484,decision_function,,u_f44c33cb8df7bdc6,4,1,official,principal
536,0,0,-0.690234989658181,decision_function,,u_f44c33cb8df7bdc6,4,1,official,principal
4214,1,1,1.168648514786376,decision_function,,u_f44c33cb8df7bdc6,4,1,official,principal
4878,0,0,-0.29183334703695796,decision_function,,u_f44c33cb8df7bdc6,4,1,official,principal
2283,1,1,1.257204373010983,decision_function,,u_f44c33cb8df7bdc6,4,1,official,principal
5962,0,1,0.1860103553779806,decision_function,,u_f44c33cb8df7bdc6,4,1,official,principal
6475,0,0,-0.6004764659128105,decision_function,,u_f44c33cb8df7bdc6,4,1,official,principal
3272,1,1,1.0285155240480244,decision_function,,u_f44c33cb8df7bdc6,4,1,official,principal
2712,0,0,-0.08212920028140636,decision_function,,u_f44c33cb8df7bdc6,4,1,official,principal
2267,0,0,-1.325036134804861,decision_function,,u_f44c33cb8df7bdc6,4,1,official,principal
4962,0,0,-0.38353600479084693,decision_function,,u_f44c33cb8df7bdc6,4,1,official,principal
197,0,1,0.46771760713848387,decision_function,,u_f44c33cb8df7bdc6,4,1,official,principal
2433,0,0,-0.96568525525879,decision_function,,u_f44c33cb8df7bdc6,4,1,official,principal
2642,1,1,0.27401349655250007,decision_function,,u_f44c33cb8df7bdc6,4,1,official,principal
651,1,1,1.1777986733253443,decision_function,,u_f44c33cb8df7bdc6,4,1,official,principal
1951,0,0,-0.127052304650641,decision_function,,u_f44c33cb8df7bdc6,4,1,official,principal
1020,0,0,-1.075433932610398,decision_function,,u_f44c33cb8df7bdc6,4,1,official,principal
5216,1,0,-1.2378501237266901,decision_function,,u_f44c33cb8df7bdc6,4,1,official,principal
689,0,0,-0.21321646693882657,decision_function,,u_f44c33cb8df7bdc6,4,1,official,principal
3029,1,0,-0.8777571264435573,decision_function,,u_f44c33cb8df7bdc6,4,1,official,principal
3269,0,0,-1.5814225891581255,decision_function,,u_f44c33cb8df7bdc6,4,1,official,principal
2300,1,0,-0.9249956727630407,decision_function,,u_f44c33cb8df7bdc6,4,1,official,principal
4582,0,0,-1.5026484221119991,decision_function,,u_f44c33cb8df7bdc6,4,1,official,principal
1579,1,1,1.1121250754746959,decision_function,,u_f44c33cb8df7bdc6,4,1,official,principal
6170,0,0,-0.7891055801853035,decision_function,,u_f44c33cb8df7bdc6,4,1,official,principal
5557,0,1,1.083025798299176,decision_function,,u_f44c33cb8df7bdc6,4,1,official,principal
1748,0,0,-1.3743029732426262,decision_function,,u_f44c33cb8df7bdc6,4,1,official,principal
1555,1,0,-0.8584036374255587,decision_function,,u_f44c33cb8df7bdc6,4,1,official,principal
5556,1,1,0.9019360768881679,decision_function,,u_f44c33cb8df7bdc6,4,1,official,principal
445,1,1,0.44542425352967174,decision_function,,u_f44c33cb8df7bdc6,4,1,official,principal
5952,0,0,-0.76935193643601,decision_function,,u_f44c33cb8df7bdc6,4,1,official,principal
5942,1,1,0.8985349194559187,decision_function,,u_f44c33cb8df7bdc6,4,1,official,principal
2382,0,0,-1.2782281231045285,decision_function,,u_f44c33cb8df7bdc6,4,1,official,principal
5529,0,0,-0.7643157589051452,decision_function,,u_f44c33cb8df7bdc6,4,1,official,principal
140,0,0,-1.2702385070743751,decision_function,,u_f44c33cb8df7bdc6,4,1,official,principal
2456,0,0,-1.5107874756757074,decision_function,,u_f44c33cb8df7bdc6,4,1,official,principal
5656,0,1,0.6566535209977877,decision_function,,u_f44c33cb8df7bdc6,4,1,official,principal
3926,0,1,0.1187655521163744,decision_function,,u_f44c33cb8df7bdc6,4,1,official,principal
2896,0,0,-0.852604963316594,decision_function,,u_f44c33cb8df7bdc6,4,1,official,principal
2063,0,0,-1.604573381927033,decision_function,,u_f44c33cb8df7bdc6,4,1,official,principal
5208,0,0,-0.6588078957152601,decision_function,,u_f44c33cb8df7bdc6,4,1,official,principal
4427,0,0,-0.9760105654273283,decision_function,,u_f44c33cb8df7bdc6,4,1,official,principal
6093,0,0,-1.0785961561848478,decision_function,,u_f44c33cb8df7bdc6,4,1,official,principal
2471,1,1,0.03160873130910313,decision_function,,u_f44c33cb8df7bdc6,4,1,official,principal
5542,0,0,-1.4280180616217213,decision_function,,u_f44c33cb8df7bdc6,4,1,official,principal
3735,0,1,1.2211381506199352,decision_function,,u_f44c33cb8df7bdc6,4,1,official,principal
3468,0,0,-0.936524376204129,decision_function,,u_f44c33cb8df7bdc6,4,1,official,principal
5734,0,0,-1.5175077423755543,decision_function,,u_f44c33cb8df7bdc6,4,1,official,principal
644,0,0,-0.6232122932359119,decision_function,,u_f44c33cb8df7bdc6,4,1,official,principal
1972,0,1,0.7522087910907431,decision_function,,u_f44c33cb8df7bdc6,4,1,official,principal
3509,0,1,0.8925961273000427,decision_function,,u_f44c33cb8df7bdc6,4,1,official,principal
385,1,0,-0.4207805770021561,decision_function,,u_f44c33cb8df7bdc6,4,1,official,principal
6203,0,0,-1.4585456908117942,decision_function,,u_f44c33cb8df7bdc6,4,1,official,principal
6238,0,0,-0.12246425098433411,decision_function,,u_f44c33cb8df7bdc6,4,1,official,principal
3124,0,0,-1.7629944826330601,decision_function,,u_f44c33cb8df7bdc6,4,1,official,principal
291,0,0,-1.564034427999379,decision_function,,u_f44c33cb8df7bdc6,4,1,official,principal
433,1,1,0.6251950226776566,decision_function,,u_f44c33cb8df7bdc6,4,1,official,principal
2465,1,1,0.9475874361565526,decision_function,,u_f44c33cb8df7bdc6,4,1,official,principal
5634,1,0,-0.4333741914911451,decision_function,,u_f44c33cb8df7bdc6,4,1,official,principal
4310,0,0,-1.5655480986647714,decision_function,,u_f44c33cb8df7bdc6,4,1,official,principal
3263,0,0,-1.1368253506866974,decision_function,,u_f44c33cb8df7bdc6,4,1,official,principal
3020,0,0,-1.4895316568773782,decision_function,,u_f44c33cb8df7bdc6,4,1,official,principal
181,0,1,0.5728407384692173,decision_function,,u_f44c33cb8df7bdc6,4,1,official,principal
5895,0,0,-0.6697750714296238,decision_function,,u_f44c33cb8df7bdc6,4,1,official,principal
5365,0,0,-1.4029103980525628,decision_function,,u_f44c33cb8df7bdc6,4,1,official,principal
4080,0,0,-1.3699531411320771,decision_function,,u_f44c33cb8df7bdc6,4,1,official,principal
2734,0,0,-0.9706839156070094,decision_function,,u_f44c33cb8df7bdc6,4,1,official,principal
1354,1,1,1.0419953647014804,decision_function,,u_f44c33cb8df7bdc6,4,1,official,principal
3734,0,0,-0.9594042911895313,decision_function,,u_f44c33cb8df7bdc6,4,1,official,principal
529,0,0,-0.7267977623647368,decision_function,,u_f44c33cb8df7bdc6,4,1,official,principal
3438,1,1,1.3739351556384143,decision_function,,u_f44c33cb8df7bdc6,4,1,official,principal
6825,0,1,0.8432305643116382,decision_function,,u_f44c33cb8df7bdc6,4,1,official,principal
1803,0,0,-1.3917723372697222,decision_function,,u_f44c33cb8df7bdc6,4,1,official,principal
3280,0,0,-1.2190552381925017,decision_function,,u_f44c33cb8df7bdc6,4,1,official,principal
6118,0,0,-0.8123688734638612,decision_function,,u_f44c33cb8df7bdc6,4,1,official,principal
6431,0,0,-1.198603744513378,decision_function,,u_f44c33cb8df7bdc6,4,1,official,principal
2355,0,0,-1.6608612688127689,decision_function,,u_f44c33cb8df7bdc6,4,1,official,principal
2775,1,0,-0.9568043832457154,decision_function,,u_f44c33cb8df7bdc6,4,1,official,principal
4454,0,0,-0.7917457071022486,decision_function,,u_f44c33cb8df7bdc6,4,1,official,principal
23,0,0,-1.5637548466013853,decision_function,,u_f44c33cb8df7bdc6,4,1,official,principal
2528,1,1,1.2315680248730605,decision_function,,u_f44c33cb8df7bdc6,4,1,official,principal
1737,0,1,0.5321110919311978,decision_function,,u_f44c33cb8df7bdc6,4,1,official,principal
4564,1,0,-0.76069653201348,decision_function,,u_f44c33cb8df7bdc6,4,1,official,principal
1831,0,0,-0.17425262244027406,decision_function,,u_f44c33cb8df7bdc6,4,1,official,principal
2104,1,1,1.1430529278225163,decision_function,,u_f44c33cb8df7bdc6,4,1,official,principal
4311,1,1,0.5644390334783582,decision_function,,u_f44c33cb8df7bdc6,4,1,official,principal
4883,1,1,1.004965733378927,decision_function,,u_f44c33cb8df7bdc6,4,1,official,principal
5915,0,0,-1.4336876814678847,decision_function,,u_f44c33cb8df7bdc6,4,1,official,principal
2980,0,0,-1.3741413633343367,decision_function,,u_f44c33cb8df7bdc6,4,1,official,principal
1358,0,1,0.7402807719762567,decision_function,,u_f44c33cb8df7bdc6,4,1,official,principal
4191,0,1,0.03447081420265374,decision_function,,u_f44c33cb8df7bdc6,4,1,official,principal
1597,0,0,-0.6427823004024257,decision_function,,u_f44c33cb8df7bdc6,4,1,official,principal
4414,0,0,-1.2226571129938177,decision_function,,u_f44c33cb8df7bdc6,4,1,official,principal
5491,0,0,-0.4369335138869175,decision_function,,u_f44c33cb8df7bdc6,4,1,official,principal
3149,0,0,-0.05069246576513042,decision_function,,u_f44c33cb8df7bdc6,4,1,official,principal
6912,0,1,1.2465230622195114,decision_function,,u_f44c33cb8df7bdc6,4,1,official,principal
5494,1,1,0.8361920452156575,decision_function,,u_f44c33cb8df7bdc6,4,1,official,principal
3877,1,0,-0.4831095855705164,decision_function,,u_f44c33cb8df7bdc6,4,1,official,principal
539,0,0,-1.5439462214401192,decision_function,,u_f44c33cb8df7bdc6,4,1,official,principal
4798,0,1,0.446834051853213,decision_function,,u_f44c33cb8df7bdc6,4,1,official,principal
1918,0,0,-0.4126155166923191,decision_function,,u_f44c33cb8df7bdc6,4,1,official,principal
144,0,0,-1.1473934110977173,decision_function,,u_f44c33cb8df7bdc6,4,1,official,principal
491,0,1,0.9697812572275575,decision_function,,u_f44c33cb8df7bdc6,4,1,official,principal
2770,1,1,1.211626633224199,decision_function,,u_f44c33cb8df7bdc6,4,1,official,principal
6374,0,0,-1.3821304539128412,decision_function,,u_f44c33cb8df7bdc6,4,1,official,principal
2346,0,0,-1.10855834217777,decision_function,,u_f44c33cb8df7bdc6,4,1,official,principal
6131,1,1,0.20126731043002954,decision_function,,u_f44c33cb8df7bdc6,4,1,official,principal
3499,1,0,-0.7642306042597176,decision_function,,u_f44c33cb8df7bdc6,4,1,official,principal
6849,0,0,-0.03756447405551644,decision_function,,u_f44c33cb8df7bdc6,4,1,official,principal
5026,0,0,-1.4932336171705916,decision_function,,u_f44c33cb8df7bdc6,4,1,official,principal
1473,1,1,1.3451662317951458,decision_function,,u_f44c33cb8df7bdc6,4,1,official,principal
3467,1,1,1.0172220720707073,decision_function,,u_f44c33cb8df7bdc6,4,1,official,principal
4238,0,0,-1.6451081676288104,decision_function,,u_f44c33cb8df7bdc6,4,1,official,principal
4190,1,1,0.6755620116778731,decision_function,,u_f44c33cb8df7bdc6,4,1,official,principal
3750,0,0,-0.00282812380152464,decision_function,,u_f44c33cb8df7bdc6,4,1,official,principal
2654,1,1,1.1995097708838223,decision_function,,u_f44c33cb8df7bdc6,4,1,official,principal
5657,0,1,1.3749383377242055,decision_function,,u_f44c33cb8df7bdc6,4,1,official,principal
4468,1,0,-0.8031595632802242,decision_function,,u_f44c33cb8df7bdc6,4,1,official,principal
5128,0,1,0.7349682433142892,decision_function,,u_f44c33cb8df7bdc6,4,1,official,principal
6154,0,0,-1.1399870666912313,decision_function,,u_f44c33cb8df7bdc6,4,1,official,principal
3062,0,0,-0.17994425435456318,decision_function,,u_f44c33cb8df7bdc6,4,1,official,principal
4615,0,0,-1.8945726125561473,decision_function,,u_f44c33cb8df7bdc6,4,1,official,principal
4931,0,1,1.1299788310693273,decision_function,,u_f44c33cb8df7bdc6,4,1,official,principal
875,0,1,0.6438601782735156,decision_function,,u_f44c33cb8df7bdc6,4,1,official,principal
37,0,0,-0.4740510640525484,decision_function,,u_f44c33cb8df7bdc6,4,1,official,principal
6407,0,0,-0.42432663875269216,decision_function,,u_f44c33cb8df7bdc6,4,1,official,principal
3028,1,0,-0.2265917291321674,decision_function,,u_f44c33cb8df7bdc6,4,1,official,principal
1363,0,0,-1.6070250879368433,decision_function,,u_f44c33cb8df7bdc6,4,1,official,principal
731,0,0,-0.8530406822180524,decision_function,,u_f44c33cb8df7bdc6,4,1,official,principal
840,1,1,0.14895276209954544,decision_function,,u_f44c33cb8df7bdc6,4,1,official,principal
2002,0,0,-1.5262767779707702,decision_function,,u_f44c33cb8df7bdc6,4,1,official,principal
3497,0,1,1.1389430784100483,decision_function,,u_f44c33cb8df7bdc6,4,1,official,principal
4133,0,1,0.3374533231733394,decision_function,,u_f44c33cb8df7bdc6,4,1,official,principal
5834,0,1,0.018191901504827523,decision_function,,u_f44c33cb8df7bdc6,4,1,official,principal
456,0,0,-0.7900787059681568,decision_function,,u_f44c33cb8df7bdc6,4,1,official,principal
1929,0,1,1.1813218599377733,decision_function,,u_f44c33cb8df7bdc6,4,1,official,principal
778,0,0,-1.2303853305424741,decision_function,,u_f44c33cb8df7bdc6,4,1,official,principal
5711,1,1,0.9447376846125524,decision_function,,u_f44c33cb8df7bdc6,4,1,official,principal
3225,0,1,0.595806022032239,decision_function,,u_f44c33cb8df7bdc6,4,1,official,principal
4774,0,0,-0.4527049785241555,decision_function,,u_f44c33cb8df7bdc6,4,1,official,principal
7018,1,1,1.0742979854332357,decision_function,,u_f44c33cb8df7bdc6,4,1,official,principal
3930,0,0,-0.7805454714501863,decision_function,,u_f44c33cb8df7bdc6,4,1,official,principal
2236,0,1,1.0874615961921668,decision_function,,u_f44c33cb8df7bdc6,4,1,official,principal
6188,0,0,-1.1003926702505085,decision_function,,u_f44c33cb8df7bdc6,4,1,official,principal
1039,1,0,-0.007289268911076396,decision_function,,u_f44c33cb8df7bdc6,4,1,official,principal
6589,0,0,-1.355206947120612,decision_function,,u_f44c33cb8df7bdc6,4,1,official,principal
6483,0,1,0.839124284630069,decision_function,,u_f44c33cb8df7bdc6,4,1,official,principal
1142,0,1,0.7003063567947598,decision_function,,u_f44c33cb8df7bdc6,4,1,official,principal
4068,0,0,-1.2617138825285545,decision_function,,u_f44c33cb8df7bdc6,4,1,official,principal
767,0,0,-1.2256355974676014,decision_function,,u_f44c33cb8df7bdc6,4,1,official,principal
13,1,1,0.6719712348347788,decision_function,,u_f44c33cb8df7bdc6,4,1,official,principal
2715,0,0,-1.1832646565045424,decision_function,,u_f44c33cb8df7bdc6,4,1,official,principal
2006,1,1,0.7007301097695635,decision_function,,u_f44c33cb8df7bdc6,4,1,official,principal
118,0,0,-1.4720298225248394,decision_function,,u_f44c33cb8df7bdc6,4,1,official,principal
4848,1,1,1.3815351422685291,decision_function,,u_f44c33cb8df7bdc6,4,1,official,principal
3176,0,0,-1.460822858058141,decision_function,,u_f44c33cb8df7bdc6,4,1,official,principal
5054,0,0,-1.8552859383437048,decision_function,,u_f44c33cb8df7bdc6,4,1,official,principal
915,1,1,1.0663291744116223,decision_function,,u_f44c33cb8df7bdc6,4,1,official,principal
5754,0,0,-1.1016358633915388,decision_function,,u_f44c33cb8df7bdc6,4,1,official,principal
1072,0,0,-0.7360754830686962,decision_function,,u_f44c33cb8df7bdc6,4,1,official,principal
5508,0,0,-1.3211395410304643,decision_function,,u_f44c33cb8df7bdc6,4,1,official,principal
1255,1,1,0.6641318339286091,decision_function,,u_f44c33cb8df7bdc6,4,1,official,principal
2436,0,1,0.27989472328878984,decision_function,,u_f44c33cb8df7bdc6,4,1,official,principal
6839,1,1,1.3838239914548598,decision_function,,u_f44c33cb8df7bdc6,4,1,official,principal
2846,0,1,0.4834606516873716,decision_function,,u_f44c33cb8df7bdc6,4,1,official,principal
5988,0,0,-1.1180406920851214,decision_function,,u_f44c33cb8df7bdc6,4,1,official,principal
6285,0,0,-1.2848753870981633,decision_function,,u_f44c33cb8df7bdc6,4,1,official,principal
5147,0,0,-0.4741415575804515,decision_function,,u_f44c33cb8df7bdc6,4,1,official,principal
3821,1,1,1.076596698192813,decision_function,,u_f44c33cb8df7bdc6,4,1,official,principal
5534,0,1,0.34591861235133003,decision_function,,u_f44c33cb8df7bdc6,4,1,official,principal
1947,0,0,-1.3376291461991268,decision_function,,u_f44c33cb8df7bdc6,4,1,official,principal
6938,0,0,-1.4660972482290946,decision_function,,u_f44c33cb8df7bdc6,4,1,official,principal
754,0,1,0.8150236366884784,decision_function,,u_f44c33cb8df7bdc6,4,1,official,principal
6497,0,1,0.98104395741473,decision_function,,u_f44c33cb8df7bdc6,4,1,official,principal
3198,0,1,0.24807785044628172,decision_function,,u_f44c33cb8df7bdc6,4,1,official,principal
5359,1,1,0.7070086513490239,decision_function,,u_f44c33cb8df7bdc6,4,1,official,principal
4759,1,1,1.2274487850650748,decision_function,,u_f44c33cb8df7bdc6,4,1,official,principal
5131,1,1,0.9955980720865558,decision_function,,u_f44c33cb8df7bdc6,4,1,official,principal
3732,0,0,-0.9459313345508981,decision_function,,u_f44c33cb8df7bdc6,4,1,official,principal
4058,1,1,0.08780477523504526,decision_function,,u_f44c33cb8df7bdc6,4,1,official,principal
5011,0,1,0.38647986168718984,decision_function,,u_f44c33cb8df7bdc6,4,1,official,principal
2120,0,0,-1.4602995897109907,decision_function,,u_f44c33cb8df7bdc6,4,1,official,principal
2020,0,0,-1.4651973293879672,decision_function,,u_f44c33cb8df7bdc6,4,1,official,principal
6583,0,0,-1.349567999685505,decision_function,,u_f44c33cb8df7bdc6,4,1,official,principal
1714,0,0,-1.4908486752546595,decision_function,,u_f44c33cb8df7bdc6,4,1,official,principal
817,0,0,-1.0324173676814297,decision_function,,u_f44c33cb8df7bdc6,4,1,official,principal
4401,0,1,0.07540148699997085,decision_function,,u_f44c33cb8df7bdc6,4,1,official,principal
2530,0,1,1.0638361652352704,decision_function,,u_f44c33cb8df7bdc6,4,1,official,principal
4156,0,0,-0.5585261662416032,decision_function,,u_f44c33cb8df7bdc6,4,1,official,principal
6221,0,0,-1.3124428453640737,decision_function,,u_f44c33cb8df7bdc6,4,1,official,principal
3355,0,0,-1.5031216599297281,decision_function,,u_f44c33cb8df7bdc6,4,1,official,principal
3315,0,0,-0.3347219031860664,decision_function,,u_f44c33cb8df7bdc6,4,1,official,principal
2951,0,0,-1.1252845297234468,decision_function,,u_f44c33cb8df7bdc6,4,1,official,principal
3972,0,0,-0.9761761944209708,decision_function,,u_f44c33cb8df7bdc6,4,1,official,principal
3998,0,0,-1.3817535984986642,decision_function,,u_f44c33cb8df7bdc6,4,1,official,principal
3138,1,1,1.1643011303823803,decision_function,,u_f44c33cb8df7bdc6,4,1,official,principal
804,1,1,1.0816107742985637,decision_function,,u_f44c33cb8df7bdc6,4,1,official,principal
2814,0,0,-1.6091050362534796,decision_function,,u_f44c33cb8df7bdc6,4,1,official,principal
233,0,0,-1.3697634622769388,decision_function,,u_f44c33cb8df7bdc6,4,1,official,principal
4089,1,1,1.2819052055441718,decision_function,,u_f44c33cb8df7bdc6,4,1,official,principal
1757,0,0,-1.3021595576571445,decision_function,,u_f44c33cb8df7bdc6,4,1,official,principal
2694,0,0,-1.0940558952160464,decision_function,,u_f44c33cb8df7bdc6,4,1,official,principal
813,0,0,-1.1147213227242232,decision_function,,u_f44c33cb8df7bdc6,4,1,official,principal
3157,1,1,0.3619883189165831,decision_function,,u_f44c33cb8df7bdc6,4,1,official,principal
1681,0,0,-1.328659846198233,decision_function,,u_f44c33cb8df7bdc6,4,1,official,principal
6197,1,0,-0.3591463387089522,decision_function,,u_f44c33cb8df7bdc6,4,1,official,principal
4613,1,1,0.0018576102448117915,decision_function,,u_f44c33cb8df7bdc6,4,1,official,principal
764,0,0,-1.4473003983395225,decision_function,,u_f44c33cb8df7bdc6,4,1,official,principal
1671,0,0,-0.9737917441771968,decision_function,,u_f44c33cb8df7bdc6,4,1,official,principal
1765,0,0,-0.7771476607028194,decision_function,,u_f44c33cb8df7bdc6,4,1,official,principal
4954,1,1,1.0792309265831423,decision_function,,u_f44c33cb8df7bdc6,4,1,official,principal
4778,0,0,-1.4795947647443406,decision_function,,u_f44c33cb8df7bdc6,4,1,official,principal
2475,0,0,-1.5796473425465873,decision_function,,u_f44c33cb8df7bdc6,4,1,official,principal
4020,0,0,-1.194371810814065,decision_function,,u_f44c33cb8df7bdc6,4,1,official,principal
4555,0,0,-1.3159525286479234,decision_function,,u_f44c33cb8df7bdc6,4,1,official,principal
2858,0,0,-0.730434540795115,decision_function,,u_f44c33cb8df7bdc6,4,1,official,principal
5504,1,0,-0.2988210058330599,decision_function,,u_f44c33cb8df7bdc6,4,1,official,principal
4169,1,1,1.1027273251158933,decision_function,,u_f44c33cb8df7bdc6,4,1,official,principal
1336,0,1,0.5581310408045215,decision_function,,u_f44c33cb8df7bdc6,4,1,official,principal
79,0,0,-1.5734696652685702,decision_function,,u_f44c33cb8df7bdc6,4,1,official,principal
1406,0,0,-1.4315427820572741,decision_function,,u_f44c33cb8df7bdc6,4,1,official,principal
6323,0,0,-0.21551508013522735,decision_function,,u_f44c33cb8df7bdc6,4,1,official,principal
3747,0,0,-0.06133112013351516,decision_function,,u_f44c33cb8df7bdc6,4,1,official,principal
2009,0,0,-1.659064132159465,decision_function,,u_f44c33cb8df7bdc6,4,1,official,principal
6361,0,1,0.042546009580114896,decision_function,,u_f44c33cb8df7bdc6,4,1,official,principal
4734,1,0,-1.6479718472755764,decision_function,,u_f44c33cb8df7bdc6,4,1,official,principal
5072,0,1,1.2719036124404874,decision_function,,u_f44c33cb8df7bdc6,4,1,official,principal
1368,0,0,-1.3096099502952057,decision_function,,u_f44c33cb8df7bdc6,4,1,official,principal
6054,1,1,0.35227585850984866,decision_function,,u_f44c33cb8df7bdc6,4,1,official,principal
3428,1,1,0.24494157127226712,decision_function,,u_f44c33cb8df7bdc6,4,1,official,principal
1501,0,0,-1.1357610542733019,decision_function,,u_f44c33cb8df7bdc6,4,1,official,principal
6702,0,1,0.7118839658719955,decision_function,,u_f44c33cb8df7bdc6,4,1,official,principal
2470,0,0,-1.3498156712932543,decision_function,,u_f44c33cb8df7bdc6,4,1,official,principal
3304,0,0,-0.4162734991247399,decision_function,,u_f44c33cb8df7bdc6,4,1,official,principal
5526,0,0,-1.655256336604239,decision_function,,u_f44c33cb8df7bdc6,4,1,official,principal
6462,1,1,0.8238627793592079,decision_function,,u_f44c33cb8df7bdc6,4,1,official,principal
987,0,0,-0.6522977487959254,decision_function,,u_f44c33cb8df7bdc6,4,1,official,principal
2437,0,1,0.2823438076414293,decision_function,,u_f44c33cb8df7bdc6,4,1,official,principal
1061,0,0,-0.7944056245275875,decision_function,,u_f44c33cb8df7bdc6,4,1,official,principal
1469,1,1,0.1829837985998004,decision_function,,u_f44c33cb8df7bdc6,4,1,official,principal
6086,0,0,-1.4293988375179012,decision_function,,u_f44c33cb8df7bdc6,4,1,official,principal
2878,0,1,0.7369654045039635,decision_function,,u_f44c33cb8df7bdc6,4,1,official,principal
4604,0,0,-0.05109057133849837,decision_function,,u_f44c33cb8df7bdc6,4,1,official,principal
1752,0,0,-1.2118269052342108,decision_function,,u_f44c33cb8df7bdc6,4,1,official,principal
6402,0,0,-1.3449834941245093,decision_function,,u_f44c33cb8df7bdc6,4,1,official,principal
293,0,1,1.0568985046884103,decision_function,,u_f44c33cb8df7bdc6,4,1,official,principal
6336,0,1,0.014264191249559799,decision_function,,u_f44c33cb8df7bdc6,4,1,official,principal
4719,1,1,0.8982208687830744,decision_function,,u_f44c33cb8df7bdc6,4,1,official,principal
5855,0,0,-1.2780735815044508,decision_function,,u_f44c33cb8df7bdc6,4,1,official,principal
2091,0,0,-1.4465807759312264,decision_function,,u_f44c33cb8df7bdc6,4,1,official,principal
3016,1,1,1.1541723263506467,decision_function,,u_f44c33cb8df7bdc6,4,1,official,principal
6307,0,0,-1.1671725535911839,decision_function,,u_f44c33cb8df7bdc6,4,1,official,principal
2122,0,0,-0.303173160238392,decision_function,,u_f44c33cb8df7bdc6,4,1,official,principal
2003,1,0,-0.30744450428725945,decision_function,,u_f44c33cb8df7bdc6,4,1,official,principal
3195,0,1,0.7527755235731171,decision_function,,u_f44c33cb8df7bdc6,4,1,official,principal
4407,0,0,-0.9974737514862398,decision_function,,u_f44c33cb8df7bdc6,4,1,official,principal
3714,0,0,-1.686819630631816,decision_function,,u_f44c33cb8df7bdc6,4,1,official,principal
4739,0,1,0.8719508611324369,decision_function,,u_f44c33cb8df7bdc6,4,1,official,principal
5396,0,0,-1.5231994676246037,decision_function,,u_f44c33cb8df7bdc6,4,1,official,principal
6723,0,0,-1.350387638718991,decision_function,,u_f44c33cb8df7bdc6,4,1,official,principal
879,0,0,-0.27402141197429963,decision_function,,u_f44c33cb8df7bdc6,4,1,official,principal
4993,0,0,-1.5662374060092088,decision_function,,u_f44c33cb8df7bdc6,4,1,official,principal
3994,1,0,-0.187298816202508,decision_function,,u_f44c33cb8df7bdc6,4,1,official,principal
6499,0,0,-0.7530166310945825,decision_function,,u_f44c33cb8df7bdc6,4,1,official,principal
2402,0,0,-1.001553948717561,decision_function,,u_f44c33cb8df7bdc6,4,1,official,principal
1068,1,1,0.5031364371390781,decision_function,,u_f44c33cb8df7bdc6,4,1,official,principal
1599,0,0,-1.5915507528170103,decision_function,,u_f44c33cb8df7bdc6,4,1,official,principal
2401,0,1,0.41555337776070034,decision_function,,u_f44c33cb8df7bdc6,4,1,official,principal
2854,0,0,-0.897820402338908,decision_function,,u_f44c33cb8df7bdc6,4,1,official,principal
107,0,0,-1.163677010379557,decision_function,,u_f44c33cb8df7bdc6,4,1,official,principal
3030,1,1,1.225777696247688,decision_function,,u_f44c33cb8df7bdc6,4,1,official,principal
1916,1,0,-0.11322237820190661,decision_function,,u_f44c33cb8df7bdc6,4,1,official,principal
2213,0,0,-1.1590985808823024,decision_function,,u_f44c33cb8df7bdc6,4,1,official,principal
3625,0,0,-1.3179070248335734,decision_function,,u_f44c33cb8df7bdc6,4,1,official,principal
4024,0,1,0.40551741831289667,decision_function,,u_f44c33cb8df7bdc6,4,1,official,principal
364,0,1,0.47350827140502516,decision_function,,u_f44c33cb8df7bdc6,4,1,official,principal
4706,1,1,0.8487356544341056,decision_function,,u_f44c33cb8df7bdc6,4,1,official,principal
5450,1,1,1.1873396181153753,decision_function,,u_f44c33cb8df7bdc6,4,1,official,principal
391,0,1,0.34815103585024376,decision_function,,u_f44c33cb8df7bdc6,4,1,official,principal
4326,1,1,1.1710161778671233,decision_function,,u_f44c33cb8df7bdc6,4,1,official,principal
3569,0,0,-1.397438602285021,decision_function,,u_f44c33cb8df7bdc6,4,1,official,principal
3724,0,0,-1.5534202847275276,decision_function,,u_f44c33cb8df7bdc6,4,1,official,principal
5374,1,1,1.2719363996516824,decision_function,,u_f44c33cb8df7bdc6,4,1,official,principal
2365,0,1,0.6701064739570135,decision_function,,u_f44c33cb8df7bdc6,4,1,official,principal
2866,0,1,1.1097977574706468,decision_function,,u_f44c33cb8df7bdc6,4,1,official,principal
6615,0,1,0.6881857860130549,decision_function,,u_f44c33cb8df7bdc6,4,1,official,principal
6719,0,0,-1.3519202229875678,decision_function,,u_f44c33cb8df7bdc6,4,1,official,principal
4354,0,0,-1.3506506495842852,decision_function,,u_f44c33cb8df7bdc6,4,1,official,principal
7021,1,0,-0.258721281812336,decision_function,,u_f44c33cb8df7bdc6,4,1,official,principal
5651,1,1,0.16798989677046006,decision_function,,u_f44c33cb8df7bdc6,4,1,official,principal
3337,0,1,1.3104101647921123,decision_function,,u_f44c33cb8df7bdc6,4,1,official,principal
2802,1,1,1.1449709674974404,decision_function,,u_f44c33cb8df7bdc6,4,1,official,principal
2297,1,0,-0.43461777598826046,decision_function,,u_f44c33cb8df7bdc6,4,1,official,principal
3879,1,1,0.9811381285436183,decision_function,,u_f44c33cb8df7bdc6,4,1,official,principal
1172,0,1,0.9557131105485217,decision_function,,u_f44c33cb8df7bdc6,4,1,official,principal
6620,1,1,1.2441308907110773,decision_function,,u_f44c33cb8df7bdc6,4,1,official,principal
1773,0,0,-1.3145997863093335,decision_function,,u_f44c33cb8df7bdc6,4,1,official,principal
1024,0,0,-0.05404343972726322,decision_function,,u_f44c33cb8df7bdc6,4,1,official,principal
1459,0,0,-0.4852693926431858,decision_function,,u_f44c33cb8df7bdc6,4,1,official,principal
2037,0,1,1.1089337600131322,decision_function,,u_f44c33cb8df7bdc6,4,1,official,principal
4771,1,1,1.301655035741094,decision_function,,u_f44c33cb8df7bdc6,4,1,official,principal
1476,0,0,-0.7962143151508723,decision_function,,u_f44c33cb8df7bdc6,4,1,official,principal
4858,0,0,-2.1013528963951478,decision_function,,u_f44c33cb8df7bdc6,4,1,official,principal
3389,0,1,1.2526024512129228,decision_function,,u_f44c33cb8df7bdc6,4,1,official,principal
3671,1,1,1.3400508756745586,decision_function,,u_f44c33cb8df7bdc6,4,1,official,principal
4497,0,1,0.01821293689222858,decision_function,,u_f44c33cb8df7bdc6,4,1,official,principal
1835,0,1,1.0580837494119655,decision_function,,u_f44c33cb8df7bdc6,4,1,official,principal
367,0,0,-0.8087335189567086,decision_function,,u_f44c33cb8df7bdc6,4,1,official,principal
2657,0,1,0.07026850122329265,decision_function,,u_f44c33cb8df7bdc6,4,1,official,principal
6196,0,0,-0.8391547449428292,decision_function,,u_f44c33cb8df7bdc6,4,1,official,principal
2812,1,0,-0.2860882078421495,decision_function,,u_f44c33cb8df7bdc6,4,1,official,principal
1256,0,0,-1.5428842562968028,decision_function,,u_f44c33cb8df7bdc6,4,1,official,principal
6604,0,1,0.8157451664992934,decision_function,,u_f44c33cb8df7bdc6,4,1,official,principal
3808,0,0,-0.9435809277871918,decision_function,,u_f44c33cb8df7bdc6,4,1,official,principal
6119,0,0,-0.4843007417327365,decision_function,,u_f44c33cb8df7bdc6,4,1,official,principal
928,0,0,-1.2782906254405937,decision_function,,u_f44c33cb8df7bdc6,4,1,official,principal
1886,0,0,-1.8412829310266223,decision_function,,u_f44c33cb8df7bdc6,4,1,official,principal
4059,1,1,0.47799064342437925,decision_function,,u_f44c33cb8df7bdc6,4,1,official,principal
6039,1,1,0.32443258124492225,decision_function,,u_f44c33cb8df7bdc6,4,1,official,principal
4459,1,1,1.1899357418040333,decision_function,,u_f44c33cb8df7bdc6,4,1,official,principal
5892,0,1,0.2260906353442922,decision_function,,u_f44c33cb8df7bdc6,4,1,official,principal
5053,0,1,0.6481194324137411,decision_function,,u_f44c33cb8df7bdc6,4,1,official,principal
2094,0,0,-1.1064226517654356,decision_function,,u_f44c33cb8df7bdc6,4,1,official,principal
6996,1,0,-1.4699671721503136,decision_function,,u_f44c33cb8df7bdc6,4,1,official,principal
3140,0,1,0.724935411238707,decision_function,,u_f44c33cb8df7bdc6,4,1,official,principal
1359,1,1,1.413683088375712,decision_function,,u_f44c33cb8df7bdc6,4,1,official,principal
4655,0,0,-1.152046933711508,decision_function,,u_f44c33cb8df7bdc6,4,1,official,principal
3699,0,0,-1.3247478560514419,decision_function,,u_f44c33cb8df7bdc6,4,1,official,principal
4363,0,0,-0.04160749615757264,decision_function,,u_f44c33cb8df7bdc6,4,1,official,principal
4562,0,0,-1.4517457369706621,decision_function,,u_f44c33cb8df7bdc6,4,1,official,principal
1594,0,0,-1.4161106708240223,decision_function,,u_f44c33cb8df7bdc6,4,1,official,principal
270,1,1,0.966871506282063,decision_function,,u_f44c33cb8df7bdc6,4,1,official,principal
6395,1,1,0.15651574034656313,decision_function,,u_f44c33cb8df7bdc6,4,1,official,principal
2345,0,0,-0.6226122193652781,decision_function,,u_f44c33cb8df7bdc6,4,1,official,principal
4111,0,0,-0.8126916703992686,decision_function,,u_f44c33cb8df7bdc6,4,1,official,principal
755,1,1,1.221165272708079,decision_function,,u_f44c33cb8df7bdc6,4,1,official,principal
3382,0,0,-1.3768270251231602,decision_function,,u_f44c33cb8df7bdc6,4,1,official,principal
2843,0,0,-1.4607262607656277,decision_function,,u_f44c33cb8df7bdc6,4,1,official,principal
5935,0,1,0.9134506268009168,decision_function,,u_f44c33cb8df7bdc6,4,1,official,principal
2477,0,1,0.8598349298439696,decision_function,,u_f44c33cb8df7bdc6,4,1,official,principal
1230,0,1,0.11862306825077251,decision_function,,u_f44c33cb8df7bdc6,4,1,official,principal
4606,0,0,-1.1437551202119747,decision_function,,u_f44c33cb8df7bdc6,4,1,official,principal
1271,0,0,-1.3778063942335903,decision_function,,u_f44c33cb8df7bdc6,4,1,official,principal
1101,0,0,-0.8221507522399785,decision_function,,u_f44c33cb8df7bdc6,4,1,official,principal
4338,0,1,0.2815965018903579,decision_function,,u_f44c33cb8df7bdc6,4,1,official,principal
2677,1,1,1.1511788368941975,decision_function,,u_f44c33cb8df7bdc6,4,1,official,principal
5477,0,0,-1.5082393236616558,decision_function,,u_f44c33cb8df7bdc6,4,1,official,principal
2808,0,1,0.7173219924549932,decision_function,,u_f44c33cb8df7bdc6,4,1,official,principal
6334,0,0,-0.8892254887617048,decision_function,,u_f44c33cb8df7bdc6,4,1,official,principal
1060,0,0,-1.4170379439103995,decision_function,,u_f44c33cb8df7bdc6,4,1,official,principal
1880,1,1,1.265766687110841,decision_function,,u_f44c33cb8df7bdc6,4,1,official,principal
4539,1,0,-0.8766745892720509,decision_function,,u_f44c33cb8df7bdc6,4,1,official,principal
2500,0,0,-1.34637866062155,decision_function,,u_f44c33cb8df7bdc6,4,1,official,principal
2518,0,1,1.021159493068038,decision_function,,u_f44c33cb8df7bdc6,4,1,official,principal
6432,0,0,-1.1158128490892538,decision_function,,u_f44c33cb8df7bdc6,4,1,official,principal
2591,0,1,0.21295156002579185,decision_function,,u_f44c33cb8df7bdc6,4,1,official,principal
2549,0,0,-0.8169760053401386,decision_function,,u_f44c33cb8df7bdc6,4,1,official,principal
4645,1,1,1.1725579946424765,decision_function,,u_f44c33cb8df7bdc6,4,1,official,principal
5431,0,0,-1.2062625610686963,decision_function,,u_f44c33cb8df7bdc6,4,1,official,principal
75,0,0,-0.5407866695854855,decision_function,,u_f44c33cb8df7bdc6,4,1,official,principal
2017,0,0,-1.2967575482065785,decision_function,,u_f44c33cb8df7bdc6,4,1,official,principal
1051,0,1,0.006087952659661111,decision_function,,u_f44c33cb8df7bdc6,4,1,official,principal
2076,0,0,-0.7345222793908341,decision_function,,u_f44c33cb8df7bdc6,4,1,official,principal
2291,1,1,1.3016366327656723,decision_function,,u_f44c33cb8df7bdc6,4,1,official,principal
6134,0,1,0.557113660149271,decision_function,,u_f44c33cb8df7bdc6,4,1,official,principal
4042,0,1,1.0284875511485303,decision_function,,u_f44c33cb8df7bdc6,4,1,official,principal
5332,0,0,-1.954957248792735,decision_function,,u_f44c33cb8df7bdc6,4,1,official,principal
5922,0,0,-0.942305797598937,decision_function,,u_f44c33cb8df7bdc6,4,1,official,principal
787,0,0,-0.8528893174445249,decision_function,,u_f44c33cb8df7bdc6,4,1,official,principal
6044,0,1,1.1071665850090617,decision_function,,u_f44c33cb8df7bdc6,4,1,official,principal
3248,1,1,1.1397373279175442,decision_function,,u_f44c33cb8df7bdc6,4,1,official,principal
3950,1,1,0.9532260940026718,decision_function,,u_f44c33cb8df7bdc6,4,1,official,principal
198,0,0,-0.867938193100237,decision_function,,u_f44c33cb8df7bdc6,4,1,official,principal
2725,0,1,0.7340000123996324,decision_function,,u_f44c33cb8df7bdc6,4,1,official,principal
3490,1,1,0.6015385286187589,decision_function,,u_f44c33cb8df7bdc6,4,1,official,principal
2117,0,0,-1.630858570318761,decision_function,,u_f44c33cb8df7bdc6,4,1,official,principal
317,1,0,-1.655348152718509,decision_function,,u_f44c33cb8df7bdc6,4,1,official,principal
211,0,1,0.7851146556817461,decision_function,,u_f44c33cb8df7bdc6,4,1,official,principal
3092,1,1,0.5659449601982067,decision_function,,u_f44c33cb8df7bdc6,4,1,official,principal
3265,1,1,0.6316283344964666,decision_function,,u_f44c33cb8df7bdc6,4,1,official,principal
6130,0,0,-1.909421738063477,decision_function,,u_f44c33cb8df7bdc6,4,1,official,principal
713,0,1,0.30691678663734745,decision_function,,u_f44c33cb8df7bdc6,4,1,official,principal
4303,0,0,-1.4462752951888567,decision_function,,u_f44c33cb8df7bdc6,4,1,official,principal
2385,0,1,0.04296770076029155,decision_function,,u_f44c33cb8df7bdc6,4,1,official,principal
436,0,0,-1.4901865958593055,decision_function,,u_f44c33cb8df7bdc6,4,1,official,principal
5446,1,0,-0.7696359599335396,decision_function,,u_f44c33cb8df7bdc6,4,1,official,principal
1925,0,0,-1.4506390125753472,decision_function,,u_f44c33cb8df7bdc6,4,1,official,principal
5667,0,0,-0.4410799779427603,decision_function,,u_f44c33cb8df7bdc6,4,1,official,principal
1670,1,1,0.6474681230623995,decision_function,,u_f44c33cb8df7bdc6,4,1,official,principal
2956,0,1,0.5463940506287139,decision_function,,u_f44c33cb8df7bdc6,4,1,official,principal
1163,1,1,1.089219867161748,decision_function,,u_f44c33cb8df7bdc6,4,1,official,principal
6427,0,0,-1.463568296560303,decision_function,,u_f44c33cb8df7bdc6,4,1,official,principal
6169,1,1,0.9853865325703015,decision_function,,u_f44c33cb8df7bdc6,4,1,official,principal
6444,1,0,-1.0298141103065017,decision_function,,u_f44c33cb8df7bdc6,4,1,official,principal
2905,0,0,-0.3569994844587585,decision_function,,u_f44c33cb8df7bdc6,4,1,official,principal
1877,0,0,-1.4802411195490197,decision_function,,u_f44c33cb8df7bdc6,4,1,official,principal
148,0,0,-1.2349978804480768,decision_function,,u_f44c33cb8df7bdc6,4,1,official,principal
1362,1,1,1.2907756599891032,decision_function,,u_f44c33cb8df7bdc6,4,1,official,principal
3286,1,1,1.185596552742182,decision_function,,u_f44c33cb8df7bdc6,4,1,official,principal
3132,0,1,0.895080495860263,decision_function,,u_f44c33cb8df7bdc6,4,1,official,principal
6280,0,0,-0.6833598109401685,decision_function,,u_f44c33cb8df7bdc6,4,1,official,principal
5948,0,0,-1.7769323640352392,decision_function,,u_f44c33cb8df7bdc6,4,1,official,principal
2594,0,0,-0.903067184715443,decision_function,,u_f44c33cb8df7bdc6,4,1,official,principal
5284,1,1,1.0087441745784667,decision_function,,u_f44c33cb8df7bdc6,4,1,official,principal
2376,0,1,0.04243268155175728,decision_function,,u_f44c33cb8df7bdc6,4,1,official,principal
2723,0,0,-1.1462852754196113,decision_function,,u_f44c33cb8df7bdc6,4,1,official,principal
3674,1,1,0.9298282005173848,decision_function,,u_f44c33cb8df7bdc6,4,1,official,principal
2427,1,1,0.9948199080257412,decision_function,,u_f44c33cb8df7bdc6,4,1,official,principal
5674,0,0,-1.21836051529447,decision_function,,u_f44c33cb8df7bdc6,4,1,official,principal
5762,0,1,0.40174049808403867,decision_function,,u_f44c33cb8df7bdc6,4,1,official,principal
4292,1,1,0.7378689295942202,decision_function,,u_f44c33cb8df7bdc6,4,1,official,principal
2804,1,0,-0.18211521580269996,decision_function,,u_f44c33cb8df7bdc6,4,1,official,principal
3916,0,1,0.8120836893677381,decision_function,,u_f44c33cb8df7bdc6,4,1,official,principal
856,0,0,-1.5826730414314565,decision_function,,u_f44c33cb8df7bdc6,4,1,official,principal
4893,1,1,0.5056013281319993,decision_function,,u_f44c33cb8df7bdc6,4,1,official,principal
2870,0,0,-0.19413979119969982,decision_function,,u_f44c33cb8df7bdc6,4,1,official,principal
2324,1,1,0.813557342658165,decision_function,,u_f44c33cb8df7bdc6,4,1,official,principal
3927,1,0,-0.7896586980021182,decision_function,,u_f44c33cb8df7bdc6,4,1,official,principal
869,0,0,-0.733391236401865,decision_function,,u_f44c33cb8df7bdc6,4,1,official,principal
3075,0,0,-0.2060533996691717,decision_function,,u_f44c33cb8df7bdc6,4,1,official,principal
5958,0,1,0.5402242576636738,decision_function,,u_f44c33cb8df7bdc6,4,1,official,principal
5123,1,1,0.8021992053271954,decision_function,,u_f44c33cb8df7bdc6,4,1,official,principal
234,0,0,-0.8644546345711271,decision_function,,u_f44c33cb8df7bdc6,4,1,official,principal
1178,1,1,0.8672718400881345,decision_function,,u_f44c33cb8df7bdc6,4,1,official,principal
2679,1,1,1.2840217983588083,decision_function,,u_f44c33cb8df7bdc6,4,1,official,principal
2038,1,1,1.006020287052172,decision_function,,u_f44c33cb8df7bdc6,4,1,official,principal
6755,0,1,0.1674394973540121,decision_function,,u_f44c33cb8df7bdc6,4,1,official,principal
172,0,0,-0.6754577392937865,decision_function,,u_f44c33cb8df7bdc6,4,1,official,principal
1651,1,1,1.0520575415259164,decision_function,,u_f44c33cb8df7bdc6,4,1,official,principal
1283,0,0,-0.6601240901874272,decision_function,,u_f44c33cb8df7bdc6,4,1,official,principal
477,0,1,0.01503761033164075,decision_function,,u_f44c33cb8df7bdc6,4,1,official,principal
6351,1,0,-0.012732403433757256,decision_function,,u_f44c33cb8df7bdc6,4,1,official,principal
1328,0,0,-0.24725292400675913,decision_function,,u_f44c33cb8df7bdc6,4,1,official,principal
6222,0,0,-0.6280758121489243,decision_function,,u_f44c33cb8df7bdc6,4,1,official,principal
3379,0,0,-0.7904142981567857,decision_function,,u_f44c33cb8df7bdc6,4,1,official,principal
1622,0,0,-1.8935355718674922,decision_function,,u_f44c33cb8df7bdc6,4,1,official,principal
365,1,1,0.8431746052839553,decision_function,,u_f44c33cb8df7bdc6,4,1,official,principal
2178,0,0,-1.4290524134886504,decision_function,,u_f44c33cb8df7bdc6,4,1,official,principal
1290,0,0,-1.0433316796726888,decision_function,,u_f44c33cb8df7bdc6,4,1,official,principal
6034,0,0,-1.2372038939127006,decision_function,,u_f44c33cb8df7bdc6,4,1,official,principal
5923,0,1,0.9559338061596365,decision_function,,u_f44c33cb8df7bdc6,4,1,official,principal
5577,0,0,-1.327395609785095,decision_function,,u_f44c33cb8df7bdc6,4,1,official,principal
2066,0,0,-1.4421455049257208,decision_function,,u_f44c33cb8df7bdc6,4,1,official,principal
5991,1,1,0.8509721148695555,decision_function,,u_f44c33cb8df7bdc6,4,1,official,principal
1891,1,1,0.7356219234125192,decision_function,,u_f44c33cb8df7bdc6,4,1,official,principal
2463,0,1,1.1793987796701988,decision_function,,u_f44c33cb8df7bdc6,4,1,official,principal
1837,1,0,-0.644639044219449,decision_function,,u_f44c33cb8df7bdc6,4,1,official,principal
3235,0,0,-1.7218153510997292,decision_function,,u_f44c33cb8df7bdc6,4,1,official,principal
6648,0,0,-1.1918113763556935,decision_function,,u_f44c33cb8df7bdc6,4,1,official,principal
6500,0,0,-1.0380725614444049,decision_function,,u_f44c33cb8df7bdc6,4,1,official,principal
42,0,0,-1.4018773244357776,decision_function,,u_f44c33cb8df7bdc6,4,1,official,principal
4989,0,0,-0.31793302349715813,decision_function,,u_f44c33cb8df7bdc6,4,1,official,principal
1460,1,1,1.09230809035918,decision_function,,u_f44c33cb8df7bdc6,4,1,official,principal
2830,0,0,-1.3779653426553398,decision_function,,u_f44c33cb8df7bdc6,4,1,official,principal
308,0,1,0.7697226569978406,decision_function,,u_f44c33cb8df7bdc6,4,1,official,principal
3542,0,0,-1.4544241774265392,decision_function,,u_f44c33cb8df7bdc6,4,1,official,principal
819,0,0,-1.590057069807342,decision_function,,u_f44c33cb8df7bdc6,4,1,official,principal
6624,0,0,-1.542541265138985,decision_function,,u_f44c33cb8df7bdc6,4,1,official,principal
5375,1,1,0.8224816573526144,decision_function,,u_f44c33cb8df7bdc6,4,1,official,principal
259,0,1,0.3644850341502788,decision_function,,u_f44c33cb8df7bdc6,4,1,official,principal
588,0,0,-0.7886499839726545,decision_function,,u_f44c33cb8df7bdc6,4,1,official,principal
4919,0,0,-1.5644186531215873,decision_function,,u_f44c33cb8df7bdc6,4,1,official,principal
1192,1,1,1.1421269449215343,decision_function,,u_f44c33cb8df7bdc6,4,1,official,principal
1611,0,0,-1.5406919215536519,decision_function,,u_f44c33cb8df7bdc6,4,1,official,principal
5743,0,0,-0.8970665728867538,decision_function,,u_f44c33cb8df7bdc6,4,1,official,principal
6832,0,0,-1.4619684741290842,decision_function,,u_f44c33cb8df7bdc6,4,1,official,principal
218,0,0,-1.2332098814580266,decision_function,,u_f44c33cb8df7bdc6,4,1,official,principal
374,0,1,0.29302036939850185,decision_function,,u_f44c33cb8df7bdc6,4,1,official,principal
3098,1,1,0.5031399738264282,decision_function,,u_f44c33cb8df7bdc6,4,1,official,principal
2498,0,0,-0.17063142108161833,decision_function,,u_f44c33cb8df7bdc6,4,1,official,principal
12,0,0,-0.3865033741665661,decision_function,,u_f44c33cb8df7bdc6,4,1,official,principal
1637,0,0,-1.4440987190298833,decision_function,,u_f44c33cb8df7bdc6,4,1,official,principal
5214,1,1,1.0431047230608061,decision_function,,u_f44c33cb8df7bdc6,4,1,official,principal
2425,0,0,-0.6806512014416364,decision_function,,u_f44c33cb8df7bdc6,4,1,official,principal
6959,0,0,-0.3240149748353832,decision_function,,u_f44c33cb8df7bdc6,4,1,official,principal
1241,0,0,-0.5307939193222636,decision_function,,u_f44c33cb8df7bdc6,4,1,official,principal
1892,0,1,0.7365443049460978,decision_function,,u_f44c33cb8df7bdc6,4,1,official,principal
5037,1,1,1.290800879778643,decision_function,,u_f44c33cb8df7bdc6,4,1,official,principal
5363,0,0,-1.4287586748416428,decision_function,,u_f44c33cb8df7bdc6,4,1,official,principal
4683,0,1,1.331559009618817,decision_function,,u_f44c33cb8df7bdc6,4,1,official,principal
5539,0,0,-1.535966485257382,decision_function,,u_f44c33cb8df7bdc6,4,1,official,principal
2083,1,0,-0.5640744918254734,decision_function,,u_f44c33cb8df7bdc6,4,1,official,principal
4732,0,0,-1.3400928722888075,decision_function,,u_f44c33cb8df7bdc6,4,1,official,principal
1199,0,1,0.6652223698125304,decision_function,,u_f44c33cb8df7bdc6,4,1,official,principal
1130,0,0,-1.3455780514261875,decision_function,,u_f44c33cb8df7bdc6,4,1,official,principal
4528,0,0,-0.20385176538737626,decision_function,,u_f44c33cb8df7bdc6,4,1,official,principal
297,0,1,1.368765953093243,decision_function,,u_f44c33cb8df7bdc6,4,1,official,principal
4141,0,1,0.5097042165155405,decision_function,,u_f44c33cb8df7bdc6,4,1,official,principal
2884,0,0,-1.238003073393286,decision_function,,u_f44c33cb8df7bdc6,4,1,official,principal
4741,0,1,1.0994530656765027,decision_function,,u_f44c33cb8df7bdc6,4,1,official,principal
2426,0,1,0.027796803452361463,decision_function,,u_f44c33cb8df7bdc6,4,1,official,principal
6202,1,0,-1.4591431811763125,decision_function,,u_f44c33cb8df7bdc6,4,1,official,principal
4963,0,0,-0.7116758837289523,decision_function,,u_f44c33cb8df7bdc6,4,1,official,principal
1755,0,1,0.41166374774768566,decision_function,,u_f44c33cb8df7bdc6,4,1,official,principal
5052,0,0,-0.004274839760546989,decision_function,,u_f44c33cb8df7bdc6,4,1,official,principal
5281,0,0,-1.864545005012977,decision_function,,u_f44c33cb8df7bdc6,4,1,official,principal
457,0,0,-1.1593398963213453,decision_function,,u_f44c33cb8df7bdc6,4,1,official,principal
2957,0,1,1.0949814472056867,decision_function,,u_f44c33cb8df7bdc6,4,1,official,principal
3249,0,1,0.14299334510853745,decision_function,,u_f44c33cb8df7bdc6,4,1,official,principal
6845,0,1,0.9296961266082182,decision_function,,u_f44c33cb8df7bdc6,4,1,official,principal
2022,0,1,1.031198343732106,decision_function,,u_f44c33cb8df7bdc6,4,1,official,principal
5798,1,1,1.310988588453253,decision_function,,u_f44c33cb8df7bdc6,4,1,official,principal
963,0,0,-1.2344901785800484,decision_function,,u_f44c33cb8df7bdc6,4,1,official,principal
660,1,1,0.47104169713919775,decision_function,,u_f44c33cb8df7bdc6,4,1,official,principal
5478,0,0,-0.6953808125124674,decision_function,,u_f44c33cb8df7bdc6,4,1,official,principal
4955,1,1,0.9837023590320848,decision_function,,u_f44c33cb8df7bdc6,4,1,official,principal
5678,1,1,0.25771204932914693,decision_function,,u_f44c33cb8df7bdc6,4,1,official,principal
5831,1,1,1.3101704740755638,decision_function,,u_f44c33cb8df7bdc6,4,1,official,principal
5030,1,1,0.7718420971451974,decision_function,,u_f44c33cb8df7bdc6,4,1,official,principal
1294,1,1,0.8478059804382885,decision_function,,u_f44c33cb8df7bdc6,4,1,official,principal
2212,0,0,-1.2540376548878667,decision_function,,u_f44c33cb8df7bdc6,4,1,official,principal
6993,1,1,0.49131544887097434,decision_function,,u_f44c33cb8df7bdc6,4,1,official,principal
6342,0,1,1.1560291290621436,decision_function,,u_f44c33cb8df7bdc6,4,1,official,principal
3949,0,0,-0.5432073180149131,decision_function,,u_f44c33cb8df7bdc6,4,1,official,principal
3967,0,0,-1.5590124696510095,decision_function,,u_f44c33cb8df7bdc6,4,1,official,principal
276,1,1,0.7358701927054192,decision_function,,u_f44c33cb8df7bdc6,4,1,official,principal
5867,0,0,-0.9529311954196743,decision_function,,u_f44c33cb8df7bdc6,4,1,official,principal
5132,0,0,-1.2319303502716281,decision_function,,u_f44c33cb8df7bdc6,4,1,official,principal
142,0,0,-0.6268541450359371,decision_function,,u_f44c33cb8df7bdc6,4,1,official,principal
1397,0,1,1.0684133257201116,decision_function,,u_f44c33cb8df7bdc6,4,1,official,principal
4524,1,1,0.7549315179422915,decision_function,,u_f44c33cb8df7bdc6,4,1,official,principal
4713,0,0,-0.3573205657458236,decision_function,,u_f44c33cb8df7bdc6,4,1,official,principal
1141,0,0,-0.8320417879427482,decision_function,,u_f44c33cb8df7bdc6,4,1,official,principal
4749,1,1,0.6438119933339195,decision_function,,u_f44c33cb8df7bdc6,4,1,official,principal
4119,0,0,-1.529606490694182,decision_function,,u_f44c33cb8df7bdc6,4,1,official,principal
4056,1,1,1.0709708111234895,decision_function,,u_f44c33cb8df7bdc6,4,1,official,principal
1136,0,0,-1.3800524707918376,decision_function,,u_f44c33cb8df7bdc6,4,1,official,principal
3048,0,1,0.863115820893936,decision_function,,u_f44c33cb8df7bdc6,4,1,official,principal
115,0,1,0.5520978123888636,decision_function,,u_f44c33cb8df7bdc6,4,1,official,principal
5298,0,1,0.43623768656642237,decision_function,,u_f44c33cb8df7bdc6,4,1,official,principal
5643,1,1,1.0424787234206094,decision_function,,u_f44c33cb8df7bdc6,4,1,official,principal
1008,1,1,0.32822893741088,decision_function,,u_f44c33cb8df7bdc6,4,1,official,principal
1416,0,0,-1.44793470941354,decision_function,,u_f44c33cb8df7bdc6,4,1,official,principal
1989,0,0,-1.2795752051058134,decision_function,,u_f44c33cb8df7bdc6,4,1,official,principal
3915,0,0,-1.4830464845674134,decision_function,,u_f44c33cb8df7bdc6,4,1,official,principal
609,1,0,-0.31495670359724837,decision_function,,u_f44c33cb8df7bdc6,4,1,official,principal
1189,0,1,0.7005335690049577,decision_function,,u_f44c33cb8df7bdc6,4,1,official,principal
2074,1,0,-0.16197851583635148,decision_function,,u_f44c33cb8df7bdc6,4,1,official,principal
5106,0,0,-0.5449523164476867,decision_function,,u_f44c33cb8df7bdc6,4,1,official,principal
2539,0,0,-1.3783970891378663,decision_function,,u_f44c33cb8df7bdc6,4,1,official,principal
5002,0,0,-1.418920519204631,decision_function,,u_f44c33cb8df7bdc6,4,1,official,principal
4803,0,0,-0.06466486222710888,decision_function,,u_f44c33cb8df7bdc6,4,1,official,principal
1067,0,1,0.4163541260371064,decision_function,,u_f44c33cb8df7bdc6,4,1,official,principal
5460,0,0,-1.3794980243448782,decision_function,,u_f44c33cb8df7bdc6,4,1,official,principal
1841,0,0,-1.3219088740112064,decision_function,,u_f44c33cb8df7bdc6,4,1,official,principal
6654,1,1,1.3206900879081063,decision_function,,u_f44c33cb8df7bdc6,4,1,official,principal
19,0,1,0.8518872129920674,decision_function,,u_f44c33cb8df7bdc6,4,1,official,principal
3882,0,1,0.6780175954634517,decision_function,,u_f44c33cb8df7bdc6,4,1,official,principal
1331,0,1,0.5673660024138265,decision_function,,u_f44c33cb8df7bdc6,4,1,official,principal
5399,0,0,-1.5608713470200306,decision_function,,u_f44c33cb8df7bdc6,4,1,official,principal
1548,0,1,0.3513120583415619,decision_function,,u_f44c33cb8df7bdc6,4,1,official,principal
3271,1,1,1.1590631822506576,decision_function,,u_f44c33cb8df7bdc6,4,1,official,principal
461,0,1,0.16372564285630276,decision_function,,u_f44c33cb8df7bdc6,4,1,official,principal
390,0,1,1.118166456732377,decision_function,,u_f44c33cb8df7bdc6,4,1,official,principal
775,0,0,-1.116709713886086,decision_function,,u_f44c33cb8df7bdc6,4,1,official,principal
2098,0,1,0.619262007299842,decision_function,,u_f44c33cb8df7bdc6,4,1,official,principal
5912,1,0,-0.04153665219259273,decision_function,,u_f44c33cb8df7bdc6,4,1,official,principal
431,0,0,-1.6971565112492277,decision_function,,u_f44c33cb8df7bdc6,4,1,official,principal
6882,0,0,-1.2252277353368755,decision_function,,u_f44c33cb8df7bdc6,4,1,official,principal
4158,0,0,-1.489483822932896,decision_function,,u_f44c33cb8df7bdc6,4,1,official,principal
6469,0,0,-1.2754541044569032,decision_function,,u_f44c33cb8df7bdc6,4,1,official,principal
230,0,0,-0.9762270090304204,decision_function,,u_f44c33cb8df7bdc6,4,1,official,principal
3485,1,1,1.0491215303384112,decision_function,,u_f44c33cb8df7bdc6,4,1,official,principal
5680,1,0,-0.15042668985749774,decision_function,,u_f44c33cb8df7bdc6,4,1,official,principal
125,0,0,-0.34949974092487623,decision_function,,u_f44c33cb8df7bdc6,4,1,official,principal
5749,0,1,0.06106995039227803,decision_function,,u_f44c33cb8df7bdc6,4,1,official,principal
2697,0,0,-1.6202033359823331,decision_function,,u_f44c33cb8df7bdc6,4,1,official,principal
1843,0,0,-1.340878041153421,decision_function,,u_f44c33cb8df7bdc6,4,1,official,principal
5899,0,0,-0.45047828222296227,decision_function,,u_f44c33cb8df7bdc6,4,1,official,principal
1150,0,1,0.02988255529201278,decision_function,,u_f44c33cb8df7bdc6,4,1,official,principal
2688,1,1,1.1629219547247287,decision_function,,u_f44c33cb8df7bdc6,4,1,official,principal
420,0,0,-0.7694423055291093,decision_function,,u_f44c33cb8df7bdc6,4,1,official,principal
5653,1,1,1.2618379549301284,decision_function,,u_f44c33cb8df7bdc6,4,1,official,principal
1600,1,1,0.9702256929502149,decision_function,,u_f44c33cb8df7bdc6,4,1,official,principal
980,0,0,-0.828342417346434,decision_function,,u_f44c33cb8df7bdc6,4,1,official,principal
1084,0,0,-1.5823406139299399,decision_function,,u_f44c33cb8df7bdc6,4,1,official,principal
2207,1,1,1.2082565245541368,decision_function,,u_f44c33cb8df7bdc6,4,1,official,principal
5297,0,0,-1.3339270496360287,decision_function,,u_f44c33cb8df7bdc6,4,1,official,principal
1901,0,0,-0.9588331092006495,decision_function,,u_f44c33cb8df7bdc6,4,1,official,principal
4865,0,1,0.3826322106645128,decision_function,,u_f44c33cb8df7bdc6,4,1,official,principal
4567,0,1,0.8202266626399008,decision_function,,u_f44c33cb8df7bdc6,4,1,official,principal
4033,0,0,-2.0566273436435454,decision_function,,u_f44c33cb8df7bdc6,4,1,official,principal
5523,0,1,1.1937762732898387,decision_function,,u_f44c33cb8df7bdc6,4,1,official,principal
3123,0,1,0.7339966929462958,decision_function,,u_f44c33cb8df7bdc6,4,1,official,principal
3794,0,1,0.3570306035166202,decision_function,,u_f44c33cb8df7bdc6,4,1,official,principal
564,0,0,-0.03173415588700057,decision_function,,u_f44c33cb8df7bdc6,4,1,official,principal
1873,0,0,-1.7303912833032502,decision_function,,u_f44c33cb8df7bdc6,4,1,official,principal
6105,1,0,-0.9907700724096978,decision_function,,u_f44c33cb8df7bdc6,4,1,official,principal
2544,0,0,-0.35895699666261816,decision_function,,u_f44c33cb8df7bdc6,4,1,official,principal
4023,0,0,-1.543865040481476,decision_function,,u_f44c33cb8df7bdc6,4,1,official,principal
5723,0,0,-0.8229102702340572,decision_function,,u_f44c33cb8df7bdc6,4,1,official,principal
2375,0,0,-1.2560068042707315,decision_function,,u_f44c33cb8df7bdc6,4,1,official,principal
4183,0,0,-0.1955839302633834,decision_function,,u_f44c33cb8df7bdc6,4,1,official,principal
3986,0,0,-1.5678456787704267,decision_function,,u_f44c33cb8df7bdc6,4,1,official,principal
7003,0,0,-0.17054117549346381,decision_function,,u_f44c33cb8df7bdc6,4,1,official,principal
1707,0,1,0.9677219190406599,decision_function,,u_f44c33cb8df7bdc6,4,1,official,principal
3126,0,0,-1.0290086459499141,decision_function,,u_f44c33cb8df7bdc6,4,1,official,principal
5263,0,0,-0.1168831652382113,decision_function,,u_f44c33cb8df7bdc6,4,1,official,principal
3528,1,0,-0.8716578462064478,decision_function,,u_f44c33cb8df7bdc6,4,1,official,principal
5237,0,0,-0.21655640915505914,decision_function,,u_f44c33cb8df7bdc6,4,1,official,principal
1788,0,0,-1.2919711931488234,decision_function,,u_f44c33cb8df7bdc6,4,1,official,principal
2248,0,0,-0.6803119574999339,decision_function,,u_f44c33cb8df7bdc6,4,1,official,principal
1435,0,0,-0.4356801172955109,decision_function,,u_f44c33cb8df7bdc6,4,1,official,principal
501,0,0,-0.9970721409494948,decision_function,,u_f44c33cb8df7bdc6,4,1,official,principal
5198,1,1,0.057438814719175335,decision_function,,u_f44c33cb8df7bdc6,4,1,official,principal
4255,1,0,-0.20755153546341987,decision_function,,u_f44c33cb8df7bdc6,4,1,official,principal
3252,0,0,-1.2005919990547689,decision_function,,u_f44c33cb8df7bdc6,4,1,official,principal
3584,0,1,0.7379017610152261,decision_function,,u_f44c33cb8df7bdc6,4,1,official,principal
3535,0,0,-0.8639436029647534,decision_function,,u_f44c33cb8df7bdc6,4,1,official,principal
4099,0,1,0.10713162393005571,decision_function,,u_f44c33cb8df7bdc6,4,1,official,principal
2600,0,1,1.1559584969706054,decision_function,,u_f44c33cb8df7bdc6,4,1,official,principal
184,1,1,0.9361276223231894,decision_function,,u_f44c33cb8df7bdc6,4,1,official,principal
1836,1,1,0.7650229995286568,decision_function,,u_f44c33cb8df7bdc6,4,1,official,principal
5545,0,1,0.8129958064186502,decision_function,,u_f44c33cb8df7bdc6,4,1,official,principal
1156,0,0,-1.507579990835365,decision_function,,u_f44c33cb8df7bdc6,4,1,official,principal
1513,1,1,0.7781530652337327,decision_function,,u_f44c33cb8df7bdc6,4,1,official,principal
4568,0,0,-0.4145190795530612,decision_function,,u_f44c33cb8df7bdc6,4,1,official,principal
4112,0,0,-0.6401239207230727,decision_function,,u_f44c33cb8df7bdc6,4,1,official,principal
6050,0,0,-0.6908579024919772,decision_function,,u_f44c33cb8df7bdc6,4,1,official,principal
1276,0,0,-1.1705274524387885,decision_function,,u_f44c33cb8df7bdc6,4,1,official,principal
4588,0,1,0.2516968908801491,decision_function,,u_f44c33cb8df7bdc6,4,1,official,principal
4010,0,0,-0.7770192921821393,decision_function,,u_f44c33cb8df7bdc6,4,1,official,principal
396,0,1,0.7129848968300174,decision_function,,u_f44c33cb8df7bdc6,4,1,official,principal
4523,0,1,0.9137448801269223,decision_function,,u_f44c33cb8df7bdc6,4,1,official,principal
4220,0,0,-1.6550417880907702,decision_function,,u_f44c33cb8df7bdc6,4,1,official,principal
6138,0,0,-0.7905654771306198,decision_function,,u_f44c33cb8df7bdc6,4,1,official,principal
2653,0,0,-1.7434834893780744,decision_function,,u_f44c33cb8df7bdc6,4,1,official,principal
5492,0,0,-1.3382070570477396,decision_function,,u_f44c33cb8df7bdc6,4,1,official,principal
6505,0,0,-1.6344816473765738,decision_function,,u_f44c33cb8df7bdc6,4,1,official,principal
321,0,0,-1.1969751960875836,decision_function,,u_f44c33cb8df7bdc6,4,1,official,principal
2357,0,0,-1.6998298446691804,decision_function,,u_f44c33cb8df7bdc6,4,1,official,principal
407,0,1,0.7425908415359588,decision_function,,u_f44c33cb8df7bdc6,4,1,official,principal
4614,0,0,-1.0284610645612688,decision_function,,u_f44c33cb8df7bdc6,4,1,official,principal
962,0,1,0.5881616780551484,decision_function,,u_f44c33cb8df7bdc6,4,1,official,principal
2253,0,0,-1.3810851949828145,decision_function,,u_f44c33cb8df7bdc6,4,1,official,principal
4268,0,0,-0.51242495547503,decision_function,,u_f44c33cb8df7bdc6,4,1,official,principal
3443,0,0,-0.5234828435790645,decision_function,,u_f44c33cb8df7bdc6,4,1,official,principal
2089,0,0,-1.334764523718441,decision_function,,u_f44c33cb8df7bdc6,4,1,official,principal
6711,0,1,0.4382763547157804,decision_function,,u_f44c33cb8df7bdc6,4,1,official,principal
2620,0,0,-0.18146027041779655,decision_function,,u_f44c33cb8df7bdc6,4,1,official,principal
6988,0,0,-0.4909895856223895,decision_function,,u_f44c33cb8df7bdc6,4,1,official,principal
4353,1,1,1.2196735738665978,decision_function,,u_f44c33cb8df7bdc6,4,1,official,principal
40,0,0,-0.638764415900329,decision_function,,u_f44c33cb8df7bdc6,4,1,official,principal
1158,0,0,-0.8011038139856119,decision_function,,u_f44c33cb8df7bdc6,4,1,official,principal
3667,0,1,0.5481357152689654,decision_function,,u_f44c33cb8df7bdc6,4,1,official,principal
72,0,0,-0.6017319489979428,decision_function,,u_f44c33cb8df7bdc6,4,1,official,principal
5043,1,1,0.9156354138755842,decision_function,,u_f44c33cb8df7bdc6,4,1,official,principal
354,1,1,0.7490165321259654,decision_function,,u_f44c33cb8df7bdc6,4,1,official,principal
3484,0,1,0.5745077359663329,decision_function,,u_f44c33cb8df7bdc6,4,1,official,principal
6556,0,0,-1.2810424705903949,decision_function,,u_f44c33cb8df7bdc6,4,1,official,principal
7009,1,1,0.9185946772505869,decision_function,,u_f44c33cb8df7bdc6,4,1,official,principal
4092,0,0,-0.5612843160147302,decision_function,,u_f44c33cb8df7bdc6,4,1,official,principal
576,0,0,-0.5679869440745218,decision_function,,u_f44c33cb8df7bdc6,4,1,official,principal
4969,0,0,-0.6225223412280418,decision_function,,u_f44c33cb8df7bdc6,4,1,official,principal
3432,0,0,-1.5150350200467289,decision_function,,u_f44c33cb8df7bdc6,4,1,official,principal
1193,0,0,-1.4500869715604368,decision_function,,u_f44c33cb8df7bdc6,4,1,official,principal
4828,0,0,-0.9397646477854005,decision_function,,u_f44c33cb8df7bdc6,4,1,official,principal
5092,0,0,-0.9676954325541435,decision_function,,u_f44c33cb8df7bdc6,4,1,official,principal
1442,0,0,-0.7472620089847419,decision_function,,u_f44c33cb8df7bdc6,4,1,official,principal
620,0,1,0.5139642035826948,decision_function,,u_f44c33cb8df7bdc6,4,1,official,principal
7035,0,1,0.8300663607514336,decision_function,,u_f44c33cb8df7bdc6,4,1,official,principal
4289,0,0,-1.5093946259940638,decision_function,,u_f44c33cb8df7bdc6,4,1,official,principal
1050,1,1,0.5699995499754358,decision_function,,u_f44c33cb8df7bdc6,4,1,official,principal
6161,0,1,0.4868446134113169,decision_function,,u_f44c33cb8df7bdc6,4,1,official,principal
6428,1,1,1.1645091827812915,decision_function,,u_f44c33cb8df7bdc6,4,1,official,principal
4274,0,0,-1.5541171943097913,decision_function,,u_f44c33cb8df7bdc6,4,1,official,principal
4801,0,0,-1.7844833543723122,decision_function,,u_f44c33cb8df7bdc6,4,1,official,principal
3574,0,0,-0.5584923419957768,decision_function,,u_f44c33cb8df7bdc6,4,1,official,principal
6538,1,1,0.8590361498646513,decision_function,,u_f44c33cb8df7bdc6,4,1,official,principal
3823,0,0,-1.6407620174415647,decision_function,,u_f44c33cb8df7bdc6,4,1,official,principal
1700,0,0,-1.3537292889385957,decision_function,,u_f44c33cb8df7bdc6,4,1,official,principal
4469,0,0,-1.5157458730207587,decision_function,,u_f44c33cb8df7bdc6,4,1,official,principal
3852,0,0,-0.4778129233685068,decision_function,,u_f44c33cb8df7bdc6,4,1,official,principal
3186,0,0,-1.4013174503158485,decision_function,,u_f44c33cb8df7bdc6,4,1,official,principal
493,0,0,-1.0024378611231963,decision_function,,u_f44c33cb8df7bdc6,4,1,official,principal
6286,0,0,-1.0069194077512122,decision_function,,u_f44c33cb8df7bdc6,4,1,official,principal
726,0,0,-1.2641125591530737,decision_function,,u_f44c33cb8df7bdc6,4,1,official,principal
5483,1,1,0.053140025662471,decision_function,,u_f44c33cb8df7bdc6,4,1,official,principal
1818,0,0,-0.6477505643665602,decision_function,,u_f44c33cb8df7bdc6,4,1,official,principal
3188,1,1,0.6740296873183935,decision_function,,u_f44c33cb8df7bdc6,4,1,official,principal
2970,1,1,1.0757568038324996,decision_function,,u_f44c33cb8df7bdc6,4,1,official,principal
802,0,0,-1.4181738774707418,decision_function,,u_f44c33cb8df7bdc6,4,1,official,principal
6136,0,0,-1.346422540824996,decision_function,,u_f44c33cb8df7bdc6,4,1,official,principal
1935,0,0,-1.5224051004713242,decision_function,,u_f44c33cb8df7bdc6,4,1,official,principal
5352,0,1,0.7271036678875291,decision_function,,u_f44c33cb8df7bdc6,4,1,official,principal
2673,1,1,0.808857798399222,decision_function,,u_f44c33cb8df7bdc6,4,1,official,principal
4230,1,1,0.8741447587586411,decision_function,,u_f44c33cb8df7bdc6,4,1,official,principal
3598,0,1,1.0484715145424521,decision_function,,u_f44c33cb8df7bdc6,4,1,official,principal
6810,1,1,0.40090901911862686,decision_function,,u_f44c33cb8df7bdc6,4,1,official,principal
6645,0,0,-0.8064466563228192,decision_function,,u_f44c33cb8df7bdc6,4,1,official,principal
2334,0,1,0.9710894068866358,decision_function,,u_f44c33cb8df7bdc6,4,1,official,principal
1990,1,1,1.1024976461162457,decision_function,,u_f44c33cb8df7bdc6,4,1,official,principal
2167,1,1,1.2497822327316779,decision_function,,u_f44c33cb8df7bdc6,4,1,official,principal
2669,1,1,0.8339963898698501,decision_function,,u_f44c33cb8df7bdc6,4,1,official,principal
2573,1,1,0.9531886754557948,decision_function,,u_f44c33cb8df7bdc6,4,1,official,principal
83,0,0,-0.05173143435669303,decision_function,,u_f44c33cb8df7bdc6,4,1,official,principal
4323,1,0,-0.14995272890625522,decision_function,,u_f44c33cb8df7bdc6,4,1,official,principal
202,0,0,-0.670006598858875,decision_function,,u_f44c33cb8df7bdc6,4,1,official,principal
4498,0,0,-1.2168511004707792,decision_function,,u_f44c33cb8df7bdc6,4,1,official,principal
4470,0,1,0.810340993643198,decision_function,,u_f44c33cb8df7bdc6,4,1,official,principal
3014,0,1,0.946304825497019,decision_function,,u_f44c33cb8df7bdc6,4,1,official,principal
5837,0,1,0.8375014573859965,decision_function,,u_f44c33cb8df7bdc6,4,1,official,principal
4843,0,0,-1.3338035181832488,decision_function,,u_f44c33cb8df7bdc6,4,1,official,principal
5211,1,1,1.3723082376092222,decision_function,,u_f44c33cb8df7bdc6,4,1,official,principal
737,0,0,-1.5270675071556319,decision_function,,u_f44c33cb8df7bdc6,4,1,official,principal
1646,0,0,-2.1108036288218024,decision_function,,u_f44c33cb8df7bdc6,4,1,official,principal
1910,0,1,0.5884373908403764,decision_function,,u_f44c33cb8df7bdc6,4,1,official,principal
4892,0,1,1.0996471873219564,decision_function,,u_f44c33cb8df7bdc6,4,1,official,principal
6904,0,0,-0.459347794988644,decision_function,,u_f44c33cb8df7bdc6,4,1,official,principal
797,0,0,-0.9329862673988569,decision_function,,u_f44c33cb8df7bdc6,4,1,official,principal
1188,0,0,-0.08353547058043187,decision_function,,u_f44c33cb8df7bdc6,4,1,official,principal
4026,0,0,-1.2194797913463635,decision_function,,u_f44c33cb8df7bdc6,4,1,official,principal
3430,0,0,-1.051352558116296,decision_function,,u_f44c33cb8df7bdc6,4,1,official,principal
5588,1,1,0.776347996003041,decision_function,,u_f44c33cb8df7bdc6,4,1,official,principal
6018,0,0,-1.3991206979494166,decision_function,,u_f44c33cb8df7bdc6,4,1,official,principal
4650,0,0,-1.386463208448355,decision_function,,u_f44c33cb8df7bdc6,4,1,official,principal
4776,0,1,1.3328864624012053,decision_function,,u_f44c33cb8df7bdc6,4,1,official,principal
2075,0,1,0.8526736097285821,decision_function,,u_f44c33cb8df7bdc6,4,1,official,principal
1445,0,1,0.8253355118959931,decision_function,,u_f44c33cb8df7bdc6,4,1,official,principal
4887,0,0,-1.3940067072330147,decision_function,,u_f44c33cb8df7bdc6,4,1,official,principal
5371,1,0,-0.557869796681991,decision_function,,u_f44c33cb8df7bdc6,4,1,official,principal
3178,1,0,-0.2530501398084155,decision_function,,u_f44c33cb8df7bdc6,4,1,official,principal
6302,1,1,1.0790793523927118,decision_function,,u_f44c33cb8df7bdc6,4,1,official,principal
4639,0,1,1.2313596797947433,decision_function,,u_f44c33cb8df7bdc6,4,1,official,principal
4471,1,1,0.17466206664099704,decision_function,,u_f44c33cb8df7bdc6,4,1,official,principal
2054,1,1,1.0289928771434667,decision_function,,u_f44c33cb8df7bdc6,4,1,official,principal
3909,0,0,-1.0985791369417464,decision_function,,u_f44c33cb8df7bdc6,4,1,official,principal
5566,0,0,-1.032043150268057,decision_function,,u_f44c33cb8df7bdc6,4,1,official,principal
358,1,0,-0.10820505665854951,decision_function,,u_f44c33cb8df7bdc6,4,1,official,principal
4960,1,1,0.9283198020110495,decision_function,,u_f44c33cb8df7bdc6,4,1,official,principal
1564,1,1,1.146723078567953,decision_function,,u_f44c33cb8df7bdc6,4,1,official,principal
4826,1,1,1.0692485989011546,decision_function,,u_f44c33cb8df7bdc6,4,1,official,principal
5076,1,1,0.0662568266090815,decision_function,,u_f44c33cb8df7bdc6,4,1,official,principal
2533,0,0,-1.3727409883470787,decision_function,,u_f44c33cb8df7bdc6,4,1,official,principal
5966,1,1,0.474092489972314,decision_function,,u_f44c33cb8df7bdc6,4,1,official,principal
2774,0,1,0.023916617233964876,decision_function,,u_f44c33cb8df7bdc6,4,1,official,principal
2513,0,0,-1.5014251627700426,decision_function,,u_f44c33cb8df7bdc6,4,1,official,principal
1387,0,0,-1.322994954542071,decision_function,,u_f44c33cb8df7bdc6,4,1,official,principal
784,0,0,-1.6766384394909948,decision_function,,u_f44c33cb8df7bdc6,4,1,official,principal
4040,0,0,-1.54407167629036,decision_function,,u_f44c33cb8df7bdc6,4,1,official,principal
5235,0,1,0.9614024887974604,decision_function,,u_f44c33cb8df7bdc6,4,1,official,principal
1004,0,0,-1.1561143726082352,decision_function,,u_f44c33cb8df7bdc6,4,1,official,principal
951,0,1,0.8775465159475548,decision_function,,u_f44c33cb8df7bdc6,4,1,official,principal
3590,0,0,-1.4721956094197601,decision_function,,u_f44c33cb8df7bdc6,4,1,official,principal
6984,0,0,-0.5469190430419612,decision_function,,u_f44c33cb8df7bdc6,4,1,official,principal
3316,0,0,-0.9642023080620341,decision_function,,u_f44c33cb8df7bdc6,4,1,official,principal
3480,0,0,-1.36178026518991,decision_function,,u_f44c33cb8df7bdc6,4,1,official,principal
5187,0,1,0.8704975815632541,decision_function,,u_f44c33cb8df7bdc6,4,1,official,principal
6598,0,0,-1.8510132118298954,decision_function,,u_f44c33cb8df7bdc6,4,1,official,principal
5609,1,1,0.4414989613294602,decision_function,,u_f44c33cb8df7bdc6,4,1,official,principal
924,0,1,0.5278189576761518,decision_function,,u_f44c33cb8df7bdc6,4,1,official,principal
6931,0,0,-1.164916468136728,decision_function,,u_f44c33cb8df7bdc6,4,1,official,principal
1295,0,0,-1.5620528043087312,decision_function,,u_f44c33cb8df7bdc6,4,1,official,principal
3911,1,1,0.1590793608416079,decision_function,,u_f44c33cb8df7bdc6,4,1,official,principal
4057,0,0,-1.4016530347188478,decision_function,,u_f44c33cb8df7bdc6,4,1,official,principal
4218,0,0,-0.6148560581224896,decision_function,,u_f44c33cb8df7bdc6,4,1,official,principal
4895,0,0,-0.13105353063903147,decision_function,,u_f44c33cb8df7bdc6,4,1,official,principal
514,0,0,-0.3216233971217577,decision_function,,u_f44c33cb8df7bdc6,4,1,official,principal
4835,0,1,0.3107091230966308,decision_function,,u_f44c33cb8df7bdc6,4,1,official,principal
45,0,1,0.43032421421628864,decision_function,,u_f44c33cb8df7bdc6,4,1,official,principal
6749,0,0,-1.6027178781395843,decision_function,,u_f44c33cb8df7bdc6,4,1,official,principal
2992,0,0,-0.23725355767639345,decision_function,,u_f44c33cb8df7bdc6,4,1,official,principal
4991,1,0,-0.7139407505869881,decision_function,,u_f44c33cb8df7bdc6,4,1,official,principal
3041,0,1,0.8664253102832413,decision_function,,u_f44c33cb8df7bdc6,4,1,official,principal
5788,0,1,0.8578159781882271,decision_function,,u_f44c33cb8df7bdc6,4,1,official,principal
1860,0,0,-1.4046453184695813,decision_function,,u_f44c33cb8df7bdc6,4,1,official,principal
401,0,0,-1.253528013349701,decision_function,,u_f44c33cb8df7bdc6,4,1,official,principal
130,0,1,1.3381885964787459,decision_function,,u_f44c33cb8df7bdc6,4,1,official,principal
1392,0,0,-1.6326680820281008,decision_function,,u_f44c33cb8df7bdc6,4,1,official,principal
287,1,1,1.1383683337914416,decision_function,,u_f44c33cb8df7bdc6,4,1,official,principal
4184,1,1,0.9227090687452584,decision_function,,u_f44c33cb8df7bdc6,4,1,official,principal
2412,1,0,-1.4044655447619774,decision_function,,u_f44c33cb8df7bdc6,4,1,official,principal
1585,0,0,-1.4760287102888345,decision_function,,u_f44c33cb8df7bdc6,4,1,official,principal
5705,0,0,-0.7696359599335396,decision_function,,u_f44c33cb8df7bdc6,4,1,official,principal
6367,0,0,-1.6036001280421406,decision_function,,u_f44c33cb8df7bdc6,4,1,official,principal
6373,0,1,0.3354573825837992,decision_function,,u_f44c33cb8df7bdc6,4,1,official,principal
4953,0,0,-1.3763107988430807,decision_function,,u_f44c33cb8df7bdc6,4,1,official,principal
4540,0,0,-0.6216095783850271,decision_function,,u_f44c33cb8df7bdc6,4,1,official,principal
848,0,0,-1.3583984679182777,decision_function,,u_f44c33cb8df7bdc6,4,1,official,principal
6884,1,1,1.0391057431083988,decision_function,,u_f44c33cb8df7bdc6,4,1,official,principal
533,0,0,-0.35469894251439904,decision_function,,u_f44c33cb8df7bdc6,4,1,official,principal
1518,0,0,-0.8429380438695857,decision_function,,u_f44c33cb8df7bdc6,4,1,official,principal
4322,0,1,1.3424847532865305,decision_function,,u_f44c33cb8df7bdc6,4,1,official,principal
1958,0,1,0.5903660150995991,decision_function,,u_f44c33cb8df7bdc6,4,1,official,principal
1261,0,1,0.9690084230342839,decision_function,,u_f44c33cb8df7bdc6,4,1,official,principal
1640,0,0,-1.2704726604603453,decision_function,,u_f44c33cb8df7bdc6,4,1,official,principal
5607,1,1,0.16655028465446065,decision_function,,u_f44c33cb8df7bdc6,4,1,official,principal
6024,1,1,1.096146573165756,decision_function,,u_f44c33cb8df7bdc6,4,1,official,principal
6112,0,0,-0.23993029038059854,decision_function,,u_f44c33cb8df7bdc6,4,1,official,principal
3474,0,0,-0.41661041179314184,decision_function,,u_f44c33cb8df7bdc6,4,1,official,principal
1391,0,1,0.7780025503753702,decision_function,,u_f44c33cb8df7bdc6,4,1,official,principal
5690,0,0,-1.61355743321345,decision_function,,u_f44c33cb8df7bdc6,4,1,official,principal
4254,1,1,0.43503028822823286,decision_function,,u_f44c33cb8df7bdc6,4,1,official,principal
991,0,0,-1.4085879805451968,decision_function,,u_f44c33cb8df7bdc6,4,1,official,principal
4492,0,0,-1.3777687559817366,decision_function,,u_f44c33cb8df7bdc6,4,1,official,principal
2428,1,1,0.7748750727944775,decision_function,,u_f44c33cb8df7bdc6,4,1,official,principal
3339,0,0,-1.6872864430551098,decision_function,,u_f44c33cb8df7bdc6,4,1,official,principal
2029,1,0,-1.3684380911248293,decision_function,,u_f44c33cb8df7bdc6,4,1,official,principal
655,0,1,0.6859679248739916,decision_function,,u_f44c33cb8df7bdc6,4,1,official,principal
6180,0,0,-0.6783552841955538,decision_function,,u_f44c33cb8df7bdc6,4,1,official,principal
3369,0,1,0.6941859428403212,decision_function,,u_f44c33cb8df7bdc6,4,1,official,principal
2541,0,0,-1.4410575556926362,decision_function,,u_f44c33cb8df7bdc6,4,1,official,principal
1996,0,0,-1.8280370252698077,decision_function,,u_f44c33cb8df7bdc6,4,1,official,principal
6778,0,0,-1.4443623567473503,decision_function,,u_f44c33cb8df7bdc6,4,1,official,principal
6091,1,1,1.0561501161760496,decision_function,,u_f44c33cb8df7bdc6,4,1,official,principal
5001,1,0,-0.3920908492648335,decision_function,,u_f44c33cb8df7bdc6,4,1,official,principal
6732,0,1,0.943762681411181,decision_function,,u_f44c33cb8df7bdc6,4,1,official,principal
4687,1,1,0.6961520762134918,decision_function,,u_f44c33cb8df7bdc6,4,1,official,principal
3313,0,0,-0.41182409276797727,decision_function,,u_f44c33cb8df7bdc6,4,1,official,principal
47,1,1,1.2956208302272751,decision_function,,u_f44c33cb8df7bdc6,4,1,official,principal
2585,0,0,-1.4478074516114356,decision_function,,u_f44c33cb8df7bdc6,4,1,official,principal
6299,0,0,-1.0691776007162712,decision_function,,u_f44c33cb8df7bdc6,4,1,official,principal
1128,0,0,-0.7081768615283596,decision_function,,u_f44c33cb8df7bdc6,4,1,official,principal
6201,0,1,0.8310044634080751,decision_function,,u_f44c33cb8df7bdc6,4,1,official,principal
5897,0,0,-1.373135988628262,decision_function,,u_f44c33cb8df7bdc6,4,1,official,principal
1751,1,1,0.9699047677821448,decision_function,,u_f44c33cb8df7bdc6,4,1,official,principal
4904,0,1,0.759134700433518,decision_function,,u_f44c33cb8df7bdc6,4,1,official,principal
4411,0,0,-1.289620574444157,decision_function,,u_f44c33cb8df7bdc6,4,1,official,principal
1314,1,0,-0.6762546358727712,decision_function,,u_f44c33cb8df7bdc6,4,1,official,principal
6805,0,0,-0.7291195942868007,decision_function,,u_f44c33cb8df7bdc6,4,1,official,principal
798,0,0,-0.5663475066526251,decision_function,,u_f44c33cb8df7bdc6,4,1,official,principal
3690,1,1,0.0129672937670966,decision_function,,u_f44c33cb8df7bdc6,4,1,official,principal
5407,0,0,-2.0037700014503868,decision_function,,u_f44c33cb8df7bdc6,4,1,official,principal
4134,0,1,0.1399838653921126,decision_function,,u_f44c33cb8df7bdc6,4,1,official,principal
5997,0,1,1.2144909901503078,decision_function,,u_f44c33cb8df7bdc6,4,1,official,principal
1790,1,1,0.8565150956250551,decision_function,,u_f44c33cb8df7bdc6,4,1,official,principal
112,0,1,0.2726475942316815,decision_function,,u_f44c33cb8df7bdc6,4,1,official,principal
5501,0,0,-0.03389233895649402,decision_function,,u_f44c33cb8df7bdc6,4,1,official,principal
1414,0,1,0.39917438057346644,decision_function,,u_f44c33cb8df7bdc6,4,1,official,principal
625,0,1,0.9005525066985614,decision_function,,u_f44c33cb8df7bdc6,4,1,official,principal
3412,0,0,-0.7794361965279455,decision_function,,u_f44c33cb8df7bdc6,4,1,official,principal
375,0,0,-1.2876688692983418,decision_function,,u_f44c33cb8df7bdc6,4,1,official,principal
4557,0,0,-1.522602468788801,decision_function,,u_f44c33cb8df7bdc6,4,1,official,principal
1885,0,0,-0.9228304406292271,decision_function,,u_f44c33cb8df7bdc6,4,1,official,principal
3498,1,0,-0.12686549149933601,decision_function,,u_f44c33cb8df7bdc6,4,1,official,principal
3058,1,0,-0.649594315043284,decision_function,,u_f44c33cb8df7bdc6,4,1,official,principal
5530,0,0,-0.7494680843952306,decision_function,,u_f44c33cb8df7bdc6,4,1,official,principal
1253,1,1,1.2949000455008866,decision_function,,u_f44c33cb8df7bdc6,4,1,official,principal
5386,0,1,0.49352841304403383,decision_function,,u_f44c33cb8df7bdc6,4,1,official,principal
58,0,0,-1.3598391311115083,decision_function,,u_f44c33cb8df7bdc6,4,1,official,principal
1275,0,0,-1.9288166012334735,decision_function,,u_f44c33cb8df7bdc6,4,1,official,principal
4546,1,1,0.867327201168471,decision_function,,u_f44c33cb8df7bdc6,4,1,official,principal
3946,1,0,-0.3456692669451604,decision_function,,u_f44c33cb8df7bdc6,4,1,official,principal
1488,0,1,0.26790561939778357,decision_function,,u_f44c33cb8df7bdc6,4,1,official,principal
6303,0,0,-0.8833223690327302,decision_function,,u_f44c33cb8df7bdc6,4,1,official,principal
5639,0,0,-0.8728133361717478,decision_function,,u_f44c33cb8df7bdc6,4,1,official,principal
