row_id,y_true,y_pred,score_positive,score_type,probability_native,unit_id,outer_fold,replicate,purpose,variant
3738,0,1,0.9613488075498517,probability_native,0.9613488075498517,u_808045e6ebe224e6,0,0,official,principal
4860,0,0,4.830557986349337e-13,probability_native,4.830557986349337e-13,u_808045e6ebe224e6,0,0,official,principal
2645,0,0,6.636518131723067e-05,probability_native,6.636518131723067e-05,u_808045e6ebe224e6,0,0,official,principal
5767,0,0,2.7877986756350664e-11,probability_native,2.7877986756350664e-11,u_808045e6ebe224e6,0,0,official,principal
2414,0,0,1.6918995193991102e-05,probability_native,1.6918995193991102e-05,u_808045e6ebe224e6,0,0,official,principal
577,0,1,0.9998886516214366,probability_native,0.9998886516214366,u_808045e6ebe224e6,0,0,official,principal
1201,0,1,0.996773004503142,probability_native,0.996773004503142,u_808045e6ebe224e6,0,0,official,principal
7004,0,1,0.8968730188750029,probability_native,0.8968730188750029,u_808045e6ebe224e6,0,0,official,principal
5338,0,0,1.237214845653253e-10,probability_native,1.237214845653253e-10,u_808045e6ebe224e6,0,0,official,principal
6773,1,1,0.999961591072531,probability_native,0.999961591072531,u_808045e6ebe224e6,0,0,official,principal
1118,0,0,0.018053194819582948,probability_native,0.018053194819582948,u_808045e6ebe224e6,0,0,official,principal
1797,0,0,7.085552971229143e-14,probability_native,7.085552971229143e-14,u_808045e6ebe224e6,0,0,official,principal
2823,0,0,2.878776057753367e-12,probability_native,2.878776057753367e-12,u_808045e6ebe224e6,0,0,official,principal
593,0,0,0.34746675200702387,probability_native,0.34746675200702387,u_808045e6ebe224e6,0,0,official,principal
6353,0,0,0.013139687465553431,probability_native,0.013139687465553431,u_808045e6ebe224e6,0,0,official,principal
2197,0,0,0.32653638897359744,probability_native,0.32653638897359744,u_808045e6ebe224e6,0,0,official,principal
2085,1,1,0.9999739451617449,probability_native,0.9999739451617449,u_808045e6ebe224e6,0,0,official,principal
6139,0,0,0.00015862275615719065,probability_native,0.00015862275615719065,u_808045e6ebe224e6,0,0,official,principal
6494,0,0,0.08349145270476141,probability_native,0.08349145270476141,u_808045e6ebe224e6,0,0,official,principal
6808,0,0,6.027228614943675e-07,probability_native,6.027228614943675e-07,u_808045e6ebe224e6,0,0,official,principal
282,0,0,0.00010732134371540329,probability_native,0.00010732134371540329,u_808045e6ebe224e6,0,0,official,principal
592,0,0,3.6593112614321e-13,probability_native,3.6593112614321e-13,u_808045e6ebe224e6,0,0,official,principal
3931,0,0,0.06834264769070617,probability_native,0.06834264769070617,u_808045e6ebe224e6,0,0,official,principal
3868,1,1,0.9560944804055016,probability_native,0.9560944804055016,u_808045e6ebe224e6,0,0,official,principal
4889,0,0,0.00019985972029702947,probability_native,0.00019985972029702947,u_808045e6ebe224e6,0,0,official,principal
1515,0,0,0.21895679895384,probability_native,0.21895679895384,u_808045e6ebe224e6,0,0,official,principal
149,0,0,0.09301322092233646,probability_native,0.09301322092233646,u_808045e6ebe224e6,0,0,official,principal
871,0,0,0.0004971007408513896,probability_native,0.0004971007408513896,u_808045e6ebe224e6,0,0,official,principal
403,0,0,1.6068185248039726e-05,probability_native,1.6068185248039726e-05,u_808045e6ebe224e6,0,0,official,principal
6048,1,1,0.9999795697698144,probability_native,0.9999795697698144,u_808045e6ebe224e6,0,0,official,principal
1369,0,0,0.4341942018175947,probability_native,0.4341942018175947,u_808045e6ebe224e6,0,0,official,principal
4700,0,1,0.9721296533768058,probability_native,0.9721296533768058,u_808045e6ebe224e6,0,0,official,principal
1337,0,0,2.111862078562562e-12,probability_native,2.111862078562562e-12,u_808045e6ebe224e6,0,0,official,principal
6826,0,0,0.00032221199765827173,probability_native,0.00032221199765827173,u_808045e6ebe224e6,0,0,official,principal
1736,1,0,0.0004884323506923828,probability_native,0.0004884323506923828,u_808045e6ebe224e6,0,0,official,principal
6688,0,0,1.701491624700349e-13,probability_native,1.701491624700349e-13,u_808045e6ebe224e6,0,0,official,principal
1870,0,1,0.9667949541828637,probability_native,0.9667949541828637,u_808045e6ebe224e6,0,0,official,principal
1969,0,0,9.13191136516349e-10,probability_native,9.13191136516349e-10,u_808045e6ebe224e6,0,0,official,principal
4198,0,0,1.231580403130148e-14,probability_native,1.231580403130148e-14,u_808045e6ebe224e6,0,0,official,principal
4409,0,0,8.357376196462767e-14,probability_native,8.357376196462767e-14,u_808045e6ebe224e6,0,0,official,principal
4684,1,0,0.004138354040991298,probability_native,0.004138354040991298,u_808045e6ebe224e6,0,0,official,principal
2782,0,0,1.0046451086692703e-10,probability_native,1.0046451086692703e-10,u_808045e6ebe224e6,0,0,official,principal
6971,1,1,0.9963974627054364,probability_native,0.9963974627054364,u_808045e6ebe224e6,0,0,official,principal
5709,0,0,3.237782652106088e-06,probability_native,3.237782652106088e-06,u_808045e6ebe224e6,0,0,official,principal
6618,0,1,0.6037633499276214,probability_native,0.6037633499276214,u_808045e6ebe224e6,0,0,official,principal
5277,1,1,0.9998755881632276,probability_native,0.9998755881632276,u_808045e6ebe224e6,0,0,official,principal
1563,0,1,0.9999357259224503,probability_native,0.9999357259224503,u_808045e6ebe224e6,0,0,official,principal
1490,0,0,0.07835860768544388,probability_native,0.07835860768544388,u_808045e6ebe224e6,0,0,official,principal
2491,0,0,6.387295726960143e-06,probability_native,6.387295726960143e-06,u_808045e6ebe224e6,0,0,official,principal
1266,0,1,0.9998819112189306,probability_native,0.9998819112189306,u_808045e6ebe224e6,0,0,official,principal
6982,0,0,4.981713473323413e-12,probability_native,4.981713473323413e-12,u_808045e6ebe224e6,0,0,official,principal
2388,0,1,0.9994308985536391,probability_native,0.9994308985536391,u_808045e6ebe224e6,0,0,official,principal
3581,0,0,1.7248674459112807e-14,probability_native,1.7248674459112807e-14,u_808045e6ebe224e6,0,0,official,principal
1869,0,0,3.7262416756731e-16,probability_native,3.7262416756731e-16,u_808045e6ebe224e6,0,0,official,principal
5538,1,1,0.9999584802267418,probability_native,0.9999584802267418,u_808045e6ebe224e6,0,0,official,principal
4978,1,1,0.9982895832152603,probability_native,0.9982895832152603,u_808045e6ebe224e6,0,0,official,principal
5982,0,0,3.2849831966324735e-06,probability_native,3.2849831966324735e-06,u_808045e6ebe224e6,0,0,official,principal
5097,0,0,0.235523060617942,probability_native,0.235523060617942,u_808045e6ebe224e6,0,0,official,principal
1483,0,0,1.2301365366445364e-06,probability_native,1.2301365366445364e-06,u_808045e6ebe224e6,0,0,official,principal
1423,1,1,0.9998932826079878,probability_native,0.9998932826079878,u_808045e6ebe224e6,0,0,official,principal
4599,0,0,0.0026787147847319717,probability_native,0.0026787147847319717,u_808045e6ebe224e6,0,0,official,principal
2295,1,1,0.9812990112012274,probability_native,0.9812990112012274,u_808045e6ebe224e6,0,0,official,principal
244,0,1,0.9994277768454225,probability_native,0.9994277768454225,u_808045e6ebe224e6,0,0,official,principal
5476,1,1,0.9997694496685138,probability_native,0.9997694496685138,u_808045e6ebe224e6,0,0,official,principal
2546,0,0,0.07200703031108448,probability_native,0.07200703031108448,u_808045e6ebe224e6,0,0,official,principal
6630,0,1,0.9999898315518755,probability_native,0.9999898315518755,u_808045e6ebe224e6,0,0,official,principal
6224,0,0,0.0005977742230917999,probability_native,0.0005977742230917999,u_808045e6ebe224e6,0,0,official,principal
4045,1,1,0.9769112173584064,probability_native,0.9769112173584064,u_808045e6ebe224e6,0,0,official,principal
1086,1,1,0.9998746266637003,probability_native,0.9998746266637003,u_808045e6ebe224e6,0,0,official,principal
1710,0,1,0.9989999660023638,probability_native,0.9989999660023638,u_808045e6ebe224e6,0,0,official,principal
6677,0,1,0.8412202790416509,probability_native,0.8412202790416509,u_808045e6ebe224e6,0,0,official,principal
5046,0,1,0.8581419616165745,probability_native,0.8581419616165745,u_808045e6ebe224e6,0,0,official,principal
4490,0,0,0.004593414066976376,probability_native,0.004593414066976376,u_808045e6ebe224e6,0,0,official,principal
3492,0,0,0.2761908594168548,probability_native,0.2761908594168548,u_808045e6ebe224e6,0,0,official,principal
5155,0,1,0.577142758510749,probability_native,0.577142758510749,u_808045e6ebe224e6,0,0,official,principal
623,0,0,8.674231012625522e-13,probability_native,8.674231012625522e-13,u_808045e6ebe224e6,0,0,official,principal
3976,1,1,0.9754500283253666,probability_native,0.9754500283253666,u_808045e6ebe224e6,0,0,official,principal
3279,0,0,1.753586062901833e-06,probability_native,1.753586062901833e-06,u_808045e6ebe224e6,0,0,official,principal
3889,0,0,4.434083324701933e-07,probability_native,4.434083324701933e-07,u_808045e6ebe224e6,0,0,official,principal
6319,0,1,0.7155359801022929,probability_native,0.7155359801022929,u_808045e6ebe224e6,0,0,official,principal
6554,1,1,0.9995831750663146,probability_native,0.9995831750663146,u_808045e6ebe224e6,0,0,official,principal
1248,1,1,0.9979157473722375,probability_native,0.9979157473722375,u_808045e6ebe224e6,0,0,official,principal
6890,0,0,0.4504679992868755,probability_native,0.4504679992868755,u_808045e6ebe224e6,0,0,official,principal
6717,1,1,0.9974207426205637,probability_native,0.9974207426205637,u_808045e6ebe224e6,0,0,official,principal
6471,0,0,4.5011454575526404e-07,probability_native,4.5011454575526404e-07,u_808045e6ebe224e6,0,0,official,principal
3073,0,0,7.965510969469561e-10,probability_native,7.965510969469561e-10,u_808045e6ebe224e6,0,0,official,principal
2163,1,1,0.9999636030868062,probability_native,0.9999636030868062,u_808045e6ebe224e6,0,0,official,principal
2822,1,0,6.45046462746467e-05,probability_native,6.45046462746467e-05,u_808045e6ebe224e6,0,0,official,principal
3139,1,0,0.24311687158682657,probability_native,0.24311687158682657,u_808045e6ebe224e6,0,0,official,principal
4504,0,0,1.7951800123606423e-07,probability_native,1.7951800123606423e-07,u_808045e6ebe224e6,0,0,official,principal
6394,0,0,0.0009773653481289237,probability_native,0.0009773653481289237,u_808045e6ebe224e6,0,0,official,principal
3939,1,1,0.9979124631222244,probability_native,0.9979124631222244,u_808045e6ebe224e6,0,0,official,principal
5367,0,0,5.740659307837453e-12,probability_native,5.740659307837453e-12,u_808045e6ebe224e6,0,0,official,principal
1313,1,1,0.9612321778524061,probability_native,0.9612321778524061,u_808045e6ebe224e6,0,0,official,principal
6177,1,1,0.9966296830436143,probability_native,0.9966296830436143,u_808045e6ebe224e6,0,0,official,principal
2301,0,1,0.9990942669107123,probability_native,0.9990942669107123,u_808045e6ebe224e6,0,0,official,principal
5087,0,0,0.0002324288056412876,probability_native,0.0002324288056412876,u_808045e6ebe224e6,0,0,official,principal
1704,1,1,0.9997104091233209,probability_native,0.9997104091233209,u_808045e6ebe224e6,0,0,official,principal
3843,1,1,0.9972708949871667,probability_native,0.9972708949871667,u_808045e6ebe224e6,0,0,official,principal
943,0,0,1.0085081576835335e-12,probability_native,1.0085081576835335e-12,u_808045e6ebe224e6,0,0,official,principal
4736,0,0,4.5146964840333694e-14,probability_native,4.5146964840333694e-14,u_808045e6ebe224e6,0,0,official,principal
41,0,0,8.981736490350734e-13,probability_native,8.981736490350734e-13,u_808045e6ebe224e6,0,0,official,principal
5351,1,1,0.612697091257065,probability_native,0.612697091257065,u_808045e6ebe224e6,0,0,official,principal
4607,0,0,0.4402035875124367,probability_native,0.4402035875124367,u_808045e6ebe224e6,0,0,official,principal
6495,1,1,0.9999142494449907,probability_native,0.9999142494449907,u_808045e6ebe224e6,0,0,official,principal
5238,0,0,0.00028753297846000633,probability_native,0.00028753297846000633,u_808045e6ebe224e6,0,0,official,principal
4973,0,1,0.7678263965132013,probability_native,0.7678263965132013,u_808045e6ebe224e6,0,0,official,principal
6274,0,1,0.8834137674841923,probability_native,0.8834137674841923,u_808045e6ebe224e6,0,0,official,principal
5633,0,0,0.00012854419135895775,probability_native,0.00012854419135895775,u_808045e6ebe224e6,0,0,official,principal
5622,1,1,0.9793751650743024,probability_native,0.9793751650743024,u_808045e6ebe224e6,0,0,official,principal
1676,0,1,0.9991978569172947,probability_native,0.9991978569172947,u_808045e6ebe224e6,0,0,official,principal
833,0,1,0.9910301083118881,probability_native,0.9910301083118881,u_808045e6ebe224e6,0,0,official,principal
4584,0,0,4.244255910064532e-12,probability_native,4.244255910064532e-12,u_808045e6ebe224e6,0,0,official,principal
4330,1,1,0.9995803173251167,probability_native,0.9995803173251167,u_808045e6ebe224e6,0,0,official,principal
1641,0,0,1.3645722925781886e-11,probability_native,1.3645722925781886e-11,u_808045e6ebe224e6,0,0,official,principal
4051,0,0,5.333557497367496e-10,probability_native,5.333557497367496e-10,u_808045e6ebe224e6,0,0,official,principal
6527,1,0,0.3558690228857152,probability_native,0.3558690228857152,u_808045e6ebe224e6,0,0,official,principal
5486,0,0,1.1809877926975291e-10,probability_native,1.1809877926975291e-10,u_808045e6ebe224e6,0,0,official,principal
4205,0,0,2.112947930898625e-11,probability_native,2.112947930898625e-11,u_808045e6ebe224e6,0,0,official,principal
6064,1,1,0.9618447605736694,probability_native,0.9618447605736694,u_808045e6ebe224e6,0,0,official,principal
6094,0,0,1.7457331160453904e-14,probability_native,1.7457331160453904e-14,u_808045e6ebe224e6,0,0,official,principal
3730,1,0,0.3798880084583987,probability_native,0.3798880084583987,u_808045e6ebe224e6,0,0,official,principal
740,0,0,9.59160465216643e-11,probability_native,9.59160465216643e-11,u_808045e6ebe224e6,0,0,official,principal
6145,0,0,3.1535854723039736e-15,probability_native,3.1535854723039736e-15,u_808045e6ebe224e6,0,0,official,principal
6236,0,1,0.9996432010678338,probability_native,0.9996432010678338,u_808045e6ebe224e6,0,0,official,principal
4544,1,1,0.9999036496261289,probability_native,0.9999036496261289,u_808045e6ebe224e6,0,0,official,principal
4902,0,0,0.0038982393476580095,probability_native,0.0038982393476580095,u_808045e6ebe224e6,0,0,official,principal
1478,1,1,0.9993016166504586,probability_native,0.9993016166504586,u_808045e6ebe224e6,0,0,official,principal
749,0,0,0.0007291211244578459,probability_native,0.0007291211244578459,u_808045e6ebe224e6,0,0,official,principal
4164,0,0,2.6144374616031543e-13,probability_native,2.6144374616031543e-13,u_808045e6ebe224e6,0,0,official,principal
3153,0,1,0.9074068329208038,probability_native,0.9074068329208038,u_808045e6ebe224e6,0,0,official,principal
4399,0,0,0.049767932102674696,probability_native,0.049767932102674696,u_808045e6ebe224e6,0,0,official,principal
6370,1,1,0.8858484809138325,probability_native,0.8858484809138325,u_808045e6ebe224e6,0,0,official,principal
716,0,0,1.5997711985083197e-11,probability_native,1.5997711985083197e-11,u_808045e6ebe224e6,0,0,official,principal
33,0,0,0.0020138264028869853,probability_native,0.0020138264028869853,u_808045e6ebe224e6,0,0,official,principal
1694,1,1,0.9941649470431033,probability_native,0.9941649470431033,u_808045e6ebe224e6,0,0,official,principal
6313,1,1,0.9999623246423269,probability_native,0.9999623246423269,u_808045e6ebe224e6,0,0,official,principal
5315,1,1,0.9984883161620276,probability_native,0.9984883161620276,u_808045e6ebe224e6,0,0,official,principal
4034,0,0,0.45508409131197625,probability_native,0.45508409131197625,u_808045e6ebe224e6,0,0,official,principal
6311,0,1,0.9798464724870775,probability_native,0.9798464724870775,u_808045e6ebe224e6,0,0,official,principal
6025,0,0,0.2877847681442392,probability_native,0.2877847681442392,u_808045e6ebe224e6,0,0,official,principal
6596,0,0,0.00021654562249122424,probability_native,0.00021654562249122424,u_808045e6ebe224e6,0,0,official,principal
3774,0,0,0.25700563532497556,probability_native,0.25700563532497556,u_808045e6ebe224e6,0,0,official,principal
2439,0,0,4.664589530469451e-07,probability_native,4.664589530469451e-07,u_808045e6ebe224e6,0,0,official,principal
3274,0,1,0.9940423003854287,probability_native,0.9940423003854287,u_808045e6ebe224e6,0,0,official,principal
5989,1,1,0.9999941535152694,probability_native,0.9999941535152694,u_808045e6ebe224e6,0,0,official,principal
1721,1,1,0.7953113629493995,probability_native,0.7953113629493995,u_808045e6ebe224e6,0,0,official,principal
3147,0,1,0.9893545639597585,probability_native,0.9893545639597585,u_808045e6ebe224e6,0,0,official,principal
5346,0,0,2.243879842919538e-11,probability_native,2.243879842919538e-11,u_808045e6ebe224e6,0,0,official,principal
193,0,0,1.7049452950418173e-13,probability_native,1.7049452950418173e-13,u_808045e6ebe224e6,0,0,official,principal
2039,1,1,0.9997768804952457,probability_native,0.9997768804952457,u_808045e6ebe224e6,0,0,official,principal
2307,0,0,0.0015033447346788473,probability_native,0.0015033447346788473,u_808045e6ebe224e6,0,0,official,principal
5885,0,0,1.932209356156171e-07,probability_native,1.932209356156171e-07,u_808045e6ebe224e6,0,0,official,principal
6661,0,0,7.121753768444902e-14,probability_native,7.121753768444902e-14,u_808045e6ebe224e6,0,0,official,principal
4647,0,0,0.16412262980519907,probability_native,0.16412262980519907,u_808045e6ebe224e6,0,0,official,principal
4313,0,1,0.919881734903616,probability_native,0.919881734903616,u_808045e6ebe224e6,0,0,official,principal
5479,0,1,0.9995159173652843,probability_native,0.9995159173652843,u_808045e6ebe224e6,0,0,official,principal
6815,0,0,1.5484939484913585e-13,probability_native,1.5484939484913585e-13,u_808045e6ebe224e6,0,0,official,principal
6892,0,0,0.004560452984754196,probability_native,0.004560452984754196,u_808045e6ebe224e6,0,0,official,principal
5541,1,0,6.611719019829257e-08,probability_native,6.611719019829257e-08,u_808045e6ebe224e6,0,0,official,principal
1884,0,0,0.00469143840881749,probability_native,0.00469143840881749,u_808045e6ebe224e6,0,0,official,principal
5437,1,1,0.9979872874404646,probability_native,0.9979872874404646,u_808045e6ebe224e6,0,0,official,principal
5142,0,0,0.00040409623107971466,probability_native,0.00040409623107971466,u_808045e6ebe224e6,0,0,official,principal
4127,0,0,1.1400029994535452e-13,probability_native,1.1400029994535452e-13,u_808045e6ebe224e6,0,0,official,principal
4597,1,1,0.9882304387870592,probability_native,0.9882304387870592,u_808045e6ebe224e6,0,0,official,principal
3830,1,1,0.9999119607875149,probability_native,0.9999119607875149,u_808045e6ebe224e6,0,0,official,principal
226,0,0,9.924986604822e-05,probability_native,9.924986604822e-05,u_808045e6ebe224e6,0,0,official,principal
6760,1,1,0.8178635533900819,probability_native,0.8178635533900819,u_808045e6ebe224e6,0,0,official,principal
6933,1,1,0.9999140958348156,probability_native,0.9999140958348156,u_808045e6ebe224e6,0,0,official,principal
5015,0,0,0.4073529332875868,probability_native,0.4073529332875868,u_808045e6ebe224e6,0,0,official,principal
6566,0,0,7.020056986822441e-14,probability_native,7.020056986822441e-14,u_808045e6ebe224e6,0,0,official,principal
6799,0,0,2.2367812806626823e-10,probability_native,2.2367812806626823e-10,u_808045e6ebe224e6,0,0,official,principal
2062,0,0,7.220243585742586e-14,probability_native,7.220243585742586e-14,u_808045e6ebe224e6,0,0,official,principal
6928,0,0,7.845909753505527e-05,probability_native,7.845909753505527e-05,u_808045e6ebe224e6,0,0,official,principal
3653,0,0,1.394973741291163e-10,probability_native,1.394973741291163e-10,u_808045e6ebe224e6,0,0,official,principal
6670,0,0,1.4238632301196508e-10,probability_native,1.4238632301196508e-10,u_808045e6ebe224e6,0,0,official,principal
4681,1,1,0.9999950036752622,probability_native,0.9999950036752622,u_808045e6ebe224e6,0,0,official,principal
3621,1,0,0.061241194514507206,probability_native,0.061241194514507206,u_808045e6ebe224e6,0,0,official,principal
2975,0,1,0.6670331415968139,probability_native,0.6670331415968139,u_808045e6ebe224e6,0,0,official,principal
500,0,0,0.00013373742985869997,probability_native,0.00013373742985869997,u_808045e6ebe224e6,0,0,official,principal
355,1,1,0.9996819533261682,probability_native,0.9996819533261682,u_808045e6ebe224e6,0,0,official,principal
6260,0,0,1.2213314602266849e-10,probability_native,1.2213314602266849e-10,u_808045e6ebe224e6,0,0,official,principal
632,0,0,8.600639669930715e-15,probability_native,8.600639669930715e-15,u_808045e6ebe224e6,0,0,official,principal
3077,0,0,8.517414999521409e-12,probability_native,8.517414999521409e-12,u_808045e6ebe224e6,0,0,official,principal
6565,0,1,0.8695784438936274,probability_native,0.8695784438936274,u_808045e6ebe224e6,0,0,official,principal
382,0,0,3.3221996232842395e-12,probability_native,3.3221996232842395e-12,u_808045e6ebe224e6,0,0,official,principal
6531,0,1,0.8896904755149334,probability_native,0.8896904755149334,u_808045e6ebe224e6,0,0,official,principal
2952,0,0,5.7726880041516866e-06,probability_native,5.7726880041516866e-06,u_808045e6ebe224e6,0,0,official,principal
1110,0,0,1.7694854740440805e-11,probability_native,1.7694854740440805e-11,u_808045e6ebe224e6,0,0,official,principal
2105,1,1,0.9997505992260952,probability_native,0.9997505992260952,u_808045e6ebe224e6,0,0,official,principal
570,0,0,2.140194071084528e-15,probability_native,2.140194071084528e-15,u_808045e6ebe224e6,0,0,official,principal
4910,1,0,0.00105971902707538,probability_native,0.00105971902707538,u_808045e6ebe224e6,0,0,official,principal
1673,1,0,0.312808019165246,probability_native,0.312808019165246,u_808045e6ebe224e6,0,0,official,principal
3434,0,0,0.0019014657935705825,probability_native,0.0019014657935705825,u_808045e6ebe224e6,0,0,official,principal
3326,1,0,0.005305359805175721,probability_native,0.005305359805175721,u_808045e6ebe224e6,0,0,official,principal
3097,0,0,5.4069409858226514e-05,probability_native,5.4069409858226514e-05,u_808045e6ebe224e6,0,0,official,principal
238,1,1,0.9999907427999613,probability_native,0.9999907427999613,u_808045e6ebe224e6,0,0,official,principal
3258,0,1,0.9800116979494211,probability_native,0.9800116979494211,u_808045e6ebe224e6,0,0,official,principal
1632,1,0,0.03420655843749348,probability_native,0.03420655843749348,u_808045e6ebe224e6,0,0,official,principal
1949,0,0,5.42186068500435e-12,probability_native,5.42186068500435e-12,u_808045e6ebe224e6,0,0,official,principal
6861,1,1,0.9879643971273583,probability_native,0.9879643971273583,u_808045e6ebe224e6,0,0,official,principal
1743,0,0,6.026753032921537e-15,probability_native,6.026753032921537e-15,u_808045e6ebe224e6,0,0,official,principal
4621,0,1,0.9812489324586823,probability_native,0.9812489324586823,u_808045e6ebe224e6,0,0,official,principal
6312,1,0,0.00012525846347957327,probability_native,0.00012525846347957327,u_808045e6ebe224e6,0,0,official,principal
5907,0,1,0.9640450743756375,probability_native,0.9640450743756375,u_808045e6ebe224e6,0,0,official,principal
3072,0,0,6.789937209130356e-05,probability_native,6.789937209130356e-05,u_808045e6ebe224e6,0,0,official,principal
6026,0,0,4.4119246342282336e-05,probability_native,4.4119246342282336e-05,u_808045e6ebe224e6,0,0,official,principal
1164,0,0,8.066318248823702e-11,probability_native,8.066318248823702e-11,u_808045e6ebe224e6,0,0,official,principal
2514,1,1,0.999978144549007,probability_native,0.999978144549007,u_808045e6ebe224e6,0,0,official,principal
2133,1,1,0.9999880762905597,probability_native,0.9999880762905597,u_808045e6ebe224e6,0,0,official,principal
2384,0,1,0.9590339036286162,probability_native,0.9590339036286162,u_808045e6ebe224e6,0,0,official,principal
2208,1,1,0.9999908013883143,probability_native,0.9999908013883143,u_808045e6ebe224e6,0,0,official,principal
1826,0,1,0.984764332491918,probability_native,0.984764332491918,u_808045e6ebe224e6,0,0,official,principal
2025,0,0,1.2701761735473965e-12,probability_native,1.2701761735473965e-12,u_808045e6ebe224e6,0,0,official,principal
3456,0,0,3.258161456368135e-11,probability_native,3.258161456368135e-11,u_808045e6ebe224e6,0,0,official,principal
3943,0,1,0.9989232802290098,probability_native,0.9989232802290098,u_808045e6ebe224e6,0,0,official,principal
2889,0,0,1.771892462344985e-06,probability_native,1.771892462344985e-06,u_808045e6ebe224e6,0,0,official,principal
4861,0,0,0.312267033099042,probability_native,0.312267033099042,u_808045e6ebe224e6,0,0,official,principal
4663,1,1,0.9999920996688648,probability_native,0.9999920996688648,u_808045e6ebe224e6,0,0,official,principal
803,0,0,8.239659974910375e-11,probability_native,8.239659974910375e-11,u_808045e6ebe224e6,0,0,official,principal
5983,0,1,0.9946093407980444,probability_native,0.9946093407980444,u_808045e6ebe224e6,0,0,official,principal
4041,0,0,2.4650251524904326e-10,probability_native,2.4650251524904326e-10,u_808045e6ebe224e6,0,0,official,principal
815,0,1,0.9981651373157069,probability_native,0.9981651373157069,u_808045e6ebe224e6,0,0,official,principal
4938,1,1,0.9634022383313722,probability_native,0.9634022383313722,u_808045e6ebe224e6,0,0,official,principal
4936,0,1,0.9793762448685749,probability_native,0.9793762448685749,u_808045e6ebe224e6,0,0,official,principal
5961,0,0,0.05832146014543873,probability_native,0.05832146014543873,u_808045e6ebe224e6,0,0,official,principal
6352,0,1,0.9842505600700165,probability_native,0.9842505600700165,u_808045e6ebe224e6,0,0,official,principal
5440,0,1,0.6751394267866909,probability_native,0.6751394267866909,u_808045e6ebe224e6,0,0,official,principal
2281,1,1,0.8908163158151069,probability_native,0.8908163158151069,u_808045e6ebe224e6,0,0,official,principal
6498,1,1,0.9997924767513066,probability_native,0.9997924767513066,u_808045e6ebe224e6,0,0,official,principal
3384,1,1,0.997077730144888,probability_native,0.997077730144888,u_808045e6ebe224e6,0,0,official,principal
5848,0,0,1.6551281554600423e-14,probability_native,1.6551281554600423e-14,u_808045e6ebe224e6,0,0,official,principal
6218,0,0,2.423205649522655e-05,probability_native,2.423205649522655e-05,u_808045e6ebe224e6,0,0,official,principal
6278,0,0,1.5075251257588176e-09,probability_native,1.5075251257588176e-09,u_808045e6ebe224e6,0,0,official,principal
2515,0,0,1.3914447398926956e-10,probability_native,1.3914447398926956e-10,u_808045e6ebe224e6,0,0,official,principal
4007,0,0,4.890241595416285e-13,probability_native,4.890241595416285e-13,u_808045e6ebe224e6,0,0,official,principal
2813,0,0,9.76407330027894e-14,probability_native,9.76407330027894e-14,u_808045e6ebe224e6,0,0,official,principal
4929,0,0,0.0007284906183844386,probability_native,0.0007284906183844386,u_808045e6ebe224e6,0,0,official,principal
3959,0,0,0.07396726041022685,probability_native,0.07396726041022685,u_808045e6ebe224e6,0,0,official,principal
4509,1,1,0.999625277703126,probability_native,0.999625277703126,u_808045e6ebe224e6,0,0,official,principal
2973,1,1,0.8156614212459222,probability_native,0.8156614212459222,u_808045e6ebe224e6,0,0,official,principal
1129,0,1,0.9902744767277621,probability_native,0.9902744767277621,u_808045e6ebe224e6,0,0,official,principal
2380,0,0,0.157860018908255,probability_native,0.157860018908255,u_808045e6ebe224e6,0,0,official,principal
1365,1,0,0.35044882173161185,probability_native,0.35044882173161185,u_808045e6ebe224e6,0,0,official,principal
3778,0,1,0.9725616211638582,probability_native,0.9725616211638582,u_808045e6ebe224e6,0,0,official,principal
2041,0,0,1.5270914234140574e-12,probability_native,1.5270914234140574e-12,u_808045e6ebe224e6,0,0,official,principal
5463,1,1,0.8052408740989027,probability_native,0.8052408740989027,u_808045e6ebe224e6,0,0,official,principal
5258,1,0,0.00913377001715008,probability_native,0.00913377001715008,u_808045e6ebe224e6,0,0,official,principal
5813,0,0,4.416683620497336e-13,probability_native,4.416683620497336e-13,u_808045e6ebe224e6,0,0,official,principal
723,1,1,0.9984844745412061,probability_native,0.9984844745412061,u_808045e6ebe224e6,0,0,official,principal
4924,1,1,0.9946199937502423,probability_native,0.9946199937502423,u_808045e6ebe224e6,0,0,official,principal
6205,1,1,0.9871102218969419,probability_native,0.9871102218969419,u_808045e6ebe224e6,0,0,official,principal
2106,0,0,3.704023681355127e-06,probability_native,3.704023681355127e-06,u_808045e6ebe224e6,0,0,official,principal
3520,0,0,0.00014505278588401483,probability_native,0.00014505278588401483,u_808045e6ebe224e6,0,0,official,principal
1210,1,1,0.9964014198680783,probability_native,0.9964014198680783,u_808045e6ebe224e6,0,0,official,principal
971,0,1,0.7984132518405168,probability_native,0.7984132518405168,u_808045e6ebe224e6,0,0,official,principal
4764,1,1,0.998599803250733,probability_native,0.998599803250733,u_808045e6ebe224e6,0,0,official,principal
6488,1,1,0.999911633015915,probability_native,0.999911633015915,u_808045e6ebe224e6,0,0,official,principal
5435,0,0,0.0012999875654742608,probability_native,0.0012999875654742608,u_808045e6ebe224e6,0,0,official,principal
4062,1,1,0.99960991935945,probability_native,0.99960991935945,u_808045e6ebe224e6,0,0,official,principal
309,0,0,0.00012560911043864333,probability_native,0.00012560911043864333,u_808045e6ebe224e6,0,0,official,principal
5687,0,0,0.0001459079558876794,probability_native,0.0001459079558876794,u_808045e6ebe224e6,0,0,official,principal
1569,0,1,0.7871421699545961,probability_native,0.7871421699545961,u_808045e6ebe224e6,0,0,official,principal
4775,1,1,0.9215165767432785,probability_native,0.9215165767432785,u_808045e6ebe224e6,0,0,official,principal
2803,0,0,4.517008156692793e-12,probability_native,4.517008156692793e-12,u_808045e6ebe224e6,0,0,official,principal
2271,0,1,0.9999713172066038,probability_native,0.9999713172066038,u_808045e6ebe224e6,0,0,official,principal
6714,0,1,0.998585505780119,probability_native,0.998585505780119,u_808045e6ebe224e6,0,0,official,principal
1498,1,1,0.9999465015692146,probability_native,0.9999465015692146,u_808045e6ebe224e6,0,0,official,principal
5596,0,0,5.295644502226312e-13,probability_native,5.295644502226312e-13,u_808045e6ebe224e6,0,0,official,principal
6738,0,0,0.0005433693785799176,probability_native,0.0005433693785799176,u_808045e6ebe224e6,0,0,official,principal
3095,0,1,0.9996033649124633,probability_native,0.9996033649124633,u_808045e6ebe224e6,0,0,official,principal
8,1,1,0.9968102108202767,probability_native,0.9968102108202767,u_808045e6ebe224e6,0,0,official,principal
4816,0,0,1.150061323185173e-06,probability_native,1.150061323185173e-06,u_808045e6ebe224e6,0,0,official,principal
2044,0,0,3.715054236626646e-06,probability_native,3.715054236626646e-06,u_808045e6ebe224e6,0,0,official,principal
4685,0,0,5.029350448617248e-10,probability_native,5.029350448617248e-10,u_808045e6ebe224e6,0,0,official,principal
1915,0,0,0.17790993627326535,probability_native,0.17790993627326535,u_808045e6ebe224e6,0,0,official,principal
1532,0,0,5.225679203731345e-05,probability_native,5.225679203731345e-05,u_808045e6ebe224e6,0,0,official,principal
2454,0,0,1.6638632186663005e-12,probability_native,1.6638632186663005e-12,u_808045e6ebe224e6,0,0,official,principal
5977,0,0,4.596738021236549e-13,probability_native,4.596738021236549e-13,u_808045e6ebe224e6,0,0,official,principal
2446,1,1,0.9815657824114579,probability_native,0.9815657824114579,u_808045e6ebe224e6,0,0,official,principal
1278,0,0,4.930301493774035e-07,probability_native,4.930301493774035e-07,u_808045e6ebe224e6,0,0,official,principal
1911,0,0,1.4076777164195927e-14,probability_native,1.4076777164195927e-14,u_808045e6ebe224e6,0,0,official,principal
2431,1,1,0.9366112777196812,probability_native,0.9366112777196812,u_808045e6ebe224e6,0,0,official,principal
4219,0,0,0.48895212535911925,probability_native,0.48895212535911925,u_808045e6ebe224e6,0,0,official,principal
4417,1,1,0.980766462859177,probability_native,0.980766462859177,u_808045e6ebe224e6,0,0,official,principal
411,0,0,1.0377573739914335e-05,probability_native,1.0377573739914335e-05,u_808045e6ebe224e6,0,0,official,principal
612,0,0,6.0963733410114004e-15,probability_native,6.0963733410114004e-15,u_808045e6ebe224e6,0,0,official,principal
2073,0,0,0.00038050159978021545,probability_native,0.00038050159978021545,u_808045e6ebe224e6,0,0,official,principal
5752,0,0,7.2764628030805e-14,probability_native,7.2764628030805e-14,u_808045e6ebe224e6,0,0,official,principal
5164,0,1,0.9886482285268623,probability_native,0.9886482285268623,u_808045e6ebe224e6,0,0,official,principal
2606,0,1,0.9882542062210087,probability_native,0.9882542062210087,u_808045e6ebe224e6,0,0,official,principal
5673,0,0,6.616365687136706e-06,probability_native,6.616365687136706e-06,u_808045e6ebe224e6,0,0,official,principal
1876,0,0,0.06724157523221379,probability_native,0.06724157523221379,u_808045e6ebe224e6,0,0,official,principal
2520,0,0,2.864196376473915e-12,probability_native,2.864196376473915e-12,u_808045e6ebe224e6,0,0,official,principal
5496,0,0,2.4520317654210675e-14,probability_native,2.4520317654210675e-14,u_808045e6ebe224e6,0,0,official,principal
6249,0,1,0.9997253648646649,probability_native,0.9997253648646649,u_808045e6ebe224e6,0,0,official,principal
5007,0,0,0.00028011389150169903,probability_native,0.00028011389150169903,u_808045e6ebe224e6,0,0,official,principal
4610,1,0,3.3977644371891196e-05,probability_native,3.3977644371891196e-05,u_808045e6ebe224e6,0,0,official,principal
5354,0,1,0.999747436457474,probability_native,0.999747436457474,u_808045e6ebe224e6,0,0,official,principal
2450,0,0,4.040786421820291e-12,probability_native,4.040786421820291e-12,u_808045e6ebe224e6,0,0,official,principal
3795,0,1,0.9999387252049758,probability_native,0.9999387252049758,u_808045e6ebe224e6,0,0,official,principal
5820,0,0,0.0008523704681977882,probability_native,0.0008523704681977882,u_808045e6ebe224e6,0,0,official,principal
4244,0,0,1.2742165757469687e-15,probability_native,1.2742165757469687e-15,u_808045e6ebe224e6,0,0,official,principal
5228,0,1,0.947979710863925,probability_native,0.947979710863925,u_808045e6ebe224e6,0,0,official,principal
5724,1,1,0.9981753627357199,probability_native,0.9981753627357199,u_808045e6ebe224e6,0,0,official,principal
3164,0,1,0.9996507311492242,probability_native,0.9996507311492242,u_808045e6ebe224e6,0,0,official,principal
5626,0,1,0.755457623885296,probability_native,0.755457623885296,u_808045e6ebe224e6,0,0,official,principal
2757,0,0,7.557653216208577e-05,probability_native,7.557653216208577e-05,u_808045e6ebe224e6,0,0,official,principal
5387,0,1,0.5793620999573945,probability_native,0.5793620999573945,u_808045e6ebe224e6,0,0,official,principal
3782,0,1,0.9995405170801325,probability_native,0.9995405170801325,u_808045e6ebe224e6,0,0,official,principal
2598,0,1,0.9998584590003253,probability_native,0.9998584590003253,u_808045e6ebe224e6,0,0,official,principal
5421,0,0,3.7566239360431206e-13,probability_native,3.7566239360431206e-13,u_808045e6ebe224e6,0,0,official,principal
4044,0,0,2.7474828644950743e-10,probability_native,2.7474828644950743e-10,u_808045e6ebe224e6,0,0,official,principal
6042,0,0,3.754931742935597e-06,probability_native,3.754931742935597e-06,u_808045e6ebe224e6,0,0,official,principal
1799,1,1,0.9996487097953615,probability_native,0.9996487097953615,u_808045e6ebe224e6,0,0,official,principal
4583,0,0,1.871545699481337e-11,probability_native,1.871545699481337e-11,u_808045e6ebe224e6,0,0,official,principal
2809,0,1,0.9386091057246154,probability_native,0.9386091057246154,u_808045e6ebe224e6,0,0,official,principal
210,1,1,0.773876229934314,probability_native,0.773876229934314,u_808045e6ebe224e6,0,0,official,principal
2272,0,1,0.9806117761859726,probability_native,0.9806117761859726,u_808045e6ebe224e6,0,0,official,principal
4688,0,1,0.9680497177083373,probability_native,0.9680497177083373,u_808045e6ebe224e6,0,0,official,principal
3096,0,0,2.729785495630236e-12,probability_native,2.729785495630236e-12,u_808045e6ebe224e6,0,0,official,principal
5176,0,0,0.0007996043527306337,probability_native,0.0007996043527306337,u_808045e6ebe224e6,0,0,official,principal
5061,0,0,0.0003970478336454442,probability_native,0.0003970478336454442,u_808045e6ebe224e6,0,0,official,principal
2540,0,0,2.3333352827513624e-12,probability_native,2.3333352827513624e-12,u_808045e6ebe224e6,0,0,official,principal
4612,0,0,1.1678178679454537e-12,probability_native,1.1678178679454537e-12,u_808045e6ebe224e6,0,0,official,principal
878,0,0,0.0004722019499404204,probability_native,0.0004722019499404204,u_808045e6ebe224e6,0,0,official,principal
5464,0,0,3.4573795369727185e-12,probability_native,3.4573795369727185e-12,u_808045e6ebe224e6,0,0,official,principal
3353,0,1,0.9583110833921975,probability_native,0.9583110833921975,u_808045e6ebe224e6,0,0,official,principal
6687,1,1,0.9998847785206235,probability_native,0.9998847785206235,u_808045e6ebe224e6,0,0,official,principal
5244,0,1,0.9044002488777791,probability_native,0.9044002488777791,u_808045e6ebe224e6,0,0,official,principal
698,0,0,0.27847530872044135,probability_native,0.27847530872044135,u_808045e6ebe224e6,0,0,official,principal
2722,0,0,2.0407080181874858e-14,probability_native,2.0407080181874858e-14,u_808045e6ebe224e6,0,0,official,principal
3698,0,1,0.9926679062704631,probability_native,0.9926679062704631,u_808045e6ebe224e6,0,0,official,principal
3500,0,0,0.4133796832982206,probability_native,0.4133796832982206,u_808045e6ebe224e6,0,0,official,principal
2067,0,0,0.2758598041200094,probability_native,0.2758598041200094,u_808045e6ebe224e6,0,0,official,principal
1312,0,0,0.003055354793408943,probability_native,0.003055354793408943,u_808045e6ebe224e6,0,0,official,principal
4514,0,1,0.9998674641347779,probability_native,0.9998674641347779,u_808045e6ebe224e6,0,0,official,principal
5378,0,0,5.813010179969092e-13,probability_native,5.813010179969092e-13,u_808045e6ebe224e6,0,0,official,principal
1968,0,0,0.12360084069997426,probability_native,0.12360084069997426,u_808045e6ebe224e6,0,0,official,principal
5646,1,0,4.699292643218534e-05,probability_native,4.699292643218534e-05,u_808045e6ebe224e6,0,0,official,principal
2883,0,0,4.373278745622079e-15,probability_native,4.373278745622079e-15,u_808045e6ebe224e6,0,0,official,principal
1252,0,0,0.011145477383611106,probability_native,0.011145477383611106,u_808045e6ebe224e6,0,0,official,principal
5051,0,0,0.18867106419145904,probability_native,0.18867106419145904,u_808045e6ebe224e6,0,0,official,principal
827,0,0,3.539090672781939e-05,probability_native,3.539090672781939e-05,u_808045e6ebe224e6,0,0,official,principal
6030,1,1,0.9170970134691458,probability_native,0.9170970134691458,u_808045e6ebe224e6,0,0,official,principal
890,0,0,0.1539044844324773,probability_native,0.1539044844324773,u_808045e6ebe224e6,0,0,official,principal
590,0,0,1.4770009847008808e-12,probability_native,1.4770009847008808e-12,u_808045e6ebe224e6,0,0,official,principal
793,0,0,8.633973816016056e-13,probability_native,8.633973816016056e-13,u_808045e6ebe224e6,0,0,official,principal
6059,0,0,0.0001574668295294354,probability_native,0.0001574668295294354,u_808045e6ebe224e6,0,0,official,principal
5158,0,0,2.6675338978309385e-13,probability_native,2.6675338978309385e-13,u_808045e6ebe224e6,0,0,official,principal
2209,0,0,0.0033013026894407726,probability_native,0.0033013026894407726,u_808045e6ebe224e6,0,0,official,principal
887,0,1,0.7607780998535091,probability_native,0.7607780998535091,u_808045e6ebe224e6,0,0,official,principal
1382,0,0,6.438411265322469e-08,probability_native,6.438411265322469e-08,u_808045e6ebe224e6,0,0,official,principal
3997,0,0,1.1498487314499869e-10,probability_native,1.1498487314499869e-10,u_808045e6ebe224e6,0,0,official,principal
3631,1,1,0.9941247570938394,probability_native,0.9941247570938394,u_808045e6ebe224e6,0,0,official,principal
3008,0,0,3.4836226739983524e-06,probability_native,3.4836226739983524e-06,u_808045e6ebe224e6,0,0,official,principal
2408,0,0,1.1115248171683023e-14,probability_native,1.1115248171683023e-14,u_808045e6ebe224e6,0,0,official,principal
435,0,0,0.04333327057195826,probability_native,0.04333327057195826,u_808045e6ebe224e6,0,0,official,principal
329,0,1,0.996893390924886,probability_native,0.996893390924886,u_808045e6ebe224e6,0,0,official,principal
17,0,0,4.697972273241476e-11,probability_native,4.697972273241476e-11,u_808045e6ebe224e6,0,0,official,principal
5466,0,0,6.870229070119325e-06,probability_native,6.870229070119325e-06,u_808045e6ebe224e6,0,0,official,principal
1795,1,1,0.9795158432874933,probability_native,0.9795158432874933,u_808045e6ebe224e6,0,0,official,principal
4957,0,0,0.03835911209188525,probability_native,0.03835911209188525,u_808045e6ebe224e6,0,0,official,principal
419,1,1,0.9998991871907281,probability_native,0.9998991871907281,u_808045e6ebe224e6,0,0,official,principal
6818,0,0,2.4761747670957785e-10,probability_native,2.4761747670957785e-10,u_808045e6ebe224e6,0,0,official,principal
264,0,0,0.00015453187557861185,probability_native,0.00015453187557861185,u_808045e6ebe224e6,0,0,official,principal
6625,1,1,0.9999886935098063,probability_native,0.9999886935098063,u_808045e6ebe224e6,0,0,official,principal
5260,0,1,0.9980231526297805,probability_native,0.9980231526297805,u_808045e6ebe224e6,0,0,official,principal
3370,0,0,0.004659164740341487,probability_native,0.004659164740341487,u_808045e6ebe224e6,0,0,official,principal
5089,0,1,0.985066792330686,probability_native,0.985066792330686,u_808045e6ebe224e6,0,0,official,principal
5145,0,0,9.973623934187733e-09,probability_native,9.973623934187733e-09,u_808045e6ebe224e6,0,0,official,principal
4485,0,0,5.575548116850375e-12,probability_native,5.575548116850375e-12,u_808045e6ebe224e6,0,0,official,principal
6135,0,0,1.888280757738741e-12,probability_native,1.888280757738741e-12,u_808045e6ebe224e6,0,0,official,principal
326,0,1,0.999780618558964,probability_native,0.999780618558964,u_808045e6ebe224e6,0,0,official,principal
1633,0,1,0.9920663190021713,probability_native,0.9920663190021713,u_808045e6ebe224e6,0,0,official,principal
728,1,1,0.5271826576273801,probability_native,0.5271826576273801,u_808045e6ebe224e6,0,0,official,principal
4988,0,0,7.947143559834379e-07,probability_native,7.947143559834379e-07,u_808045e6ebe224e6,0,0,official,principal
6068,1,1,0.9738343739066049,probability_native,0.9738343739066049,u_808045e6ebe224e6,0,0,official,principal
2891,1,1,0.9999571423749916,probability_native,0.9999571423749916,u_808045e6ebe224e6,0,0,official,principal
1965,1,1,0.8141124042421367,probability_native,0.8141124042421367,u_808045e6ebe224e6,0,0,official,principal
4714,0,0,7.278945402973759e-13,probability_native,7.278945402973759e-13,u_808045e6ebe224e6,0,0,official,principal
6484,0,0,0.003940997892715594,probability_native,0.003940997892715594,u_808045e6ebe224e6,0,0,official,principal
1137,0,0,1.6425354122147352e-15,probability_native,1.6425354122147352e-15,u_808045e6ebe224e6,0,0,official,principal
1393,0,0,0.0005301303924056898,probability_native,0.0005301303924056898,u_808045e6ebe224e6,0,0,official,principal
2945,0,1,0.9937097873414911,probability_native,0.9937097873414911,u_808045e6ebe224e6,0,0,official,principal
424,0,0,0.10485453859760337,probability_native,0.10485453859760337,u_808045e6ebe224e6,0,0,official,principal
5605,0,0,0.2832567251633468,probability_native,0.2832567251633468,u_808045e6ebe224e6,0,0,official,principal
628,0,0,7.292670972635764e-09,probability_native,7.292670972635764e-09,u_808045e6ebe224e6,0,0,official,principal
4243,0,0,0.0012827779176467137,probability_native,0.0012827779176467137,u_808045e6ebe224e6,0,0,official,principal
206,0,0,9.379372841493285e-15,probability_native,9.379372841493285e-15,u_808045e6ebe224e6,0,0,official,principal
4031,0,0,3.306937781919744e-10,probability_native,3.306937781919744e-10,u_808045e6ebe224e6,0,0,official,principal
2667,0,0,2.5376177780703295e-13,probability_native,2.5376177780703295e-13,u_808045e6ebe224e6,0,0,official,principal
4129,0,1,0.8558049564744953,probability_native,0.8558049564744953,u_808045e6ebe224e6,0,0,official,principal
3635,0,0,6.663209097064659e-13,probability_native,6.663209097064659e-13,u_808045e6ebe224e6,0,0,official,principal
3601,0,0,2.5418514355253154e-07,probability_native,2.5418514355253154e-07,u_808045e6ebe224e6,0,0,official,principal
334,1,1,0.9913847120977799,probability_native,0.9913847120977799,u_808045e6ebe224e6,0,0,official,principal
6041,0,0,0.0005136465289489267,probability_native,0.0005136465289489267,u_808045e6ebe224e6,0,0,official,principal
2799,0,0,1.3718247768345903e-07,probability_native,1.3718247768345903e-07,u_808045e6ebe224e6,0,0,official,principal
2730,0,0,0.11075223866286378,probability_native,0.11075223866286378,u_808045e6ebe224e6,0,0,official,principal
1042,0,1,0.9869917179620677,probability_native,0.9869917179620677,u_808045e6ebe224e6,0,0,official,principal
5938,0,1,0.985140871176508,probability_native,0.985140871176508,u_808045e6ebe224e6,0,0,official,principal
3429,0,0,7.056865034902672e-08,probability_native,7.056865034902672e-08,u_808045e6ebe224e6,0,0,official,principal
6272,0,0,0.0018991128205890478,probability_native,0.0018991128205890478,u_808045e6ebe224e6,0,0,official,principal
5117,0,0,4.0217136480992646e-11,probability_native,4.0217136480992646e-11,u_808045e6ebe224e6,0,0,official,principal
3589,0,1,0.5734549058361659,probability_native,0.5734549058361659,u_808045e6ebe224e6,0,0,official,principal
1977,0,1,0.9999674417956883,probability_native,0.9999674417956883,u_808045e6ebe224e6,0,0,official,principal
2497,0,0,0.00024013419464486682,probability_native,0.00024013419464486682,u_808045e6ebe224e6,0,0,official,principal
5783,1,1,0.9999965976044,probability_native,0.9999965976044,u_808045e6ebe224e6,0,0,official,principal
4822,0,0,1.6995427553205696e-13,probability_native,1.6995427553205696e-13,u_808045e6ebe224e6,0,0,official,principal
3828,0,0,1.0254664278080907e-13,probability_native,1.0254664278080907e-13,u_808045e6ebe224e6,0,0,official,principal
1173,1,0,0.050868164290397734,probability_native,0.050868164290397734,u_808045e6ebe224e6,0,0,official,principal
6865,0,0,1.7152979923680244e-10,probability_native,1.7152979923680244e-10,u_808045e6ebe224e6,0,0,official,principal
2056,0,1,0.9510204600569663,probability_native,0.9510204600569663,u_808045e6ebe224e6,0,0,official,principal
6036,0,0,0.001104210948457485,probability_native,0.001104210948457485,u_808045e6ebe224e6,0,0,official,principal
1235,0,0,0.011635488441151134,probability_native,0.011635488441151134,u_808045e6ebe224e6,0,0,official,principal
6252,0,0,0.00044017441650332856,probability_native,0.00044017441650332856,u_808045e6ebe224e6,0,0,official,principal
5278,0,0,0.005106205131025633,probability_native,0.005106205131025633,u_808045e6ebe224e6,0,0,official,principal
2876,0,0,1.7228815236768698e-06,probability_native,1.7228815236768698e-06,u_808045e6ebe224e6,0,0,official,principal
6926,1,1,0.9957613047037438,probability_native,0.9957613047037438,u_808045e6ebe224e6,0,0,official,principal
1862,0,1,0.8756441917287454,probability_native,0.8756441917287454,u_808045e6ebe224e6,0,0,official,principal
43,0,0,2.489444051180399e-12,probability_native,2.489444051180399e-12,u_808045e6ebe224e6,0,0,official,principal
1984,1,1,0.9877311335498045,probability_native,0.9877311335498045,u_808045e6ebe224e6,0,0,official,principal
3826,0,0,1.4025375408699692e-13,probability_native,1.4025375408699692e-13,u_808045e6ebe224e6,0,0,official,principal
6186,1,0,0.00015755168276135873,probability_native,0.00015755168276135873,u_808045e6ebe224e6,0,0,official,principal
6113,0,1,0.9884663337779919,probability_native,0.9884663337779919,u_808045e6ebe224e6,0,0,official,principal
127,0,0,4.910417245012502e-13,probability_native,4.910417245012502e-13,u_808045e6ebe224e6,0,0,official,principal
5004,0,1,0.7275221977113175,probability_native,0.7275221977113175,u_808045e6ebe224e6,0,0,official,principal
1784,1,0,0.0004756729908483264,probability_native,0.0004756729908483264,u_808045e6ebe224e6,0,0,official,principal
2354,0,0,5.659497158545727e-14,probability_native,5.659497158545727e-14,u_808045e6ebe224e6,0,0,official,principal
299,1,1,0.7844289327797045,probability_native,0.7844289327797045,u_808045e6ebe224e6,0,0,official,principal
5069,1,1,0.9997537277784788,probability_native,0.9997537277784788,u_808045e6ebe224e6,0,0,official,principal
3989,0,1,0.5794977623938011,probability_native,0.5794977623938011,u_808045e6ebe224e6,0,0,official,principal
2223,1,1,0.9998089572232876,probability_native,0.9998089572232876,u_808045e6ebe224e6,0,0,official,principal
5929,0,1,0.9471674582777563,probability_native,0.9471674582777563,u_808045e6ebe224e6,0,0,official,principal
3348,0,1,0.6588907242249051,probability_native,0.6588907242249051,u_808045e6ebe224e6,0,0,official,principal
837,1,1,0.8550830145066786,probability_native,0.8550830145066786,u_808045e6ebe224e6,0,0,official,principal
801,1,1,0.9997162627769237,probability_native,0.9997162627769237,u_808045e6ebe224e6,0,0,official,principal
5497,1,0,0.002545645327829693,probability_native,0.002545645327829693,u_808045e6ebe224e6,0,0,official,principal
2815,1,1,0.9831566348554293,probability_native,0.9831566348554293,u_808045e6ebe224e6,0,0,official,principal
5548,0,0,1.344757888758945e-13,probability_native,1.344757888758945e-13,u_808045e6ebe224e6,0,0,official,principal
5246,1,1,0.9999563870470002,probability_native,0.9999563870470002,u_808045e6ebe224e6,0,0,official,principal
2250,0,0,4.262571572748518e-07,probability_native,4.262571572748518e-07,u_808045e6ebe224e6,0,0,official,principal
1249,1,1,0.8603320552809677,probability_native,0.8603320552809677,u_808045e6ebe224e6,0,0,official,principal
4529,0,1,0.7985699277918045,probability_native,0.7985699277918045,u_808045e6ebe224e6,0,0,official,principal
5874,1,1,0.9999611038947895,probability_native,0.9999611038947895,u_808045e6ebe224e6,0,0,official,principal
6543,0,0,6.808208713345906e-07,probability_native,6.808208713345906e-07,u_808045e6ebe224e6,0,0,official,principal
3597,0,1,0.7670416389191899,probability_native,0.7670416389191899,u_808045e6ebe224e6,0,0,official,principal
934,0,0,0.00019068153289261873,probability_native,0.00019068153289261873,u_808045e6ebe224e6,0,0,official,principal
96,0,0,1.4206822237493467e-07,probability_native,1.4206822237493467e-07,u_808045e6ebe224e6,0,0,official,principal
5276,0,0,1.7701851872219364e-06,probability_native,1.7701851872219364e-06,u_808045e6ebe224e6,0,0,official,principal
173,1,0,0.34171880055598625,probability_native,0.34171880055598625,u_808045e6ebe224e6,0,0,official,principal
1986,0,0,1.3814870036331554e-10,probability_native,1.3814870036331554e-10,u_808045e6ebe224e6,0,0,official,principal
1940,0,0,0.00018825597908037617,probability_native,0.00018825597908037617,u_808045e6ebe224e6,0,0,official,principal
4839,1,1,0.9990886564625251,probability_native,0.9990886564625251,u_808045e6ebe224e6,0,0,official,principal
4000,0,1,0.9999621741063934,probability_native,0.9999621741063934,u_808045e6ebe224e6,0,0,official,principal
1527,0,0,6.254672085993195e-15,probability_native,6.254672085993195e-15,u_808045e6ebe224e6,0,0,official,principal
5903,0,0,2.3611049961956938e-11,probability_native,2.3611049961956938e-11,u_808045e6ebe224e6,0,0,official,principal
186,0,1,0.9178854875307124,probability_native,0.9178854875307124,u_808045e6ebe224e6,0,0,official,principal
4964,1,1,0.9990476784969556,probability_native,0.9990476784969556,u_808045e6ebe224e6,0,0,official,principal
4595,0,0,8.048577582925005e-12,probability_native,8.048577582925005e-12,u_808045e6ebe224e6,0,0,official,principal
1562,0,0,0.00022586462625126088,probability_native,0.00022586462625126088,u_808045e6ebe224e6,0,0,official,principal
4698,1,0,4.1633838336814e-08,probability_native,4.1633838336814e-08,u_808045e6ebe224e6,0,0,official,principal
5040,0,0,0.2291213511548977,probability_native,0.2291213511548977,u_808045e6ebe224e6,0,0,official,principal
3756,1,1,0.6853540143869783,probability_native,0.6853540143869783,u_808045e6ebe224e6,0,0,official,principal
5870,1,0,0.0008289830274895829,probability_native,0.0008289830274895829,u_808045e6ebe224e6,0,0,official,principal
5024,0,0,3.201946827489246e-14,probability_native,3.201946827489246e-14,u_808045e6ebe224e6,0,0,official,principal
6629,0,0,4.0836436463433265e-11,probability_native,4.0836436463433265e-11,u_808045e6ebe224e6,0,0,official,principal
6350,0,0,0.00028150887669300663,probability_native,0.00028150887669300663,u_808045e6ebe224e6,0,0,official,principal
2501,0,0,3.399760411561865e-14,probability_native,3.399760411561865e-14,u_808045e6ebe224e6,0,0,official,principal
2795,1,1,0.9999891928624451,probability_native,0.9999891928624451,u_808045e6ebe224e6,0,0,official,principal
4334,0,1,0.9934148838969632,probability_native,0.9934148838969632,u_808045e6ebe224e6,0,0,official,principal
5708,0,1,0.9391613015188337,probability_native,0.9391613015188337,u_808045e6ebe224e6,0,0,official,principal
5702,1,0,0.005710314843449916,probability_native,0.005710314843449916,u_808045e6ebe224e6,0,0,official,principal
3025,0,0,4.933172649431655e-15,probability_native,4.933172649431655e-15,u_808045e6ebe224e6,0,0,official,principal
2756,1,0,0.000561391104067744,probability_native,0.000561391104067744,u_808045e6ebe224e6,0,0,official,principal
241,0,0,1.8727493115592993e-10,probability_native,1.8727493115592993e-10,u_808045e6ebe224e6,0,0,official,principal
117,1,1,0.9914461430759338,probability_native,0.9914461430759338,u_808045e6ebe224e6,0,0,official,principal
3684,0,1,0.9247255537888898,probability_native,0.9247255537888898,u_808045e6ebe224e6,0,0,official,principal
3685,0,0,0.00012556838260474381,probability_native,0.00012556838260474381,u_808045e6ebe224e6,0,0,official,principal
1429,0,0,2.120123555692334e-14,probability_native,2.120123555692334e-14,u_808045e6ebe224e6,0,0,official,principal
5330,1,1,0.9866622716632015,probability_native,0.9866622716632015,u_808045e6ebe224e6,0,0,official,principal
252,1,1,0.9886599981666764,probability_native,0.9886599981666764,u_808045e6ebe224e6,0,0,official,principal
4188,1,1,0.9998190555328427,probability_native,0.9998190555328427,u_808045e6ebe224e6,0,0,official,principal
6961,1,1,0.9485173771114148,probability_native,0.9485173771114148,u_808045e6ebe224e6,0,0,official,principal
2410,0,1,0.9902138347087026,probability_native,0.9902138347087026,u_808045e6ebe224e6,0,0,official,principal
71,0,0,2.3380492650353647e-06,probability_native,2.3380492650353647e-06,u_808045e6ebe224e6,0,0,official,principal
3917,1,1,0.9999439717289889,probability_native,0.9999439717289889,u_808045e6ebe224e6,0,0,official,principal
6241,1,1,0.9983053474750432,probability_native,0.9983053474750432,u_808045e6ebe224e6,0,0,official,principal
4335,0,1,0.999983171237026,probability_native,0.999983171237026,u_808045e6ebe224e6,0,0,official,principal
5267,0,0,1.6161968850000035e-06,probability_native,1.6161968850000035e-06,u_808045e6ebe224e6,0,0,official,principal
5947,1,0,1.716501321726543e-13,probability_native,1.716501321726543e-13,u_808045e6ebe224e6,0,0,official,principal
1482,0,1,0.9999920572080998,probability_native,0.9999920572080998,u_808045e6ebe224e6,0,0,official,principal
3222,0,1,0.9684402687676062,probability_native,0.9684402687676062,u_808045e6ebe224e6,0,0,official,principal
6923,0,0,0.0006855498568164787,probability_native,0.0006855498568164787,u_808045e6ebe224e6,0,0,official,principal
2587,0,0,2.6938169115355353e-08,probability_native,2.6938169115355353e-08,u_808045e6ebe224e6,0,0,official,principal
5771,0,0,0.00044213522039054665,probability_native,0.00044213522039054665,u_808045e6ebe224e6,0,0,official,principal
99,1,1,0.9999260854341165,probability_native,0.9999260854341165,u_808045e6ebe224e6,0,0,official,principal
6464,0,1,0.9212152742403428,probability_native,0.9212152742403428,u_808045e6ebe224e6,0,0,official,principal
1356,0,1,0.9873249835611569,probability_native,0.9873249835611569,u_808045e6ebe224e6,0,0,official,principal
6989,0,0,0.003708376306595403,probability_native,0.003708376306595403,u_808045e6ebe224e6,0,0,official,principal
2492,1,1,0.6272378905789396,probability_native,0.6272378905789396,u_808045e6ebe224e6,0,0,official,principal
1981,1,0,0.0920517121454483,probability_native,0.0920517121454483,u_808045e6ebe224e6,0,0,official,principal
3833,0,1,0.9913604425053885,probability_native,0.9913604425053885,u_808045e6ebe224e6,0,0,official,principal
1138,0,1,0.5623636948139998,probability_native,0.5623636948139998,u_808045e6ebe224e6,0,0,official,principal
2746,0,0,2.6690376656373865e-14,probability_native,2.6690376656373865e-14,u_808045e6ebe224e6,0,0,official,principal
2336,1,1,0.9980851791289888,probability_native,0.9980851791289888,u_808045e6ebe224e6,0,0,official,principal
6338,0,0,0.002457188839135064,probability_native,0.002457188839135064,u_808045e6ebe224e6,0,0,official,principal
5171,0,1,0.873241766793654,probability_native,0.873241766793654,u_808045e6ebe224e6,0,0,official,principal
2395,0,1,0.9932239652998754,probability_native,0.9932239652998754,u_808045e6ebe224e6,0,0,official,principal
2738,0,0,1.1918729233805475e-10,probability_native,1.1918729233805475e-10,u_808045e6ebe224e6,0,0,official,principal
1066,0,0,1.025441251800988e-13,probability_native,1.025441251800988e-13,u_808045e6ebe224e6,0,0,official,principal
1342,0,0,1.132594707385284e-12,probability_native,1.132594707385284e-12,u_808045e6ebe224e6,0,0,official,principal
4547,0,0,0.35827301066701217,probability_native,0.35827301066701217,u_808045e6ebe224e6,0,0,official,principal
1666,0,0,1.3926164468299027e-12,probability_native,1.3926164468299027e-12,u_808045e6ebe224e6,0,0,official,principal
2668,1,0,4.9326820116954215e-05,probability_native,4.9326820116954215e-05,u_808045e6ebe224e6,0,0,official,principal
2119,0,0,5.21275435611114e-07,probability_native,5.21275435611114e-07,u_808045e6ebe224e6,0,0,official,principal
534,1,1,0.999970778754087,probability_native,0.999970778754087,u_808045e6ebe224e6,0,0,official,principal
2937,0,0,0.034127467994541597,probability_native,0.034127467994541597,u_808045e6ebe224e6,0,0,official,principal
3352,1,1,0.9993446292385422,probability_native,0.9993446292385422,u_808045e6ebe224e6,0,0,official,principal
561,0,0,0.0024105321898956066,probability_native,0.0024105321898956066,u_808045e6ebe224e6,0,0,official,principal
1215,1,1,0.9989733949993973,probability_native,0.9989733949993973,u_808045e6ebe224e6,0,0,official,principal
3144,0,0,0.00041404366669059136,probability_native,0.00041404366669059136,u_808045e6ebe224e6,0,0,official,principal
4522,0,0,1.0563501734286678e-07,probability_native,1.0563501734286678e-07,u_808045e6ebe224e6,0,0,official,principal
2692,0,1,0.963368653188934,probability_native,0.963368653188934,u_808045e6ebe224e6,0,0,official,principal
5420,0,0,1.5023805599669892e-13,probability_native,1.5023805599669892e-13,u_808045e6ebe224e6,0,0,official,principal
3639,0,0,0.058627879115920184,probability_native,0.058627879115920184,u_808045e6ebe224e6,0,0,official,principal
243,0,1,0.7341959509299232,probability_native,0.7341959509299232,u_808045e6ebe224e6,0,0,official,principal
1281,0,0,2.0819137053752473e-05,probability_native,2.0819137053752473e-05,u_808045e6ebe224e6,0,0,official,principal
6243,0,0,5.905268600647538e-13,probability_native,5.905268600647538e-13,u_808045e6ebe224e6,0,0,official,principal
4903,1,1,0.9999368813168658,probability_native,0.9999368813168658,u_808045e6ebe224e6,0,0,official,principal
6591,1,1,0.984598548897727,probability_native,0.984598548897727,u_808045e6ebe224e6,0,0,official,principal
3238,0,0,3.5432598092242475e-15,probability_native,3.5432598092242475e-15,u_808045e6ebe224e6,0,0,official,principal
6095,0,0,0.0019083697369382984,probability_native,0.0019083697369382984,u_808045e6ebe224e6,0,0,official,principal
646,1,1,0.9671068961275882,probability_native,0.9671068961275882,u_808045e6ebe224e6,0,0,official,principal
6983,0,1,0.8641992584337621,probability_native,0.8641992584337621,u_808045e6ebe224e6,0,0,official,principal
757,0,0,0.0004674187367772252,probability_native,0.0004674187367772252,u_808045e6ebe224e6,0,0,official,principal
6737,0,0,1.50804094395052e-09,probability_native,1.50804094395052e-09,u_808045e6ebe224e6,0,0,official,principal
242,0,0,9.422135449104948e-06,probability_native,9.422135449104948e-06,u_808045e6ebe224e6,0,0,official,principal
3256,0,0,2.6234828263664634e-06,probability_native,2.6234828263664634e-06,u_808045e6ebe224e6,0,0,official,principal
6925,0,0,1.3207293838917509e-06,probability_native,1.3207293838917509e-06,u_808045e6ebe224e6,0,0,official,principal
1927,1,0,0.45359716380643583,probability_native,0.45359716380643583,u_808045e6ebe224e6,0,0,official,principal
6001,0,1,0.6888166369247953,probability_native,0.6888166369247953,u_808045e6ebe224e6,0,0,official,principal
4643,0,1,0.9341097533787831,probability_native,0.9341097533787831,u_808045e6ebe224e6,0,0,official,principal
4110,0,0,1.0472093766882207e-12,probability_native,1.0472093766882207e-12,u_808045e6ebe224e6,0,0,official,principal
611,1,0,0.0011190837694859406,probability_native,0.0011190837694859406,u_808045e6ebe224e6,0,0,official,principal
4917,0,0,0.0003492980369199839,probability_native,0.0003492980369199839,u_808045e6ebe224e6,0,0,official,principal
4937,0,0,0.0004868746577522125,probability_native,0.0004868746577522125,u_808045e6ebe224e6,0,0,official,principal
2392,0,1,0.9843985978354574,probability_native,0.9843985978354574,u_808045e6ebe224e6,0,0,official,principal
3378,0,0,6.453451824698726e-13,probability_native,6.453451824698726e-13,u_808045e6ebe224e6,0,0,official,principal
345,0,1,0.9999914090028,probability_native,0.9999914090028,u_808045e6ebe224e6,0,0,official,principal
3356,1,0,0.35964618600203124,probability_native,0.35964618600203124,u_808045e6ebe224e6,0,0,official,principal
6508,1,1,0.9950946241605655,probability_native,0.9950946241605655,u_808045e6ebe224e6,0,0,official,principal
1503,0,1,0.9539983847443365,probability_native,0.9539983847443365,u_808045e6ebe224e6,0,0,official,principal
2611,1,1,0.9997649897134453,probability_native,0.9997649897134453,u_808045e6ebe224e6,0,0,official,principal
6580,0,0,5.869463070036748e-05,probability_native,5.869463070036748e-05,u_808045e6ebe224e6,0,0,official,principal
3093,0,0,8.380992979627813e-05,probability_native,8.380992979627813e-05,u_808045e6ebe224e6,0,0,official,principal
3385,1,1,0.9999754067662776,probability_native,0.9999754067662776,u_808045e6ebe224e6,0,0,official,principal
5428,1,1,0.9996823947601543,probability_native,0.9996823947601543,u_808045e6ebe224e6,0,0,official,principal
5602,0,0,2.639179689338648e-09,probability_native,2.639179689338648e-09,u_808045e6ebe224e6,0,0,official,principal
6439,0,0,0.46045776928717946,probability_native,0.46045776928717946,u_808045e6ebe224e6,0,0,official,principal
167,0,0,1.3658329618199361e-11,probability_native,1.3658329618199361e-11,u_808045e6ebe224e6,0,0,official,principal
2862,1,1,0.9997446920713231,probability_native,0.9997446920713231,u_808045e6ebe224e6,0,0,official,principal
756,0,0,2.1622459127515496e-13,probability_native,2.1622459127515496e-13,u_808045e6ebe224e6,0,0,official,principal
4005,1,0,0.004611312306457125,probability_native,0.004611312306457125,u_808045e6ebe224e6,0,0,official,principal
2316,0,0,0.00047019363722220565,probability_native,0.00047019363722220565,u_808045e6ebe224e6,0,0,official,principal
5296,0,0,1.942294713528172e-06,probability_native,1.942294713528172e-06,u_808045e6ebe224e6,0,0,official,principal
2863,0,1,0.8567220644153086,probability_native,0.8567220644153086,u_808045e6ebe224e6,0,0,official,principal
2461,0,0,4.7460074565153597e-07,probability_native,4.7460074565153597e-07,u_808045e6ebe224e6,0,0,official,principal
705,1,1,0.9692095828850054,probability_native,0.9692095828850054,u_808045e6ebe224e6,0,0,official,principal
1229,0,0,5.951843131543145e-13,probability_native,5.951843131543145e-13,u_808045e6ebe224e6,0,0,official,principal
2689,0,0,3.9817069185172186e-12,probability_native,3.9817069185172186e-12,u_808045e6ebe224e6,0,0,official,principal
6895,0,0,2.255444302896884e-13,probability_native,2.255444302896884e-13,u_808045e6ebe224e6,0,0,official,principal
6461,0,1,0.6397244507911991,probability_native,0.6397244507911991,u_808045e6ebe224e6,0,0,official,principal
5099,1,0,5.170328756404194e-06,probability_native,5.170328756404194e-06,u_808045e6ebe224e6,0,0,official,principal
4712,0,0,0.01197097549146921,probability_native,0.01197097549146921,u_808045e6ebe224e6,0,0,official,principal
274,1,1,0.9914939622855186,probability_native,0.9914939622855186,u_808045e6ebe224e6,0,0,official,principal
5368,1,1,0.9999888294019257,probability_native,0.9999888294019257,u_808045e6ebe224e6,0,0,official,principal
1223,1,1,0.9999403663512774,probability_native,0.9999403663512774,u_808045e6ebe224e6,0,0,official,principal
3444,0,0,5.194591288635985e-05,probability_native,5.194591288635985e-05,u_808045e6ebe224e6,0,0,official,principal
6163,0,1,0.9997405794656659,probability_native,0.9997405794656659,u_808045e6ebe224e6,0,0,official,principal
1742,1,1,0.9995318854868606,probability_native,0.9995318854868606,u_808045e6ebe224e6,0,0,official,principal
5750,1,1,0.9999603695373974,probability_native,0.9999603695373974,u_808045e6ebe224e6,0,0,official,principal
4435,0,1,0.9976295844406797,probability_native,0.9976295844406797,u_808045e6ebe224e6,0,0,official,principal
6046,0,1,0.9867467770296899,probability_native,0.9867467770296899,u_808045e6ebe224e6,0,0,official,principal
5088,0,0,1.9802818394683483e-14,probability_native,1.9802818394683483e-14,u_808045e6ebe224e6,0,0,official,principal
5416,0,0,0.12288061263429437,probability_native,0.12288061263429437,u_808045e6ebe224e6,0,0,official,principal
459,0,1,0.9999454502951591,probability_native,0.9999454502951591,u_808045e6ebe224e6,0,0,official,principal
6295,0,0,3.5935406248633656e-14,probability_native,3.5935406248633656e-14,u_808045e6ebe224e6,0,0,official,principal
2941,0,0,1.2367132791570822e-11,probability_native,1.2367132791570822e-11,u_808045e6ebe224e6,0,0,official,principal
2284,0,0,0.03806017466323539,probability_native,0.03806017466323539,u_808045e6ebe224e6,0,0,official,principal
3608,1,1,0.998418611171561,probability_native,0.998418611171561,u_808045e6ebe224e6,0,0,official,principal
6742,0,0,1.696046184486241e-10,probability_native,1.696046184486241e-10,u_808045e6ebe224e6,0,0,official,principal
2628,0,1,0.6625531758120227,probability_native,0.6625531758120227,u_808045e6ebe224e6,0,0,official,principal
2713,0,0,0.00250465814025806,probability_native,0.00250465814025806,u_808045e6ebe224e6,0,0,official,principal
1800,0,1,0.9898954330319378,probability_native,0.9898954330319378,u_808045e6ebe224e6,0,0,official,principal
2469,0,0,1.9067881390075386e-06,probability_native,1.9067881390075386e-06,u_808045e6ebe224e6,0,0,official,principal
3321,0,0,6.485544359639934e-14,probability_native,6.485544359639934e-14,u_808045e6ebe224e6,0,0,official,principal
823,0,0,0.4149575430457613,probability_native,0.4149575430457613,u_808045e6ebe224e6,0,0,official,principal
952,0,0,0.030934988478613,probability_native,0.030934988478613,u_808045e6ebe224e6,0,0,official,principal
1198,0,0,5.498614539939364e-12,probability_native,5.498614539939364e-12,u_808045e6ebe224e6,0,0,official,principal
3758,0,1,0.6646348435408845,probability_native,0.6646348435408845,u_808045e6ebe224e6,0,0,official,principal
1361,1,1,0.9995174719426225,probability_native,0.9995174719426225,u_808045e6ebe224e6,0,0,official,principal
2575,0,0,0.0005068165805419409,probability_native,0.0005068165805419409,u_808045e6ebe224e6,0,0,official,principal
81,0,0,0.2674085046931819,probability_native,0.2674085046931819,u_808045e6ebe224e6,0,0,official,principal
56,0,0,6.176081994350501e-05,probability_native,6.176081994350501e-05,u_808045e6ebe224e6,0,0,official,principal
5461,0,0,4.925814722629133e-11,probability_native,4.925814722629133e-11,u_808045e6ebe224e6,0,0,official,principal
3116,0,0,0.05243407212654701,probability_native,0.05243407212654701,u_808045e6ebe224e6,0,0,official,principal
4767,0,0,2.5560046455695176e-08,probability_native,2.5560046455695176e-08,u_808045e6ebe224e6,0,0,official,principal
114,0,0,1.2545731369620116e-10,probability_native,1.2545731369620116e-10,u_808045e6ebe224e6,0,0,official,principal
5005,1,0,0.00033093282316996306,probability_native,0.00033093282316996306,u_808045e6ebe224e6,0,0,official,principal
5591,1,1,0.9999746677980182,probability_native,0.9999746677980182,u_808045e6ebe224e6,0,0,official,principal
1786,1,0,0.2681740969514085,probability_native,0.2681740969514085,u_808045e6ebe224e6,0,0,official,principal
836,0,0,1.2157933143210853e-07,probability_native,1.2157933143210853e-07,u_808045e6ebe224e6,0,0,official,principal
2273,0,0,9.952815516659857e-08,probability_native,9.952815516659857e-08,u_808045e6ebe224e6,0,0,official,principal
2114,0,0,0.032787102880972904,probability_native,0.032787102880972904,u_808045e6ebe224e6,0,0,official,principal
395,0,0,2.0998020627157992e-12,probability_native,2.0998020627157992e-12,u_808045e6ebe224e6,0,0,official,principal
6758,0,0,0.00011874264105659806,probability_native,0.00011874264105659806,u_808045e6ebe224e6,0,0,official,principal
6700,0,0,5.807835348406399e-09,probability_native,5.807835348406399e-09,u_808045e6ebe224e6,0,0,official,principal
1413,0,0,4.757106345397522e-14,probability_native,4.757106345397522e-14,u_808045e6ebe224e6,0,0,official,principal
5685,0,0,2.4018889539085747e-13,probability_native,2.4018889539085747e-13,u_808045e6ebe224e6,0,0,official,principal
3858,0,0,0.0012417908788960174,probability_native,0.0012417908788960174,u_808045e6ebe224e6,0,0,official,principal
6129,0,0,0.4049494178358227,probability_native,0.4049494178358227,u_808045e6ebe224e6,0,0,official,principal
4968,0,0,4.278080321548491e-09,probability_native,4.278080321548491e-09,u_808045e6ebe224e6,0,0,official,principal
5550,0,0,7.450429306012653e-05,probability_native,7.450429306012653e-05,u_808045e6ebe224e6,0,0,official,principal
4262,1,1,0.9486113359270161,probability_native,0.9486113359270161,u_808045e6ebe224e6,0,0,official,principal
4641,0,0,0.31621162902874084,probability_native,0.31621162902874084,u_808045e6ebe224e6,0,0,official,principal
4944,0,0,0.00016856236342240898,probability_native,0.00016856236342240898,u_808045e6ebe224e6,0,0,official,principal
6897,0,0,0.31987920041589224,probability_native,0.31987920041589224,u_808045e6ebe224e6,0,0,official,principal
5292,0,0,9.255590037137596e-06,probability_native,9.255590037137596e-06,u_808045e6ebe224e6,0,0,official,principal
4590,0,0,5.29402458533968e-11,probability_native,5.29402458533968e-11,u_808045e6ebe224e6,0,0,official,principal
1425,0,1,0.986890347827934,probability_native,0.986890347827934,u_808045e6ebe224e6,0,0,official,principal
6442,0,0,4.468849884378173e-06,probability_native,4.468849884378173e-06,u_808045e6ebe224e6,0,0,official,principal
86,0,0,0.02372138742029612,probability_native,0.02372138742029612,u_808045e6ebe224e6,0,0,official,principal
6807,0,0,3.1764055509518005e-14,probability_native,3.1764055509518005e-14,u_808045e6ebe224e6,0,0,official,principal
639,1,1,0.9999147735518292,probability_native,0.9999147735518292,u_808045e6ebe224e6,0,0,official,principal
6020,0,0,3.9737946492581455e-06,probability_native,3.9737946492581455e-06,u_808045e6ebe224e6,0,0,official,principal
1300,0,0,1.2066474482167292e-11,probability_native,1.2066474482167292e-11,u_808045e6ebe224e6,0,0,official,principal
2661,0,0,1.521462441292877e-12,probability_native,1.521462441292877e-12,u_808045e6ebe224e6,0,0,official,principal
5658,0,1,0.9998936909647366,probability_native,0.9998936909647366,u_808045e6ebe224e6,0,0,official,principal
3407,0,0,2.8014120491306e-12,probability_native,2.8014120491306e-12,u_808045e6ebe224e6,0,0,official,principal
4002,0,0,1.0124813278172048e-12,probability_native,1.0124813278172048e-12,u_808045e6ebe224e6,0,0,official,principal
3066,0,1,0.9984340005150147,probability_native,0.9984340005150147,u_808045e6ebe224e6,0,0,official,principal
2893,1,1,0.8598363475957215,probability_native,0.8598363475957215,u_808045e6ebe224e6,0,0,official,principal
4649,0,0,1.4167245905485363e-12,probability_native,1.4167245905485363e-12,u_808045e6ebe224e6,0,0,official,principal
5932,1,1,0.9999054574473791,probability_native,0.9999054574473791,u_808045e6ebe224e6,0,0,official,principal
2061,1,1,0.7946777658120722,probability_native,0.7946777658120722,u_808045e6ebe224e6,0,0,official,principal
5739,0,0,2.779337429291389e-09,probability_native,2.779337429291389e-09,u_808045e6ebe224e6,0,0,official,principal
5945,0,0,0.021085187983539908,probability_native,0.021085187983539908,u_808045e6ebe224e6,0,0,official,principal
547,0,0,0.016512436960699425,probability_native,0.016512436960699425,u_808045e6ebe224e6,0,0,official,principal
4966,0,0,0.032058432291245824,probability_native,0.032058432291245824,u_808045e6ebe224e6,0,0,official,principal
5901,1,1,0.9456806191652605,probability_native,0.9456806191652605,u_808045e6ebe224e6,0,0,official,principal
88,0,0,4.6429574299912905e-14,probability_native,4.6429574299912905e-14,u_808045e6ebe224e6,0,0,official,principal
4451,0,1,0.9997961008507669,probability_native,0.9997961008507669,u_808045e6ebe224e6,0,0,official,principal
5441,1,0,1.3646833759573058e-13,probability_native,1.3646833759573058e-13,u_808045e6ebe224e6,0,0,official,principal
3502,0,0,0.04688250277967976,probability_native,0.04688250277967976,u_808045e6ebe224e6,0,0,official,principal
6936,1,1,0.9973014798272789,probability_native,0.9973014798272789,u_808045e6ebe224e6,0,0,official,principal
1268,1,0,0.036963082885719284,probability_native,0.036963082885719284,u_808045e6ebe224e6,0,0,official,principal
1211,1,1,0.9114073065431086,probability_native,0.9114073065431086,u_808045e6ebe224e6,0,0,official,principal
549,0,0,0.00037444365312309014,probability_native,0.00037444365312309014,u_808045e6ebe224e6,0,0,official,principal
5251,1,1,0.9996519575800948,probability_native,0.9996519575800948,u_808045e6ebe224e6,0,0,official,principal
67,0,0,1.2031532391084752e-09,probability_native,1.2031532391084752e-09,u_808045e6ebe224e6,0,0,official,principal
3275,0,0,4.918864817199642e-13,probability_native,4.918864817199642e-13,u_808045e6ebe224e6,0,0,official,principal
897,0,0,2.233307721520723e-07,probability_native,2.233307721520723e-07,u_808045e6ebe224e6,0,0,official,principal
50,0,1,0.9999128309064443,probability_native,0.9999128309064443,u_808045e6ebe224e6,0,0,official,principal
2171,0,1,0.9962341890604556,probability_native,0.9962341890604556,u_808045e6ebe224e6,0,0,official,principal
3660,0,0,0.00029044482274991724,probability_native,0.00029044482274991724,u_808045e6ebe224e6,0,0,official,principal
5604,0,1,0.9998611340042679,probability_native,0.9998611340042679,u_808045e6ebe224e6,0,0,official,principal
6405,0,0,0.2872034964999813,probability_native,0.2872034964999813,u_808045e6ebe224e6,0,0,official,principal
1293,0,0,6.623755615376544e-11,probability_native,6.623755615376544e-11,u_808045e6ebe224e6,0,0,official,principal
5546,0,0,0.004062762220999111,probability_native,0.004062762220999111,u_808045e6ebe224e6,0,0,official,principal
4204,0,1,0.999987684906579,probability_native,0.999987684906579,u_808045e6ebe224e6,0,0,official,principal
3262,1,1,0.9748810454772276,probability_native,0.9748810454772276,u_808045e6ebe224e6,0,0,official,principal
1055,0,0,1.139735164415461e-06,probability_native,1.139735164415461e-06,u_808045e6ebe224e6,0,0,official,principal
467,0,0,0.020637978803720175,probability_native,0.020637978803720175,u_808045e6ebe224e6,0,0,official,principal
1390,0,0,7.551870740158065e-14,probability_native,7.551870740158065e-14,u_808045e6ebe224e6,0,0,official,principal
3612,0,1,0.999883735997186,probability_native,0.999883735997186,u_808045e6ebe224e6,0,0,official,principal
4558,1,1,0.9999875427415016,probability_native,0.9999875427415016,u_808045e6ebe224e6,0,0,official,principal
4086,0,0,8.655087097126457e-14,probability_native,8.655087097126457e-14,u_808045e6ebe224e6,0,0,official,principal
3819,0,0,0.0013362453046185283,probability_native,0.0013362453046185283,u_808045e6ebe224e6,0,0,official,principal
4493,0,0,2.524471327581108e-14,probability_native,2.524471327581108e-14,u_808045e6ebe224e6,0,0,official,principal
2135,0,0,0.14021013540155813,probability_native,0.14021013540155813,u_808045e6ebe224e6,0,0,official,principal
166,1,1,0.9994312277800441,probability_native,0.9994312277800441,u_808045e6ebe224e6,0,0,official,principal
6087,0,0,0.007633678982855295,probability_native,0.007633678982855295,u_808045e6ebe224e6,0,0,official,principal
3295,0,0,2.1544860271938676e-13,probability_native,2.1544860271938676e-13,u_808045e6ebe224e6,0,0,official,principal
998,0,0,6.40756223426147e-14,probability_native,6.40756223426147e-14,u_808045e6ebe224e6,0,0,official,principal
2374,0,0,0.0006372137024992539,probability_native,0.0006372137024992539,u_808045e6ebe224e6,0,0,official,principal
5688,0,0,6.764438208761022e-14,probability_native,6.764438208761022e-14,u_808045e6ebe224e6,0,0,official,principal
6916,0,0,9.336078779361236e-14,probability_native,9.336078779361236e-14,u_808045e6ebe224e6,0,0,official,principal
5518,1,1,0.9272251835875664,probability_native,0.9272251835875664,u_808045e6ebe224e6,0,0,official,principal
5742,0,0,3.014328274971515e-11,probability_native,3.014328274971515e-11,u_808045e6ebe224e6,0,0,official,principal
614,0,0,1.6538073497819977e-09,probability_native,1.6538073497819977e-09,u_808045e6ebe224e6,0,0,official,principal
515,1,1,0.9123438438052337,probability_native,0.9123438438052337,u_808045e6ebe224e6,0,0,official,principal
4312,0,0,6.10911542118058e-12,probability_native,6.10911542118058e-12,u_808045e6ebe224e6,0,0,official,principal
1758,0,0,1.9226446751531405e-13,probability_native,1.9226446751531405e-13,u_808045e6ebe224e6,0,0,official,principal
3416,0,1,0.5070180882406973,probability_native,0.5070180882406973,u_808045e6ebe224e6,0,0,official,principal
6413,1,1,0.9721023215241392,probability_native,0.9721023215241392,u_808045e6ebe224e6,0,0,official,principal
6722,0,0,0.0011747267962399326,probability_native,0.0011747267962399326,u_808045e6ebe224e6,0,0,official,principal
171,1,1,0.9990589531254263,probability_native,0.9990589531254263,u_808045e6ebe224e6,0,0,official,principal
2483,1,1,0.9292126818996818,probability_native,0.9292126818996818,u_808045e6ebe224e6,0,0,official,principal
2555,0,1,0.9918372873100232,probability_native,0.9918372873100232,u_808045e6ebe224e6,0,0,official,principal
1507,0,0,1.8119670249182283e-14,probability_native,1.8119670249182283e-14,u_808045e6ebe224e6,0,0,official,principal
5447,0,1,0.8668171511517907,probability_native,0.8668171511517907,u_808045e6ebe224e6,0,0,official,principal
5920,0,1,0.999982873357902,probability_native,0.999982873357902,u_808045e6ebe224e6,0,0,official,principal
5340,0,0,0.009156237518421723,probability_native,0.009156237518421723,u_808045e6ebe224e6,0,0,official,principal
1570,0,0,1.2867680415631372e-13,probability_native,1.2867680415631372e-13,u_808045e6ebe224e6,0,0,official,principal
5320,0,0,3.1624096285913545e-13,probability_native,3.1624096285913545e-13,u_808045e6ebe224e6,0,0,official,principal
6080,1,0,0.04740636174343464,probability_native,0.04740636174343464,u_808045e6ebe224e6,0,0,official,principal
6949,0,0,3.6357425358887874e-05,probability_native,3.6357425358887874e-05,u_808045e6ebe224e6,0,0,official,principal
3049,1,0,0.010686381979854791,probability_native,0.010686381979854791,u_808045e6ebe224e6,0,0,official,principal
5265,0,0,0.15668019938546132,probability_native,0.15668019938546132,u_808045e6ebe224e6,0,0,official,principal
2769,1,0,0.0013151631681428072,probability_native,0.0013151631681428072,u_808045e6ebe224e6,0,0,official,principal
1161,1,0,0.1562638403884626,probability_native,0.1562638403884626,u_808045e6ebe224e6,0,0,official,principal
359,0,0,0.027931287445861798,probability_native,0.027931287445861798,u_808045e6ebe224e6,0,0,official,principal
6198,0,0,8.629514559472811e-15,probability_native,8.629514559472811e-15,u_808045e6ebe224e6,0,0,official,principal
4336,0,0,7.123420507082043e-10,probability_native,7.123420507082043e-10,u_808045e6ebe224e6,0,0,official,principal
518,1,1,0.9936483172674523,probability_native,0.9936483172674523,u_808045e6ebe224e6,0,0,official,principal
2570,1,1,0.9733090391251039,probability_native,0.9733090391251039,u_808045e6ebe224e6,0,0,official,principal
4657,0,0,0.027013192413572345,probability_native,0.027013192413572345,u_808045e6ebe224e6,0,0,official,principal
3264,0,1,0.990441189015224,probability_native,0.990441189015224,u_808045e6ebe224e6,0,0,official,principal
4611,0,0,1.7647915456144997e-14,probability_native,1.7647915456144997e-14,u_808045e6ebe224e6,0,0,official,principal
3529,0,1,0.9999574482120462,probability_native,0.9999574482120462,u_808045e6ebe224e6,0,0,official,principal
482,0,1,0.9999885382268966,probability_native,0.9999885382268966,u_808045e6ebe224e6,0,0,official,principal
3941,0,0,0.0004205236413248798,probability_native,0.0004205236413248798,u_808045e6ebe224e6,0,0,official,principal
5299,1,1,0.959544104946613,probability_native,0.959544104946613,u_808045e6ebe224e6,0,0,official,principal
2965,1,0,0.45002541129505697,probability_native,0.45002541129505697,u_808045e6ebe224e6,0,0,official,principal
5835,0,0,2.318408792272758e-14,probability_native,2.318408792272758e-14,u_808045e6ebe224e6,0,0,official,principal
2879,1,1,0.9930366516636631,probability_native,0.9930366516636631,u_808045e6ebe224e6,0,0,official,principal
2335,0,1,0.655767672901343,probability_native,0.655767672901343,u_808045e6ebe224e6,0,0,official,principal
2363,0,1,0.9984017348054108,probability_native,0.9984017348054108,u_808045e6ebe224e6,0,0,official,principal
2129,1,1,0.9999457657204098,probability_native,0.9999457657204098,u_808045e6ebe224e6,0,0,official,principal
3591,1,1,0.9791154522093913,probability_native,0.9791154522093913,u_808045e6ebe224e6,0,0,official,principal
1652,0,0,0.012442031164359305,probability_native,0.012442031164359305,u_808045e6ebe224e6,0,0,official,principal
4258,1,0,0.01298355691415003,probability_native,0.01298355691415003,u_808045e6ebe224e6,0,0,official,principal
1753,0,0,1.6534660004779256e-10,probability_native,1.6534660004779256e-10,u_808045e6ebe224e6,0,0,official,principal
6387,0,1,0.5227671369662387,probability_native,0.5227671369662387,u_808045e6ebe224e6,0,0,official,principal
3695,0,1,0.99593802102476,probability_native,0.99593802102476,u_808045e6ebe224e6,0,0,official,principal
322,0,1,0.9984070009921645,probability_native,0.9984070009921645,u_808045e6ebe224e6,0,0,official,principal
6562,1,1,0.999981780108859,probability_native,0.999981780108859,u_808045e6ebe224e6,0,0,official,principal
758,1,1,0.9921739857886179,probability_native,0.9921739857886179,u_808045e6ebe224e6,0,0,official,principal
4318,0,0,0.012751870988152399,probability_native,0.012751870988152399,u_808045e6ebe224e6,0,0,official,principal
6027,0,0,1.4072930667590608e-13,probability_native,1.4072930667590608e-13,u_808045e6ebe224e6,0,0,official,principal
6652,0,0,2.3588047919628914e-13,probability_native,2.3588047919628914e-13,u_808045e6ebe224e6,0,0,official,principal
1687,0,0,3.5320009864399587e-07,probability_native,3.5320009864399587e-07,u_808045e6ebe224e6,0,0,official,principal
5780,0,0,2.739183200028844e-09,probability_native,2.739183200028844e-09,u_808045e6ebe224e6,0,0,official,principal
3680,1,0,0.063624772055084,probability_native,0.063624772055084,u_808045e6ebe224e6,0,0,official,principal
3203,0,0,2.5220402878226212e-12,probability_native,2.5220402878226212e-12,u_808045e6ebe224e6,0,0,official,principal
6709,0,0,0.13007577606540355,probability_native,0.13007577606540355,u_808045e6ebe224e6,0,0,official,principal
225,0,0,0.010127275397995615,probability_native,0.010127275397995615,u_808045e6ebe224e6,0,0,official,principal
6550,1,1,0.9981114993366083,probability_native,0.9981114993366083,u_808045e6ebe224e6,0,0,official,principal
5978,0,0,0.34623524234976605,probability_native,0.34623524234976605,u_808045e6ebe224e6,0,0,official,principal
92,0,0,1.5081355317712404e-12,probability_native,1.5081355317712404e-12,u_808045e6ebe224e6,0,0,official,principal
281,0,1,0.9865950315192016,probability_native,0.9865950315192016,u_808045e6ebe224e6,0,0,official,principal
6558,1,0,0.0013771487390910268,probability_native,0.0013771487390910268,u_808045e6ebe224e6,0,0,official,principal
4652,0,0,1.469471182281316e-06,probability_native,1.469471182281316e-06,u_808045e6ebe224e6,0,0,official,principal
5833,0,0,0.23793649450887147,probability_native,0.23793649450887147,u_808045e6ebe224e6,0,0,official,principal
5280,0,0,0.03623191650416963,probability_native,0.03623191650416963,u_808045e6ebe224e6,0,0,official,principal
5203,0,0,0.29339056927351465,probability_native,0.29339056927351465,u_808045e6ebe224e6,0,0,official,principal
5252,0,1,0.8445021203041413,probability_native,0.8445021203041413,u_808045e6ebe224e6,0,0,official,principal
5137,0,1,0.8781093201992776,probability_native,0.8781093201992776,u_808045e6ebe224e6,0,0,official,principal
7039,0,0,6.939118953894831e-05,probability_native,6.939118953894831e-05,u_808045e6ebe224e6,0,0,official,principal
5986,0,1,0.9985657992335141,probability_native,0.9985657992335141,u_808045e6ebe224e6,0,0,official,principal
1761,0,0,1.3607306480890524e-13,probability_native,1.3607306480890524e-13,u_808045e6ebe224e6,0,0,official,principal
351,0,0,0.0027755548661235023,probability_native,0.0027755548661235023,u_808045e6ebe224e6,0,0,official,principal
3296,0,1,0.584931139758007,probability_native,0.584931139758007,u_808045e6ebe224e6,0,0,official,principal
2364,0,1,0.9994722372890869,probability_native,0.9994722372890869,u_808045e6ebe224e6,0,0,official,principal
3192,0,0,1.6860681339142171e-12,probability_native,1.6860681339142171e-12,u_808045e6ebe224e6,0,0,official,principal
5151,0,0,5.99807818355033e-05,probability_native,5.99807818355033e-05,u_808045e6ebe224e6,0,0,official,principal
3847,0,0,0.00025491743736908616,probability_native,0.00025491743736908616,u_808045e6ebe224e6,0,0,official,principal
1690,0,0,0.0010525929042549602,probability_native,0.0010525929042549602,u_808045e6ebe224e6,0,0,official,principal
1234,0,0,0.0018339921382190408,probability_native,0.0018339921382190408,u_808045e6ebe224e6,0,0,official,principal
2053,1,1,0.970706246341795,probability_native,0.970706246341795,u_808045e6ebe224e6,0,0,official,principal
5620,0,0,6.276371284548721e-09,probability_native,6.276371284548721e-09,u_808045e6ebe224e6,0,0,official,principal
5811,0,0,2.268255694868493e-09,probability_native,2.268255694868493e-09,u_808045e6ebe224e6,0,0,official,principal
366,0,1,0.8368803392665254,probability_native,0.8368803392665254,u_808045e6ebe224e6,0,0,official,principal
2452,1,1,0.9979357893983076,probability_native,0.9979357893983076,u_808045e6ebe224e6,0,0,official,principal
3548,0,0,7.856367065633035e-06,probability_native,7.856367065633035e-06,u_808045e6ebe224e6,0,0,official,principal
3801,1,1,0.9997159962792602,probability_native,0.9997159962792602,u_808045e6ebe224e6,0,0,official,principal
3344,1,1,0.9984926086276643,probability_native,0.9984926086276643,u_808045e6ebe224e6,0,0,official,principal
2834,0,0,4.179906903629626e-08,probability_native,4.179906903629626e-08,u_808045e6ebe224e6,0,0,official,principal
1998,1,1,0.9824566113385074,probability_native,0.9824566113385074,u_808045e6ebe224e6,0,0,official,principal
1608,0,0,1.1890303117294283e-05,probability_native,1.1890303117294283e-05,u_808045e6ebe224e6,0,0,official,principal
3533,0,0,1.6661210148149132e-05,probability_native,1.6661210148149132e-05,u_808045e6ebe224e6,0,0,official,principal
5200,0,0,0.013184987099908112,probability_native,0.013184987099908112,u_808045e6ebe224e6,0,0,official,principal
970,1,1,0.999890376808778,probability_native,0.999890376808778,u_808045e6ebe224e6,0,0,official,principal
4286,0,1,0.9988068587410632,probability_native,0.9988068587410632,u_808045e6ebe224e6,0,0,official,principal
5898,0,0,1.626746312594083e-08,probability_native,1.626746312594083e-08,u_808045e6ebe224e6,0,0,official,principal
1629,0,0,3.648405847592024e-11,probability_native,3.648405847592024e-11,u_808045e6ebe224e6,0,0,official,principal
5021,0,0,0.00027573754043229556,probability_native,0.00027573754043229556,u_808045e6ebe224e6,0,0,official,principal
5636,1,1,0.9767950348293083,probability_native,0.9767950348293083,u_808045e6ebe224e6,0,0,official,principal
1432,0,0,0.0006519654519237351,probability_native,0.0006519654519237351,u_808045e6ebe224e6,0,0,official,principal
4211,1,1,0.9960621013307519,probability_native,0.9960621013307519,u_808045e6ebe224e6,0,0,official,principal
1780,1,0,1.1366390275919944e-06,probability_native,1.1366390275919944e-06,u_808045e6ebe224e6,0,0,official,principal
5575,0,0,9.104138368994049e-07,probability_native,9.104138368994049e-07,u_808045e6ebe224e6,0,0,official,principal
62,0,0,2.963715140921043e-12,probability_native,2.963715140921043e-12,u_808045e6ebe224e6,0,0,official,principal
1031,0,0,0.24512429164484678,probability_native,0.24512429164484678,u_808045e6ebe224e6,0,0,official,principal
3439,1,0,3.802441438024587e-08,probability_native,3.802441438024587e-08,u_808045e6ebe224e6,0,0,official,principal
3902,0,0,0.047055212980821375,probability_native,0.047055212980821375,u_808045e6ebe224e6,0,0,official,principal
6212,0,0,0.35638082530439,probability_native,0.35638082530439,u_808045e6ebe224e6,0,0,official,principal
65,0,1,0.9959548127909856,probability_native,0.9959548127909856,u_808045e6ebe224e6,0,0,official,principal
2459,0,0,0.0002804836901715398,probability_native,0.0002804836901715398,u_808045e6ebe224e6,0,0,official,principal
6233,0,0,0.0005017628636527114,probability_native,0.0005017628636527114,u_808045e6ebe224e6,0,0,official,principal
4875,1,1,0.6431803850166007,probability_native,0.6431803850166007,u_808045e6ebe224e6,0,0,official,principal
3415,1,0,0.08147880886708744,probability_native,0.08147880886708744,u_808045e6ebe224e6,0,0,official,principal
5796,0,0,1.7988948379190817e-12,probability_native,1.7988948379190817e-12,u_808045e6ebe224e6,0,0,official,principal
3725,1,1,0.9980945922545597,probability_native,0.9980945922545597,u_808045e6ebe224e6,0,0,official,principal
521,0,1,0.9992499586686225,probability_native,0.9992499586686225,u_808045e6ebe224e6,0,0,official,principal
3648,0,0,0.2624923056687198,probability_native,0.2624923056687198,u_808045e6ebe224e6,0,0,official,principal
6757,1,0,0.00015355957814559279,probability_native,0.00015355957814559279,u_808045e6ebe224e6,0,0,official,principal
340,0,1,0.7845973818783769,probability_native,0.7845973818783769,u_808045e6ebe224e6,0,0,official,principal
4899,1,1,0.954887734149179,probability_native,0.954887734149179,u_808045e6ebe224e6,0,0,official,principal
4383,0,0,7.319883168287923e-07,probability_native,7.319883168287923e-07,u_808045e6ebe224e6,0,0,official,principal
3796,1,1,0.9984234822223639,probability_native,0.9984234822223639,u_808045e6ebe224e6,0,0,official,principal
4021,1,0,0.00010296591829086255,probability_native,0.00010296591829086255,u_808045e6ebe224e6,0,0,official,principal
434,0,0,1.603152181519395e-11,probability_native,1.603152181519395e-11,u_808045e6ebe224e6,0,0,official,principal
4625,0,1,0.999875180372083,probability_native,0.999875180372083,u_808045e6ebe224e6,0,0,official,principal
4800,1,1,0.9999975835794938,probability_native,0.9999975835794938,u_808045e6ebe224e6,0,0,official,principal
98,0,0,7.021357713318883e-13,probability_native,7.021357713318883e-13,u_808045e6ebe224e6,0,0,official,principal
4410,0,1,0.9988632159772673,probability_native,0.9988632159772673,u_808045e6ebe224e6,0,0,official,principal
6381,0,0,4.838143742291866e-05,probability_native,4.838143742291866e-05,u_808045e6ebe224e6,0,0,official,principal
1291,1,1,0.9869688161830278,probability_native,0.9869688161830278,u_808045e6ebe224e6,0,0,official,principal
526,0,0,3.5482341340939e-13,probability_native,3.5482341340939e-13,u_808045e6ebe224e6,0,0,official,principal
5101,0,1,0.8492011282439891,probability_native,0.8492011282439891,u_808045e6ebe224e6,0,0,official,principal
822,0,1,0.8780736821208088,probability_native,0.8780736821208088,u_808045e6ebe224e6,0,0,official,principal
2788,0,0,1.7646858250579296e-05,probability_native,1.7646858250579296e-05,u_808045e6ebe224e6,0,0,official,principal
3641,0,0,9.773361547266887e-09,probability_native,9.773361547266887e-09,u_808045e6ebe224e6,0,0,official,principal
5732,0,1,0.9998490244850508,probability_native,0.9998490244850508,u_808045e6ebe224e6,0,0,official,principal
4809,0,0,0.003941463575816658,probability_native,0.003941463575816658,u_808045e6ebe224e6,0,0,official,principal
712,0,0,1.3471266339454048e-13,probability_native,1.3471266339454048e-13,u_808045e6ebe224e6,0,0,official,principal
6854,0,0,0.00043170675981670344,probability_native,0.00043170675981670344,u_808045e6ebe224e6,0,0,official,principal
2567,1,1,0.9846059260593956,probability_native,0.9846059260593956,u_808045e6ebe224e6,0,0,official,principal
5341,1,1,0.9998195673151655,probability_native,0.9998195673151655,u_808045e6ebe224e6,0,0,official,principal
3424,1,1,0.9999683156521428,probability_native,0.9999683156521428,u_808045e6ebe224e6,0,0,official,principal
2468,1,1,0.9931850918092305,probability_native,0.9931850918092305,u_808045e6ebe224e6,0,0,official,principal
5970,0,1,0.998908394065399,probability_native,0.998908394065399,u_808045e6ebe224e6,0,0,official,principal
692,0,0,1.000714764721446e-08,probability_native,1.000714764721446e-08,u_808045e6ebe224e6,0,0,official,principal
5857,1,1,0.990949177019227,probability_native,0.990949177019227,u_808045e6ebe224e6,0,0,official,principal
4109,1,1,0.9831548545448929,probability_native,0.9831548545448929,u_808045e6ebe224e6,0,0,official,principal
1074,0,0,0.0005836713216333006,probability_native,0.0005836713216333006,u_808045e6ebe224e6,0,0,official,principal
4229,0,0,3.4549800972228505e-12,probability_native,3.4549800972228505e-12,u_808045e6ebe224e6,0,0,official,principal
5475,1,0,0.02623139204700605,probability_native,0.02623139204700605,u_808045e6ebe224e6,0,0,official,principal
2226,0,0,3.784146904473375e-13,probability_native,3.784146904473375e-13,u_808045e6ebe224e6,0,0,official,principal
4358,0,1,0.5351017395681756,probability_native,0.5351017395681756,u_808045e6ebe224e6,0,0,official,principal
475,1,1,0.9997518728708001,probability_native,0.9997518728708001,u_808045e6ebe224e6,0,0,official,principal
7013,0,1,0.9951599792645834,probability_native,0.9951599792645834,u_808045e6ebe224e6,0,0,official,principal
6037,0,1,0.8572500493699932,probability_native,0.8572500493699932,u_808045e6ebe224e6,0,0,official,principal
2478,0,1,0.8839292088927879,probability_native,0.8839292088927879,u_808045e6ebe224e6,0,0,official,principal
32,0,0,4.308176180549132e-06,probability_native,4.308176180549132e-06,u_808045e6ebe224e6,0,0,official,principal
3804,0,1,0.9994100446768261,probability_native,0.9994100446768261,u_808045e6ebe224e6,0,0,official,principal
3585,0,0,0.007836130495722397,probability_native,0.007836130495722397,u_808045e6ebe224e6,0,0,official,principal
2266,0,0,0.01704533040617638,probability_native,0.01704533040617638,u_808045e6ebe224e6,0,0,official,principal
4006,0,0,9.101406455013262e-16,probability_native,9.101406455013262e-16,u_808045e6ebe224e6,0,0,official,principal
3731,0,1,0.999917677521739,probability_native,0.999917677521739,u_808045e6ebe224e6,0,0,official,principal
5505,0,0,2.4537037457286413e-06,probability_native,2.4537037457286413e-06,u_808045e6ebe224e6,0,0,official,principal
1942,0,0,3.108128040749245e-14,probability_native,3.108128040749245e-14,u_808045e6ebe224e6,0,0,official,principal
5951,0,0,0.46332704635842964,probability_native,0.46332704635842964,u_808045e6ebe224e6,0,0,official,principal
2109,0,0,4.572029324203005e-12,probability_native,4.572029324203005e-12,u_808045e6ebe224e6,0,0,official,principal
1157,0,0,0.017782714334695915,probability_native,0.017782714334695915,u_808045e6ebe224e6,0,0,official,principal
694,0,0,7.761566325232616e-05,probability_native,7.761566325232616e-05,u_808045e6ebe224e6,0,0,official,principal
4170,0,0,3.3967678604483092e-12,probability_native,3.3967678604483092e-12,u_808045e6ebe224e6,0,0,official,principal
988,0,0,2.1298386747624857e-05,probability_native,2.1298386747624857e-05,u_808045e6ebe224e6,0,0,official,principal
2807,0,0,3.7656516642681956e-07,probability_native,3.7656516642681956e-07,u_808045e6ebe224e6,0,0,official,principal
977,0,1,0.9996793977856505,probability_native,0.9996793977856505,u_808045e6ebe224e6,0,0,official,principal
1474,0,1,0.8391719874718039,probability_native,0.8391719874718039,u_808045e6ebe224e6,0,0,official,principal
455,0,1,0.9998306816233495,probability_native,0.9998306816233495,u_808045e6ebe224e6,0,0,official,principal
256,0,0,6.905132198700728e-14,probability_native,6.905132198700728e-14,u_808045e6ebe224e6,0,0,official,principal
637,0,0,8.672251811690213e-14,probability_native,8.672251811690213e-14,u_808045e6ebe224e6,0,0,official,principal
6822,1,1,0.990718248442517,probability_native,0.990718248442517,u_808045e6ebe224e6,0,0,official,principal
3196,0,0,5.293349910845991e-06,probability_native,5.293349910845991e-06,u_808045e6ebe224e6,0,0,official,principal
2019,1,0,0.048385152685764335,probability_native,0.048385152685764335,u_808045e6ebe224e6,0,0,official,principal
498,1,1,0.977423093288631,probability_native,0.977423093288631,u_808045e6ebe224e6,0,0,official,principal
1963,0,1,0.9971971884869947,probability_native,0.9971971884869947,u_808045e6ebe224e6,0,0,official,principal
4124,0,1,0.9999886281701243,probability_native,0.9999886281701243,u_808045e6ebe224e6,0,0,official,principal
1842,0,1,0.9597312722120032,probability_native,0.9597312722120032,u_808045e6ebe224e6,0,0,official,principal
1571,0,0,5.077499616526472e-05,probability_native,5.077499616526472e-05,u_808045e6ebe224e6,0,0,official,principal
1933,0,0,1.2851126940995761e-05,probability_native,1.2851126940995761e-05,u_808045e6ebe224e6,0,0,official,principal
1297,0,1,0.9997375371140728,probability_native,0.9997375371140728,u_808045e6ebe224e6,0,0,official,principal
3333,0,0,3.6438561143157393e-13,probability_native,3.6438561143157393e-13,u_808045e6ebe224e6,0,0,official,principal
6016,1,0,0.007995745435005886,probability_native,0.007995745435005886,u_808045e6ebe224e6,0,0,official,principal
5503,0,0,2.3774309982019164e-07,probability_native,2.3774309982019164e-07,u_808045e6ebe224e6,0,0,official,principal
1888,0,0,0.0529243833013391,probability_native,0.0529243833013391,u_808045e6ebe224e6,0,0,official,principal
4745,0,1,0.9996185461258167,probability_native,0.9996185461258167,u_808045e6ebe224e6,0,0,official,principal
6713,0,1,0.9973681152454174,probability_native,0.9973681152454174,u_808045e6ebe224e6,0,0,official,principal
5740,0,0,1.5212760024182753e-14,probability_native,1.5212760024182753e-14,u_808045e6ebe224e6,0,0,official,principal
2871,1,1,0.9998999057192091,probability_native,0.9998999057192091,u_808045e6ebe224e6,0,0,official,principal
4608,0,0,9.187736362379489e-08,probability_native,9.187736362379489e-08,u_808045e6ebe224e6,0,0,official,principal
5033,0,0,0.0022089554094367973,probability_native,0.0022089554094367973,u_808045e6ebe224e6,0,0,official,principal
2216,0,0,0.4713144317528643,probability_native,0.4713144317528643,u_808045e6ebe224e6,0,0,official,principal
3314,0,1,0.6062478006858876,probability_native,0.6062478006858876,u_808045e6ebe224e6,0,0,official,principal
1240,0,0,0.0012410471110064767,probability_native,0.0012410471110064767,u_808045e6ebe224e6,0,0,official,principal
320,1,0,0.00216254860068897,probability_native,0.00216254860068897,u_808045e6ebe224e6,0,0,official,principal
2058,0,0,6.849527040720084e-12,probability_native,6.849527040720084e-12,u_808045e6ebe224e6,0,0,official,principal
1628,0,1,0.9999291749754438,probability_native,0.9999291749754438,u_808045e6ebe224e6,0,0,official,principal
1726,0,1,0.9724429324819118,probability_native,0.9724429324819118,u_808045e6ebe224e6,0,0,official,principal
413,0,1,0.9632953017054541,probability_native,0.9632953017054541,u_808045e6ebe224e6,0,0,official,principal
5373,0,0,2.9350813846185155e-09,probability_native,2.9350813846185155e-09,u_808045e6ebe224e6,0,0,official,principal
3973,0,0,1.3378392266561559e-06,probability_native,1.3378392266561559e-06,u_808045e6ebe224e6,0,0,official,principal
3381,0,0,0.004164204921218312,probability_native,0.004164204921218312,u_808045e6ebe224e6,0,0,official,principal
1601,0,1,0.7385676162566687,probability_native,0.7385676162566687,u_808045e6ebe224e6,0,0,official,principal
6568,0,0,4.465893828363856e-14,probability_native,4.465893828363856e-14,u_808045e6ebe224e6,0,0,official,principal
2853,0,0,0.27767922408923895,probability_native,0.27767922408923895,u_808045e6ebe224e6,0,0,official,principal
820,0,1,0.8881357902604228,probability_native,0.8881357902604228,u_808045e6ebe224e6,0,0,official,principal
1538,1,1,0.9998012195053713,probability_native,0.9998012195053713,u_808045e6ebe224e6,0,0,official,principal
3507,0,0,0.00047796994258067726,probability_native,0.00047796994258067726,u_808045e6ebe224e6,0,0,official,principal
6223,1,1,0.9976292760326769,probability_native,0.9976292760326769,u_808045e6ebe224e6,0,0,official,principal
3373,1,1,0.9998292534187987,probability_native,0.9998292534187987,u_808045e6ebe224e6,0,0,official,principal
5765,1,0,0.000864959839677893,probability_native,0.000864959839677893,u_808045e6ebe224e6,0,0,official,principal
2055,0,0,0.05192271015526978,probability_native,0.05192271015526978,u_808045e6ebe224e6,0,0,official,principal
1698,0,0,5.054928078460153e-10,probability_native,5.054928078460153e-10,u_808045e6ebe224e6,0,0,official,principal
5568,0,0,0.008185408045813634,probability_native,0.008185408045813634,u_808045e6ebe224e6,0,0,official,principal
1124,0,1,0.9803644707254349,probability_native,0.9803644707254349,u_808045e6ebe224e6,0,0,official,principal
2140,1,0,0.28770982575799975,probability_native,0.28770982575799975,u_808045e6ebe224e6,0,0,official,principal
4240,1,1,0.9998917339794475,probability_native,0.9998917339794475,u_808045e6ebe224e6,0,0,official,principal
5345,1,1,0.9983692500147492,probability_native,0.9983692500147492,u_808045e6ebe224e6,0,0,official,principal
710,1,0,0.0005030611469204303,probability_native,0.0005030611469204303,u_808045e6ebe224e6,0,0,official,principal
1011,0,0,4.4549154741985545e-14,probability_native,4.4549154741985545e-14,u_808045e6ebe224e6,0,0,official,principal
4208,0,0,1.048227195816805e-05,probability_native,1.048227195816805e-05,u_808045e6ebe224e6,0,0,official,principal
4245,0,0,3.1844111003102655e-15,probability_native,3.1844111003102655e-15,u_808045e6ebe224e6,0,0,official,principal
3700,1,0,0.0027924765320445108,probability_native,0.0027924765320445108,u_808045e6ebe224e6,0,0,official,principal
3627,0,0,2.89442826340295e-06,probability_native,2.89442826340295e-06,u_808045e6ebe224e6,0,0,official,principal
4971,0,0,0.001551862715917932,probability_native,0.001551862715917932,u_808045e6ebe224e6,0,0,official,principal
3728,0,0,0.00017865029674556305,probability_native,0.00017865029674556305,u_808045e6ebe224e6,0,0,official,principal
2634,1,1,0.9989407320768915,probability_native,0.9989407320768915,u_808045e6ebe224e6,0,0,official,principal
2082,0,0,5.188611943144933e-05,probability_native,5.188611943144933e-05,u_808045e6ebe224e6,0,0,official,principal
1716,0,1,0.8944781414217281,probability_native,0.8944781414217281,u_808045e6ebe224e6,0,0,official,principal
3068,0,0,0.001034390244162727,probability_native,0.001034390244162727,u_808045e6ebe224e6,0,0,official,principal
494,0,0,0.0005459790915842659,probability_native,0.0005459790915842659,u_808045e6ebe224e6,0,0,official,principal
4304,0,0,3.218134399530649e-08,probability_native,3.218134399530649e-08,u_808045e6ebe224e6,0,0,official,principal
5139,0,0,1.64091778433466e-14,probability_native,1.64091778433466e-14,u_808045e6ebe224e6,0,0,official,principal
4412,0,0,1.4600525807380822e-06,probability_native,1.4600525807380822e-06,u_808045e6ebe224e6,0,0,official,principal
4671,1,1,0.9998964523505507,probability_native,0.9998964523505507,u_808045e6ebe224e6,0,0,official,principal
2719,0,0,5.675661578259658e-12,probability_native,5.675661578259658e-12,u_808045e6ebe224e6,0,0,official,principal
1177,0,0,8.131924073448584e-10,probability_native,8.131924073448584e-10,u_808045e6ebe224e6,0,0,official,principal
55,1,1,0.9999954031392979,probability_native,0.9999954031392979,u_808045e6ebe224e6,0,0,official,principal
1135,0,0,1.103705352959382e-10,probability_native,1.103705352959382e-10,u_808045e6ebe224e6,0,0,official,principal
5308,0,0,2.826626128464793e-12,probability_native,2.826626128464793e-12,u_808045e6ebe224e6,0,0,official,principal
4697,0,1,0.9707250921930952,probability_native,0.9707250921930952,u_808045e6ebe224e6,0,0,official,principal
1326,0,0,1.3186574573306872e-05,probability_native,1.3186574573306872e-05,u_808045e6ebe224e6,0,0,official,principal
3697,0,1,0.8285791868167476,probability_native,0.8285791868167476,u_808045e6ebe224e6,0,0,official,principal
5589,1,0,2.4139480863512266e-11,probability_native,2.4139480863512266e-11,u_808045e6ebe224e6,0,0,official,principal
4192,0,0,8.332985128885464e-06,probability_native,8.332985128885464e-06,u_808045e6ebe224e6,0,0,official,principal
5174,1,1,0.9987777618120531,probability_native,0.9987777618120531,u_808045e6ebe224e6,0,0,official,principal
6354,0,0,0.00012341635363419566,probability_native,0.00012341635363419566,u_808045e6ebe224e6,0,0,official,principal
551,0,0,1.6295524108237694e-12,probability_native,1.6295524108237694e-12,u_808045e6ebe224e6,0,0,official,principal
6662,0,0,6.424773147296009e-07,probability_native,6.424773147296009e-07,u_808045e6ebe224e6,0,0,official,principal
1370,0,0,1.1361833700839808e-11,probability_native,1.1361833700839808e-11,u_808045e6ebe224e6,0,0,official,principal
2928,0,0,1.4304679316587561e-12,probability_native,1.4304679316587561e-12,u_808045e6ebe224e6,0,0,official,principal
3270,0,1,0.994907980750286,probability_native,0.994907980750286,u_808045e6ebe224e6,0,0,official,principal
2328,0,1,0.9984376046847466,probability_native,0.9984376046847466,u_808045e6ebe224e6,0,0,official,principal
5836,0,0,4.184070112022367e-06,probability_native,4.184070112022367e-06,u_808045e6ebe224e6,0,0,official,principal
925,0,0,0.0025498849669011127,probability_native,0.0025498849669011127,u_808045e6ebe224e6,0,0,official,principal
1819,0,0,7.684633949906359e-14,probability_native,7.684633949906359e-14,u_808045e6ebe224e6,0,0,official,principal
546,1,1,0.7670835620554742,probability_native,0.7670835620554742,u_808045e6ebe224e6,0,0,official,principal
2101,1,0,0.06201002287276801,probability_native,0.06201002287276801,u_808045e6ebe224e6,0,0,official,principal
828,1,0,0.010199499496553726,probability_native,0.010199499496553726,u_808045e6ebe224e6,0,0,official,principal
335,1,0,7.739665723708461e-05,probability_native,7.739665723708461e-05,u_808045e6ebe224e6,0,0,official,principal
4,1,1,0.9999199516122904,probability_native,0.9999199516122904,u_808045e6ebe224e6,0,0,official,principal
6421,0,0,1.6743374487383293e-11,probability_native,1.6743374487383293e-11,u_808045e6ebe224e6,0,0,official,principal
5785,0,0,4.775768625214224e-14,probability_native,4.775768625214224e-14,u_808045e6ebe224e6,0,0,official,principal
5243,0,0,0.05857525558800949,probability_native,0.05857525558800949,u_808045e6ebe224e6,0,0,official,principal
6372,0,0,9.318385059111041e-15,probability_native,9.318385059111041e-15,u_808045e6ebe224e6,0,0,official,principal
6542,1,1,0.9981006827542617,probability_native,0.9981006827542617,u_808045e6ebe224e6,0,0,official,principal
2048,1,1,0.9999299382808735,probability_native,0.9999299382808735,u_808045e6ebe224e6,0,0,official,principal
440,0,1,0.7875948242063435,probability_native,0.7875948242063435,u_808045e6ebe224e6,0,0,official,principal
4913,0,0,4.509613261242238e-11,probability_native,4.509613261242238e-11,u_808045e6ebe224e6,0,0,official,principal
3233,0,1,0.9928762503087798,probability_native,0.9928762503087798,u_808045e6ebe224e6,0,0,official,principal
2476,0,0,4.164481880943226e-12,probability_native,4.164481880943226e-12,u_808045e6ebe224e6,0,0,official,principal
1535,0,1,0.7984796203013418,probability_native,0.7984796203013418,u_808045e6ebe224e6,0,0,official,principal
4418,1,0,5.996185166239709e-06,probability_native,5.996185166239709e-06,u_808045e6ebe224e6,0,0,official,principal
2027,0,0,9.633302585146162e-07,probability_native,9.633302585146162e-07,u_808045e6ebe224e6,0,0,official,principal
3532,1,1,0.9988451677692847,probability_native,0.9988451677692847,u_808045e6ebe224e6,0,0,official,principal
3254,0,1,0.9999802219692903,probability_native,0.9999802219692903,u_808045e6ebe224e6,0,0,official,principal
2933,0,0,6.88128938788131e-14,probability_native,6.88128938788131e-14,u_808045e6ebe224e6,0,0,official,principal
3060,0,0,0.001468102454347048,probability_native,0.001468102454347048,u_808045e6ebe224e6,0,0,official,principal
108,0,0,0.307035506562371,probability_native,0.307035506562371,u_808045e6ebe224e6,0,0,official,principal
1332,0,0,3.33635850672211e-13,probability_native,3.33635850672211e-13,u_808045e6ebe224e6,0,0,official,principal
4580,0,0,2.0993448317310052e-15,probability_native,2.0993448317310052e-15,u_808045e6ebe224e6,0,0,official,principal
5751,0,0,3.2789976733029265e-14,probability_native,3.2789976733029265e-14,u_808045e6ebe224e6,0,0,official,principal
2160,0,0,1.0060532223180375e-12,probability_native,1.0060532223180375e-12,u_808045e6ebe224e6,0,0,official,principal
6060,0,1,0.9999867664445669,probability_native,0.9999867664445669,u_808045e6ebe224e6,0,0,official,principal
5201,0,0,0.00037063019761485053,probability_native,0.00037063019761485053,u_808045e6ebe224e6,0,0,official,principal
505,1,1,0.99997366677807,probability_native,0.99997366677807,u_808045e6ebe224e6,0,0,official,principal
4476,1,0,0.0005587264978741736,probability_native,0.0005587264978741736,u_808045e6ebe224e6,0,0,official,principal
97,1,0,0.000577406507772906,probability_native,0.000577406507772906,u_808045e6ebe224e6,0,0,official,principal
512,1,1,0.9999769743383649,probability_native,0.9999769743383649,u_808045e6ebe224e6,0,0,official,principal
2326,0,0,9.271716512465358e-06,probability_native,9.271716512465358e-06,u_808045e6ebe224e6,0,0,official,principal
4961,0,1,0.9618843276350519,probability_native,0.9618843276350519,u_808045e6ebe224e6,0,0,official,principal
4981,1,1,0.9970643981762328,probability_native,0.9970643981762328,u_808045e6ebe224e6,0,0,official,principal
6918,1,0,0.09395779093832965,probability_native,0.09395779093832965,u_808045e6ebe224e6,0,0,official,principal
1311,0,0,4.6157328568331626e-05,probability_native,4.6157328568331626e-05,u_808045e6ebe224e6,0,0,official,principal
4104,0,1,0.9612309546486529,probability_native,0.9612309546486529,u_808045e6ebe224e6,0,0,official,principal
3005,0,0,0.008132409139273796,probability_native,0.008132409139273796,u_808045e6ebe224e6,0,0,official,principal
4794,0,0,0.000577975175835508,probability_native,0.000577975175835508,u_808045e6ebe224e6,0,0,official,principal
3055,1,0,0.13422382296103363,probability_native,0.13422382296103363,u_808045e6ebe224e6,0,0,official,principal
1662,1,1,0.9998967115590933,probability_native,0.9998967115590933,u_808045e6ebe224e6,0,0,official,principal
2857,0,0,4.5874025783022606e-11,probability_native,4.5874025783022606e-11,u_808045e6ebe224e6,0,0,official,principal
2174,0,0,3.749006833506291e-07,probability_native,3.749006833506291e-07,u_808045e6ebe224e6,0,0,official,principal
6390,0,0,0.0008191479633059679,probability_native,0.0008191479633059679,u_808045e6ebe224e6,0,0,official,principal
362,0,0,0.00013123323074390163,probability_native,0.00013123323074390163,u_808045e6ebe224e6,0,0,official,principal
4624,1,1,0.9999541607615778,probability_native,0.9999541607615778,u_808045e6ebe224e6,0,0,official,principal
46,0,1,0.7889441711284381,probability_native,0.7889441711284381,u_808045e6ebe224e6,0,0,official,principal
236,0,0,6.554171608781193e-10,probability_native,6.554171608781193e-10,u_808045e6ebe224e6,0,0,official,principal
3460,0,0,0.20284198921059554,probability_native,0.20284198921059554,u_808045e6ebe224e6,0,0,official,principal
2910,0,0,2.5782286931943032e-14,probability_native,2.5782286931943032e-14,u_808045e6ebe224e6,0,0,official,principal
5135,0,0,0.011193718183510499,probability_native,0.011193718183510499,u_808045e6ebe224e6,0,0,official,principal
6340,0,1,0.8196034534002834,probability_native,0.8196034534002834,u_808045e6ebe224e6,0,0,official,principal
95,1,1,0.9989103598507904,probability_native,0.9989103598507904,u_808045e6ebe224e6,0,0,official,principal
3853,0,1,0.9829170846053522,probability_native,0.9829170846053522,u_808045e6ebe224e6,0,0,official,principal
5157,0,0,2.3443684062294693e-11,probability_native,2.3443684062294693e-11,u_808045e6ebe224e6,0,0,official,principal
6366,0,0,8.139457126117888e-11,probability_native,8.139457126117888e-11,u_808045e6ebe224e6,0,0,official,principal
5023,1,1,0.999914104565269,probability_native,0.999914104565269,u_808045e6ebe224e6,0,0,official,principal
2898,0,0,2.438538054161295e-10,probability_native,2.438538054161295e-10,u_808045e6ebe224e6,0,0,official,principal
4241,1,0,0.006227330076270583,probability_native,0.006227330076270583,u_808045e6ebe224e6,0,0,official,principal
1082,0,0,1.4537250285989787e-13,probability_native,1.4537250285989787e-13,u_808045e6ebe224e6,0,0,official,principal
3760,0,1,0.9794886381418354,probability_native,0.9794886381418354,u_808045e6ebe224e6,0,0,official,principal
1427,0,1,0.9992696928325547,probability_native,0.9992696928325547,u_808045e6ebe224e6,0,0,official,principal
1071,1,1,0.6661425773838217,probability_native,0.6661425773838217,u_808045e6ebe224e6,0,0,official,principal
2944,0,0,0.1478285021577444,probability_native,0.1478285021577444,u_808045e6ebe224e6,0,0,official,principal
919,0,0,0.14883491445439542,probability_native,0.14883491445439542,u_808045e6ebe224e6,0,0,official,principal
5271,0,0,0.2678753751838069,probability_native,0.2678753751838069,u_808045e6ebe224e6,0,0,official,principal
4967,1,1,0.9950234465258396,probability_native,0.9950234465258396,u_808045e6ebe224e6,0,0,official,principal
3452,0,1,0.9655092466148857,probability_native,0.9655092466148857,u_808045e6ebe224e6,0,0,official,principal
7032,1,1,0.999992502877326,probability_native,0.999992502877326,u_808045e6ebe224e6,0,0,official,principal
1455,0,0,5.992206650464922e-11,probability_native,5.992206650464922e-11,u_808045e6ebe224e6,0,0,official,principal
3330,1,1,0.9998918056681357,probability_native,0.9998918056681357,u_808045e6ebe224e6,0,0,official,principal
2429,0,0,0.0011380046935788458,probability_native,0.0011380046935788458,u_808045e6ebe224e6,0,0,official,principal
2187,0,0,8.012403132854524e-11,probability_native,8.012403132854524e-11,u_808045e6ebe224e6,0,0,official,principal
5776,0,0,9.861685415927073e-12,probability_native,9.861685415927073e-12,u_808045e6ebe224e6,0,0,official,principal
6449,0,0,0.0005030611469204303,probability_native,0.0005030611469204303,u_808045e6ebe224e6,0,0,official,principal
3247,0,0,7.341793390793061e-10,probability_native,7.341793390793061e-10,u_808045e6ebe224e6,0,0,official,principal
4499,1,1,0.9884831148278402,probability_native,0.9884831148278402,u_808045e6ebe224e6,0,0,official,principal
927,1,1,0.9996597632440248,probability_native,0.9996597632440248,u_808045e6ebe224e6,0,0,official,principal
5343,0,0,2.712329886023556e-13,probability_native,2.712329886023556e-13,u_808045e6ebe224e6,0,0,official,principal
7040,0,0,0.14938188610458544,probability_native,0.14938188610458544,u_808045e6ebe224e6,0,0,official,principal
2925,0,0,0.000271993177450629,probability_native,0.000271993177450629,u_808045e6ebe224e6,0,0,official,principal
6698,0,0,0.0072780777273582335,probability_native,0.0072780777273582335,u_808045e6ebe224e6,0,0,official,principal
6582,0,0,3.990256697199939e-11,probability_native,3.990256697199939e-11,u_808045e6ebe224e6,0,0,official,principal
2784,1,1,0.9704543226368113,probability_native,0.9704543226368113,u_808045e6ebe224e6,0,0,official,principal
3990,0,1,0.9999643326247515,probability_native,0.9999643326247515,u_808045e6ebe224e6,0,0,official,principal
3223,0,0,0.021351753915627977,probability_native,0.021351753915627977,u_808045e6ebe224e6,0,0,official,principal
2176,0,0,1.3271599854876965e-15,probability_native,1.3271599854876965e-15,u_808045e6ebe224e6,0,0,official,principal
160,0,1,0.7357868551987059,probability_native,0.7357868551987059,u_808045e6ebe224e6,0,0,official,principal
806,0,0,0.046273031989114394,probability_native,0.046273031989114394,u_808045e6ebe224e6,0,0,official,principal
1708,1,1,0.9964559167182797,probability_native,0.9964559167182797,u_808045e6ebe224e6,0,0,official,principal
5925,0,0,0.44998557558424096,probability_native,0.44998557558424096,u_808045e6ebe224e6,0,0,official,principal
3539,1,1,0.9693055388226997,probability_native,0.9693055388226997,u_808045e6ebe224e6,0,0,official,principal
5760,0,1,0.9996295949440042,probability_native,0.9996295949440042,u_808045e6ebe224e6,0,0,official,principal
7025,0,1,0.9941566633933915,probability_native,0.9941566633933915,u_808045e6ebe224e6,0,0,official,principal
4979,0,0,4.650465366344453e-14,probability_native,4.650465366344453e-14,u_808045e6ebe224e6,0,0,official,principal
258,1,1,0.5643459325538009,probability_native,0.5643459325538009,u_808045e6ebe224e6,0,0,official,principal
2313,0,0,0.0004628927493555104,probability_native,0.0004628927493555104,u_808045e6ebe224e6,0,0,official,principal
4768,0,0,1.5415917377914286e-15,probability_native,1.5415917377914286e-15,u_808045e6ebe224e6,0,0,official,principal
6401,1,0,0.022482678505332792,probability_native,0.022482678505332792,u_808045e6ebe224e6,0,0,official,principal
1889,0,1,0.5617657293412611,probability_native,0.5617657293412611,u_808045e6ebe224e6,0,0,official,principal
3914,0,0,1.1589610384870187e-06,probability_native,1.1589610384870187e-06,u_808045e6ebe224e6,0,0,official,principal
5220,0,0,1.7963211730524796e-05,probability_native,1.7963211730524796e-05,u_808045e6ebe224e6,0,0,official,principal
1924,0,1,0.9938835677519899,probability_native,0.9938835677519899,u_808045e6ebe224e6,0,0,official,principal
3458,1,1,0.9995690545125795,probability_native,0.9995690545125795,u_808045e6ebe224e6,0,0,official,principal
3901,0,0,6.681057758868176e-10,probability_native,6.681057758868176e-10,u_808045e6ebe224e6,0,0,official,principal
6743,0,0,0.07341829635343021,probability_native,0.07341829635343021,u_808045e6ebe224e6,0,0,official,principal
5758,0,0,2.778888542280417e-06,probability_native,2.778888542280417e-06,u_808045e6ebe224e6,0,0,official,principal
392,0,1,0.9997610216804397,probability_native,0.9997610216804397,u_808045e6ebe224e6,0,0,official,principal
6528,0,0,2.522390945712149e-16,probability_native,2.522390945712149e-16,u_808045e6ebe224e6,0,0,official,principal
5664,1,1,0.998038581309415,probability_native,0.998038581309415,u_808045e6ebe224e6,0,0,official,principal
2818,1,0,0.040411182411477536,probability_native,0.040411182411477536,u_808045e6ebe224e6,0,0,official,principal
2411,0,0,1.7385541326053492e-10,probability_native,1.7385541326053492e-10,u_808045e6ebe224e6,0,0,official,principal
5781,0,1,0.9977779262694103,probability_native,0.9977779262694103,u_808045e6ebe224e6,0,0,official,principal
5949,0,0,0.06848722503856661,probability_native,0.06848722503856661,u_808045e6ebe224e6,0,0,official,principal
1659,0,0,3.2636467644982886e-13,probability_native,3.2636467644982886e-13,u_808045e6ebe224e6,0,0,official,principal
347,0,0,6.459337287209819e-14,probability_native,6.459337287209819e-14,u_808045e6ebe224e6,0,0,official,principal
4142,0,0,7.798303173618397e-07,probability_native,7.798303173618397e-07,u_808045e6ebe224e6,0,0,official,principal
2417,0,1,0.5041849266116366,probability_native,0.5041849266116366,u_808045e6ebe224e6,0,0,official,principal
373,0,0,3.8168092798098014e-05,probability_native,3.8168092798098014e-05,u_808045e6ebe224e6,0,0,official,principal
6921,0,1,0.9849936492180832,probability_native,0.9849936492180832,u_808045e6ebe224e6,0,0,official,principal
5543,0,1,0.9978849798509994,probability_native,0.9978849798509994,u_808045e6ebe224e6,0,0,official,principal
4032,0,1,0.936413833337749,probability_native,0.936413833337749,u_808045e6ebe224e6,0,0,official,principal
6261,0,0,1.3769972184841525e-14,probability_native,1.3769972184841525e-14,u_808045e6ebe224e6,0,0,official,principal
2623,0,0,0.15179938193942116,probability_native,0.15179938193942116,u_808045e6ebe224e6,0,0,official,principal
6843,1,1,0.8580472083020623,probability_native,0.8580472083020623,u_808045e6ebe224e6,0,0,official,principal
1618,1,1,0.9999827586144057,probability_native,0.9999827586144057,u_808045e6ebe224e6,0,0,official,principal
6917,0,0,6.407000238030644e-10,probability_native,6.407000238030644e-10,u_808045e6ebe224e6,0,0,official,principal
1605,0,0,3.6880064219091896e-14,probability_native,3.6880064219091896e-14,u_808045e6ebe224e6,0,0,official,principal
6963,0,1,0.7680117688243351,probability_native,0.7680117688243351,u_808045e6ebe224e6,0,0,official,principal
6493,0,0,0.026032007278749904,probability_native,0.026032007278749904,u_808045e6ebe224e6,0,0,official,principal
3000,1,1,0.9999594146521252,probability_native,0.9999594146521252,u_808045e6ebe224e6,0,0,official,principal
1665,0,1,0.9999304460569682,probability_native,0.9999304460569682,u_808045e6ebe224e6,0,0,official,principal
4232,1,1,0.9980373619949848,probability_native,0.9980373619949848,u_808045e6ebe224e6,0,0,official,principal
812,0,0,6.5715004892724375e-12,probability_native,6.5715004892724375e-12,u_808045e6ebe224e6,0,0,official,principal
5850,1,1,0.9825994149767446,probability_native,0.9825994149767446,u_808045e6ebe224e6,0,0,official,principal
5227,0,1,0.9999059288127558,probability_native,0.9999059288127558,u_808045e6ebe224e6,0,0,official,principal
992,0,0,9.422003050137574e-15,probability_native,9.422003050137574e-15,u_808045e6ebe224e6,0,0,official,principal
5782,1,1,0.9999876922970491,probability_native,0.9999876922970491,u_808045e6ebe224e6,0,0,official,principal
5144,0,1,0.9906330688002289,probability_native,0.9906330688002289,u_808045e6ebe224e6,0,0,official,principal
5506,0,0,0.0005356050103008293,probability_native,0.0005356050103008293,u_808045e6ebe224e6,0,0,official,principal
5693,0,0,1.5561056330794241e-09,probability_native,1.5561056330794241e-09,u_808045e6ebe224e6,0,0,official,principal
6540,0,0,0.037600030614843426,probability_native,0.037600030614843426,u_808045e6ebe224e6,0,0,official,principal
3396,0,0,9.330424286214466e-06,probability_native,9.330424286214466e-06,u_808045e6ebe224e6,0,0,official,principal
1551,0,0,1.7872418047918898e-12,probability_native,1.7872418047918898e-12,u_808045e6ebe224e6,0,0,official,principal
3873,0,0,2.863775552466155e-13,probability_native,2.863775552466155e-13,u_808045e6ebe224e6,0,0,official,principal
6649,0,0,2.9870573220312713e-06,probability_native,2.9870573220312713e-06,u_808045e6ebe224e6,0,0,official,principal
316,0,0,2.3321744276978612e-14,probability_native,2.3321744276978612e-14,u_808045e6ebe224e6,0,0,official,principal
5894,1,1,0.9028061562838184,probability_native,0.9028061562838184,u_808045e6ebe224e6,0,0,official,principal
341,0,0,1.1081859261139458e-13,probability_native,1.1081859261139458e-13,u_808045e6ebe224e6,0,0,official,principal
1471,0,1,0.7504963397172254,probability_native,0.7504963397172254,u_808045e6ebe224e6,0,0,official,principal
3488,0,1,0.9590543662603862,probability_native,0.9590543662603862,u_808045e6ebe224e6,0,0,official,principal
7012,0,0,4.879963240246145e-10,probability_native,4.879963240246145e-10,u_808045e6ebe224e6,0,0,official,principal
2052,0,1,0.9919843233535746,probability_native,0.9919843233535746,u_808045e6ebe224e6,0,0,official,principal
5916,0,0,1.437955885176013e-12,probability_native,1.437955885176013e-12,u_808045e6ebe224e6,0,0,official,principal
5293,0,0,0.09288440502601536,probability_native,0.09288440502601536,u_808045e6ebe224e6,0,0,official,principal
6084,0,1,0.9984726183969145,probability_native,0.9984726183969145,u_808045e6ebe224e6,0,0,official,principal
4246,0,0,3.116776671173343e-10,probability_native,3.116776671173343e-10,u_808045e6ebe224e6,0,0,official,principal
1093,0,0,8.019465822325193e-12,probability_native,8.019465822325193e-12,u_808045e6ebe224e6,0,0,official,principal
6695,0,0,4.374191805543273e-14,probability_native,4.374191805543273e-14,u_808045e6ebe224e6,0,0,official,principal
2220,0,0,1.9398721681416277e-11,probability_native,1.9398721681416277e-11,u_808045e6ebe224e6,0,0,official,principal
4369,1,1,0.9048838710547685,probability_native,0.9048838710547685,u_808045e6ebe224e6,0,0,official,principal
2071,0,0,1.291029607744345e-12,probability_native,1.291029607744345e-12,u_808045e6ebe224e6,0,0,official,principal
863,1,1,0.999949954258769,probability_native,0.999949954258769,u_808045e6ebe224e6,0,0,official,principal
544,1,0,0.008847934175832678,probability_native,0.008847934175832678,u_808045e6ebe224e6,0,0,official,principal
5830,0,0,1.3284977368206556e-06,probability_native,1.3284977368206556e-06,u_808045e6ebe224e6,0,0,official,principal
313,0,1,0.9999678559950678,probability_native,0.9999678559950678,u_808045e6ebe224e6,0,0,official,principal
649,0,1,0.9790796000106937,probability_native,0.9790796000106937,u_808045e6ebe224e6,0,0,official,principal
5388,1,0,2.1780296402122103e-05,probability_native,2.1780296402122103e-05,u_808045e6ebe224e6,0,0,official,principal
161,1,1,0.984888113607105,probability_native,0.984888113607105,u_808045e6ebe224e6,0,0,official,principal
3331,0,0,6.376681569517211e-14,probability_native,6.376681569517211e-14,u_808045e6ebe224e6,0,0,official,principal
5189,0,1,0.9936148236064244,probability_native,0.9936148236064244,u_808045e6ebe224e6,0,0,official,principal
4532,1,1,0.999828329130812,probability_native,0.999828329130812,u_808045e6ebe224e6,0,0,official,principal
4635,0,0,5.3133812867420267e-14,probability_native,5.3133812867420267e-14,u_808045e6ebe224e6,0,0,official,principal
3194,1,0,0.14750927795529767,probability_native,0.14750927795529767,u_808045e6ebe224e6,0,0,official,principal
