row_id,y_true,y_pred,score_positive,score_type,probability_native,unit_id,outer_fold,replicate,purpose,variant
2666,0,0,0.050546556254104716,probability_native,0.050546556254104716,u_35565c32e493fbab,3,1,official,principal
189,0,0,0.26960437045541275,probability_native,0.26960437045541275,u_35565c32e493fbab,3,1,official,principal
2257,0,0,0.1384128451086004,probability_native,0.1384128451086004,u_35565c32e493fbab,3,1,official,principal
2641,0,0,0.33521125494709003,probability_native,0.33521125494709003,u_35565c32e493fbab,3,1,official,principal
328,0,1,0.6442200915186213,probability_native,0.6442200915186213,u_35565c32e493fbab,3,1,official,principal
6321,1,0,0.15999588195422812,probability_native,0.15999588195422812,u_35565c32e493fbab,3,1,official,principal
785,1,1,0.5547328319265841,probability_native,0.5547328319265841,u_35565c32e493fbab,3,1,official,principal
3253,0,1,0.5880935092100521,probability_native,0.5880935092100521,u_35565c32e493fbab,3,1,official,principal
4097,0,0,0.32367216935362886,probability_native,0.32367216935362886,u_35565c32e493fbab,3,1,official,principal
2444,1,1,0.8332596018811919,probability_native,0.8332596018811919,u_35565c32e493fbab,3,1,official,principal
5442,0,0,0.017730325006833532,probability_native,0.017730325006833532,u_35565c32e493fbab,3,1,official,principal
2399,0,1,0.7760284141740985,probability_native,0.7760284141740985,u_35565c32e493fbab,3,1,official,principal
6746,1,0,0.4184522870464721,probability_native,0.4184522870464721,u_35565c32e493fbab,3,1,official,principal
4319,0,0,0.25982492283787745,probability_native,0.25982492283787745,u_35565c32e493fbab,3,1,official,principal
155,0,1,0.7406608550528369,probability_native,0.7406608550528369,u_35565c32e493fbab,3,1,official,principal
5840,0,0,0.06004161316730729,probability_native,0.06004161316730729,u_35565c32e493fbab,3,1,official,principal
1491,0,0,0.37359701098953424,probability_native,0.37359701098953424,u_35565c32e493fbab,3,1,official,principal
3457,0,0,0.45397106025022743,probability_native,0.45397106025022743,u_35565c32e493fbab,3,1,official,principal
5229,1,1,0.6500096300722797,probability_native,0.6500096300722797,u_35565c32e493fbab,3,1,official,principal
777,1,1,0.8763592343547515,probability_native,0.8763592343547515,u_35565c32e493fbab,3,1,official,principal
3218,0,0,0.1408760176534568,probability_native,0.1408760176534568,u_35565c32e493fbab,3,1,official,principal
6437,0,0,0.10226017889967434,probability_native,0.10226017889967434,u_35565c32e493fbab,3,1,official,principal
1019,0,0,0.2534791209052145,probability_native,0.2534791209052145,u_35565c32e493fbab,3,1,official,principal
830,1,0,0.3674811630334306,probability_native,0.3674811630334306,u_35565c32e493fbab,3,1,official,principal
5993,0,1,0.7950032512808475,probability_native,0.7950032512808475,u_35565c32e493fbab,3,1,official,principal
6627,0,0,0.033893175911922695,probability_native,0.033893175911922695,u_35565c32e493fbab,3,1,official,principal
2247,0,0,0.029171353111850973,probability_native,0.029171353111850973,u_35565c32e493fbab,3,1,official,principal
556,0,0,0.3671211575401093,probability_native,0.3671211575401093,u_35565c32e493fbab,3,1,official,principal
4820,0,0,0.11775660575359104,probability_native,0.11775660575359104,u_35565c32e493fbab,3,1,official,principal
3908,0,0,0.1861028372140936,probability_native,0.1861028372140936,u_35565c32e493fbab,3,1,official,principal
3567,1,1,0.6324588301869056,probability_native,0.6324588301869056,u_35565c32e493fbab,3,1,official,principal
2833,0,0,0.030948428471589635,probability_native,0.030948428471589635,u_35565c32e493fbab,3,1,official,principal
4536,1,1,0.8586403968144906,probability_native,0.8586403968144906,u_35565c32e493fbab,3,1,official,principal
3780,0,0,0.0445314834598361,probability_native,0.0445314834598361,u_35565c32e493fbab,3,1,official,principal
6576,0,0,0.3660119140579313,probability_native,0.3660119140579313,u_35565c32e493fbab,3,1,official,principal
4432,0,0,0.08605300113574918,probability_native,0.08605300113574918,u_35565c32e493fbab,3,1,official,principal
1428,1,1,0.7827985267330327,probability_native,0.7827985267330327,u_35565c32e493fbab,3,1,official,principal
5777,0,0,0.019557911903069262,probability_native,0.019557911903069262,u_35565c32e493fbab,3,1,official,principal
6031,0,1,0.5719909199454171,probability_native,0.5719909199454171,u_35565c32e493fbab,3,1,official,principal
4909,0,0,0.07221945569804802,probability_native,0.07221945569804802,u_35565c32e493fbab,3,1,official,principal
2195,0,0,0.1323615207491287,probability_native,0.1323615207491287,u_35565c32e493fbab,3,1,official,principal
3815,1,1,0.8670445774077306,probability_native,0.8670445774077306,u_35565c32e493fbab,3,1,official,principal
4200,0,0,0.042730731190474415,probability_native,0.042730731190474415,u_35565c32e493fbab,3,1,official,principal
5851,0,0,0.45382093600012563,probability_native,0.45382093600012563,u_35565c32e493fbab,3,1,official,principal
1097,1,1,0.6975108834882952,probability_native,0.6975108834882952,u_35565c32e493fbab,3,1,official,principal
6480,0,0,0.34997663139825513,probability_native,0.34997663139825513,u_35565c32e493fbab,3,1,official,principal
2749,0,0,0.33701210012587723,probability_native,0.33701210012587723,u_35565c32e493fbab,3,1,official,principal
859,0,0,0.04007251836499618,probability_native,0.04007251836499618,u_35565c32e493fbab,3,1,official,principal
4357,0,0,0.2436795798450302,probability_native,0.2436795798450302,u_35565c32e493fbab,3,1,official,principal
6806,0,0,0.03422035034920132,probability_native,0.03422035034920132,u_35565c32e493fbab,3,1,official,principal
1950,1,0,0.4572306145745676,probability_native,0.4572306145745676,u_35565c32e493fbab,3,1,official,principal
6100,1,1,0.8059116783232089,probability_native,0.8059116783232089,u_35565c32e493fbab,3,1,official,principal
6729,0,0,0.05606189569269966,probability_native,0.05606189569269966,u_35565c32e493fbab,3,1,official,principal
1205,1,1,0.8824832268303199,probability_native,0.8824832268303199,u_35565c32e493fbab,3,1,official,principal
2078,0,0,0.2527297235020266,probability_native,0.2527297235020266,u_35565c32e493fbab,3,1,official,principal
5473,0,1,0.5550297461590081,probability_native,0.5550297461590081,u_35565c32e493fbab,3,1,official,principal
5714,1,1,0.8901548048435013,probability_native,0.8901548048435013,u_35565c32e493fbab,3,1,official,principal
6335,0,1,0.6791505957218485,probability_native,0.6791505957218485,u_35565c32e493fbab,3,1,official,principal
6635,0,0,0.1334927384397372,probability_native,0.1334927384397372,u_35565c32e493fbab,3,1,official,principal
246,0,0,0.2500302407392908,probability_native,0.2500302407392908,u_35565c32e493fbab,3,1,official,principal
3292,0,1,0.76884182435894,probability_native,0.76884182435894,u_35565c32e493fbab,3,1,official,principal
543,1,1,0.8231048489616567,probability_native,0.8231048489616567,u_35565c32e493fbab,3,1,official,principal
5424,0,0,0.12992284149278388,probability_native,0.12992284149278388,u_35565c32e493fbab,3,1,official,principal
4364,0,0,0.0430142358191533,probability_native,0.0430142358191533,u_35565c32e493fbab,3,1,official,principal
669,0,0,0.05484203347657748,probability_native,0.05484203347657748,u_35565c32e493fbab,3,1,official,principal
27,1,1,0.7175555097078314,probability_native,0.7175555097078314,u_35565c32e493fbab,3,1,official,principal
3681,1,1,0.8014021736387757,probability_native,0.8014021736387757,u_35565c32e493fbab,3,1,official,principal
6873,0,0,0.04749695309133676,probability_native,0.04749695309133676,u_35565c32e493fbab,3,1,official,principal
7030,0,0,0.4446216042907084,probability_native,0.4446216042907084,u_35565c32e493fbab,3,1,official,principal
2909,0,0,0.1498853349734282,probability_native,0.1498853349734282,u_35565c32e493fbab,3,1,official,principal
4123,0,1,0.5091989030829602,probability_native,0.5091989030829602,u_35565c32e493fbab,3,1,official,principal
4780,0,1,0.6981373790738559,probability_native,0.6981373790738559,u_35565c32e493fbab,3,1,official,principal
5611,0,1,0.552404187857778,probability_native,0.552404187857778,u_35565c32e493fbab,3,1,official,principal
7037,0,0,0.012159248680198742,probability_native,0.012159248680198742,u_35565c32e493fbab,3,1,official,principal
6724,1,0,0.032644858093323216,probability_native,0.032644858093323216,u_35565c32e493fbab,3,1,official,principal
3259,0,1,0.683112927937936,probability_native,0.683112927937936,u_35565c32e493fbab,3,1,official,principal
5608,0,0,0.16804233038605826,probability_native,0.16804233038605826,u_35565c32e493fbab,3,1,official,principal
829,0,1,0.5142065425266803,probability_native,0.5142065425266803,u_35565c32e493fbab,3,1,official,principal
5264,0,0,0.11814073744388785,probability_native,0.11814073744388785,u_35565c32e493fbab,3,1,official,principal
1077,1,1,0.5262879955644776,probability_native,0.5262879955644776,u_35565c32e493fbab,3,1,official,principal
188,0,0,0.23695659366689636,probability_native,0.23695659366689636,u_35565c32e493fbab,3,1,official,principal
4426,0,0,0.4766449743435881,probability_native,0.4766449743435881,u_35565c32e493fbab,3,1,official,principal
1941,0,1,0.6425213978407511,probability_native,0.6425213978407511,u_35565c32e493fbab,3,1,official,principal
1917,0,0,0.03703085736572235,probability_native,0.03703085736572235,u_35565c32e493fbab,3,1,official,principal
2193,0,0,0.042560940206304236,probability_native,0.042560940206304236,u_35565c32e493fbab,3,1,official,principal
5784,0,1,0.6283375043554396,probability_native,0.6283375043554396,u_35565c32e493fbab,3,1,official,principal
357,0,0,0.2876251247600715,probability_native,0.2876251247600715,u_35565c32e493fbab,3,1,official,principal
1228,0,1,0.5676055402963142,probability_native,0.5676055402963142,u_35565c32e493fbab,3,1,official,principal
1853,1,1,0.6661939088428611,probability_native,0.6661939088428611,u_35565c32e493fbab,3,1,official,principal
208,1,1,0.7356964958668343,probability_native,0.7356964958668343,u_35565c32e493fbab,3,1,official,principal
2323,1,1,0.7614283444586166,probability_native,0.7614283444586166,u_35565c32e493fbab,3,1,official,principal
1572,1,1,0.6700781662058893,probability_native,0.6700781662058893,u_35565c32e493fbab,3,1,official,principal
814,0,0,0.3639646247529139,probability_native,0.3639646247529139,u_35565c32e493fbab,3,1,official,principal
4013,0,1,0.6279279992643823,probability_native,0.6279279992643823,u_35565c32e493fbab,3,1,official,principal
659,0,0,0.12788987105958088,probability_native,0.12788987105958088,u_35565c32e493fbab,3,1,official,principal
6968,1,1,0.7255570805212366,probability_native,0.7255570805212366,u_35565c32e493fbab,3,1,official,principal
5326,1,0,0.38085008009957716,probability_native,0.38085008009957716,u_35565c32e493fbab,3,1,official,principal
2390,0,0,0.24649334283430108,probability_native,0.24649334283430108,u_35565c32e493fbab,3,1,official,principal
301,1,1,0.9241868331314089,probability_native,0.9241868331314089,u_35565c32e493fbab,3,1,official,principal
3129,0,0,0.3047718180645218,probability_native,0.3047718180645218,u_35565c32e493fbab,3,1,official,principal
4487,0,0,0.22481383467695282,probability_native,0.22481383467695282,u_35565c32e493fbab,3,1,official,principal
695,0,0,0.47130148816510736,probability_native,0.47130148816510736,u_35565c32e493fbab,3,1,official,principal
3397,0,0,0.09100047493648754,probability_native,0.09100047493648754,u_35565c32e493fbab,3,1,official,principal
5768,0,1,0.518615167343651,probability_native,0.518615167343651,u_35565c32e493fbab,3,1,official,principal
2542,0,0,0.2669793491054918,probability_native,0.2669793491054918,u_35565c32e493fbab,3,1,official,principal
6848,0,1,0.6792014648015956,probability_native,0.6792014648015956,u_35565c32e493fbab,3,1,official,principal
2998,0,1,0.8417103893034695,probability_native,0.8417103893034695,u_35565c32e493fbab,3,1,official,principal
1339,1,1,0.5396985162482502,probability_native,0.5396985162482502,u_35565c32e493fbab,3,1,official,principal
5331,0,0,0.07480046454250652,probability_native,0.07480046454250652,u_35565c32e493fbab,3,1,official,principal
4813,0,1,0.6429863615184893,probability_native,0.6429863615184893,u_35565c32e493fbab,3,1,official,principal
5559,0,1,0.7127004139579519,probability_native,0.7127004139579519,u_35565c32e493fbab,3,1,official,principal
1725,0,1,0.8885790401293938,probability_native,0.8885790401293938,u_35565c32e493fbab,3,1,official,principal
2639,1,1,0.5150444495917822,probability_native,0.5150444495917822,u_35565c32e493fbab,3,1,official,principal
6667,1,1,0.854388409709792,probability_native,0.854388409709792,u_35565c32e493fbab,3,1,official,principal
7027,0,1,0.5075823108741173,probability_native,0.5075823108741173,u_35565c32e493fbab,3,1,official,principal
3582,0,1,0.8714196030705731,probability_native,0.8714196030705731,u_35565c32e493fbab,3,1,official,principal
5303,0,0,0.3214318953745058,probability_native,0.3214318953745058,u_35565c32e493fbab,3,1,official,principal
1638,0,0,0.10141555519550734,probability_native,0.10141555519550734,u_35565c32e493fbab,3,1,official,principal
1394,0,0,0.42128010532908916,probability_native,0.42128010532908916,u_35565c32e493fbab,3,1,official,principal
799,1,1,0.5393133279010092,probability_native,0.5393133279010092,u_35565c32e493fbab,3,1,official,principal
4592,0,0,0.0976455364127107,probability_native,0.0976455364127107,u_35565c32e493fbab,3,1,official,principal
6290,1,0,0.20704073240180929,probability_native,0.20704073240180929,u_35565c32e493fbab,3,1,official,principal
4370,0,0,0.2665673334719218,probability_native,0.2665673334719218,u_35565c32e493fbab,3,1,official,principal
1614,0,0,0.04484529619599088,probability_native,0.04484529619599088,u_35565c32e493fbab,3,1,official,principal
5841,1,0,0.2722637254425983,probability_native,0.2722637254425983,u_35565c32e493fbab,3,1,official,principal
5485,0,1,0.5654181759752259,probability_native,0.5654181759752259,u_35565c32e493fbab,3,1,official,principal
2762,0,0,0.33144768278996095,probability_native,0.33144768278996095,u_35565c32e493fbab,3,1,official,principal
1431,0,0,0.2370395179007474,probability_native,0.2370395179007474,u_35565c32e493fbab,3,1,official,principal
1487,0,1,0.5697869360391166,probability_native,0.5697869360391166,u_35565c32e493fbab,3,1,official,principal
1159,1,1,0.8874832105865004,probability_native,0.8874832105865004,u_35565c32e493fbab,3,1,official,principal
6672,0,0,0.050664054192701494,probability_native,0.050664054192701494,u_35565c32e493fbab,3,1,official,principal
2584,0,0,0.1558237212618132,probability_native,0.1558237212618132,u_35565c32e493fbab,3,1,official,principal
3417,0,0,0.36585570268127915,probability_native,0.36585570268127915,u_35565c32e493fbab,3,1,official,principal
4950,1,1,0.889226202829028,probability_native,0.889226202829028,u_35565c32e493fbab,3,1,official,principal
3501,0,0,0.04897223448734173,probability_native,0.04897223448734173,u_35565c32e493fbab,3,1,official,principal
4507,0,0,0.4046139560967782,probability_native,0.4046139560967782,u_35565c32e493fbab,3,1,official,principal
1063,0,0,0.37160564419801556,probability_native,0.37160564419801556,u_35565c32e493fbab,3,1,official,principal
5603,1,1,0.5183915082409243,probability_native,0.5183915082409243,u_35565c32e493fbab,3,1,official,principal
4117,0,0,0.1201688172675769,probability_native,0.1201688172675769,u_35565c32e493fbab,3,1,official,principal
263,0,0,0.13103203113557513,probability_native,0.13103203113557513,u_35565c32e493fbab,3,1,official,principal
4897,0,0,0.4914180252170804,probability_native,0.4914180252170804,u_35565c32e493fbab,3,1,official,principal
6474,0,0,0.1196679601462919,probability_native,0.1196679601462919,u_35565c32e493fbab,3,1,official,principal
4081,1,1,0.8529304801877517,probability_native,0.8529304801877517,u_35565c32e493fbab,3,1,official,principal
6204,0,1,0.650592210313694,probability_native,0.650592210313694,u_35565c32e493fbab,3,1,official,principal
790,0,0,0.04310638180582212,probability_native,0.04310638180582212,u_35565c32e493fbab,3,1,official,principal
1287,0,1,0.7491596023159875,probability_native,0.7491596023159875,u_35565c32e493fbab,3,1,official,principal
1709,0,0,0.19296829676043228,probability_native,0.19296829676043228,u_35565c32e493fbab,3,1,official,principal
6420,0,1,0.5597566184593202,probability_native,0.5597566184593202,u_35565c32e493fbab,3,1,official,principal
2504,1,1,0.808546655196544,probability_native,0.808546655196544,u_35565c32e493fbab,3,1,official,principal
2989,0,0,0.4113107738494962,probability_native,0.4113107738494962,u_35565c32e493fbab,3,1,official,principal
4252,0,1,0.5571083603517453,probability_native,0.5571083603517453,u_35565c32e493fbab,3,1,official,principal
2287,1,0,0.20312006793708964,probability_native,0.20312006793708964,u_35565c32e493fbab,3,1,official,principal
1645,1,1,0.7284977199091842,probability_native,0.7284977199091842,u_35565c32e493fbab,3,1,official,principal
4880,0,0,0.02475160712758305,probability_native,0.02475160712758305,u_35565c32e493fbab,3,1,official,principal
5335,0,0,0.2234816264639113,probability_native,0.2234816264639113,u_35565c32e493fbab,3,1,official,principal
1822,1,1,0.6316578810643986,probability_native,0.6316578810643986,u_35565c32e493fbab,3,1,official,principal
3471,0,0,0.08089967194808487,probability_native,0.08089967194808487,u_35565c32e493fbab,3,1,official,principal
5665,0,0,0.44354653647594433,probability_native,0.44354653647594433,u_35565c32e493fbab,3,1,official,principal
4150,0,1,0.9055410495505454,probability_native,0.9055410495505454,u_35565c32e493fbab,3,1,official,principal
2371,0,1,0.6030577392718526,probability_native,0.6030577392718526,u_35565c32e493fbab,3,1,official,principal
1787,0,1,0.5326433193461921,probability_native,0.5326433193461921,u_35565c32e493fbab,3,1,official,principal
525,0,0,0.3091899552906683,probability_native,0.3091899552906683,u_35565c32e493fbab,3,1,official,principal
6281,0,0,0.22970880527413454,probability_native,0.22970880527413454,u_35565c32e493fbab,3,1,official,principal
15,0,0,0.0758463526221632,probability_native,0.0758463526221632,u_35565c32e493fbab,3,1,official,principal
5162,0,0,0.2680200405024758,probability_native,0.2680200405024758,u_35565c32e493fbab,3,1,official,principal
4207,0,0,0.4743431634346887,probability_native,0.4743431634346887,u_35565c32e493fbab,3,1,official,principal
5085,0,1,0.5057905545575347,probability_native,0.5057905545575347,u_35565c32e493fbab,3,1,official,principal
3866,0,0,0.07842907994741936,probability_native,0.07842907994741936,u_35565c32e493fbab,3,1,official,principal
722,1,1,0.8845001711170751,probability_native,0.8845001711170751,u_35565c32e493fbab,3,1,official,principal
1352,0,0,0.034472875508968305,probability_native,0.034472875508968305,u_35565c32e493fbab,3,1,official,principal
2348,0,0,0.10603330924372686,probability_native,0.10603330924372686,u_35565c32e493fbab,3,1,official,principal
3752,0,0,0.05494971061484382,probability_native,0.05494971061484382,u_35565c32e493fbab,3,1,official,principal
5448,0,0,0.35558230627808324,probability_native,0.35558230627808324,u_35565c32e493fbab,3,1,official,principal
3418,0,1,0.5703639258845472,probability_native,0.5703639258845472,u_35565c32e493fbab,3,1,official,principal
3325,1,1,0.8995090663870247,probability_native,0.8995090663870247,u_35565c32e493fbab,3,1,official,principal
5109,0,0,0.015316060943821866,probability_native,0.015316060943821866,u_35565c32e493fbab,3,1,official,principal
5130,1,1,0.6905221874063519,probability_native,0.6905221874063519,u_35565c32e493fbab,3,1,official,principal
2824,0,0,0.014307511797518867,probability_native,0.014307511797518867,u_35565c32e493fbab,3,1,official,principal
120,0,0,0.40931388645662425,probability_native,0.40931388645662425,u_35565c32e493fbab,3,1,official,principal
66,0,0,0.47852611323757577,probability_native,0.47852611323757577,u_35565c32e493fbab,3,1,official,principal
6978,0,0,0.03407444294859462,probability_native,0.03407444294859462,u_35565c32e493fbab,3,1,official,principal
466,0,0,0.25304551313737567,probability_native,0.25304551313737567,u_35565c32e493fbab,3,1,official,principal
2400,0,1,0.5305616165556611,probability_native,0.5305616165556611,u_35565c32e493fbab,3,1,official,principal
6704,0,1,0.5088866885646757,probability_native,0.5088866885646757,u_35565c32e493fbab,3,1,official,principal
4901,1,1,0.8410506327710956,probability_native,0.8410506327710956,u_35565c32e493fbab,3,1,official,principal
5733,0,0,0.0076086847586981496,probability_native,0.0076086847586981496,u_35565c32e493fbab,3,1,official,principal
1559,0,0,0.3682635919698899,probability_native,0.3682635919698899,u_35565c32e493fbab,3,1,official,principal
5805,0,0,0.4302401094015552,probability_native,0.4302401094015552,u_35565c32e493fbab,3,1,official,principal
4659,0,0,0.1464043233196923,probability_native,0.1464043233196923,u_35565c32e493fbab,3,1,official,principal
585,1,1,0.9095550216954305,probability_native,0.9095550216954305,u_35565c32e493fbab,3,1,official,principal
2024,0,1,0.7603729600753574,probability_native,0.7603729600753574,u_35565c32e493fbab,3,1,official,principal
3026,1,1,0.856166173866189,probability_native,0.856166173866189,u_35565c32e493fbab,3,1,official,principal
4707,0,0,0.34715000114261774,probability_native,0.34715000114261774,u_35565c32e493fbab,3,1,official,principal
6000,0,0,0.030433196662344605,probability_native,0.030433196662344605,u_35565c32e493fbab,3,1,official,principal
1723,0,0,0.10207432515375266,probability_native,0.10207432515375266,u_35565c32e493fbab,3,1,official,principal
5282,1,1,0.9223922958329364,probability_native,0.9223922958329364,u_35565c32e493fbab,3,1,official,principal
1064,0,0,0.19490101568904394,probability_native,0.19490101568904394,u_35565c32e493fbab,3,1,official,principal
162,0,1,0.8474872660837738,probability_native,0.8474872660837738,u_35565c32e493fbab,3,1,official,principal
5931,1,1,0.882323565754181,probability_native,0.882323565754181,u_35565c32e493fbab,3,1,official,principal
3051,0,0,0.030968437682012507,probability_native,0.030968437682012507,u_35565c32e493fbab,3,1,official,principal
2571,0,0,0.3447747949681124,probability_native,0.3447747949681124,u_35565c32e493fbab,3,1,official,principal
3983,1,1,0.8189885622724432,probability_native,0.8189885622724432,u_35565c32e493fbab,3,1,official,principal
327,1,1,0.8621644528822525,probability_native,0.8621644528822525,u_35565c32e493fbab,3,1,official,principal
3477,0,1,0.8017748105847273,probability_native,0.8017748105847273,u_35565c32e493fbab,3,1,official,principal
2049,0,0,0.35172169715945445,probability_native,0.35172169715945445,u_35565c32e493fbab,3,1,official,principal
6092,0,0,0.06785135563639046,probability_native,0.06785135563639046,u_35565c32e493fbab,3,1,official,principal
6061,0,0,0.4238443064484834,probability_native,0.4238443064484834,u_35565c32e493fbab,3,1,official,principal
4009,0,0,0.05245941100030996,probability_native,0.05245941100030996,u_35565c32e493fbab,3,1,official,principal
3284,0,1,0.7297744874112783,probability_native,0.7297744874112783,u_35565c32e493fbab,3,1,official,principal
5221,0,1,0.5016971713261792,probability_native,0.5016971713261792,u_35565c32e493fbab,3,1,official,principal
1997,0,0,0.16283066468523205,probability_native,0.16283066468523205,u_35565c32e493fbab,3,1,official,principal
4465,0,1,0.597109332931829,probability_native,0.597109332931829,u_35565c32e493fbab,3,1,official,principal
5184,0,0,0.08783336600203102,probability_native,0.08783336600203102,u_35565c32e493fbab,3,1,official,principal
5240,0,0,0.1683443196073589,probability_native,0.1683443196073589,u_35565c32e493fbab,3,1,official,principal
2536,1,0,0.14457038213902046,probability_native,0.14457038213902046,u_35565c32e493fbab,3,1,official,principal
5322,0,0,0.41698703891461814,probability_native,0.41698703891461814,u_35565c32e493fbab,3,1,official,principal
2035,0,0,0.28369946929938206,probability_native,0.28369946929938206,u_35565c32e493fbab,3,1,official,principal
2484,0,0,0.2563374513946906,probability_native,0.2563374513946906,u_35565c32e493fbab,3,1,official,principal
6548,0,0,0.23615518339436894,probability_native,0.23615518339436894,u_35565c32e493fbab,3,1,official,principal
3300,0,0,0.07266203107882276,probability_native,0.07266203107882276,u_35565c32e493fbab,3,1,official,principal
5580,0,0,0.04967902455014544,probability_native,0.04967902455014544,u_35565c32e493fbab,3,1,official,principal
569,0,0,0.4191982208605701,probability_native,0.4191982208605701,u_35565c32e493fbab,3,1,official,principal
1147,0,1,0.7976365586186539,probability_native,0.7976365586186539,u_35565c32e493fbab,3,1,official,principal
3779,1,0,0.026577632270921338,probability_native,0.026577632270921338,u_35565c32e493fbab,3,1,official,principal
4717,0,1,0.5871438451668305,probability_native,0.5871438451668305,u_35565c32e493fbab,3,1,official,principal
6430,0,0,0.21265941132075822,probability_native,0.21265941132075822,u_35565c32e493fbab,3,1,official,principal
2618,0,0,0.14642244953480732,probability_native,0.14642244953480732,u_35565c32e493fbab,3,1,official,principal
2001,0,0,0.34126171985621456,probability_native,0.34126171985621456,u_35565c32e493fbab,3,1,official,principal
4575,0,0,0.40750873360921214,probability_native,0.40750873360921214,u_35565c32e493fbab,3,1,official,principal
6930,1,1,0.808919775261855,probability_native,0.808919775261855,u_35565c32e493fbab,3,1,official,principal
6966,0,0,0.14062047481038384,probability_native,0.14062047481038384,u_35565c32e493fbab,3,1,official,principal
530,0,0,0.06447892837640364,probability_native,0.06447892837640364,u_35565c32e493fbab,3,1,official,principal
3775,1,1,0.8138241481886626,probability_native,0.8138241481886626,u_35565c32e493fbab,3,1,official,principal
4404,0,1,0.78726574224289,probability_native,0.78726574224289,u_35565c32e493fbab,3,1,official,principal
5436,0,0,0.43462615238150554,probability_native,0.43462615238150554,u_35565c32e493fbab,3,1,official,principal
3662,1,1,0.598160657096456,probability_native,0.598160657096456,u_35565c32e493fbab,3,1,official,principal
3626,0,0,0.3227942950521057,probability_native,0.3227942950521057,u_35565c32e493fbab,3,1,official,principal
2531,0,0,0.015454707535911142,probability_native,0.015454707535911142,u_35565c32e493fbab,3,1,official,principal
640,0,0,0.0116560803130087,probability_native,0.0116560803130087,u_35565c32e493fbab,3,1,official,principal
3880,0,0,0.37679838544021665,probability_native,0.37679838544021665,u_35565c32e493fbab,3,1,official,principal
5779,1,0,0.3998748074784192,probability_native,0.3998748074784192,u_35565c32e493fbab,3,1,official,principal
3530,0,1,0.5560881695908708,probability_native,0.5560881695908708,u_35565c32e493fbab,3,1,official,principal
7015,0,1,0.6626028029767397,probability_native,0.6626028029767397,u_35565c32e493fbab,3,1,official,principal
5930,0,0,0.06265845083789125,probability_native,0.06265845083789125,u_35565c32e493fbab,3,1,official,principal
5695,0,0,0.060407647868734156,probability_native,0.060407647868734156,u_35565c32e493fbab,3,1,official,principal
6927,0,0,0.33365324918675654,probability_native,0.33365324918675654,u_35565c32e493fbab,3,1,official,principal
914,0,0,0.014014852934491374,probability_native,0.014014852934491374,u_35565c32e493fbab,3,1,official,principal
1623,0,0,0.27399818106381074,probability_native,0.27399818106381074,u_35565c32e493fbab,3,1,official,principal
1353,0,0,0.04306609876953799,probability_native,0.04306609876953799,u_35565c32e493fbab,3,1,official,principal
3426,1,1,0.8591483713054907,probability_native,0.8591483713054907,u_35565c32e493fbab,3,1,official,principal
2768,0,0,0.1831319961265294,probability_native,0.1831319961265294,u_35565c32e493fbab,3,1,official,principal
1833,0,1,0.5717877969246198,probability_native,0.5717877969246198,u_35565c32e493fbab,3,1,official,principal
3115,1,1,0.8178158404091456,probability_native,0.8178158404091456,u_35565c32e493fbab,3,1,official,principal
4703,1,1,0.7212726808888175,probability_native,0.7212726808888175,u_35565c32e493fbab,3,1,official,principal
3391,0,0,0.3544003183838872,probability_native,0.3544003183838872,u_35565c32e493fbab,3,1,official,principal
1823,1,1,0.6473633061292347,probability_native,0.6473633061292347,u_35565c32e493fbab,3,1,official,principal
5699,0,1,0.7805384967755867,probability_native,0.7805384967755867,u_35565c32e493fbab,3,1,official,principal
4339,0,0,0.21441436281472923,probability_native,0.21441436281472923,u_35565c32e493fbab,3,1,official,principal
2325,0,0,0.48111590321237385,probability_native,0.48111590321237385,u_35565c32e493fbab,3,1,official,principal
6684,0,0,0.31432566980725773,probability_native,0.31432566980725773,u_35565c32e493fbab,3,1,official,principal
372,0,0,0.08934516899486646,probability_native,0.08934516899486646,u_35565c32e493fbab,3,1,official,principal
5849,0,0,0.019300206158735355,probability_native,0.019300206158735355,u_35565c32e493fbab,3,1,official,principal
5489,0,1,0.6314629217223766,probability_native,0.6314629217223766,u_35565c32e493fbab,3,1,official,principal
6019,0,0,0.45511745144875165,probability_native,0.45511745144875165,u_35565c32e493fbab,3,1,official,principal
3414,0,0,0.04870701570694822,probability_native,0.04870701570694822,u_35565c32e493fbab,3,1,official,principal
2938,0,0,0.2881715647355908,probability_native,0.2881715647355908,u_35565c32e493fbab,3,1,official,principal
4519,0,0,0.4045162803564841,probability_native,0.4045162803564841,u_35565c32e493fbab,3,1,official,principal
1165,0,0,0.10849526211359713,probability_native,0.10849526211359713,u_35565c32e493fbab,3,1,official,principal
1335,1,1,0.660064732605557,probability_native,0.660064732605557,u_35565c32e493fbab,3,1,official,principal
2676,0,0,0.10082644838072806,probability_native,0.10082644838072806,u_35565c32e493fbab,3,1,official,principal
1306,1,0,0.16888934861527855,probability_native,0.16888934861527855,u_35565c32e493fbab,3,1,official,principal
4618,0,1,0.9171040340337864,probability_native,0.9171040340337864,u_35565c32e493fbab,3,1,official,principal
3495,1,1,0.8934699108013855,probability_native,0.8934699108013855,u_35565c32e493fbab,3,1,official,principal
4285,0,0,0.04458682254947992,probability_native,0.04458682254947992,u_35565c32e493fbab,3,1,official,principal
1317,0,0,0.408512368096723,probability_native,0.408512368096723,u_35565c32e493fbab,3,1,official,principal
3435,0,1,0.7887985904629522,probability_native,0.7887985904629522,u_35565c32e493fbab,3,1,official,principal
3891,0,0,0.12710434964050948,probability_native,0.12710434964050948,u_35565c32e493fbab,3,1,official,principal
442,0,0,0.333176129133909,probability_native,0.333176129133909,u_35565c32e493fbab,3,1,official,principal
2112,0,0,0.18028445051329742,probability_native,0.18028445051329742,u_35565c32e493fbab,3,1,official,principal
4731,0,0,0.12877967156163994,probability_native,0.12877967156163994,u_35565c32e493fbab,3,1,official,principal
1789,0,0,0.28007139608791126,probability_native,0.28007139608791126,u_35565c32e493fbab,3,1,official,principal
1582,0,0,0.08651782444814106,probability_native,0.08651782444814106,u_35565c32e493fbab,3,1,official,principal
5555,0,0,0.008037444311377234,probability_native,0.008037444311377234,u_35565c32e493fbab,3,1,official,principal
4814,1,1,0.7768678098144686,probability_native,0.7768678098144686,u_35565c32e493fbab,3,1,official,principal
4729,0,0,0.07588706731685252,probability_native,0.07588706731685252,u_35565c32e493fbab,3,1,official,principal
5336,0,0,0.3840463395658988,probability_native,0.3840463395658988,u_35565c32e493fbab,3,1,official,principal
1222,0,0,0.02400372147465367,probability_native,0.02400372147465367,u_35565c32e493fbab,3,1,official,principal
854,0,0,0.009546665333240755,probability_native,0.009546665333240755,u_35565c32e493fbab,3,1,official,principal
2186,0,0,0.020186081870580044,probability_native,0.020186081870580044,u_35565c32e493fbab,3,1,official,principal
6935,0,0,0.16362457604861902,probability_native,0.16362457604861902,u_35565c32e493fbab,3,1,official,principal
2090,0,0,0.20387072778015056,probability_native,0.20387072778015056,u_35565c32e493fbab,3,1,official,principal
1048,0,0,0.13912678953399465,probability_native,0.13912678953399465,u_35565c32e493fbab,3,1,official,principal
3080,0,1,0.6745624572053662,probability_native,0.6745624572053662,u_35565c32e493fbab,3,1,official,principal
5574,0,0,0.14492163098006228,probability_native,0.14492163098006228,u_35565c32e493fbab,3,1,official,principal
5063,1,1,0.7932440867591221,probability_native,0.7932440867591221,u_35565c32e493fbab,3,1,official,principal
5563,0,0,0.347675387536324,probability_native,0.347675387536324,u_35565c32e493fbab,3,1,official,principal
2605,0,0,0.12469028047691197,probability_native,0.12469028047691197,u_35565c32e493fbab,3,1,official,principal
5829,0,0,0.3138189045810536,probability_native,0.3138189045810536,u_35565c32e493fbab,3,1,official,principal
5036,1,1,0.8063926962289987,probability_native,0.8063926962289987,u_35565c32e493fbab,3,1,official,principal
6507,1,0,0.34939960791783997,probability_native,0.34939960791783997,u_35565c32e493fbab,3,1,official,principal
2051,0,0,0.00859376703547279,probability_native,0.00859376703547279,u_35565c32e493fbab,3,1,official,principal
1649,0,0,0.33204840435820854,probability_native,0.33204840435820854,u_35565c32e493fbab,3,1,official,principal
5713,0,0,0.05854607536326291,probability_native,0.05854607536326291,u_35565c32e493fbab,3,1,official,principal
4125,0,0,0.38131882417395685,probability_native,0.38131882417395685,u_35565c32e493fbab,3,1,official,principal
4027,1,1,0.6798759043790442,probability_native,0.6798759043790442,u_35565c32e493fbab,3,1,official,principal
6559,0,1,0.6040977582274266,probability_native,0.6040977582274266,u_35565c32e493fbab,3,1,official,principal
6065,0,0,0.0205477286580667,probability_native,0.0205477286580667,u_35565c32e493fbab,3,1,official,principal
2416,0,1,0.6919105200507147,probability_native,0.6919105200507147,u_35565c32e493fbab,3,1,official,principal
2415,1,1,0.6624668107254498,probability_native,0.6624668107254498,u_35565c32e493fbab,3,1,official,principal
7006,1,1,0.6836857348936389,probability_native,0.6836857348936389,u_35565c32e493fbab,3,1,official,principal
6567,0,1,0.8446241077734119,probability_native,0.8446241077734119,u_35565c32e493fbab,3,1,official,principal
6569,0,0,0.09614463316250968,probability_native,0.09614463316250968,u_35565c32e493fbab,3,1,official,principal
4118,0,0,0.38358402709711303,probability_native,0.38358402709711303,u_35565c32e493fbab,3,1,official,principal
3580,1,1,0.5882328737372052,probability_native,0.5882328737372052,u_35565c32e493fbab,3,1,official,principal
2643,1,1,0.7679594751366368,probability_native,0.7679594751366368,u_35565c32e493fbab,3,1,official,principal
5936,0,0,0.04160157889295175,probability_native,0.04160157889295175,u_35565c32e493fbab,3,1,official,principal
3278,0,0,0.06689182066441145,probability_native,0.06689182066441145,u_35565c32e493fbab,3,1,official,principal
3108,0,0,0.26081056999113816,probability_native,0.26081056999113816,u_35565c32e493fbab,3,1,official,principal
2817,0,0,0.03000478805286132,probability_native,0.03000478805286132,u_35565c32e493fbab,3,1,official,principal
1457,0,1,0.6530133071141628,probability_native,0.6530133071141628,u_35565c32e493fbab,3,1,official,principal
7042,0,0,0.12040433005364902,probability_native,0.12040433005364902,u_35565c32e493fbab,3,1,official,principal
5937,1,1,0.8936986466172284,probability_native,0.8936986466172284,u_35565c32e493fbab,3,1,official,principal
776,0,1,0.656394835004955,probability_native,0.656394835004955,u_35565c32e493fbab,3,1,official,principal
6686,0,0,0.16536864245216562,probability_native,0.16536864245216562,u_35565c32e493fbab,3,1,official,principal
2240,0,0,0.042133987385546016,probability_native,0.042133987385546016,u_35565c32e493fbab,3,1,official,principal
2597,0,0,0.3923558757115213,probability_native,0.3923558757115213,u_35565c32e493fbab,3,1,official,principal
3739,0,0,0.20690412629201552,probability_native,0.20690412629201552,u_35565c32e493fbab,3,1,official,principal
6226,0,0,0.01624507660604258,probability_native,0.01624507660604258,u_35565c32e493fbab,3,1,official,principal
2352,0,0,0.39066602605468437,probability_native,0.39066602605468437,u_35565c32e493fbab,3,1,official,principal
1510,0,0,0.027426265673387892,probability_native,0.027426265673387892,u_35565c32e493fbab,3,1,official,principal
5413,0,1,0.8001273354748638,probability_native,0.8001273354748638,u_35565c32e493fbab,3,1,official,principal
429,0,0,0.041965665335773394,probability_native,0.041965665335773394,u_35565c32e493fbab,3,1,official,principal
3009,0,1,0.5188935944371709,probability_native,0.5188935944371709,u_35565c32e493fbab,3,1,official,principal
946,0,0,0.3975994232364985,probability_native,0.3975994232364985,u_35565c32e493fbab,3,1,official,principal
6693,0,1,0.7537899988448602,probability_native,0.7537899988448602,u_35565c32e493fbab,3,1,official,principal
6940,0,0,0.01977100461044762,probability_native,0.01977100461044762,u_35565c32e493fbab,3,1,official,principal
5350,0,0,0.05032449246975419,probability_native,0.05032449246975419,u_35565c32e493fbab,3,1,official,principal
4011,0,0,0.07405125574932972,probability_native,0.07405125574932972,u_35565c32e493fbab,3,1,official,principal
5666,0,0,0.2810512931746821,probability_native,0.2810512931746821,u_35565c32e493fbab,3,1,official,principal
182,1,1,0.7858272482734227,probability_native,0.7858272482734227,u_35565c32e493fbab,3,1,official,principal
4050,0,1,0.7067623905801632,probability_native,0.7067623905801632,u_35565c32e493fbab,3,1,official,principal
463,1,1,0.9020304525005182,probability_native,0.9020304525005182,u_35565c32e493fbab,3,1,official,principal
6215,1,1,0.907737269291475,probability_native,0.907737269291475,u_35565c32e493fbab,3,1,official,principal
3094,0,0,0.2193310531935363,probability_native,0.2193310531935363,u_35565c32e493fbab,3,1,official,principal
3958,1,1,0.7668406366243816,probability_native,0.7668406366243816,u_35565c32e493fbab,3,1,official,principal
2331,0,0,0.20123859281122902,probability_native,0.20123859281122902,u_35565c32e493fbab,3,1,official,principal
4601,0,1,0.6345020745822542,probability_native,0.6345020745822542,u_35565c32e493fbab,3,1,official,principal
6213,0,0,0.06375429705509926,probability_native,0.06375429705509926,u_35565c32e493fbab,3,1,official,principal
4374,0,0,0.01122290148106861,probability_native,0.01122290148106861,u_35565c32e493fbab,3,1,official,principal
215,0,0,0.29614993533672523,probability_native,0.29614993533672523,u_35565c32e493fbab,3,1,official,principal
6952,1,1,0.6576743059432222,probability_native,0.6576743059432222,u_35565c32e493fbab,3,1,official,principal
4075,0,0,0.25750834712464254,probability_native,0.25750834712464254,u_35565c32e493fbab,3,1,official,principal
4656,0,1,0.6650387739821536,probability_native,0.6650387739821536,u_35565c32e493fbab,3,1,official,principal
4347,0,0,0.22325136087607622,probability_native,0.22325136087607622,u_35565c32e493fbab,3,1,official,principal
2230,0,0,0.024171143162800324,probability_native,0.024171143162800324,u_35565c32e493fbab,3,1,official,principal
6515,1,0,0.45809576526257295,probability_native,0.45809576526257295,u_35565c32e493fbab,3,1,official,principal
1058,1,1,0.846633829499186,probability_native,0.846633829499186,u_35565c32e493fbab,3,1,official,principal
6997,0,1,0.708708570859992,probability_native,0.708708570859992,u_35565c32e493fbab,3,1,official,principal
248,1,1,0.5603764750091069,probability_native,0.5603764750091069,u_35565c32e493fbab,3,1,official,principal
2084,1,1,0.6983995221476162,probability_native,0.6983995221476162,u_35565c32e493fbab,3,1,official,principal
4587,0,1,0.538981780671016,probability_native,0.538981780671016,u_35565c32e493fbab,3,1,official,principal
6506,1,1,0.8650144048606815,probability_native,0.8650144048606815,u_35565c32e493fbab,3,1,official,principal
5456,1,1,0.7079458821316895,probability_native,0.7079458821316895,u_35565c32e493fbab,3,1,official,principal
6310,0,0,0.19796655326575777,probability_native,0.19796655326575777,u_35565c32e493fbab,3,1,official,principal
5286,1,1,0.7704161989406388,probability_native,0.7704161989406388,u_35565c32e493fbab,3,1,official,principal
3100,0,1,0.5020819041056669,probability_native,0.5020819041056669,u_35565c32e493fbab,3,1,official,principal
3040,1,0,0.16970418553185096,probability_native,0.16970418553185096,u_35565c32e493fbab,3,1,official,principal
2327,0,1,0.699283832924607,probability_native,0.699283832924607,u_35565c32e493fbab,3,1,official,principal
3146,1,1,0.7617357412431793,probability_native,0.7617357412431793,u_35565c32e493fbab,3,1,official,principal
7022,0,0,0.46136538573764924,probability_native,0.46136538573764924,u_35565c32e493fbab,3,1,official,principal
2445,0,0,0.39415703060323676,probability_native,0.39415703060323676,u_35565c32e493fbab,3,1,official,principal
3886,0,0,0.2930566987996331,probability_native,0.2930566987996331,u_35565c32e493fbab,3,1,official,principal
1744,0,0,0.41802325736534984,probability_native,0.41802325736534984,u_35565c32e493fbab,3,1,official,principal
6573,0,0,0.1569449312144543,probability_native,0.1569449312144543,u_35565c32e493fbab,3,1,official,principal
4298,0,1,0.5113449325294454,probability_native,0.5113449325294454,u_35565c32e493fbab,3,1,official,principal
1828,0,0,0.1102539185773798,probability_native,0.1102539185773798,u_35565c32e493fbab,3,1,official,principal
3666,1,1,0.5062080275139503,probability_native,0.5062080275139503,u_35565c32e493fbab,3,1,official,principal
6590,1,1,0.8543849552297783,probability_native,0.8543849552297783,u_35565c32e493fbab,3,1,official,principal
4195,0,0,0.34554590581286526,probability_native,0.34554590581286526,u_35565c32e493fbab,3,1,official,principal
5654,0,0,0.10836110453179044,probability_native,0.10836110453179044,u_35565c32e493fbab,3,1,official,principal
381,1,1,0.5663434719656112,probability_native,0.5663434719656112,u_35565c32e493fbab,3,1,official,principal
16,0,0,0.041356822795428475,probability_native,0.041356822795428475,u_35565c32e493fbab,3,1,official,principal
3013,0,0,0.43694012763394946,probability_native,0.43694012763394946,u_35565c32e493fbab,3,1,official,principal
1769,0,0,0.42883873833746705,probability_native,0.42883873833746705,u_35565c32e493fbab,3,1,official,principal
5910,0,1,0.619451870589667,probability_native,0.619451870589667,u_35565c32e493fbab,3,1,official,principal
3281,0,0,0.38636396219865954,probability_native,0.38636396219865954,u_35565c32e493fbab,3,1,official,principal
3445,0,1,0.5546156859181388,probability_native,0.5546156859181388,u_35565c32e493fbab,3,1,official,principal
3729,0,0,0.01731987319599825,probability_native,0.01731987319599825,u_35565c32e493fbab,3,1,official,principal
5321,0,0,0.17957399276680341,probability_native,0.17957399276680341,u_35565c32e493fbab,3,1,official,principal
5939,0,0,0.4265698323245094,probability_native,0.4265698323245094,u_35565c32e493fbab,3,1,official,principal
6316,0,0,0.014879823283529608,probability_native,0.014879823283529608,u_35565c32e493fbab,3,1,official,principal
3617,1,1,0.8167297649829277,probability_native,0.8167297649829277,u_35565c32e493fbab,3,1,official,principal
3993,0,0,0.02317502636312262,probability_native,0.02317502636312262,u_35565c32e493fbab,3,1,official,principal
5382,0,0,0.10363226793126168,probability_native,0.10363226793126168,u_35565c32e493fbab,3,1,official,principal
4261,0,0,0.09391401898950816,probability_native,0.09391401898950816,u_35565c32e493fbab,3,1,official,principal
5425,0,1,0.7909548704055275,probability_native,0.7909548704055275,u_35565c32e493fbab,3,1,official,principal
1711,0,0,0.015585547167558887,probability_native,0.015585547167558887,u_35565c32e493fbab,3,1,official,principal
6408,1,0,0.198445321684735,probability_native,0.198445321684735,u_35565c32e493fbab,3,1,official,principal
3054,0,0,0.2747880779711676,probability_native,0.2747880779711676,u_35565c32e493fbab,3,1,official,principal
3268,0,0,0.3025892470299588,probability_native,0.3025892470299588,u_35565c32e493fbab,3,1,official,principal
331,0,0,0.2669105106729378,probability_native,0.2669105106729378,u_35565c32e493fbab,3,1,official,principal
6337,0,0,0.269161339142777,probability_native,0.269161339142777,u_35565c32e493fbab,3,1,official,principal
1898,1,1,0.8384319640405562,probability_native,0.8384319640405562,u_35565c32e493fbab,3,1,official,principal
4793,0,0,0.4073295029517268,probability_native,0.4073295029517268,u_35565c32e493fbab,3,1,official,principal
4003,0,0,0.03520406686995015,probability_native,0.03520406686995015,u_35565c32e493fbab,3,1,official,principal
6833,0,1,0.7578760039220159,probability_native,0.7578760039220159,u_35565c32e493fbab,3,1,official,principal
3447,0,0,0.34035711512813127,probability_native,0.34035711512813127,u_35565c32e493fbab,3,1,official,principal
841,0,0,0.15228676738349223,probability_native,0.15228676738349223,u_35565c32e493fbab,3,1,official,principal
4346,0,0,0.18955615813032908,probability_native,0.18955615813032908,u_35565c32e493fbab,3,1,official,principal
28,0,0,0.04859693947055046,probability_native,0.04859693947055046,u_35565c32e493fbab,3,1,official,principal
2786,0,0,0.1374344603189312,probability_native,0.1374344603189312,u_35565c32e493fbab,3,1,official,principal
307,0,0,0.13935220487631353,probability_native,0.13935220487631353,u_35565c32e493fbab,3,1,official,principal
3042,1,0,0.24915351666485952,probability_native,0.24915351666485952,u_35565c32e493fbab,3,1,official,principal
4203,0,0,0.17483625590032115,probability_native,0.17483625590032115,u_35565c32e493fbab,3,1,official,principal
422,0,0,0.3722890160195506,probability_native,0.3722890160195506,u_35565c32e493fbab,3,1,official,principal
6283,1,1,0.7806605390767828,probability_native,0.7806605390767828,u_35565c32e493fbab,3,1,official,principal
2134,0,0,0.3749057708385885,probability_native,0.3749057708385885,u_35565c32e493fbab,3,1,official,principal
6518,1,1,0.6772181500442503,probability_native,0.6772181500442503,u_35565c32e493fbab,3,1,official,principal
4367,0,0,0.15818147984048725,probability_native,0.15818147984048725,u_35565c32e493fbab,3,1,official,principal
4053,0,0,0.44088747119945343,probability_native,0.44088747119945343,u_35565c32e493fbab,3,1,official,principal
6417,1,1,0.5006715694868212,probability_native,0.5006715694868212,u_35565c32e493fbab,3,1,official,principal
734,0,1,0.6832955400678924,probability_native,0.6832955400678924,u_35565c32e493fbab,3,1,official,principal
227,1,1,0.6439775145030858,probability_native,0.6439775145030858,u_35565c32e493fbab,3,1,official,principal
765,0,1,0.7137598080749349,probability_native,0.7137598080749349,u_35565c32e493fbab,3,1,official,principal
5735,0,0,0.02015886651462879,probability_native,0.02015886651462879,u_35565c32e493fbab,3,1,official,principal
2481,0,0,0.021395812865845385,probability_native,0.021395812865845385,u_35565c32e493fbab,3,1,official,principal
3996,0,0,0.06416432139830974,probability_native,0.06416432139830974,u_35565c32e493fbab,3,1,official,principal
6692,0,0,0.2805617753991451,probability_native,0.2805617753991451,u_35565c32e493fbab,3,1,official,principal
5808,0,0,0.2446055590004092,probability_native,0.2446055590004092,u_35565c32e493fbab,3,1,official,principal
3688,0,1,0.6275281447602339,probability_native,0.6275281447602339,u_35565c32e493fbab,3,1,official,principal
6002,1,1,0.8899679812154674,probability_native,0.8899679812154674,u_35565c32e493fbab,3,1,official,principal
2121,0,0,0.3870251242634894,probability_native,0.3870251242634894,u_35565c32e493fbab,3,1,official,principal
5129,0,1,0.7715310469712426,probability_native,0.7715310469712426,u_35565c32e493fbab,3,1,official,principal
4927,0,0,0.053831876651475125,probability_native,0.053831876651475125,u_35565c32e493fbab,3,1,official,principal
4715,0,0,0.05238558015594851,probability_native,0.05238558015594851,u_35565c32e493fbab,3,1,official,principal
5764,0,0,0.16592301213679522,probability_native,0.16592301213679522,u_35565c32e493fbab,3,1,official,principal
5348,0,0,0.29422695709058966,probability_native,0.29422695709058966,u_35565c32e493fbab,3,1,official,principal
2969,0,0,0.14378948307239456,probability_native,0.14378948307239456,u_35565c32e493fbab,3,1,official,principal
5079,0,1,0.759550624069379,probability_native,0.759550624069379,u_35565c32e493fbab,3,1,official,principal
2512,0,0,0.26313788259195586,probability_native,0.26313788259195586,u_35565c32e493fbab,3,1,official,principal
1220,0,0,0.45501126884151194,probability_native,0.45501126884151194,u_35565c32e493fbab,3,1,official,principal
3676,0,0,0.1985492092003609,probability_native,0.1985492092003609,u_35565c32e493fbab,3,1,official,principal
2801,0,0,0.29711121472221913,probability_native,0.29711121472221913,u_35565c32e493fbab,3,1,official,principal
6327,0,0,0.4609324936150528,probability_native,0.4609324936150528,u_35565c32e493fbab,3,1,official,principal
4376,0,0,0.4704364184061972,probability_native,0.4704364184061972,u_35565c32e493fbab,3,1,official,principal
194,0,0,0.012107130382367963,probability_native,0.012107130382367963,u_35565c32e493fbab,3,1,official,principal
2586,0,0,0.07869059320623877,probability_native,0.07869059320623877,u_35565c32e493fbab,3,1,official,principal
5868,0,1,0.6520952040452513,probability_native,0.6520952040452513,u_35565c32e493fbab,3,1,official,principal
6510,0,0,0.12454773002625688,probability_native,0.12454773002625688,u_35565c32e493fbab,3,1,official,principal
6817,0,0,0.011675083615755154,probability_native,0.011675083615755154,u_35565c32e493fbab,3,1,official,principal
606,0,0,0.06936280005230272,probability_native,0.06936280005230272,u_35565c32e493fbab,3,1,official,principal
3032,0,0,0.07506757421767199,probability_native,0.07506757421767199,u_35565c32e493fbab,3,1,official,principal
4457,0,0,0.43710421686829737,probability_native,0.43710421686829737,u_35565c32e493fbab,3,1,official,principal
4754,0,0,0.014785518822012712,probability_native,0.014785518822012712,u_35565c32e493fbab,3,1,official,principal
4278,0,1,0.5688992395775979,probability_native,0.5688992395775979,u_35565c32e493fbab,3,1,official,principal
1307,0,0,0.16941632038278753,probability_native,0.16941632038278753,u_35565c32e493fbab,3,1,official,principal
6857,0,1,0.5650790051185993,probability_native,0.5650790051185993,u_35565c32e493fbab,3,1,official,principal
1065,1,1,0.6675844530223072,probability_native,0.6675844530223072,u_35565c32e493fbab,3,1,official,principal
6482,1,1,0.9281453420396812,probability_native,0.9281453420396812,u_35565c32e493fbab,3,1,official,principal
3518,0,0,0.38481779218834433,probability_native,0.38481779218834433,u_35565c32e493fbab,3,1,official,principal
5195,0,0,0.0276683251049221,probability_native,0.0276683251049221,u_35565c32e493fbab,3,1,official,principal
3692,0,1,0.6872378456877659,probability_native,0.6872378456877659,u_35565c32e493fbab,3,1,official,principal
4395,1,1,0.5752645651507862,probability_native,0.5752645651507862,u_35565c32e493fbab,3,1,official,principal
6103,0,0,0.22954563153728502,probability_native,0.22954563153728502,u_35565c32e493fbab,3,1,official,principal
5138,0,0,0.2605446640126515,probability_native,0.2605446640126515,u_35565c32e493fbab,3,1,official,principal
3479,1,1,0.6335269104213332,probability_native,0.6335269104213332,u_35565c32e493fbab,3,1,official,principal
6886,1,1,0.8864635324429897,probability_native,0.8864635324429897,u_35565c32e493fbab,3,1,official,principal
3888,1,1,0.7672865959487423,probability_native,0.7672865959487423,u_35565c32e493fbab,3,1,official,principal
5911,0,1,0.5268064064513998,probability_native,0.5268064064513998,u_35565c32e493fbab,3,1,official,principal
1920,0,0,0.2787386642162122,probability_native,0.2787386642162122,u_35565c32e493fbab,3,1,official,principal
4155,0,0,0.12739275176675918,probability_native,0.12739275176675918,u_35565c32e493fbab,3,1,official,principal
3718,0,1,0.594144706197376,probability_native,0.594144706197376,u_35565c32e493fbab,3,1,official,principal
6689,0,0,0.27727038889498057,probability_native,0.27727038889498057,u_35565c32e493fbab,3,1,official,principal
5471,0,1,0.7272853684368475,probability_native,0.7272853684368475,u_35565c32e493fbab,3,1,official,principal
2358,0,0,0.05654603185207365,probability_native,0.05654603185207365,u_35565c32e493fbab,3,1,official,principal
6572,0,0,0.057991701705545205,probability_native,0.057991701705545205,u_35565c32e493fbab,3,1,official,principal
870,0,0,0.09155137353321179,probability_native,0.09155137353321179,u_35565c32e493fbab,3,1,official,principal
6975,0,0,0.13769695645935118,probability_native,0.13769695645935118,u_35565c32e493fbab,3,1,official,principal
6793,0,0,0.1218416234824955,probability_native,0.1218416234824955,u_35565c32e493fbab,3,1,official,principal
294,0,0,0.2739918720610841,probability_native,0.2739918720610841,u_35565c32e493fbab,3,1,official,principal
253,0,0,0.23114162269695135,probability_native,0.23114162269695135,u_35565c32e493fbab,3,1,official,principal
5226,0,0,0.42084814739946513,probability_native,0.42084814739946513,u_35565c32e493fbab,3,1,official,principal
6876,0,0,0.33742971070180783,probability_native,0.33742971070180783,u_35565c32e493fbab,3,1,official,principal
5582,0,0,0.026409033316134346,probability_native,0.026409033316134346,u_35565c32e493fbab,3,1,official,principal
6141,1,1,0.6940303723146957,probability_native,0.6940303723146957,u_35565c32e493fbab,3,1,official,principal
3634,0,0,0.09502801047913027,probability_native,0.09502801047913027,u_35565c32e493fbab,3,1,official,principal
6929,0,0,0.13647001889419458,probability_native,0.13647001889419458,u_35565c32e493fbab,3,1,official,principal
6792,1,0,0.06645358143563602,probability_native,0.06645358143563602,u_35565c32e493fbab,3,1,official,principal
1125,1,1,0.8270036606817346,probability_native,0.8270036606817346,u_35565c32e493fbab,3,1,official,principal
4309,0,1,0.7716887327320485,probability_native,0.7716887327320485,u_35565c32e493fbab,3,1,official,principal
4263,0,0,0.11867329999335012,probability_native,0.11867329999335012,u_35565c32e493fbab,3,1,official,principal
3205,0,0,0.10663235353485803,probability_native,0.10663235353485803,u_35565c32e493fbab,3,1,official,principal
2123,0,1,0.7182428003017503,probability_native,0.7182428003017503,u_35565c32e493fbab,3,1,official,principal
4064,0,1,0.5648922301377153,probability_native,0.5648922301377153,u_35565c32e493fbab,3,1,official,principal
5438,1,1,0.8265905537541101,probability_native,0.8265905537541101,u_35565c32e493fbab,3,1,official,principal
3052,0,0,0.31503682924140786,probability_native,0.31503682924140786,u_35565c32e493fbab,3,1,official,principal
1684,0,0,0.27254515495488413,probability_native,0.27254515495488413,u_35565c32e493fbab,3,1,official,principal
1620,0,1,0.5451875694266505,probability_native,0.5451875694266505,u_35565c32e493fbab,3,1,official,principal
6379,1,1,0.7707789641132767,probability_native,0.7707789641132767,u_35565c32e493fbab,3,1,official,principal
3659,0,0,0.23551631118521396,probability_native,0.23551631118521396,u_35565c32e493fbab,3,1,official,principal
3872,0,1,0.7969224679163545,probability_native,0.7969224679163545,u_35565c32e493fbab,3,1,official,principal
2613,1,1,0.8165318878894667,probability_native,0.8165318878894667,u_35565c32e493fbab,3,1,official,principal
885,0,0,0.4673175098814537,probability_native,0.4673175098814537,u_35565c32e493fbab,3,1,official,principal
6706,0,0,0.37436023074508556,probability_native,0.37436023074508556,u_35565c32e493fbab,3,1,official,principal
3839,0,0,0.22213973998000774,probability_native,0.22213973998000774,u_35565c32e493fbab,3,1,official,principal
2906,0,0,0.4966788456741004,probability_native,0.4966788456741004,u_35565c32e493fbab,3,1,official,principal
2635,0,0,0.01737970846354151,probability_native,0.01737970846354151,u_35565c32e493fbab,3,1,official,principal
2557,0,1,0.5723400384126818,probability_native,0.5723400384126818,u_35565c32e493fbab,3,1,official,principal
4130,0,1,0.6021504146301038,probability_native,0.6021504146301038,u_35565c32e493fbab,3,1,official,principal
1360,1,1,0.9029957253110573,probability_native,0.9029957253110573,u_35565c32e493fbab,3,1,official,principal
911,0,1,0.7116307782907856,probability_native,0.7116307782907856,u_35565c32e493fbab,3,1,official,principal
1309,1,1,0.8407613256950562,probability_native,0.8407613256950562,u_35565c32e493fbab,3,1,official,principal
3180,0,0,0.3569004301342904,probability_native,0.3569004301342904,u_35565c32e493fbab,3,1,official,principal
4447,0,0,0.4519871994491566,probability_native,0.4519871994491566,u_35565c32e493fbab,3,1,official,principal
6183,0,0,0.36958536676929027,probability_native,0.36958536676929027,u_35565c32e493fbab,3,1,official,principal
1701,1,0,0.3166504036450551,probability_native,0.3166504036450551,u_35565c32e493fbab,3,1,official,principal
2614,1,0,0.1522992673162818,probability_native,0.1522992673162818,u_35565c32e493fbab,3,1,official,principal
1531,0,0,0.24746870268267965,probability_native,0.24746870268267965,u_35565c32e493fbab,3,1,official,principal
5116,1,1,0.8147507016016413,probability_native,0.8147507016016413,u_35565c32e493fbab,3,1,official,principal
1561,1,1,0.8825315154392132,probability_native,0.8825315154392132,u_35565c32e493fbab,3,1,official,principal
2595,0,0,0.07887045049749292,probability_native,0.07887045049749292,u_35565c32e493fbab,3,1,official,principal
2683,1,1,0.7292268125027253,probability_native,0.7292268125027253,u_35565c32e493fbab,3,1,official,principal
5141,0,0,0.4224114311613234,probability_native,0.4224114311613234,u_35565c32e493fbab,3,1,official,principal
2016,1,1,0.8339193007706721,probability_native,0.8339193007706721,u_35565c32e493fbab,3,1,official,principal
5058,0,0,0.2986563510254489,probability_native,0.2986563510254489,u_35565c32e493fbab,3,1,official,principal
1767,0,0,0.11885723598443297,probability_native,0.11885723598443297,u_35565c32e493fbab,3,1,official,principal
103,0,0,0.12902181859515993,probability_native,0.12902181859515993,u_35565c32e493fbab,3,1,official,principal
616,0,1,0.6728093718133731,probability_native,0.6728093718133731,u_35565c32e493fbab,3,1,official,principal
1931,0,0,0.434774460335458,probability_native,0.434774460335458,u_35565c32e493fbab,3,1,official,principal
5869,0,0,0.46445153586837146,probability_native,0.46445153586837146,u_35565c32e493fbab,3,1,official,principal
4553,0,0,0.13672102502950695,probability_native,0.13672102502950695,u_35565c32e493fbab,3,1,official,principal
4517,1,1,0.9151899575228164,probability_native,0.9151899575228164,u_35565c32e493fbab,3,1,official,principal
5913,0,0,0.32143793037292673,probability_native,0.32143793037292673,u_35565c32e493fbab,3,1,official,principal
5383,1,1,0.7625788200926373,probability_native,0.7625788200926373,u_35565c32e493fbab,3,1,official,principal
789,0,0,0.018388601988638145,probability_native,0.018388601988638145,u_35565c32e493fbab,3,1,official,principal
6545,1,1,0.6780803590697042,probability_native,0.6780803590697042,u_35565c32e493fbab,3,1,official,principal
6666,0,1,0.5914064378346965,probability_native,0.5914064378346965,u_35565c32e493fbab,3,1,official,principal
1732,0,0,0.4192198730135046,probability_native,0.4192198730135046,u_35565c32e493fbab,3,1,official,principal
6496,1,1,0.6867882900702519,probability_native,0.6867882900702519,u_35565c32e493fbab,3,1,official,principal
1719,0,1,0.8709091288659484,probability_native,0.8709091288659484,u_35565c32e493fbab,3,1,official,principal
4806,0,0,0.03204926408361462,probability_native,0.03204926408361462,u_35565c32e493fbab,3,1,official,principal
3422,0,0,0.05352423031050516,probability_native,0.05352423031050516,u_35565c32e493fbab,3,1,official,principal
909,0,0,0.2464031792295082,probability_native,0.2464031792295082,u_35565c32e493fbab,3,1,official,principal
5056,0,0,0.02770036372959658,probability_native,0.02770036372959658,u_35565c32e493fbab,3,1,official,principal
3592,1,1,0.7365902612416246,probability_native,0.7365902612416246,u_35565c32e493fbab,3,1,official,principal
6555,0,0,0.15661573882535157,probability_native,0.15661573882535157,u_35565c32e493fbab,3,1,official,principal
2551,0,0,0.2683227260380942,probability_native,0.2683227260380942,u_35565c32e493fbab,3,1,official,principal
4922,0,0,0.1286520029295445,probability_native,0.1286520029295445,u_35565c32e493fbab,3,1,official,principal
5969,0,0,0.45392419637410564,probability_native,0.45392419637410564,u_35565c32e493fbab,3,1,official,principal
3561,1,1,0.7130159655817869,probability_native,0.7130159655817869,u_35565c32e493fbab,3,1,official,principal
3613,0,0,0.31171808047886135,probability_native,0.31171808047886135,u_35565c32e493fbab,3,1,official,principal
2474,0,1,0.7415366762812111,probability_native,0.7415366762812111,u_35565c32e493fbab,3,1,official,principal
5206,0,0,0.04681047647982179,probability_native,0.04681047647982179,u_35565c32e493fbab,3,1,official,principal
6594,0,0,0.43284858472311766,probability_native,0.43284858472311766,u_35565c32e493fbab,3,1,official,principal
2000,0,1,0.684645597238633,probability_native,0.684645597238633,u_35565c32e493fbab,3,1,official,principal
2113,0,0,0.4256263341239229,probability_native,0.4256263341239229,u_35565c32e493fbab,3,1,official,principal
6195,1,1,0.8168008681461879,probability_native,0.8168008681461879,u_35565c32e493fbab,3,1,official,principal
1396,1,0,0.38821723109411654,probability_native,0.38821723109411654,u_35565c32e493fbab,3,1,official,principal
751,0,0,0.042473410586098395,probability_native,0.042473410586098395,u_35565c32e493fbab,3,1,official,principal
4479,0,0,0.02834555535839535,probability_native,0.02834555535839535,u_35565c32e493fbab,3,1,official,principal
3577,1,0,0.24100631688805432,probability_native,0.24100631688805432,u_35565c32e493fbab,3,1,official,principal
430,1,0,0.056839249928030744,probability_native,0.056839249928030744,u_35565c32e493fbab,3,1,official,principal
2360,0,0,0.01078542458471434,probability_native,0.01078542458471434,u_35565c32e493fbab,3,1,official,principal
5273,0,0,0.008348841438383383,probability_native,0.008348841438383383,u_35565c32e493fbab,3,1,official,principal
6520,1,1,0.8886691649900297,probability_native,0.8886691649900297,u_35565c32e493fbab,3,1,official,principal
3556,0,0,0.20118447772327608,probability_native,0.20118447772327608,u_35565c32e493fbab,3,1,official,principal
916,0,1,0.5660434726751024,probability_native,0.5660434726751024,u_35565c32e493fbab,3,1,official,principal
1052,0,0,0.32503810921473203,probability_native,0.32503810921473203,u_35565c32e493fbab,3,1,official,principal
3137,0,0,0.4590492604224674,probability_native,0.4590492604224674,u_35565c32e493fbab,3,1,official,principal
6691,0,0,0.11390113063142478,probability_native,0.11390113063142478,u_35565c32e493fbab,3,1,official,principal
4135,0,0,0.11405881437892298,probability_native,0.11405881437892298,u_35565c32e493fbab,3,1,official,principal
35,0,0,0.05131842726905622,probability_native,0.05131842726905622,u_35565c32e493fbab,3,1,official,principal
636,0,0,0.2929921672894002,probability_native,0.2929921672894002,u_35565c32e493fbab,3,1,official,principal
3595,1,1,0.7963604825299989,probability_native,0.7963604825299989,u_35565c32e493fbab,3,1,official,principal
48,0,0,0.08400618446077886,probability_native,0.08400618446077886,u_35565c32e493fbab,3,1,official,principal
3475,0,0,0.21880884316520902,probability_native,0.21880884316520902,u_35565c32e493fbab,3,1,official,principal
6636,0,0,0.39681213772835333,probability_native,0.39681213772835333,u_35565c32e493fbab,3,1,official,principal
5304,0,1,0.6884715429849266,probability_native,0.6884715429849266,u_35565c32e493fbab,3,1,official,principal
4827,1,1,0.7855623367660707,probability_native,0.7855623367660707,u_35565c32e493fbab,3,1,official,principal
5816,0,1,0.6441219513420801,probability_native,0.6441219513420801,u_35565c32e493fbab,3,1,official,principal
4918,0,0,0.01694660668281362,probability_native,0.01694660668281362,u_35565c32e493fbab,3,1,official,principal
2403,0,0,0.08339939401045553,probability_native,0.08339939401045553,u_35565c32e493fbab,3,1,official,principal
4074,1,1,0.733188361351525,probability_native,0.733188361351525,u_35565c32e493fbab,3,1,official,principal
1636,0,0,0.057958238779039585,probability_native,0.057958238779039585,u_35565c32e493fbab,3,1,official,principal
3250,0,0,0.2613208952572966,probability_native,0.2613208952572966,u_35565c32e493fbab,3,1,official,principal
4445,0,0,0.09244481752373652,probability_native,0.09244481752373652,u_35565c32e493fbab,3,1,official,principal
1522,1,0,0.356973654928573,probability_native,0.356973654928573,u_35565c32e493fbab,3,1,official,principal
6266,1,1,0.6245266183680873,probability_native,0.6245266183680873,u_35565c32e493fbab,3,1,official,principal
901,1,1,0.8063522889316685,probability_native,0.8063522889316685,u_35565c32e493fbab,3,1,official,principal
1872,0,0,0.025885620590123195,probability_native,0.025885620590123195,u_35565c32e493fbab,3,1,official,principal
6751,0,0,0.02108758887030957,probability_native,0.02108758887030957,u_35565c32e493fbab,3,1,official,principal
1450,0,0,0.3573256238538459,probability_native,0.3573256238538459,u_35565c32e493fbab,3,1,official,principal
3643,0,0,0.036771846941656854,probability_native,0.036771846941656854,u_35565c32e493fbab,3,1,official,principal
6646,0,0,0.03835771947516409,probability_native,0.03835771947516409,u_35565c32e493fbab,3,1,official,principal
1095,0,1,0.8851457067527027,probability_native,0.8851457067527027,u_35565c32e493fbab,3,1,official,principal
4566,0,0,0.3614886712267668,probability_native,0.3614886712267668,u_35565c32e493fbab,3,1,official,principal
6106,1,1,0.5648759104245263,probability_native,0.5648759104245263,u_35565c32e493fbab,3,1,official,principal
1936,0,0,0.07997655174445147,probability_native,0.07997655174445147,u_35565c32e493fbab,3,1,official,principal
446,1,1,0.7388447301954724,probability_native,0.7388447301954724,u_35565c32e493fbab,3,1,official,principal
808,1,1,0.7945847088547504,probability_native,0.7945847088547504,u_35565c32e493fbab,3,1,official,principal
575,0,0,0.05539303779535817,probability_native,0.05539303779535817,u_35565c32e493fbab,3,1,official,principal
2347,0,0,0.22428267584869557,probability_native,0.22428267584869557,u_35565c32e493fbab,3,1,official,principal
1817,0,0,0.16552163672241735,probability_native,0.16552163672241735,u_35565c32e493fbab,3,1,official,principal
5481,1,1,0.891953377409715,probability_native,0.891953377409715,u_35565c32e493fbab,3,1,official,principal
5726,0,0,0.029150707644516664,probability_native,0.029150707644516664,u_35565c32e493fbab,3,1,official,principal
2739,0,0,0.31332087947007026,probability_native,0.31332087947007026,u_35565c32e493fbab,3,1,official,principal
7005,0,0,0.12314606009883301,probability_native,0.12314606009883301,u_35565c32e493fbab,3,1,official,principal
3338,1,1,0.8063623853078035,probability_native,0.8063623853078035,u_35565c32e493fbab,3,1,official,principal
2495,0,0,0.09250758357916176,probability_native,0.09250758357916176,u_35565c32e493fbab,3,1,official,principal
3082,0,0,0.06902500549570621,probability_native,0.06902500549570621,u_35565c32e493fbab,3,1,official,principal
3655,0,0,0.14717245862226086,probability_native,0.14717245862226086,u_35565c32e493fbab,3,1,official,principal
6200,0,0,0.011623701885783278,probability_native,0.011623701885783278,u_35565c32e493fbab,3,1,official,principal
4122,0,0,0.04226018567068236,probability_native,0.04226018567068236,u_35565c32e493fbab,3,1,official,principal
3980,1,1,0.8433022058776457,probability_native,0.8433022058776457,u_35565c32e493fbab,3,1,official,principal
4503,1,1,0.7655884530728922,probability_native,0.7655884530728922,u_35565c32e493fbab,3,1,official,principal
1934,1,1,0.764894145864456,probability_native,0.764894145864456,u_35565c32e493fbab,3,1,official,principal
4956,1,1,0.8405973063879322,probability_native,0.8405973063879322,u_35565c32e493fbab,3,1,official,principal
3125,0,0,0.35592598259464925,probability_native,0.35592598259464925,u_35565c32e493fbab,3,1,official,principal
4941,1,0,0.44591320701110265,probability_native,0.44591320701110265,u_35565c32e493fbab,3,1,official,principal
1814,0,0,0.08727615545864387,probability_native,0.08727615545864387,u_35565c32e493fbab,3,1,official,principal
5384,0,1,0.6587512678188086,probability_native,0.6587512678188086,u_35565c32e493fbab,3,1,official,principal
4107,0,0,0.10334152267957945,probability_native,0.10334152267957945,u_35565c32e493fbab,3,1,official,principal
1407,0,0,0.2491445523912544,probability_native,0.2491445523912544,u_35565c32e493fbab,3,1,official,principal
938,0,0,0.32901150834696336,probability_native,0.32901150834696336,u_35565c32e493fbab,3,1,official,principal
2032,1,1,0.8257018299674095,probability_native,0.8257018299674095,u_35565c32e493fbab,3,1,official,principal
4174,1,0,0.2433115618482051,probability_native,0.2433115618482051,u_35565c32e493fbab,3,1,official,principal
2732,0,0,0.27757715378183245,probability_native,0.27757715378183245,u_35565c32e493fbab,3,1,official,principal
3481,0,1,0.6915814356167718,probability_native,0.6915814356167718,u_35565c32e493fbab,3,1,official,principal
6911,0,0,0.018779636292972947,probability_native,0.018779636292972947,u_35565c32e493fbab,3,1,official,principal
2496,0,0,0.07242879480926473,probability_native,0.07242879480926473,u_35565c32e493fbab,3,1,official,principal
5941,0,0,0.3323446657404283,probability_native,0.3323446657404283,u_35565c32e493fbab,3,1,official,principal
2842,0,1,0.551662934403355,probability_native,0.551662934403355,u_35565c32e493fbab,3,1,official,principal
124,0,0,0.30725319645586696,probability_native,0.30725319645586696,u_35565c32e493fbab,3,1,official,principal
1866,0,0,0.22883726834277746,probability_native,0.22883726834277746,u_35565c32e493fbab,3,1,official,principal
1208,1,1,0.8798166046805675,probability_native,0.8798166046805675,u_35565c32e493fbab,3,1,official,principal
6795,0,0,0.3892009128429286,probability_native,0.3892009128429286,u_35565c32e493fbab,3,1,official,principal
3610,1,1,0.8502139454501831,probability_native,0.8502139454501831,u_35565c32e493fbab,3,1,official,principal
339,1,1,0.6681607120435372,probability_native,0.6681607120435372,u_35565c32e493fbab,3,1,official,principal
6863,0,0,0.11594500291766961,probability_native,0.11594500291766961,u_35565c32e493fbab,3,1,official,principal
1449,0,0,0.34165935867073977,probability_native,0.34165935867073977,u_35565c32e493fbab,3,1,official,principal
3963,0,0,0.009537704308371267,probability_native,0.009537704308371267,u_35565c32e493fbab,3,1,official,principal
214,0,1,0.807370405542415,probability_native,0.807370405542415,u_35565c32e493fbab,3,1,official,principal
1090,0,0,0.3252634649670521,probability_native,0.3252634649670521,u_35565c32e493fbab,3,1,official,principal
2494,1,1,0.5131835075525307,probability_native,0.5131835075525307,u_35565c32e493fbab,3,1,official,principal
5018,0,0,0.0067217431789863705,probability_native,0.0067217431789863705,u_35565c32e493fbab,3,1,official,principal
5875,0,0,0.03322772927298454,probability_native,0.03322772927298454,u_35565c32e493fbab,3,1,official,principal
2185,1,0,0.38457860578517045,probability_native,0.38457860578517045,u_35565c32e493fbab,3,1,official,principal
4520,1,0,0.34158675174113706,probability_native,0.34158675174113706,u_35565c32e493fbab,3,1,official,principal
6368,1,1,0.9285293725063916,probability_native,0.9285293725063916,u_35565c32e493fbab,3,1,official,principal
2895,0,0,0.10209711760095729,probability_native,0.10209711760095729,u_35565c32e493fbab,3,1,official,principal
729,0,0,0.06042927768761084,probability_native,0.06042927768761084,u_35565c32e493fbab,3,1,official,principal
6791,1,1,0.7460517871227267,probability_native,0.7460517871227267,u_35565c32e493fbab,3,1,official,principal
1771,1,1,0.8864581803274729,probability_native,0.8864581803274729,u_35565c32e493fbab,3,1,official,principal
4797,0,0,0.10082577765849343,probability_native,0.10082577765849343,u_35565c32e493fbab,3,1,official,principal
6877,1,1,0.7330864767220645,probability_native,0.7330864767220645,u_35565c32e493fbab,3,1,official,principal
1717,0,0,0.008845860307907925,probability_native,0.008845860307907925,u_35565c32e493fbab,3,1,official,principal
2008,1,1,0.7339638268710377,probability_native,0.7339638268710377,u_35565c32e493fbab,3,1,official,principal
6096,0,1,0.8664231274385764,probability_native,0.8664231274385764,u_35565c32e493fbab,3,1,official,principal
1103,0,0,0.4684830123029534,probability_native,0.4684830123029534,u_35565c32e493fbab,3,1,official,principal
6830,0,0,0.056950783918136814,probability_native,0.056950783918136814,u_35565c32e493fbab,3,1,official,principal
1713,0,0,0.16967269094909188,probability_native,0.16967269094909188,u_35565c32e493fbab,3,1,official,principal
3854,0,0,0.46851397205607925,probability_native,0.46851397205607925,u_35565c32e493fbab,3,1,official,principal
2228,0,0,0.187744504519109,probability_native,0.187744504519109,u_35565c32e493fbab,3,1,official,principal
137,0,0,0.010633755580894876,probability_native,0.010633755580894876,u_35565c32e493fbab,3,1,official,principal
2548,0,1,0.7639926668137124,probability_native,0.7639926668137124,u_35565c32e493fbab,3,1,official,principal
5872,1,1,0.8232498676637598,probability_native,0.8232498676637598,u_35565c32e493fbab,3,1,official,principal
370,0,0,0.07831896526223668,probability_native,0.07831896526223668,u_35565c32e493fbab,3,1,official,principal
3347,0,0,0.05714907465936995,probability_native,0.05714907465936995,u_35565c32e493fbab,3,1,official,principal
2985,0,0,0.27545647395573253,probability_native,0.27545647395573253,u_35565c32e493fbab,3,1,official,principal
5312,1,1,0.5167192805415713,probability_native,0.5167192805415713,u_35565c32e493fbab,3,1,official,principal
5579,1,0,0.041902729755036214,probability_native,0.041902729755036214,u_35565c32e493fbab,3,1,official,principal
2617,1,0,0.45420195185933854,probability_native,0.45420195185933854,u_35565c32e493fbab,3,1,official,principal
4905,0,0,0.01877801016432972,probability_native,0.01877801016432972,u_35565c32e493fbab,3,1,official,principal
4431,0,1,0.7629095182466957,probability_native,0.7629095182466957,u_35565c32e493fbab,3,1,official,principal
3301,1,1,0.8657750194085659,probability_native,0.8657750194085659,u_35565c32e493fbab,3,1,official,principal
1246,0,1,0.6234649424012905,probability_native,0.6234649424012905,u_35565c32e493fbab,3,1,official,principal
5862,0,1,0.6136409598856715,probability_native,0.6136409598856715,u_35565c32e493fbab,3,1,official,principal
2353,0,1,0.8846253686714205,probability_native,0.8846253686714205,u_35565c32e493fbab,3,1,official,principal
5698,1,1,0.7955639180206461,probability_native,0.7955639180206461,u_35565c32e493fbab,3,1,official,principal
5474,0,1,0.8994956395889088,probability_native,0.8994956395889088,u_35565c32e493fbab,3,1,official,principal
773,1,1,0.7651534511831052,probability_native,0.7651534511831052,u_35565c32e493fbab,3,1,official,principal
2535,0,0,0.0631148563476167,probability_native,0.0631148563476167,u_35565c32e493fbab,3,1,official,principal
5890,0,0,0.0514501899857758,probability_native,0.0514501899857758,u_35565c32e493fbab,3,1,official,principal
4999,0,0,0.07066261079831239,probability_native,0.07066261079831239,u_35565c32e493fbab,3,1,official,principal
6710,0,0,0.07099751535843916,probability_native,0.07099751535843916,u_35565c32e493fbab,3,1,official,principal
4811,1,1,0.6333636353370986,probability_native,0.6333636353370986,u_35565c32e493fbab,3,1,official,principal
3063,0,1,0.8106114421678303,probability_native,0.8106114421678303,u_35565c32e493fbab,3,1,official,principal
4561,0,1,0.5984816130419447,probability_native,0.5984816130419447,u_35565c32e493fbab,3,1,official,principal
1650,1,1,0.821575331482142,probability_native,0.821575331482142,u_35565c32e493fbab,3,1,official,principal
323,0,0,0.241420049449695,probability_native,0.241420049449695,u_35565c32e493fbab,3,1,official,principal
2339,1,1,0.875455747114087,probability_native,0.875455747114087,u_35565c32e493fbab,3,1,official,principal
6664,0,1,0.6122686057642385,probability_native,0.6122686057642385,u_35565c32e493fbab,3,1,official,principal
1197,0,0,0.32040624836485665,probability_native,0.32040624836485665,u_35565c32e493fbab,3,1,official,principal
6288,0,1,0.8647142663385629,probability_native,0.8647142663385629,u_35565c32e493fbab,3,1,official,principal
3786,0,1,0.6343283073188475,probability_native,0.6343283073188475,u_35565c32e493fbab,3,1,official,principal
2013,0,0,0.06715191618500996,probability_native,0.06715191618500996,u_35565c32e493fbab,3,1,official,principal
1922,0,1,0.5336153966171575,probability_native,0.5336153966171575,u_35565c32e493fbab,3,1,official,principal
134,1,1,0.6631696233799002,probability_native,0.6631696233799002,u_35565c32e493fbab,3,1,official,principal
3772,1,1,0.8737402348923188,probability_native,0.8737402348923188,u_35565c32e493fbab,3,1,official,principal
6789,1,0,0.4555877117788436,probability_native,0.4555877117788436,u_35565c32e493fbab,3,1,official,principal
224,0,0,0.2286124693355144,probability_native,0.2286124693355144,u_35565c32e493fbab,3,1,official,principal
2766,0,0,0.3679241659967862,probability_native,0.3679241659967862,u_35565c32e493fbab,3,1,official,principal
2442,1,1,0.892999593052803,probability_native,0.892999593052803,u_35565c32e493fbab,3,1,official,principal
594,0,1,0.5888274238016862,probability_native,0.5888274238016862,u_35565c32e493fbab,3,1,official,principal
5532,0,0,0.042354913215392996,probability_native,0.042354913215392996,u_35565c32e493fbab,3,1,official,principal
6162,0,0,0.12559717622098518,probability_native,0.12559717622098518,u_35565c32e493fbab,3,1,official,principal
5409,1,1,0.8032890106258911,probability_native,0.8032890106258911,u_35565c32e493fbab,3,1,official,principal
1452,0,0,0.33006035539253326,probability_native,0.33006035539253326,u_35565c32e493fbab,3,1,official,principal
2588,0,1,0.5341389630680734,probability_native,0.5341389630680734,u_35565c32e493fbab,3,1,official,principal
1029,1,1,0.6805807861551981,probability_native,0.6805807861551981,u_35565c32e493fbab,3,1,official,principal
2685,0,0,0.08736149404605367,probability_native,0.08736149404605367,u_35565c32e493fbab,3,1,official,principal
4375,0,0,0.2542838721891727,probability_native,0.2542838721891727,u_35565c32e493fbab,3,1,official,principal
2615,0,0,0.05111964924966143,probability_native,0.05111964924966143,u_35565c32e493fbab,3,1,official,principal
283,0,0,0.08729463631634865,probability_native,0.08729463631634865,u_35565c32e493fbab,3,1,official,principal
6683,0,0,0.2823871731611359,probability_native,0.2823871731611359,u_35565c32e493fbab,3,1,official,principal
794,0,1,0.7235949702239727,probability_native,0.7235949702239727,u_35565c32e493fbab,3,1,official,principal
3288,0,0,0.08056541918988377,probability_native,0.08056541918988377,u_35565c32e493fbab,3,1,official,principal
1436,1,1,0.903345367335575,probability_native,0.903345367335575,u_35565c32e493fbab,3,1,official,principal
5065,0,0,0.15805629750749262,probability_native,0.15805629750749262,u_35565c32e493fbab,3,1,official,principal
1674,0,0,0.0679012494919449,probability_native,0.0679012494919449,u_35565c32e493fbab,3,1,official,principal
5050,1,0,0.18479700176691136,probability_native,0.18479700176691136,u_35565c32e493fbab,3,1,official,principal
7020,0,0,0.4103979521409615,probability_native,0.4103979521409615,u_35565c32e493fbab,3,1,official,principal
2596,0,0,0.31451654963247244,probability_native,0.31451654963247244,u_35565c32e493fbab,3,1,official,principal
1244,1,0,0.24516490101763336,probability_native,0.24516490101763336,u_35565c32e493fbab,3,1,official,principal
772,1,0,0.37436023074508556,probability_native,0.37436023074508556,u_35565c32e493fbab,3,1,official,principal
2340,0,0,0.12420147667641852,probability_native,0.12420147667641852,u_35565c32e493fbab,3,1,official,principal
1626,0,0,0.29368956671184726,probability_native,0.29368956671184726,u_35565c32e493fbab,3,1,official,principal
3629,0,0,0.11782279640170322,probability_native,0.11782279640170322,u_35565c32e493fbab,3,1,official,principal
6824,1,0,0.3432682869039432,probability_native,0.3432682869039432,u_35565c32e493fbab,3,1,official,principal
7007,0,0,0.05867510083441017,probability_native,0.05867510083441017,u_35565c32e493fbab,3,1,official,principal
6479,1,1,0.6777577122176197,probability_native,0.6777577122176197,u_35565c32e493fbab,3,1,official,principal
1740,0,0,0.12651319171349248,probability_native,0.12651319171349248,u_35565c32e493fbab,3,1,official,principal
3363,0,0,0.11833307213492787,probability_native,0.11833307213492787,u_35565c32e493fbab,3,1,official,principal
6994,0,0,0.08173108537764898,probability_native,0.08173108537764898,u_35565c32e493fbab,3,1,official,principal
770,0,0,0.34287398154660514,probability_native,0.34287398154660514,u_35565c32e493fbab,3,1,official,principal
1991,0,0,0.220072039097231,probability_native,0.220072039097231,u_35565c32e493fbab,3,1,official,principal
4598,0,0,0.3813030400014418,probability_native,0.3813030400014418,u_35565c32e493fbab,3,1,official,principal
6999,1,1,0.6310168299845155,probability_native,0.6310168299845155,u_35565c32e493fbab,3,1,official,principal
4864,0,0,0.3352996717705797,probability_native,0.3352996717705797,u_35565c32e493fbab,3,1,official,principal
3127,1,1,0.5662573819179166,probability_native,0.5662573819179166,u_35565c32e493fbab,3,1,official,principal
6468,0,0,0.44331759755716,probability_native,0.44331759755716,u_35565c32e493fbab,3,1,official,principal
3559,0,0,0.04966692329063119,probability_native,0.04966692329063119,u_35565c32e493fbab,3,1,official,principal
6063,0,0,0.011541085402198694,probability_native,0.011541085402198694,u_35565c32e493fbab,3,1,official,principal
5791,0,1,0.6596751562811397,probability_native,0.6596751562811397,u_35565c32e493fbab,3,1,official,principal
6752,0,0,0.20013325802970847,probability_native,0.20013325802970847,u_35565c32e493fbab,3,1,official,principal
4103,0,0,0.13827671386262969,probability_native,0.13827671386262969,u_35565c32e493fbab,3,1,official,principal
6639,0,0,0.3532391215780116,probability_native,0.3532391215780116,u_35565c32e493fbab,3,1,official,principal
3650,0,0,0.019468559213786134,probability_native,0.019468559213786134,u_35565c32e493fbab,3,1,official,principal
955,1,1,0.5716990689726459,probability_native,0.5716990689726459,u_35565c32e493fbab,3,1,official,principal
4088,1,1,0.8137165148272223,probability_native,0.8137165148272223,u_35565c32e493fbab,3,1,official,principal
1133,0,0,0.32979983555000253,probability_native,0.32979983555000253,u_35565c32e493fbab,3,1,official,principal
3084,0,0,0.2670654544347819,probability_native,0.2670654544347819,u_35565c32e493fbab,3,1,official,principal
1310,1,1,0.8212277992075054,probability_native,0.8212277992075054,u_35565c32e493fbab,3,1,official,principal
2908,1,1,0.8335520352886087,probability_native,0.8335520352886087,u_35565c32e493fbab,3,1,official,principal
5593,0,0,0.19716556095645832,probability_native,0.19716556095645832,u_35565c32e493fbab,3,1,official,principal
4622,0,0,0.4888441545710394,probability_native,0.4888441545710394,u_35565c32e493fbab,3,1,official,principal
653,0,0,0.2827427593476206,probability_native,0.2827427593476206,u_35565c32e493fbab,3,1,official,principal
2077,1,1,0.8086758591549709,probability_native,0.8086758591549709,u_35565c32e493fbab,3,1,official,principal
4560,0,1,0.7860170897918537,probability_native,0.7860170897918537,u_35565c32e493fbab,3,1,official,principal
3895,0,0,0.018957526581505242,probability_native,0.018957526581505242,u_35565c32e493fbab,3,1,official,principal
6776,0,0,0.056590522875285015,probability_native,0.056590522875285015,u_35565c32e493fbab,3,1,official,principal
5458,1,1,0.5108917677629764,probability_native,0.5108917677629764,u_35565c32e493fbab,3,1,official,principal
5337,0,0,0.3447886849763229,probability_native,0.3447886849763229,u_35565c32e493fbab,3,1,official,principal
6199,1,1,0.6711145056799648,probability_native,0.6711145056799648,u_35565c32e493fbab,3,1,official,principal
601,0,0,0.2633561935562367,probability_native,0.2633561935562367,u_35565c32e493fbab,3,1,official,principal
4265,1,0,0.4990095242164441,probability_native,0.4990095242164441,u_35565c32e493fbab,3,1,official,principal
5974,0,0,0.3162989801976282,probability_native,0.3162989801976282,u_35565c32e493fbab,3,1,official,principal
3523,0,0,0.08137799317390275,probability_native,0.08137799317390275,u_35565c32e493fbab,3,1,official,principal
1525,0,0,0.2887296787995022,probability_native,0.2887296787995022,u_35565c32e493fbab,3,1,official,principal
5672,0,0,0.18768533410535448,probability_native,0.18768533410535448,u_35565c32e493fbab,3,1,official,principal
52,0,0,0.39437803999130816,probability_native,0.39437803999130816,u_35565c32e493fbab,3,1,official,principal
4626,0,0,0.49983005055375473,probability_native,0.49983005055375473,u_35565c32e493fbab,3,1,official,principal
5217,0,0,0.4191681188556276,probability_native,0.4191681188556276,u_35565c32e493fbab,3,1,official,principal
5888,1,1,0.7054927384106578,probability_native,0.7054927384106578,u_35565c32e493fbab,3,1,official,principal
786,0,0,0.01994136701873988,probability_native,0.01994136701873988,u_35565c32e493fbab,3,1,official,principal
3059,0,0,0.01865402315259599,probability_native,0.01865402315259599,u_35565c32e493fbab,3,1,official,principal
4456,0,0,0.017470278399599016,probability_native,0.017470278399599016,u_35565c32e493fbab,3,1,official,principal
3486,0,0,0.2781779995250826,probability_native,0.2781779995250826,u_35565c32e493fbab,3,1,official,principal
2310,0,0,0.04825028986488195,probability_native,0.04825028986488195,u_35565c32e493fbab,3,1,official,principal
3335,0,0,0.42383044727645164,probability_native,0.42383044727645164,u_35565c32e493fbab,3,1,official,principal
333,1,1,0.8523258998848556,probability_native,0.8523258998848556,u_35565c32e493fbab,3,1,official,principal
5301,1,1,0.7869843575808634,probability_native,0.7869843575808634,u_35565c32e493fbab,3,1,official,principal
3489,0,0,0.301910857578519,probability_native,0.301910857578519,u_35565c32e493fbab,3,1,official,principal
3640,1,1,0.8234214957571491,probability_native,0.8234214957571491,u_35565c32e493fbab,3,1,official,principal
2659,0,0,0.047633253818197024,probability_native,0.047633253818197024,u_35565c32e493fbab,3,1,official,principal
3543,0,0,0.07395766209904078,probability_native,0.07395766209904078,u_35565c32e493fbab,3,1,official,principal
6289,1,0,0.09943659581303452,probability_native,0.09943659581303452,u_35565c32e493fbab,3,1,official,principal
989,0,0,0.06656473454884476,probability_native,0.06656473454884476,u_35565c32e493fbab,3,1,official,principal
2202,1,1,0.7974567258903216,probability_native,0.7974567258903216,u_35565c32e493fbab,3,1,official,principal
2829,1,1,0.8426225680780003,probability_native,0.8426225680780003,u_35565c32e493fbab,3,1,official,principal
5621,1,1,0.811724166740443,probability_native,0.811724166740443,u_35565c32e493fbab,3,1,official,principal
20,1,1,0.8722109113296364,probability_native,0.8722109113296364,u_35565c32e493fbab,3,1,official,principal
2932,0,0,0.39631658482732,probability_native,0.39631658482732,u_35565c32e493fbab,3,1,official,principal
70,0,1,0.5116006219592949,probability_native,0.5116006219592949,u_35565c32e493fbab,3,1,official,principal
1304,1,1,0.8351191818495908,probability_native,0.8351191818495908,u_35565c32e493fbab,3,1,official,principal
4881,0,0,0.4804854365949662,probability_native,0.4804854365949662,u_35565c32e493fbab,3,1,official,principal
371,1,1,0.9039370219843529,probability_native,0.9039370219843529,u_35565c32e493fbab,3,1,official,principal
5328,0,0,0.07795990036329117,probability_native,0.07795990036329117,u_35565c32e493fbab,3,1,official,principal
1805,0,0,0.018962682410725237,probability_native,0.018962682410725237,u_35565c32e493fbab,3,1,official,principal
1099,0,1,0.5689729681522117,probability_native,0.5689729681522117,u_35565c32e493fbab,3,1,official,principal
268,1,0,0.015677261862001916,probability_native,0.015677261862001916,u_35565c32e493fbab,3,1,official,principal
2162,0,1,0.6450498953852044,probability_native,0.6450498953852044,u_35565c32e493fbab,3,1,official,principal
3453,0,0,0.4866148447483169,probability_native,0.4866148447483169,u_35565c32e493fbab,3,1,official,principal
3892,0,0,0.2158133018321665,probability_native,0.2158133018321665,u_35565c32e493fbab,3,1,official,principal
199,0,0,0.3369857754134319,probability_native,0.3369857754134319,u_35565c32e493fbab,3,1,official,principal
6232,1,1,0.9163633087500288,probability_native,0.9163633087500288,u_35565c32e493fbab,3,1,official,principal
1985,1,1,0.5081772175452797,probability_native,0.5081772175452797,u_35565c32e493fbab,3,1,official,principal
5535,0,0,0.0723823425730826,probability_native,0.0723823425730826,u_35565c32e493fbab,3,1,official,principal
2362,0,0,0.33872202868962403,probability_native,0.33872202868962403,u_35565c32e493fbab,3,1,official,principal
3200,1,1,0.7072199128743504,probability_native,0.7072199128743504,u_35565c32e493fbab,3,1,official,principal
3400,0,1,0.7218562433000474,probability_native,0.7218562433000474,u_35565c32e493fbab,3,1,official,principal
6153,0,0,0.017987756804096144,probability_native,0.017987756804096144,u_35565c32e493fbab,3,1,official,principal
2779,1,1,0.8794090598884198,probability_native,0.8794090598884198,u_35565c32e493fbab,3,1,official,principal
3513,0,0,0.2620229306632493,probability_native,0.2620229306632493,u_35565c32e493fbab,3,1,official,principal
489,1,1,0.8570890665485819,probability_native,0.8570890665485819,u_35565c32e493fbab,3,1,official,principal
255,0,0,0.10395060414434601,probability_native,0.10395060414434601,u_35565c32e493fbab,3,1,official,principal
3871,1,1,0.8884204452589463,probability_native,0.8884204452589463,u_35565c32e493fbab,3,1,official,principal
5803,1,1,0.8671435880713378,probability_native,0.8671435880713378,u_35565c32e493fbab,3,1,official,principal
2875,1,1,0.8425520710256511,probability_native,0.8425520710256511,u_35565c32e493fbab,3,1,official,principal
4563,1,1,0.7658409378254518,probability_native,0.7658409378254518,u_35565c32e493fbab,3,1,official,principal
3740,0,1,0.8270745717564268,probability_native,0.8270745717564268,u_35565c32e493fbab,3,1,official,principal
3103,1,1,0.5758894913460496,probability_native,0.5758894913460496,u_35565c32e493fbab,3,1,official,principal
1617,0,0,0.4390914156208899,probability_native,0.4390914156208899,u_35565c32e493fbab,3,1,official,principal
5008,0,0,0.1069196301292162,probability_native,0.1069196301292162,u_35565c32e493fbab,3,1,official,principal
5333,1,1,0.8032293197344922,probability_native,0.8032293197344922,u_35565c32e493fbab,3,1,official,principal
5689,0,1,0.8308193618220224,probability_native,0.8308193618220224,u_35565c32e493fbab,3,1,official,principal
3802,0,0,0.38603124450730103,probability_native,0.38603124450730103,u_35565c32e493fbab,3,1,official,principal
1209,0,0,0.35281372639922,probability_native,0.35281372639922,u_35565c32e493fbab,3,1,official,principal
2851,0,0,0.05537057152519483,probability_native,0.05537057152519483,u_35565c32e493fbab,3,1,official,principal
356,0,1,0.5900346173829862,probability_native,0.5900346173829862,u_35565c32e493fbab,3,1,official,principal
3881,0,0,0.01938007941729904,probability_native,0.01938007941729904,u_35565c32e493fbab,3,1,official,principal
676,0,0,0.05890143513140794,probability_native,0.05890143513140794,u_35565c32e493fbab,3,1,official,principal
2165,0,0,0.17682544562757427,probability_native,0.17682544562757427,u_35565c32e493fbab,3,1,official,principal
4270,0,0,0.0813981152941399,probability_native,0.0813981152941399,u_35565c32e493fbab,3,1,official,principal
2004,1,1,0.7642732854035533,probability_native,0.7642732854035533,u_35565c32e493fbab,3,1,official,principal
917,0,0,0.05193939954494499,probability_native,0.05193939954494499,u_35565c32e493fbab,3,1,official,principal
412,0,1,0.7481205296343211,probability_native,0.7481205296343211,u_35565c32e493fbab,3,1,official,principal
3282,0,0,0.369463361115344,probability_native,0.369463361115344,u_35565c32e493fbab,3,1,official,principal
5418,0,1,0.723839845184767,probability_native,0.723839845184767,u_35565c32e493fbab,3,1,official,principal
3496,0,0,0.46367502344970835,probability_native,0.46367502344970835,u_35565c32e493fbab,3,1,official,principal
1913,0,0,0.4117508153617505,probability_native,0.4117508153617505,u_35565c32e493fbab,3,1,official,principal
2827,0,1,0.6444964817923741,probability_native,0.6444964817923741,u_35565c32e493fbab,3,1,official,principal
6631,0,0,0.4201915096852858,probability_native,0.4201915096852858,u_35565c32e493fbab,3,1,official,principal
2845,0,1,0.7923569031729036,probability_native,0.7923569031729036,u_35565c32e493fbab,3,1,official,principal
5908,1,0,0.3864728521118623,probability_native,0.3864728521118623,u_35565c32e493fbab,3,1,official,principal
1592,1,0,0.49579503136103203,probability_native,0.49579503136103203,u_35565c32e493fbab,3,1,official,principal
4551,0,0,0.38831252906057145,probability_native,0.38831252906057145,u_35565c32e493fbab,3,1,official,principal
4501,0,0,0.030153580843684122,probability_native,0.030153580843684122,u_35565c32e493fbab,3,1,official,principal
363,0,0,0.03422752333629566,probability_native,0.03422752333629566,u_35565c32e493fbab,3,1,official,principal
4542,0,1,0.6080930328962278,probability_native,0.6080930328962278,u_35565c32e493fbab,3,1,official,principal
34,0,1,0.6061516813936619,probability_native,0.6061516813936619,u_35565c32e493fbab,3,1,official,principal
4372,0,0,0.42025544465018905,probability_native,0.42025544465018905,u_35565c32e493fbab,3,1,official,principal
423,0,0,0.06392036338842248,probability_native,0.06392036338842248,u_35565c32e493fbab,3,1,official,principal
1026,1,1,0.9212332999939735,probability_native,0.9212332999939735,u_35565c32e493fbab,3,1,official,principal
913,0,0,0.17323406873838404,probability_native,0.17323406873838404,u_35565c32e493fbab,3,1,official,principal
3332,1,1,0.5904050458091288,probability_native,0.5904050458091288,u_35565c32e493fbab,3,1,official,principal
627,0,0,0.32665179023863034,probability_native,0.32665179023863034,u_35565c32e493fbab,3,1,official,principal
1658,1,0,0.42993451052870674,probability_native,0.42993451052870674,u_35565c32e493fbab,3,1,official,principal
5793,0,1,0.552843056174109,probability_native,0.552843056174109,u_35565c32e493fbab,3,1,official,principal
4233,0,0,0.13879912230479674,probability_native,0.13879912230479674,u_35565c32e493fbab,3,1,official,principal
1806,0,0,0.0384566579607766,probability_native,0.0384566579607766,u_35565c32e493fbab,3,1,official,principal
3134,0,0,0.10468320173728839,probability_native,0.10468320173728839,u_35565c32e493fbab,3,1,official,principal
5770,0,0,0.11917652917760481,probability_native,0.11917652917760481,u_35565c32e493fbab,3,1,official,principal
4416,0,1,0.6821898515866476,probability_native,0.6821898515866476,u_35565c32e493fbab,3,1,official,principal
4894,0,0,0.21409161256017167,probability_native,0.21409161256017167,u_35565c32e493fbab,3,1,official,principal
4029,0,0,0.03230460706820155,probability_native,0.03230460706820155,u_35565c32e493fbab,3,1,official,principal
2239,0,0,0.016968327370793984,probability_native,0.016968327370793984,u_35565c32e493fbab,3,1,official,principal
3903,0,0,0.34718033891208416,probability_native,0.34718033891208416,u_35565c32e493fbab,3,1,official,principal
724,1,1,0.8445957418008443,probability_native,0.8445957418008443,u_35565c32e493fbab,3,1,official,principal
3231,0,0,0.3938580424052414,probability_native,0.3938580424052414,u_35565c32e493fbab,3,1,official,principal
2337,1,0,0.4685164921180462,probability_native,0.4685164921180462,u_35565c32e493fbab,3,1,official,principal
876,1,1,0.6954277229012524,probability_native,0.6954277229012524,u_35565c32e493fbab,3,1,official,principal
5755,0,1,0.8290389964160056,probability_native,0.8290389964160056,u_35565c32e493fbab,3,1,official,principal
6477,0,0,0.1790442683164989,probability_native,0.1790442683164989,u_35565c32e493fbab,3,1,official,principal
426,0,1,0.5401703786390379,probability_native,0.5401703786390379,u_35565c32e493fbab,3,1,official,principal
3237,0,0,0.013102763172722421,probability_native,0.013102763172722421,u_35565c32e493fbab,3,1,official,principal
4398,0,0,0.02853242037048984,probability_native,0.02853242037048984,u_35565c32e493fbab,3,1,official,principal
3473,1,1,0.67468007442407,probability_native,0.67468007442407,u_35565c32e493fbab,3,1,official,principal
6187,0,0,0.10094346762040701,probability_native,0.10094346762040701,u_35565c32e493fbab,3,1,official,principal
2950,0,1,0.525403039727469,probability_native,0.525403039727469,u_35565c32e493fbab,3,1,official,principal
5398,0,0,0.3757073585452544,probability_native,0.3757073585452544,u_35565c32e493fbab,3,1,official,principal
3546,0,0,0.06320442836584386,probability_native,0.06320442836584386,u_35565c32e493fbab,3,1,official,principal
237,0,1,0.8153323752520637,probability_native,0.8153323752520637,u_35565c32e493fbab,3,1,official,principal
3979,0,0,0.016357111337393693,probability_native,0.016357111337393693,u_35565c32e493fbab,3,1,official,principal
4084,1,1,0.8372026483512137,probability_native,0.8372026483512137,u_35565c32e493fbab,3,1,official,principal
4868,1,1,0.8172535085571565,probability_native,0.8172535085571565,u_35565c32e493fbab,3,1,official,principal
3076,1,1,0.5109234450888192,probability_native,0.5109234450888192,u_35565c32e493fbab,3,1,official,principal
5540,1,0,0.3388975836452552,probability_native,0.3388975836452552,u_35565c32e493fbab,3,1,official,principal
6881,0,0,0.3921533239597887,probability_native,0.3921533239597887,u_35565c32e493fbab,3,1,official,principal
2164,0,0,0.060304490611296405,probability_native,0.060304490611296405,u_35565c32e493fbab,3,1,official,principal
3107,0,0,0.12452194619105177,probability_native,0.12452194619105177,u_35565c32e493fbab,3,1,official,principal
6765,0,0,0.014925372064570551,probability_native,0.014925372064570551,u_35565c32e493fbab,3,1,official,principal
1558,1,1,0.7741734744597746,probability_native,0.7741734744597746,u_35565c32e493fbab,3,1,official,principal
3519,0,1,0.7329087668937496,probability_native,0.7329087668937496,u_35565c32e493fbab,3,1,official,principal
2359,0,0,0.39543981232125,probability_native,0.39543981232125,u_35565c32e493fbab,3,1,official,principal
1379,0,0,0.02606117935218926,probability_native,0.02606117935218926,u_35565c32e493fbab,3,1,official,principal
1030,0,0,0.3853581783600848,probability_native,0.3853581783600848,u_35565c32e493fbab,3,1,official,principal
388,0,1,0.6503017012373945,probability_native,0.6503017012373945,u_35565c32e493fbab,3,1,official,principal
1480,0,0,0.18309201093193758,probability_native,0.18309201093193758,u_35565c32e493fbab,3,1,official,principal
2554,0,1,0.510640476003974,probability_native,0.510640476003974,u_35565c32e493fbab,3,1,official,principal
4440,0,0,0.1786307259183627,probability_native,0.1786307259183627,u_35565c32e493fbab,3,1,official,principal
496,0,0,0.2095791102053098,probability_native,0.2095791102053098,u_35565c32e493fbab,3,1,official,principal
4704,0,1,0.6066636261400247,probability_native,0.6066636261400247,u_35565c32e493fbab,3,1,official,principal
4483,0,0,0.014337511500914406,probability_native,0.014337511500914406,u_35565c32e493fbab,3,1,official,principal
5377,0,1,0.7132420646482451,probability_native,0.7132420646482451,u_35565c32e493fbab,3,1,official,principal
5175,0,0,0.14508387956359003,probability_native,0.14508387956359003,u_35565c32e493fbab,3,1,official,principal
6820,0,0,0.45888066239127495,probability_native,0.45888066239127495,u_35565c32e493fbab,3,1,official,principal
3442,0,1,0.6611320805252584,probability_native,0.6611320805252584,u_35565c32e493fbab,3,1,official,principal
3119,1,1,0.6999397841316516,probability_native,0.6999397841316516,u_35565c32e493fbab,3,1,official,principal
4442,1,1,0.8773782608148946,probability_native,0.8773782608148946,u_35565c32e493fbab,3,1,official,principal
3805,1,1,0.8734486224363069,probability_native,0.8734486224363069,u_35565c32e493fbab,3,1,official,principal
2318,0,0,0.07058403036791713,probability_native,0.07058403036791713,u_35565c32e493fbab,3,1,official,principal
1453,0,1,0.7868962148144442,probability_native,0.7868962148144442,u_35565c32e493fbab,3,1,official,principal
3875,1,1,0.6082842227687973,probability_native,0.6082842227687973,u_35565c32e493fbab,3,1,official,principal
831,0,0,0.03542465010905553,probability_native,0.03542465010905553,u_35565c32e493fbab,3,1,official,principal
100,0,0,0.3864728521118623,probability_native,0.3864728521118623,u_35565c32e493fbab,3,1,official,principal
3863,0,1,0.882665370786595,probability_native,0.882665370786595,u_35565c32e493fbab,3,1,official,principal
3342,0,0,0.23168374751938903,probability_native,0.23168374751938903,u_35565c32e493fbab,3,1,official,principal
312,0,0,0.16579655844594132,probability_native,0.16579655844594132,u_35565c32e493fbab,3,1,official,principal
1852,1,1,0.56063785624905,probability_native,0.56063785624905,u_35565c32e493fbab,3,1,official,principal
6209,0,0,0.37308074999882396,probability_native,0.37308074999882396,u_35565c32e493fbab,3,1,official,principal
4202,0,0,0.20525393568453312,probability_native,0.20525393568453312,u_35565c32e493fbab,3,1,official,principal
981,0,0,0.029265434854464686,probability_native,0.029265434854464686,u_35565c32e493fbab,3,1,official,principal
5215,1,0,0.315790330213683,probability_native,0.315790330213683,u_35565c32e493fbab,3,1,official,principal
6955,0,1,0.6461184114594734,probability_native,0.6461184114594734,u_35565c32e493fbab,3,1,official,principal
4215,0,0,0.248931556241403,probability_native,0.248931556241403,u_35565c32e493fbab,3,1,official,principal
4573,0,0,0.011812229330197148,probability_native,0.011812229330197148,u_35565c32e493fbab,3,1,official,principal
1259,1,0,0.38570656044710294,probability_native,0.38570656044710294,u_35565c32e493fbab,3,1,official,principal
4458,1,1,0.7106207952214785,probability_native,0.7106207952214785,u_35565c32e493fbab,3,1,official,principal
4419,0,0,0.2516733983363027,probability_native,0.2516733983363027,u_35565c32e493fbab,3,1,official,principal
6588,0,0,0.06781302797693697,probability_native,0.06781302797693697,u_35565c32e493fbab,3,1,official,principal
2125,0,0,0.09141553228091523,probability_native,0.09141553228091523,u_35565c32e493fbab,3,1,official,principal
1781,0,1,0.5909117480998979,probability_native,0.5909117480998979,u_35565c32e493fbab,3,1,official,principal
1279,0,0,0.16459317291234163,probability_native,0.16459317291234163,u_35565c32e493fbab,3,1,official,principal
497,0,0,0.010030512314595879,probability_native,0.010030512314595879,u_35565c32e493fbab,3,1,official,principal
5020,0,0,0.04305744380392664,probability_native,0.04305744380392664,u_35565c32e493fbab,3,1,official,principal
834,1,1,0.8763400577033886,probability_native,0.8763400577033886,u_35565c32e493fbab,3,1,official,principal
2670,0,0,0.24852875822069628,probability_native,0.24852875822069628,u_35565c32e493fbab,3,1,official,principal
995,1,0,0.41157392107268964,probability_native,0.41157392107268964,u_35565c32e493fbab,3,1,official,principal
4329,1,1,0.6924113742556596,probability_native,0.6924113742556596,u_35565c32e493fbab,3,1,official,principal
1232,1,1,0.6033508942994714,probability_native,0.6033508942994714,u_35565c32e493fbab,3,1,official,principal
864,1,1,0.7974515210372078,probability_native,0.7974515210372078,u_35565c32e493fbab,3,1,official,principal
3841,1,1,0.8151953892366104,probability_native,0.8151953892366104,u_35565c32e493fbab,3,1,official,principal
2409,0,0,0.37567595512019025,probability_native,0.37567595512019025,u_35565c32e493fbab,3,1,official,principal
4930,0,1,0.6253752549704654,probability_native,0.6253752549704654,u_35565c32e493fbab,3,1,official,principal
6301,0,0,0.1882248824933186,probability_native,0.1882248824933186,u_35565c32e493fbab,3,1,official,principal
3160,0,0,0.017175761752180666,probability_native,0.017175761752180666,u_35565c32e493fbab,3,1,official,principal
5232,0,0,0.33991717212474115,probability_native,0.33991717212474115,u_35565c32e493fbab,3,1,official,principal
3964,0,0,0.08352530497558733,probability_native,0.08352530497558733,u_35565c32e493fbab,3,1,official,principal
704,0,1,0.5392488539581896,probability_native,0.5392488539581896,u_35565c32e493fbab,3,1,official,principal
1018,0,1,0.7982572940092328,probability_native,0.7982572940092328,u_35565c32e493fbab,3,1,official,principal
1840,1,0,0.09647478674799956,probability_native,0.09647478674799956,u_35565c32e493fbab,3,1,official,principal
5852,1,1,0.7847594444775676,probability_native,0.7847594444775676,u_35565c32e493fbab,3,1,official,principal
816,1,1,0.8418285402475015,probability_native,0.8418285402475015,u_35565c32e493fbab,3,1,official,principal
1747,1,1,0.8335756072704564,probability_native,0.8335756072704564,u_35565c32e493fbab,3,1,official,principal
6753,0,0,0.08537795125540658,probability_native,0.08537795125540658,u_35565c32e493fbab,3,1,official,principal
6386,0,0,0.04138268155286753,probability_native,0.04138268155286753,u_35565c32e493fbab,3,1,official,principal
587,0,0,0.2068223192162235,probability_native,0.2068223192162235,u_35565c32e493fbab,3,1,official,principal
6976,0,0,0.04562538557260628,probability_native,0.04562538557260628,u_35565c32e493fbab,3,1,official,principal
6404,0,0,0.28703095123947947,probability_native,0.28703095123947947,u_35565c32e493fbab,3,1,official,principal
3244,0,1,0.5064324640683115,probability_native,0.5064324640683115,u_35565c32e493fbab,3,1,official,principal
2233,0,0,0.15640785749760938,probability_native,0.15640785749760938,u_35565c32e493fbab,3,1,official,principal
5624,0,1,0.5128903521679391,probability_native,0.5128903521679391,u_35565c32e493fbab,3,1,official,principal
3783,0,1,0.6403206135428621,probability_native,0.6403206135428621,u_35565c32e493fbab,3,1,official,principal
5544,1,0,0.4626902559623148,probability_native,0.4626902559623148,u_35565c32e493fbab,3,1,official,principal
2675,0,0,0.027036296426358346,probability_native,0.027036296426358346,u_35565c32e493fbab,3,1,official,principal
471,1,1,0.7923772543192178,probability_native,0.7923772543192178,u_35565c32e493fbab,3,1,official,principal
5172,0,0,0.019853908132107554,probability_native,0.019853908132107554,u_35565c32e493fbab,3,1,official,principal
5594,0,1,0.7847080859370293,probability_native,0.7847080859370293,u_35565c32e493fbab,3,1,official,principal
1624,1,1,0.5558262555455401,probability_native,0.5558262555455401,u_35565c32e493fbab,3,1,official,principal
2137,0,0,0.13819838328472772,probability_native,0.13819838328472772,u_35565c32e493fbab,3,1,official,principal
102,0,0,0.3919651534976517,probability_native,0.3919651534976517,u_35565c32e493fbab,3,1,official,principal
741,0,1,0.7826200460352165,probability_native,0.7826200460352165,u_35565c32e493fbab,3,1,official,principal
4001,0,0,0.2763788296000596,probability_native,0.2763788296000596,u_35565c32e493fbab,3,1,official,principal
6634,1,1,0.8134701504304407,probability_native,0.8134701504304407,u_35565c32e493fbab,3,1,official,principal
1120,0,1,0.5896879652238238,probability_native,0.5896879652238238,u_35565c32e493fbab,3,1,official,principal
473,0,0,0.2398909889672087,probability_native,0.2398909889672087,u_35565c32e493fbab,3,1,official,principal
254,0,0,0.37643265866964915,probability_native,0.37643265866964915,u_35565c32e493fbab,3,1,official,principal
752,0,0,0.4500863306762882,probability_native,0.4500863306762882,u_35565c32e493fbab,3,1,official,principal
6396,0,1,0.6676050867440153,probability_native,0.6676050867440153,u_35565c32e493fbab,3,1,official,principal
1098,0,0,0.13069290720519405,probability_native,0.13069290720519405,u_35565c32e493fbab,3,1,official,principal
5629,1,0,0.4116314967654325,probability_native,0.4116314967654325,u_35565c32e493fbab,3,1,official,principal
5274,0,0,0.34432966081275046,probability_native,0.34432966081275046,u_35565c32e493fbab,3,1,official,principal
3311,0,0,0.35387271579334834,probability_native,0.35387271579334834,u_35565c32e493fbab,3,1,official,principal
2569,0,0,0.011073459748004569,probability_native,0.011073459748004569,u_35565c32e493fbab,3,1,official,principal
1302,0,0,0.07969558066444686,probability_native,0.07969558066444686,u_35565c32e493fbab,3,1,official,principal
5255,0,1,0.7208631264788716,probability_native,0.7208631264788716,u_35565c32e493fbab,3,1,official,principal
1007,1,1,0.7930066287751356,probability_native,0.7930066287751356,u_35565c32e493fbab,3,1,official,principal
5940,0,0,0.20177973298040652,probability_native,0.20177973298040652,u_35565c32e493fbab,3,1,official,principal
6992,0,0,0.24829844837988005,probability_native,0.24829844837988005,u_35565c32e493fbab,3,1,official,principal
3057,0,0,0.1425913983219879,probability_native,0.1425913983219879,u_35565c32e493fbab,3,1,official,principal
535,0,1,0.8701791724972262,probability_native,0.8701791724972262,u_35565c32e493fbab,3,1,official,principal
4766,0,0,0.11016647047491071,probability_native,0.11016647047491071,u_35565c32e493fbab,3,1,official,principal
5480,0,1,0.6550476269343078,probability_native,0.6550476269343078,u_35565c32e493fbab,3,1,official,principal
5845,1,1,0.874305667162691,probability_native,0.874305667162691,u_35565c32e493fbab,3,1,official,principal
1466,0,1,0.5143790270461857,probability_native,0.5143790270461857,u_35565c32e493fbab,3,1,official,principal
5459,0,1,0.8614068696561167,probability_native,0.8614068696561167,u_35565c32e493fbab,3,1,official,principal
1126,1,1,0.7188971618988521,probability_native,0.7188971618988521,u_35565c32e493fbab,3,1,official,principal
1496,0,1,0.5436134594051255,probability_native,0.5436134594051255,u_35565c32e493fbab,3,1,official,principal
6922,0,1,0.6907908940485851,probability_native,0.6907908940485851,u_35565c32e493fbab,3,1,official,principal
10,0,0,0.4072312024703106,probability_native,0.4072312024703106,u_35565c32e493fbab,3,1,official,principal
3374,1,0,0.45971276692498764,probability_native,0.45971276692498764,u_35565c32e493fbab,3,1,official,principal
1845,0,0,0.10684729341044245,probability_native,0.10684729341044245,u_35565c32e493fbab,3,1,official,principal
2349,0,0,0.06165121916511862,probability_native,0.06165121916511862,u_35565c32e493fbab,3,1,official,principal
1338,1,0,0.3863624326706252,probability_native,0.3863624326706252,u_35565c32e493fbab,3,1,official,principal
1978,0,0,0.046104530722361634,probability_native,0.046104530722361634,u_35565c32e493fbab,3,1,official,principal
3360,1,1,0.8399183770386267,probability_native,0.8399183770386267,u_35565c32e493fbab,3,1,official,principal
1604,0,0,0.19275022045320167,probability_native,0.19275022045320167,u_35565c32e493fbab,3,1,official,principal
1776,0,0,0.019308525260753422,probability_native,0.019308525260753422,u_35565c32e493fbab,3,1,official,principal
578,0,1,0.7112212347446265,probability_native,0.7112212347446265,u_35565c32e493fbab,3,1,official,principal
2601,0,0,0.10805936209630311,probability_native,0.10805936209630311,u_35565c32e493fbab,3,1,official,principal
2740,1,1,0.5742821414936227,probability_native,0.5742821414936227,u_35565c32e493fbab,3,1,official,principal
2943,0,0,0.05826742669284179,probability_native,0.05826742669284179,u_35565c32e493fbab,3,1,official,principal
1791,0,0,0.13848266111137567,probability_native,0.13848266111137567,u_35565c32e493fbab,3,1,official,principal
4531,1,1,0.7637260784801366,probability_native,0.7637260784801366,u_35565c32e493fbab,3,1,official,principal
6592,0,0,0.21708183038938225,probability_native,0.21708183038938225,u_35565c32e493fbab,3,1,official,principal
6995,0,0,0.04723857822744309,probability_native,0.04723857822744309,u_35565c32e493fbab,3,1,official,principal
4500,0,0,0.20880236985555933,probability_native,0.20880236985555933,u_35565c32e493fbab,3,1,official,principal
338,0,1,0.6523999172081252,probability_native,0.6523999172081252,u_35565c32e493fbab,3,1,official,principal
2758,0,0,0.3505116718766671,probability_native,0.3505116718766671,u_35565c32e493fbab,3,1,official,principal
2856,0,1,0.7823230570924649,probability_native,0.7823230570924649,u_35565c32e493fbab,3,1,official,principal
4179,0,1,0.7698923948972167,probability_native,0.7698923948972167,u_35565c32e493fbab,3,1,official,principal
2832,0,0,0.18287780021210337,probability_native,0.18287780021210337,u_35565c32e493fbab,3,1,official,principal
5075,0,1,0.6981436860089406,probability_native,0.6981436860089406,u_35565c32e493fbab,3,1,official,principal
750,0,0,0.31781933420963593,probability_native,0.31781933420963593,u_35565c32e493fbab,3,1,official,principal
106,0,0,0.2933980421591781,probability_native,0.2933980421591781,u_35565c32e493fbab,3,1,official,principal
3876,0,1,0.8665559251834366,probability_native,0.8665559251834366,u_35565c32e493fbab,3,1,official,principal
2372,0,0,0.02948756042517345,probability_native,0.02948756042517345,u_35565c32e493fbab,3,1,official,principal
5514,0,1,0.5404436353950076,probability_native,0.5404436353950076,u_35565c32e493fbab,3,1,official,principal
4248,0,0,0.4115486787304911,probability_native,0.4115486787304911,u_35565c32e493fbab,3,1,official,principal
2157,0,1,0.5356892343823645,probability_native,0.5356892343823645,u_35565c32e493fbab,3,1,official,principal
3122,0,0,0.020410226161694845,probability_native,0.020410226161694845,u_35565c32e493fbab,3,1,official,principal
4350,0,0,0.3583231698646309,probability_native,0.3583231698646309,u_35565c32e493fbab,3,1,official,principal
1318,0,1,0.6787002379314111,probability_native,0.6787002379314111,u_35565c32e493fbab,3,1,official,principal
3689,1,1,0.8674438835507816,probability_native,0.8674438835507816,u_35565c32e493fbab,3,1,official,principal
3083,0,0,0.03050824647589967,probability_native,0.03050824647589967,u_35565c32e493fbab,3,1,official,principal
6253,0,0,0.355828755107192,probability_native,0.355828755107192,u_35565c32e493fbab,3,1,official,principal
1247,0,0,0.4290958440388498,probability_native,0.4290958440388498,u_35565c32e493fbab,3,1,official,principal
3764,0,0,0.2932611287336539,probability_native,0.2932611287336539,u_35565c32e493fbab,3,1,official,principal
499,1,1,0.7353134340185458,probability_native,0.7353134340185458,u_35565c32e493fbab,3,1,official,principal
3713,1,1,0.6820828381242945,probability_native,0.6820828381242945,u_35565c32e493fbab,3,1,official,principal
69,0,1,0.6866254351937262,probability_native,0.6866254351937262,u_35565c32e493fbab,3,1,official,principal
996,1,1,0.5361826556359065,probability_native,0.5361826556359065,u_35565c32e493fbab,3,1,official,principal
6705,0,0,0.4725513376258488,probability_native,0.4725513376258488,u_35565c32e493fbab,3,1,official,principal
6156,0,1,0.5894239789747072,probability_native,0.5894239789747072,u_35565c32e493fbab,3,1,official,principal
3079,1,1,0.7063866830177845,probability_native,0.7063866830177845,u_35565c32e493fbab,3,1,official,principal
6867,0,0,0.01116045143911355,probability_native,0.01116045143911355,u_35565c32e493fbab,3,1,official,principal
2629,1,1,0.7196760599904338,probability_native,0.7196760599904338,u_35565c32e493fbab,3,1,official,principal
2042,0,0,0.33283605934805915,probability_native,0.33283605934805915,u_35565c32e493fbab,3,1,official,principal
708,0,1,0.6205737249150595,probability_native,0.6205737249150595,u_35565c32e493fbab,3,1,official,principal
3587,1,1,0.8571496438132161,probability_native,0.8571496438132161,u_35565c32e493fbab,3,1,official,principal
1395,1,0,0.4914224303920945,probability_native,0.4914224303920945,u_35565c32e493fbab,3,1,official,principal
6641,1,1,0.5065411318237886,probability_native,0.5065411318237886,u_35565c32e493fbab,3,1,official,principal
844,1,1,0.9092476186470811,probability_native,0.9092476186470811,u_35565c32e493fbab,3,1,official,principal
4992,0,0,0.26883214678162803,probability_native,0.26883214678162803,u_35565c32e493fbab,3,1,official,principal
4272,1,0,0.029441633099296323,probability_native,0.029441633099296323,u_35565c32e493fbab,3,1,official,principal
4773,1,0,0.36815557130427834,probability_native,0.36815557130427834,u_35565c32e493fbab,3,1,official,principal
2636,0,0,0.13298092043152412,probability_native,0.13298092043152412,u_35565c32e493fbab,3,1,official,principal
2806,0,0,0.14723496669859978,probability_native,0.14723496669859978,u_35565c32e493fbab,3,1,official,principal
709,0,0,0.4432013544619569,probability_native,0.4432013544619569,u_35565c32e493fbab,3,1,official,principal
348,0,1,0.7551734208991409,probability_native,0.7551734208991409,u_35565c32e493fbab,3,1,official,principal
444,0,1,0.6533621054430501,probability_native,0.6533621054430501,u_35565c32e493fbab,3,1,official,principal
825,1,1,0.6874074158050387,probability_native,0.6874074158050387,u_35565c32e493fbab,3,1,official,principal
5567,0,0,0.24345225117456418,probability_native,0.24345225117456418,u_35565c32e493fbab,3,1,official,principal
6231,1,1,0.8119225855659123,probability_native,0.8119225855659123,u_35565c32e493fbab,3,1,official,principal
5722,1,1,0.6761755917183871,probability_native,0.6761755917183871,u_35565c32e493fbab,3,1,official,principal
129,0,0,0.19056620090317378,probability_native,0.19056620090317378,u_35565c32e493fbab,3,1,official,principal
3616,0,0,0.1335883844050429,probability_native,0.1335883844050429,u_35565c32e493fbab,3,1,official,principal
4287,1,0,0.3640621315081486,probability_native,0.3640621315081486,u_35565c32e493fbab,3,1,official,principal
3297,0,0,0.0879502679685039,probability_native,0.0879502679685039,u_35565c32e493fbab,3,1,official,principal
201,0,1,0.6079050897199924,probability_native,0.6079050897199924,u_35565c32e493fbab,3,1,official,principal
4405,1,1,0.754970021622033,probability_native,0.754970021622033,u_35565c32e493fbab,3,1,official,principal
3212,0,1,0.6298829025880098,probability_native,0.6298829025880098,u_35565c32e493fbab,3,1,official,principal
2647,0,0,0.44550093098542876,probability_native,0.44550093098542876,u_35565c32e493fbab,3,1,official,principal
902,1,1,0.7415745546799046,probability_native,0.7415745546799046,u_35565c32e493fbab,3,1,official,principal
450,0,0,0.03306726377015722,probability_native,0.03306726377015722,u_35565c32e493fbab,3,1,official,principal
4349,1,1,0.8526133816773642,probability_native,0.8526133816773642,u_35565c32e493fbab,3,1,official,principal
1661,0,1,0.5904104344996872,probability_native,0.5904104344996872,u_35565c32e493fbab,3,1,official,principal
1506,0,0,0.08083290202249954,probability_native,0.08083290202249954,u_35565c32e493fbab,3,1,official,principal
2678,0,0,0.10089969858574299,probability_native,0.10089969858574299,u_35565c32e493fbab,3,1,official,principal
2480,1,1,0.6186211525289287,probability_native,0.6186211525289287,u_35565c32e493fbab,3,1,official,principal
4821,0,0,0.23767333880889954,probability_native,0.23767333880889954,u_35565c32e493fbab,3,1,official,principal
1155,0,0,0.03920240217779467,probability_native,0.03920240217779467,u_35565c32e493fbab,3,1,official,principal
6821,1,1,0.7746073708633814,probability_native,0.7746073708633814,u_35565c32e493fbab,3,1,official,principal
3951,0,0,0.029745780419919154,probability_native,0.029745780419919154,u_35565c32e493fbab,3,1,official,principal
4760,0,0,0.08782629622745555,probability_native,0.08782629622745555,u_35565c32e493fbab,3,1,official,principal
3749,1,1,0.9307503196736985,probability_native,0.9307503196736985,u_35565c32e493fbab,3,1,official,principal
132,0,0,0.02419188883382031,probability_native,0.02419188883382031,u_35565c32e493fbab,3,1,official,principal
3596,1,1,0.5242076443772441,probability_native,0.5242076443772441,u_35565c32e493fbab,3,1,official,principal
5156,0,0,0.21805230637362463,probability_native,0.21805230637362463,u_35565c32e493fbab,3,1,official,principal
6397,0,0,0.12558122271049355,probability_native,0.12558122271049355,u_35565c32e493fbab,3,1,official,principal
4488,1,0,0.41167475195690567,probability_native,0.41167475195690567,u_35565c32e493fbab,3,1,official,principal
3759,1,1,0.8295259379985687,probability_native,0.8295259379985687,u_35565c32e493fbab,3,1,official,principal
3540,0,0,0.07973016173884687,probability_native,0.07973016173884687,u_35565c32e493fbab,3,1,official,principal
1596,0,1,0.8510335576414758,probability_native,0.8510335576414758,u_35565c32e493fbab,3,1,official,principal
3329,0,0,0.44478463410655733,probability_native,0.44478463410655733,u_35565c32e493fbab,3,1,official,principal
961,0,0,0.21161338742054228,probability_native,0.21161338742054228,u_35565c32e493fbab,3,1,official,principal
6375,1,1,0.7607311347643704,probability_native,0.7607311347643704,u_35565c32e493fbab,3,1,official,principal
5987,0,0,0.1245655333999166,probability_native,0.1245655333999166,u_35565c32e493fbab,3,1,official,principal
483,0,0,0.31092128850582085,probability_native,0.31092128850582085,u_35565c32e493fbab,3,1,official,principal
5562,0,0,0.39405101926424646,probability_native,0.39405101926424646,u_35565c32e493fbab,3,1,official,principal
3327,0,0,0.3620354299788866,probability_native,0.3620354299788866,u_35565c32e493fbab,3,1,official,principal
3372,0,1,0.5422300246340945,probability_native,0.5422300246340945,u_35565c32e493fbab,3,1,official,principal
5960,0,0,0.3582254134834396,probability_native,0.3582254134834396,u_35565c32e493fbab,3,1,official,principal
2747,0,0,0.41136888665596866,probability_native,0.41136888665596866,u_35565c32e493fbab,3,1,official,principal
4744,0,0,0.019207563439039302,probability_native,0.019207563439039302,u_35565c32e493fbab,3,1,official,principal
1006,1,1,0.8032574364991075,probability_native,0.8032574364991075,u_35565c32e493fbab,3,1,official,principal
4098,1,0,0.4676653160077127,probability_native,0.4676653160077127,u_35565c32e493fbab,3,1,official,principal
5414,1,0,0.32862508544013747,probability_native,0.32862508544013747,u_35565c32e493fbab,3,1,official,principal
314,1,1,0.8727278155709441,probability_native,0.8727278155709441,u_35565c32e493fbab,3,1,official,principal
542,0,0,0.37359701098953424,probability_native,0.37359701098953424,u_35565c32e493fbab,3,1,official,principal
2262,1,1,0.8726540538348284,probability_native,0.8726540538348284,u_35565c32e493fbab,3,1,official,principal
90,0,0,0.4888191603998882,probability_native,0.4888191603998882,u_35565c32e493fbab,3,1,official,principal
3890,1,0,0.41211237822921154,probability_native,0.41211237822921154,u_35565c32e493fbab,3,1,official,principal
730,1,1,0.5841280115486517,probability_native,0.5841280115486517,u_35565c32e493fbab,3,1,official,principal
6899,1,1,0.6583782709537189,probability_native,0.6583782709537189,u_35565c32e493fbab,3,1,official,principal
2211,0,0,0.4425773367511849,probability_native,0.4425773367511849,u_35565c32e493fbab,3,1,official,principal
1308,1,1,0.863867860241008,probability_native,0.863867860241008,u_35565c32e493fbab,3,1,official,principal
1025,0,0,0.15188070122449743,probability_native,0.15188070122449743,u_35565c32e493fbab,3,1,official,principal
4840,0,0,0.25073401627292013,probability_native,0.25073401627292013,u_35565c32e493fbab,3,1,official,principal
1385,0,0,0.16340360710415888,probability_native,0.16340360710415888,u_35565c32e493fbab,3,1,official,principal
6541,0,0,0.06064475527191356,probability_native,0.06064475527191356,u_35565c32e493fbab,3,1,official,principal
3573,0,0,0.18474052024645818,probability_native,0.18474052024645818,u_35565c32e493fbab,3,1,official,principal
3239,0,0,0.4584660129764579,probability_native,0.4584660129764579,u_35565c32e493fbab,3,1,official,principal
898,1,1,0.677135448378769,probability_native,0.677135448378769,u_35565c32e493fbab,3,1,official,principal
5242,1,1,0.8408577871619737,probability_native,0.8408577871619737,u_35565c32e493fbab,3,1,official,principal
1424,0,0,0.03901126654048469,probability_native,0.03901126654048469,u_35565c32e493fbab,3,1,official,principal
