row_id,y_true,y_pred,score_positive,score_type,probability_native,unit_id,outer_fold,replicate,purpose,variant
3738,0,0,0.4580110013484955,probability_native,0.4580110013484955,u_71e81fc0c1c03cec,0,1,official,principal
4860,0,0,0.018972910940647125,probability_native,0.018972910940647125,u_71e81fc0c1c03cec,0,1,official,principal
2645,0,1,0.5794069170951843,probability_native,0.5794069170951843,u_71e81fc0c1c03cec,0,1,official,principal
5767,0,0,0.039303865283727646,probability_native,0.039303865283727646,u_71e81fc0c1c03cec,0,1,official,principal
2414,0,0,0.07328002899885178,probability_native,0.07328002899885178,u_71e81fc0c1c03cec,0,1,official,principal
577,0,1,0.8024314641952515,probability_native,0.8024314641952515,u_71e81fc0c1c03cec,0,1,official,principal
1201,0,0,0.49915218353271484,probability_native,0.49915218353271484,u_71e81fc0c1c03cec,0,1,official,principal
7004,0,0,0.4695798456668854,probability_native,0.4695798456668854,u_71e81fc0c1c03cec,0,1,official,principal
5338,0,0,0.0610915943980217,probability_native,0.0610915943980217,u_71e81fc0c1c03cec,0,1,official,principal
6773,1,1,0.7698976993560791,probability_native,0.7698976993560791,u_71e81fc0c1c03cec,0,1,official,principal
1118,0,0,0.3502681851387024,probability_native,0.3502681851387024,u_71e81fc0c1c03cec,0,1,official,principal
1797,0,0,0.023998137563467026,probability_native,0.023998137563467026,u_71e81fc0c1c03cec,0,1,official,principal
2823,0,0,0.03772784024477005,probability_native,0.03772784024477005,u_71e81fc0c1c03cec,0,1,official,principal
593,0,0,0.2258470505475998,probability_native,0.2258470505475998,u_71e81fc0c1c03cec,0,1,official,principal
6353,0,0,0.2565460205078125,probability_native,0.2565460205078125,u_71e81fc0c1c03cec,0,1,official,principal
2197,0,0,0.29691609740257263,probability_native,0.29691609740257263,u_71e81fc0c1c03cec,0,1,official,principal
2085,1,1,0.7557819485664368,probability_native,0.7557819485664368,u_71e81fc0c1c03cec,0,1,official,principal
6139,0,0,0.19434396922588348,probability_native,0.19434396922588348,u_71e81fc0c1c03cec,0,1,official,principal
6494,0,0,0.21182577311992645,probability_native,0.21182577311992645,u_71e81fc0c1c03cec,0,1,official,principal
6808,0,0,0.26232874393463135,probability_native,0.26232874393463135,u_71e81fc0c1c03cec,0,1,official,principal
282,0,1,0.535565972328186,probability_native,0.535565972328186,u_71e81fc0c1c03cec,0,1,official,principal
592,0,0,0.026023294776678085,probability_native,0.026023294776678085,u_71e81fc0c1c03cec,0,1,official,principal
3931,0,0,0.1414930671453476,probability_native,0.1414930671453476,u_71e81fc0c1c03cec,0,1,official,principal
3868,1,0,0.34959089756011963,probability_native,0.34959089756011963,u_71e81fc0c1c03cec,0,1,official,principal
4889,0,0,0.19686104357242584,probability_native,0.19686104357242584,u_71e81fc0c1c03cec,0,1,official,principal
1515,0,0,0.2738066613674164,probability_native,0.2738066613674164,u_71e81fc0c1c03cec,0,1,official,principal
149,0,0,0.16910064220428467,probability_native,0.16910064220428467,u_71e81fc0c1c03cec,0,1,official,principal
871,0,0,0.19467191398143768,probability_native,0.19467191398143768,u_71e81fc0c1c03cec,0,1,official,principal
403,0,0,0.03500954806804657,probability_native,0.03500954806804657,u_71e81fc0c1c03cec,0,1,official,principal
6048,1,1,0.7687085270881653,probability_native,0.7687085270881653,u_71e81fc0c1c03cec,0,1,official,principal
1369,0,0,0.1912638247013092,probability_native,0.1912638247013092,u_71e81fc0c1c03cec,0,1,official,principal
4700,0,1,0.6670414805412292,probability_native,0.6670414805412292,u_71e81fc0c1c03cec,0,1,official,principal
1337,0,0,0.027928045019507408,probability_native,0.027928045019507408,u_71e81fc0c1c03cec,0,1,official,principal
6826,0,0,0.3533983528614044,probability_native,0.3533983528614044,u_71e81fc0c1c03cec,0,1,official,principal
1736,1,1,0.5321573615074158,probability_native,0.5321573615074158,u_71e81fc0c1c03cec,0,1,official,principal
6688,0,0,0.023061880841851234,probability_native,0.023061880841851234,u_71e81fc0c1c03cec,0,1,official,principal
1870,0,1,0.7502489686012268,probability_native,0.7502489686012268,u_71e81fc0c1c03cec,0,1,official,principal
1969,0,0,0.0862746387720108,probability_native,0.0862746387720108,u_71e81fc0c1c03cec,0,1,official,principal
4198,0,0,0.016795171424746513,probability_native,0.016795171424746513,u_71e81fc0c1c03cec,0,1,official,principal
4409,0,0,0.010347056202590466,probability_native,0.010347056202590466,u_71e81fc0c1c03cec,0,1,official,principal
4684,1,0,0.2624067962169647,probability_native,0.2624067962169647,u_71e81fc0c1c03cec,0,1,official,principal
2782,0,0,0.04100874066352844,probability_native,0.04100874066352844,u_71e81fc0c1c03cec,0,1,official,principal
6971,1,1,0.530055820941925,probability_native,0.530055820941925,u_71e81fc0c1c03cec,0,1,official,principal
5709,0,0,0.059498656541109085,probability_native,0.059498656541109085,u_71e81fc0c1c03cec,0,1,official,principal
6618,0,0,0.3167930245399475,probability_native,0.3167930245399475,u_71e81fc0c1c03cec,0,1,official,principal
5277,1,1,0.7744548916816711,probability_native,0.7744548916816711,u_71e81fc0c1c03cec,0,1,official,principal
1563,0,1,0.7092776298522949,probability_native,0.7092776298522949,u_71e81fc0c1c03cec,0,1,official,principal
1490,0,0,0.11453276872634888,probability_native,0.11453276872634888,u_71e81fc0c1c03cec,0,1,official,principal
2491,0,0,0.09549535065889359,probability_native,0.09549535065889359,u_71e81fc0c1c03cec,0,1,official,principal
1266,0,1,0.7821223735809326,probability_native,0.7821223735809326,u_71e81fc0c1c03cec,0,1,official,principal
6982,0,0,0.006770215928554535,probability_native,0.006770215928554535,u_71e81fc0c1c03cec,0,1,official,principal
2388,0,1,0.8274988532066345,probability_native,0.8274988532066345,u_71e81fc0c1c03cec,0,1,official,principal
3581,0,0,0.009017590433359146,probability_native,0.009017590433359146,u_71e81fc0c1c03cec,0,1,official,principal
1869,0,0,0.008111611939966679,probability_native,0.008111611939966679,u_71e81fc0c1c03cec,0,1,official,principal
5538,1,1,0.8948754668235779,probability_native,0.8948754668235779,u_71e81fc0c1c03cec,0,1,official,principal
4978,1,1,0.8209724426269531,probability_native,0.8209724426269531,u_71e81fc0c1c03cec,0,1,official,principal
5982,0,0,0.05963083356618881,probability_native,0.05963083356618881,u_71e81fc0c1c03cec,0,1,official,principal
5097,0,0,0.2628382742404938,probability_native,0.2628382742404938,u_71e81fc0c1c03cec,0,1,official,principal
1483,0,0,0.04120798781514168,probability_native,0.04120798781514168,u_71e81fc0c1c03cec,0,1,official,principal
1423,1,1,0.857243001461029,probability_native,0.857243001461029,u_71e81fc0c1c03cec,0,1,official,principal
4599,0,0,0.07071550190448761,probability_native,0.07071550190448761,u_71e81fc0c1c03cec,0,1,official,principal
2295,1,1,0.8072016835212708,probability_native,0.8072016835212708,u_71e81fc0c1c03cec,0,1,official,principal
244,0,0,0.4719494581222534,probability_native,0.4719494581222534,u_71e81fc0c1c03cec,0,1,official,principal
5476,1,1,0.7550663948059082,probability_native,0.7550663948059082,u_71e81fc0c1c03cec,0,1,official,principal
2546,0,0,0.22443269193172455,probability_native,0.22443269193172455,u_71e81fc0c1c03cec,0,1,official,principal
6630,0,1,0.7706489562988281,probability_native,0.7706489562988281,u_71e81fc0c1c03cec,0,1,official,principal
6224,0,0,0.08144671469926834,probability_native,0.08144671469926834,u_71e81fc0c1c03cec,0,1,official,principal
4045,1,1,0.558259129524231,probability_native,0.558259129524231,u_71e81fc0c1c03cec,0,1,official,principal
1086,1,1,0.6299717426300049,probability_native,0.6299717426300049,u_71e81fc0c1c03cec,0,1,official,principal
1710,0,1,0.8064366579055786,probability_native,0.8064366579055786,u_71e81fc0c1c03cec,0,1,official,principal
6677,0,0,0.43722018599510193,probability_native,0.43722018599510193,u_71e81fc0c1c03cec,0,1,official,principal
5046,0,1,0.7120845913887024,probability_native,0.7120845913887024,u_71e81fc0c1c03cec,0,1,official,principal
4490,0,0,0.22668473422527313,probability_native,0.22668473422527313,u_71e81fc0c1c03cec,0,1,official,principal
3492,0,1,0.5546181797981262,probability_native,0.5546181797981262,u_71e81fc0c1c03cec,0,1,official,principal
5155,0,0,0.3072202801704407,probability_native,0.3072202801704407,u_71e81fc0c1c03cec,0,1,official,principal
623,0,0,0.03297044336795807,probability_native,0.03297044336795807,u_71e81fc0c1c03cec,0,1,official,principal
3976,1,1,0.6994231343269348,probability_native,0.6994231343269348,u_71e81fc0c1c03cec,0,1,official,principal
3279,0,0,0.03891090303659439,probability_native,0.03891090303659439,u_71e81fc0c1c03cec,0,1,official,principal
3889,0,0,0.04793582856655121,probability_native,0.04793582856655121,u_71e81fc0c1c03cec,0,1,official,principal
6319,0,0,0.3003283143043518,probability_native,0.3003283143043518,u_71e81fc0c1c03cec,0,1,official,principal
6554,1,1,0.8318184018135071,probability_native,0.8318184018135071,u_71e81fc0c1c03cec,0,1,official,principal
1248,1,1,0.6772781014442444,probability_native,0.6772781014442444,u_71e81fc0c1c03cec,0,1,official,principal
6890,0,0,0.2802455723285675,probability_native,0.2802455723285675,u_71e81fc0c1c03cec,0,1,official,principal
6717,1,1,0.6540128588676453,probability_native,0.6540128588676453,u_71e81fc0c1c03cec,0,1,official,principal
6471,0,0,0.0434463806450367,probability_native,0.0434463806450367,u_71e81fc0c1c03cec,0,1,official,principal
3073,0,0,0.054809585213661194,probability_native,0.054809585213661194,u_71e81fc0c1c03cec,0,1,official,principal
2163,1,1,0.7933863401412964,probability_native,0.7933863401412964,u_71e81fc0c1c03cec,0,1,official,principal
2822,1,0,0.07429170608520508,probability_native,0.07429170608520508,u_71e81fc0c1c03cec,0,1,official,principal
3139,1,1,0.5113346576690674,probability_native,0.5113346576690674,u_71e81fc0c1c03cec,0,1,official,principal
4504,0,0,0.04761867970228195,probability_native,0.04761867970228195,u_71e81fc0c1c03cec,0,1,official,principal
6394,0,0,0.12327399849891663,probability_native,0.12327399849891663,u_71e81fc0c1c03cec,0,1,official,principal
3939,1,1,0.8146215677261353,probability_native,0.8146215677261353,u_71e81fc0c1c03cec,0,1,official,principal
5367,0,0,0.019723497331142426,probability_native,0.019723497331142426,u_71e81fc0c1c03cec,0,1,official,principal
1313,1,1,0.6495693922042847,probability_native,0.6495693922042847,u_71e81fc0c1c03cec,0,1,official,principal
6177,1,1,0.6094452738761902,probability_native,0.6094452738761902,u_71e81fc0c1c03cec,0,1,official,principal
2301,0,1,0.8366988301277161,probability_native,0.8366988301277161,u_71e81fc0c1c03cec,0,1,official,principal
5087,0,0,0.33428770303726196,probability_native,0.33428770303726196,u_71e81fc0c1c03cec,0,1,official,principal
1704,1,1,0.8908296823501587,probability_native,0.8908296823501587,u_71e81fc0c1c03cec,0,1,official,principal
3843,1,1,0.7746210694313049,probability_native,0.7746210694313049,u_71e81fc0c1c03cec,0,1,official,principal
943,0,0,0.008809414692223072,probability_native,0.008809414692223072,u_71e81fc0c1c03cec,0,1,official,principal
4736,0,0,0.011480821296572685,probability_native,0.011480821296572685,u_71e81fc0c1c03cec,0,1,official,principal
41,0,0,0.021835001185536385,probability_native,0.021835001185536385,u_71e81fc0c1c03cec,0,1,official,principal
5351,1,0,0.3963501453399658,probability_native,0.3963501453399658,u_71e81fc0c1c03cec,0,1,official,principal
4607,0,1,0.556082010269165,probability_native,0.556082010269165,u_71e81fc0c1c03cec,0,1,official,principal
6495,1,1,0.87054842710495,probability_native,0.87054842710495,u_71e81fc0c1c03cec,0,1,official,principal
5238,0,0,0.08476436883211136,probability_native,0.08476436883211136,u_71e81fc0c1c03cec,0,1,official,principal
4973,0,0,0.4373980462551117,probability_native,0.4373980462551117,u_71e81fc0c1c03cec,0,1,official,principal
6274,0,0,0.48737213015556335,probability_native,0.48737213015556335,u_71e81fc0c1c03cec,0,1,official,principal
5633,0,0,0.24323813617229462,probability_native,0.24323813617229462,u_71e81fc0c1c03cec,0,1,official,principal
5622,1,1,0.5880612730979919,probability_native,0.5880612730979919,u_71e81fc0c1c03cec,0,1,official,principal
1676,0,1,0.7856884002685547,probability_native,0.7856884002685547,u_71e81fc0c1c03cec,0,1,official,principal
833,0,1,0.5386187434196472,probability_native,0.5386187434196472,u_71e81fc0c1c03cec,0,1,official,principal
4584,0,0,0.0330909825861454,probability_native,0.0330909825861454,u_71e81fc0c1c03cec,0,1,official,principal
4330,1,1,0.6424139738082886,probability_native,0.6424139738082886,u_71e81fc0c1c03cec,0,1,official,principal
1641,0,0,0.010733506642282009,probability_native,0.010733506642282009,u_71e81fc0c1c03cec,0,1,official,principal
4051,0,0,0.05143372341990471,probability_native,0.05143372341990471,u_71e81fc0c1c03cec,0,1,official,principal
6527,1,0,0.3725140690803528,probability_native,0.3725140690803528,u_71e81fc0c1c03cec,0,1,official,principal
5486,0,0,0.04201384633779526,probability_native,0.04201384633779526,u_71e81fc0c1c03cec,0,1,official,principal
4205,0,0,0.04274790734052658,probability_native,0.04274790734052658,u_71e81fc0c1c03cec,0,1,official,principal
6064,1,1,0.789054274559021,probability_native,0.789054274559021,u_71e81fc0c1c03cec,0,1,official,principal
6094,0,0,0.023030631244182587,probability_native,0.023030631244182587,u_71e81fc0c1c03cec,0,1,official,principal
3730,1,1,0.5065659880638123,probability_native,0.5065659880638123,u_71e81fc0c1c03cec,0,1,official,principal
740,0,0,0.03296038880944252,probability_native,0.03296038880944252,u_71e81fc0c1c03cec,0,1,official,principal
6145,0,0,0.008345788344740868,probability_native,0.008345788344740868,u_71e81fc0c1c03cec,0,1,official,principal
6236,0,1,0.5857338309288025,probability_native,0.5857338309288025,u_71e81fc0c1c03cec,0,1,official,principal
4544,1,1,0.882018506526947,probability_native,0.882018506526947,u_71e81fc0c1c03cec,0,1,official,principal
4902,0,0,0.10445936769247055,probability_native,0.10445936769247055,u_71e81fc0c1c03cec,0,1,official,principal
1478,1,1,0.7496873140335083,probability_native,0.7496873140335083,u_71e81fc0c1c03cec,0,1,official,principal
749,0,0,0.14738373458385468,probability_native,0.14738373458385468,u_71e81fc0c1c03cec,0,1,official,principal
4164,0,0,0.033832017332315445,probability_native,0.033832017332315445,u_71e81fc0c1c03cec,0,1,official,principal
3153,0,0,0.24996477365493774,probability_native,0.24996477365493774,u_71e81fc0c1c03cec,0,1,official,principal
4399,0,0,0.25366732478141785,probability_native,0.25366732478141785,u_71e81fc0c1c03cec,0,1,official,principal
6370,1,0,0.4393032491207123,probability_native,0.4393032491207123,u_71e81fc0c1c03cec,0,1,official,principal
716,0,0,0.025672990828752518,probability_native,0.025672990828752518,u_71e81fc0c1c03cec,0,1,official,principal
33,0,1,0.5954066514968872,probability_native,0.5954066514968872,u_71e81fc0c1c03cec,0,1,official,principal
1694,1,1,0.8389573693275452,probability_native,0.8389573693275452,u_71e81fc0c1c03cec,0,1,official,principal
6313,1,1,0.8448259234428406,probability_native,0.8448259234428406,u_71e81fc0c1c03cec,0,1,official,principal
5315,1,1,0.8169342875480652,probability_native,0.8169342875480652,u_71e81fc0c1c03cec,0,1,official,principal
4034,0,0,0.3482952117919922,probability_native,0.3482952117919922,u_71e81fc0c1c03cec,0,1,official,principal
6311,0,1,0.573893666267395,probability_native,0.573893666267395,u_71e81fc0c1c03cec,0,1,official,principal
6025,0,0,0.1397303342819214,probability_native,0.1397303342819214,u_71e81fc0c1c03cec,0,1,official,principal
6596,0,0,0.07068165391683578,probability_native,0.07068165391683578,u_71e81fc0c1c03cec,0,1,official,principal
3774,0,0,0.24607938528060913,probability_native,0.24607938528060913,u_71e81fc0c1c03cec,0,1,official,principal
2439,0,0,0.0434463806450367,probability_native,0.0434463806450367,u_71e81fc0c1c03cec,0,1,official,principal
3274,0,1,0.5834478139877319,probability_native,0.5834478139877319,u_71e81fc0c1c03cec,0,1,official,principal
5989,1,1,0.8915303349494934,probability_native,0.8915303349494934,u_71e81fc0c1c03cec,0,1,official,principal
1721,1,1,0.6063381433486938,probability_native,0.6063381433486938,u_71e81fc0c1c03cec,0,1,official,principal
3147,0,1,0.5909587144851685,probability_native,0.5909587144851685,u_71e81fc0c1c03cec,0,1,official,principal
5346,0,0,0.050418153405189514,probability_native,0.050418153405189514,u_71e81fc0c1c03cec,0,1,official,principal
193,0,0,0.028907006606459618,probability_native,0.028907006606459618,u_71e81fc0c1c03cec,0,1,official,principal
2039,1,1,0.7415732145309448,probability_native,0.7415732145309448,u_71e81fc0c1c03cec,0,1,official,principal
2307,0,0,0.175911545753479,probability_native,0.175911545753479,u_71e81fc0c1c03cec,0,1,official,principal
5885,0,0,0.04342849925160408,probability_native,0.04342849925160408,u_71e81fc0c1c03cec,0,1,official,principal
6661,0,0,0.011806964874267578,probability_native,0.011806964874267578,u_71e81fc0c1c03cec,0,1,official,principal
4647,0,0,0.41554316878318787,probability_native,0.41554316878318787,u_71e81fc0c1c03cec,0,1,official,principal
4313,0,0,0.2673734426498413,probability_native,0.2673734426498413,u_71e81fc0c1c03cec,0,1,official,principal
5479,0,1,0.6995890736579895,probability_native,0.6995890736579895,u_71e81fc0c1c03cec,0,1,official,principal
6815,0,0,0.002636298770084977,probability_native,0.002636298770084977,u_71e81fc0c1c03cec,0,1,official,principal
6892,0,0,0.21114298701286316,probability_native,0.21114298701286316,u_71e81fc0c1c03cec,0,1,official,principal
5541,1,0,0.4361865520477295,probability_native,0.4361865520477295,u_71e81fc0c1c03cec,0,1,official,principal
1884,0,0,0.057217516005039215,probability_native,0.057217516005039215,u_71e81fc0c1c03cec,0,1,official,principal
5437,1,0,0.48271268606185913,probability_native,0.48271268606185913,u_71e81fc0c1c03cec,0,1,official,principal
5142,0,0,0.13801535964012146,probability_native,0.13801535964012146,u_71e81fc0c1c03cec,0,1,official,principal
4127,0,0,0.02259664610028267,probability_native,0.02259664610028267,u_71e81fc0c1c03cec,0,1,official,principal
4597,1,1,0.7601856589317322,probability_native,0.7601856589317322,u_71e81fc0c1c03cec,0,1,official,principal
3830,1,1,0.8712702393531799,probability_native,0.8712702393531799,u_71e81fc0c1c03cec,0,1,official,principal
226,0,0,0.0871090367436409,probability_native,0.0871090367436409,u_71e81fc0c1c03cec,0,1,official,principal
6760,1,0,0.4533511698246002,probability_native,0.4533511698246002,u_71e81fc0c1c03cec,0,1,official,principal
6933,1,1,0.87054842710495,probability_native,0.87054842710495,u_71e81fc0c1c03cec,0,1,official,principal
5015,0,0,0.194919615983963,probability_native,0.194919615983963,u_71e81fc0c1c03cec,0,1,official,principal
6566,0,0,0.10427655279636383,probability_native,0.10427655279636383,u_71e81fc0c1c03cec,0,1,official,principal
6799,0,0,0.1832125335931778,probability_native,0.1832125335931778,u_71e81fc0c1c03cec,0,1,official,principal
2062,0,0,0.034400928765535355,probability_native,0.034400928765535355,u_71e81fc0c1c03cec,0,1,official,principal
6928,0,0,0.06581684201955795,probability_native,0.06581684201955795,u_71e81fc0c1c03cec,0,1,official,principal
3653,0,0,0.043426815420389175,probability_native,0.043426815420389175,u_71e81fc0c1c03cec,0,1,official,principal
6670,0,0,0.13794651627540588,probability_native,0.13794651627540588,u_71e81fc0c1c03cec,0,1,official,principal
4681,1,1,0.8781358003616333,probability_native,0.8781358003616333,u_71e81fc0c1c03cec,0,1,official,principal
3621,1,1,0.5343791842460632,probability_native,0.5343791842460632,u_71e81fc0c1c03cec,0,1,official,principal
2975,0,0,0.4699518084526062,probability_native,0.4699518084526062,u_71e81fc0c1c03cec,0,1,official,principal
500,0,0,0.1920469105243683,probability_native,0.1920469105243683,u_71e81fc0c1c03cec,0,1,official,principal
355,1,1,0.7346499562263489,probability_native,0.7346499562263489,u_71e81fc0c1c03cec,0,1,official,principal
6260,0,0,0.04984543099999428,probability_native,0.04984543099999428,u_71e81fc0c1c03cec,0,1,official,principal
632,0,0,0.004679261241108179,probability_native,0.004679261241108179,u_71e81fc0c1c03cec,0,1,official,principal
3077,0,0,0.029387928545475006,probability_native,0.029387928545475006,u_71e81fc0c1c03cec,0,1,official,principal
6565,0,1,0.5689907670021057,probability_native,0.5689907670021057,u_71e81fc0c1c03cec,0,1,official,principal
382,0,0,0.008780133910477161,probability_native,0.008780133910477161,u_71e81fc0c1c03cec,0,1,official,principal
6531,0,0,0.21291373670101166,probability_native,0.21291373670101166,u_71e81fc0c1c03cec,0,1,official,principal
2952,0,0,0.10011126846075058,probability_native,0.10011126846075058,u_71e81fc0c1c03cec,0,1,official,principal
1110,0,0,0.027665773406624794,probability_native,0.027665773406624794,u_71e81fc0c1c03cec,0,1,official,principal
2105,1,1,0.7789289951324463,probability_native,0.7789289951324463,u_71e81fc0c1c03cec,0,1,official,principal
570,0,0,0.009630859829485416,probability_native,0.009630859829485416,u_71e81fc0c1c03cec,0,1,official,principal
4910,1,0,0.06457796692848206,probability_native,0.06457796692848206,u_71e81fc0c1c03cec,0,1,official,principal
1673,1,0,0.3657541573047638,probability_native,0.3657541573047638,u_71e81fc0c1c03cec,0,1,official,principal
3434,0,0,0.13025185465812683,probability_native,0.13025185465812683,u_71e81fc0c1c03cec,0,1,official,principal
3326,1,0,0.10089905560016632,probability_native,0.10089905560016632,u_71e81fc0c1c03cec,0,1,official,principal
3097,0,0,0.25577840209007263,probability_native,0.25577840209007263,u_71e81fc0c1c03cec,0,1,official,principal
238,1,1,0.7862637639045715,probability_native,0.7862637639045715,u_71e81fc0c1c03cec,0,1,official,principal
3258,0,1,0.8072016835212708,probability_native,0.8072016835212708,u_71e81fc0c1c03cec,0,1,official,principal
1632,1,0,0.41529586911201477,probability_native,0.41529586911201477,u_71e81fc0c1c03cec,0,1,official,principal
1949,0,0,0.11413347721099854,probability_native,0.11413347721099854,u_71e81fc0c1c03cec,0,1,official,principal
6861,1,1,0.673980712890625,probability_native,0.673980712890625,u_71e81fc0c1c03cec,0,1,official,principal
1743,0,0,0.027044760063290596,probability_native,0.027044760063290596,u_71e81fc0c1c03cec,0,1,official,principal
4621,0,1,0.5520175695419312,probability_native,0.5520175695419312,u_71e81fc0c1c03cec,0,1,official,principal
6312,1,0,0.2146005779504776,probability_native,0.2146005779504776,u_71e81fc0c1c03cec,0,1,official,principal
5907,0,1,0.7502489686012268,probability_native,0.7502489686012268,u_71e81fc0c1c03cec,0,1,official,principal
3072,0,0,0.06539509445428848,probability_native,0.06539509445428848,u_71e81fc0c1c03cec,0,1,official,principal
6026,0,0,0.08231384307146072,probability_native,0.08231384307146072,u_71e81fc0c1c03cec,0,1,official,principal
1164,0,0,0.011239324696362019,probability_native,0.011239324696362019,u_71e81fc0c1c03cec,0,1,official,principal
2514,1,1,0.6552274227142334,probability_native,0.6552274227142334,u_71e81fc0c1c03cec,0,1,official,principal
2133,1,1,0.8735869526863098,probability_native,0.8735869526863098,u_71e81fc0c1c03cec,0,1,official,principal
2384,0,1,0.5273695588111877,probability_native,0.5273695588111877,u_71e81fc0c1c03cec,0,1,official,principal
2208,1,1,0.9198679327964783,probability_native,0.9198679327964783,u_71e81fc0c1c03cec,0,1,official,principal
1826,0,1,0.6175252199172974,probability_native,0.6175252199172974,u_71e81fc0c1c03cec,0,1,official,principal
2025,0,0,0.02516072429716587,probability_native,0.02516072429716587,u_71e81fc0c1c03cec,0,1,official,principal
3456,0,0,0.04716072231531143,probability_native,0.04716072231531143,u_71e81fc0c1c03cec,0,1,official,principal
3943,0,1,0.7668325304985046,probability_native,0.7668325304985046,u_71e81fc0c1c03cec,0,1,official,principal
2889,0,0,0.04008042439818382,probability_native,0.04008042439818382,u_71e81fc0c1c03cec,0,1,official,principal
4861,0,0,0.15303269028663635,probability_native,0.15303269028663635,u_71e81fc0c1c03cec,0,1,official,principal
4663,1,1,0.8648250699043274,probability_native,0.8648250699043274,u_71e81fc0c1c03cec,0,1,official,principal
803,0,0,0.037847377359867096,probability_native,0.037847377359867096,u_71e81fc0c1c03cec,0,1,official,principal
5983,0,1,0.6034001708030701,probability_native,0.6034001708030701,u_71e81fc0c1c03cec,0,1,official,principal
4041,0,0,0.05233939364552498,probability_native,0.05233939364552498,u_71e81fc0c1c03cec,0,1,official,principal
815,0,1,0.5414563417434692,probability_native,0.5414563417434692,u_71e81fc0c1c03cec,0,1,official,principal
4938,1,0,0.48560044169425964,probability_native,0.48560044169425964,u_71e81fc0c1c03cec,0,1,official,principal
4936,0,0,0.42125603556632996,probability_native,0.42125603556632996,u_71e81fc0c1c03cec,0,1,official,principal
5961,0,1,0.5947707295417786,probability_native,0.5947707295417786,u_71e81fc0c1c03cec,0,1,official,principal
6352,0,1,0.5844857096672058,probability_native,0.5844857096672058,u_71e81fc0c1c03cec,0,1,official,principal
5440,0,0,0.23167014122009277,probability_native,0.23167014122009277,u_71e81fc0c1c03cec,0,1,official,principal
2281,1,0,0.4554520547389984,probability_native,0.4554520547389984,u_71e81fc0c1c03cec,0,1,official,principal
6498,1,1,0.8365220427513123,probability_native,0.8365220427513123,u_71e81fc0c1c03cec,0,1,official,principal
3384,1,1,0.7358661890029907,probability_native,0.7358661890029907,u_71e81fc0c1c03cec,0,1,official,principal
5848,0,0,0.01571108028292656,probability_native,0.01571108028292656,u_71e81fc0c1c03cec,0,1,official,principal
6218,0,0,0.0690656378865242,probability_native,0.0690656378865242,u_71e81fc0c1c03cec,0,1,official,principal
6278,0,0,0.23442432284355164,probability_native,0.23442432284355164,u_71e81fc0c1c03cec,0,1,official,principal
2515,0,0,0.13094207644462585,probability_native,0.13094207644462585,u_71e81fc0c1c03cec,0,1,official,principal
4007,0,0,0.029753051698207855,probability_native,0.029753051698207855,u_71e81fc0c1c03cec,0,1,official,principal
2813,0,0,0.028364112600684166,probability_native,0.028364112600684166,u_71e81fc0c1c03cec,0,1,official,principal
4929,0,0,0.0860767811536789,probability_native,0.0860767811536789,u_71e81fc0c1c03cec,0,1,official,principal
3959,0,0,0.1586245596408844,probability_native,0.1586245596408844,u_71e81fc0c1c03cec,0,1,official,principal
4509,1,1,0.8062516450881958,probability_native,0.8062516450881958,u_71e81fc0c1c03cec,0,1,official,principal
2973,1,0,0.43938761949539185,probability_native,0.43938761949539185,u_71e81fc0c1c03cec,0,1,official,principal
1129,0,1,0.5550214648246765,probability_native,0.5550214648246765,u_71e81fc0c1c03cec,0,1,official,principal
2380,0,0,0.31670114398002625,probability_native,0.31670114398002625,u_71e81fc0c1c03cec,0,1,official,principal
1365,1,0,0.3244799077510834,probability_native,0.3244799077510834,u_71e81fc0c1c03cec,0,1,official,principal
3778,0,1,0.6262683868408203,probability_native,0.6262683868408203,u_71e81fc0c1c03cec,0,1,official,principal
2041,0,0,0.052157025784254074,probability_native,0.052157025784254074,u_71e81fc0c1c03cec,0,1,official,principal
5463,1,1,0.6589817404747009,probability_native,0.6589817404747009,u_71e81fc0c1c03cec,0,1,official,principal
5258,1,0,0.3200588524341583,probability_native,0.3200588524341583,u_71e81fc0c1c03cec,0,1,official,principal
5813,0,0,0.09813235700130463,probability_native,0.09813235700130463,u_71e81fc0c1c03cec,0,1,official,principal
723,1,1,0.7444407939910889,probability_native,0.7444407939910889,u_71e81fc0c1c03cec,0,1,official,principal
4924,1,1,0.8389573693275452,probability_native,0.8389573693275452,u_71e81fc0c1c03cec,0,1,official,principal
6205,1,0,0.4430844783782959,probability_native,0.4430844783782959,u_71e81fc0c1c03cec,0,1,official,principal
2106,0,0,0.05673251301050186,probability_native,0.05673251301050186,u_71e81fc0c1c03cec,0,1,official,principal
3520,0,0,0.12169582396745682,probability_native,0.12169582396745682,u_71e81fc0c1c03cec,0,1,official,principal
1210,1,1,0.6594640016555786,probability_native,0.6594640016555786,u_71e81fc0c1c03cec,0,1,official,principal
971,0,0,0.36280128359794617,probability_native,0.36280128359794617,u_71e81fc0c1c03cec,0,1,official,principal
4764,1,1,0.746475338935852,probability_native,0.746475338935852,u_71e81fc0c1c03cec,0,1,official,principal
6488,1,1,0.8735869526863098,probability_native,0.8735869526863098,u_71e81fc0c1c03cec,0,1,official,principal
5435,0,0,0.10883338004350662,probability_native,0.10883338004350662,u_71e81fc0c1c03cec,0,1,official,principal
4062,1,1,0.8318184018135071,probability_native,0.8318184018135071,u_71e81fc0c1c03cec,0,1,official,principal
309,0,0,0.13548652827739716,probability_native,0.13548652827739716,u_71e81fc0c1c03cec,0,1,official,principal
5687,0,0,0.08323115855455399,probability_native,0.08323115855455399,u_71e81fc0c1c03cec,0,1,official,principal
1569,0,0,0.3354586660861969,probability_native,0.3354586660861969,u_71e81fc0c1c03cec,0,1,official,principal
4775,1,0,0.4833727777004242,probability_native,0.4833727777004242,u_71e81fc0c1c03cec,0,1,official,principal
2803,0,0,0.028652090579271317,probability_native,0.028652090579271317,u_71e81fc0c1c03cec,0,1,official,principal
2271,0,1,0.6911869049072266,probability_native,0.6911869049072266,u_71e81fc0c1c03cec,0,1,official,principal
6714,0,1,0.7286779880523682,probability_native,0.7286779880523682,u_71e81fc0c1c03cec,0,1,official,principal
1498,1,1,0.6893603205680847,probability_native,0.6893603205680847,u_71e81fc0c1c03cec,0,1,official,principal
5596,0,0,0.023902934044599533,probability_native,0.023902934044599533,u_71e81fc0c1c03cec,0,1,official,principal
6738,0,1,0.5911291837692261,probability_native,0.5911291837692261,u_71e81fc0c1c03cec,0,1,official,principal
3095,0,1,0.691048264503479,probability_native,0.691048264503479,u_71e81fc0c1c03cec,0,1,official,principal
8,1,1,0.7066845297813416,probability_native,0.7066845297813416,u_71e81fc0c1c03cec,0,1,official,principal
4816,0,0,0.04800451919436455,probability_native,0.04800451919436455,u_71e81fc0c1c03cec,0,1,official,principal
2044,0,0,0.06820841133594513,probability_native,0.06820841133594513,u_71e81fc0c1c03cec,0,1,official,principal
4685,0,0,0.2199290543794632,probability_native,0.2199290543794632,u_71e81fc0c1c03cec,0,1,official,principal
1915,0,0,0.20816193521022797,probability_native,0.20816193521022797,u_71e81fc0c1c03cec,0,1,official,principal
1532,0,0,0.11913282424211502,probability_native,0.11913282424211502,u_71e81fc0c1c03cec,0,1,official,principal
2454,0,0,0.035429392009973526,probability_native,0.035429392009973526,u_71e81fc0c1c03cec,0,1,official,principal
5977,0,0,0.028344685211777687,probability_native,0.028344685211777687,u_71e81fc0c1c03cec,0,1,official,principal
2446,1,1,0.5695264339447021,probability_native,0.5695264339447021,u_71e81fc0c1c03cec,0,1,official,principal
1278,0,0,0.06503261625766754,probability_native,0.06503261625766754,u_71e81fc0c1c03cec,0,1,official,principal
1911,0,0,0.012691318988800049,probability_native,0.012691318988800049,u_71e81fc0c1c03cec,0,1,official,principal
2431,1,1,0.6649690866470337,probability_native,0.6649690866470337,u_71e81fc0c1c03cec,0,1,official,principal
4219,0,0,0.18198367953300476,probability_native,0.18198367953300476,u_71e81fc0c1c03cec,0,1,official,principal
4417,1,1,0.7504862546920776,probability_native,0.7504862546920776,u_71e81fc0c1c03cec,0,1,official,principal
411,0,0,0.08493248373270035,probability_native,0.08493248373270035,u_71e81fc0c1c03cec,0,1,official,principal
612,0,0,0.013207344338297844,probability_native,0.013207344338297844,u_71e81fc0c1c03cec,0,1,official,principal
2073,0,0,0.13094449043273926,probability_native,0.13094449043273926,u_71e81fc0c1c03cec,0,1,official,principal
5752,0,0,0.022746210917830467,probability_native,0.022746210917830467,u_71e81fc0c1c03cec,0,1,official,principal
5164,0,1,0.603684663772583,probability_native,0.603684663772583,u_71e81fc0c1c03cec,0,1,official,principal
2606,0,0,0.4685917794704437,probability_native,0.4685917794704437,u_71e81fc0c1c03cec,0,1,official,principal
5673,0,0,0.13814617693424225,probability_native,0.13814617693424225,u_71e81fc0c1c03cec,0,1,official,principal
1876,0,0,0.41960054636001587,probability_native,0.41960054636001587,u_71e81fc0c1c03cec,0,1,official,principal
2520,0,0,0.016864042729139328,probability_native,0.016864042729139328,u_71e81fc0c1c03cec,0,1,official,principal
5496,0,0,0.023185478523373604,probability_native,0.023185478523373604,u_71e81fc0c1c03cec,0,1,official,principal
6249,0,1,0.7754051089286804,probability_native,0.7754051089286804,u_71e81fc0c1c03cec,0,1,official,principal
5007,0,0,0.1112096980214119,probability_native,0.1112096980214119,u_71e81fc0c1c03cec,0,1,official,principal
4610,1,0,0.08211884647607803,probability_native,0.08211884647607803,u_71e81fc0c1c03cec,0,1,official,principal
5354,0,1,0.8593332171440125,probability_native,0.8593332171440125,u_71e81fc0c1c03cec,0,1,official,principal
2450,0,0,0.03599013015627861,probability_native,0.03599013015627861,u_71e81fc0c1c03cec,0,1,official,principal
3795,0,1,0.7984189391136169,probability_native,0.7984189391136169,u_71e81fc0c1c03cec,0,1,official,principal
5820,0,0,0.10134761780500412,probability_native,0.10134761780500412,u_71e81fc0c1c03cec,0,1,official,principal
4244,0,0,0.015210576355457306,probability_native,0.015210576355457306,u_71e81fc0c1c03cec,0,1,official,principal
5228,0,1,0.548821210861206,probability_native,0.548821210861206,u_71e81fc0c1c03cec,0,1,official,principal
5724,1,1,0.8225635290145874,probability_native,0.8225635290145874,u_71e81fc0c1c03cec,0,1,official,principal
3164,0,1,0.6938557624816895,probability_native,0.6938557624816895,u_71e81fc0c1c03cec,0,1,official,principal
5626,0,0,0.24312840402126312,probability_native,0.24312840402126312,u_71e81fc0c1c03cec,0,1,official,principal
2757,0,0,0.05511145293712616,probability_native,0.05511145293712616,u_71e81fc0c1c03cec,0,1,official,principal
5387,0,0,0.49168670177459717,probability_native,0.49168670177459717,u_71e81fc0c1c03cec,0,1,official,principal
3782,0,1,0.785803496837616,probability_native,0.785803496837616,u_71e81fc0c1c03cec,0,1,official,principal
2598,0,1,0.7944024801254272,probability_native,0.7944024801254272,u_71e81fc0c1c03cec,0,1,official,principal
5421,0,0,0.027475174516439438,probability_native,0.027475174516439438,u_71e81fc0c1c03cec,0,1,official,principal
4044,0,0,0.04745175316929817,probability_native,0.04745175316929817,u_71e81fc0c1c03cec,0,1,official,principal
6042,0,0,0.04781351983547211,probability_native,0.04781351983547211,u_71e81fc0c1c03cec,0,1,official,principal
1799,1,1,0.8383693695068359,probability_native,0.8383693695068359,u_71e81fc0c1c03cec,0,1,official,principal
4583,0,0,0.019290482625365257,probability_native,0.019290482625365257,u_71e81fc0c1c03cec,0,1,official,principal
2809,0,0,0.31437626481056213,probability_native,0.31437626481056213,u_71e81fc0c1c03cec,0,1,official,principal
210,1,1,0.6516280174255371,probability_native,0.6516280174255371,u_71e81fc0c1c03cec,0,1,official,principal
2272,0,1,0.7021120190620422,probability_native,0.7021120190620422,u_71e81fc0c1c03cec,0,1,official,principal
4688,0,0,0.4692080318927765,probability_native,0.4692080318927765,u_71e81fc0c1c03cec,0,1,official,principal
3096,0,0,0.0331476554274559,probability_native,0.0331476554274559,u_71e81fc0c1c03cec,0,1,official,principal
5176,0,0,0.10840602219104767,probability_native,0.10840602219104767,u_71e81fc0c1c03cec,0,1,official,principal
5061,0,0,0.051245078444480896,probability_native,0.051245078444480896,u_71e81fc0c1c03cec,0,1,official,principal
2540,0,0,0.14532960951328278,probability_native,0.14532960951328278,u_71e81fc0c1c03cec,0,1,official,principal
4612,0,0,0.01635541021823883,probability_native,0.01635541021823883,u_71e81fc0c1c03cec,0,1,official,principal
878,0,0,0.054526012390851974,probability_native,0.054526012390851974,u_71e81fc0c1c03cec,0,1,official,principal
5464,0,0,0.03835144639015198,probability_native,0.03835144639015198,u_71e81fc0c1c03cec,0,1,official,principal
3353,0,1,0.6018217206001282,probability_native,0.6018217206001282,u_71e81fc0c1c03cec,0,1,official,principal
6687,1,1,0.7871817946434021,probability_native,0.7871817946434021,u_71e81fc0c1c03cec,0,1,official,principal
5244,0,1,0.5087344646453857,probability_native,0.5087344646453857,u_71e81fc0c1c03cec,0,1,official,principal
698,0,0,0.16219235956668854,probability_native,0.16219235956668854,u_71e81fc0c1c03cec,0,1,official,principal
2722,0,0,0.010062314569950104,probability_native,0.010062314569950104,u_71e81fc0c1c03cec,0,1,official,principal
3698,0,0,0.46794143319129944,probability_native,0.46794143319129944,u_71e81fc0c1c03cec,0,1,official,principal
3500,0,0,0.3802104592323303,probability_native,0.3802104592323303,u_71e81fc0c1c03cec,0,1,official,principal
2067,0,0,0.36156165599823,probability_native,0.36156165599823,u_71e81fc0c1c03cec,0,1,official,principal
1312,0,0,0.13392885029315948,probability_native,0.13392885029315948,u_71e81fc0c1c03cec,0,1,official,principal
4514,0,1,0.6703686714172363,probability_native,0.6703686714172363,u_71e81fc0c1c03cec,0,1,official,principal
5378,0,0,0.0157251488417387,probability_native,0.0157251488417387,u_71e81fc0c1c03cec,0,1,official,principal
1968,0,0,0.2933109402656555,probability_native,0.2933109402656555,u_71e81fc0c1c03cec,0,1,official,principal
5646,1,0,0.2644360363483429,probability_native,0.2644360363483429,u_71e81fc0c1c03cec,0,1,official,principal
2883,0,0,0.016548728570342064,probability_native,0.016548728570342064,u_71e81fc0c1c03cec,0,1,official,principal
1252,0,1,0.580459713935852,probability_native,0.580459713935852,u_71e81fc0c1c03cec,0,1,official,principal
5051,0,0,0.46591663360595703,probability_native,0.46591663360595703,u_71e81fc0c1c03cec,0,1,official,principal
827,0,0,0.11683475226163864,probability_native,0.11683475226163864,u_71e81fc0c1c03cec,0,1,official,principal
6030,1,0,0.40509647130966187,probability_native,0.40509647130966187,u_71e81fc0c1c03cec,0,1,official,principal
890,0,0,0.19837652146816254,probability_native,0.19837652146816254,u_71e81fc0c1c03cec,0,1,official,principal
590,0,0,0.0717787817120552,probability_native,0.0717787817120552,u_71e81fc0c1c03cec,0,1,official,principal
793,0,0,0.01691810041666031,probability_native,0.01691810041666031,u_71e81fc0c1c03cec,0,1,official,principal
6059,0,0,0.07435119897127151,probability_native,0.07435119897127151,u_71e81fc0c1c03cec,0,1,official,principal
5158,0,0,0.014324934221804142,probability_native,0.014324934221804142,u_71e81fc0c1c03cec,0,1,official,principal
2209,0,0,0.2614119350910187,probability_native,0.2614119350910187,u_71e81fc0c1c03cec,0,1,official,principal
887,0,0,0.3113659620285034,probability_native,0.3113659620285034,u_71e81fc0c1c03cec,0,1,official,principal
1382,0,0,0.03879740089178085,probability_native,0.03879740089178085,u_71e81fc0c1c03cec,0,1,official,principal
3997,0,0,0.042821403592824936,probability_native,0.042821403592824936,u_71e81fc0c1c03cec,0,1,official,principal
3631,1,1,0.7016134262084961,probability_native,0.7016134262084961,u_71e81fc0c1c03cec,0,1,official,principal
3008,0,0,0.07317518442869186,probability_native,0.07317518442869186,u_71e81fc0c1c03cec,0,1,official,principal
2408,0,0,0.017494110390543938,probability_native,0.017494110390543938,u_71e81fc0c1c03cec,0,1,official,principal
435,0,0,0.24847601354122162,probability_native,0.24847601354122162,u_71e81fc0c1c03cec,0,1,official,principal
329,0,1,0.5817396640777588,probability_native,0.5817396640777588,u_71e81fc0c1c03cec,0,1,official,principal
17,0,0,0.07959572225809097,probability_native,0.07959572225809097,u_71e81fc0c1c03cec,0,1,official,principal
5466,0,0,0.07558612525463104,probability_native,0.07558612525463104,u_71e81fc0c1c03cec,0,1,official,principal
1795,1,1,0.5133841633796692,probability_native,0.5133841633796692,u_71e81fc0c1c03cec,0,1,official,principal
4957,0,0,0.3299998342990875,probability_native,0.3299998342990875,u_71e81fc0c1c03cec,0,1,official,principal
419,1,1,0.8060842156410217,probability_native,0.8060842156410217,u_71e81fc0c1c03cec,0,1,official,principal
6818,0,0,0.08803560584783554,probability_native,0.08803560584783554,u_71e81fc0c1c03cec,0,1,official,principal
264,0,0,0.15655528008937836,probability_native,0.15655528008937836,u_71e81fc0c1c03cec,0,1,official,principal
6625,1,1,0.8074695467948914,probability_native,0.8074695467948914,u_71e81fc0c1c03cec,0,1,official,principal
5260,0,1,0.5675933957099915,probability_native,0.5675933957099915,u_71e81fc0c1c03cec,0,1,official,principal
3370,0,0,0.12225349247455597,probability_native,0.12225349247455597,u_71e81fc0c1c03cec,0,1,official,principal
5089,0,1,0.5578322410583496,probability_native,0.5578322410583496,u_71e81fc0c1c03cec,0,1,official,principal
5145,0,0,0.04645472764968872,probability_native,0.04645472764968872,u_71e81fc0c1c03cec,0,1,official,principal
4485,0,0,0.028111040592193604,probability_native,0.028111040592193604,u_71e81fc0c1c03cec,0,1,official,principal
6135,0,0,0.04822622239589691,probability_native,0.04822622239589691,u_71e81fc0c1c03cec,0,1,official,principal
326,0,1,0.7089216709136963,probability_native,0.7089216709136963,u_71e81fc0c1c03cec,0,1,official,principal
1633,0,1,0.7716668844223022,probability_native,0.7716668844223022,u_71e81fc0c1c03cec,0,1,official,principal
728,1,0,0.1842372715473175,probability_native,0.1842372715473175,u_71e81fc0c1c03cec,0,1,official,principal
4988,0,0,0.019284263253211975,probability_native,0.019284263253211975,u_71e81fc0c1c03cec,0,1,official,principal
6068,1,0,0.44180840253829956,probability_native,0.44180840253829956,u_71e81fc0c1c03cec,0,1,official,principal
2891,1,1,0.8948754668235779,probability_native,0.8948754668235779,u_71e81fc0c1c03cec,0,1,official,principal
1965,1,0,0.2249893695116043,probability_native,0.2249893695116043,u_71e81fc0c1c03cec,0,1,official,principal
4714,0,0,0.01805836148560047,probability_native,0.01805836148560047,u_71e81fc0c1c03cec,0,1,official,principal
6484,0,0,0.12578324973583221,probability_native,0.12578324973583221,u_71e81fc0c1c03cec,0,1,official,principal
1137,0,0,0.009822558611631393,probability_native,0.009822558611631393,u_71e81fc0c1c03cec,0,1,official,principal
1393,0,1,0.5976952910423279,probability_native,0.5976952910423279,u_71e81fc0c1c03cec,0,1,official,principal
2945,0,1,0.5492421388626099,probability_native,0.5492421388626099,u_71e81fc0c1c03cec,0,1,official,principal
424,0,0,0.22714395821094513,probability_native,0.22714395821094513,u_71e81fc0c1c03cec,0,1,official,principal
5605,0,0,0.24063032865524292,probability_native,0.24063032865524292,u_71e81fc0c1c03cec,0,1,official,principal
628,0,0,0.09544210880994797,probability_native,0.09544210880994797,u_71e81fc0c1c03cec,0,1,official,principal
4243,0,0,0.11991936713457108,probability_native,0.11991936713457108,u_71e81fc0c1c03cec,0,1,official,principal
206,0,0,0.007151735480874777,probability_native,0.007151735480874777,u_71e81fc0c1c03cec,0,1,official,principal
4031,0,0,0.06355402618646622,probability_native,0.06355402618646622,u_71e81fc0c1c03cec,0,1,official,principal
2667,0,0,0.03286369517445564,probability_native,0.03286369517445564,u_71e81fc0c1c03cec,0,1,official,principal
4129,0,0,0.3681293725967407,probability_native,0.3681293725967407,u_71e81fc0c1c03cec,0,1,official,principal
3635,0,0,0.025064321234822273,probability_native,0.025064321234822273,u_71e81fc0c1c03cec,0,1,official,principal
3601,0,0,0.05702468752861023,probability_native,0.05702468752861023,u_71e81fc0c1c03cec,0,1,official,principal
334,1,1,0.7382185459136963,probability_native,0.7382185459136963,u_71e81fc0c1c03cec,0,1,official,principal
6041,0,0,0.28021299839019775,probability_native,0.28021299839019775,u_71e81fc0c1c03cec,0,1,official,principal
2799,0,0,0.012509658932685852,probability_native,0.012509658932685852,u_71e81fc0c1c03cec,0,1,official,principal
2730,0,0,0.3514554798603058,probability_native,0.3514554798603058,u_71e81fc0c1c03cec,0,1,official,principal
1042,0,1,0.5638745427131653,probability_native,0.5638745427131653,u_71e81fc0c1c03cec,0,1,official,principal
5938,0,1,0.5599541664123535,probability_native,0.5599541664123535,u_71e81fc0c1c03cec,0,1,official,principal
3429,0,0,0.03182729333639145,probability_native,0.03182729333639145,u_71e81fc0c1c03cec,0,1,official,principal
6272,0,0,0.08228020370006561,probability_native,0.08228020370006561,u_71e81fc0c1c03cec,0,1,official,principal
5117,0,0,0.038252733647823334,probability_native,0.038252733647823334,u_71e81fc0c1c03cec,0,1,official,principal
3589,0,0,0.2174670249223709,probability_native,0.2174670249223709,u_71e81fc0c1c03cec,0,1,official,principal
1977,0,1,0.6644147038459778,probability_native,0.6644147038459778,u_71e81fc0c1c03cec,0,1,official,principal
2497,0,0,0.2527616322040558,probability_native,0.2527616322040558,u_71e81fc0c1c03cec,0,1,official,principal
5783,1,1,0.8987364172935486,probability_native,0.8987364172935486,u_71e81fc0c1c03cec,0,1,official,principal
4822,0,0,0.03451613336801529,probability_native,0.03451613336801529,u_71e81fc0c1c03cec,0,1,official,principal
3828,0,0,0.018631935119628906,probability_native,0.018631935119628906,u_71e81fc0c1c03cec,0,1,official,principal
1173,1,1,0.7139515280723572,probability_native,0.7139515280723572,u_71e81fc0c1c03cec,0,1,official,principal
6865,0,0,0.07883390039205551,probability_native,0.07883390039205551,u_71e81fc0c1c03cec,0,1,official,principal
2056,0,0,0.2929132580757141,probability_native,0.2929132580757141,u_71e81fc0c1c03cec,0,1,official,principal
6036,0,0,0.17491917312145233,probability_native,0.17491917312145233,u_71e81fc0c1c03cec,0,1,official,principal
1235,0,0,0.2234988957643509,probability_native,0.2234988957643509,u_71e81fc0c1c03cec,0,1,official,principal
6252,0,0,0.18499338626861572,probability_native,0.18499338626861572,u_71e81fc0c1c03cec,0,1,official,principal
5278,0,0,0.3154657483100891,probability_native,0.3154657483100891,u_71e81fc0c1c03cec,0,1,official,principal
2876,0,0,0.08432602137327194,probability_native,0.08432602137327194,u_71e81fc0c1c03cec,0,1,official,principal
6926,1,0,0.4551997184753418,probability_native,0.4551997184753418,u_71e81fc0c1c03cec,0,1,official,principal
1862,0,0,0.3231528103351593,probability_native,0.3231528103351593,u_71e81fc0c1c03cec,0,1,official,principal
43,0,0,0.026229115203022957,probability_native,0.026229115203022957,u_71e81fc0c1c03cec,0,1,official,principal
1984,1,1,0.5185773372650146,probability_native,0.5185773372650146,u_71e81fc0c1c03cec,0,1,official,principal
3826,0,0,0.20931442081928253,probability_native,0.20931442081928253,u_71e81fc0c1c03cec,0,1,official,principal
6186,1,0,0.3299522399902344,probability_native,0.3299522399902344,u_71e81fc0c1c03cec,0,1,official,principal
6113,0,0,0.4859364330768585,probability_native,0.4859364330768585,u_71e81fc0c1c03cec,0,1,official,principal
127,0,0,0.019580435007810593,probability_native,0.019580435007810593,u_71e81fc0c1c03cec,0,1,official,principal
5004,0,1,0.5471281409263611,probability_native,0.5471281409263611,u_71e81fc0c1c03cec,0,1,official,principal
1784,1,0,0.27329641580581665,probability_native,0.27329641580581665,u_71e81fc0c1c03cec,0,1,official,principal
2354,0,0,0.038403816521167755,probability_native,0.038403816521167755,u_71e81fc0c1c03cec,0,1,official,principal
299,1,1,0.6603833436965942,probability_native,0.6603833436965942,u_71e81fc0c1c03cec,0,1,official,principal
5069,1,1,0.7789289951324463,probability_native,0.7789289951324463,u_71e81fc0c1c03cec,0,1,official,principal
3989,0,0,0.4579215943813324,probability_native,0.4579215943813324,u_71e81fc0c1c03cec,0,1,official,principal
2223,1,1,0.6567395329475403,probability_native,0.6567395329475403,u_71e81fc0c1c03cec,0,1,official,principal
5929,0,0,0.3494507372379303,probability_native,0.3494507372379303,u_71e81fc0c1c03cec,0,1,official,principal
3348,0,0,0.3771284222602844,probability_native,0.3771284222602844,u_71e81fc0c1c03cec,0,1,official,principal
837,1,1,0.7064686417579651,probability_native,0.7064686417579651,u_71e81fc0c1c03cec,0,1,official,principal
801,1,1,0.861344575881958,probability_native,0.861344575881958,u_71e81fc0c1c03cec,0,1,official,principal
5497,1,0,0.15685860812664032,probability_native,0.15685860812664032,u_71e81fc0c1c03cec,0,1,official,principal
2815,1,1,0.6675220727920532,probability_native,0.6675220727920532,u_71e81fc0c1c03cec,0,1,official,principal
5548,0,0,0.027580883353948593,probability_native,0.027580883353948593,u_71e81fc0c1c03cec,0,1,official,principal
5246,1,1,0.8406938314437866,probability_native,0.8406938314437866,u_71e81fc0c1c03cec,0,1,official,principal
2250,0,0,0.05567791312932968,probability_native,0.05567791312932968,u_71e81fc0c1c03cec,0,1,official,principal
1249,1,1,0.7064686417579651,probability_native,0.7064686417579651,u_71e81fc0c1c03cec,0,1,official,principal
4529,0,0,0.3382512927055359,probability_native,0.3382512927055359,u_71e81fc0c1c03cec,0,1,official,principal
5874,1,1,0.9013223648071289,probability_native,0.9013223648071289,u_71e81fc0c1c03cec,0,1,official,principal
6543,0,0,0.023990288376808167,probability_native,0.023990288376808167,u_71e81fc0c1c03cec,0,1,official,principal
3597,0,0,0.43820255994796753,probability_native,0.43820255994796753,u_71e81fc0c1c03cec,0,1,official,principal
934,0,0,0.13431446254253387,probability_native,0.13431446254253387,u_71e81fc0c1c03cec,0,1,official,principal
96,0,0,0.019853243604302406,probability_native,0.019853243604302406,u_71e81fc0c1c03cec,0,1,official,principal
5276,0,0,0.032815851271152496,probability_native,0.032815851271152496,u_71e81fc0c1c03cec,0,1,official,principal
173,1,0,0.2851792871952057,probability_native,0.2851792871952057,u_71e81fc0c1c03cec,0,1,official,principal
1986,0,0,0.042407382279634476,probability_native,0.042407382279634476,u_71e81fc0c1c03cec,0,1,official,principal
1940,0,0,0.053453534841537476,probability_native,0.053453534841537476,u_71e81fc0c1c03cec,0,1,official,principal
4839,1,1,0.7035263180732727,probability_native,0.7035263180732727,u_71e81fc0c1c03cec,0,1,official,principal
4000,0,1,0.7823433876037598,probability_native,0.7823433876037598,u_71e81fc0c1c03cec,0,1,official,principal
1527,0,0,0.007564247120171785,probability_native,0.007564247120171785,u_71e81fc0c1c03cec,0,1,official,principal
5903,0,0,0.05934062972664833,probability_native,0.05934062972664833,u_71e81fc0c1c03cec,0,1,official,principal
186,0,0,0.30627915263175964,probability_native,0.30627915263175964,u_71e81fc0c1c03cec,0,1,official,principal
4964,1,0,0.47867777943611145,probability_native,0.47867777943611145,u_71e81fc0c1c03cec,0,1,official,principal
4595,0,0,0.020342441275715828,probability_native,0.020342441275715828,u_71e81fc0c1c03cec,0,1,official,principal
1562,0,0,0.22101333737373352,probability_native,0.22101333737373352,u_71e81fc0c1c03cec,0,1,official,principal
4698,1,0,0.07252483069896698,probability_native,0.07252483069896698,u_71e81fc0c1c03cec,0,1,official,principal
5040,0,0,0.3230723738670349,probability_native,0.3230723738670349,u_71e81fc0c1c03cec,0,1,official,principal
3756,1,1,0.7483249306678772,probability_native,0.7483249306678772,u_71e81fc0c1c03cec,0,1,official,principal
5870,1,0,0.35482072830200195,probability_native,0.35482072830200195,u_71e81fc0c1c03cec,0,1,official,principal
5024,0,0,0.013775552622973919,probability_native,0.013775552622973919,u_71e81fc0c1c03cec,0,1,official,principal
6629,0,0,0.013787542469799519,probability_native,0.013787542469799519,u_71e81fc0c1c03cec,0,1,official,principal
6350,0,0,0.30243563652038574,probability_native,0.30243563652038574,u_71e81fc0c1c03cec,0,1,official,principal
2501,0,0,0.01476674061268568,probability_native,0.01476674061268568,u_71e81fc0c1c03cec,0,1,official,principal
2795,1,1,0.8524434566497803,probability_native,0.8524434566497803,u_71e81fc0c1c03cec,0,1,official,principal
4334,0,1,0.5185129046440125,probability_native,0.5185129046440125,u_71e81fc0c1c03cec,0,1,official,principal
5708,0,1,0.6052724123001099,probability_native,0.6052724123001099,u_71e81fc0c1c03cec,0,1,official,principal
5702,1,0,0.20347295701503754,probability_native,0.20347295701503754,u_71e81fc0c1c03cec,0,1,official,principal
3025,0,0,0.016863742843270302,probability_native,0.016863742843270302,u_71e81fc0c1c03cec,0,1,official,principal
2756,1,1,0.5976952910423279,probability_native,0.5976952910423279,u_71e81fc0c1c03cec,0,1,official,principal
241,0,0,0.05593778192996979,probability_native,0.05593778192996979,u_71e81fc0c1c03cec,0,1,official,principal
117,1,1,0.7834568619728088,probability_native,0.7834568619728088,u_71e81fc0c1c03cec,0,1,official,principal
3684,0,0,0.49235889315605164,probability_native,0.49235889315605164,u_71e81fc0c1c03cec,0,1,official,principal
3685,0,0,0.10560286790132523,probability_native,0.10560286790132523,u_71e81fc0c1c03cec,0,1,official,principal
1429,0,0,0.022700946778059006,probability_native,0.022700946778059006,u_71e81fc0c1c03cec,0,1,official,principal
5330,1,1,0.5265111327171326,probability_native,0.5265111327171326,u_71e81fc0c1c03cec,0,1,official,principal
252,1,1,0.7627620100975037,probability_native,0.7627620100975037,u_71e81fc0c1c03cec,0,1,official,principal
4188,1,1,0.7147178649902344,probability_native,0.7147178649902344,u_71e81fc0c1c03cec,0,1,official,principal
6961,1,0,0.4596292972564697,probability_native,0.4596292972564697,u_71e81fc0c1c03cec,0,1,official,principal
2410,0,0,0.43288153409957886,probability_native,0.43288153409957886,u_71e81fc0c1c03cec,0,1,official,principal
71,0,0,0.07146716862916946,probability_native,0.07146716862916946,u_71e81fc0c1c03cec,0,1,official,principal
3917,1,1,0.8279736042022705,probability_native,0.8279736042022705,u_71e81fc0c1c03cec,0,1,official,principal
6241,1,1,0.7210408449172974,probability_native,0.7210408449172974,u_71e81fc0c1c03cec,0,1,official,principal
4335,0,1,0.7474092841148376,probability_native,0.7474092841148376,u_71e81fc0c1c03cec,0,1,official,principal
5267,0,0,0.09504064917564392,probability_native,0.09504064917564392,u_71e81fc0c1c03cec,0,1,official,principal
5947,1,0,0.02940545417368412,probability_native,0.02940545417368412,u_71e81fc0c1c03cec,0,1,official,principal
1482,0,1,0.8251169323921204,probability_native,0.8251169323921204,u_71e81fc0c1c03cec,0,1,official,principal
3222,0,1,0.5937238335609436,probability_native,0.5937238335609436,u_71e81fc0c1c03cec,0,1,official,principal
6923,0,0,0.06727086752653122,probability_native,0.06727086752653122,u_71e81fc0c1c03cec,0,1,official,principal
2587,0,0,0.03207387775182724,probability_native,0.03207387775182724,u_71e81fc0c1c03cec,0,1,official,principal
5771,0,0,0.14784465730190277,probability_native,0.14784465730190277,u_71e81fc0c1c03cec,0,1,official,principal
99,1,1,0.6800956726074219,probability_native,0.6800956726074219,u_71e81fc0c1c03cec,0,1,official,principal
6464,0,0,0.237407848238945,probability_native,0.237407848238945,u_71e81fc0c1c03cec,0,1,official,principal
1356,0,1,0.7854708433151245,probability_native,0.7854708433151245,u_71e81fc0c1c03cec,0,1,official,principal
6989,0,0,0.11403048783540726,probability_native,0.11403048783540726,u_71e81fc0c1c03cec,0,1,official,principal
2492,1,0,0.39460068941116333,probability_native,0.39460068941116333,u_71e81fc0c1c03cec,0,1,official,principal
1981,1,1,0.5039825439453125,probability_native,0.5039825439453125,u_71e81fc0c1c03cec,0,1,official,principal
3833,0,0,0.3894820213317871,probability_native,0.3894820213317871,u_71e81fc0c1c03cec,0,1,official,principal
1138,0,0,0.2999366223812103,probability_native,0.2999366223812103,u_71e81fc0c1c03cec,0,1,official,principal
2746,0,0,0.018774094060063362,probability_native,0.018774094060063362,u_71e81fc0c1c03cec,0,1,official,principal
2336,1,1,0.5263707637786865,probability_native,0.5263707637786865,u_71e81fc0c1c03cec,0,1,official,principal
6338,0,1,0.6434300541877747,probability_native,0.6434300541877747,u_71e81fc0c1c03cec,0,1,official,principal
5171,0,0,0.2879740297794342,probability_native,0.2879740297794342,u_71e81fc0c1c03cec,0,1,official,principal
2395,0,0,0.45168739557266235,probability_native,0.45168739557266235,u_71e81fc0c1c03cec,0,1,official,principal
2738,0,0,0.03474776819348335,probability_native,0.03474776819348335,u_71e81fc0c1c03cec,0,1,official,principal
1066,0,0,0.02794663794338703,probability_native,0.02794663794338703,u_71e81fc0c1c03cec,0,1,official,principal
1342,0,0,0.04980304464697838,probability_native,0.04980304464697838,u_71e81fc0c1c03cec,0,1,official,principal
4547,0,0,0.435764342546463,probability_native,0.435764342546463,u_71e81fc0c1c03cec,0,1,official,principal
1666,0,0,0.06407187879085541,probability_native,0.06407187879085541,u_71e81fc0c1c03cec,0,1,official,principal
2668,1,0,0.4909408986568451,probability_native,0.4909408986568451,u_71e81fc0c1c03cec,0,1,official,principal
2119,0,0,0.040717221796512604,probability_native,0.040717221796512604,u_71e81fc0c1c03cec,0,1,official,principal
534,1,1,0.9144811630249023,probability_native,0.9144811630249023,u_71e81fc0c1c03cec,0,1,official,principal
2937,0,0,0.2423374503850937,probability_native,0.2423374503850937,u_71e81fc0c1c03cec,0,1,official,principal
3352,1,1,0.8817299604415894,probability_native,0.8817299604415894,u_71e81fc0c1c03cec,0,1,official,principal
561,0,0,0.4948340654373169,probability_native,0.4948340654373169,u_71e81fc0c1c03cec,0,1,official,principal
1215,1,1,0.7964871525764465,probability_native,0.7964871525764465,u_71e81fc0c1c03cec,0,1,official,principal
3144,0,0,0.09275549650192261,probability_native,0.09275549650192261,u_71e81fc0c1c03cec,0,1,official,principal
4522,0,0,0.04455086961388588,probability_native,0.04455086961388588,u_71e81fc0c1c03cec,0,1,official,principal
2692,0,0,0.4178272485733032,probability_native,0.4178272485733032,u_71e81fc0c1c03cec,0,1,official,principal
5420,0,0,0.11997359991073608,probability_native,0.11997359991073608,u_71e81fc0c1c03cec,0,1,official,principal
3639,0,0,0.3565700650215149,probability_native,0.3565700650215149,u_71e81fc0c1c03cec,0,1,official,principal
243,0,0,0.21335022151470184,probability_native,0.21335022151470184,u_71e81fc0c1c03cec,0,1,official,principal
1281,0,0,0.05099920183420181,probability_native,0.05099920183420181,u_71e81fc0c1c03cec,0,1,official,principal
6243,0,0,0.008210237137973309,probability_native,0.008210237137973309,u_71e81fc0c1c03cec,0,1,official,principal
4903,1,1,0.8492416143417358,probability_native,0.8492416143417358,u_71e81fc0c1c03cec,0,1,official,principal
6591,1,1,0.7341586351394653,probability_native,0.7341586351394653,u_71e81fc0c1c03cec,0,1,official,principal
3238,0,0,0.017363237217068672,probability_native,0.017363237217068672,u_71e81fc0c1c03cec,0,1,official,principal
6095,0,0,0.2925134301185608,probability_native,0.2925134301185608,u_71e81fc0c1c03cec,0,1,official,principal
646,1,1,0.7502489686012268,probability_native,0.7502489686012268,u_71e81fc0c1c03cec,0,1,official,principal
6983,0,0,0.1608933061361313,probability_native,0.1608933061361313,u_71e81fc0c1c03cec,0,1,official,principal
757,0,0,0.3124506175518036,probability_native,0.3124506175518036,u_71e81fc0c1c03cec,0,1,official,principal
6737,0,0,0.17744700610637665,probability_native,0.17744700610637665,u_71e81fc0c1c03cec,0,1,official,principal
242,0,0,0.09246880561113358,probability_native,0.09246880561113358,u_71e81fc0c1c03cec,0,1,official,principal
3256,0,0,0.03531426563858986,probability_native,0.03531426563858986,u_71e81fc0c1c03cec,0,1,official,principal
6925,0,0,0.0273804422467947,probability_native,0.0273804422467947,u_71e81fc0c1c03cec,0,1,official,principal
1927,1,0,0.4782989025115967,probability_native,0.4782989025115967,u_71e81fc0c1c03cec,0,1,official,principal
6001,0,1,0.7534196972846985,probability_native,0.7534196972846985,u_71e81fc0c1c03cec,0,1,official,principal
4643,0,1,0.6405145525932312,probability_native,0.6405145525932312,u_71e81fc0c1c03cec,0,1,official,principal
4110,0,0,0.018291760236024857,probability_native,0.018291760236024857,u_71e81fc0c1c03cec,0,1,official,principal
611,1,0,0.12665025889873505,probability_native,0.12665025889873505,u_71e81fc0c1c03cec,0,1,official,principal
4917,0,0,0.12627127766609192,probability_native,0.12627127766609192,u_71e81fc0c1c03cec,0,1,official,principal
4937,0,0,0.06746561825275421,probability_native,0.06746561825275421,u_71e81fc0c1c03cec,0,1,official,principal
2392,0,1,0.6137746572494507,probability_native,0.6137746572494507,u_71e81fc0c1c03cec,0,1,official,principal
3378,0,0,0.006247979588806629,probability_native,0.006247979588806629,u_71e81fc0c1c03cec,0,1,official,principal
345,0,1,0.8973585367202759,probability_native,0.8973585367202759,u_71e81fc0c1c03cec,0,1,official,principal
3356,1,0,0.48594534397125244,probability_native,0.48594534397125244,u_71e81fc0c1c03cec,0,1,official,principal
6508,1,1,0.6831287741661072,probability_native,0.6831287741661072,u_71e81fc0c1c03cec,0,1,official,principal
1503,0,0,0.44530579447746277,probability_native,0.44530579447746277,u_71e81fc0c1c03cec,0,1,official,principal
2611,1,1,0.7966151237487793,probability_native,0.7966151237487793,u_71e81fc0c1c03cec,0,1,official,principal
6580,0,0,0.0640217587351799,probability_native,0.0640217587351799,u_71e81fc0c1c03cec,0,1,official,principal
3093,0,0,0.057754162698984146,probability_native,0.057754162698984146,u_71e81fc0c1c03cec,0,1,official,principal
3385,1,1,0.8897426724433899,probability_native,0.8897426724433899,u_71e81fc0c1c03cec,0,1,official,principal
5428,1,1,0.7516787648200989,probability_native,0.7516787648200989,u_71e81fc0c1c03cec,0,1,official,principal
5602,0,0,0.12698908150196075,probability_native,0.12698908150196075,u_71e81fc0c1c03cec,0,1,official,principal
6439,0,0,0.45059916377067566,probability_native,0.45059916377067566,u_71e81fc0c1c03cec,0,1,official,principal
167,0,0,0.010733506642282009,probability_native,0.010733506642282009,u_71e81fc0c1c03cec,0,1,official,principal
2862,1,1,0.804897665977478,probability_native,0.804897665977478,u_71e81fc0c1c03cec,0,1,official,principal
756,0,0,0.023959042504429817,probability_native,0.023959042504429817,u_71e81fc0c1c03cec,0,1,official,principal
4005,1,1,0.6870930790901184,probability_native,0.6870930790901184,u_71e81fc0c1c03cec,0,1,official,principal
2316,0,0,0.2186664640903473,probability_native,0.2186664640903473,u_71e81fc0c1c03cec,0,1,official,principal
5296,0,0,0.06761530786752701,probability_native,0.06761530786752701,u_71e81fc0c1c03cec,0,1,official,principal
2863,0,1,0.7064686417579651,probability_native,0.7064686417579651,u_71e81fc0c1c03cec,0,1,official,principal
2461,0,0,0.03603963553905487,probability_native,0.03603963553905487,u_71e81fc0c1c03cec,0,1,official,principal
705,1,0,0.24127209186553955,probability_native,0.24127209186553955,u_71e81fc0c1c03cec,0,1,official,principal
1229,0,0,0.03023042157292366,probability_native,0.03023042157292366,u_71e81fc0c1c03cec,0,1,official,principal
2689,0,0,0.04310707375407219,probability_native,0.04310707375407219,u_71e81fc0c1c03cec,0,1,official,principal
6895,0,0,0.02595248818397522,probability_native,0.02595248818397522,u_71e81fc0c1c03cec,0,1,official,principal
6461,0,0,0.35374003648757935,probability_native,0.35374003648757935,u_71e81fc0c1c03cec,0,1,official,principal
5099,1,0,0.10128262639045715,probability_native,0.10128262639045715,u_71e81fc0c1c03cec,0,1,official,principal
4712,0,0,0.3217118978500366,probability_native,0.3217118978500366,u_71e81fc0c1c03cec,0,1,official,principal
274,1,1,0.7788738012313843,probability_native,0.7788738012313843,u_71e81fc0c1c03cec,0,1,official,principal
5368,1,1,0.8129823803901672,probability_native,0.8129823803901672,u_71e81fc0c1c03cec,0,1,official,principal
1223,1,1,0.863373339176178,probability_native,0.863373339176178,u_71e81fc0c1c03cec,0,1,official,principal
3444,0,0,0.07030539214611053,probability_native,0.07030539214611053,u_71e81fc0c1c03cec,0,1,official,principal
6163,0,1,0.7628090381622314,probability_native,0.7628090381622314,u_71e81fc0c1c03cec,0,1,official,principal
1742,1,1,0.7271272540092468,probability_native,0.7271272540092468,u_71e81fc0c1c03cec,0,1,official,principal
5750,1,1,0.760491132736206,probability_native,0.760491132736206,u_71e81fc0c1c03cec,0,1,official,principal
4435,0,1,0.5478688478469849,probability_native,0.5478688478469849,u_71e81fc0c1c03cec,0,1,official,principal
6046,0,1,0.733058512210846,probability_native,0.733058512210846,u_71e81fc0c1c03cec,0,1,official,principal
5088,0,0,0.013028127141296864,probability_native,0.013028127141296864,u_71e81fc0c1c03cec,0,1,official,principal
5416,0,0,0.27454280853271484,probability_native,0.27454280853271484,u_71e81fc0c1c03cec,0,1,official,principal
459,0,1,0.8958914875984192,probability_native,0.8958914875984192,u_71e81fc0c1c03cec,0,1,official,principal
6295,0,0,0.01730523630976677,probability_native,0.01730523630976677,u_71e81fc0c1c03cec,0,1,official,principal
2941,0,0,0.027528969570994377,probability_native,0.027528969570994377,u_71e81fc0c1c03cec,0,1,official,principal
2284,0,0,0.32256588339805603,probability_native,0.32256588339805603,u_71e81fc0c1c03cec,0,1,official,principal
3608,1,1,0.5326164364814758,probability_native,0.5326164364814758,u_71e81fc0c1c03cec,0,1,official,principal
6742,0,0,0.039137888699769974,probability_native,0.039137888699769974,u_71e81fc0c1c03cec,0,1,official,principal
2628,0,1,0.577792763710022,probability_native,0.577792763710022,u_71e81fc0c1c03cec,0,1,official,principal
2713,0,1,0.6434300541877747,probability_native,0.6434300541877747,u_71e81fc0c1c03cec,0,1,official,principal
1800,0,1,0.7502489686012268,probability_native,0.7502489686012268,u_71e81fc0c1c03cec,0,1,official,principal
2469,0,0,0.04923206940293312,probability_native,0.04923206940293312,u_71e81fc0c1c03cec,0,1,official,principal
3321,0,0,0.022261330857872963,probability_native,0.022261330857872963,u_71e81fc0c1c03cec,0,1,official,principal
823,0,0,0.4815157949924469,probability_native,0.4815157949924469,u_71e81fc0c1c03cec,0,1,official,principal
952,0,0,0.12790565192699432,probability_native,0.12790565192699432,u_71e81fc0c1c03cec,0,1,official,principal
1198,0,0,0.03709765523672104,probability_native,0.03709765523672104,u_71e81fc0c1c03cec,0,1,official,principal
3758,0,1,0.622688889503479,probability_native,0.622688889503479,u_71e81fc0c1c03cec,0,1,official,principal
1361,1,1,0.738652229309082,probability_native,0.738652229309082,u_71e81fc0c1c03cec,0,1,official,principal
2575,0,0,0.04402507096529007,probability_native,0.04402507096529007,u_71e81fc0c1c03cec,0,1,official,principal
81,0,0,0.3107013702392578,probability_native,0.3107013702392578,u_71e81fc0c1c03cec,0,1,official,principal
56,0,0,0.21108318865299225,probability_native,0.21108318865299225,u_71e81fc0c1c03cec,0,1,official,principal
5461,0,0,0.029649334028363228,probability_native,0.029649334028363228,u_71e81fc0c1c03cec,0,1,official,principal
3116,0,0,0.1337203085422516,probability_native,0.1337203085422516,u_71e81fc0c1c03cec,0,1,official,principal
4767,0,0,0.27732136845588684,probability_native,0.27732136845588684,u_71e81fc0c1c03cec,0,1,official,principal
114,0,0,0.055433489382267,probability_native,0.055433489382267,u_71e81fc0c1c03cec,0,1,official,principal
5005,1,0,0.23718984425067902,probability_native,0.23718984425067902,u_71e81fc0c1c03cec,0,1,official,principal
5591,1,1,0.8548340797424316,probability_native,0.8548340797424316,u_71e81fc0c1c03cec,0,1,official,principal
1786,1,0,0.22973154485225677,probability_native,0.22973154485225677,u_71e81fc0c1c03cec,0,1,official,principal
836,0,0,0.03523542732000351,probability_native,0.03523542732000351,u_71e81fc0c1c03cec,0,1,official,principal
2273,0,0,0.04689835384488106,probability_native,0.04689835384488106,u_71e81fc0c1c03cec,0,1,official,principal
2114,0,0,0.11906088143587112,probability_native,0.11906088143587112,u_71e81fc0c1c03cec,0,1,official,principal
395,0,0,0.03669765591621399,probability_native,0.03669765591621399,u_71e81fc0c1c03cec,0,1,official,principal
6758,0,0,0.1160590872168541,probability_native,0.1160590872168541,u_71e81fc0c1c03cec,0,1,official,principal
6700,0,0,0.12141110748052597,probability_native,0.12141110748052597,u_71e81fc0c1c03cec,0,1,official,principal
1413,0,0,0.018160544335842133,probability_native,0.018160544335842133,u_71e81fc0c1c03cec,0,1,official,principal
5685,0,0,0.020954705774784088,probability_native,0.020954705774784088,u_71e81fc0c1c03cec,0,1,official,principal
3858,0,0,0.09509686380624771,probability_native,0.09509686380624771,u_71e81fc0c1c03cec,0,1,official,principal
6129,0,0,0.41058632731437683,probability_native,0.41058632731437683,u_71e81fc0c1c03cec,0,1,official,principal
4968,0,0,0.08092495054006577,probability_native,0.08092495054006577,u_71e81fc0c1c03cec,0,1,official,principal
5550,0,0,0.058018166571855545,probability_native,0.058018166571855545,u_71e81fc0c1c03cec,0,1,official,principal
4262,1,0,0.4544786214828491,probability_native,0.4544786214828491,u_71e81fc0c1c03cec,0,1,official,principal
4641,0,1,0.7145670056343079,probability_native,0.7145670056343079,u_71e81fc0c1c03cec,0,1,official,principal
4944,0,0,0.21384261548519135,probability_native,0.21384261548519135,u_71e81fc0c1c03cec,0,1,official,principal
6897,0,0,0.2164188176393509,probability_native,0.2164188176393509,u_71e81fc0c1c03cec,0,1,official,principal
5292,0,0,0.07200518250465393,probability_native,0.07200518250465393,u_71e81fc0c1c03cec,0,1,official,principal
4590,0,0,0.13124918937683105,probability_native,0.13124918937683105,u_71e81fc0c1c03cec,0,1,official,principal
1425,0,0,0.4884088635444641,probability_native,0.4884088635444641,u_71e81fc0c1c03cec,0,1,official,principal
6442,0,0,0.02975849062204361,probability_native,0.02975849062204361,u_71e81fc0c1c03cec,0,1,official,principal
86,0,0,0.1130736693739891,probability_native,0.1130736693739891,u_71e81fc0c1c03cec,0,1,official,principal
6807,0,0,0.0435975156724453,probability_native,0.0435975156724453,u_71e81fc0c1c03cec,0,1,official,principal
639,1,1,0.8741987347602844,probability_native,0.8741987347602844,u_71e81fc0c1c03cec,0,1,official,principal
6020,0,0,0.06521626561880112,probability_native,0.06521626561880112,u_71e81fc0c1c03cec,0,1,official,principal
1300,0,0,0.07784874737262726,probability_native,0.07784874737262726,u_71e81fc0c1c03cec,0,1,official,principal
2661,0,0,0.018006257712841034,probability_native,0.018006257712841034,u_71e81fc0c1c03cec,0,1,official,principal
5658,0,1,0.7698976993560791,probability_native,0.7698976993560791,u_71e81fc0c1c03cec,0,1,official,principal
3407,0,0,0.023554014042019844,probability_native,0.023554014042019844,u_71e81fc0c1c03cec,0,1,official,principal
4002,0,0,0.004894622135907412,probability_native,0.004894622135907412,u_71e81fc0c1c03cec,0,1,official,principal
3066,0,1,0.7542301416397095,probability_native,0.7542301416397095,u_71e81fc0c1c03cec,0,1,official,principal
2893,1,0,0.2815241515636444,probability_native,0.2815241515636444,u_71e81fc0c1c03cec,0,1,official,principal
4649,0,0,0.04824458435177803,probability_native,0.04824458435177803,u_71e81fc0c1c03cec,0,1,official,principal
5932,1,1,0.8392650485038757,probability_native,0.8392650485038757,u_71e81fc0c1c03cec,0,1,official,principal
2061,1,0,0.39859503507614136,probability_native,0.39859503507614136,u_71e81fc0c1c03cec,0,1,official,principal
5739,0,0,0.1580531746149063,probability_native,0.1580531746149063,u_71e81fc0c1c03cec,0,1,official,principal
5945,0,0,0.13266070187091827,probability_native,0.13266070187091827,u_71e81fc0c1c03cec,0,1,official,principal
547,0,0,0.2681363821029663,probability_native,0.2681363821029663,u_71e81fc0c1c03cec,0,1,official,principal
4966,0,0,0.2310996651649475,probability_native,0.2310996651649475,u_71e81fc0c1c03cec,0,1,official,principal
5901,1,1,0.501819908618927,probability_native,0.501819908618927,u_71e81fc0c1c03cec,0,1,official,principal
88,0,0,0.02233155257999897,probability_native,0.02233155257999897,u_71e81fc0c1c03cec,0,1,official,principal
4451,0,1,0.6254701614379883,probability_native,0.6254701614379883,u_71e81fc0c1c03cec,0,1,official,principal
5441,1,0,0.01704234629869461,probability_native,0.01704234629869461,u_71e81fc0c1c03cec,0,1,official,principal
3502,0,0,0.25162121653556824,probability_native,0.25162121653556824,u_71e81fc0c1c03cec,0,1,official,principal
6936,1,1,0.773180365562439,probability_native,0.773180365562439,u_71e81fc0c1c03cec,0,1,official,principal
1268,1,0,0.37745049595832825,probability_native,0.37745049595832825,u_71e81fc0c1c03cec,0,1,official,principal
1211,1,0,0.47626015543937683,probability_native,0.47626015543937683,u_71e81fc0c1c03cec,0,1,official,principal
549,0,0,0.13094449043273926,probability_native,0.13094449043273926,u_71e81fc0c1c03cec,0,1,official,principal
5251,1,1,0.7484877705574036,probability_native,0.7484877705574036,u_71e81fc0c1c03cec,0,1,official,principal
67,0,0,0.03734894469380379,probability_native,0.03734894469380379,u_71e81fc0c1c03cec,0,1,official,principal
3275,0,0,0.031460024416446686,probability_native,0.031460024416446686,u_71e81fc0c1c03cec,0,1,official,principal
897,0,0,0.3709735870361328,probability_native,0.3709735870361328,u_71e81fc0c1c03cec,0,1,official,principal
50,0,1,0.6373891830444336,probability_native,0.6373891830444336,u_71e81fc0c1c03cec,0,1,official,principal
2171,0,1,0.6533945202827454,probability_native,0.6533945202827454,u_71e81fc0c1c03cec,0,1,official,principal
3660,0,0,0.27592581510543823,probability_native,0.27592581510543823,u_71e81fc0c1c03cec,0,1,official,principal
5604,0,1,0.7419288158416748,probability_native,0.7419288158416748,u_71e81fc0c1c03cec,0,1,official,principal
6405,0,0,0.291974276304245,probability_native,0.291974276304245,u_71e81fc0c1c03cec,0,1,official,principal
1293,0,0,0.14843504130840302,probability_native,0.14843504130840302,u_71e81fc0c1c03cec,0,1,official,principal
5546,0,0,0.2970752418041229,probability_native,0.2970752418041229,u_71e81fc0c1c03cec,0,1,official,principal
4204,0,1,0.8040674328804016,probability_native,0.8040674328804016,u_71e81fc0c1c03cec,0,1,official,principal
3262,1,0,0.46201449632644653,probability_native,0.46201449632644653,u_71e81fc0c1c03cec,0,1,official,principal
1055,0,0,0.0350659042596817,probability_native,0.0350659042596817,u_71e81fc0c1c03cec,0,1,official,principal
467,0,0,0.13813187181949615,probability_native,0.13813187181949615,u_71e81fc0c1c03cec,0,1,official,principal
1390,0,0,0.0036347676068544388,probability_native,0.0036347676068544388,u_71e81fc0c1c03cec,0,1,official,principal
3612,0,1,0.7848080992698669,probability_native,0.7848080992698669,u_71e81fc0c1c03cec,0,1,official,principal
4558,1,1,0.7216252684593201,probability_native,0.7216252684593201,u_71e81fc0c1c03cec,0,1,official,principal
4086,0,0,0.0048895059153437614,probability_native,0.0048895059153437614,u_71e81fc0c1c03cec,0,1,official,principal
3819,0,0,0.11366727948188782,probability_native,0.11366727948188782,u_71e81fc0c1c03cec,0,1,official,principal
4493,0,0,0.0278736874461174,probability_native,0.0278736874461174,u_71e81fc0c1c03cec,0,1,official,principal
2135,0,0,0.4556105136871338,probability_native,0.4556105136871338,u_71e81fc0c1c03cec,0,1,official,principal
166,1,1,0.7497920393943787,probability_native,0.7497920393943787,u_71e81fc0c1c03cec,0,1,official,principal
6087,0,0,0.12425025552511215,probability_native,0.12425025552511215,u_71e81fc0c1c03cec,0,1,official,principal
3295,0,0,0.002872943179681897,probability_native,0.002872943179681897,u_71e81fc0c1c03cec,0,1,official,principal
998,0,0,0.012168129906058311,probability_native,0.012168129906058311,u_71e81fc0c1c03cec,0,1,official,principal
2374,0,0,0.29877930879592896,probability_native,0.29877930879592896,u_71e81fc0c1c03cec,0,1,official,principal
5688,0,0,0.024771323427557945,probability_native,0.024771323427557945,u_71e81fc0c1c03cec,0,1,official,principal
6916,0,0,0.01524318102747202,probability_native,0.01524318102747202,u_71e81fc0c1c03cec,0,1,official,principal
5518,1,0,0.42384839057922363,probability_native,0.42384839057922363,u_71e81fc0c1c03cec,0,1,official,principal
5742,0,0,0.05183829367160797,probability_native,0.05183829367160797,u_71e81fc0c1c03cec,0,1,official,principal
614,0,0,0.047848623245954514,probability_native,0.047848623245954514,u_71e81fc0c1c03cec,0,1,official,principal
515,1,0,0.4405759274959564,probability_native,0.4405759274959564,u_71e81fc0c1c03cec,0,1,official,principal
4312,0,0,0.024001725018024445,probability_native,0.024001725018024445,u_71e81fc0c1c03cec,0,1,official,principal
1758,0,0,0.019925357773900032,probability_native,0.019925357773900032,u_71e81fc0c1c03cec,0,1,official,principal
3416,0,0,0.26466840505599976,probability_native,0.26466840505599976,u_71e81fc0c1c03cec,0,1,official,principal
6413,1,0,0.43991392850875854,probability_native,0.43991392850875854,u_71e81fc0c1c03cec,0,1,official,principal
6722,0,0,0.2974495589733124,probability_native,0.2974495589733124,u_71e81fc0c1c03cec,0,1,official,principal
171,1,1,0.8555076718330383,probability_native,0.8555076718330383,u_71e81fc0c1c03cec,0,1,official,principal
2483,1,0,0.4430665373802185,probability_native,0.4430665373802185,u_71e81fc0c1c03cec,0,1,official,principal
2555,0,1,0.5341536998748779,probability_native,0.5341536998748779,u_71e81fc0c1c03cec,0,1,official,principal
1507,0,0,0.02314218133687973,probability_native,0.02314218133687973,u_71e81fc0c1c03cec,0,1,official,principal
5447,0,1,0.5543820858001709,probability_native,0.5543820858001709,u_71e81fc0c1c03cec,0,1,official,principal
5920,0,1,0.6703686714172363,probability_native,0.6703686714172363,u_71e81fc0c1c03cec,0,1,official,principal
5340,0,0,0.09660416841506958,probability_native,0.09660416841506958,u_71e81fc0c1c03cec,0,1,official,principal
1570,0,0,0.01825129985809326,probability_native,0.01825129985809326,u_71e81fc0c1c03cec,0,1,official,principal
5320,0,0,0.011611183173954487,probability_native,0.011611183173954487,u_71e81fc0c1c03cec,0,1,official,principal
6080,1,1,0.6481961011886597,probability_native,0.6481961011886597,u_71e81fc0c1c03cec,0,1,official,principal
6949,0,0,0.08750027418136597,probability_native,0.08750027418136597,u_71e81fc0c1c03cec,0,1,official,principal
3049,1,0,0.36225321888923645,probability_native,0.36225321888923645,u_71e81fc0c1c03cec,0,1,official,principal
5265,0,0,0.2160782665014267,probability_native,0.2160782665014267,u_71e81fc0c1c03cec,0,1,official,principal
2769,1,0,0.13057772815227509,probability_native,0.13057772815227509,u_71e81fc0c1c03cec,0,1,official,principal
1161,1,1,0.6365818381309509,probability_native,0.6365818381309509,u_71e81fc0c1c03cec,0,1,official,principal
359,0,0,0.30233174562454224,probability_native,0.30233174562454224,u_71e81fc0c1c03cec,0,1,official,principal
6198,0,0,0.02234197035431862,probability_native,0.02234197035431862,u_71e81fc0c1c03cec,0,1,official,principal
4336,0,0,0.03931230306625366,probability_native,0.03931230306625366,u_71e81fc0c1c03cec,0,1,official,principal
518,1,0,0.29474419355392456,probability_native,0.29474419355392456,u_71e81fc0c1c03cec,0,1,official,principal
2570,1,1,0.6106446981430054,probability_native,0.6106446981430054,u_71e81fc0c1c03cec,0,1,official,principal
4657,0,0,0.31092196702957153,probability_native,0.31092196702957153,u_71e81fc0c1c03cec,0,1,official,principal
3264,0,1,0.65780109167099,probability_native,0.65780109167099,u_71e81fc0c1c03cec,0,1,official,principal
4611,0,0,0.015580633655190468,probability_native,0.015580633655190468,u_71e81fc0c1c03cec,0,1,official,principal
3529,0,1,0.789239227771759,probability_native,0.789239227771759,u_71e81fc0c1c03cec,0,1,official,principal
482,0,1,0.7659608125686646,probability_native,0.7659608125686646,u_71e81fc0c1c03cec,0,1,official,principal
3941,0,0,0.22321075201034546,probability_native,0.22321075201034546,u_71e81fc0c1c03cec,0,1,official,principal
5299,1,1,0.5554969906806946,probability_native,0.5554969906806946,u_71e81fc0c1c03cec,0,1,official,principal
2965,1,0,0.31787383556365967,probability_native,0.31787383556365967,u_71e81fc0c1c03cec,0,1,official,principal
5835,0,0,0.017349492758512497,probability_native,0.017349492758512497,u_71e81fc0c1c03cec,0,1,official,principal
2879,1,1,0.6949127316474915,probability_native,0.6949127316474915,u_71e81fc0c1c03cec,0,1,official,principal
2335,0,0,0.4836007356643677,probability_native,0.4836007356643677,u_71e81fc0c1c03cec,0,1,official,principal
2363,0,1,0.8169342875480652,probability_native,0.8169342875480652,u_71e81fc0c1c03cec,0,1,official,principal
2129,1,1,0.8958914875984192,probability_native,0.8958914875984192,u_71e81fc0c1c03cec,0,1,official,principal
3591,1,1,0.5431495904922485,probability_native,0.5431495904922485,u_71e81fc0c1c03cec,0,1,official,principal
1652,0,0,0.19611716270446777,probability_native,0.19611716270446777,u_71e81fc0c1c03cec,0,1,official,principal
4258,1,0,0.30348825454711914,probability_native,0.30348825454711914,u_71e81fc0c1c03cec,0,1,official,principal
1753,0,0,0.010001108981668949,probability_native,0.010001108981668949,u_71e81fc0c1c03cec,0,1,official,principal
6387,0,0,0.18867282569408417,probability_native,0.18867282569408417,u_71e81fc0c1c03cec,0,1,official,principal
3695,0,1,0.6391880512237549,probability_native,0.6391880512237549,u_71e81fc0c1c03cec,0,1,official,principal
322,0,1,0.8169342875480652,probability_native,0.8169342875480652,u_71e81fc0c1c03cec,0,1,official,principal
6562,1,1,0.8216497898101807,probability_native,0.8216497898101807,u_71e81fc0c1c03cec,0,1,official,principal
758,1,0,0.40783488750457764,probability_native,0.40783488750457764,u_71e81fc0c1c03cec,0,1,official,principal
4318,0,0,0.14929595589637756,probability_native,0.14929595589637756,u_71e81fc0c1c03cec,0,1,official,principal
6027,0,0,0.023185478523373604,probability_native,0.023185478523373604,u_71e81fc0c1c03cec,0,1,official,principal
6652,0,0,0.028518881648778915,probability_native,0.028518881648778915,u_71e81fc0c1c03cec,0,1,official,principal
1687,0,0,0.06852702051401138,probability_native,0.06852702051401138,u_71e81fc0c1c03cec,0,1,official,principal
5780,0,0,0.03026793710887432,probability_native,0.03026793710887432,u_71e81fc0c1c03cec,0,1,official,principal
3680,1,0,0.3777954876422882,probability_native,0.3777954876422882,u_71e81fc0c1c03cec,0,1,official,principal
3203,0,0,0.005822379607707262,probability_native,0.005822379607707262,u_71e81fc0c1c03cec,0,1,official,principal
6709,0,0,0.3994823694229126,probability_native,0.3994823694229126,u_71e81fc0c1c03cec,0,1,official,principal
225,0,0,0.18596816062927246,probability_native,0.18596816062927246,u_71e81fc0c1c03cec,0,1,official,principal
6550,1,1,0.8033285140991211,probability_native,0.8033285140991211,u_71e81fc0c1c03cec,0,1,official,principal
5978,0,0,0.18703345954418182,probability_native,0.18703345954418182,u_71e81fc0c1c03cec,0,1,official,principal
92,0,0,0.03367910534143448,probability_native,0.03367910534143448,u_71e81fc0c1c03cec,0,1,official,principal
281,0,0,0.4172389507293701,probability_native,0.4172389507293701,u_71e81fc0c1c03cec,0,1,official,principal
6558,1,0,0.12894035875797272,probability_native,0.12894035875797272,u_71e81fc0c1c03cec,0,1,official,principal
4652,0,0,0.0706864446401596,probability_native,0.0706864446401596,u_71e81fc0c1c03cec,0,1,official,principal
5833,0,0,0.3134940564632416,probability_native,0.3134940564632416,u_71e81fc0c1c03cec,0,1,official,principal
5280,0,0,0.24987459182739258,probability_native,0.24987459182739258,u_71e81fc0c1c03cec,0,1,official,principal
5203,0,0,0.3927648365497589,probability_native,0.3927648365497589,u_71e81fc0c1c03cec,0,1,official,principal
5252,0,0,0.4237174391746521,probability_native,0.4237174391746521,u_71e81fc0c1c03cec,0,1,official,principal
5137,0,1,0.506030261516571,probability_native,0.506030261516571,u_71e81fc0c1c03cec,0,1,official,principal
7039,0,0,0.08056977391242981,probability_native,0.08056977391242981,u_71e81fc0c1c03cec,0,1,official,principal
5986,0,1,0.6985746026039124,probability_native,0.6985746026039124,u_71e81fc0c1c03cec,0,1,official,principal
1761,0,0,0.04352188482880592,probability_native,0.04352188482880592,u_71e81fc0c1c03cec,0,1,official,principal
351,0,0,0.09093545377254486,probability_native,0.09093545377254486,u_71e81fc0c1c03cec,0,1,official,principal
3296,0,0,0.24421635270118713,probability_native,0.24421635270118713,u_71e81fc0c1c03cec,0,1,official,principal
2364,0,1,0.7505589127540588,probability_native,0.7505589127540588,u_71e81fc0c1c03cec,0,1,official,principal
3192,0,0,0.023470770567655563,probability_native,0.023470770567655563,u_71e81fc0c1c03cec,0,1,official,principal
5151,0,0,0.29420074820518494,probability_native,0.29420074820518494,u_71e81fc0c1c03cec,0,1,official,principal
3847,0,0,0.22639459371566772,probability_native,0.22639459371566772,u_71e81fc0c1c03cec,0,1,official,principal
1690,0,0,0.2573089599609375,probability_native,0.2573089599609375,u_71e81fc0c1c03cec,0,1,official,principal
1234,0,0,0.1992509961128235,probability_native,0.1992509961128235,u_71e81fc0c1c03cec,0,1,official,principal
2053,1,0,0.3891042470932007,probability_native,0.3891042470932007,u_71e81fc0c1c03cec,0,1,official,principal
5620,0,0,0.11725664883852005,probability_native,0.11725664883852005,u_71e81fc0c1c03cec,0,1,official,principal
5811,0,0,0.06140294298529625,probability_native,0.06140294298529625,u_71e81fc0c1c03cec,0,1,official,principal
366,0,0,0.25582554936408997,probability_native,0.25582554936408997,u_71e81fc0c1c03cec,0,1,official,principal
2452,1,1,0.634960412979126,probability_native,0.634960412979126,u_71e81fc0c1c03cec,0,1,official,principal
3548,0,0,0.0964474156498909,probability_native,0.0964474156498909,u_71e81fc0c1c03cec,0,1,official,principal
3801,1,1,0.6364856362342834,probability_native,0.6364856362342834,u_71e81fc0c1c03cec,0,1,official,principal
3344,1,1,0.7543604969978333,probability_native,0.7543604969978333,u_71e81fc0c1c03cec,0,1,official,principal
2834,0,0,0.03549233078956604,probability_native,0.03549233078956604,u_71e81fc0c1c03cec,0,1,official,principal
1998,1,1,0.7174710631370544,probability_native,0.7174710631370544,u_71e81fc0c1c03cec,0,1,official,principal
1608,0,0,0.06912554055452347,probability_native,0.06912554055452347,u_71e81fc0c1c03cec,0,1,official,principal
3533,0,0,0.1177421435713768,probability_native,0.1177421435713768,u_71e81fc0c1c03cec,0,1,official,principal
5200,0,0,0.3449978828430176,probability_native,0.3449978828430176,u_71e81fc0c1c03cec,0,1,official,principal
970,1,1,0.8639838099479675,probability_native,0.8639838099479675,u_71e81fc0c1c03cec,0,1,official,principal
4286,0,1,0.7786996960639954,probability_native,0.7786996960639954,u_71e81fc0c1c03cec,0,1,official,principal
5898,0,0,0.04008522257208824,probability_native,0.04008522257208824,u_71e81fc0c1c03cec,0,1,official,principal
1629,0,0,0.024877291172742844,probability_native,0.024877291172742844,u_71e81fc0c1c03cec,0,1,official,principal
5021,0,0,0.10498836636543274,probability_native,0.10498836636543274,u_71e81fc0c1c03cec,0,1,official,principal
5636,1,1,0.5380622148513794,probability_native,0.5380622148513794,u_71e81fc0c1c03cec,0,1,official,principal
1432,0,0,0.1112096980214119,probability_native,0.1112096980214119,u_71e81fc0c1c03cec,0,1,official,principal
4211,1,1,0.5960049629211426,probability_native,0.5960049629211426,u_71e81fc0c1c03cec,0,1,official,principal
1780,1,0,0.040304869413375854,probability_native,0.040304869413375854,u_71e81fc0c1c03cec,0,1,official,principal
5575,0,0,0.034519974142313004,probability_native,0.034519974142313004,u_71e81fc0c1c03cec,0,1,official,principal
62,0,0,0.015134792774915695,probability_native,0.015134792774915695,u_71e81fc0c1c03cec,0,1,official,principal
1031,0,0,0.19082270562648773,probability_native,0.19082270562648773,u_71e81fc0c1c03cec,0,1,official,principal
3439,1,0,0.12141110748052597,probability_native,0.12141110748052597,u_71e81fc0c1c03cec,0,1,official,principal
3902,0,1,0.654381513595581,probability_native,0.654381513595581,u_71e81fc0c1c03cec,0,1,official,principal
6212,0,0,0.3050096929073334,probability_native,0.3050096929073334,u_71e81fc0c1c03cec,0,1,official,principal
65,0,1,0.6249703764915466,probability_native,0.6249703764915466,u_71e81fc0c1c03cec,0,1,official,principal
2459,0,0,0.3023039996623993,probability_native,0.3023039996623993,u_71e81fc0c1c03cec,0,1,official,principal
6233,0,0,0.306375652551651,probability_native,0.306375652551651,u_71e81fc0c1c03cec,0,1,official,principal
4875,1,0,0.33286067843437195,probability_native,0.33286067843437195,u_71e81fc0c1c03cec,0,1,official,principal
3415,1,0,0.3091338276863098,probability_native,0.3091338276863098,u_71e81fc0c1c03cec,0,1,official,principal
5796,0,0,0.033023711293935776,probability_native,0.033023711293935776,u_71e81fc0c1c03cec,0,1,official,principal
3725,1,1,0.8265038132667542,probability_native,0.8265038132667542,u_71e81fc0c1c03cec,0,1,official,principal
521,0,1,0.5130189657211304,probability_native,0.5130189657211304,u_71e81fc0c1c03cec,0,1,official,principal
3648,0,0,0.3511435091495514,probability_native,0.3511435091495514,u_71e81fc0c1c03cec,0,1,official,principal
6757,1,0,0.09121150523424149,probability_native,0.09121150523424149,u_71e81fc0c1c03cec,0,1,official,principal
340,0,0,0.11467944830656052,probability_native,0.11467944830656052,u_71e81fc0c1c03cec,0,1,official,principal
4899,1,1,0.5561642050743103,probability_native,0.5561642050743103,u_71e81fc0c1c03cec,0,1,official,principal
4383,0,0,0.05845923721790314,probability_native,0.05845923721790314,u_71e81fc0c1c03cec,0,1,official,principal
3796,1,1,0.6369973421096802,probability_native,0.6369973421096802,u_71e81fc0c1c03cec,0,1,official,principal
4021,1,1,0.5391556620597839,probability_native,0.5391556620597839,u_71e81fc0c1c03cec,0,1,official,principal
434,0,0,0.08314685523509979,probability_native,0.08314685523509979,u_71e81fc0c1c03cec,0,1,official,principal
4625,0,1,0.7106400728225708,probability_native,0.7106400728225708,u_71e81fc0c1c03cec,0,1,official,principal
4800,1,1,0.9169962406158447,probability_native,0.9169962406158447,u_71e81fc0c1c03cec,0,1,official,principal
98,0,0,0.02816416323184967,probability_native,0.02816416323184967,u_71e81fc0c1c03cec,0,1,official,principal
4410,0,1,0.5400295257568359,probability_native,0.5400295257568359,u_71e81fc0c1c03cec,0,1,official,principal
6381,0,0,0.42042452096939087,probability_native,0.42042452096939087,u_71e81fc0c1c03cec,0,1,official,principal
1291,1,1,0.5641594529151917,probability_native,0.5641594529151917,u_71e81fc0c1c03cec,0,1,official,principal
526,0,0,0.03268112987279892,probability_native,0.03268112987279892,u_71e81fc0c1c03cec,0,1,official,principal
5101,0,0,0.4237079322338104,probability_native,0.4237079322338104,u_71e81fc0c1c03cec,0,1,official,principal
822,0,1,0.5689760446548462,probability_native,0.5689760446548462,u_71e81fc0c1c03cec,0,1,official,principal
2788,0,0,0.04707971587777138,probability_native,0.04707971587777138,u_71e81fc0c1c03cec,0,1,official,principal
3641,0,0,0.060380980372428894,probability_native,0.060380980372428894,u_71e81fc0c1c03cec,0,1,official,principal
5732,0,1,0.627165675163269,probability_native,0.627165675163269,u_71e81fc0c1c03cec,0,1,official,principal
4809,0,1,0.6372350454330444,probability_native,0.6372350454330444,u_71e81fc0c1c03cec,0,1,official,principal
712,0,0,0.038495417684316635,probability_native,0.038495417684316635,u_71e81fc0c1c03cec,0,1,official,principal
6854,0,0,0.31034883856773376,probability_native,0.31034883856773376,u_71e81fc0c1c03cec,0,1,official,principal
2567,1,1,0.5861789584159851,probability_native,0.5861789584159851,u_71e81fc0c1c03cec,0,1,official,principal
5341,1,1,0.8547608852386475,probability_native,0.8547608852386475,u_71e81fc0c1c03cec,0,1,official,principal
3424,1,1,0.8412710428237915,probability_native,0.8412710428237915,u_71e81fc0c1c03cec,0,1,official,principal
2468,1,1,0.7082241177558899,probability_native,0.7082241177558899,u_71e81fc0c1c03cec,0,1,official,principal
5970,0,1,0.7985081672668457,probability_native,0.7985081672668457,u_71e81fc0c1c03cec,0,1,official,principal
692,0,0,0.03087472729384899,probability_native,0.03087472729384899,u_71e81fc0c1c03cec,0,1,official,principal
5857,1,1,0.5883516073226929,probability_native,0.5883516073226929,u_71e81fc0c1c03cec,0,1,official,principal
4109,1,1,0.7409877777099609,probability_native,0.7409877777099609,u_71e81fc0c1c03cec,0,1,official,principal
1074,0,1,0.5911291837692261,probability_native,0.5911291837692261,u_71e81fc0c1c03cec,0,1,official,principal
4229,0,0,0.04310707375407219,probability_native,0.04310707375407219,u_71e81fc0c1c03cec,0,1,official,principal
5475,1,0,0.15940605103969574,probability_native,0.15940605103969574,u_71e81fc0c1c03cec,0,1,official,principal
2226,0,0,0.021063409745693207,probability_native,0.021063409745693207,u_71e81fc0c1c03cec,0,1,official,principal
4358,0,0,0.32784703373908997,probability_native,0.32784703373908997,u_71e81fc0c1c03cec,0,1,official,principal
475,1,1,0.6147456765174866,probability_native,0.6147456765174866,u_71e81fc0c1c03cec,0,1,official,principal
7013,0,0,0.4232392907142639,probability_native,0.4232392907142639,u_71e81fc0c1c03cec,0,1,official,principal
6037,0,0,0.44849008321762085,probability_native,0.44849008321762085,u_71e81fc0c1c03cec,0,1,official,principal
2478,0,1,0.5090339779853821,probability_native,0.5090339779853821,u_71e81fc0c1c03cec,0,1,official,principal
32,0,0,0.024168888106942177,probability_native,0.024168888106942177,u_71e81fc0c1c03cec,0,1,official,principal
3804,0,1,0.728309154510498,probability_native,0.728309154510498,u_71e81fc0c1c03cec,0,1,official,principal
3585,0,0,0.10496465116739273,probability_native,0.10496465116739273,u_71e81fc0c1c03cec,0,1,official,principal
2266,0,0,0.24885590374469757,probability_native,0.24885590374469757,u_71e81fc0c1c03cec,0,1,official,principal
4006,0,0,0.008829000405967236,probability_native,0.008829000405967236,u_71e81fc0c1c03cec,0,1,official,principal
3731,0,1,0.8147469758987427,probability_native,0.8147469758987427,u_71e81fc0c1c03cec,0,1,official,principal
5505,0,0,0.09200983494520187,probability_native,0.09200983494520187,u_71e81fc0c1c03cec,0,1,official,principal
1942,0,0,0.014366284012794495,probability_native,0.014366284012794495,u_71e81fc0c1c03cec,0,1,official,principal
5951,0,0,0.43788185715675354,probability_native,0.43788185715675354,u_71e81fc0c1c03cec,0,1,official,principal
2109,0,0,0.036055974662303925,probability_native,0.036055974662303925,u_71e81fc0c1c03cec,0,1,official,principal
1157,0,0,0.21164241433143616,probability_native,0.21164241433143616,u_71e81fc0c1c03cec,0,1,official,principal
694,0,0,0.07763425260782242,probability_native,0.07763425260782242,u_71e81fc0c1c03cec,0,1,official,principal
4170,0,0,0.03610342741012573,probability_native,0.03610342741012573,u_71e81fc0c1c03cec,0,1,official,principal
988,0,0,0.03891965374350548,probability_native,0.03891965374350548,u_71e81fc0c1c03cec,0,1,official,principal
2807,0,0,0.06058965623378754,probability_native,0.06058965623378754,u_71e81fc0c1c03cec,0,1,official,principal
977,0,1,0.7247721552848816,probability_native,0.7247721552848816,u_71e81fc0c1c03cec,0,1,official,principal
1474,0,0,0.4093676209449768,probability_native,0.4093676209449768,u_71e81fc0c1c03cec,0,1,official,principal
455,0,1,0.7379745244979858,probability_native,0.7379745244979858,u_71e81fc0c1c03cec,0,1,official,principal
256,0,0,0.06155015155673027,probability_native,0.06155015155673027,u_71e81fc0c1c03cec,0,1,official,principal
637,0,0,0.012609884142875671,probability_native,0.012609884142875671,u_71e81fc0c1c03cec,0,1,official,principal
6822,1,0,0.47672414779663086,probability_native,0.47672414779663086,u_71e81fc0c1c03cec,0,1,official,principal
3196,0,0,0.15817345678806305,probability_native,0.15817345678806305,u_71e81fc0c1c03cec,0,1,official,principal
2019,1,0,0.3733827769756317,probability_native,0.3733827769756317,u_71e81fc0c1c03cec,0,1,official,principal
498,1,1,0.593112587928772,probability_native,0.593112587928772,u_71e81fc0c1c03cec,0,1,official,principal
1963,0,1,0.6264311075210571,probability_native,0.6264311075210571,u_71e81fc0c1c03cec,0,1,official,principal
4124,0,1,0.8335859775543213,probability_native,0.8335859775543213,u_71e81fc0c1c03cec,0,1,official,principal
1842,0,0,0.40947580337524414,probability_native,0.40947580337524414,u_71e81fc0c1c03cec,0,1,official,principal
1571,0,0,0.4909408986568451,probability_native,0.4909408986568451,u_71e81fc0c1c03cec,0,1,official,principal
1933,0,0,0.08985446393489838,probability_native,0.08985446393489838,u_71e81fc0c1c03cec,0,1,official,principal
1297,0,1,0.7818134427070618,probability_native,0.7818134427070618,u_71e81fc0c1c03cec,0,1,official,principal
3333,0,0,0.016271719709038734,probability_native,0.016271719709038734,u_71e81fc0c1c03cec,0,1,official,principal
6016,1,0,0.3172462284564972,probability_native,0.3172462284564972,u_71e81fc0c1c03cec,0,1,official,principal
5503,0,0,0.03610419109463692,probability_native,0.03610419109463692,u_71e81fc0c1c03cec,0,1,official,principal
1888,0,0,0.06851281225681305,probability_native,0.06851281225681305,u_71e81fc0c1c03cec,0,1,official,principal
4745,0,1,0.7785896062850952,probability_native,0.7785896062850952,u_71e81fc0c1c03cec,0,1,official,principal
6713,0,1,0.6388521790504456,probability_native,0.6388521790504456,u_71e81fc0c1c03cec,0,1,official,principal
5740,0,0,0.01325459685176611,probability_native,0.01325459685176611,u_71e81fc0c1c03cec,0,1,official,principal
2871,1,1,0.8188512921333313,probability_native,0.8188512921333313,u_71e81fc0c1c03cec,0,1,official,principal
4608,0,0,0.1288735568523407,probability_native,0.1288735568523407,u_71e81fc0c1c03cec,0,1,official,principal
5033,0,1,0.5867278575897217,probability_native,0.5867278575897217,u_71e81fc0c1c03cec,0,1,official,principal
2216,0,0,0.3887728154659271,probability_native,0.3887728154659271,u_71e81fc0c1c03cec,0,1,official,principal
3314,0,0,0.1863560676574707,probability_native,0.1863560676574707,u_71e81fc0c1c03cec,0,1,official,principal
1240,0,0,0.1670573502779007,probability_native,0.1670573502779007,u_71e81fc0c1c03cec,0,1,official,principal
320,1,0,0.07773211598396301,probability_native,0.07773211598396301,u_71e81fc0c1c03cec,0,1,official,principal
2058,0,0,0.007734605576843023,probability_native,0.007734605576843023,u_71e81fc0c1c03cec,0,1,official,principal
1628,0,1,0.6392362713813782,probability_native,0.6392362713813782,u_71e81fc0c1c03cec,0,1,official,principal
1726,0,0,0.37398627400398254,probability_native,0.37398627400398254,u_71e81fc0c1c03cec,0,1,official,principal
413,0,0,0.4483165144920349,probability_native,0.4483165144920349,u_71e81fc0c1c03cec,0,1,official,principal
5373,0,0,0.2297056019306183,probability_native,0.2297056019306183,u_71e81fc0c1c03cec,0,1,official,principal
3973,0,0,0.09018848091363907,probability_native,0.09018848091363907,u_71e81fc0c1c03cec,0,1,official,principal
3381,0,0,0.12018568813800812,probability_native,0.12018568813800812,u_71e81fc0c1c03cec,0,1,official,principal
1601,0,0,0.41109177470207214,probability_native,0.41109177470207214,u_71e81fc0c1c03cec,0,1,official,principal
6568,0,0,0.03467115759849548,probability_native,0.03467115759849548,u_71e81fc0c1c03cec,0,1,official,principal
2853,0,0,0.1946132481098175,probability_native,0.1946132481098175,u_71e81fc0c1c03cec,0,1,official,principal
820,0,1,0.6311774253845215,probability_native,0.6311774253845215,u_71e81fc0c1c03cec,0,1,official,principal
1538,1,1,0.7941056489944458,probability_native,0.7941056489944458,u_71e81fc0c1c03cec,0,1,official,principal
3507,0,0,0.2746932804584503,probability_native,0.2746932804584503,u_71e81fc0c1c03cec,0,1,official,principal
6223,1,1,0.746365487575531,probability_native,0.746365487575531,u_71e81fc0c1c03cec,0,1,official,principal
3373,1,1,0.8128862977027893,probability_native,0.8128862977027893,u_71e81fc0c1c03cec,0,1,official,principal
5765,1,0,0.19148561358451843,probability_native,0.19148561358451843,u_71e81fc0c1c03cec,0,1,official,principal
2055,0,0,0.49622228741645813,probability_native,0.49622228741645813,u_71e81fc0c1c03cec,0,1,official,principal
1698,0,0,0.05771838501095772,probability_native,0.05771838501095772,u_71e81fc0c1c03cec,0,1,official,principal
5568,0,0,0.2050534188747406,probability_native,0.2050534188747406,u_71e81fc0c1c03cec,0,1,official,principal
1124,0,0,0.3405948281288147,probability_native,0.3405948281288147,u_71e81fc0c1c03cec,0,1,official,principal
2140,1,0,0.348922461271286,probability_native,0.348922461271286,u_71e81fc0c1c03cec,0,1,official,principal
4240,1,1,0.8363202214241028,probability_native,0.8363202214241028,u_71e81fc0c1c03cec,0,1,official,principal
5345,1,0,0.4259917736053467,probability_native,0.4259917736053467,u_71e81fc0c1c03cec,0,1,official,principal
710,1,1,0.5253710746765137,probability_native,0.5253710746765137,u_71e81fc0c1c03cec,0,1,official,principal
1011,0,0,0.009728820063173771,probability_native,0.009728820063173771,u_71e81fc0c1c03cec,0,1,official,principal
4208,0,0,0.1355499029159546,probability_native,0.1355499029159546,u_71e81fc0c1c03cec,0,1,official,principal
4245,0,0,0.013701980002224445,probability_native,0.013701980002224445,u_71e81fc0c1c03cec,0,1,official,principal
3700,1,0,0.17637448012828827,probability_native,0.17637448012828827,u_71e81fc0c1c03cec,0,1,official,principal
3627,0,0,0.045385539531707764,probability_native,0.045385539531707764,u_71e81fc0c1c03cec,0,1,official,principal
4971,0,0,0.17099736630916595,probability_native,0.17099736630916595,u_71e81fc0c1c03cec,0,1,official,principal
3728,0,0,0.11825600266456604,probability_native,0.11825600266456604,u_71e81fc0c1c03cec,0,1,official,principal
2634,1,1,0.8119562268257141,probability_native,0.8119562268257141,u_71e81fc0c1c03cec,0,1,official,principal
2082,0,0,0.1113632395863533,probability_native,0.1113632395863533,u_71e81fc0c1c03cec,0,1,official,principal
1716,0,1,0.5740347504615784,probability_native,0.5740347504615784,u_71e81fc0c1c03cec,0,1,official,principal
3068,0,0,0.26068034768104553,probability_native,0.26068034768104553,u_71e81fc0c1c03cec,0,1,official,principal
494,0,1,0.5911291837692261,probability_native,0.5911291837692261,u_71e81fc0c1c03cec,0,1,official,principal
4304,0,0,0.019637925550341606,probability_native,0.019637925550341606,u_71e81fc0c1c03cec,0,1,official,principal
5139,0,0,0.02085939235985279,probability_native,0.02085939235985279,u_71e81fc0c1c03cec,0,1,official,principal
4412,0,0,0.051926277577877045,probability_native,0.051926277577877045,u_71e81fc0c1c03cec,0,1,official,principal
4671,1,1,0.7375643253326416,probability_native,0.7375643253326416,u_71e81fc0c1c03cec,0,1,official,principal
2719,0,0,0.024143360555171967,probability_native,0.024143360555171967,u_71e81fc0c1c03cec,0,1,official,principal
1177,0,0,0.05458153411746025,probability_native,0.05458153411746025,u_71e81fc0c1c03cec,0,1,official,principal
55,1,1,0.8423969149589539,probability_native,0.8423969149589539,u_71e81fc0c1c03cec,0,1,official,principal
1135,0,0,0.04129630699753761,probability_native,0.04129630699753761,u_71e81fc0c1c03cec,0,1,official,principal
5308,0,0,0.03672829642891884,probability_native,0.03672829642891884,u_71e81fc0c1c03cec,0,1,official,principal
4697,0,0,0.4464225471019745,probability_native,0.4464225471019745,u_71e81fc0c1c03cec,0,1,official,principal
1326,0,0,0.05435303971171379,probability_native,0.05435303971171379,u_71e81fc0c1c03cec,0,1,official,principal
3697,0,0,0.3502079248428345,probability_native,0.3502079248428345,u_71e81fc0c1c03cec,0,1,official,principal
5589,1,0,0.02743801474571228,probability_native,0.02743801474571228,u_71e81fc0c1c03cec,0,1,official,principal
4192,0,0,0.03875495865941048,probability_native,0.03875495865941048,u_71e81fc0c1c03cec,0,1,official,principal
5174,1,1,0.7636611461639404,probability_native,0.7636611461639404,u_71e81fc0c1c03cec,0,1,official,principal
6354,0,0,0.06644155830144882,probability_native,0.06644155830144882,u_71e81fc0c1c03cec,0,1,official,principal
551,0,0,0.02516072429716587,probability_native,0.02516072429716587,u_71e81fc0c1c03cec,0,1,official,principal
6662,0,0,0.05015113204717636,probability_native,0.05015113204717636,u_71e81fc0c1c03cec,0,1,official,principal
1370,0,0,0.03709765523672104,probability_native,0.03709765523672104,u_71e81fc0c1c03cec,0,1,official,principal
2928,0,0,0.020526835694909096,probability_native,0.020526835694909096,u_71e81fc0c1c03cec,0,1,official,principal
3270,0,1,0.8247352838516235,probability_native,0.8247352838516235,u_71e81fc0c1c03cec,0,1,official,principal
2328,0,1,0.5026775002479553,probability_native,0.5026775002479553,u_71e81fc0c1c03cec,0,1,official,principal
5836,0,0,0.054109133780002594,probability_native,0.054109133780002594,u_71e81fc0c1c03cec,0,1,official,principal
925,0,0,0.06112568825483322,probability_native,0.06112568825483322,u_71e81fc0c1c03cec,0,1,official,principal
1819,0,0,0.013027545996010303,probability_native,0.013027545996010303,u_71e81fc0c1c03cec,0,1,official,principal
546,1,0,0.31747913360595703,probability_native,0.31747913360595703,u_71e81fc0c1c03cec,0,1,official,principal
2101,1,0,0.3481559157371521,probability_native,0.3481559157371521,u_71e81fc0c1c03cec,0,1,official,principal
828,1,0,0.1308761090040207,probability_native,0.1308761090040207,u_71e81fc0c1c03cec,0,1,official,principal
335,1,0,0.08106857538223267,probability_native,0.08106857538223267,u_71e81fc0c1c03cec,0,1,official,principal
4,1,1,0.8163572549819946,probability_native,0.8163572549819946,u_71e81fc0c1c03cec,0,1,official,principal
6421,0,0,0.024985460564494133,probability_native,0.024985460564494133,u_71e81fc0c1c03cec,0,1,official,principal
5785,0,0,0.02425447106361389,probability_native,0.02425447106361389,u_71e81fc0c1c03cec,0,1,official,principal
5243,0,0,0.34002700448036194,probability_native,0.34002700448036194,u_71e81fc0c1c03cec,0,1,official,principal
6372,0,0,0.04096009582281113,probability_native,0.04096009582281113,u_71e81fc0c1c03cec,0,1,official,principal
6542,1,1,0.6356282830238342,probability_native,0.6356282830238342,u_71e81fc0c1c03cec,0,1,official,principal
2048,1,1,0.6495025753974915,probability_native,0.6495025753974915,u_71e81fc0c1c03cec,0,1,official,principal
440,0,1,0.6160662174224854,probability_native,0.6160662174224854,u_71e81fc0c1c03cec,0,1,official,principal
4913,0,0,0.01734597235918045,probability_native,0.01734597235918045,u_71e81fc0c1c03cec,0,1,official,principal
3233,0,1,0.7077524065971375,probability_native,0.7077524065971375,u_71e81fc0c1c03cec,0,1,official,principal
2476,0,0,0.030471699312329292,probability_native,0.030471699312329292,u_71e81fc0c1c03cec,0,1,official,principal
1535,0,0,0.28740522265434265,probability_native,0.28740522265434265,u_71e81fc0c1c03cec,0,1,official,principal
4418,1,0,0.03732476383447647,probability_native,0.03732476383447647,u_71e81fc0c1c03cec,0,1,official,principal
2027,0,0,0.049483396112918854,probability_native,0.049483396112918854,u_71e81fc0c1c03cec,0,1,official,principal
3532,1,1,0.5878942608833313,probability_native,0.5878942608833313,u_71e81fc0c1c03cec,0,1,official,principal
3254,0,1,0.7666974067687988,probability_native,0.7666974067687988,u_71e81fc0c1c03cec,0,1,official,principal
2933,0,0,0.021987635642290115,probability_native,0.021987635642290115,u_71e81fc0c1c03cec,0,1,official,principal
3060,0,0,0.17265497148036957,probability_native,0.17265497148036957,u_71e81fc0c1c03cec,0,1,official,principal
108,0,0,0.3140460252761841,probability_native,0.3140460252761841,u_71e81fc0c1c03cec,0,1,official,principal
1332,0,0,0.028364112600684166,probability_native,0.028364112600684166,u_71e81fc0c1c03cec,0,1,official,principal
4580,0,0,0.0069582280702888966,probability_native,0.0069582280702888966,u_71e81fc0c1c03cec,0,1,official,principal
5751,0,0,0.024028362706303596,probability_native,0.024028362706303596,u_71e81fc0c1c03cec,0,1,official,principal
2160,0,0,0.003922085743397474,probability_native,0.003922085743397474,u_71e81fc0c1c03cec,0,1,official,principal
6060,0,1,0.7983492612838745,probability_native,0.7983492612838745,u_71e81fc0c1c03cec,0,1,official,principal
5201,0,0,0.15952199697494507,probability_native,0.15952199697494507,u_71e81fc0c1c03cec,0,1,official,principal
505,1,1,0.7569158673286438,probability_native,0.7569158673286438,u_71e81fc0c1c03cec,0,1,official,principal
4476,1,1,0.5976952910423279,probability_native,0.5976952910423279,u_71e81fc0c1c03cec,0,1,official,principal
97,1,0,0.28028208017349243,probability_native,0.28028208017349243,u_71e81fc0c1c03cec,0,1,official,principal
512,1,1,0.8583630919456482,probability_native,0.8583630919456482,u_71e81fc0c1c03cec,0,1,official,principal
2326,0,0,0.05920727550983429,probability_native,0.05920727550983429,u_71e81fc0c1c03cec,0,1,official,principal
4961,0,0,0.3552084267139435,probability_native,0.3552084267139435,u_71e81fc0c1c03cec,0,1,official,principal
4981,1,1,0.6373687982559204,probability_native,0.6373687982559204,u_71e81fc0c1c03cec,0,1,official,principal
6918,1,0,0.3265037536621094,probability_native,0.3265037536621094,u_71e81fc0c1c03cec,0,1,official,principal
1311,0,0,0.11312214285135269,probability_native,0.11312214285135269,u_71e81fc0c1c03cec,0,1,official,principal
4104,0,0,0.48721468448638916,probability_native,0.48721468448638916,u_71e81fc0c1c03cec,0,1,official,principal
3005,0,0,0.15991032123565674,probability_native,0.15991032123565674,u_71e81fc0c1c03cec,0,1,official,principal
4794,0,0,0.29877930879592896,probability_native,0.29877930879592896,u_71e81fc0c1c03cec,0,1,official,principal
3055,1,0,0.2721577286720276,probability_native,0.2721577286720276,u_71e81fc0c1c03cec,0,1,official,principal
1662,1,1,0.8139117956161499,probability_native,0.8139117956161499,u_71e81fc0c1c03cec,0,1,official,principal
2857,0,0,0.02045683190226555,probability_native,0.02045683190226555,u_71e81fc0c1c03cec,0,1,official,principal
2174,0,0,0.05416599661111832,probability_native,0.05416599661111832,u_71e81fc0c1c03cec,0,1,official,principal
6390,0,0,0.2860352396965027,probability_native,0.2860352396965027,u_71e81fc0c1c03cec,0,1,official,principal
362,0,0,0.06893664598464966,probability_native,0.06893664598464966,u_71e81fc0c1c03cec,0,1,official,principal
4624,1,1,0.8417848348617554,probability_native,0.8417848348617554,u_71e81fc0c1c03cec,0,1,official,principal
46,0,1,0.5320361852645874,probability_native,0.5320361852645874,u_71e81fc0c1c03cec,0,1,official,principal
236,0,0,0.11028499156236649,probability_native,0.11028499156236649,u_71e81fc0c1c03cec,0,1,official,principal
3460,0,0,0.4298042953014374,probability_native,0.4298042953014374,u_71e81fc0c1c03cec,0,1,official,principal
2910,0,0,0.028772704303264618,probability_native,0.028772704303264618,u_71e81fc0c1c03cec,0,1,official,principal
5135,0,1,0.6540042757987976,probability_native,0.6540042757987976,u_71e81fc0c1c03cec,0,1,official,principal
6340,0,0,0.48349064588546753,probability_native,0.48349064588546753,u_71e81fc0c1c03cec,0,1,official,principal
95,1,1,0.7198951244354248,probability_native,0.7198951244354248,u_71e81fc0c1c03cec,0,1,official,principal
3853,0,0,0.36803629994392395,probability_native,0.36803629994392395,u_71e81fc0c1c03cec,0,1,official,principal
5157,0,0,0.019805768504738808,probability_native,0.019805768504738808,u_71e81fc0c1c03cec,0,1,official,principal
6366,0,0,0.028277192264795303,probability_native,0.028277192264795303,u_71e81fc0c1c03cec,0,1,official,principal
5023,1,1,0.8735869526863098,probability_native,0.8735869526863098,u_71e81fc0c1c03cec,0,1,official,principal
2898,0,0,0.09203945845365524,probability_native,0.09203945845365524,u_71e81fc0c1c03cec,0,1,official,principal
4241,1,0,0.08190376311540604,probability_native,0.08190376311540604,u_71e81fc0c1c03cec,0,1,official,principal
1082,0,0,0.2168249487876892,probability_native,0.2168249487876892,u_71e81fc0c1c03cec,0,1,official,principal
3760,0,1,0.7034431099891663,probability_native,0.7034431099891663,u_71e81fc0c1c03cec,0,1,official,principal
1427,0,0,0.43824371695518494,probability_native,0.43824371695518494,u_71e81fc0c1c03cec,0,1,official,principal
1071,1,1,0.5979652404785156,probability_native,0.5979652404785156,u_71e81fc0c1c03cec,0,1,official,principal
2944,0,0,0.20501239597797394,probability_native,0.20501239597797394,u_71e81fc0c1c03cec,0,1,official,principal
919,0,0,0.3677201271057129,probability_native,0.3677201271057129,u_71e81fc0c1c03cec,0,1,official,principal
5271,0,0,0.22573775053024292,probability_native,0.22573775053024292,u_71e81fc0c1c03cec,0,1,official,principal
4967,1,1,0.7192612290382385,probability_native,0.7192612290382385,u_71e81fc0c1c03cec,0,1,official,principal
3452,0,1,0.7502489686012268,probability_native,0.7502489686012268,u_71e81fc0c1c03cec,0,1,official,principal
7032,1,1,0.8958914875984192,probability_native,0.8958914875984192,u_71e81fc0c1c03cec,0,1,official,principal
1455,0,0,0.14441269636154175,probability_native,0.14441269636154175,u_71e81fc0c1c03cec,0,1,official,principal
3330,1,1,0.7871599793434143,probability_native,0.7871599793434143,u_71e81fc0c1c03cec,0,1,official,principal
2429,0,0,0.08418022096157074,probability_native,0.08418022096157074,u_71e81fc0c1c03cec,0,1,official,principal
2187,0,0,0.15200433135032654,probability_native,0.15200433135032654,u_71e81fc0c1c03cec,0,1,official,principal
5776,0,0,0.008554221130907536,probability_native,0.008554221130907536,u_71e81fc0c1c03cec,0,1,official,principal
6449,0,1,0.5253710746765137,probability_native,0.5253710746765137,u_71e81fc0c1c03cec,0,1,official,principal
3247,0,0,0.067294642329216,probability_native,0.067294642329216,u_71e81fc0c1c03cec,0,1,official,principal
4499,1,1,0.6239470839500427,probability_native,0.6239470839500427,u_71e81fc0c1c03cec,0,1,official,principal
927,1,1,0.7020552754402161,probability_native,0.7020552754402161,u_71e81fc0c1c03cec,0,1,official,principal
5343,0,0,0.02458173595368862,probability_native,0.02458173595368862,u_71e81fc0c1c03cec,0,1,official,principal
7040,0,0,0.3458256721496582,probability_native,0.3458256721496582,u_71e81fc0c1c03cec,0,1,official,principal
2925,0,0,0.16390842199325562,probability_native,0.16390842199325562,u_71e81fc0c1c03cec,0,1,official,principal
6698,0,0,0.1969880610704422,probability_native,0.1969880610704422,u_71e81fc0c1c03cec,0,1,official,principal
6582,0,0,0.09918124973773956,probability_native,0.09918124973773956,u_71e81fc0c1c03cec,0,1,official,principal
2784,1,1,0.6917184591293335,probability_native,0.6917184591293335,u_71e81fc0c1c03cec,0,1,official,principal
3990,0,1,0.8055467009544373,probability_native,0.8055467009544373,u_71e81fc0c1c03cec,0,1,official,principal
3223,0,1,0.5275248885154724,probability_native,0.5275248885154724,u_71e81fc0c1c03cec,0,1,official,principal
2176,0,0,0.017129696905612946,probability_native,0.017129696905612946,u_71e81fc0c1c03cec,0,1,official,principal
160,0,0,0.2450500726699829,probability_native,0.2450500726699829,u_71e81fc0c1c03cec,0,1,official,principal
806,0,0,0.15806758403778076,probability_native,0.15806758403778076,u_71e81fc0c1c03cec,0,1,official,principal
1708,1,1,0.6169134974479675,probability_native,0.6169134974479675,u_71e81fc0c1c03cec,0,1,official,principal
5925,0,0,0.29416021704673767,probability_native,0.29416021704673767,u_71e81fc0c1c03cec,0,1,official,principal
3539,1,1,0.5587764978408813,probability_native,0.5587764978408813,u_71e81fc0c1c03cec,0,1,official,principal
5760,0,1,0.6574059128761292,probability_native,0.6574059128761292,u_71e81fc0c1c03cec,0,1,official,principal
7025,0,1,0.5632510185241699,probability_native,0.5632510185241699,u_71e81fc0c1c03cec,0,1,official,principal
4979,0,0,0.020696250721812248,probability_native,0.020696250721812248,u_71e81fc0c1c03cec,0,1,official,principal
258,1,1,0.6317863464355469,probability_native,0.6317863464355469,u_71e81fc0c1c03cec,0,1,official,principal
2313,0,0,0.33469560742378235,probability_native,0.33469560742378235,u_71e81fc0c1c03cec,0,1,official,principal
4768,0,0,0.009042445570230484,probability_native,0.009042445570230484,u_71e81fc0c1c03cec,0,1,official,principal
6401,1,0,0.35020682215690613,probability_native,0.35020682215690613,u_71e81fc0c1c03cec,0,1,official,principal
1889,0,0,0.36437544226646423,probability_native,0.36437544226646423,u_71e81fc0c1c03cec,0,1,official,principal
3914,0,0,0.05087428539991379,probability_native,0.05087428539991379,u_71e81fc0c1c03cec,0,1,official,principal
5220,0,0,0.04472906142473221,probability_native,0.04472906142473221,u_71e81fc0c1c03cec,0,1,official,principal
1924,0,0,0.4485986530780792,probability_native,0.4485986530780792,u_71e81fc0c1c03cec,0,1,official,principal
3458,1,1,0.5512667894363403,probability_native,0.5512667894363403,u_71e81fc0c1c03cec,0,1,official,principal
3901,0,0,0.2295553982257843,probability_native,0.2295553982257843,u_71e81fc0c1c03cec,0,1,official,principal
6743,0,0,0.4308969974517822,probability_native,0.4308969974517822,u_71e81fc0c1c03cec,0,1,official,principal
5758,0,0,0.058018166571855545,probability_native,0.058018166571855545,u_71e81fc0c1c03cec,0,1,official,principal
392,0,1,0.750679075717926,probability_native,0.750679075717926,u_71e81fc0c1c03cec,0,1,official,principal
6528,0,0,0.012666977010667324,probability_native,0.012666977010667324,u_71e81fc0c1c03cec,0,1,official,principal
5664,1,1,0.6965193748474121,probability_native,0.6965193748474121,u_71e81fc0c1c03cec,0,1,official,principal
2818,1,0,0.28384801745414734,probability_native,0.28384801745414734,u_71e81fc0c1c03cec,0,1,official,principal
2411,0,0,0.06090099364519119,probability_native,0.06090099364519119,u_71e81fc0c1c03cec,0,1,official,principal
5781,0,1,0.5438622236251831,probability_native,0.5438622236251831,u_71e81fc0c1c03cec,0,1,official,principal
5949,0,0,0.2204887419939041,probability_native,0.2204887419939041,u_71e81fc0c1c03cec,0,1,official,principal
1659,0,0,0.021244412288069725,probability_native,0.021244412288069725,u_71e81fc0c1c03cec,0,1,official,principal
347,0,0,0.01706496626138687,probability_native,0.01706496626138687,u_71e81fc0c1c03cec,0,1,official,principal
4142,0,0,0.028853919357061386,probability_native,0.028853919357061386,u_71e81fc0c1c03cec,0,1,official,principal
2417,0,0,0.3586123287677765,probability_native,0.3586123287677765,u_71e81fc0c1c03cec,0,1,official,principal
373,0,0,0.16645850241184235,probability_native,0.16645850241184235,u_71e81fc0c1c03cec,0,1,official,principal
6921,0,0,0.3988880515098572,probability_native,0.3988880515098572,u_71e81fc0c1c03cec,0,1,official,principal
5543,0,0,0.42016181349754333,probability_native,0.42016181349754333,u_71e81fc0c1c03cec,0,1,official,principal
4032,0,0,0.39217597246170044,probability_native,0.39217597246170044,u_71e81fc0c1c03cec,0,1,official,principal
6261,0,0,0.013464468531310558,probability_native,0.013464468531310558,u_71e81fc0c1c03cec,0,1,official,principal
2623,0,1,0.6346705555915833,probability_native,0.6346705555915833,u_71e81fc0c1c03cec,0,1,official,principal
6843,1,0,0.4843139350414276,probability_native,0.4843139350414276,u_71e81fc0c1c03cec,0,1,official,principal
1618,1,1,0.6506365537643433,probability_native,0.6506365537643433,u_71e81fc0c1c03cec,0,1,official,principal
6917,0,0,0.014444362372159958,probability_native,0.014444362372159958,u_71e81fc0c1c03cec,0,1,official,principal
1605,0,0,0.026425806805491447,probability_native,0.026425806805491447,u_71e81fc0c1c03cec,0,1,official,principal
6963,0,1,0.7336610555648804,probability_native,0.7336610555648804,u_71e81fc0c1c03cec,0,1,official,principal
6493,0,0,0.2328047752380371,probability_native,0.2328047752380371,u_71e81fc0c1c03cec,0,1,official,principal
3000,1,1,0.8480466604232788,probability_native,0.8480466604232788,u_71e81fc0c1c03cec,0,1,official,principal
1665,0,1,0.8635242581367493,probability_native,0.8635242581367493,u_71e81fc0c1c03cec,0,1,official,principal
4232,1,1,0.8230689167976379,probability_native,0.8230689167976379,u_71e81fc0c1c03cec,0,1,official,principal
812,0,0,0.06515467166900635,probability_native,0.06515467166900635,u_71e81fc0c1c03cec,0,1,official,principal
5850,1,0,0.3959282636642456,probability_native,0.3959282636642456,u_71e81fc0c1c03cec,0,1,official,principal
5227,0,1,0.8373773097991943,probability_native,0.8373773097991943,u_71e81fc0c1c03cec,0,1,official,principal
992,0,0,0.027989275753498077,probability_native,0.027989275753498077,u_71e81fc0c1c03cec,0,1,official,principal
5782,1,1,0.8735869526863098,probability_native,0.8735869526863098,u_71e81fc0c1c03cec,0,1,official,principal
5144,0,1,0.7400773763656616,probability_native,0.7400773763656616,u_71e81fc0c1c03cec,0,1,official,principal
5506,0,1,0.5954066514968872,probability_native,0.5954066514968872,u_71e81fc0c1c03cec,0,1,official,principal
5693,0,0,0.047004055231809616,probability_native,0.047004055231809616,u_71e81fc0c1c03cec,0,1,official,principal
6540,0,0,0.10762125253677368,probability_native,0.10762125253677368,u_71e81fc0c1c03cec,0,1,official,principal
3396,0,0,0.09331485629081726,probability_native,0.09331485629081726,u_71e81fc0c1c03cec,0,1,official,principal
1551,0,0,0.04432506486773491,probability_native,0.04432506486773491,u_71e81fc0c1c03cec,0,1,official,principal
3873,0,0,0.015609007328748703,probability_native,0.015609007328748703,u_71e81fc0c1c03cec,0,1,official,principal
6649,0,0,0.1652594357728958,probability_native,0.1652594357728958,u_71e81fc0c1c03cec,0,1,official,principal
316,0,0,0.022415809333324432,probability_native,0.022415809333324432,u_71e81fc0c1c03cec,0,1,official,principal
5894,1,1,0.5970059633255005,probability_native,0.5970059633255005,u_71e81fc0c1c03cec,0,1,official,principal
341,0,0,0.010572613216936588,probability_native,0.010572613216936588,u_71e81fc0c1c03cec,0,1,official,principal
1471,0,0,0.3681272864341736,probability_native,0.3681272864341736,u_71e81fc0c1c03cec,0,1,official,principal
3488,0,1,0.5323355197906494,probability_native,0.5323355197906494,u_71e81fc0c1c03cec,0,1,official,principal
7012,0,0,0.06477293372154236,probability_native,0.06477293372154236,u_71e81fc0c1c03cec,0,1,official,principal
2052,0,1,0.697367250919342,probability_native,0.697367250919342,u_71e81fc0c1c03cec,0,1,official,principal
5916,0,0,0.04725581035017967,probability_native,0.04725581035017967,u_71e81fc0c1c03cec,0,1,official,principal
5293,0,0,0.13594681024551392,probability_native,0.13594681024551392,u_71e81fc0c1c03cec,0,1,official,principal
6084,0,1,0.6196224093437195,probability_native,0.6196224093437195,u_71e81fc0c1c03cec,0,1,official,principal
4246,0,0,0.2482602298259735,probability_native,0.2482602298259735,u_71e81fc0c1c03cec,0,1,official,principal
1093,0,0,0.03353060409426689,probability_native,0.03353060409426689,u_71e81fc0c1c03cec,0,1,official,principal
6695,0,0,0.003347854595631361,probability_native,0.003347854595631361,u_71e81fc0c1c03cec,0,1,official,principal
2220,0,0,0.00992120336741209,probability_native,0.00992120336741209,u_71e81fc0c1c03cec,0,1,official,principal
4369,1,1,0.6201377511024475,probability_native,0.6201377511024475,u_71e81fc0c1c03cec,0,1,official,principal
2071,0,0,0.030463790521025658,probability_native,0.030463790521025658,u_71e81fc0c1c03cec,0,1,official,principal
863,1,1,0.8110487461090088,probability_native,0.8110487461090088,u_71e81fc0c1c03cec,0,1,official,principal
544,1,0,0.22896727919578552,probability_native,0.22896727919578552,u_71e81fc0c1c03cec,0,1,official,principal
5830,0,0,0.04127994179725647,probability_native,0.04127994179725647,u_71e81fc0c1c03cec,0,1,official,principal
313,0,1,0.8078905344009399,probability_native,0.8078905344009399,u_71e81fc0c1c03cec,0,1,official,principal
649,0,0,0.30618542432785034,probability_native,0.30618542432785034,u_71e81fc0c1c03cec,0,1,official,principal
5388,1,0,0.4983336627483368,probability_native,0.4983336627483368,u_71e81fc0c1c03cec,0,1,official,principal
161,1,1,0.5128440856933594,probability_native,0.5128440856933594,u_71e81fc0c1c03cec,0,1,official,principal
3331,0,0,0.1857266128063202,probability_native,0.1857266128063202,u_71e81fc0c1c03cec,0,1,official,principal
5189,0,1,0.7492288947105408,probability_native,0.7492288947105408,u_71e81fc0c1c03cec,0,1,official,principal
4532,1,1,0.7608250975608826,probability_native,0.7608250975608826,u_71e81fc0c1c03cec,0,1,official,principal
4635,0,0,0.019240908324718475,probability_native,0.019240908324718475,u_71e81fc0c1c03cec,0,1,official,principal
3194,1,0,0.22592668235301971,probability_native,0.22592668235301971,u_71e81fc0c1c03cec,0,1,official,principal
