row_id,y_true,y_pred,score_positive,score_type,probability_native,unit_id,outer_fold,replicate,purpose,variant
2666,0,0,3.43924966350572e-12,probability_native,3.43924966350572e-12,u_ed5654ef59b1a538,3,0,official,principal
189,0,0,0.05415382160170183,probability_native,0.05415382160170183,u_ed5654ef59b1a538,3,0,official,principal
2257,0,0,0.0003099266592859971,probability_native,0.0003099266592859971,u_ed5654ef59b1a538,3,0,official,principal
2641,0,0,0.09001977934243485,probability_native,0.09001977934243485,u_ed5654ef59b1a538,3,0,official,principal
328,0,1,0.9581071721223532,probability_native,0.9581071721223532,u_ed5654ef59b1a538,3,0,official,principal
6321,1,0,0.0002022142290511458,probability_native,0.0002022142290511458,u_ed5654ef59b1a538,3,0,official,principal
785,1,1,0.6982396255773267,probability_native,0.6982396255773267,u_ed5654ef59b1a538,3,0,official,principal
3253,0,0,0.09485468050959173,probability_native,0.09485468050959173,u_ed5654ef59b1a538,3,0,official,principal
4097,0,0,0.010277718389630071,probability_native,0.010277718389630071,u_ed5654ef59b1a538,3,0,official,principal
2444,1,1,0.9997858410608081,probability_native,0.9997858410608081,u_ed5654ef59b1a538,3,0,official,principal
5442,0,0,6.611451660650553e-15,probability_native,6.611451660650553e-15,u_ed5654ef59b1a538,3,0,official,principal
2399,0,1,0.9422829816170727,probability_native,0.9422829816170727,u_ed5654ef59b1a538,3,0,official,principal
6746,1,0,0.0658337167987853,probability_native,0.0658337167987853,u_ed5654ef59b1a538,3,0,official,principal
4319,0,0,0.00010023014108614383,probability_native,0.00010023014108614383,u_ed5654ef59b1a538,3,0,official,principal
155,0,1,0.9776991011990372,probability_native,0.9776991011990372,u_ed5654ef59b1a538,3,0,official,principal
5840,0,0,0.00040282511861987433,probability_native,0.00040282511861987433,u_ed5654ef59b1a538,3,0,official,principal
1491,0,0,0.0003527592171942358,probability_native,0.0003527592171942358,u_ed5654ef59b1a538,3,0,official,principal
3457,0,0,0.0011495555184259396,probability_native,0.0011495555184259396,u_ed5654ef59b1a538,3,0,official,principal
5229,1,1,0.8199014384854154,probability_native,0.8199014384854154,u_ed5654ef59b1a538,3,0,official,principal
777,1,1,0.9994411176829464,probability_native,0.9994411176829464,u_ed5654ef59b1a538,3,0,official,principal
3218,0,0,0.0006406591751189096,probability_native,0.0006406591751189096,u_ed5654ef59b1a538,3,0,official,principal
6437,0,0,5.776641207869886e-13,probability_native,5.776641207869886e-13,u_ed5654ef59b1a538,3,0,official,principal
1019,0,0,0.000638376304360058,probability_native,0.000638376304360058,u_ed5654ef59b1a538,3,0,official,principal
830,1,0,0.009055213812395473,probability_native,0.009055213812395473,u_ed5654ef59b1a538,3,0,official,principal
5993,0,1,0.9974254702367146,probability_native,0.9974254702367146,u_ed5654ef59b1a538,3,0,official,principal
6627,0,0,3.4159582242152867e-07,probability_native,3.4159582242152867e-07,u_ed5654ef59b1a538,3,0,official,principal
2247,0,0,2.4555315644825528e-14,probability_native,2.4555315644825528e-14,u_ed5654ef59b1a538,3,0,official,principal
556,0,0,0.0009451216094759198,probability_native,0.0009451216094759198,u_ed5654ef59b1a538,3,0,official,principal
4820,0,0,4.2174030187694945e-10,probability_native,4.2174030187694945e-10,u_ed5654ef59b1a538,3,0,official,principal
3908,0,0,2.624501282785212e-10,probability_native,2.624501282785212e-10,u_ed5654ef59b1a538,3,0,official,principal
3567,1,0,0.29806594316445445,probability_native,0.29806594316445445,u_ed5654ef59b1a538,3,0,official,principal
2833,0,0,8.160221955983702e-11,probability_native,8.160221955983702e-11,u_ed5654ef59b1a538,3,0,official,principal
4536,1,1,0.9994441094205969,probability_native,0.9994441094205969,u_ed5654ef59b1a538,3,0,official,principal
3780,0,0,4.01096302114723e-12,probability_native,4.01096302114723e-12,u_ed5654ef59b1a538,3,0,official,principal
6576,0,0,0.00037608565174394214,probability_native,0.00037608565174394214,u_ed5654ef59b1a538,3,0,official,principal
4432,0,0,4.3753882550315134e-11,probability_native,4.3753882550315134e-11,u_ed5654ef59b1a538,3,0,official,principal
1428,1,1,0.9949536182799358,probability_native,0.9949536182799358,u_ed5654ef59b1a538,3,0,official,principal
5777,0,0,6.536864599804439e-13,probability_native,6.536864599804439e-13,u_ed5654ef59b1a538,3,0,official,principal
6031,0,0,0.23279078995968497,probability_native,0.23279078995968497,u_ed5654ef59b1a538,3,0,official,principal
4909,0,0,6.129228818019298e-12,probability_native,6.129228818019298e-12,u_ed5654ef59b1a538,3,0,official,principal
2195,0,0,3.6709249086467385e-06,probability_native,3.6709249086467385e-06,u_ed5654ef59b1a538,3,0,official,principal
3815,1,1,0.9995356553895192,probability_native,0.9995356553895192,u_ed5654ef59b1a538,3,0,official,principal
4200,0,0,1.2487939116896266e-12,probability_native,1.2487939116896266e-12,u_ed5654ef59b1a538,3,0,official,principal
5851,0,0,0.22046390905923174,probability_native,0.22046390905923174,u_ed5654ef59b1a538,3,0,official,principal
1097,1,1,0.8429978204849377,probability_native,0.8429978204849377,u_ed5654ef59b1a538,3,0,official,principal
6480,0,0,0.09718016677705107,probability_native,0.09718016677705107,u_ed5654ef59b1a538,3,0,official,principal
2749,0,0,0.02579793155180943,probability_native,0.02579793155180943,u_ed5654ef59b1a538,3,0,official,principal
859,0,0,1.2152343364265926e-13,probability_native,1.2152343364265926e-13,u_ed5654ef59b1a538,3,0,official,principal
4357,0,0,2.5698147390473877e-05,probability_native,2.5698147390473877e-05,u_ed5654ef59b1a538,3,0,official,principal
6806,0,0,6.639199230494572e-14,probability_native,6.639199230494572e-14,u_ed5654ef59b1a538,3,0,official,principal
1950,1,1,0.6054827631009323,probability_native,0.6054827631009323,u_ed5654ef59b1a538,3,0,official,principal
6100,1,1,0.9983817920339754,probability_native,0.9983817920339754,u_ed5654ef59b1a538,3,0,official,principal
6729,0,0,3.605869687694071e-11,probability_native,3.605869687694071e-11,u_ed5654ef59b1a538,3,0,official,principal
1205,1,1,0.9995898872984065,probability_native,0.9995898872984065,u_ed5654ef59b1a538,3,0,official,principal
2078,0,0,0.002297896380971192,probability_native,0.002297896380971192,u_ed5654ef59b1a538,3,0,official,principal
5473,0,1,0.8650497891420809,probability_native,0.8650497891420809,u_ed5654ef59b1a538,3,0,official,principal
5714,1,1,0.9973210997250059,probability_native,0.9973210997250059,u_ed5654ef59b1a538,3,0,official,principal
6335,0,1,0.9909900150533432,probability_native,0.9909900150533432,u_ed5654ef59b1a538,3,0,official,principal
6635,0,0,2.776401383432208e-06,probability_native,2.776401383432208e-06,u_ed5654ef59b1a538,3,0,official,principal
246,0,0,0.030459461170342494,probability_native,0.030459461170342494,u_ed5654ef59b1a538,3,0,official,principal
3292,0,1,0.6636050168633656,probability_native,0.6636050168633656,u_ed5654ef59b1a538,3,0,official,principal
543,1,1,0.9983650537195528,probability_native,0.9983650537195528,u_ed5654ef59b1a538,3,0,official,principal
5424,0,0,1.3564320033743313e-10,probability_native,1.3564320033743313e-10,u_ed5654ef59b1a538,3,0,official,principal
4364,0,0,2.6608229359947147e-12,probability_native,2.6608229359947147e-12,u_ed5654ef59b1a538,3,0,official,principal
669,0,0,2.3443489215396426e-11,probability_native,2.3443489215396426e-11,u_ed5654ef59b1a538,3,0,official,principal
27,1,0,0.4501649069538619,probability_native,0.4501649069538619,u_ed5654ef59b1a538,3,0,official,principal
3681,1,1,0.9984464374012683,probability_native,0.9984464374012683,u_ed5654ef59b1a538,3,0,official,principal
6873,0,0,2.1865073487237886e-12,probability_native,2.1865073487237886e-12,u_ed5654ef59b1a538,3,0,official,principal
7030,0,0,0.0011651691259627018,probability_native,0.0011651691259627018,u_ed5654ef59b1a538,3,0,official,principal
2909,0,0,0.03338073163644862,probability_native,0.03338073163644862,u_ed5654ef59b1a538,3,0,official,principal
4123,0,1,0.8363407083502775,probability_native,0.8363407083502775,u_ed5654ef59b1a538,3,0,official,principal
4780,0,1,0.9715969989486264,probability_native,0.9715969989486264,u_ed5654ef59b1a538,3,0,official,principal
5611,0,1,0.8993249867422032,probability_native,0.8993249867422032,u_ed5654ef59b1a538,3,0,official,principal
7037,0,0,1.172426034208016e-13,probability_native,1.172426034208016e-13,u_ed5654ef59b1a538,3,0,official,principal
6724,1,0,1.9028691866008065e-11,probability_native,1.9028691866008065e-11,u_ed5654ef59b1a538,3,0,official,principal
3259,0,1,0.8658020431119404,probability_native,0.8658020431119404,u_ed5654ef59b1a538,3,0,official,principal
5608,0,0,0.000712414091886937,probability_native,0.000712414091886937,u_ed5654ef59b1a538,3,0,official,principal
829,0,0,0.4277513815432501,probability_native,0.4277513815432501,u_ed5654ef59b1a538,3,0,official,principal
5264,0,0,0.0007339153031620057,probability_native,0.0007339153031620057,u_ed5654ef59b1a538,3,0,official,principal
1077,1,0,0.47547937559807274,probability_native,0.47547937559807274,u_ed5654ef59b1a538,3,0,official,principal
188,0,0,9.485847164607259e-05,probability_native,9.485847164607259e-05,u_ed5654ef59b1a538,3,0,official,principal
4426,0,0,0.024164744204548363,probability_native,0.024164744204548363,u_ed5654ef59b1a538,3,0,official,principal
1941,0,1,0.8811306016824577,probability_native,0.8811306016824577,u_ed5654ef59b1a538,3,0,official,principal
1917,0,0,8.103831564735489e-13,probability_native,8.103831564735489e-13,u_ed5654ef59b1a538,3,0,official,principal
2193,0,0,6.127284548493792e-07,probability_native,6.127284548493792e-07,u_ed5654ef59b1a538,3,0,official,principal
5784,0,1,0.9639845335771523,probability_native,0.9639845335771523,u_ed5654ef59b1a538,3,0,official,principal
357,0,0,2.28258029727951e-09,probability_native,2.28258029727951e-09,u_ed5654ef59b1a538,3,0,official,principal
1228,0,1,0.5309828876062409,probability_native,0.5309828876062409,u_ed5654ef59b1a538,3,0,official,principal
1853,1,1,0.9744518478020949,probability_native,0.9744518478020949,u_ed5654ef59b1a538,3,0,official,principal
208,1,1,0.9823697169622059,probability_native,0.9823697169622059,u_ed5654ef59b1a538,3,0,official,principal
2323,1,1,0.9321702688647536,probability_native,0.9321702688647536,u_ed5654ef59b1a538,3,0,official,principal
1572,1,1,0.9950344849076679,probability_native,0.9950344849076679,u_ed5654ef59b1a538,3,0,official,principal
814,0,0,0.00502533093536479,probability_native,0.00502533093536479,u_ed5654ef59b1a538,3,0,official,principal
4013,0,1,0.8046224961997755,probability_native,0.8046224961997755,u_ed5654ef59b1a538,3,0,official,principal
659,0,0,0.0001301643024174137,probability_native,0.0001301643024174137,u_ed5654ef59b1a538,3,0,official,principal
6968,1,1,0.999216454627213,probability_native,0.999216454627213,u_ed5654ef59b1a538,3,0,official,principal
5326,1,0,0.0012179631982229384,probability_native,0.0012179631982229384,u_ed5654ef59b1a538,3,0,official,principal
2390,0,0,1.2118799466132594e-05,probability_native,1.2118799466132594e-05,u_ed5654ef59b1a538,3,0,official,principal
301,1,1,0.9999714471634674,probability_native,0.9999714471634674,u_ed5654ef59b1a538,3,0,official,principal
3129,0,0,0.0119486817204914,probability_native,0.0119486817204914,u_ed5654ef59b1a538,3,0,official,principal
4487,0,0,2.1494630321667872e-07,probability_native,2.1494630321667872e-07,u_ed5654ef59b1a538,3,0,official,principal
695,0,0,0.000648481454052589,probability_native,0.000648481454052589,u_ed5654ef59b1a538,3,0,official,principal
3397,0,0,4.902291301124661e-11,probability_native,4.902291301124661e-11,u_ed5654ef59b1a538,3,0,official,principal
5768,0,1,0.5016443168990622,probability_native,0.5016443168990622,u_ed5654ef59b1a538,3,0,official,principal
2542,0,0,0.014979329907109448,probability_native,0.014979329907109448,u_ed5654ef59b1a538,3,0,official,principal
6848,0,1,0.5207452232813189,probability_native,0.5207452232813189,u_ed5654ef59b1a538,3,0,official,principal
2998,0,1,0.9991733290793343,probability_native,0.9991733290793343,u_ed5654ef59b1a538,3,0,official,principal
1339,1,0,0.03611329101116287,probability_native,0.03611329101116287,u_ed5654ef59b1a538,3,0,official,principal
5331,0,0,1.0336022783476674e-12,probability_native,1.0336022783476674e-12,u_ed5654ef59b1a538,3,0,official,principal
4813,0,1,0.963931331637933,probability_native,0.963931331637933,u_ed5654ef59b1a538,3,0,official,principal
5559,0,1,0.9522967267727197,probability_native,0.9522967267727197,u_ed5654ef59b1a538,3,0,official,principal
1725,0,1,0.9999527118065228,probability_native,0.9999527118065228,u_ed5654ef59b1a538,3,0,official,principal
2639,1,1,0.9407552985989779,probability_native,0.9407552985989779,u_ed5654ef59b1a538,3,0,official,principal
6667,1,1,0.9996203059523022,probability_native,0.9996203059523022,u_ed5654ef59b1a538,3,0,official,principal
7027,0,1,0.6359875642995787,probability_native,0.6359875642995787,u_ed5654ef59b1a538,3,0,official,principal
3582,0,1,0.999682680745068,probability_native,0.999682680745068,u_ed5654ef59b1a538,3,0,official,principal
5303,0,0,0.16820792710985252,probability_native,0.16820792710985252,u_ed5654ef59b1a538,3,0,official,principal
1638,0,0,1.4192433450912614e-11,probability_native,1.4192433450912614e-11,u_ed5654ef59b1a538,3,0,official,principal
1394,0,0,0.005782030262176409,probability_native,0.005782030262176409,u_ed5654ef59b1a538,3,0,official,principal
799,1,0,0.43848593905160405,probability_native,0.43848593905160405,u_ed5654ef59b1a538,3,0,official,principal
4592,0,0,1.3069574732025804e-06,probability_native,1.3069574732025804e-06,u_ed5654ef59b1a538,3,0,official,principal
6290,1,0,2.2144739843451496e-09,probability_native,2.2144739843451496e-09,u_ed5654ef59b1a538,3,0,official,principal
4370,0,0,0.003100894870997024,probability_native,0.003100894870997024,u_ed5654ef59b1a538,3,0,official,principal
1614,0,0,1.252136862016522e-11,probability_native,1.252136862016522e-11,u_ed5654ef59b1a538,3,0,official,principal
5841,1,0,0.37978175495086725,probability_native,0.37978175495086725,u_ed5654ef59b1a538,3,0,official,principal
5485,0,1,0.6316432146535462,probability_native,0.6316432146535462,u_ed5654ef59b1a538,3,0,official,principal
2762,0,0,2.650028039262405e-08,probability_native,2.650028039262405e-08,u_ed5654ef59b1a538,3,0,official,principal
1431,0,0,0.03686867827373731,probability_native,0.03686867827373731,u_ed5654ef59b1a538,3,0,official,principal
1487,0,0,0.443550288440571,probability_native,0.443550288440571,u_ed5654ef59b1a538,3,0,official,principal
1159,1,1,0.9998917674413113,probability_native,0.9998917674413113,u_ed5654ef59b1a538,3,0,official,principal
6672,0,0,4.717001447977565e-14,probability_native,4.717001447977565e-14,u_ed5654ef59b1a538,3,0,official,principal
2584,0,0,0.008227748290751815,probability_native,0.008227748290751815,u_ed5654ef59b1a538,3,0,official,principal
3417,0,0,0.11781022838767728,probability_native,0.11781022838767728,u_ed5654ef59b1a538,3,0,official,principal
4950,1,1,0.9992246393518023,probability_native,0.9992246393518023,u_ed5654ef59b1a538,3,0,official,principal
3501,0,0,4.463682470413942e-12,probability_native,4.463682470413942e-12,u_ed5654ef59b1a538,3,0,official,principal
4507,0,0,0.4328837167242478,probability_native,0.4328837167242478,u_ed5654ef59b1a538,3,0,official,principal
1063,0,0,0.36660358919206076,probability_native,0.36660358919206076,u_ed5654ef59b1a538,3,0,official,principal
5603,1,0,0.2082499827713093,probability_native,0.2082499827713093,u_ed5654ef59b1a538,3,0,official,principal
4117,0,0,8.914759493088391e-12,probability_native,8.914759493088391e-12,u_ed5654ef59b1a538,3,0,official,principal
263,0,0,3.8984991481870014e-10,probability_native,3.8984991481870014e-10,u_ed5654ef59b1a538,3,0,official,principal
4897,0,0,0.07673104215489746,probability_native,0.07673104215489746,u_ed5654ef59b1a538,3,0,official,principal
6474,0,0,5.468555609768419e-13,probability_native,5.468555609768419e-13,u_ed5654ef59b1a538,3,0,official,principal
4081,1,1,0.9994456570288753,probability_native,0.9994456570288753,u_ed5654ef59b1a538,3,0,official,principal
6204,0,1,0.7977693548445244,probability_native,0.7977693548445244,u_ed5654ef59b1a538,3,0,official,principal
790,0,0,2.1958585787099534e-13,probability_native,2.1958585787099534e-13,u_ed5654ef59b1a538,3,0,official,principal
1287,0,1,0.9254741798466419,probability_native,0.9254741798466419,u_ed5654ef59b1a538,3,0,official,principal
1709,0,0,3.7138573744452826e-09,probability_native,3.7138573744452826e-09,u_ed5654ef59b1a538,3,0,official,principal
6420,0,1,0.6611063456792462,probability_native,0.6611063456792462,u_ed5654ef59b1a538,3,0,official,principal
2504,1,1,0.9970032604557244,probability_native,0.9970032604557244,u_ed5654ef59b1a538,3,0,official,principal
2989,0,0,0.0002330639999066057,probability_native,0.0002330639999066057,u_ed5654ef59b1a538,3,0,official,principal
4252,0,1,0.8812408909401358,probability_native,0.8812408909401358,u_ed5654ef59b1a538,3,0,official,principal
2287,1,0,8.002518915912366e-10,probability_native,8.002518915912366e-10,u_ed5654ef59b1a538,3,0,official,principal
1645,1,1,0.9996111907724362,probability_native,0.9996111907724362,u_ed5654ef59b1a538,3,0,official,principal
4880,0,0,4.108508228194374e-14,probability_native,4.108508228194374e-14,u_ed5654ef59b1a538,3,0,official,principal
5335,0,0,0.0007883518830400369,probability_native,0.0007883518830400369,u_ed5654ef59b1a538,3,0,official,principal
1822,1,1,0.7318808444395102,probability_native,0.7318808444395102,u_ed5654ef59b1a538,3,0,official,principal
3471,0,0,3.258869863009243e-06,probability_native,3.258869863009243e-06,u_ed5654ef59b1a538,3,0,official,principal
5665,0,1,0.619231459091926,probability_native,0.619231459091926,u_ed5654ef59b1a538,3,0,official,principal
4150,0,1,0.999926631538627,probability_native,0.999926631538627,u_ed5654ef59b1a538,3,0,official,principal
2371,0,0,0.031071462534463457,probability_native,0.031071462534463457,u_ed5654ef59b1a538,3,0,official,principal
1787,0,0,0.3487603855539755,probability_native,0.3487603855539755,u_ed5654ef59b1a538,3,0,official,principal
525,0,0,0.08821776057516445,probability_native,0.08821776057516445,u_ed5654ef59b1a538,3,0,official,principal
6281,0,0,8.78741779773564e-06,probability_native,8.78741779773564e-06,u_ed5654ef59b1a538,3,0,official,principal
15,0,0,4.3095429582086796e-14,probability_native,4.3095429582086796e-14,u_ed5654ef59b1a538,3,0,official,principal
5162,0,0,0.00016652365650630813,probability_native,0.00016652365650630813,u_ed5654ef59b1a538,3,0,official,principal
4207,0,0,0.1737418062887002,probability_native,0.1737418062887002,u_ed5654ef59b1a538,3,0,official,principal
5085,0,1,0.8493702942865173,probability_native,0.8493702942865173,u_ed5654ef59b1a538,3,0,official,principal
3866,0,0,7.277040950200726e-14,probability_native,7.277040950200726e-14,u_ed5654ef59b1a538,3,0,official,principal
722,1,1,0.9976246718340105,probability_native,0.9976246718340105,u_ed5654ef59b1a538,3,0,official,principal
1352,0,0,8.844241619217472e-13,probability_native,8.844241619217472e-13,u_ed5654ef59b1a538,3,0,official,principal
2348,0,0,0.0015459986798801884,probability_native,0.0015459986798801884,u_ed5654ef59b1a538,3,0,official,principal
3752,0,0,4.661039967906876e-10,probability_native,4.661039967906876e-10,u_ed5654ef59b1a538,3,0,official,principal
5448,0,0,0.012064514083651258,probability_native,0.012064514083651258,u_ed5654ef59b1a538,3,0,official,principal
3418,0,0,0.3782154387443555,probability_native,0.3782154387443555,u_ed5654ef59b1a538,3,0,official,principal
3325,1,1,0.999739838197217,probability_native,0.999739838197217,u_ed5654ef59b1a538,3,0,official,principal
5109,0,0,2.431885159814266e-13,probability_native,2.431885159814266e-13,u_ed5654ef59b1a538,3,0,official,principal
5130,1,1,0.8244622733167991,probability_native,0.8244622733167991,u_ed5654ef59b1a538,3,0,official,principal
2824,0,0,1.3842275865356476e-14,probability_native,1.3842275865356476e-14,u_ed5654ef59b1a538,3,0,official,principal
120,0,0,0.002332407017840047,probability_native,0.002332407017840047,u_ed5654ef59b1a538,3,0,official,principal
66,0,1,0.6077891251856473,probability_native,0.6077891251856473,u_ed5654ef59b1a538,3,0,official,principal
6978,0,0,2.8187425737349715e-12,probability_native,2.8187425737349715e-12,u_ed5654ef59b1a538,3,0,official,principal
466,0,0,6.238524980815693e-09,probability_native,6.238524980815693e-09,u_ed5654ef59b1a538,3,0,official,principal
2400,0,0,0.43624481396388,probability_native,0.43624481396388,u_ed5654ef59b1a538,3,0,official,principal
6704,0,0,0.05093771166209113,probability_native,0.05093771166209113,u_ed5654ef59b1a538,3,0,official,principal
4901,1,1,0.9992102365356202,probability_native,0.9992102365356202,u_ed5654ef59b1a538,3,0,official,principal
5733,0,0,3.743776568045618e-15,probability_native,3.743776568045618e-15,u_ed5654ef59b1a538,3,0,official,principal
1559,0,0,0.0004123032559319548,probability_native,0.0004123032559319548,u_ed5654ef59b1a538,3,0,official,principal
5805,0,1,0.8287151339110315,probability_native,0.8287151339110315,u_ed5654ef59b1a538,3,0,official,principal
4659,0,0,4.345325220333228e-12,probability_native,4.345325220333228e-12,u_ed5654ef59b1a538,3,0,official,principal
585,1,1,0.9999607072007659,probability_native,0.9999607072007659,u_ed5654ef59b1a538,3,0,official,principal
2024,0,1,0.9564713393199791,probability_native,0.9564713393199791,u_ed5654ef59b1a538,3,0,official,principal
3026,1,1,0.9992368870712174,probability_native,0.9992368870712174,u_ed5654ef59b1a538,3,0,official,principal
4707,0,0,0.000652662178411176,probability_native,0.000652662178411176,u_ed5654ef59b1a538,3,0,official,principal
6000,0,0,3.442328391206188e-08,probability_native,3.442328391206188e-08,u_ed5654ef59b1a538,3,0,official,principal
1723,0,0,4.919614409127197e-14,probability_native,4.919614409127197e-14,u_ed5654ef59b1a538,3,0,official,principal
5282,1,1,0.9996725091312292,probability_native,0.9996725091312292,u_ed5654ef59b1a538,3,0,official,principal
1064,0,0,0.0027927489176669392,probability_native,0.0027927489176669392,u_ed5654ef59b1a538,3,0,official,principal
162,0,1,0.9994164158823344,probability_native,0.9994164158823344,u_ed5654ef59b1a538,3,0,official,principal
5931,1,1,0.9997940178464667,probability_native,0.9997940178464667,u_ed5654ef59b1a538,3,0,official,principal
3051,0,0,4.63610774520389e-13,probability_native,4.63610774520389e-13,u_ed5654ef59b1a538,3,0,official,principal
2571,0,0,1.0550050218463617e-08,probability_native,1.0550050218463617e-08,u_ed5654ef59b1a538,3,0,official,principal
3983,1,1,0.9626673589737985,probability_native,0.9626673589737985,u_ed5654ef59b1a538,3,0,official,principal
327,1,1,0.9999064135642668,probability_native,0.9999064135642668,u_ed5654ef59b1a538,3,0,official,principal
3477,0,1,0.999271193081917,probability_native,0.999271193081917,u_ed5654ef59b1a538,3,0,official,principal
2049,0,0,0.35117915169687636,probability_native,0.35117915169687636,u_ed5654ef59b1a538,3,0,official,principal
6092,0,0,1.1209090823309166e-11,probability_native,1.1209090823309166e-11,u_ed5654ef59b1a538,3,0,official,principal
6061,0,1,0.5363453167919103,probability_native,0.5363453167919103,u_ed5654ef59b1a538,3,0,official,principal
4009,0,0,4.5151137708981696e-11,probability_native,4.5151137708981696e-11,u_ed5654ef59b1a538,3,0,official,principal
3284,0,1,0.9980735449900894,probability_native,0.9980735449900894,u_ed5654ef59b1a538,3,0,official,principal
5221,0,0,0.09965630938229655,probability_native,0.09965630938229655,u_ed5654ef59b1a538,3,0,official,principal
1997,0,0,8.900083725605174e-11,probability_native,8.900083725605174e-11,u_ed5654ef59b1a538,3,0,official,principal
4465,0,1,0.6529423165470001,probability_native,0.6529423165470001,u_ed5654ef59b1a538,3,0,official,principal
5184,0,0,2.0287923515463884e-10,probability_native,2.0287923515463884e-10,u_ed5654ef59b1a538,3,0,official,principal
5240,0,0,1.0451190395173345e-10,probability_native,1.0451190395173345e-10,u_ed5654ef59b1a538,3,0,official,principal
2536,1,0,2.4010460865047807e-05,probability_native,2.4010460865047807e-05,u_ed5654ef59b1a538,3,0,official,principal
5322,0,1,0.5040708447278912,probability_native,0.5040708447278912,u_ed5654ef59b1a538,3,0,official,principal
2035,0,0,0.495944759406634,probability_native,0.495944759406634,u_ed5654ef59b1a538,3,0,official,principal
2484,0,0,3.2682008907897054e-05,probability_native,3.2682008907897054e-05,u_ed5654ef59b1a538,3,0,official,principal
6548,0,0,0.02305648384611672,probability_native,0.02305648384611672,u_ed5654ef59b1a538,3,0,official,principal
3300,0,0,3.115078975193957e-07,probability_native,3.115078975193957e-07,u_ed5654ef59b1a538,3,0,official,principal
5580,0,0,3.7074022047406704e-06,probability_native,3.7074022047406704e-06,u_ed5654ef59b1a538,3,0,official,principal
569,0,0,0.0020137597884410294,probability_native,0.0020137597884410294,u_ed5654ef59b1a538,3,0,official,principal
1147,0,1,0.9975189863984342,probability_native,0.9975189863984342,u_ed5654ef59b1a538,3,0,official,principal
3779,1,0,3.739692986940782e-13,probability_native,3.739692986940782e-13,u_ed5654ef59b1a538,3,0,official,principal
4717,0,0,0.1159970044441654,probability_native,0.1159970044441654,u_ed5654ef59b1a538,3,0,official,principal
6430,0,0,2.277356698857668e-05,probability_native,2.277356698857668e-05,u_ed5654ef59b1a538,3,0,official,principal
2618,0,0,7.018970693923688e-06,probability_native,7.018970693923688e-06,u_ed5654ef59b1a538,3,0,official,principal
2001,0,0,0.0004003892374282798,probability_native,0.0004003892374282798,u_ed5654ef59b1a538,3,0,official,principal
4575,0,0,0.0006450389188044609,probability_native,0.0006450389188044609,u_ed5654ef59b1a538,3,0,official,principal
6930,1,1,0.934229985579245,probability_native,0.934229985579245,u_ed5654ef59b1a538,3,0,official,principal
6966,0,0,0.0012848408806103778,probability_native,0.0012848408806103778,u_ed5654ef59b1a538,3,0,official,principal
530,0,0,1.96286244251812e-14,probability_native,1.96286244251812e-14,u_ed5654ef59b1a538,3,0,official,principal
3775,1,1,0.9995413879758774,probability_native,0.9995413879758774,u_ed5654ef59b1a538,3,0,official,principal
4404,0,1,0.9983911934889241,probability_native,0.9983911934889241,u_ed5654ef59b1a538,3,0,official,principal
5436,0,0,0.28850207500694675,probability_native,0.28850207500694675,u_ed5654ef59b1a538,3,0,official,principal
3662,1,1,0.9703951766716177,probability_native,0.9703951766716177,u_ed5654ef59b1a538,3,0,official,principal
3626,0,0,0.3562167845082836,probability_native,0.3562167845082836,u_ed5654ef59b1a538,3,0,official,principal
2531,0,0,6.570609327252295e-15,probability_native,6.570609327252295e-15,u_ed5654ef59b1a538,3,0,official,principal
640,0,0,8.51312980508667e-15,probability_native,8.51312980508667e-15,u_ed5654ef59b1a538,3,0,official,principal
3880,0,0,0.0023182400936167637,probability_native,0.0023182400936167637,u_ed5654ef59b1a538,3,0,official,principal
5779,1,0,0.20356148899102441,probability_native,0.20356148899102441,u_ed5654ef59b1a538,3,0,official,principal
3530,0,1,0.8023956813369719,probability_native,0.8023956813369719,u_ed5654ef59b1a538,3,0,official,principal
7015,0,1,0.9518417470959871,probability_native,0.9518417470959871,u_ed5654ef59b1a538,3,0,official,principal
5930,0,0,7.716604239903447e-11,probability_native,7.716604239903447e-11,u_ed5654ef59b1a538,3,0,official,principal
5695,0,0,6.673174618249871e-11,probability_native,6.673174618249871e-11,u_ed5654ef59b1a538,3,0,official,principal
6927,0,0,0.002494332806073392,probability_native,0.002494332806073392,u_ed5654ef59b1a538,3,0,official,principal
914,0,0,1.9951765542156765e-14,probability_native,1.9951765542156765e-14,u_ed5654ef59b1a538,3,0,official,principal
1623,0,0,2.5413881362113878e-08,probability_native,2.5413881362113878e-08,u_ed5654ef59b1a538,3,0,official,principal
1353,0,0,1.7999609702688804e-06,probability_native,1.7999609702688804e-06,u_ed5654ef59b1a538,3,0,official,principal
3426,1,1,0.9994521357416957,probability_native,0.9994521357416957,u_ed5654ef59b1a538,3,0,official,principal
2768,0,0,7.954972747861672e-06,probability_native,7.954972747861672e-06,u_ed5654ef59b1a538,3,0,official,principal
1833,0,1,0.8620523029657639,probability_native,0.8620523029657639,u_ed5654ef59b1a538,3,0,official,principal
3115,1,1,0.9988388250328089,probability_native,0.9988388250328089,u_ed5654ef59b1a538,3,0,official,principal
4703,1,1,0.9977642530732592,probability_native,0.9977642530732592,u_ed5654ef59b1a538,3,0,official,principal
3391,0,0,0.00030945416548704423,probability_native,0.00030945416548704423,u_ed5654ef59b1a538,3,0,official,principal
1823,1,1,0.8954429448900614,probability_native,0.8954429448900614,u_ed5654ef59b1a538,3,0,official,principal
5699,0,1,0.9979963021630901,probability_native,0.9979963021630901,u_ed5654ef59b1a538,3,0,official,principal
4339,0,0,0.0008661751270612012,probability_native,0.0008661751270612012,u_ed5654ef59b1a538,3,0,official,principal
2325,0,0,0.001721600199997783,probability_native,0.001721600199997783,u_ed5654ef59b1a538,3,0,official,principal
6684,0,0,0.0006218185919851807,probability_native,0.0006218185919851807,u_ed5654ef59b1a538,3,0,official,principal
372,0,0,6.825677780213993e-12,probability_native,6.825677780213993e-12,u_ed5654ef59b1a538,3,0,official,principal
5849,0,0,1.214830735600035e-13,probability_native,1.214830735600035e-13,u_ed5654ef59b1a538,3,0,official,principal
5489,0,1,0.6215345514757636,probability_native,0.6215345514757636,u_ed5654ef59b1a538,3,0,official,principal
6019,0,1,0.612824336922406,probability_native,0.612824336922406,u_ed5654ef59b1a538,3,0,official,principal
3414,0,0,9.052019559638943e-12,probability_native,9.052019559638943e-12,u_ed5654ef59b1a538,3,0,official,principal
2938,0,0,0.011030902666357499,probability_native,0.011030902666357499,u_ed5654ef59b1a538,3,0,official,principal
4519,0,0,0.01162881038012646,probability_native,0.01162881038012646,u_ed5654ef59b1a538,3,0,official,principal
1165,0,0,8.380091066974141e-07,probability_native,8.380091066974141e-07,u_ed5654ef59b1a538,3,0,official,principal
1335,1,1,0.90565814124716,probability_native,0.90565814124716,u_ed5654ef59b1a538,3,0,official,principal
2676,0,0,4.2514496511529075e-06,probability_native,4.2514496511529075e-06,u_ed5654ef59b1a538,3,0,official,principal
1306,1,0,4.743044878715725e-06,probability_native,4.743044878715725e-06,u_ed5654ef59b1a538,3,0,official,principal
4618,0,1,0.9999528901408982,probability_native,0.9999528901408982,u_ed5654ef59b1a538,3,0,official,principal
3495,1,1,0.999932189341212,probability_native,0.999932189341212,u_ed5654ef59b1a538,3,0,official,principal
4285,0,0,8.191261026504022e-13,probability_native,8.191261026504022e-13,u_ed5654ef59b1a538,3,0,official,principal
1317,0,0,0.0007275557285774433,probability_native,0.0007275557285774433,u_ed5654ef59b1a538,3,0,official,principal
3435,0,1,0.9625166661299768,probability_native,0.9625166661299768,u_ed5654ef59b1a538,3,0,official,principal
3891,0,0,0.0002852710604998255,probability_native,0.0002852710604998255,u_ed5654ef59b1a538,3,0,official,principal
442,0,0,0.0008260624100365783,probability_native,0.0008260624100365783,u_ed5654ef59b1a538,3,0,official,principal
2112,0,0,0.019918313029693113,probability_native,0.019918313029693113,u_ed5654ef59b1a538,3,0,official,principal
4731,0,0,5.964079597139331e-07,probability_native,5.964079597139331e-07,u_ed5654ef59b1a538,3,0,official,principal
1789,0,0,0.25443028853279825,probability_native,0.25443028853279825,u_ed5654ef59b1a538,3,0,official,principal
1582,0,0,0.00048079689511446684,probability_native,0.00048079689511446684,u_ed5654ef59b1a538,3,0,official,principal
5555,0,0,4.2189824805154876e-15,probability_native,4.2189824805154876e-15,u_ed5654ef59b1a538,3,0,official,principal
4814,1,1,0.9976731153607706,probability_native,0.9976731153607706,u_ed5654ef59b1a538,3,0,official,principal
4729,0,0,5.130261434039916e-12,probability_native,5.130261434039916e-12,u_ed5654ef59b1a538,3,0,official,principal
5336,0,0,0.0003402276895811136,probability_native,0.0003402276895811136,u_ed5654ef59b1a538,3,0,official,principal
1222,0,0,6.878395410103351e-13,probability_native,6.878395410103351e-13,u_ed5654ef59b1a538,3,0,official,principal
854,0,0,3.4437022688779695e-15,probability_native,3.4437022688779695e-15,u_ed5654ef59b1a538,3,0,official,principal
2186,0,0,1.6923585706747672e-15,probability_native,1.6923585706747672e-15,u_ed5654ef59b1a538,3,0,official,principal
6935,0,0,2.5660207575300832e-12,probability_native,2.5660207575300832e-12,u_ed5654ef59b1a538,3,0,official,principal
2090,0,0,0.001530141289342227,probability_native,0.001530141289342227,u_ed5654ef59b1a538,3,0,official,principal
1048,0,0,1.278853008030525e-05,probability_native,1.278853008030525e-05,u_ed5654ef59b1a538,3,0,official,principal
3080,0,0,0.3078607031862243,probability_native,0.3078607031862243,u_ed5654ef59b1a538,3,0,official,principal
5574,0,0,0.0011048880608848424,probability_native,0.0011048880608848424,u_ed5654ef59b1a538,3,0,official,principal
5063,1,1,0.9988112576060149,probability_native,0.9988112576060149,u_ed5654ef59b1a538,3,0,official,principal
5563,0,0,0.00036762495035674294,probability_native,0.00036762495035674294,u_ed5654ef59b1a538,3,0,official,principal
2605,0,0,1.5096286440633994e-12,probability_native,1.5096286440633994e-12,u_ed5654ef59b1a538,3,0,official,principal
5829,0,0,0.002854900837703793,probability_native,0.002854900837703793,u_ed5654ef59b1a538,3,0,official,principal
5036,1,1,0.9895247265166301,probability_native,0.9895247265166301,u_ed5654ef59b1a538,3,0,official,principal
6507,1,0,0.09088933608976482,probability_native,0.09088933608976482,u_ed5654ef59b1a538,3,0,official,principal
2051,0,0,1.7297707713394122e-15,probability_native,1.7297707713394122e-15,u_ed5654ef59b1a538,3,0,official,principal
1649,0,0,0.44862293550426297,probability_native,0.44862293550426297,u_ed5654ef59b1a538,3,0,official,principal
5713,0,0,2.2110883105621785e-11,probability_native,2.2110883105621785e-11,u_ed5654ef59b1a538,3,0,official,principal
4125,0,0,0.08445028177874025,probability_native,0.08445028177874025,u_ed5654ef59b1a538,3,0,official,principal
4027,1,1,0.8859006733092928,probability_native,0.8859006733092928,u_ed5654ef59b1a538,3,0,official,principal
6559,0,1,0.8575265178388517,probability_native,0.8575265178388517,u_ed5654ef59b1a538,3,0,official,principal
6065,0,0,6.81086489385634e-14,probability_native,6.81086489385634e-14,u_ed5654ef59b1a538,3,0,official,principal
2416,0,1,0.8649656468121718,probability_native,0.8649656468121718,u_ed5654ef59b1a538,3,0,official,principal
2415,1,1,0.8429169927524316,probability_native,0.8429169927524316,u_ed5654ef59b1a538,3,0,official,principal
7006,1,1,0.7534198505605512,probability_native,0.7534198505605512,u_ed5654ef59b1a538,3,0,official,principal
6567,0,1,0.9980743134627267,probability_native,0.9980743134627267,u_ed5654ef59b1a538,3,0,official,principal
6569,0,0,5.3591987771910945e-14,probability_native,5.3591987771910945e-14,u_ed5654ef59b1a538,3,0,official,principal
4118,0,0,0.4048840262995373,probability_native,0.4048840262995373,u_ed5654ef59b1a538,3,0,official,principal
3580,1,1,0.6147077608266704,probability_native,0.6147077608266704,u_ed5654ef59b1a538,3,0,official,principal
2643,1,1,0.9988572376331498,probability_native,0.9988572376331498,u_ed5654ef59b1a538,3,0,official,principal
5936,0,0,5.333887767513221e-14,probability_native,5.333887767513221e-14,u_ed5654ef59b1a538,3,0,official,principal
3278,0,0,4.854246566097365e-11,probability_native,4.854246566097365e-11,u_ed5654ef59b1a538,3,0,official,principal
3108,0,0,0.0003980880543918196,probability_native,0.0003980880543918196,u_ed5654ef59b1a538,3,0,official,principal
2817,0,0,1.2617133620100928e-14,probability_native,1.2617133620100928e-14,u_ed5654ef59b1a538,3,0,official,principal
1457,0,0,0.4344103418046345,probability_native,0.4344103418046345,u_ed5654ef59b1a538,3,0,official,principal
7042,0,0,9.947696487508067e-11,probability_native,9.947696487508067e-11,u_ed5654ef59b1a538,3,0,official,principal
5937,1,1,0.9998950374801928,probability_native,0.9998950374801928,u_ed5654ef59b1a538,3,0,official,principal
776,0,0,0.10337200863376127,probability_native,0.10337200863376127,u_ed5654ef59b1a538,3,0,official,principal
6686,0,0,4.722202587091079e-12,probability_native,4.722202587091079e-12,u_ed5654ef59b1a538,3,0,official,principal
2240,0,0,5.179182394485101e-13,probability_native,5.179182394485101e-13,u_ed5654ef59b1a538,3,0,official,principal
2597,0,0,0.0037543779323152074,probability_native,0.0037543779323152074,u_ed5654ef59b1a538,3,0,official,principal
3739,0,0,0.00011934113786401902,probability_native,0.00011934113786401902,u_ed5654ef59b1a538,3,0,official,principal
6226,0,0,4.2941642161095317e-14,probability_native,4.2941642161095317e-14,u_ed5654ef59b1a538,3,0,official,principal
2352,0,0,0.0028040925671670293,probability_native,0.0028040925671670293,u_ed5654ef59b1a538,3,0,official,principal
1510,0,0,1.4136179791442395e-13,probability_native,1.4136179791442395e-13,u_ed5654ef59b1a538,3,0,official,principal
5413,0,1,0.9671094417767432,probability_native,0.9671094417767432,u_ed5654ef59b1a538,3,0,official,principal
429,0,0,9.31529264800336e-05,probability_native,9.31529264800336e-05,u_ed5654ef59b1a538,3,0,official,principal
3009,0,0,0.0021673488976782177,probability_native,0.0021673488976782177,u_ed5654ef59b1a538,3,0,official,principal
946,0,0,0.00011988827491178732,probability_native,0.00011988827491178732,u_ed5654ef59b1a538,3,0,official,principal
6693,0,1,0.9899313829114852,probability_native,0.9899313829114852,u_ed5654ef59b1a538,3,0,official,principal
6940,0,0,2.4755841474061614e-14,probability_native,2.4755841474061614e-14,u_ed5654ef59b1a538,3,0,official,principal
5350,0,0,2.461172097794525e-11,probability_native,2.461172097794525e-11,u_ed5654ef59b1a538,3,0,official,principal
4011,0,0,1.060712262739713e-13,probability_native,1.060712262739713e-13,u_ed5654ef59b1a538,3,0,official,principal
5666,0,0,0.00048163057193110375,probability_native,0.00048163057193110375,u_ed5654ef59b1a538,3,0,official,principal
182,1,1,0.9947674867917421,probability_native,0.9947674867917421,u_ed5654ef59b1a538,3,0,official,principal
4050,0,1,0.9923760972021356,probability_native,0.9923760972021356,u_ed5654ef59b1a538,3,0,official,principal
463,1,1,0.999692449851784,probability_native,0.999692449851784,u_ed5654ef59b1a538,3,0,official,principal
6215,1,1,0.9999498824559607,probability_native,0.9999498824559607,u_ed5654ef59b1a538,3,0,official,principal
3094,0,0,0.012880058304915483,probability_native,0.012880058304915483,u_ed5654ef59b1a538,3,0,official,principal
3958,1,1,0.9933137739710595,probability_native,0.9933137739710595,u_ed5654ef59b1a538,3,0,official,principal
2331,0,0,1.7779292438197715e-05,probability_native,1.7779292438197715e-05,u_ed5654ef59b1a538,3,0,official,principal
4601,0,1,0.8967435994774597,probability_native,0.8967435994774597,u_ed5654ef59b1a538,3,0,official,principal
6213,0,0,3.986693277089978e-14,probability_native,3.986693277089978e-14,u_ed5654ef59b1a538,3,0,official,principal
4374,0,0,1.2539311914353664e-14,probability_native,1.2539311914353664e-14,u_ed5654ef59b1a538,3,0,official,principal
215,0,0,0.10235883027863889,probability_native,0.10235883027863889,u_ed5654ef59b1a538,3,0,official,principal
6952,1,1,0.9396157484833779,probability_native,0.9396157484833779,u_ed5654ef59b1a538,3,0,official,principal
4075,0,0,0.17539143779621186,probability_native,0.17539143779621186,u_ed5654ef59b1a538,3,0,official,principal
4656,0,1,0.9568371157984297,probability_native,0.9568371157984297,u_ed5654ef59b1a538,3,0,official,principal
4347,0,0,2.5642736497681295e-09,probability_native,2.5642736497681295e-09,u_ed5654ef59b1a538,3,0,official,principal
2230,0,0,1.1373625349629321e-14,probability_native,1.1373625349629321e-14,u_ed5654ef59b1a538,3,0,official,principal
6515,1,0,0.12007681293697588,probability_native,0.12007681293697588,u_ed5654ef59b1a538,3,0,official,principal
1058,1,1,0.9903759639336753,probability_native,0.9903759639336753,u_ed5654ef59b1a538,3,0,official,principal
6997,0,1,0.9957682524597313,probability_native,0.9957682524597313,u_ed5654ef59b1a538,3,0,official,principal
248,1,1,0.6024957069602437,probability_native,0.6024957069602437,u_ed5654ef59b1a538,3,0,official,principal
2084,1,1,0.9553076261966106,probability_native,0.9553076261966106,u_ed5654ef59b1a538,3,0,official,principal
4587,0,0,0.34777271489433326,probability_native,0.34777271489433326,u_ed5654ef59b1a538,3,0,official,principal
6506,1,1,0.999647520385318,probability_native,0.999647520385318,u_ed5654ef59b1a538,3,0,official,principal
5456,1,1,0.9448927291900842,probability_native,0.9448927291900842,u_ed5654ef59b1a538,3,0,official,principal
6310,0,0,0.01744846577264436,probability_native,0.01744846577264436,u_ed5654ef59b1a538,3,0,official,principal
5286,1,1,0.992101578257439,probability_native,0.992101578257439,u_ed5654ef59b1a538,3,0,official,principal
3100,0,0,0.20817435294901906,probability_native,0.20817435294901906,u_ed5654ef59b1a538,3,0,official,principal
3040,1,0,5.48378009072375e-12,probability_native,5.48378009072375e-12,u_ed5654ef59b1a538,3,0,official,principal
2327,0,1,0.9716336732314206,probability_native,0.9716336732314206,u_ed5654ef59b1a538,3,0,official,principal
3146,1,1,0.8315514452459698,probability_native,0.8315514452459698,u_ed5654ef59b1a538,3,0,official,principal
7022,0,0,0.06429858898375061,probability_native,0.06429858898375061,u_ed5654ef59b1a538,3,0,official,principal
2445,0,0,0.18758122443914854,probability_native,0.18758122443914854,u_ed5654ef59b1a538,3,0,official,principal
3886,0,0,0.00651607689825809,probability_native,0.00651607689825809,u_ed5654ef59b1a538,3,0,official,principal
1744,0,0,0.060437625872460425,probability_native,0.060437625872460425,u_ed5654ef59b1a538,3,0,official,principal
6573,0,0,0.00044559898933248644,probability_native,0.00044559898933248644,u_ed5654ef59b1a538,3,0,official,principal
4298,0,1,0.7184802230902936,probability_native,0.7184802230902936,u_ed5654ef59b1a538,3,0,official,principal
1828,0,0,4.501526574126641e-05,probability_native,4.501526574126641e-05,u_ed5654ef59b1a538,3,0,official,principal
3666,1,1,0.797618819791983,probability_native,0.797618819791983,u_ed5654ef59b1a538,3,0,official,principal
6590,1,1,0.9994670905634065,probability_native,0.9994670905634065,u_ed5654ef59b1a538,3,0,official,principal
4195,0,1,0.9200625386168383,probability_native,0.9200625386168383,u_ed5654ef59b1a538,3,0,official,principal
5654,0,0,7.052425138614732e-12,probability_native,7.052425138614732e-12,u_ed5654ef59b1a538,3,0,official,principal
381,1,1,0.6953362050299676,probability_native,0.6953362050299676,u_ed5654ef59b1a538,3,0,official,principal
16,0,0,1.0680494871863977e-06,probability_native,1.0680494871863977e-06,u_ed5654ef59b1a538,3,0,official,principal
3013,0,0,0.08882887467038024,probability_native,0.08882887467038024,u_ed5654ef59b1a538,3,0,official,principal
1769,0,0,0.2804405862163126,probability_native,0.2804405862163126,u_ed5654ef59b1a538,3,0,official,principal
5910,0,1,0.8669383449503457,probability_native,0.8669383449503457,u_ed5654ef59b1a538,3,0,official,principal
3281,0,0,1.0763675048110511e-07,probability_native,1.0763675048110511e-07,u_ed5654ef59b1a538,3,0,official,principal
3445,0,0,0.35418733069602193,probability_native,0.35418733069602193,u_ed5654ef59b1a538,3,0,official,principal
3729,0,0,1.7322752172271358e-14,probability_native,1.7322752172271358e-14,u_ed5654ef59b1a538,3,0,official,principal
5321,0,0,2.6063365778804927e-05,probability_native,2.6063365778804927e-05,u_ed5654ef59b1a538,3,0,official,principal
5939,0,0,0.06204126058031721,probability_native,0.06204126058031721,u_ed5654ef59b1a538,3,0,official,principal
6316,0,0,5.14866904141337e-15,probability_native,5.14866904141337e-15,u_ed5654ef59b1a538,3,0,official,principal
3617,1,1,0.9970914266491704,probability_native,0.9970914266491704,u_ed5654ef59b1a538,3,0,official,principal
3993,0,0,6.011408146205697e-12,probability_native,6.011408146205697e-12,u_ed5654ef59b1a538,3,0,official,principal
5382,0,0,4.870743677486293e-05,probability_native,4.870743677486293e-05,u_ed5654ef59b1a538,3,0,official,principal
4261,0,0,0.0024527296291965255,probability_native,0.0024527296291965255,u_ed5654ef59b1a538,3,0,official,principal
5425,0,1,0.9966954839404544,probability_native,0.9966954839404544,u_ed5654ef59b1a538,3,0,official,principal
1711,0,0,6.668708148195335e-15,probability_native,6.668708148195335e-15,u_ed5654ef59b1a538,3,0,official,principal
6408,1,0,4.3012135567535947e-10,probability_native,4.3012135567535947e-10,u_ed5654ef59b1a538,3,0,official,principal
3054,0,0,0.0015439297882353159,probability_native,0.0015439297882353159,u_ed5654ef59b1a538,3,0,official,principal
3268,0,0,0.003633854400871481,probability_native,0.003633854400871481,u_ed5654ef59b1a538,3,0,official,principal
331,0,0,2.6529746360096742e-05,probability_native,2.6529746360096742e-05,u_ed5654ef59b1a538,3,0,official,principal
6337,0,0,0.000886910378553039,probability_native,0.000886910378553039,u_ed5654ef59b1a538,3,0,official,principal
1898,1,1,0.9998043905012397,probability_native,0.9998043905012397,u_ed5654ef59b1a538,3,0,official,principal
4793,0,0,0.004897956892192096,probability_native,0.004897956892192096,u_ed5654ef59b1a538,3,0,official,principal
4003,0,0,1.5514411072028722e-13,probability_native,1.5514411072028722e-13,u_ed5654ef59b1a538,3,0,official,principal
6833,0,1,0.9697524930450839,probability_native,0.9697524930450839,u_ed5654ef59b1a538,3,0,official,principal
3447,0,0,0.022975733374935654,probability_native,0.022975733374935654,u_ed5654ef59b1a538,3,0,official,principal
841,0,0,5.8566717994960816e-12,probability_native,5.8566717994960816e-12,u_ed5654ef59b1a538,3,0,official,principal
4346,0,0,0.006289612339346013,probability_native,0.006289612339346013,u_ed5654ef59b1a538,3,0,official,principal
28,0,0,4.4357321944109424e-13,probability_native,4.4357321944109424e-13,u_ed5654ef59b1a538,3,0,official,principal
2786,0,0,0.000925883176978883,probability_native,0.000925883176978883,u_ed5654ef59b1a538,3,0,official,principal
307,0,0,1.613093275697666e-10,probability_native,1.613093275697666e-10,u_ed5654ef59b1a538,3,0,official,principal
3042,1,0,0.17915156261656215,probability_native,0.17915156261656215,u_ed5654ef59b1a538,3,0,official,principal
4203,0,0,1.329671667966696e-06,probability_native,1.329671667966696e-06,u_ed5654ef59b1a538,3,0,official,principal
422,0,0,0.0022188720407601537,probability_native,0.0022188720407601537,u_ed5654ef59b1a538,3,0,official,principal
6283,1,1,0.8636320554555523,probability_native,0.8636320554555523,u_ed5654ef59b1a538,3,0,official,principal
2134,0,0,0.0003726852493128528,probability_native,0.0003726852493128528,u_ed5654ef59b1a538,3,0,official,principal
6518,1,1,0.9748110837472406,probability_native,0.9748110837472406,u_ed5654ef59b1a538,3,0,official,principal
4367,0,0,0.002362773160457325,probability_native,0.002362773160457325,u_ed5654ef59b1a538,3,0,official,principal
4053,0,1,0.8747370589287928,probability_native,0.8747370589287928,u_ed5654ef59b1a538,3,0,official,principal
6417,1,1,0.9822042159256258,probability_native,0.9822042159256258,u_ed5654ef59b1a538,3,0,official,principal
734,0,1,0.9654953116762504,probability_native,0.9654953116762504,u_ed5654ef59b1a538,3,0,official,principal
227,1,1,0.7745444566280119,probability_native,0.7745444566280119,u_ed5654ef59b1a538,3,0,official,principal
765,0,1,0.8237065580144944,probability_native,0.8237065580144944,u_ed5654ef59b1a538,3,0,official,principal
5735,0,0,8.785999879791855e-15,probability_native,8.785999879791855e-15,u_ed5654ef59b1a538,3,0,official,principal
2481,0,0,4.4445698009730633e-13,probability_native,4.4445698009730633e-13,u_ed5654ef59b1a538,3,0,official,principal
3996,0,0,3.2194816435579864e-13,probability_native,3.2194816435579864e-13,u_ed5654ef59b1a538,3,0,official,principal
6692,0,0,0.27392587360170595,probability_native,0.27392587360170595,u_ed5654ef59b1a538,3,0,official,principal
5808,0,0,3.9808990796656974e-10,probability_native,3.9808990796656974e-10,u_ed5654ef59b1a538,3,0,official,principal
3688,0,1,0.9577411407246237,probability_native,0.9577411407246237,u_ed5654ef59b1a538,3,0,official,principal
6002,1,1,0.9994252955959515,probability_native,0.9994252955959515,u_ed5654ef59b1a538,3,0,official,principal
2121,0,0,0.000385048739538297,probability_native,0.000385048739538297,u_ed5654ef59b1a538,3,0,official,principal
5129,0,1,0.9941584522710457,probability_native,0.9941584522710457,u_ed5654ef59b1a538,3,0,official,principal
4927,0,0,1.2058645250550144e-13,probability_native,1.2058645250550144e-13,u_ed5654ef59b1a538,3,0,official,principal
4715,0,0,2.9729055995449166e-12,probability_native,2.9729055995449166e-12,u_ed5654ef59b1a538,3,0,official,principal
5764,0,0,5.350591263032964e-09,probability_native,5.350591263032964e-09,u_ed5654ef59b1a538,3,0,official,principal
5348,0,0,0.0005259713775537491,probability_native,0.0005259713775537491,u_ed5654ef59b1a538,3,0,official,principal
2969,0,0,1.334709383343753e-11,probability_native,1.334709383343753e-11,u_ed5654ef59b1a538,3,0,official,principal
5079,0,1,0.9911639823491435,probability_native,0.9911639823491435,u_ed5654ef59b1a538,3,0,official,principal
2512,0,0,0.013307004929164557,probability_native,0.013307004929164557,u_ed5654ef59b1a538,3,0,official,principal
1220,0,1,0.7229187751215068,probability_native,0.7229187751215068,u_ed5654ef59b1a538,3,0,official,principal
3676,0,0,0.024591599393762573,probability_native,0.024591599393762573,u_ed5654ef59b1a538,3,0,official,principal
2801,0,0,0.00011893395079802122,probability_native,0.00011893395079802122,u_ed5654ef59b1a538,3,0,official,principal
6327,0,0,0.43001865918743687,probability_native,0.43001865918743687,u_ed5654ef59b1a538,3,0,official,principal
4376,0,0,0.39931892209766867,probability_native,0.39931892209766867,u_ed5654ef59b1a538,3,0,official,principal
194,0,0,6.989320084406887e-16,probability_native,6.989320084406887e-16,u_ed5654ef59b1a538,3,0,official,principal
2586,0,0,6.368792476555758e-06,probability_native,6.368792476555758e-06,u_ed5654ef59b1a538,3,0,official,principal
5868,0,1,0.8927005341470454,probability_native,0.8927005341470454,u_ed5654ef59b1a538,3,0,official,principal
6510,0,0,1.7352454623015394e-11,probability_native,1.7352454623015394e-11,u_ed5654ef59b1a538,3,0,official,principal
6817,0,0,2.0795926258906005e-15,probability_native,2.0795926258906005e-15,u_ed5654ef59b1a538,3,0,official,principal
606,0,0,2.2072421790088398e-12,probability_native,2.2072421790088398e-12,u_ed5654ef59b1a538,3,0,official,principal
3032,0,0,7.277024942386592e-14,probability_native,7.277024942386592e-14,u_ed5654ef59b1a538,3,0,official,principal
4457,0,0,0.4415151267878837,probability_native,0.4415151267878837,u_ed5654ef59b1a538,3,0,official,principal
4754,0,0,4.2694192555336224e-14,probability_native,4.2694192555336224e-14,u_ed5654ef59b1a538,3,0,official,principal
4278,0,1,0.5661927393957071,probability_native,0.5661927393957071,u_ed5654ef59b1a538,3,0,official,principal
1307,0,0,0.0029843998437421864,probability_native,0.0029843998437421864,u_ed5654ef59b1a538,3,0,official,principal
6857,0,1,0.8387455939724884,probability_native,0.8387455939724884,u_ed5654ef59b1a538,3,0,official,principal
1065,1,1,0.9788495225186679,probability_native,0.9788495225186679,u_ed5654ef59b1a538,3,0,official,principal
6482,1,1,0.9997741693922878,probability_native,0.9997741693922878,u_ed5654ef59b1a538,3,0,official,principal
3518,0,0,0.00035139422075909535,probability_native,0.00035139422075909535,u_ed5654ef59b1a538,3,0,official,principal
5195,0,0,1.2455660076973536e-11,probability_native,1.2455660076973536e-11,u_ed5654ef59b1a538,3,0,official,principal
3692,0,1,0.8522433713015622,probability_native,0.8522433713015622,u_ed5654ef59b1a538,3,0,official,principal
4395,1,0,0.2750374022512343,probability_native,0.2750374022512343,u_ed5654ef59b1a538,3,0,official,principal
6103,0,0,4.0720817185193005e-05,probability_native,4.0720817185193005e-05,u_ed5654ef59b1a538,3,0,official,principal
5138,0,0,7.896054187817639e-09,probability_native,7.896054187817639e-09,u_ed5654ef59b1a538,3,0,official,principal
3479,1,1,0.9048600302223858,probability_native,0.9048600302223858,u_ed5654ef59b1a538,3,0,official,principal
6886,1,1,0.9998500358095218,probability_native,0.9998500358095218,u_ed5654ef59b1a538,3,0,official,principal
3888,1,1,0.9253105029716928,probability_native,0.9253105029716928,u_ed5654ef59b1a538,3,0,official,principal
5911,0,0,0.04844921778251478,probability_native,0.04844921778251478,u_ed5654ef59b1a538,3,0,official,principal
1920,0,0,0.0009589570288707859,probability_native,0.0009589570288707859,u_ed5654ef59b1a538,3,0,official,principal
4155,0,0,3.543280001419552e-12,probability_native,3.543280001419552e-12,u_ed5654ef59b1a538,3,0,official,principal
3718,0,1,0.8638027518119092,probability_native,0.8638027518119092,u_ed5654ef59b1a538,3,0,official,principal
6689,0,0,3.12360625244945e-05,probability_native,3.12360625244945e-05,u_ed5654ef59b1a538,3,0,official,principal
5471,0,1,0.9986062144033101,probability_native,0.9986062144033101,u_ed5654ef59b1a538,3,0,official,principal
2358,0,0,6.092674765728473e-06,probability_native,6.092674765728473e-06,u_ed5654ef59b1a538,3,0,official,principal
6572,0,0,6.637407769371827e-13,probability_native,6.637407769371827e-13,u_ed5654ef59b1a538,3,0,official,principal
870,0,0,2.3230466519669064e-11,probability_native,2.3230466519669064e-11,u_ed5654ef59b1a538,3,0,official,principal
6975,0,0,5.182174257840001e-10,probability_native,5.182174257840001e-10,u_ed5654ef59b1a538,3,0,official,principal
6793,0,0,6.124032020793336e-13,probability_native,6.124032020793336e-13,u_ed5654ef59b1a538,3,0,official,principal
294,0,0,0.0002616214734284906,probability_native,0.0002616214734284906,u_ed5654ef59b1a538,3,0,official,principal
253,0,0,0.0005744600354343511,probability_native,0.0005744600354343511,u_ed5654ef59b1a538,3,0,official,principal
5226,0,0,0.0018391299333758457,probability_native,0.0018391299333758457,u_ed5654ef59b1a538,3,0,official,principal
6876,0,0,0.007004187176398796,probability_native,0.007004187176398796,u_ed5654ef59b1a538,3,0,official,principal
5582,0,0,2.428516633083094e-14,probability_native,2.428516633083094e-14,u_ed5654ef59b1a538,3,0,official,principal
6141,1,1,0.9722604719408456,probability_native,0.9722604719408456,u_ed5654ef59b1a538,3,0,official,principal
3634,0,0,3.0944173757620995e-11,probability_native,3.0944173757620995e-11,u_ed5654ef59b1a538,3,0,official,principal
6929,0,0,6.206937446156954e-06,probability_native,6.206937446156954e-06,u_ed5654ef59b1a538,3,0,official,principal
6792,1,0,1.8192017847603073e-05,probability_native,1.8192017847603073e-05,u_ed5654ef59b1a538,3,0,official,principal
1125,1,1,0.998504982801376,probability_native,0.998504982801376,u_ed5654ef59b1a538,3,0,official,principal
4309,0,1,0.9912095034765962,probability_native,0.9912095034765962,u_ed5654ef59b1a538,3,0,official,principal
4263,0,0,3.5127100824297875e-13,probability_native,3.5127100824297875e-13,u_ed5654ef59b1a538,3,0,official,principal
3205,0,0,1.0621989372985646e-12,probability_native,1.0621989372985646e-12,u_ed5654ef59b1a538,3,0,official,principal
2123,0,1,0.997707467949888,probability_native,0.997707467949888,u_ed5654ef59b1a538,3,0,official,principal
4064,0,1,0.8756741404573128,probability_native,0.8756741404573128,u_ed5654ef59b1a538,3,0,official,principal
5438,1,1,0.9976663580915788,probability_native,0.9976663580915788,u_ed5654ef59b1a538,3,0,official,principal
3052,0,0,0.21579439695535477,probability_native,0.21579439695535477,u_ed5654ef59b1a538,3,0,official,principal
1684,0,0,0.17582100941212514,probability_native,0.17582100941212514,u_ed5654ef59b1a538,3,0,official,principal
1620,0,0,0.03617223686870917,probability_native,0.03617223686870917,u_ed5654ef59b1a538,3,0,official,principal
6379,1,1,0.9958495298328857,probability_native,0.9958495298328857,u_ed5654ef59b1a538,3,0,official,principal
3659,0,0,3.1110269769837964e-05,probability_native,3.1110269769837964e-05,u_ed5654ef59b1a538,3,0,official,principal
3872,0,1,0.9539949385589428,probability_native,0.9539949385589428,u_ed5654ef59b1a538,3,0,official,principal
2613,1,1,0.9916153281804767,probability_native,0.9916153281804767,u_ed5654ef59b1a538,3,0,official,principal
885,0,0,0.0012153974309262025,probability_native,0.0012153974309262025,u_ed5654ef59b1a538,3,0,official,principal
6706,0,0,0.0003642685186143922,probability_native,0.0003642685186143922,u_ed5654ef59b1a538,3,0,official,principal
3839,0,0,2.6241219245368668e-05,probability_native,2.6241219245368668e-05,u_ed5654ef59b1a538,3,0,official,principal
2906,0,0,0.1910845804829764,probability_native,0.1910845804829764,u_ed5654ef59b1a538,3,0,official,principal
2635,0,0,4.865247655144925e-14,probability_native,4.865247655144925e-14,u_ed5654ef59b1a538,3,0,official,principal
2557,0,1,0.7389489372086657,probability_native,0.7389489372086657,u_ed5654ef59b1a538,3,0,official,principal
4130,0,1,0.6957546344609732,probability_native,0.6957546344609732,u_ed5654ef59b1a538,3,0,official,principal
1360,1,1,0.9999605775847998,probability_native,0.9999605775847998,u_ed5654ef59b1a538,3,0,official,principal
911,0,1,0.9742735603315383,probability_native,0.9742735603315383,u_ed5654ef59b1a538,3,0,official,principal
1309,1,1,0.9995741764813247,probability_native,0.9995741764813247,u_ed5654ef59b1a538,3,0,official,principal
3180,0,0,0.000373660765622677,probability_native,0.000373660765622677,u_ed5654ef59b1a538,3,0,official,principal
4447,0,0,0.08522549575624722,probability_native,0.08522549575624722,u_ed5654ef59b1a538,3,0,official,principal
6183,0,0,0.022108340940858694,probability_native,0.022108340940858694,u_ed5654ef59b1a538,3,0,official,principal
1701,1,0,0.00031280781550630557,probability_native,0.00031280781550630557,u_ed5654ef59b1a538,3,0,official,principal
2614,1,0,1.774473436810916e-05,probability_native,1.774473436810916e-05,u_ed5654ef59b1a538,3,0,official,principal
1531,0,0,0.0009937293811191677,probability_native,0.0009937293811191677,u_ed5654ef59b1a538,3,0,official,principal
5116,1,1,0.9982409480838252,probability_native,0.9982409480838252,u_ed5654ef59b1a538,3,0,official,principal
1561,1,1,0.9995904190619526,probability_native,0.9995904190619526,u_ed5654ef59b1a538,3,0,official,principal
2595,0,0,1.21146690725536e-10,probability_native,1.21146690725536e-10,u_ed5654ef59b1a538,3,0,official,principal
2683,1,1,0.9603685121060723,probability_native,0.9603685121060723,u_ed5654ef59b1a538,3,0,official,principal
5141,0,0,0.0009524207463856091,probability_native,0.0009524207463856091,u_ed5654ef59b1a538,3,0,official,principal
2016,1,1,0.9989665937358287,probability_native,0.9989665937358287,u_ed5654ef59b1a538,3,0,official,principal
5058,0,0,0.36017356389927746,probability_native,0.36017356389927746,u_ed5654ef59b1a538,3,0,official,principal
1767,0,0,4.83023305674419e-13,probability_native,4.83023305674419e-13,u_ed5654ef59b1a538,3,0,official,principal
103,0,0,0.008103247505691559,probability_native,0.008103247505691559,u_ed5654ef59b1a538,3,0,official,principal
616,0,0,0.21719757911400048,probability_native,0.21719757911400048,u_ed5654ef59b1a538,3,0,official,principal
1931,0,0,0.020087696292968218,probability_native,0.020087696292968218,u_ed5654ef59b1a538,3,0,official,principal
5869,0,0,0.09447785270066257,probability_native,0.09447785270066257,u_ed5654ef59b1a538,3,0,official,principal
4553,0,0,4.6577145138947535e-12,probability_native,4.6577145138947535e-12,u_ed5654ef59b1a538,3,0,official,principal
4517,1,1,0.999897855180864,probability_native,0.999897855180864,u_ed5654ef59b1a538,3,0,official,principal
5913,0,0,0.006409892290299529,probability_native,0.006409892290299529,u_ed5654ef59b1a538,3,0,official,principal
5383,1,1,0.998572323661308,probability_native,0.998572323661308,u_ed5654ef59b1a538,3,0,official,principal
789,0,0,3.3254094132729285e-12,probability_native,3.3254094132729285e-12,u_ed5654ef59b1a538,3,0,official,principal
6545,1,1,0.9843421082083954,probability_native,0.9843421082083954,u_ed5654ef59b1a538,3,0,official,principal
6666,0,1,0.9731795694113299,probability_native,0.9731795694113299,u_ed5654ef59b1a538,3,0,official,principal
1732,0,0,0.13249739245698192,probability_native,0.13249739245698192,u_ed5654ef59b1a538,3,0,official,principal
6496,1,1,0.9863230665858742,probability_native,0.9863230665858742,u_ed5654ef59b1a538,3,0,official,principal
1719,0,1,0.9978532236654268,probability_native,0.9978532236654268,u_ed5654ef59b1a538,3,0,official,principal
4806,0,0,9.818558195512425e-07,probability_native,9.818558195512425e-07,u_ed5654ef59b1a538,3,0,official,principal
3422,0,0,3.4049729241687215e-11,probability_native,3.4049729241687215e-11,u_ed5654ef59b1a538,3,0,official,principal
909,0,0,6.357124737145759e-10,probability_native,6.357124737145759e-10,u_ed5654ef59b1a538,3,0,official,principal
5056,0,0,5.912807612353245e-14,probability_native,5.912807612353245e-14,u_ed5654ef59b1a538,3,0,official,principal
3592,1,1,0.9922986666453012,probability_native,0.9922986666453012,u_ed5654ef59b1a538,3,0,official,principal
6555,0,0,6.904151255820154e-06,probability_native,6.904151255820154e-06,u_ed5654ef59b1a538,3,0,official,principal
2551,0,0,0.0006890349721354829,probability_native,0.0006890349721354829,u_ed5654ef59b1a538,3,0,official,principal
4922,0,0,0.02271906605076979,probability_native,0.02271906605076979,u_ed5654ef59b1a538,3,0,official,principal
5969,0,1,0.8104014515824564,probability_native,0.8104014515824564,u_ed5654ef59b1a538,3,0,official,principal
3561,1,1,0.9955034731379714,probability_native,0.9955034731379714,u_ed5654ef59b1a538,3,0,official,principal
3613,0,0,0.2798432129467805,probability_native,0.2798432129467805,u_ed5654ef59b1a538,3,0,official,principal
2474,0,1,0.9906740028950086,probability_native,0.9906740028950086,u_ed5654ef59b1a538,3,0,official,principal
5206,0,0,7.969700337314034e-11,probability_native,7.969700337314034e-11,u_ed5654ef59b1a538,3,0,official,principal
6594,0,0,0.013018804868485627,probability_native,0.013018804868485627,u_ed5654ef59b1a538,3,0,official,principal
2000,0,1,0.9634106390752497,probability_native,0.9634106390752497,u_ed5654ef59b1a538,3,0,official,principal
2113,0,0,0.0038730091639268783,probability_native,0.0038730091639268783,u_ed5654ef59b1a538,3,0,official,principal
6195,1,1,0.9976006430910772,probability_native,0.9976006430910772,u_ed5654ef59b1a538,3,0,official,principal
1396,1,0,0.00748591191666933,probability_native,0.00748591191666933,u_ed5654ef59b1a538,3,0,official,principal
751,0,0,6.264443814182384e-13,probability_native,6.264443814182384e-13,u_ed5654ef59b1a538,3,0,official,principal
4479,0,0,9.165682215708323e-13,probability_native,9.165682215708323e-13,u_ed5654ef59b1a538,3,0,official,principal
3577,1,0,0.025081449930321294,probability_native,0.025081449930321294,u_ed5654ef59b1a538,3,0,official,principal
430,1,0,6.73407268804047e-06,probability_native,6.73407268804047e-06,u_ed5654ef59b1a538,3,0,official,principal
2360,0,0,5.757603865578907e-16,probability_native,5.757603865578907e-16,u_ed5654ef59b1a538,3,0,official,principal
5273,0,0,4.631792175132992e-15,probability_native,4.631792175132992e-15,u_ed5654ef59b1a538,3,0,official,principal
6520,1,1,0.9995940878098869,probability_native,0.9995940878098869,u_ed5654ef59b1a538,3,0,official,principal
3556,0,0,8.55497846364938e-07,probability_native,8.55497846364938e-07,u_ed5654ef59b1a538,3,0,official,principal
916,0,1,0.9928925975729535,probability_native,0.9928925975729535,u_ed5654ef59b1a538,3,0,official,principal
1052,0,0,0.04303923482487113,probability_native,0.04303923482487113,u_ed5654ef59b1a538,3,0,official,principal
3137,0,0,0.019650884682491297,probability_native,0.019650884682491297,u_ed5654ef59b1a538,3,0,official,principal
6691,0,0,0.0005857785102299495,probability_native,0.0005857785102299495,u_ed5654ef59b1a538,3,0,official,principal
4135,0,0,5.727984507585298e-12,probability_native,5.727984507585298e-12,u_ed5654ef59b1a538,3,0,official,principal
35,0,0,1.0324835167158517e-12,probability_native,1.0324835167158517e-12,u_ed5654ef59b1a538,3,0,official,principal
636,0,0,1.681919426986146e-08,probability_native,1.681919426986146e-08,u_ed5654ef59b1a538,3,0,official,principal
3595,1,1,0.999368422772652,probability_native,0.999368422772652,u_ed5654ef59b1a538,3,0,official,principal
48,0,0,2.9723823485341257e-11,probability_native,2.9723823485341257e-11,u_ed5654ef59b1a538,3,0,official,principal
3475,0,0,8.378634037629125e-07,probability_native,8.378634037629125e-07,u_ed5654ef59b1a538,3,0,official,principal
6636,0,0,0.033815366670806674,probability_native,0.033815366670806674,u_ed5654ef59b1a538,3,0,official,principal
5304,0,1,0.9952747501324944,probability_native,0.9952747501324944,u_ed5654ef59b1a538,3,0,official,principal
4827,1,1,0.9977327942667048,probability_native,0.9977327942667048,u_ed5654ef59b1a538,3,0,official,principal
5816,0,1,0.9692934378118392,probability_native,0.9692934378118392,u_ed5654ef59b1a538,3,0,official,principal
4918,0,0,1.3173807790728502e-15,probability_native,1.3173807790728502e-15,u_ed5654ef59b1a538,3,0,official,principal
2403,0,0,0.00011951213712057011,probability_native,0.00011951213712057011,u_ed5654ef59b1a538,3,0,official,principal
4074,1,1,0.9933597952667054,probability_native,0.9933597952667054,u_ed5654ef59b1a538,3,0,official,principal
1636,0,0,5.726506932374104e-06,probability_native,5.726506932374104e-06,u_ed5654ef59b1a538,3,0,official,principal
3250,0,0,1.1426344324765439e-05,probability_native,1.1426344324765439e-05,u_ed5654ef59b1a538,3,0,official,principal
4445,0,0,9.611949975382452e-12,probability_native,9.611949975382452e-12,u_ed5654ef59b1a538,3,0,official,principal
1522,1,1,0.6519716796991356,probability_native,0.6519716796991356,u_ed5654ef59b1a538,3,0,official,principal
6266,1,1,0.9535259865165931,probability_native,0.9535259865165931,u_ed5654ef59b1a538,3,0,official,principal
901,1,1,0.9300499614683562,probability_native,0.9300499614683562,u_ed5654ef59b1a538,3,0,official,principal
1872,0,0,3.4824513067825786e-14,probability_native,3.4824513067825786e-14,u_ed5654ef59b1a538,3,0,official,principal
6751,0,0,6.363085363695726e-14,probability_native,6.363085363695726e-14,u_ed5654ef59b1a538,3,0,official,principal
1450,0,0,0.0001023422108019925,probability_native,0.0001023422108019925,u_ed5654ef59b1a538,3,0,official,principal
3643,0,0,7.85939968962747e-08,probability_native,7.85939968962747e-08,u_ed5654ef59b1a538,3,0,official,principal
6646,0,0,1.1362616056709e-07,probability_native,1.1362616056709e-07,u_ed5654ef59b1a538,3,0,official,principal
1095,0,1,0.999707349819016,probability_native,0.999707349819016,u_ed5654ef59b1a538,3,0,official,principal
4566,0,0,0.024848257293774722,probability_native,0.024848257293774722,u_ed5654ef59b1a538,3,0,official,principal
6106,1,1,0.6085972400367339,probability_native,0.6085972400367339,u_ed5654ef59b1a538,3,0,official,principal
1936,0,0,0.0008919439858580827,probability_native,0.0008919439858580827,u_ed5654ef59b1a538,3,0,official,principal
446,1,1,0.9751770148037775,probability_native,0.9751770148037775,u_ed5654ef59b1a538,3,0,official,principal
808,1,1,0.994188385201415,probability_native,0.994188385201415,u_ed5654ef59b1a538,3,0,official,principal
575,0,0,1.795208324385978e-11,probability_native,1.795208324385978e-11,u_ed5654ef59b1a538,3,0,official,principal
2347,0,0,1.5644694143330246e-06,probability_native,1.5644694143330246e-06,u_ed5654ef59b1a538,3,0,official,principal
1817,0,0,1.7532939635196387e-09,probability_native,1.7532939635196387e-09,u_ed5654ef59b1a538,3,0,official,principal
5481,1,1,0.9999290688568427,probability_native,0.9999290688568427,u_ed5654ef59b1a538,3,0,official,principal
5726,0,0,9.374059372314188e-14,probability_native,9.374059372314188e-14,u_ed5654ef59b1a538,3,0,official,principal
2739,0,0,0.006093659374823255,probability_native,0.006093659374823255,u_ed5654ef59b1a538,3,0,official,principal
7005,0,0,4.625641986008227e-07,probability_native,4.625641986008227e-07,u_ed5654ef59b1a538,3,0,official,principal
3338,1,1,0.9976258941966422,probability_native,0.9976258941966422,u_ed5654ef59b1a538,3,0,official,principal
2495,0,0,7.793485345922555e-07,probability_native,7.793485345922555e-07,u_ed5654ef59b1a538,3,0,official,principal
3082,0,0,6.761784908603217e-05,probability_native,6.761784908603217e-05,u_ed5654ef59b1a538,3,0,official,principal
3655,0,0,0.00016833109608949834,probability_native,0.00016833109608949834,u_ed5654ef59b1a538,3,0,official,principal
6200,0,0,7.144725871122194e-16,probability_native,7.144725871122194e-16,u_ed5654ef59b1a538,3,0,official,principal
4122,0,0,6.570875644672996e-06,probability_native,6.570875644672996e-06,u_ed5654ef59b1a538,3,0,official,principal
3980,1,1,0.9984859623620144,probability_native,0.9984859623620144,u_ed5654ef59b1a538,3,0,official,principal
4503,1,1,0.9953493572355078,probability_native,0.9953493572355078,u_ed5654ef59b1a538,3,0,official,principal
1934,1,1,0.9947896090535362,probability_native,0.9947896090535362,u_ed5654ef59b1a538,3,0,official,principal
4956,1,1,0.99580151400656,probability_native,0.99580151400656,u_ed5654ef59b1a538,3,0,official,principal
3125,0,0,0.00032908101029977926,probability_native,0.00032908101029977926,u_ed5654ef59b1a538,3,0,official,principal
4941,1,0,0.0011238622629694051,probability_native,0.0011238622629694051,u_ed5654ef59b1a538,3,0,official,principal
1814,0,0,5.1654098615807504e-14,probability_native,5.1654098615807504e-14,u_ed5654ef59b1a538,3,0,official,principal
5384,0,1,0.885886259834829,probability_native,0.885886259834829,u_ed5654ef59b1a538,3,0,official,principal
4107,0,0,6.250499296749855e-12,probability_native,6.250499296749855e-12,u_ed5654ef59b1a538,3,0,official,principal
1407,0,0,9.540871018011981e-11,probability_native,9.540871018011981e-11,u_ed5654ef59b1a538,3,0,official,principal
938,0,0,0.000229347648980945,probability_native,0.000229347648980945,u_ed5654ef59b1a538,3,0,official,principal
2032,1,1,0.9980645565492322,probability_native,0.9980645565492322,u_ed5654ef59b1a538,3,0,official,principal
4174,1,0,0.007509783473553057,probability_native,0.007509783473553057,u_ed5654ef59b1a538,3,0,official,principal
2732,0,0,1.4935977894737512e-05,probability_native,1.4935977894737512e-05,u_ed5654ef59b1a538,3,0,official,principal
3481,0,1,0.9840286786503857,probability_native,0.9840286786503857,u_ed5654ef59b1a538,3,0,official,principal
6911,0,0,3.93993519494939e-14,probability_native,3.93993519494939e-14,u_ed5654ef59b1a538,3,0,official,principal
2496,0,0,7.194384355383278e-14,probability_native,7.194384355383278e-14,u_ed5654ef59b1a538,3,0,official,principal
5941,0,0,0.2890731089890458,probability_native,0.2890731089890458,u_ed5654ef59b1a538,3,0,official,principal
2842,0,0,0.08594593066266787,probability_native,0.08594593066266787,u_ed5654ef59b1a538,3,0,official,principal
124,0,0,3.124055014428485e-05,probability_native,3.124055014428485e-05,u_ed5654ef59b1a538,3,0,official,principal
1866,0,0,0.00035080032976712297,probability_native,0.00035080032976712297,u_ed5654ef59b1a538,3,0,official,principal
1208,1,1,0.9997040680664641,probability_native,0.9997040680664641,u_ed5654ef59b1a538,3,0,official,principal
6795,0,0,0.41578616085675313,probability_native,0.41578616085675313,u_ed5654ef59b1a538,3,0,official,principal
3610,1,1,0.9982905278249907,probability_native,0.9982905278249907,u_ed5654ef59b1a538,3,0,official,principal
339,1,1,0.8541693748010117,probability_native,0.8541693748010117,u_ed5654ef59b1a538,3,0,official,principal
6863,0,0,0.0022078728323795507,probability_native,0.0022078728323795507,u_ed5654ef59b1a538,3,0,official,principal
1449,0,0,0.004549836575212756,probability_native,0.004549836575212756,u_ed5654ef59b1a538,3,0,official,principal
3963,0,0,3.327987148922415e-15,probability_native,3.327987148922415e-15,u_ed5654ef59b1a538,3,0,official,principal
214,0,1,0.9993854972141035,probability_native,0.9993854972141035,u_ed5654ef59b1a538,3,0,official,principal
1090,0,0,0.009673901135212217,probability_native,0.009673901135212217,u_ed5654ef59b1a538,3,0,official,principal
2494,1,1,0.6588544255429398,probability_native,0.6588544255429398,u_ed5654ef59b1a538,3,0,official,principal
5018,0,0,2.31531766414746e-16,probability_native,2.31531766414746e-16,u_ed5654ef59b1a538,3,0,official,principal
5875,0,0,2.152303835185992e-11,probability_native,2.152303835185992e-11,u_ed5654ef59b1a538,3,0,official,principal
2185,1,0,0.34023042547975835,probability_native,0.34023042547975835,u_ed5654ef59b1a538,3,0,official,principal
4520,1,0,0.00010044565449097816,probability_native,0.00010044565449097816,u_ed5654ef59b1a538,3,0,official,principal
6368,1,1,0.999972638135738,probability_native,0.999972638135738,u_ed5654ef59b1a538,3,0,official,principal
2895,0,0,1.1100120726376741e-05,probability_native,1.1100120726376741e-05,u_ed5654ef59b1a538,3,0,official,principal
729,0,0,1.6082782106956138e-11,probability_native,1.6082782106956138e-11,u_ed5654ef59b1a538,3,0,official,principal
6791,1,1,0.9802093429460969,probability_native,0.9802093429460969,u_ed5654ef59b1a538,3,0,official,principal
1771,1,1,0.9999547604854103,probability_native,0.9999547604854103,u_ed5654ef59b1a538,3,0,official,principal
4797,0,0,7.62616785957724e-14,probability_native,7.62616785957724e-14,u_ed5654ef59b1a538,3,0,official,principal
6877,1,1,0.9903365511557758,probability_native,0.9903365511557758,u_ed5654ef59b1a538,3,0,official,principal
1717,0,0,1.1452079282664601e-15,probability_native,1.1452079282664601e-15,u_ed5654ef59b1a538,3,0,official,principal
2008,1,1,0.8672525593769209,probability_native,0.8672525593769209,u_ed5654ef59b1a538,3,0,official,principal
6096,0,1,0.9999090239148132,probability_native,0.9999090239148132,u_ed5654ef59b1a538,3,0,official,principal
1103,0,0,0.03527287030700596,probability_native,0.03527287030700596,u_ed5654ef59b1a538,3,0,official,principal
6830,0,0,5.974338224909907e-13,probability_native,5.974338224909907e-13,u_ed5654ef59b1a538,3,0,official,principal
1713,0,0,0.0752412227732123,probability_native,0.0752412227732123,u_ed5654ef59b1a538,3,0,official,principal
3854,0,0,0.1973904212380859,probability_native,0.1973904212380859,u_ed5654ef59b1a538,3,0,official,principal
2228,0,0,1.0365360029295215e-09,probability_native,1.0365360029295215e-09,u_ed5654ef59b1a538,3,0,official,principal
137,0,0,2.7797311748355064e-15,probability_native,2.7797311748355064e-15,u_ed5654ef59b1a538,3,0,official,principal
2548,0,1,0.991420088580935,probability_native,0.991420088580935,u_ed5654ef59b1a538,3,0,official,principal
5872,1,1,0.9973336901615085,probability_native,0.9973336901615085,u_ed5654ef59b1a538,3,0,official,principal
370,0,0,3.691602030378383e-07,probability_native,3.691602030378383e-07,u_ed5654ef59b1a538,3,0,official,principal
3347,0,0,3.4656744029034183e-14,probability_native,3.4656744029034183e-14,u_ed5654ef59b1a538,3,0,official,principal
2985,0,0,1.0479411439968268e-09,probability_native,1.0479411439968268e-09,u_ed5654ef59b1a538,3,0,official,principal
5312,1,0,0.462789329248607,probability_native,0.462789329248607,u_ed5654ef59b1a538,3,0,official,principal
5579,1,0,1.025677444094112e-12,probability_native,1.025677444094112e-12,u_ed5654ef59b1a538,3,0,official,principal
2617,1,0,0.00116016462129809,probability_native,0.00116016462129809,u_ed5654ef59b1a538,3,0,official,principal
4905,0,0,1.4379652871037647e-14,probability_native,1.4379652871037647e-14,u_ed5654ef59b1a538,3,0,official,principal
4431,0,1,0.9990265779088601,probability_native,0.9990265779088601,u_ed5654ef59b1a538,3,0,official,principal
3301,1,1,0.9999072632291189,probability_native,0.9999072632291189,u_ed5654ef59b1a538,3,0,official,principal
1246,0,1,0.7230375250995098,probability_native,0.7230375250995098,u_ed5654ef59b1a538,3,0,official,principal
5862,0,1,0.984133324327581,probability_native,0.984133324327581,u_ed5654ef59b1a538,3,0,official,principal
2353,0,1,0.999694377626625,probability_native,0.999694377626625,u_ed5654ef59b1a538,3,0,official,principal
5698,1,1,0.9734287726387303,probability_native,0.9734287726387303,u_ed5654ef59b1a538,3,0,official,principal
5474,0,1,0.9997614759014221,probability_native,0.9997614759014221,u_ed5654ef59b1a538,3,0,official,principal
773,1,1,0.9233931682826287,probability_native,0.9233931682826287,u_ed5654ef59b1a538,3,0,official,principal
2535,0,0,4.4307464268555433e-11,probability_native,4.4307464268555433e-11,u_ed5654ef59b1a538,3,0,official,principal
5890,0,0,2.4513486054986436e-12,probability_native,2.4513486054986436e-12,u_ed5654ef59b1a538,3,0,official,principal
4999,0,0,4.040246750812345e-14,probability_native,4.040246750812345e-14,u_ed5654ef59b1a538,3,0,official,principal
6710,0,0,0.00014592093656759804,probability_native,0.00014592093656759804,u_ed5654ef59b1a538,3,0,official,principal
4811,1,1,0.9047173802488998,probability_native,0.9047173802488998,u_ed5654ef59b1a538,3,0,official,principal
3063,0,1,0.9981202775865545,probability_native,0.9981202775865545,u_ed5654ef59b1a538,3,0,official,principal
4561,0,1,0.8101766018673849,probability_native,0.8101766018673849,u_ed5654ef59b1a538,3,0,official,principal
1650,1,1,0.9890114528368863,probability_native,0.9890114528368863,u_ed5654ef59b1a538,3,0,official,principal
323,0,0,0.001005226183541222,probability_native,0.001005226183541222,u_ed5654ef59b1a538,3,0,official,principal
2339,1,1,0.9999411574611882,probability_native,0.9999411574611882,u_ed5654ef59b1a538,3,0,official,principal
6664,0,1,0.6039163708100613,probability_native,0.6039163708100613,u_ed5654ef59b1a538,3,0,official,principal
1197,0,0,8.310319734420434e-05,probability_native,8.310319734420434e-05,u_ed5654ef59b1a538,3,0,official,principal
6288,0,1,0.9993224809423707,probability_native,0.9993224809423707,u_ed5654ef59b1a538,3,0,official,principal
3786,0,1,0.9431004668331143,probability_native,0.9431004668331143,u_ed5654ef59b1a538,3,0,official,principal
2013,0,0,1.252574200632752e-07,probability_native,1.252574200632752e-07,u_ed5654ef59b1a538,3,0,official,principal
1922,0,1,0.8534984735311212,probability_native,0.8534984735311212,u_ed5654ef59b1a538,3,0,official,principal
134,1,1,0.9695381036368703,probability_native,0.9695381036368703,u_ed5654ef59b1a538,3,0,official,principal
3772,1,1,0.9973986393719603,probability_native,0.9973986393719603,u_ed5654ef59b1a538,3,0,official,principal
6789,1,0,0.0012255982312087967,probability_native,0.0012255982312087967,u_ed5654ef59b1a538,3,0,official,principal
224,0,0,5.7131564547229364e-05,probability_native,5.7131564547229364e-05,u_ed5654ef59b1a538,3,0,official,principal
2766,0,0,0.0019528099450369105,probability_native,0.0019528099450369105,u_ed5654ef59b1a538,3,0,official,principal
2442,1,1,0.9999512905912412,probability_native,0.9999512905912412,u_ed5654ef59b1a538,3,0,official,principal
594,0,1,0.7381169769513767,probability_native,0.7381169769513767,u_ed5654ef59b1a538,3,0,official,principal
5532,0,0,4.447522529709715e-14,probability_native,4.447522529709715e-14,u_ed5654ef59b1a538,3,0,official,principal
6162,0,0,4.3332483523427217e-10,probability_native,4.3332483523427217e-10,u_ed5654ef59b1a538,3,0,official,principal
5409,1,1,0.9998175343039543,probability_native,0.9998175343039543,u_ed5654ef59b1a538,3,0,official,principal
1452,0,0,0.1919240061622643,probability_native,0.1919240061622643,u_ed5654ef59b1a538,3,0,official,principal
2588,0,1,0.9059816505123219,probability_native,0.9059816505123219,u_ed5654ef59b1a538,3,0,official,principal
1029,1,1,0.8346659007298579,probability_native,0.8346659007298579,u_ed5654ef59b1a538,3,0,official,principal
2685,0,0,1.4921703397201525e-11,probability_native,1.4921703397201525e-11,u_ed5654ef59b1a538,3,0,official,principal
4375,0,0,0.000646580096280785,probability_native,0.000646580096280785,u_ed5654ef59b1a538,3,0,official,principal
2615,0,0,1.0448577912690382e-11,probability_native,1.0448577912690382e-11,u_ed5654ef59b1a538,3,0,official,principal
283,0,0,0.011294658544465054,probability_native,0.011294658544465054,u_ed5654ef59b1a538,3,0,official,principal
6683,0,0,0.03141176461039467,probability_native,0.03141176461039467,u_ed5654ef59b1a538,3,0,official,principal
794,0,0,0.4767569578810102,probability_native,0.4767569578810102,u_ed5654ef59b1a538,3,0,official,principal
3288,0,0,5.13384799729368e-14,probability_native,5.13384799729368e-14,u_ed5654ef59b1a538,3,0,official,principal
1436,1,1,0.9996831130573236,probability_native,0.9996831130573236,u_ed5654ef59b1a538,3,0,official,principal
5065,0,0,0.00030109912330177145,probability_native,0.00030109912330177145,u_ed5654ef59b1a538,3,0,official,principal
1674,0,0,6.348887936790627e-14,probability_native,6.348887936790627e-14,u_ed5654ef59b1a538,3,0,official,principal
5050,1,0,1.572492293509163e-11,probability_native,1.572492293509163e-11,u_ed5654ef59b1a538,3,0,official,principal
7020,0,0,0.0013250758828414868,probability_native,0.0013250758828414868,u_ed5654ef59b1a538,3,0,official,principal
2596,0,0,0.0039124198777794675,probability_native,0.0039124198777794675,u_ed5654ef59b1a538,3,0,official,principal
1244,1,0,0.0006374498570124427,probability_native,0.0006374498570124427,u_ed5654ef59b1a538,3,0,official,principal
772,1,0,0.0003642685186143922,probability_native,0.0003642685186143922,u_ed5654ef59b1a538,3,0,official,principal
2340,0,0,1.9213986291653184e-05,probability_native,1.9213986291653184e-05,u_ed5654ef59b1a538,3,0,official,principal
1626,0,0,0.2250297866418841,probability_native,0.2250297866418841,u_ed5654ef59b1a538,3,0,official,principal
3629,0,0,2.392936583364377e-13,probability_native,2.392936583364377e-13,u_ed5654ef59b1a538,3,0,official,principal
6824,1,1,0.511469049036572,probability_native,0.511469049036572,u_ed5654ef59b1a538,3,0,official,principal
7007,0,0,5.1103513869738275e-11,probability_native,5.1103513869738275e-11,u_ed5654ef59b1a538,3,0,official,principal
6479,1,1,0.7925059275496157,probability_native,0.7925059275496157,u_ed5654ef59b1a538,3,0,official,principal
1740,0,0,7.427268294298374e-05,probability_native,7.427268294298374e-05,u_ed5654ef59b1a538,3,0,official,principal
3363,0,0,2.892844008415777e-10,probability_native,2.892844008415777e-10,u_ed5654ef59b1a538,3,0,official,principal
6994,0,0,2.673386669676584e-06,probability_native,2.673386669676584e-06,u_ed5654ef59b1a538,3,0,official,principal
770,0,0,0.00018401592578589106,probability_native,0.00018401592578589106,u_ed5654ef59b1a538,3,0,official,principal
1991,0,0,0.00043488868296755304,probability_native,0.00043488868296755304,u_ed5654ef59b1a538,3,0,official,principal
4598,0,0,0.3137391677804281,probability_native,0.3137391677804281,u_ed5654ef59b1a538,3,0,official,principal
6999,1,0,0.26645119519433774,probability_native,0.26645119519433774,u_ed5654ef59b1a538,3,0,official,principal
4864,0,0,0.0009823228076735091,probability_native,0.0009823228076735091,u_ed5654ef59b1a538,3,0,official,principal
3127,1,1,0.9094961579448888,probability_native,0.9094961579448888,u_ed5654ef59b1a538,3,0,official,principal
6468,0,0,0.2668359837587341,probability_native,0.2668359837587341,u_ed5654ef59b1a538,3,0,official,principal
3559,0,0,4.173815858910726e-14,probability_native,4.173815858910726e-14,u_ed5654ef59b1a538,3,0,official,principal
6063,0,0,5.2311828341955585e-15,probability_native,5.2311828341955585e-15,u_ed5654ef59b1a538,3,0,official,principal
5791,0,1,0.8694141375077367,probability_native,0.8694141375077367,u_ed5654ef59b1a538,3,0,official,principal
6752,0,0,1.1357030425634787e-10,probability_native,1.1357030425634787e-10,u_ed5654ef59b1a538,3,0,official,principal
4103,0,0,1.4716143353201002e-11,probability_native,1.4716143353201002e-11,u_ed5654ef59b1a538,3,0,official,principal
6639,0,0,0.006970842150318169,probability_native,0.006970842150318169,u_ed5654ef59b1a538,3,0,official,principal
3650,0,0,4.663186386736084e-13,probability_native,4.663186386736084e-13,u_ed5654ef59b1a538,3,0,official,principal
955,1,0,0.19060619087817704,probability_native,0.19060619087817704,u_ed5654ef59b1a538,3,0,official,principal
4088,1,1,0.9984087495697357,probability_native,0.9984087495697357,u_ed5654ef59b1a538,3,0,official,principal
1133,0,0,8.705945578786574e-05,probability_native,8.705945578786574e-05,u_ed5654ef59b1a538,3,0,official,principal
3084,0,0,2.480596597908542e-05,probability_native,2.480596597908542e-05,u_ed5654ef59b1a538,3,0,official,principal
1310,1,1,0.9982465876911176,probability_native,0.9982465876911176,u_ed5654ef59b1a538,3,0,official,principal
2908,1,1,0.9957462871790934,probability_native,0.9957462871790934,u_ed5654ef59b1a538,3,0,official,principal
5593,0,0,0.00038263304993974424,probability_native,0.00038263304993974424,u_ed5654ef59b1a538,3,0,official,principal
4622,0,1,0.5443824345437857,probability_native,0.5443824345437857,u_ed5654ef59b1a538,3,0,official,principal
653,0,0,0.00048526066857988156,probability_native,0.00048526066857988156,u_ed5654ef59b1a538,3,0,official,principal
2077,1,1,0.998282460451605,probability_native,0.998282460451605,u_ed5654ef59b1a538,3,0,official,principal
4560,0,1,0.8730780838497827,probability_native,0.8730780838497827,u_ed5654ef59b1a538,3,0,official,principal
3895,0,0,2.2159352362845434e-14,probability_native,2.2159352362845434e-14,u_ed5654ef59b1a538,3,0,official,principal
6776,0,0,1.9215102912175258e-11,probability_native,1.9215102912175258e-11,u_ed5654ef59b1a538,3,0,official,principal
5458,1,1,0.6006811372329607,probability_native,0.6006811372329607,u_ed5654ef59b1a538,3,0,official,principal
5337,0,0,0.3123156695859868,probability_native,0.3123156695859868,u_ed5654ef59b1a538,3,0,official,principal
6199,1,1,0.994858776550383,probability_native,0.994858776550383,u_ed5654ef59b1a538,3,0,official,principal
601,0,0,1.1222312334181197e-05,probability_native,1.1222312334181197e-05,u_ed5654ef59b1a538,3,0,official,principal
4265,1,0,0.1280939032827987,probability_native,0.1280939032827987,u_ed5654ef59b1a538,3,0,official,principal
5974,0,0,1.9753447580115076e-05,probability_native,1.9753447580115076e-05,u_ed5654ef59b1a538,3,0,official,principal
3523,0,0,1.5855333874529936e-13,probability_native,1.5855333874529936e-13,u_ed5654ef59b1a538,3,0,official,principal
1525,0,0,3.966926023458682e-05,probability_native,3.966926023458682e-05,u_ed5654ef59b1a538,3,0,official,principal
5672,0,0,0.010796284682971297,probability_native,0.010796284682971297,u_ed5654ef59b1a538,3,0,official,principal
52,0,0,0.23330495407564084,probability_native,0.23330495407564084,u_ed5654ef59b1a538,3,0,official,principal
4626,0,1,0.9679634062643484,probability_native,0.9679634062643484,u_ed5654ef59b1a538,3,0,official,principal
5217,0,0,0.0018743054026011156,probability_native,0.0018743054026011156,u_ed5654ef59b1a538,3,0,official,principal
5888,1,1,0.9612525927012423,probability_native,0.9612525927012423,u_ed5654ef59b1a538,3,0,official,principal
786,0,0,3.3501893819718457e-12,probability_native,3.3501893819718457e-12,u_ed5654ef59b1a538,3,0,official,principal
3059,0,0,1.4391116076760025e-14,probability_native,1.4391116076760025e-14,u_ed5654ef59b1a538,3,0,official,principal
4456,0,0,8.78142945624464e-15,probability_native,8.78142945624464e-15,u_ed5654ef59b1a538,3,0,official,principal
3486,0,0,0.026781328599960692,probability_native,0.026781328599960692,u_ed5654ef59b1a538,3,0,official,principal
2310,0,0,1.798006966352447e-11,probability_native,1.798006966352447e-11,u_ed5654ef59b1a538,3,0,official,principal
3335,0,0,0.007522741848809177,probability_native,0.007522741848809177,u_ed5654ef59b1a538,3,0,official,principal
333,1,1,0.999504818323094,probability_native,0.999504818323094,u_ed5654ef59b1a538,3,0,official,principal
5301,1,1,0.9887001813954472,probability_native,0.9887001813954472,u_ed5654ef59b1a538,3,0,official,principal
3489,0,0,0.0009819316147469531,probability_native,0.0009819316147469531,u_ed5654ef59b1a538,3,0,official,principal
3640,1,1,0.9993476058806747,probability_native,0.9993476058806747,u_ed5654ef59b1a538,3,0,official,principal
2659,0,0,2.213862655056308e-12,probability_native,2.213862655056308e-12,u_ed5654ef59b1a538,3,0,official,principal
3543,0,0,2.529000605228654e-12,probability_native,2.529000605228654e-12,u_ed5654ef59b1a538,3,0,official,principal
6289,1,0,5.245044743270647e-13,probability_native,5.245044743270647e-13,u_ed5654ef59b1a538,3,0,official,principal
989,0,0,5.6024195182745994e-08,probability_native,5.6024195182745994e-08,u_ed5654ef59b1a538,3,0,official,principal
2202,1,1,0.9969664285274079,probability_native,0.9969664285274079,u_ed5654ef59b1a538,3,0,official,principal
2829,1,1,0.9998915484387613,probability_native,0.9998915484387613,u_ed5654ef59b1a538,3,0,official,principal
5621,1,1,0.9372733741857752,probability_native,0.9372733741857752,u_ed5654ef59b1a538,3,0,official,principal
20,1,1,0.9979798440118992,probability_native,0.9979798440118992,u_ed5654ef59b1a538,3,0,official,principal
2932,0,0,2.443840529745232e-08,probability_native,2.443840529745232e-08,u_ed5654ef59b1a538,3,0,official,principal
70,0,0,0.43261129361932815,probability_native,0.43261129361932815,u_ed5654ef59b1a538,3,0,official,principal
1304,1,1,0.9993349093853764,probability_native,0.9993349093853764,u_ed5654ef59b1a538,3,0,official,principal
4881,0,1,0.8191864747457634,probability_native,0.8191864747457634,u_ed5654ef59b1a538,3,0,official,principal
371,1,1,0.9997674910301996,probability_native,0.9997674910301996,u_ed5654ef59b1a538,3,0,official,principal
5328,0,0,5.348664164573957e-05,probability_native,5.348664164573957e-05,u_ed5654ef59b1a538,3,0,official,principal
1805,0,0,1.0223701068458948e-13,probability_native,1.0223701068458948e-13,u_ed5654ef59b1a538,3,0,official,principal
1099,0,0,0.26422812344576746,probability_native,0.26422812344576746,u_ed5654ef59b1a538,3,0,official,principal
268,1,0,3.6173577889859706e-14,probability_native,3.6173577889859706e-14,u_ed5654ef59b1a538,3,0,official,principal
2162,0,1,0.5173045963081255,probability_native,0.5173045963081255,u_ed5654ef59b1a538,3,0,official,principal
3453,0,0,0.09984586336714595,probability_native,0.09984586336714595,u_ed5654ef59b1a538,3,0,official,principal
3892,0,0,4.193434777163313e-05,probability_native,4.193434777163313e-05,u_ed5654ef59b1a538,3,0,official,principal
199,0,0,8.198142102529182e-05,probability_native,8.198142102529182e-05,u_ed5654ef59b1a538,3,0,official,principal
6232,1,1,0.9997489016729123,probability_native,0.9997489016729123,u_ed5654ef59b1a538,3,0,official,principal
1985,1,0,0.0349228397554356,probability_native,0.0349228397554356,u_ed5654ef59b1a538,3,0,official,principal
5535,0,0,2.318995648066549e-11,probability_native,2.318995648066549e-11,u_ed5654ef59b1a538,3,0,official,principal
2362,0,0,0.15059805283842892,probability_native,0.15059805283842892,u_ed5654ef59b1a538,3,0,official,principal
3200,1,1,0.9648879970358529,probability_native,0.9648879970358529,u_ed5654ef59b1a538,3,0,official,principal
3400,0,1,0.9925092239229116,probability_native,0.9925092239229116,u_ed5654ef59b1a538,3,0,official,principal
6153,0,0,3.532305768485236e-14,probability_native,3.532305768485236e-14,u_ed5654ef59b1a538,3,0,official,principal
2779,1,1,0.9997068271683546,probability_native,0.9997068271683546,u_ed5654ef59b1a538,3,0,official,principal
3513,0,0,0.00010128493978243899,probability_native,0.00010128493978243899,u_ed5654ef59b1a538,3,0,official,principal
489,1,1,0.9979943856684061,probability_native,0.9979943856684061,u_ed5654ef59b1a538,3,0,official,principal
255,0,0,1.200541511572632e-10,probability_native,1.200541511572632e-10,u_ed5654ef59b1a538,3,0,official,principal
3871,1,1,0.9987327656394925,probability_native,0.9987327656394925,u_ed5654ef59b1a538,3,0,official,principal
5803,1,1,0.998749667262259,probability_native,0.998749667262259,u_ed5654ef59b1a538,3,0,official,principal
2875,1,1,0.9989292182519618,probability_native,0.9989292182519618,u_ed5654ef59b1a538,3,0,official,principal
4563,1,1,0.9959447982321682,probability_native,0.9959447982321682,u_ed5654ef59b1a538,3,0,official,principal
3740,0,1,0.9946668359008637,probability_native,0.9946668359008637,u_ed5654ef59b1a538,3,0,official,principal
3103,1,0,0.08743303888324565,probability_native,0.08743303888324565,u_ed5654ef59b1a538,3,0,official,principal
1617,0,1,0.8516900396927553,probability_native,0.8516900396927553,u_ed5654ef59b1a538,3,0,official,principal
5008,0,0,9.034861144058304e-14,probability_native,9.034861144058304e-14,u_ed5654ef59b1a538,3,0,official,principal
5333,1,1,0.9915258282624156,probability_native,0.9915258282624156,u_ed5654ef59b1a538,3,0,official,principal
5689,0,1,0.9991606335712504,probability_native,0.9991606335712504,u_ed5654ef59b1a538,3,0,official,principal
3802,0,0,0.00036957741564022824,probability_native,0.00036957741564022824,u_ed5654ef59b1a538,3,0,official,principal
1209,0,0,0.04344990326686245,probability_native,0.04344990326686245,u_ed5654ef59b1a538,3,0,official,principal
2851,0,0,1.4947279143186055e-12,probability_native,1.4947279143186055e-12,u_ed5654ef59b1a538,3,0,official,principal
356,0,1,0.9925182054752928,probability_native,0.9925182054752928,u_ed5654ef59b1a538,3,0,official,principal
3881,0,0,2.6018745639909913e-12,probability_native,2.6018745639909913e-12,u_ed5654ef59b1a538,3,0,official,principal
676,0,0,6.080102290498671e-06,probability_native,6.080102290498671e-06,u_ed5654ef59b1a538,3,0,official,principal
2165,0,0,7.665049298328393e-06,probability_native,7.665049298328393e-06,u_ed5654ef59b1a538,3,0,official,principal
4270,0,0,2.6881663981248555e-11,probability_native,2.6881663981248555e-11,u_ed5654ef59b1a538,3,0,official,principal
2004,1,1,0.9887255543513388,probability_native,0.9887255543513388,u_ed5654ef59b1a538,3,0,official,principal
917,0,0,1.706455331336002e-11,probability_native,1.706455331336002e-11,u_ed5654ef59b1a538,3,0,official,principal
412,0,1,0.9973961008413733,probability_native,0.9973961008413733,u_ed5654ef59b1a538,3,0,official,principal
3282,0,0,0.014920918254994404,probability_native,0.014920918254994404,u_ed5654ef59b1a538,3,0,official,principal
5418,0,1,0.9857005031975593,probability_native,0.9857005031975593,u_ed5654ef59b1a538,3,0,official,principal
3496,0,1,0.8693815109924156,probability_native,0.8693815109924156,u_ed5654ef59b1a538,3,0,official,principal
1913,0,0,0.20917168372568154,probability_native,0.20917168372568154,u_ed5654ef59b1a538,3,0,official,principal
2827,0,1,0.8791420994356933,probability_native,0.8791420994356933,u_ed5654ef59b1a538,3,0,official,principal
6631,0,0,0.13506965306034596,probability_native,0.13506965306034596,u_ed5654ef59b1a538,3,0,official,principal
2845,0,1,0.9962753606268807,probability_native,0.9962753606268807,u_ed5654ef59b1a538,3,0,official,principal
5908,1,0,0.00037638653383541217,probability_native,0.00037638653383541217,u_ed5654ef59b1a538,3,0,official,principal
1592,1,0,0.3211682560396862,probability_native,0.3211682560396862,u_ed5654ef59b1a538,3,0,official,principal
4551,0,0,0.012802114423393674,probability_native,0.012802114423393674,u_ed5654ef59b1a538,3,0,official,principal
4501,0,0,2.6001996334941202e-14,probability_native,2.6001996334941202e-14,u_ed5654ef59b1a538,3,0,official,principal
363,0,0,3.07058751411578e-13,probability_native,3.07058751411578e-13,u_ed5654ef59b1a538,3,0,official,principal
4542,0,1,0.9688474500385973,probability_native,0.9688474500385973,u_ed5654ef59b1a538,3,0,official,principal
34,0,1,0.977185806271034,probability_native,0.977185806271034,u_ed5654ef59b1a538,3,0,official,principal
4372,0,0,0.0003350901686399044,probability_native,0.0003350901686399044,u_ed5654ef59b1a538,3,0,official,principal
423,0,0,3.3901343768404135e-07,probability_native,3.3901343768404135e-07,u_ed5654ef59b1a538,3,0,official,principal
1026,1,1,0.9999540291576395,probability_native,0.9999540291576395,u_ed5654ef59b1a538,3,0,official,principal
913,0,0,1.445421818161305e-06,probability_native,1.445421818161305e-06,u_ed5654ef59b1a538,3,0,official,principal
3332,1,1,0.7462204060879691,probability_native,0.7462204060879691,u_ed5654ef59b1a538,3,0,official,principal
627,0,0,0.002321860925099098,probability_native,0.002321860925099098,u_ed5654ef59b1a538,3,0,official,principal
1658,1,0,0.0059503149854265225,probability_native,0.0059503149854265225,u_ed5654ef59b1a538,3,0,official,principal
5793,0,1,0.571629239878961,probability_native,0.571629239878961,u_ed5654ef59b1a538,3,0,official,principal
4233,0,0,1.4158572666225515e-10,probability_native,1.4158572666225515e-10,u_ed5654ef59b1a538,3,0,official,principal
1806,0,0,5.817322538334412e-15,probability_native,5.817322538334412e-15,u_ed5654ef59b1a538,3,0,official,principal
3134,0,0,2.7566891330700488e-05,probability_native,2.7566891330700488e-05,u_ed5654ef59b1a538,3,0,official,principal
5770,0,0,9.002545683804415e-05,probability_native,9.002545683804415e-05,u_ed5654ef59b1a538,3,0,official,principal
4416,0,1,0.9732860007079329,probability_native,0.9732860007079329,u_ed5654ef59b1a538,3,0,official,principal
4894,0,0,0.008786952373013055,probability_native,0.008786952373013055,u_ed5654ef59b1a538,3,0,official,principal
4029,0,0,8.683890531707795e-12,probability_native,8.683890531707795e-12,u_ed5654ef59b1a538,3,0,official,principal
2239,0,0,3.515927521810975e-14,probability_native,3.515927521810975e-14,u_ed5654ef59b1a538,3,0,official,principal
3903,0,0,0.4560997494297399,probability_native,0.4560997494297399,u_ed5654ef59b1a538,3,0,official,principal
724,1,1,0.999731787941171,probability_native,0.999731787941171,u_ed5654ef59b1a538,3,0,official,principal
3231,0,0,0.16618183087944594,probability_native,0.16618183087944594,u_ed5654ef59b1a538,3,0,official,principal
2337,1,1,0.5414721891245444,probability_native,0.5414721891245444,u_ed5654ef59b1a538,3,0,official,principal
876,1,1,0.9541101354637411,probability_native,0.9541101354637411,u_ed5654ef59b1a538,3,0,official,principal
5755,0,1,0.9988231454421618,probability_native,0.9988231454421618,u_ed5654ef59b1a538,3,0,official,principal
6477,0,0,2.2577653687906302e-10,probability_native,2.2577653687906302e-10,u_ed5654ef59b1a538,3,0,official,principal
426,0,0,0.45960419598036556,probability_native,0.45960419598036556,u_ed5654ef59b1a538,3,0,official,principal
3237,0,0,1.420013778667462e-15,probability_native,1.420013778667462e-15,u_ed5654ef59b1a538,3,0,official,principal
4398,0,0,3.068295086663874e-13,probability_native,3.068295086663874e-13,u_ed5654ef59b1a538,3,0,official,principal
3473,1,1,0.8529319790197292,probability_native,0.8529319790197292,u_ed5654ef59b1a538,3,0,official,principal
6187,0,0,5.6578846816382814e-14,probability_native,5.6578846816382814e-14,u_ed5654ef59b1a538,3,0,official,principal
2950,0,0,0.012043395967381793,probability_native,0.012043395967381793,u_ed5654ef59b1a538,3,0,official,principal
5398,0,0,0.00035322371439291153,probability_native,0.00035322371439291153,u_ed5654ef59b1a538,3,0,official,principal
3546,0,0,2.2022258527458257e-11,probability_native,2.2022258527458257e-11,u_ed5654ef59b1a538,3,0,official,principal
237,0,1,0.9985185576678676,probability_native,0.9985185576678676,u_ed5654ef59b1a538,3,0,official,principal
3979,0,0,2.3097321749945057e-15,probability_native,2.3097321749945057e-15,u_ed5654ef59b1a538,3,0,official,principal
4084,1,1,0.9989854662573358,probability_native,0.9989854662573358,u_ed5654ef59b1a538,3,0,official,principal
4868,1,1,0.9963979134234855,probability_native,0.9963979134234855,u_ed5654ef59b1a538,3,0,official,principal
3076,1,1,0.862329125507641,probability_native,0.862329125507641,u_ed5654ef59b1a538,3,0,official,principal
5540,1,0,4.0651292842626675e-05,probability_native,4.0651292842626675e-05,u_ed5654ef59b1a538,3,0,official,principal
6881,0,0,0.1436556435431032,probability_native,0.1436556435431032,u_ed5654ef59b1a538,3,0,official,principal
2164,0,0,2.033882180775494e-13,probability_native,2.033882180775494e-13,u_ed5654ef59b1a538,3,0,official,principal
3107,0,0,6.133297923394631e-12,probability_native,6.133297923394631e-12,u_ed5654ef59b1a538,3,0,official,principal
6765,0,0,2.5945188237767717e-14,probability_native,2.5945188237767717e-14,u_ed5654ef59b1a538,3,0,official,principal
1558,1,1,0.932847055835816,probability_native,0.932847055835816,u_ed5654ef59b1a538,3,0,official,principal
3519,0,1,0.9995745380891107,probability_native,0.9995745380891107,u_ed5654ef59b1a538,3,0,official,principal
2359,0,0,0.4935939432322259,probability_native,0.4935939432322259,u_ed5654ef59b1a538,3,0,official,principal
1379,0,0,7.56417046504995e-12,probability_native,7.56417046504995e-12,u_ed5654ef59b1a538,3,0,official,principal
1030,0,1,0.6937039668975006,probability_native,0.6937039668975006,u_ed5654ef59b1a538,3,0,official,principal
388,0,1,0.9418917508387132,probability_native,0.9418917508387132,u_ed5654ef59b1a538,3,0,official,principal
1480,0,0,0.0012107950995275864,probability_native,0.0012107950995275864,u_ed5654ef59b1a538,3,0,official,principal
2554,0,1,0.8357708764302354,probability_native,0.8357708764302354,u_ed5654ef59b1a538,3,0,official,principal
4440,0,0,5.011423388617138e-08,probability_native,5.011423388617138e-08,u_ed5654ef59b1a538,3,0,official,principal
496,0,0,0.021572522099931313,probability_native,0.021572522099931313,u_ed5654ef59b1a538,3,0,official,principal
4704,0,1,0.8941598236782139,probability_native,0.8941598236782139,u_ed5654ef59b1a538,3,0,official,principal
4483,0,0,3.2762397892214895e-15,probability_native,3.2762397892214895e-15,u_ed5654ef59b1a538,3,0,official,principal
5377,0,1,0.9886807483929175,probability_native,0.9886807483929175,u_ed5654ef59b1a538,3,0,official,principal
5175,0,0,2.9254765992422155e-06,probability_native,2.9254765992422155e-06,u_ed5654ef59b1a538,3,0,official,principal
6820,0,1,0.5944663907317983,probability_native,0.5944663907317983,u_ed5654ef59b1a538,3,0,official,principal
3442,0,1,0.7348679590373874,probability_native,0.7348679590373874,u_ed5654ef59b1a538,3,0,official,principal
3119,1,1,0.9740201205674148,probability_native,0.9740201205674148,u_ed5654ef59b1a538,3,0,official,principal
4442,1,1,0.9996885214902844,probability_native,0.9996885214902844,u_ed5654ef59b1a538,3,0,official,principal
3805,1,1,0.9999134501800109,probability_native,0.9999134501800109,u_ed5654ef59b1a538,3,0,official,principal
2318,0,0,4.308060863793492e-12,probability_native,4.308060863793492e-12,u_ed5654ef59b1a538,3,0,official,principal
1453,0,1,0.9986540620385933,probability_native,0.9986540620385933,u_ed5654ef59b1a538,3,0,official,principal
3875,1,0,0.37472854067701455,probability_native,0.37472854067701455,u_ed5654ef59b1a538,3,0,official,principal
831,0,0,5.102884598093451e-15,probability_native,5.102884598093451e-15,u_ed5654ef59b1a538,3,0,official,principal
100,0,0,0.00037638653383541217,probability_native,0.00037638653383541217,u_ed5654ef59b1a538,3,0,official,principal
3863,0,1,0.9986506490453582,probability_native,0.9986506490453582,u_ed5654ef59b1a538,3,0,official,principal
3342,0,0,0.0005528296254286986,probability_native,0.0005528296254286986,u_ed5654ef59b1a538,3,0,official,principal
312,0,0,2.1337939598176784e-11,probability_native,2.1337939598176784e-11,u_ed5654ef59b1a538,3,0,official,principal
1852,1,0,0.3370687083932212,probability_native,0.3370687083932212,u_ed5654ef59b1a538,3,0,official,principal
6209,0,0,0.022063310369011182,probability_native,0.022063310369011182,u_ed5654ef59b1a538,3,0,official,principal
4202,0,0,9.803124412985774e-06,probability_native,9.803124412985774e-06,u_ed5654ef59b1a538,3,0,official,principal
981,0,0,1.457283938928351e-14,probability_native,1.457283938928351e-14,u_ed5654ef59b1a538,3,0,official,principal
5215,1,0,0.00041252024361943803,probability_native,0.00041252024361943803,u_ed5654ef59b1a538,3,0,official,principal
6955,0,1,0.989072762762739,probability_native,0.989072762762739,u_ed5654ef59b1a538,3,0,official,principal
4215,0,0,3.556594764324042e-10,probability_native,3.556594764324042e-10,u_ed5654ef59b1a538,3,0,official,principal
4573,0,0,1.9934537197405913e-14,probability_native,1.9934537197405913e-14,u_ed5654ef59b1a538,3,0,official,principal
1259,1,0,0.09655414038600839,probability_native,0.09655414038600839,u_ed5654ef59b1a538,3,0,official,principal
4458,1,1,0.962449926761413,probability_native,0.962449926761413,u_ed5654ef59b1a538,3,0,official,principal
4419,0,0,5.43981298548369e-06,probability_native,5.43981298548369e-06,u_ed5654ef59b1a538,3,0,official,principal
6588,0,0,6.154207429797132e-14,probability_native,6.154207429797132e-14,u_ed5654ef59b1a538,3,0,official,principal
2125,0,0,2.0081146928167528e-10,probability_native,2.0081146928167528e-10,u_ed5654ef59b1a538,3,0,official,principal
1781,0,1,0.5800352809081544,probability_native,0.5800352809081544,u_ed5654ef59b1a538,3,0,official,principal
1279,0,0,2.1263110843763987e-05,probability_native,2.1263110843763987e-05,u_ed5654ef59b1a538,3,0,official,principal
497,0,0,2.0548366260542473e-14,probability_native,2.0548366260542473e-14,u_ed5654ef59b1a538,3,0,official,principal
5020,0,0,4.2352906898997137e-13,probability_native,4.2352906898997137e-13,u_ed5654ef59b1a538,3,0,official,principal
834,1,1,0.9999417286191657,probability_native,0.9999417286191657,u_ed5654ef59b1a538,3,0,official,principal
2670,0,0,0.0008010668768047829,probability_native,0.0008010668768047829,u_ed5654ef59b1a538,3,0,official,principal
995,1,0,0.21896789113149262,probability_native,0.21896789113149262,u_ed5654ef59b1a538,3,0,official,principal
4329,1,1,0.8897607943109656,probability_native,0.8897607943109656,u_ed5654ef59b1a538,3,0,official,principal
1232,1,1,0.9573116159736829,probability_native,0.9573116159736829,u_ed5654ef59b1a538,3,0,official,principal
864,1,1,0.9708154045361741,probability_native,0.9708154045361741,u_ed5654ef59b1a538,3,0,official,principal
3841,1,1,0.9994186378471243,probability_native,0.9994186378471243,u_ed5654ef59b1a538,3,0,official,principal
2409,0,0,0.000612609302940206,probability_native,0.000612609302940206,u_ed5654ef59b1a538,3,0,official,principal
4930,0,1,0.5996665597105406,probability_native,0.5996665597105406,u_ed5654ef59b1a538,3,0,official,principal
6301,0,1,0.8240014388554698,probability_native,0.8240014388554698,u_ed5654ef59b1a538,3,0,official,principal
3160,0,0,2.848992002272272e-13,probability_native,2.848992002272272e-13,u_ed5654ef59b1a538,3,0,official,principal
5232,0,0,3.8935869428916285e-05,probability_native,3.8935869428916285e-05,u_ed5654ef59b1a538,3,0,official,principal
3964,0,0,1.1276274939438912e-13,probability_native,1.1276274939438912e-13,u_ed5654ef59b1a538,3,0,official,principal
704,0,1,0.6820213436087884,probability_native,0.6820213436087884,u_ed5654ef59b1a538,3,0,official,principal
1018,0,1,0.9620574775187065,probability_native,0.9620574775187065,u_ed5654ef59b1a538,3,0,official,principal
1840,1,0,3.5864509117711154e-12,probability_native,3.5864509117711154e-12,u_ed5654ef59b1a538,3,0,official,principal
5852,1,1,0.9996397971380182,probability_native,0.9996397971380182,u_ed5654ef59b1a538,3,0,official,principal
816,1,1,0.9945306903259803,probability_native,0.9945306903259803,u_ed5654ef59b1a538,3,0,official,principal
1747,1,1,0.987284836733161,probability_native,0.987284836733161,u_ed5654ef59b1a538,3,0,official,principal
6753,0,0,0.0002918572891359912,probability_native,0.0002918572891359912,u_ed5654ef59b1a538,3,0,official,principal
6386,0,0,1.729473900436739e-13,probability_native,1.729473900436739e-13,u_ed5654ef59b1a538,3,0,official,principal
587,0,0,8.266307416737271e-07,probability_native,8.266307416737271e-07,u_ed5654ef59b1a538,3,0,official,principal
6976,0,0,6.767482515389969e-12,probability_native,6.767482515389969e-12,u_ed5654ef59b1a538,3,0,official,principal
6404,0,0,3.540450942451984e-09,probability_native,3.540450942451984e-09,u_ed5654ef59b1a538,3,0,official,principal
3244,0,0,0.2617313115870699,probability_native,0.2617313115870699,u_ed5654ef59b1a538,3,0,official,principal
2233,0,0,0.031152707963849596,probability_native,0.031152707963849596,u_ed5654ef59b1a538,3,0,official,principal
5624,0,1,0.9315055967072183,probability_native,0.9315055967072183,u_ed5654ef59b1a538,3,0,official,principal
3783,0,1,0.779845221691263,probability_native,0.779845221691263,u_ed5654ef59b1a538,3,0,official,principal
5544,1,0,0.18021204493015927,probability_native,0.18021204493015927,u_ed5654ef59b1a538,3,0,official,principal
2675,0,0,1.3386747185794285e-14,probability_native,1.3386747185794285e-14,u_ed5654ef59b1a538,3,0,official,principal
471,1,1,0.9966639129914543,probability_native,0.9966639129914543,u_ed5654ef59b1a538,3,0,official,principal
5172,0,0,5.951336102778038e-14,probability_native,5.951336102778038e-14,u_ed5654ef59b1a538,3,0,official,principal
5594,0,1,0.994563576144615,probability_native,0.994563576144615,u_ed5654ef59b1a538,3,0,official,principal
1624,1,0,0.43775592482824505,probability_native,0.43775592482824505,u_ed5654ef59b1a538,3,0,official,principal
2137,0,0,7.923356871210878e-13,probability_native,7.923356871210878e-13,u_ed5654ef59b1a538,3,0,official,principal
102,0,0,0.11749282408238206,probability_native,0.11749282408238206,u_ed5654ef59b1a538,3,0,official,principal
741,0,1,0.994912821418247,probability_native,0.994912821418247,u_ed5654ef59b1a538,3,0,official,principal
4001,0,0,7.778632815026826e-10,probability_native,7.778632815026826e-10,u_ed5654ef59b1a538,3,0,official,principal
6634,1,1,0.720317728279078,probability_native,0.720317728279078,u_ed5654ef59b1a538,3,0,official,principal
1120,0,1,0.7964701723989835,probability_native,0.7964701723989835,u_ed5654ef59b1a538,3,0,official,principal
473,0,0,0.031465672835247975,probability_native,0.031465672835247975,u_ed5654ef59b1a538,3,0,official,principal
254,0,0,0.0009559035168525265,probability_native,0.0009559035168525265,u_ed5654ef59b1a538,3,0,official,principal
752,0,0,0.0143068441838434,probability_native,0.0143068441838434,u_ed5654ef59b1a538,3,0,official,principal
6396,0,1,0.9414327334631527,probability_native,0.9414327334631527,u_ed5654ef59b1a538,3,0,official,principal
1098,0,0,0.00023091160804797255,probability_native,0.00023091160804797255,u_ed5654ef59b1a538,3,0,official,principal
5629,1,0,0.0022162275716147545,probability_native,0.0022162275716147545,u_ed5654ef59b1a538,3,0,official,principal
5274,0,0,0.001208765624827541,probability_native,0.001208765624827541,u_ed5654ef59b1a538,3,0,official,principal
3311,0,1,0.6082902068767909,probability_native,0.6082902068767909,u_ed5654ef59b1a538,3,0,official,principal
2569,0,0,1.980364193707429e-15,probability_native,1.980364193707429e-15,u_ed5654ef59b1a538,3,0,official,principal
1302,0,0,2.2852852905789647e-11,probability_native,2.2852852905789647e-11,u_ed5654ef59b1a538,3,0,official,principal
5255,0,1,0.9984951473048822,probability_native,0.9984951473048822,u_ed5654ef59b1a538,3,0,official,principal
1007,1,1,0.9977556467904823,probability_native,0.9977556467904823,u_ed5654ef59b1a538,3,0,official,principal
5940,0,0,0.001133118136746498,probability_native,0.001133118136746498,u_ed5654ef59b1a538,3,0,official,principal
6992,0,0,0.0009183312094409231,probability_native,0.0009183312094409231,u_ed5654ef59b1a538,3,0,official,principal
3057,0,0,5.8670533376196314e-06,probability_native,5.8670533376196314e-06,u_ed5654ef59b1a538,3,0,official,principal
535,0,1,0.9995516088898063,probability_native,0.9995516088898063,u_ed5654ef59b1a538,3,0,official,principal
4766,0,0,1.0601080692467944e-12,probability_native,1.0601080692467944e-12,u_ed5654ef59b1a538,3,0,official,principal
5480,0,1,0.9007346898840809,probability_native,0.9007346898840809,u_ed5654ef59b1a538,3,0,official,principal
5845,1,1,0.9996065510267664,probability_native,0.9996065510267664,u_ed5654ef59b1a538,3,0,official,principal
1466,0,1,0.6265376650406257,probability_native,0.6265376650406257,u_ed5654ef59b1a538,3,0,official,principal
5459,0,1,0.997698179861199,probability_native,0.997698179861199,u_ed5654ef59b1a538,3,0,official,principal
1126,1,1,0.966886197953259,probability_native,0.966886197953259,u_ed5654ef59b1a538,3,0,official,principal
1496,0,0,0.016598040974662043,probability_native,0.016598040974662043,u_ed5654ef59b1a538,3,0,official,principal
6922,0,1,0.8199646444396997,probability_native,0.8199646444396997,u_ed5654ef59b1a538,3,0,official,principal
10,0,0,0.09978477178795167,probability_native,0.09978477178795167,u_ed5654ef59b1a538,3,0,official,principal
3374,1,1,0.6809107751605602,probability_native,0.6809107751605602,u_ed5654ef59b1a538,3,0,official,principal
1845,0,0,0.003010800308596592,probability_native,0.003010800308596592,u_ed5654ef59b1a538,3,0,official,principal
2349,0,0,6.264756952503926e-12,probability_native,6.264756952503926e-12,u_ed5654ef59b1a538,3,0,official,principal
1338,1,0,0.00037467426121348766,probability_native,0.00037467426121348766,u_ed5654ef59b1a538,3,0,official,principal
1978,0,0,6.199565805905769e-11,probability_native,6.199565805905769e-11,u_ed5654ef59b1a538,3,0,official,principal
3360,1,1,0.9994288986080003,probability_native,0.9994288986080003,u_ed5654ef59b1a538,3,0,official,principal
1604,0,0,5.957480737025506e-05,probability_native,5.957480737025506e-05,u_ed5654ef59b1a538,3,0,official,principal
1776,0,0,5.718032542387693e-13,probability_native,5.718032542387693e-13,u_ed5654ef59b1a538,3,0,official,principal
578,0,1,0.9944842042779204,probability_native,0.9944842042779204,u_ed5654ef59b1a538,3,0,official,principal
2601,0,0,1.8659093596190443e-11,probability_native,1.8659093596190443e-11,u_ed5654ef59b1a538,3,0,official,principal
2740,1,1,0.7225046821035185,probability_native,0.7225046821035185,u_ed5654ef59b1a538,3,0,official,principal
2943,0,0,7.697901496435254e-13,probability_native,7.697901496435254e-13,u_ed5654ef59b1a538,3,0,official,principal
1791,0,0,0.002021766600779931,probability_native,0.002021766600779931,u_ed5654ef59b1a538,3,0,official,principal
4531,1,1,0.9660077711441866,probability_native,0.9660077711441866,u_ed5654ef59b1a538,3,0,official,principal
6592,0,0,0.0033190965096736463,probability_native,0.0033190965096736463,u_ed5654ef59b1a538,3,0,official,principal
6995,0,0,2.444540547624893e-12,probability_native,2.444540547624893e-12,u_ed5654ef59b1a538,3,0,official,principal
4500,0,0,2.992459624061795e-05,probability_native,2.992459624061795e-05,u_ed5654ef59b1a538,3,0,official,principal
338,0,1,0.8523345411132517,probability_native,0.8523345411132517,u_ed5654ef59b1a538,3,0,official,principal
2758,0,0,0.00037708212735178503,probability_native,0.00037708212735178503,u_ed5654ef59b1a538,3,0,official,principal
2856,0,1,0.9948696104701932,probability_native,0.9948696104701932,u_ed5654ef59b1a538,3,0,official,principal
4179,0,1,0.9917645700437838,probability_native,0.9917645700437838,u_ed5654ef59b1a538,3,0,official,principal
2832,0,0,0.0006760788313942644,probability_native,0.0006760788313942644,u_ed5654ef59b1a538,3,0,official,principal
5075,0,1,0.9729077395363458,probability_native,0.9729077395363458,u_ed5654ef59b1a538,3,0,official,principal
750,0,0,0.3724853295085524,probability_native,0.3724853295085524,u_ed5654ef59b1a538,3,0,official,principal
106,0,0,0.0017246055630822372,probability_native,0.0017246055630822372,u_ed5654ef59b1a538,3,0,official,principal
3876,0,1,0.9992937076722289,probability_native,0.9992937076722289,u_ed5654ef59b1a538,3,0,official,principal
2372,0,0,3.239336120139045e-14,probability_native,3.239336120139045e-14,u_ed5654ef59b1a538,3,0,official,principal
5514,0,1,0.795565817331443,probability_native,0.795565817331443,u_ed5654ef59b1a538,3,0,official,principal
4248,0,0,0.4739466326487222,probability_native,0.4739466326487222,u_ed5654ef59b1a538,3,0,official,principal
2157,0,0,0.12027945307902697,probability_native,0.12027945307902697,u_ed5654ef59b1a538,3,0,official,principal
3122,0,0,4.4575235424355e-07,probability_native,4.4575235424355e-07,u_ed5654ef59b1a538,3,0,official,principal
4350,0,0,0.1872670274153111,probability_native,0.1872670274153111,u_ed5654ef59b1a538,3,0,official,principal
1318,0,1,0.9779658344514192,probability_native,0.9779658344514192,u_ed5654ef59b1a538,3,0,official,principal
3689,1,1,0.9999116660735768,probability_native,0.9999116660735768,u_ed5654ef59b1a538,3,0,official,principal
3083,0,0,1.7466359798460985e-08,probability_native,1.7466359798460985e-08,u_ed5654ef59b1a538,3,0,official,principal
6253,0,0,0.14887341998248396,probability_native,0.14887341998248396,u_ed5654ef59b1a538,3,0,official,principal
1247,0,0,0.07230685103183711,probability_native,0.07230685103183711,u_ed5654ef59b1a538,3,0,official,principal
3764,0,0,0.00017307044139053897,probability_native,0.00017307044139053897,u_ed5654ef59b1a538,3,0,official,principal
499,1,1,0.9710565076128533,probability_native,0.9710565076128533,u_ed5654ef59b1a538,3,0,official,principal
3713,1,1,0.9987108609596281,probability_native,0.9987108609596281,u_ed5654ef59b1a538,3,0,official,principal
69,0,1,0.9321860073480142,probability_native,0.9321860073480142,u_ed5654ef59b1a538,3,0,official,principal
996,1,1,0.8424157051799317,probability_native,0.8424157051799317,u_ed5654ef59b1a538,3,0,official,principal
6705,0,1,0.7022331340781347,probability_native,0.7022331340781347,u_ed5654ef59b1a538,3,0,official,principal
6156,0,1,0.9299098394265504,probability_native,0.9299098394265504,u_ed5654ef59b1a538,3,0,official,principal
3079,1,1,0.9866623926677814,probability_native,0.9866623926677814,u_ed5654ef59b1a538,3,0,official,principal
6867,0,0,5.242664011476877e-14,probability_native,5.242664011476877e-14,u_ed5654ef59b1a538,3,0,official,principal
2629,1,1,0.8741608074335752,probability_native,0.8741608074335752,u_ed5654ef59b1a538,3,0,official,principal
2042,0,1,0.8160496111834722,probability_native,0.8160496111834722,u_ed5654ef59b1a538,3,0,official,principal
708,0,1,0.7511353804472432,probability_native,0.7511353804472432,u_ed5654ef59b1a538,3,0,official,principal
3587,1,1,0.9955380301603125,probability_native,0.9955380301603125,u_ed5654ef59b1a538,3,0,official,principal
1395,1,1,0.5541556569870517,probability_native,0.5541556569870517,u_ed5654ef59b1a538,3,0,official,principal
6641,1,1,0.9343740320659342,probability_native,0.9343740320659342,u_ed5654ef59b1a538,3,0,official,principal
844,1,1,0.9998127548366703,probability_native,0.9998127548366703,u_ed5654ef59b1a538,3,0,official,principal
4992,0,0,0.016773757393229085,probability_native,0.016773757393229085,u_ed5654ef59b1a538,3,0,official,principal
4272,1,0,2.349339745757882e-14,probability_native,2.349339745757882e-14,u_ed5654ef59b1a538,3,0,official,principal
4773,1,0,0.040722461450467484,probability_native,0.040722461450467484,u_ed5654ef59b1a538,3,0,official,principal
2636,0,0,3.477049974851531e-12,probability_native,3.477049974851531e-12,u_ed5654ef59b1a538,3,0,official,principal
2806,0,0,1.1877040339747483e-09,probability_native,1.1877040339747483e-09,u_ed5654ef59b1a538,3,0,official,principal
709,0,0,0.056059233340422523,probability_native,0.056059233340422523,u_ed5654ef59b1a538,3,0,official,principal
348,0,1,0.9910923708048024,probability_native,0.9910923708048024,u_ed5654ef59b1a538,3,0,official,principal
444,0,1,0.9891812541046252,probability_native,0.9891812541046252,u_ed5654ef59b1a538,3,0,official,principal
825,1,1,0.5649356192971793,probability_native,0.5649356192971793,u_ed5654ef59b1a538,3,0,official,principal
5567,0,0,0.014807066650974794,probability_native,0.014807066650974794,u_ed5654ef59b1a538,3,0,official,principal
6231,1,1,0.9965237608603753,probability_native,0.9965237608603753,u_ed5654ef59b1a538,3,0,official,principal
5722,1,1,0.966317603728469,probability_native,0.966317603728469,u_ed5654ef59b1a538,3,0,official,principal
129,0,0,0.057594382509451425,probability_native,0.057594382509451425,u_ed5654ef59b1a538,3,0,official,principal
3616,0,0,0.00036560502167178147,probability_native,0.00036560502167178147,u_ed5654ef59b1a538,3,0,official,principal
4287,1,0,0.00242491504070985,probability_native,0.00242491504070985,u_ed5654ef59b1a538,3,0,official,principal
3297,0,0,8.634799512804376e-12,probability_native,8.634799512804376e-12,u_ed5654ef59b1a538,3,0,official,principal
201,0,1,0.724660470874979,probability_native,0.724660470874979,u_ed5654ef59b1a538,3,0,official,principal
4405,1,1,0.7022872372092938,probability_native,0.7022872372092938,u_ed5654ef59b1a538,3,0,official,principal
3212,0,1,0.9855304992123112,probability_native,0.9855304992123112,u_ed5654ef59b1a538,3,0,official,principal
2647,0,0,0.0012060217413002157,probability_native,0.0012060217413002157,u_ed5654ef59b1a538,3,0,official,principal
902,1,1,0.9923351437400084,probability_native,0.9923351437400084,u_ed5654ef59b1a538,3,0,official,principal
450,0,0,7.203514672814096e-07,probability_native,7.203514672814096e-07,u_ed5654ef59b1a538,3,0,official,principal
4349,1,1,0.9991337530416486,probability_native,0.9991337530416486,u_ed5654ef59b1a538,3,0,official,principal
1661,0,1,0.7843040473458094,probability_native,0.7843040473458094,u_ed5654ef59b1a538,3,0,official,principal
1506,0,0,9.173546091642561e-11,probability_native,9.173546091642561e-11,u_ed5654ef59b1a538,3,0,official,principal
2678,0,0,3.883662548026731e-06,probability_native,3.883662548026731e-06,u_ed5654ef59b1a538,3,0,official,principal
2480,1,1,0.976917892034146,probability_native,0.976917892034146,u_ed5654ef59b1a538,3,0,official,principal
4821,0,0,0.007563180456008542,probability_native,0.007563180456008542,u_ed5654ef59b1a538,3,0,official,principal
1155,0,0,1.3746161773049998e-12,probability_native,1.3746161773049998e-12,u_ed5654ef59b1a538,3,0,official,principal
6821,1,1,0.9926585092382079,probability_native,0.9926585092382079,u_ed5654ef59b1a538,3,0,official,principal
3951,0,0,1.001392037943442e-12,probability_native,1.001392037943442e-12,u_ed5654ef59b1a538,3,0,official,principal
4760,0,0,0.00023180959911727286,probability_native,0.00023180959911727286,u_ed5654ef59b1a538,3,0,official,principal
3749,1,1,0.9999729380748695,probability_native,0.9999729380748695,u_ed5654ef59b1a538,3,0,official,principal
132,0,0,6.728103498585846e-11,probability_native,6.728103498585846e-11,u_ed5654ef59b1a538,3,0,official,principal
3596,1,1,0.8421515550152151,probability_native,0.8421515550152151,u_ed5654ef59b1a538,3,0,official,principal
5156,0,0,0.006739641438642128,probability_native,0.006739641438642128,u_ed5654ef59b1a538,3,0,official,principal
6397,0,0,0.030605699159482126,probability_native,0.030605699159482126,u_ed5654ef59b1a538,3,0,official,principal
4488,1,1,0.5630787269487129,probability_native,0.5630787269487129,u_ed5654ef59b1a538,3,0,official,principal
3759,1,1,0.9712779899034258,probability_native,0.9712779899034258,u_ed5654ef59b1a538,3,0,official,principal
3540,0,0,1.806602355966198e-12,probability_native,1.806602355966198e-12,u_ed5654ef59b1a538,3,0,official,principal
1596,0,1,0.9986867441573005,probability_native,0.9986867441573005,u_ed5654ef59b1a538,3,0,official,principal
3329,0,0,0.45330608891025637,probability_native,0.45330608891025637,u_ed5654ef59b1a538,3,0,official,principal
961,0,0,2.303066965306166e-05,probability_native,2.303066965306166e-05,u_ed5654ef59b1a538,3,0,official,principal
6375,1,1,0.9396593249982403,probability_native,0.9396593249982403,u_ed5654ef59b1a538,3,0,official,principal
5987,0,0,6.4823101273564e-14,probability_native,6.4823101273564e-14,u_ed5654ef59b1a538,3,0,official,principal
483,0,0,0.0009008062307079051,probability_native,0.0009008062307079051,u_ed5654ef59b1a538,3,0,official,principal
5562,0,1,0.9051575912651567,probability_native,0.9051575912651567,u_ed5654ef59b1a538,3,0,official,principal
3327,0,0,0.03279459583574401,probability_native,0.03279459583574401,u_ed5654ef59b1a538,3,0,official,principal
3372,0,1,0.9094051512119463,probability_native,0.9094051512119463,u_ed5654ef59b1a538,3,0,official,principal
5960,0,1,0.7243753456268648,probability_native,0.7243753456268648,u_ed5654ef59b1a538,3,0,official,principal
2747,0,0,0.0012418098732647515,probability_native,0.0012418098732647515,u_ed5654ef59b1a538,3,0,official,principal
4744,0,0,1.2854493529690103e-12,probability_native,1.2854493529690103e-12,u_ed5654ef59b1a538,3,0,official,principal
1006,1,1,0.9980725884359923,probability_native,0.9980725884359923,u_ed5654ef59b1a538,3,0,official,principal
4098,1,0,0.001232133607734676,probability_native,0.001232133607734676,u_ed5654ef59b1a538,3,0,official,principal
5414,1,0,0.0008406466587339205,probability_native,0.0008406466587339205,u_ed5654ef59b1a538,3,0,official,principal
314,1,1,0.9996862644208909,probability_native,0.9996862644208909,u_ed5654ef59b1a538,3,0,official,principal
542,0,0,0.0003527592171942358,probability_native,0.0003527592171942358,u_ed5654ef59b1a538,3,0,official,principal
2262,1,1,0.9996706773148936,probability_native,0.9996706773148936,u_ed5654ef59b1a538,3,0,official,principal
90,0,1,0.6344892881096619,probability_native,0.6344892881096619,u_ed5654ef59b1a538,3,0,official,principal
3890,1,0,0.004322563447123172,probability_native,0.004322563447123172,u_ed5654ef59b1a538,3,0,official,principal
730,1,1,0.9720829771385603,probability_native,0.9720829771385603,u_ed5654ef59b1a538,3,0,official,principal
6899,1,1,0.9587643591683952,probability_native,0.9587643591683952,u_ed5654ef59b1a538,3,0,official,principal
2211,0,0,0.015182039464681451,probability_native,0.015182039464681451,u_ed5654ef59b1a538,3,0,official,principal
1308,1,1,0.9999340159828043,probability_native,0.9999340159828043,u_ed5654ef59b1a538,3,0,official,principal
1025,0,0,3.062245821738829e-10,probability_native,3.062245821738829e-10,u_ed5654ef59b1a538,3,0,official,principal
4840,0,0,0.05883201306205515,probability_native,0.05883201306205515,u_ed5654ef59b1a538,3,0,official,principal
1385,0,0,8.744200282251589e-11,probability_native,8.744200282251589e-11,u_ed5654ef59b1a538,3,0,official,principal
6541,0,0,8.181384091127793e-14,probability_native,8.181384091127793e-14,u_ed5654ef59b1a538,3,0,official,principal
3573,0,0,0.00013530130672811065,probability_native,0.00013530130672811065,u_ed5654ef59b1a538,3,0,official,principal
3239,0,1,0.6306294519163577,probability_native,0.6306294519163577,u_ed5654ef59b1a538,3,0,official,principal
898,1,1,0.9562246458796142,probability_native,0.9562246458796142,u_ed5654ef59b1a538,3,0,official,principal
5242,1,1,0.999352604926691,probability_native,0.999352604926691,u_ed5654ef59b1a538,3,0,official,principal
1424,0,0,2.7872474639780654e-07,probability_native,2.7872474639780654e-07,u_ed5654ef59b1a538,3,0,official,principal
