row_id,y_true,y_pred,score_positive,score_type,probability_native,unit_id,outer_fold,replicate,purpose,variant
3738,0,1,0.5993581217442746,probability_native,0.5993581217442746,u_222bacf6bc26ddc7,0,2,official,principal
4860,0,0,0.11225535721984763,probability_native,0.11225535721984763,u_222bacf6bc26ddc7,0,2,official,principal
2645,0,0,0.3543591032272634,probability_native,0.3543591032272634,u_222bacf6bc26ddc7,0,2,official,principal
5767,0,0,0.05616920683207687,probability_native,0.05616920683207687,u_222bacf6bc26ddc7,0,2,official,principal
2414,0,0,0.14282073874151363,probability_native,0.14282073874151363,u_222bacf6bc26ddc7,0,2,official,principal
577,0,1,0.8374080409603869,probability_native,0.8374080409603869,u_222bacf6bc26ddc7,0,2,official,principal
1201,0,1,0.6126678020237324,probability_native,0.6126678020237324,u_222bacf6bc26ddc7,0,2,official,principal
7004,0,1,0.6580541474925058,probability_native,0.6580541474925058,u_222bacf6bc26ddc7,0,2,official,principal
5338,0,0,0.1380389875392869,probability_native,0.1380389875392869,u_222bacf6bc26ddc7,0,2,official,principal
6773,1,1,0.8550829948973692,probability_native,0.8550829948973692,u_222bacf6bc26ddc7,0,2,official,principal
1118,0,0,0.43950298395146103,probability_native,0.43950298395146103,u_222bacf6bc26ddc7,0,2,official,principal
1797,0,0,0.06361838122428964,probability_native,0.06361838122428964,u_222bacf6bc26ddc7,0,2,official,principal
2823,0,0,0.06880458054732318,probability_native,0.06880458054732318,u_222bacf6bc26ddc7,0,2,official,principal
593,0,0,0.4384787942444597,probability_native,0.4384787942444597,u_222bacf6bc26ddc7,0,2,official,principal
6353,0,0,0.3681633936361178,probability_native,0.3681633936361178,u_222bacf6bc26ddc7,0,2,official,principal
2197,0,0,0.22500642096494922,probability_native,0.22500642096494922,u_222bacf6bc26ddc7,0,2,official,principal
2085,1,1,0.863698551566106,probability_native,0.863698551566106,u_222bacf6bc26ddc7,0,2,official,principal
6139,0,0,0.283165788222722,probability_native,0.283165788222722,u_222bacf6bc26ddc7,0,2,official,principal
6494,0,0,0.4122246861199125,probability_native,0.4122246861199125,u_222bacf6bc26ddc7,0,2,official,principal
6808,0,0,0.4681823551778701,probability_native,0.4681823551778701,u_222bacf6bc26ddc7,0,2,official,principal
282,0,0,0.35561348276393595,probability_native,0.35561348276393595,u_222bacf6bc26ddc7,0,2,official,principal
592,0,0,0.050060764814734024,probability_native,0.050060764814734024,u_222bacf6bc26ddc7,0,2,official,principal
3931,0,0,0.3013829472907692,probability_native,0.3013829472907692,u_222bacf6bc26ddc7,0,2,official,principal
3868,1,1,0.528075246890999,probability_native,0.528075246890999,u_222bacf6bc26ddc7,0,2,official,principal
4889,0,0,0.24264702250082681,probability_native,0.24264702250082681,u_222bacf6bc26ddc7,0,2,official,principal
1515,0,0,0.32805048493108263,probability_native,0.32805048493108263,u_222bacf6bc26ddc7,0,2,official,principal
149,0,0,0.37379729512595183,probability_native,0.37379729512595183,u_222bacf6bc26ddc7,0,2,official,principal
871,0,0,0.2557696618132505,probability_native,0.2557696618132505,u_222bacf6bc26ddc7,0,2,official,principal
403,0,0,0.0290550106939917,probability_native,0.0290550106939917,u_222bacf6bc26ddc7,0,2,official,principal
6048,1,1,0.8814583333365142,probability_native,0.8814583333365142,u_222bacf6bc26ddc7,0,2,official,principal
1369,0,0,0.3154459943171554,probability_native,0.3154459943171554,u_222bacf6bc26ddc7,0,2,official,principal
4700,0,1,0.6607236896699857,probability_native,0.6607236896699857,u_222bacf6bc26ddc7,0,2,official,principal
1337,0,0,0.06991315458386688,probability_native,0.06991315458386688,u_222bacf6bc26ddc7,0,2,official,principal
6826,0,0,0.4298961249206049,probability_native,0.4298961249206049,u_222bacf6bc26ddc7,0,2,official,principal
1736,1,0,0.3745092819670358,probability_native,0.3745092819670358,u_222bacf6bc26ddc7,0,2,official,principal
6688,0,0,0.08624772114713676,probability_native,0.08624772114713676,u_222bacf6bc26ddc7,0,2,official,principal
1870,0,1,0.6745598434763374,probability_native,0.6745598434763374,u_222bacf6bc26ddc7,0,2,official,principal
1969,0,0,0.13159104565105578,probability_native,0.13159104565105578,u_222bacf6bc26ddc7,0,2,official,principal
4198,0,0,0.026657194593253965,probability_native,0.026657194593253965,u_222bacf6bc26ddc7,0,2,official,principal
4409,0,0,0.022767471986555616,probability_native,0.022767471986555616,u_222bacf6bc26ddc7,0,2,official,principal
4684,1,0,0.22982796674132908,probability_native,0.22982796674132908,u_222bacf6bc26ddc7,0,2,official,principal
2782,0,0,0.13202548205820985,probability_native,0.13202548205820985,u_222bacf6bc26ddc7,0,2,official,principal
6971,1,1,0.761505071279307,probability_native,0.761505071279307,u_222bacf6bc26ddc7,0,2,official,principal
5709,0,0,0.17274457126965986,probability_native,0.17274457126965986,u_222bacf6bc26ddc7,0,2,official,principal
6618,0,1,0.5726208119886957,probability_native,0.5726208119886957,u_222bacf6bc26ddc7,0,2,official,principal
5277,1,1,0.8727858344694941,probability_native,0.8727858344694941,u_222bacf6bc26ddc7,0,2,official,principal
1563,0,1,0.8353943904983855,probability_native,0.8353943904983855,u_222bacf6bc26ddc7,0,2,official,principal
1490,0,0,0.1422924178698278,probability_native,0.1422924178698278,u_222bacf6bc26ddc7,0,2,official,principal
2491,0,0,0.09492006434244936,probability_native,0.09492006434244936,u_222bacf6bc26ddc7,0,2,official,principal
1266,0,1,0.856796500655343,probability_native,0.856796500655343,u_222bacf6bc26ddc7,0,2,official,principal
6982,0,0,0.031734940331789314,probability_native,0.031734940331789314,u_222bacf6bc26ddc7,0,2,official,principal
2388,0,1,0.8048554889416265,probability_native,0.8048554889416265,u_222bacf6bc26ddc7,0,2,official,principal
3581,0,0,0.0172841927088796,probability_native,0.0172841927088796,u_222bacf6bc26ddc7,0,2,official,principal
1869,0,0,0.012287992586885817,probability_native,0.012287992586885817,u_222bacf6bc26ddc7,0,2,official,principal
5538,1,1,0.9015121663279542,probability_native,0.9015121663279542,u_222bacf6bc26ddc7,0,2,official,principal
4978,1,1,0.7418838950653076,probability_native,0.7418838950653076,u_222bacf6bc26ddc7,0,2,official,principal
5982,0,0,0.16665628764445656,probability_native,0.16665628764445656,u_222bacf6bc26ddc7,0,2,official,principal
5097,0,0,0.42478251742799084,probability_native,0.42478251742799084,u_222bacf6bc26ddc7,0,2,official,principal
1483,0,0,0.05674930753542534,probability_native,0.05674930753542534,u_222bacf6bc26ddc7,0,2,official,principal
1423,1,1,0.8990073593646818,probability_native,0.8990073593646818,u_222bacf6bc26ddc7,0,2,official,principal
4599,0,0,0.09052364849101187,probability_native,0.09052364849101187,u_222bacf6bc26ddc7,0,2,official,principal
2295,1,1,0.8203472129401984,probability_native,0.8203472129401984,u_222bacf6bc26ddc7,0,2,official,principal
244,0,1,0.6302151568504643,probability_native,0.6302151568504643,u_222bacf6bc26ddc7,0,2,official,principal
5476,1,1,0.8349422605759271,probability_native,0.8349422605759271,u_222bacf6bc26ddc7,0,2,official,principal
2546,0,0,0.399822402221594,probability_native,0.399822402221594,u_222bacf6bc26ddc7,0,2,official,principal
6630,0,1,0.8755762123899065,probability_native,0.8755762123899065,u_222bacf6bc26ddc7,0,2,official,principal
6224,0,0,0.14048572063035175,probability_native,0.14048572063035175,u_222bacf6bc26ddc7,0,2,official,principal
4045,1,1,0.7131256274237299,probability_native,0.7131256274237299,u_222bacf6bc26ddc7,0,2,official,principal
1086,1,1,0.8232838337687399,probability_native,0.8232838337687399,u_222bacf6bc26ddc7,0,2,official,principal
1710,0,1,0.8207502712638647,probability_native,0.8207502712638647,u_222bacf6bc26ddc7,0,2,official,principal
6677,0,1,0.5986729884041527,probability_native,0.5986729884041527,u_222bacf6bc26ddc7,0,2,official,principal
5046,0,1,0.574754351718234,probability_native,0.574754351718234,u_222bacf6bc26ddc7,0,2,official,principal
4490,0,0,0.32000052272673235,probability_native,0.32000052272673235,u_222bacf6bc26ddc7,0,2,official,principal
3492,0,1,0.5989552629163312,probability_native,0.5989552629163312,u_222bacf6bc26ddc7,0,2,official,principal
5155,0,1,0.5152271798989118,probability_native,0.5152271798989118,u_222bacf6bc26ddc7,0,2,official,principal
623,0,0,0.09972963107663126,probability_native,0.09972963107663126,u_222bacf6bc26ddc7,0,2,official,principal
3976,1,1,0.7890830556754003,probability_native,0.7890830556754003,u_222bacf6bc26ddc7,0,2,official,principal
3279,0,0,0.09199274474499447,probability_native,0.09199274474499447,u_222bacf6bc26ddc7,0,2,official,principal
3889,0,0,0.1642523546725098,probability_native,0.1642523546725098,u_222bacf6bc26ddc7,0,2,official,principal
6319,0,0,0.30665604583256273,probability_native,0.30665604583256273,u_222bacf6bc26ddc7,0,2,official,principal
6554,1,1,0.8147278961973292,probability_native,0.8147278961973292,u_222bacf6bc26ddc7,0,2,official,principal
1248,1,1,0.7860194686094422,probability_native,0.7860194686094422,u_222bacf6bc26ddc7,0,2,official,principal
6890,0,0,0.2760061117029893,probability_native,0.2760061117029893,u_222bacf6bc26ddc7,0,2,official,principal
6717,1,1,0.6895364703346696,probability_native,0.6895364703346696,u_222bacf6bc26ddc7,0,2,official,principal
6471,0,0,0.10008372428476929,probability_native,0.10008372428476929,u_222bacf6bc26ddc7,0,2,official,principal
3073,0,0,0.13346782906173515,probability_native,0.13346782906173515,u_222bacf6bc26ddc7,0,2,official,principal
2163,1,1,0.8788806574643119,probability_native,0.8788806574643119,u_222bacf6bc26ddc7,0,2,official,principal
2822,1,0,0.12197763793826519,probability_native,0.12197763793826519,u_222bacf6bc26ddc7,0,2,official,principal
3139,1,1,0.5872029925744804,probability_native,0.5872029925744804,u_222bacf6bc26ddc7,0,2,official,principal
4504,0,0,0.07285731283085861,probability_native,0.07285731283085861,u_222bacf6bc26ddc7,0,2,official,principal
6394,0,0,0.16510612441209732,probability_native,0.16510612441209732,u_222bacf6bc26ddc7,0,2,official,principal
3939,1,1,0.8111947690302342,probability_native,0.8111947690302342,u_222bacf6bc26ddc7,0,2,official,principal
5367,0,0,0.047296638862420394,probability_native,0.047296638862420394,u_222bacf6bc26ddc7,0,2,official,principal
1313,1,1,0.6662926738209205,probability_native,0.6662926738209205,u_222bacf6bc26ddc7,0,2,official,principal
6177,1,1,0.7262746801048924,probability_native,0.7262746801048924,u_222bacf6bc26ddc7,0,2,official,principal
2301,0,1,0.8628200440449713,probability_native,0.8628200440449713,u_222bacf6bc26ddc7,0,2,official,principal
5087,0,0,0.3515128661325041,probability_native,0.3515128661325041,u_222bacf6bc26ddc7,0,2,official,principal
1704,1,1,0.9076695348149474,probability_native,0.9076695348149474,u_222bacf6bc26ddc7,0,2,official,principal
3843,1,1,0.7826408277867942,probability_native,0.7826408277867942,u_222bacf6bc26ddc7,0,2,official,principal
943,0,0,0.037504787452403425,probability_native,0.037504787452403425,u_222bacf6bc26ddc7,0,2,official,principal
4736,0,0,0.02883056147069946,probability_native,0.02883056147069946,u_222bacf6bc26ddc7,0,2,official,principal
41,0,0,0.0370107696278857,probability_native,0.0370107696278857,u_222bacf6bc26ddc7,0,2,official,principal
5351,1,1,0.6439503188186778,probability_native,0.6439503188186778,u_222bacf6bc26ddc7,0,2,official,principal
4607,0,1,0.5791046081064878,probability_native,0.5791046081064878,u_222bacf6bc26ddc7,0,2,official,principal
6495,1,1,0.8715687056892839,probability_native,0.8715687056892839,u_222bacf6bc26ddc7,0,2,official,principal
5238,0,0,0.13881756955992908,probability_native,0.13881756955992908,u_222bacf6bc26ddc7,0,2,official,principal
4973,0,1,0.6924304181456188,probability_native,0.6924304181456188,u_222bacf6bc26ddc7,0,2,official,principal
6274,0,1,0.5197371747750769,probability_native,0.5197371747750769,u_222bacf6bc26ddc7,0,2,official,principal
5633,0,0,0.3341803037119572,probability_native,0.3341803037119572,u_222bacf6bc26ddc7,0,2,official,principal
5622,1,1,0.7793090987786349,probability_native,0.7793090987786349,u_222bacf6bc26ddc7,0,2,official,principal
1676,0,1,0.8344058361120739,probability_native,0.8344058361120739,u_222bacf6bc26ddc7,0,2,official,principal
833,0,1,0.6411079024175009,probability_native,0.6411079024175009,u_222bacf6bc26ddc7,0,2,official,principal
4584,0,0,0.048440045154988384,probability_native,0.048440045154988384,u_222bacf6bc26ddc7,0,2,official,principal
4330,1,1,0.734004322622889,probability_native,0.734004322622889,u_222bacf6bc26ddc7,0,2,official,principal
1641,0,0,0.055965347167477565,probability_native,0.055965347167477565,u_222bacf6bc26ddc7,0,2,official,principal
4051,0,0,0.23177425907577548,probability_native,0.23177425907577548,u_222bacf6bc26ddc7,0,2,official,principal
6527,1,0,0.4475966495605551,probability_native,0.4475966495605551,u_222bacf6bc26ddc7,0,2,official,principal
5486,0,0,0.09338380309695773,probability_native,0.09338380309695773,u_222bacf6bc26ddc7,0,2,official,principal
4205,0,0,0.16402367776761104,probability_native,0.16402367776761104,u_222bacf6bc26ddc7,0,2,official,principal
6064,1,1,0.8414219460313451,probability_native,0.8414219460313451,u_222bacf6bc26ddc7,0,2,official,principal
6094,0,0,0.025568057437077376,probability_native,0.025568057437077376,u_222bacf6bc26ddc7,0,2,official,principal
3730,1,1,0.5481025099641955,probability_native,0.5481025099641955,u_222bacf6bc26ddc7,0,2,official,principal
740,0,0,0.07709323661392535,probability_native,0.07709323661392535,u_222bacf6bc26ddc7,0,2,official,principal
6145,0,0,0.017857921193140665,probability_native,0.017857921193140665,u_222bacf6bc26ddc7,0,2,official,principal
6236,0,1,0.7833890853524292,probability_native,0.7833890853524292,u_222bacf6bc26ddc7,0,2,official,principal
4544,1,1,0.886809382855823,probability_native,0.886809382855823,u_222bacf6bc26ddc7,0,2,official,principal
4902,0,0,0.20430549907551118,probability_native,0.20430549907551118,u_222bacf6bc26ddc7,0,2,official,principal
1478,1,1,0.7864135307253612,probability_native,0.7864135307253612,u_222bacf6bc26ddc7,0,2,official,principal
749,0,0,0.20150665595536296,probability_native,0.20150665595536296,u_222bacf6bc26ddc7,0,2,official,principal
4164,0,0,0.10257437678435755,probability_native,0.10257437678435755,u_222bacf6bc26ddc7,0,2,official,principal
3153,0,0,0.4477633144659414,probability_native,0.4477633144659414,u_222bacf6bc26ddc7,0,2,official,principal
4399,0,0,0.27118015865571554,probability_native,0.27118015865571554,u_222bacf6bc26ddc7,0,2,official,principal
6370,1,1,0.5689776531821353,probability_native,0.5689776531821353,u_222bacf6bc26ddc7,0,2,official,principal
716,0,0,0.0517136803252153,probability_native,0.0517136803252153,u_222bacf6bc26ddc7,0,2,official,principal
33,0,0,0.38591387989405196,probability_native,0.38591387989405196,u_222bacf6bc26ddc7,0,2,official,principal
1694,1,1,0.8399133837937732,probability_native,0.8399133837937732,u_222bacf6bc26ddc7,0,2,official,principal
6313,1,1,0.9147141298528921,probability_native,0.9147141298528921,u_222bacf6bc26ddc7,0,2,official,principal
5315,1,1,0.7566484494537251,probability_native,0.7566484494537251,u_222bacf6bc26ddc7,0,2,official,principal
4034,0,0,0.4137953516021466,probability_native,0.4137953516021466,u_222bacf6bc26ddc7,0,2,official,principal
6311,0,1,0.6397795287918988,probability_native,0.6397795287918988,u_222bacf6bc26ddc7,0,2,official,principal
6025,0,0,0.17869247346788922,probability_native,0.17869247346788922,u_222bacf6bc26ddc7,0,2,official,principal
6596,0,0,0.08486273872075008,probability_native,0.08486273872075008,u_222bacf6bc26ddc7,0,2,official,principal
3774,0,0,0.29982299962769293,probability_native,0.29982299962769293,u_222bacf6bc26ddc7,0,2,official,principal
2439,0,0,0.10367840742717571,probability_native,0.10367840742717571,u_222bacf6bc26ddc7,0,2,official,principal
3274,0,1,0.6886895416454726,probability_native,0.6886895416454726,u_222bacf6bc26ddc7,0,2,official,principal
5989,1,1,0.9426715620155424,probability_native,0.9426715620155424,u_222bacf6bc26ddc7,0,2,official,principal
1721,1,1,0.6576524986986949,probability_native,0.6576524986986949,u_222bacf6bc26ddc7,0,2,official,principal
3147,0,1,0.7564941720387534,probability_native,0.7564941720387534,u_222bacf6bc26ddc7,0,2,official,principal
5346,0,0,0.07198543632787426,probability_native,0.07198543632787426,u_222bacf6bc26ddc7,0,2,official,principal
193,0,0,0.09549232769261835,probability_native,0.09549232769261835,u_222bacf6bc26ddc7,0,2,official,principal
2039,1,1,0.7858093291225856,probability_native,0.7858093291225856,u_222bacf6bc26ddc7,0,2,official,principal
2307,0,0,0.2585883306677009,probability_native,0.2585883306677009,u_222bacf6bc26ddc7,0,2,official,principal
5885,0,0,0.11041628474438177,probability_native,0.11041628474438177,u_222bacf6bc26ddc7,0,2,official,principal
6661,0,0,0.03420337331097078,probability_native,0.03420337331097078,u_222bacf6bc26ddc7,0,2,official,principal
4647,0,0,0.4459976237616175,probability_native,0.4459976237616175,u_222bacf6bc26ddc7,0,2,official,principal
4313,0,1,0.5337580412927362,probability_native,0.5337580412927362,u_222bacf6bc26ddc7,0,2,official,principal
5479,0,1,0.7756933716585797,probability_native,0.7756933716585797,u_222bacf6bc26ddc7,0,2,official,principal
6815,0,0,0.014644484205758413,probability_native,0.014644484205758413,u_222bacf6bc26ddc7,0,2,official,principal
6892,0,0,0.2826368565263842,probability_native,0.2826368565263842,u_222bacf6bc26ddc7,0,2,official,principal
5541,1,0,0.39331737723544713,probability_native,0.39331737723544713,u_222bacf6bc26ddc7,0,2,official,principal
1884,0,0,0.13879813472054117,probability_native,0.13879813472054117,u_222bacf6bc26ddc7,0,2,official,principal
5437,1,1,0.6968245874017123,probability_native,0.6968245874017123,u_222bacf6bc26ddc7,0,2,official,principal
5142,0,0,0.15354350394337019,probability_native,0.15354350394337019,u_222bacf6bc26ddc7,0,2,official,principal
4127,0,0,0.03802929691007732,probability_native,0.03802929691007732,u_222bacf6bc26ddc7,0,2,official,principal
4597,1,1,0.7930036580976005,probability_native,0.7930036580976005,u_222bacf6bc26ddc7,0,2,official,principal
3830,1,1,0.9165783388329484,probability_native,0.9165783388329484,u_222bacf6bc26ddc7,0,2,official,principal
226,0,0,0.15896208047259847,probability_native,0.15896208047259847,u_222bacf6bc26ddc7,0,2,official,principal
6760,1,1,0.5511708745112607,probability_native,0.5511708745112607,u_222bacf6bc26ddc7,0,2,official,principal
6933,1,1,0.8715102453343085,probability_native,0.8715102453343085,u_222bacf6bc26ddc7,0,2,official,principal
5015,0,0,0.33047233505422274,probability_native,0.33047233505422274,u_222bacf6bc26ddc7,0,2,official,principal
6566,0,0,0.10793069127597504,probability_native,0.10793069127597504,u_222bacf6bc26ddc7,0,2,official,principal
6799,0,0,0.21039341051982816,probability_native,0.21039341051982816,u_222bacf6bc26ddc7,0,2,official,principal
2062,0,0,0.03252875270336726,probability_native,0.03252875270336726,u_222bacf6bc26ddc7,0,2,official,principal
6928,0,0,0.08585499387818438,probability_native,0.08585499387818438,u_222bacf6bc26ddc7,0,2,official,principal
3653,0,0,0.15662352106862337,probability_native,0.15662352106862337,u_222bacf6bc26ddc7,0,2,official,principal
6670,0,0,0.21633343490811663,probability_native,0.21633343490811663,u_222bacf6bc26ddc7,0,2,official,principal
4681,1,1,0.9239810098253927,probability_native,0.9239810098253927,u_222bacf6bc26ddc7,0,2,official,principal
3621,1,1,0.6301398518896145,probability_native,0.6301398518896145,u_222bacf6bc26ddc7,0,2,official,principal
2975,0,1,0.5736891089259947,probability_native,0.5736891089259947,u_222bacf6bc26ddc7,0,2,official,principal
500,0,0,0.32368055964842973,probability_native,0.32368055964842973,u_222bacf6bc26ddc7,0,2,official,principal
355,1,1,0.8204695443859805,probability_native,0.8204695443859805,u_222bacf6bc26ddc7,0,2,official,principal
6260,0,0,0.23513924797874586,probability_native,0.23513924797874586,u_222bacf6bc26ddc7,0,2,official,principal
632,0,0,0.02800049163323418,probability_native,0.02800049163323418,u_222bacf6bc26ddc7,0,2,official,principal
3077,0,0,0.055000468237265884,probability_native,0.055000468237265884,u_222bacf6bc26ddc7,0,2,official,principal
6565,0,1,0.5800790700907464,probability_native,0.5800790700907464,u_222bacf6bc26ddc7,0,2,official,principal
382,0,0,0.04568992998982185,probability_native,0.04568992998982185,u_222bacf6bc26ddc7,0,2,official,principal
6531,0,0,0.4030850543353209,probability_native,0.4030850543353209,u_222bacf6bc26ddc7,0,2,official,principal
2952,0,0,0.1600343715081327,probability_native,0.1600343715081327,u_222bacf6bc26ddc7,0,2,official,principal
1110,0,0,0.042672793546821686,probability_native,0.042672793546821686,u_222bacf6bc26ddc7,0,2,official,principal
2105,1,1,0.8505975579963112,probability_native,0.8505975579963112,u_222bacf6bc26ddc7,0,2,official,principal
570,0,0,0.01886444851450291,probability_native,0.01886444851450291,u_222bacf6bc26ddc7,0,2,official,principal
4910,1,0,0.1411624434427415,probability_native,0.1411624434427415,u_222bacf6bc26ddc7,0,2,official,principal
1673,1,0,0.48659226709323544,probability_native,0.48659226709323544,u_222bacf6bc26ddc7,0,2,official,principal
3434,0,0,0.24925512927934895,probability_native,0.24925512927934895,u_222bacf6bc26ddc7,0,2,official,principal
3326,1,0,0.17760892095475597,probability_native,0.17760892095475597,u_222bacf6bc26ddc7,0,2,official,principal
3097,0,0,0.30055300943553515,probability_native,0.30055300943553515,u_222bacf6bc26ddc7,0,2,official,principal
238,1,1,0.8930004877582538,probability_native,0.8930004877582538,u_222bacf6bc26ddc7,0,2,official,principal
3258,0,1,0.8191899915429881,probability_native,0.8191899915429881,u_222bacf6bc26ddc7,0,2,official,principal
1632,1,0,0.4987469495149786,probability_native,0.4987469495149786,u_222bacf6bc26ddc7,0,2,official,principal
1949,0,0,0.1046501425813921,probability_native,0.1046501425813921,u_222bacf6bc26ddc7,0,2,official,principal
6861,1,1,0.7606053305215278,probability_native,0.7606053305215278,u_222bacf6bc26ddc7,0,2,official,principal
1743,0,0,0.021329922158668618,probability_native,0.021329922158668618,u_222bacf6bc26ddc7,0,2,official,principal
4621,0,1,0.6165538339863169,probability_native,0.6165538339863169,u_222bacf6bc26ddc7,0,2,official,principal
6312,1,0,0.23485699796044007,probability_native,0.23485699796044007,u_222bacf6bc26ddc7,0,2,official,principal
5907,0,1,0.671687602240148,probability_native,0.671687602240148,u_222bacf6bc26ddc7,0,2,official,principal
3072,0,0,0.08345598778285783,probability_native,0.08345598778285783,u_222bacf6bc26ddc7,0,2,official,principal
6026,0,0,0.25338982410641836,probability_native,0.25338982410641836,u_222bacf6bc26ddc7,0,2,official,principal
1164,0,0,0.05459515543220725,probability_native,0.05459515543220725,u_222bacf6bc26ddc7,0,2,official,principal
2514,1,1,0.8458838917203653,probability_native,0.8458838917203653,u_222bacf6bc26ddc7,0,2,official,principal
2133,1,1,0.8862289205463526,probability_native,0.8862289205463526,u_222bacf6bc26ddc7,0,2,official,principal
2384,0,1,0.6606426565795517,probability_native,0.6606426565795517,u_222bacf6bc26ddc7,0,2,official,principal
2208,1,1,0.9383684262375083,probability_native,0.9383684262375083,u_222bacf6bc26ddc7,0,2,official,principal
1826,0,1,0.5811633851695553,probability_native,0.5811633851695553,u_222bacf6bc26ddc7,0,2,official,principal
2025,0,0,0.1050644425340247,probability_native,0.1050644425340247,u_222bacf6bc26ddc7,0,2,official,principal
3456,0,0,0.08370200832913471,probability_native,0.08370200832913471,u_222bacf6bc26ddc7,0,2,official,principal
3943,0,1,0.7208392177829993,probability_native,0.7208392177829993,u_222bacf6bc26ddc7,0,2,official,principal
2889,0,0,0.05479649596155693,probability_native,0.05479649596155693,u_222bacf6bc26ddc7,0,2,official,principal
4861,0,0,0.20388041432380602,probability_native,0.20388041432380602,u_222bacf6bc26ddc7,0,2,official,principal
4663,1,1,0.9052133934942641,probability_native,0.9052133934942641,u_222bacf6bc26ddc7,0,2,official,principal
803,0,0,0.08696793179080539,probability_native,0.08696793179080539,u_222bacf6bc26ddc7,0,2,official,principal
5983,0,1,0.7404282158237557,probability_native,0.7404282158237557,u_222bacf6bc26ddc7,0,2,official,principal
4041,0,0,0.15442911301831674,probability_native,0.15442911301831674,u_222bacf6bc26ddc7,0,2,official,principal
815,0,1,0.7649151261862677,probability_native,0.7649151261862677,u_222bacf6bc26ddc7,0,2,official,principal
4938,1,1,0.6637851777873157,probability_native,0.6637851777873157,u_222bacf6bc26ddc7,0,2,official,principal
4936,0,1,0.546543480639818,probability_native,0.546543480639818,u_222bacf6bc26ddc7,0,2,official,principal
5961,0,1,0.5569870438031428,probability_native,0.5569870438031428,u_222bacf6bc26ddc7,0,2,official,principal
6352,0,1,0.6766312289011053,probability_native,0.6766312289011053,u_222bacf6bc26ddc7,0,2,official,principal
5440,0,0,0.3707592571487518,probability_native,0.3707592571487518,u_222bacf6bc26ddc7,0,2,official,principal
2281,1,1,0.6467771400861061,probability_native,0.6467771400861061,u_222bacf6bc26ddc7,0,2,official,principal
6498,1,1,0.8270739345352011,probability_native,0.8270739345352011,u_222bacf6bc26ddc7,0,2,official,principal
3384,1,1,0.7769764118397241,probability_native,0.7769764118397241,u_222bacf6bc26ddc7,0,2,official,principal
5848,0,0,0.0540645753348704,probability_native,0.0540645753348704,u_222bacf6bc26ddc7,0,2,official,principal
6218,0,0,0.07272464542614936,probability_native,0.07272464542614936,u_222bacf6bc26ddc7,0,2,official,principal
6278,0,0,0.2249074918779368,probability_native,0.2249074918779368,u_222bacf6bc26ddc7,0,2,official,principal
2515,0,0,0.17759566628891532,probability_native,0.17759566628891532,u_222bacf6bc26ddc7,0,2,official,principal
4007,0,0,0.03688465445892517,probability_native,0.03688465445892517,u_222bacf6bc26ddc7,0,2,official,principal
2813,0,0,0.02425983550983862,probability_native,0.02425983550983862,u_222bacf6bc26ddc7,0,2,official,principal
4929,0,0,0.09175998233539669,probability_native,0.09175998233539669,u_222bacf6bc26ddc7,0,2,official,principal
3959,0,0,0.1666293486341739,probability_native,0.1666293486341739,u_222bacf6bc26ddc7,0,2,official,principal
4509,1,1,0.8134843326690868,probability_native,0.8134843326690868,u_222bacf6bc26ddc7,0,2,official,principal
2973,1,0,0.47291185833493077,probability_native,0.47291185833493077,u_222bacf6bc26ddc7,0,2,official,principal
1129,0,1,0.6579526054617337,probability_native,0.6579526054617337,u_222bacf6bc26ddc7,0,2,official,principal
2380,0,0,0.38431399058592924,probability_native,0.38431399058592924,u_222bacf6bc26ddc7,0,2,official,principal
1365,1,0,0.279795729635331,probability_native,0.279795729635331,u_222bacf6bc26ddc7,0,2,official,principal
3778,0,1,0.6297645821358281,probability_native,0.6297645821358281,u_222bacf6bc26ddc7,0,2,official,principal
2041,0,0,0.1657122433944504,probability_native,0.1657122433944504,u_222bacf6bc26ddc7,0,2,official,principal
5463,1,1,0.5471114729458698,probability_native,0.5471114729458698,u_222bacf6bc26ddc7,0,2,official,principal
5258,1,0,0.3013442720705865,probability_native,0.3013442720705865,u_222bacf6bc26ddc7,0,2,official,principal
5813,0,0,0.12623610615328085,probability_native,0.12623610615328085,u_222bacf6bc26ddc7,0,2,official,principal
723,1,1,0.7444251328166643,probability_native,0.7444251328166643,u_222bacf6bc26ddc7,0,2,official,principal
4924,1,1,0.8413822879447591,probability_native,0.8413822879447591,u_222bacf6bc26ddc7,0,2,official,principal
6205,1,1,0.5903523783049828,probability_native,0.5903523783049828,u_222bacf6bc26ddc7,0,2,official,principal
2106,0,0,0.060837684746435194,probability_native,0.060837684746435194,u_222bacf6bc26ddc7,0,2,official,principal
3520,0,0,0.23728649683540637,probability_native,0.23728649683540637,u_222bacf6bc26ddc7,0,2,official,principal
1210,1,1,0.7170585856680697,probability_native,0.7170585856680697,u_222bacf6bc26ddc7,0,2,official,principal
971,0,0,0.46062272145574346,probability_native,0.46062272145574346,u_222bacf6bc26ddc7,0,2,official,principal
4764,1,1,0.752772028281753,probability_native,0.752772028281753,u_222bacf6bc26ddc7,0,2,official,principal
6488,1,1,0.8641729552093553,probability_native,0.8641729552093553,u_222bacf6bc26ddc7,0,2,official,principal
5435,0,0,0.18892150071363079,probability_native,0.18892150071363079,u_222bacf6bc26ddc7,0,2,official,principal
4062,1,1,0.817626460051592,probability_native,0.817626460051592,u_222bacf6bc26ddc7,0,2,official,principal
309,0,0,0.17253735685876292,probability_native,0.17253735685876292,u_222bacf6bc26ddc7,0,2,official,principal
5687,0,0,0.17068273126116323,probability_native,0.17068273126116323,u_222bacf6bc26ddc7,0,2,official,principal
1569,0,0,0.4385576708865603,probability_native,0.4385576708865603,u_222bacf6bc26ddc7,0,2,official,principal
4775,1,1,0.7032073886974204,probability_native,0.7032073886974204,u_222bacf6bc26ddc7,0,2,official,principal
2803,0,0,0.058596019275085356,probability_native,0.058596019275085356,u_222bacf6bc26ddc7,0,2,official,principal
2271,0,1,0.8089106907338219,probability_native,0.8089106907338219,u_222bacf6bc26ddc7,0,2,official,principal
6714,0,1,0.842342525308177,probability_native,0.842342525308177,u_222bacf6bc26ddc7,0,2,official,principal
1498,1,1,0.8307900769640535,probability_native,0.8307900769640535,u_222bacf6bc26ddc7,0,2,official,principal
5596,0,0,0.025806242353604923,probability_native,0.025806242353604923,u_222bacf6bc26ddc7,0,2,official,principal
6738,0,0,0.3914789843198148,probability_native,0.3914789843198148,u_222bacf6bc26ddc7,0,2,official,principal
3095,0,1,0.8140515030035341,probability_native,0.8140515030035341,u_222bacf6bc26ddc7,0,2,official,principal
8,1,1,0.8030719468340967,probability_native,0.8030719468340967,u_222bacf6bc26ddc7,0,2,official,principal
4816,0,0,0.060142443494491764,probability_native,0.060142443494491764,u_222bacf6bc26ddc7,0,2,official,principal
2044,0,0,0.21232204233231264,probability_native,0.21232204233231264,u_222bacf6bc26ddc7,0,2,official,principal
4685,0,0,0.30312387434017574,probability_native,0.30312387434017574,u_222bacf6bc26ddc7,0,2,official,principal
1915,0,0,0.3716222179743379,probability_native,0.3716222179743379,u_222bacf6bc26ddc7,0,2,official,principal
1532,0,0,0.2624111180861078,probability_native,0.2624111180861078,u_222bacf6bc26ddc7,0,2,official,principal
2454,0,0,0.030193797449796684,probability_native,0.030193797449796684,u_222bacf6bc26ddc7,0,2,official,principal
5977,0,0,0.026668688424140486,probability_native,0.026668688424140486,u_222bacf6bc26ddc7,0,2,official,principal
2446,1,1,0.7453866551029944,probability_native,0.7453866551029944,u_222bacf6bc26ddc7,0,2,official,principal
1278,0,0,0.12904469996532208,probability_native,0.12904469996532208,u_222bacf6bc26ddc7,0,2,official,principal
1911,0,0,0.04621124216979435,probability_native,0.04621124216979435,u_222bacf6bc26ddc7,0,2,official,principal
2431,1,1,0.7783647215299043,probability_native,0.7783647215299043,u_222bacf6bc26ddc7,0,2,official,principal
4219,0,0,0.3053144154997698,probability_native,0.3053144154997698,u_222bacf6bc26ddc7,0,2,official,principal
4417,1,1,0.7591436564531967,probability_native,0.7591436564531967,u_222bacf6bc26ddc7,0,2,official,principal
411,0,0,0.08892306500727168,probability_native,0.08892306500727168,u_222bacf6bc26ddc7,0,2,official,principal
612,0,0,0.013571339427637798,probability_native,0.013571339427637798,u_222bacf6bc26ddc7,0,2,official,principal
2073,0,0,0.27908506616276396,probability_native,0.27908506616276396,u_222bacf6bc26ddc7,0,2,official,principal
5752,0,0,0.021737614325784138,probability_native,0.021737614325784138,u_222bacf6bc26ddc7,0,2,official,principal
5164,0,1,0.6726424601153684,probability_native,0.6726424601153684,u_222bacf6bc26ddc7,0,2,official,principal
2606,0,1,0.6920679701305414,probability_native,0.6920679701305414,u_222bacf6bc26ddc7,0,2,official,principal
5673,0,0,0.24286531859042318,probability_native,0.24286531859042318,u_222bacf6bc26ddc7,0,2,official,principal
1876,0,1,0.553990285562572,probability_native,0.553990285562572,u_222bacf6bc26ddc7,0,2,official,principal
2520,0,0,0.06329621460210472,probability_native,0.06329621460210472,u_222bacf6bc26ddc7,0,2,official,principal
5496,0,0,0.040180479392820434,probability_native,0.040180479392820434,u_222bacf6bc26ddc7,0,2,official,principal
6249,0,1,0.8529383230988784,probability_native,0.8529383230988784,u_222bacf6bc26ddc7,0,2,official,principal
5007,0,0,0.20397271543020096,probability_native,0.20397271543020096,u_222bacf6bc26ddc7,0,2,official,principal
4610,1,0,0.20884110835064099,probability_native,0.20884110835064099,u_222bacf6bc26ddc7,0,2,official,principal
5354,0,1,0.8841277019982271,probability_native,0.8841277019982271,u_222bacf6bc26ddc7,0,2,official,principal
2450,0,0,0.12102053223288588,probability_native,0.12102053223288588,u_222bacf6bc26ddc7,0,2,official,principal
3795,0,1,0.8534859859917613,probability_native,0.8534859859917613,u_222bacf6bc26ddc7,0,2,official,principal
5820,0,0,0.09949244164490013,probability_native,0.09949244164490013,u_222bacf6bc26ddc7,0,2,official,principal
4244,0,0,0.02420321565651117,probability_native,0.02420321565651117,u_222bacf6bc26ddc7,0,2,official,principal
5228,0,1,0.5980823044105283,probability_native,0.5980823044105283,u_222bacf6bc26ddc7,0,2,official,principal
5724,1,1,0.8216646270497776,probability_native,0.8216646270497776,u_222bacf6bc26ddc7,0,2,official,principal
3164,0,1,0.7863558170632966,probability_native,0.7863558170632966,u_222bacf6bc26ddc7,0,2,official,principal
5626,0,0,0.4449030695741079,probability_native,0.4449030695741079,u_222bacf6bc26ddc7,0,2,official,principal
2757,0,0,0.08746727447276136,probability_native,0.08746727447276136,u_222bacf6bc26ddc7,0,2,official,principal
5387,0,1,0.6611599678433693,probability_native,0.6611599678433693,u_222bacf6bc26ddc7,0,2,official,principal
3782,0,1,0.831794985924383,probability_native,0.831794985924383,u_222bacf6bc26ddc7,0,2,official,principal
2598,0,1,0.8278290557980521,probability_native,0.8278290557980521,u_222bacf6bc26ddc7,0,2,official,principal
5421,0,0,0.051917616474554354,probability_native,0.051917616474554354,u_222bacf6bc26ddc7,0,2,official,principal
4044,0,0,0.08392465313803193,probability_native,0.08392465313803193,u_222bacf6bc26ddc7,0,2,official,principal
6042,0,0,0.08206842998057015,probability_native,0.08206842998057015,u_222bacf6bc26ddc7,0,2,official,principal
1799,1,1,0.8786405135629928,probability_native,0.8786405135629928,u_222bacf6bc26ddc7,0,2,official,principal
4583,0,0,0.06049277203387407,probability_native,0.06049277203387407,u_222bacf6bc26ddc7,0,2,official,principal
2809,0,0,0.4290327439073585,probability_native,0.4290327439073585,u_222bacf6bc26ddc7,0,2,official,principal
210,1,1,0.6433248794992983,probability_native,0.6433248794992983,u_222bacf6bc26ddc7,0,2,official,principal
2272,0,1,0.6599812768013421,probability_native,0.6599812768013421,u_222bacf6bc26ddc7,0,2,official,principal
4688,0,1,0.5298164796851684,probability_native,0.5298164796851684,u_222bacf6bc26ddc7,0,2,official,principal
3096,0,0,0.0712265262724536,probability_native,0.0712265262724536,u_222bacf6bc26ddc7,0,2,official,principal
5176,0,0,0.2626366717836751,probability_native,0.2626366717836751,u_222bacf6bc26ddc7,0,2,official,principal
5061,0,0,0.0911773197858611,probability_native,0.0911773197858611,u_222bacf6bc26ddc7,0,2,official,principal
2540,0,0,0.13877472644757816,probability_native,0.13877472644757816,u_222bacf6bc26ddc7,0,2,official,principal
4612,0,0,0.03498094739572163,probability_native,0.03498094739572163,u_222bacf6bc26ddc7,0,2,official,principal
878,0,0,0.07765469572725012,probability_native,0.07765469572725012,u_222bacf6bc26ddc7,0,2,official,principal
5464,0,0,0.12263765264502266,probability_native,0.12263765264502266,u_222bacf6bc26ddc7,0,2,official,principal
3353,0,1,0.7551466200986164,probability_native,0.7551466200986164,u_222bacf6bc26ddc7,0,2,official,principal
6687,1,1,0.8575425491979908,probability_native,0.8575425491979908,u_222bacf6bc26ddc7,0,2,official,principal
5244,0,1,0.6423616446232202,probability_native,0.6423616446232202,u_222bacf6bc26ddc7,0,2,official,principal
698,0,0,0.30673865882102025,probability_native,0.30673865882102025,u_222bacf6bc26ddc7,0,2,official,principal
2722,0,0,0.04479104834672189,probability_native,0.04479104834672189,u_222bacf6bc26ddc7,0,2,official,principal
3698,0,1,0.5002884975317549,probability_native,0.5002884975317549,u_222bacf6bc26ddc7,0,2,official,principal
3500,0,0,0.44869566003036176,probability_native,0.44869566003036176,u_222bacf6bc26ddc7,0,2,official,principal
2067,0,0,0.41698385993625475,probability_native,0.41698385993625475,u_222bacf6bc26ddc7,0,2,official,principal
1312,0,0,0.17207650049467405,probability_native,0.17207650049467405,u_222bacf6bc26ddc7,0,2,official,principal
4514,0,1,0.7949531293746419,probability_native,0.7949531293746419,u_222bacf6bc26ddc7,0,2,official,principal
5378,0,0,0.034853890611121104,probability_native,0.034853890611121104,u_222bacf6bc26ddc7,0,2,official,principal
1968,0,0,0.3855942546988956,probability_native,0.3855942546988956,u_222bacf6bc26ddc7,0,2,official,principal
5646,1,0,0.3051559825744702,probability_native,0.3051559825744702,u_222bacf6bc26ddc7,0,2,official,principal
2883,0,0,0.01591332690579295,probability_native,0.01591332690579295,u_222bacf6bc26ddc7,0,2,official,principal
1252,0,0,0.48862425282149935,probability_native,0.48862425282149935,u_222bacf6bc26ddc7,0,2,official,principal
5051,0,0,0.4905149125212322,probability_native,0.4905149125212322,u_222bacf6bc26ddc7,0,2,official,principal
827,0,0,0.239549344922453,probability_native,0.239549344922453,u_222bacf6bc26ddc7,0,2,official,principal
6030,1,0,0.4965563849209447,probability_native,0.4965563849209447,u_222bacf6bc26ddc7,0,2,official,principal
890,0,0,0.40035864123970527,probability_native,0.40035864123970527,u_222bacf6bc26ddc7,0,2,official,principal
590,0,0,0.16697457776780003,probability_native,0.16697457776780003,u_222bacf6bc26ddc7,0,2,official,principal
793,0,0,0.05176955077396536,probability_native,0.05176955077396536,u_222bacf6bc26ddc7,0,2,official,principal
6059,0,0,0.12115105685229778,probability_native,0.12115105685229778,u_222bacf6bc26ddc7,0,2,official,principal
5158,0,0,0.0205477657071819,probability_native,0.0205477657071819,u_222bacf6bc26ddc7,0,2,official,principal
2209,0,0,0.38881087638611694,probability_native,0.38881087638611694,u_222bacf6bc26ddc7,0,2,official,principal
887,0,1,0.5836489077478988,probability_native,0.5836489077478988,u_222bacf6bc26ddc7,0,2,official,principal
1382,0,0,0.04693544981088983,probability_native,0.04693544981088983,u_222bacf6bc26ddc7,0,2,official,principal
3997,0,0,0.06679211917809533,probability_native,0.06679211917809533,u_222bacf6bc26ddc7,0,2,official,principal
3631,1,1,0.6804650608087232,probability_native,0.6804650608087232,u_222bacf6bc26ddc7,0,2,official,principal
3008,0,0,0.17915951493258137,probability_native,0.17915951493258137,u_222bacf6bc26ddc7,0,2,official,principal
2408,0,0,0.026285752544056726,probability_native,0.026285752544056726,u_222bacf6bc26ddc7,0,2,official,principal
435,0,0,0.4505440918445795,probability_native,0.4505440918445795,u_222bacf6bc26ddc7,0,2,official,principal
329,0,1,0.7843277335329412,probability_native,0.7843277335329412,u_222bacf6bc26ddc7,0,2,official,principal
17,0,0,0.13256078585076234,probability_native,0.13256078585076234,u_222bacf6bc26ddc7,0,2,official,principal
5466,0,0,0.19206131105584295,probability_native,0.19206131105584295,u_222bacf6bc26ddc7,0,2,official,principal
1795,1,1,0.7351892906140803,probability_native,0.7351892906140803,u_222bacf6bc26ddc7,0,2,official,principal
4957,0,0,0.46322675076171355,probability_native,0.46322675076171355,u_222bacf6bc26ddc7,0,2,official,principal
419,1,1,0.8220446931549852,probability_native,0.8220446931549852,u_222bacf6bc26ddc7,0,2,official,principal
6818,0,0,0.2005268005290714,probability_native,0.2005268005290714,u_222bacf6bc26ddc7,0,2,official,principal
264,0,0,0.24444194655295062,probability_native,0.24444194655295062,u_222bacf6bc26ddc7,0,2,official,principal
6625,1,1,0.8799778335102901,probability_native,0.8799778335102901,u_222bacf6bc26ddc7,0,2,official,principal
5260,0,1,0.7494484724441016,probability_native,0.7494484724441016,u_222bacf6bc26ddc7,0,2,official,principal
3370,0,0,0.15740323086267216,probability_native,0.15740323086267216,u_222bacf6bc26ddc7,0,2,official,principal
5089,0,1,0.6616095566335018,probability_native,0.6616095566335018,u_222bacf6bc26ddc7,0,2,official,principal
5145,0,0,0.03137755764322518,probability_native,0.03137755764322518,u_222bacf6bc26ddc7,0,2,official,principal
4485,0,0,0.0518995929425751,probability_native,0.0518995929425751,u_222bacf6bc26ddc7,0,2,official,principal
6135,0,0,0.10881615832018493,probability_native,0.10881615832018493,u_222bacf6bc26ddc7,0,2,official,principal
326,0,1,0.8106234509383228,probability_native,0.8106234509383228,u_222bacf6bc26ddc7,0,2,official,principal
1633,0,1,0.6664483813830298,probability_native,0.6664483813830298,u_222bacf6bc26ddc7,0,2,official,principal
728,1,0,0.46948174397855685,probability_native,0.46948174397855685,u_222bacf6bc26ddc7,0,2,official,principal
4988,0,0,0.10014493062575128,probability_native,0.10014493062575128,u_222bacf6bc26ddc7,0,2,official,principal
6068,1,1,0.5667257395819353,probability_native,0.5667257395819353,u_222bacf6bc26ddc7,0,2,official,principal
2891,1,1,0.9002063981348014,probability_native,0.9002063981348014,u_222bacf6bc26ddc7,0,2,official,principal
1965,1,0,0.37006026046928797,probability_native,0.37006026046928797,u_222bacf6bc26ddc7,0,2,official,principal
4714,0,0,0.050300716321539346,probability_native,0.050300716321539346,u_222bacf6bc26ddc7,0,2,official,principal
6484,0,0,0.2168749060972359,probability_native,0.2168749060972359,u_222bacf6bc26ddc7,0,2,official,principal
1137,0,0,0.010266312726510123,probability_native,0.010266312726510123,u_222bacf6bc26ddc7,0,2,official,principal
1393,0,0,0.37659098259944185,probability_native,0.37659098259944185,u_222bacf6bc26ddc7,0,2,official,principal
2945,0,1,0.7051509237050565,probability_native,0.7051509237050565,u_222bacf6bc26ddc7,0,2,official,principal
424,0,0,0.4092558660305695,probability_native,0.4092558660305695,u_222bacf6bc26ddc7,0,2,official,principal
5605,0,0,0.42743728442132817,probability_native,0.42743728442132817,u_222bacf6bc26ddc7,0,2,official,principal
628,0,0,0.25075073744847043,probability_native,0.25075073744847043,u_222bacf6bc26ddc7,0,2,official,principal
4243,0,0,0.15006499229050255,probability_native,0.15006499229050255,u_222bacf6bc26ddc7,0,2,official,principal
206,0,0,0.02772870054508974,probability_native,0.02772870054508974,u_222bacf6bc26ddc7,0,2,official,principal
4031,0,0,0.1939711039548458,probability_native,0.1939711039548458,u_222bacf6bc26ddc7,0,2,official,principal
2667,0,0,0.10412104988469308,probability_native,0.10412104988469308,u_222bacf6bc26ddc7,0,2,official,principal
4129,0,1,0.5404624657921384,probability_native,0.5404624657921384,u_222bacf6bc26ddc7,0,2,official,principal
3635,0,0,0.027153159548092103,probability_native,0.027153159548092103,u_222bacf6bc26ddc7,0,2,official,principal
3601,0,0,0.041403840213213604,probability_native,0.041403840213213604,u_222bacf6bc26ddc7,0,2,official,principal
334,1,1,0.7752659004216746,probability_native,0.7752659004216746,u_222bacf6bc26ddc7,0,2,official,principal
6041,0,0,0.3421762835803543,probability_native,0.3421762835803543,u_222bacf6bc26ddc7,0,2,official,principal
2799,0,0,0.027050242715125444,probability_native,0.027050242715125444,u_222bacf6bc26ddc7,0,2,official,principal
2730,0,0,0.43797093364858886,probability_native,0.43797093364858886,u_222bacf6bc26ddc7,0,2,official,principal
1042,0,1,0.6586039152220131,probability_native,0.6586039152220131,u_222bacf6bc26ddc7,0,2,official,principal
5938,0,1,0.7010947680352394,probability_native,0.7010947680352394,u_222bacf6bc26ddc7,0,2,official,principal
3429,0,0,0.025876757000026066,probability_native,0.025876757000026066,u_222bacf6bc26ddc7,0,2,official,principal
6272,0,0,0.08771205298321941,probability_native,0.08771205298321941,u_222bacf6bc26ddc7,0,2,official,principal
5117,0,0,0.08129894249662076,probability_native,0.08129894249662076,u_222bacf6bc26ddc7,0,2,official,principal
3589,0,0,0.3760066099825446,probability_native,0.3760066099825446,u_222bacf6bc26ddc7,0,2,official,principal
1977,0,1,0.8149400445584153,probability_native,0.8149400445584153,u_222bacf6bc26ddc7,0,2,official,principal
2497,0,0,0.3358084164370093,probability_native,0.3358084164370093,u_222bacf6bc26ddc7,0,2,official,principal
5783,1,1,0.9304290527137127,probability_native,0.9304290527137127,u_222bacf6bc26ddc7,0,2,official,principal
4822,0,0,0.0878981838641544,probability_native,0.0878981838641544,u_222bacf6bc26ddc7,0,2,official,principal
3828,0,0,0.017221260338642425,probability_native,0.017221260338642425,u_222bacf6bc26ddc7,0,2,official,principal
1173,1,1,0.5791174949954958,probability_native,0.5791174949954958,u_222bacf6bc26ddc7,0,2,official,principal
6865,0,0,0.2009478423702342,probability_native,0.2009478423702342,u_222bacf6bc26ddc7,0,2,official,principal
2056,0,0,0.40549147559337323,probability_native,0.40549147559337323,u_222bacf6bc26ddc7,0,2,official,principal
6036,0,0,0.23016597705106012,probability_native,0.23016597705106012,u_222bacf6bc26ddc7,0,2,official,principal
1235,0,0,0.27722323579583497,probability_native,0.27722323579583497,u_222bacf6bc26ddc7,0,2,official,principal
6252,0,0,0.19435784380375956,probability_native,0.19435784380375956,u_222bacf6bc26ddc7,0,2,official,principal
5278,0,0,0.3470583872807265,probability_native,0.3470583872807265,u_222bacf6bc26ddc7,0,2,official,principal
2876,0,0,0.1831948999340548,probability_native,0.1831948999340548,u_222bacf6bc26ddc7,0,2,official,principal
6926,1,0,0.45902224977139067,probability_native,0.45902224977139067,u_222bacf6bc26ddc7,0,2,official,principal
1862,0,0,0.3454573273370463,probability_native,0.3454573273370463,u_222bacf6bc26ddc7,0,2,official,principal
43,0,0,0.04714860030599825,probability_native,0.04714860030599825,u_222bacf6bc26ddc7,0,2,official,principal
1984,1,1,0.7312951187993096,probability_native,0.7312951187993096,u_222bacf6bc26ddc7,0,2,official,principal
3826,0,0,0.1793553270969916,probability_native,0.1793553270969916,u_222bacf6bc26ddc7,0,2,official,principal
6186,1,0,0.3573916031277567,probability_native,0.3573916031277567,u_222bacf6bc26ddc7,0,2,official,principal
6113,0,1,0.6876332054477536,probability_native,0.6876332054477536,u_222bacf6bc26ddc7,0,2,official,principal
127,0,0,0.02678207116986908,probability_native,0.02678207116986908,u_222bacf6bc26ddc7,0,2,official,principal
5004,0,1,0.5390008708778531,probability_native,0.5390008708778531,u_222bacf6bc26ddc7,0,2,official,principal
1784,1,0,0.3485488471772215,probability_native,0.3485488471772215,u_222bacf6bc26ddc7,0,2,official,principal
2354,0,0,0.10485930129968757,probability_native,0.10485930129968757,u_222bacf6bc26ddc7,0,2,official,principal
299,1,1,0.6552033568229273,probability_native,0.6552033568229273,u_222bacf6bc26ddc7,0,2,official,principal
5069,1,1,0.8491230489025395,probability_native,0.8491230489025395,u_222bacf6bc26ddc7,0,2,official,principal
3989,0,1,0.6793718411433008,probability_native,0.6793718411433008,u_222bacf6bc26ddc7,0,2,official,principal
2223,1,1,0.8131262454582263,probability_native,0.8131262454582263,u_222bacf6bc26ddc7,0,2,official,principal
5929,0,0,0.43270768974747686,probability_native,0.43270768974747686,u_222bacf6bc26ddc7,0,2,official,principal
3348,0,0,0.49109473345160404,probability_native,0.49109473345160404,u_222bacf6bc26ddc7,0,2,official,principal
837,1,1,0.5881655149898584,probability_native,0.5881655149898584,u_222bacf6bc26ddc7,0,2,official,principal
801,1,1,0.88844369043567,probability_native,0.88844369043567,u_222bacf6bc26ddc7,0,2,official,principal
5497,1,0,0.213779332195078,probability_native,0.213779332195078,u_222bacf6bc26ddc7,0,2,official,principal
2815,1,1,0.7627247149447851,probability_native,0.7627247149447851,u_222bacf6bc26ddc7,0,2,official,principal
5548,0,0,0.02056148720375539,probability_native,0.02056148720375539,u_222bacf6bc26ddc7,0,2,official,principal
5246,1,1,0.8849186899302482,probability_native,0.8849186899302482,u_222bacf6bc26ddc7,0,2,official,principal
2250,0,0,0.14656811521570834,probability_native,0.14656811521570834,u_222bacf6bc26ddc7,0,2,official,principal
1249,1,1,0.5898087845733149,probability_native,0.5898087845733149,u_222bacf6bc26ddc7,0,2,official,principal
4529,0,0,0.4725903396959804,probability_native,0.4725903396959804,u_222bacf6bc26ddc7,0,2,official,principal
5874,1,1,0.9146089991445221,probability_native,0.9146089991445221,u_222bacf6bc26ddc7,0,2,official,principal
6543,0,0,0.029855348392865425,probability_native,0.029855348392865425,u_222bacf6bc26ddc7,0,2,official,principal
3597,0,1,0.6915974206417339,probability_native,0.6915974206417339,u_222bacf6bc26ddc7,0,2,official,principal
934,0,0,0.3143434649083591,probability_native,0.3143434649083591,u_222bacf6bc26ddc7,0,2,official,principal
96,0,0,0.030023736683683095,probability_native,0.030023736683683095,u_222bacf6bc26ddc7,0,2,official,principal
5276,0,0,0.03968119525043611,probability_native,0.03968119525043611,u_222bacf6bc26ddc7,0,2,official,principal
173,1,0,0.4111151634077238,probability_native,0.4111151634077238,u_222bacf6bc26ddc7,0,2,official,principal
1986,0,0,0.11901071016132259,probability_native,0.11901071016132259,u_222bacf6bc26ddc7,0,2,official,principal
1940,0,0,0.0641099360585635,probability_native,0.0641099360585635,u_222bacf6bc26ddc7,0,2,official,principal
4839,1,1,0.8083028997731748,probability_native,0.8083028997731748,u_222bacf6bc26ddc7,0,2,official,principal
4000,0,1,0.8468923025861861,probability_native,0.8468923025861861,u_222bacf6bc26ddc7,0,2,official,principal
1527,0,0,0.009873086174901607,probability_native,0.009873086174901607,u_222bacf6bc26ddc7,0,2,official,principal
5903,0,0,0.14592846915883428,probability_native,0.14592846915883428,u_222bacf6bc26ddc7,0,2,official,principal
186,0,0,0.46284350242018474,probability_native,0.46284350242018474,u_222bacf6bc26ddc7,0,2,official,principal
4964,1,1,0.7045868184633256,probability_native,0.7045868184633256,u_222bacf6bc26ddc7,0,2,official,principal
4595,0,0,0.04345976718928006,probability_native,0.04345976718928006,u_222bacf6bc26ddc7,0,2,official,principal
1562,0,0,0.3150211422079864,probability_native,0.3150211422079864,u_222bacf6bc26ddc7,0,2,official,principal
4698,1,0,0.15049002141515552,probability_native,0.15049002141515552,u_222bacf6bc26ddc7,0,2,official,principal
5040,0,1,0.5046118355588439,probability_native,0.5046118355588439,u_222bacf6bc26ddc7,0,2,official,principal
3756,1,1,0.7514580457844885,probability_native,0.7514580457844885,u_222bacf6bc26ddc7,0,2,official,principal
5870,1,0,0.39965746455967277,probability_native,0.39965746455967277,u_222bacf6bc26ddc7,0,2,official,principal
5024,0,0,0.019699017143399087,probability_native,0.019699017143399087,u_222bacf6bc26ddc7,0,2,official,principal
6629,0,0,0.08526834383061858,probability_native,0.08526834383061858,u_222bacf6bc26ddc7,0,2,official,principal
6350,0,0,0.3759461881866989,probability_native,0.3759461881866989,u_222bacf6bc26ddc7,0,2,official,principal
2501,0,0,0.014619637634604311,probability_native,0.014619637634604311,u_222bacf6bc26ddc7,0,2,official,principal
2795,1,1,0.8842966175806141,probability_native,0.8842966175806141,u_222bacf6bc26ddc7,0,2,official,principal
4334,0,1,0.6824360616105565,probability_native,0.6824360616105565,u_222bacf6bc26ddc7,0,2,official,principal
5708,0,1,0.7232851500257312,probability_native,0.7232851500257312,u_222bacf6bc26ddc7,0,2,official,principal
5702,1,0,0.34990160839671924,probability_native,0.34990160839671924,u_222bacf6bc26ddc7,0,2,official,principal
3025,0,0,0.016661225615511956,probability_native,0.016661225615511956,u_222bacf6bc26ddc7,0,2,official,principal
2756,1,0,0.37806317129871087,probability_native,0.37806317129871087,u_222bacf6bc26ddc7,0,2,official,principal
241,0,0,0.1576052470689067,probability_native,0.1576052470689067,u_222bacf6bc26ddc7,0,2,official,principal
117,1,1,0.8318193662552485,probability_native,0.8318193662552485,u_222bacf6bc26ddc7,0,2,official,principal
3684,0,1,0.5838796332590697,probability_native,0.5838796332590697,u_222bacf6bc26ddc7,0,2,official,principal
3685,0,0,0.12253906764480857,probability_native,0.12253906764480857,u_222bacf6bc26ddc7,0,2,official,principal
1429,0,0,0.03705567880838369,probability_native,0.03705567880838369,u_222bacf6bc26ddc7,0,2,official,principal
5330,1,1,0.7020744905672658,probability_native,0.7020744905672658,u_222bacf6bc26ddc7,0,2,official,principal
252,1,1,0.7795243116041438,probability_native,0.7795243116041438,u_222bacf6bc26ddc7,0,2,official,principal
4188,1,1,0.8343215724235897,probability_native,0.8343215724235897,u_222bacf6bc26ddc7,0,2,official,principal
6961,1,1,0.6928552448961328,probability_native,0.6928552448961328,u_222bacf6bc26ddc7,0,2,official,principal
2410,0,1,0.5368975866550084,probability_native,0.5368975866550084,u_222bacf6bc26ddc7,0,2,official,principal
71,0,0,0.058651258513959276,probability_native,0.058651258513959276,u_222bacf6bc26ddc7,0,2,official,principal
3917,1,1,0.8507000943652343,probability_native,0.8507000943652343,u_222bacf6bc26ddc7,0,2,official,principal
6241,1,1,0.7292403231510197,probability_native,0.7292403231510197,u_222bacf6bc26ddc7,0,2,official,principal
4335,0,1,0.8509504131039167,probability_native,0.8509504131039167,u_222bacf6bc26ddc7,0,2,official,principal
5267,0,0,0.20636917483970862,probability_native,0.20636917483970862,u_222bacf6bc26ddc7,0,2,official,principal
5947,1,0,0.07485935339110272,probability_native,0.07485935339110272,u_222bacf6bc26ddc7,0,2,official,principal
1482,0,1,0.8967407072318597,probability_native,0.8967407072318597,u_222bacf6bc26ddc7,0,2,official,principal
3222,0,1,0.5877401793118845,probability_native,0.5877401793118845,u_222bacf6bc26ddc7,0,2,official,principal
6923,0,0,0.0966003450615268,probability_native,0.0966003450615268,u_222bacf6bc26ddc7,0,2,official,principal
2587,0,0,0.07356524913415399,probability_native,0.07356524913415399,u_222bacf6bc26ddc7,0,2,official,principal
5771,0,0,0.28501917977490276,probability_native,0.28501917977490276,u_222bacf6bc26ddc7,0,2,official,principal
99,1,1,0.8190714434114649,probability_native,0.8190714434114649,u_222bacf6bc26ddc7,0,2,official,principal
6464,0,0,0.2929697903158013,probability_native,0.2929697903158013,u_222bacf6bc26ddc7,0,2,official,principal
1356,0,1,0.7954029854134707,probability_native,0.7954029854134707,u_222bacf6bc26ddc7,0,2,official,principal
6989,0,0,0.27855999944646415,probability_native,0.27855999944646415,u_222bacf6bc26ddc7,0,2,official,principal
2492,1,1,0.6848606478918997,probability_native,0.6848606478918997,u_222bacf6bc26ddc7,0,2,official,principal
1981,1,0,0.49198425291440934,probability_native,0.49198425291440934,u_222bacf6bc26ddc7,0,2,official,principal
3833,0,1,0.6656940296650408,probability_native,0.6656940296650408,u_222bacf6bc26ddc7,0,2,official,principal
1138,0,0,0.4980530190759472,probability_native,0.4980530190759472,u_222bacf6bc26ddc7,0,2,official,principal
2746,0,0,0.0454573848653718,probability_native,0.0454573848653718,u_222bacf6bc26ddc7,0,2,official,principal
2336,1,1,0.7122744668190077,probability_native,0.7122744668190077,u_222bacf6bc26ddc7,0,2,official,principal
6338,0,0,0.47959665888442593,probability_native,0.47959665888442593,u_222bacf6bc26ddc7,0,2,official,principal
5171,0,0,0.45008146872855676,probability_native,0.45008146872855676,u_222bacf6bc26ddc7,0,2,official,principal
2395,0,1,0.7009367038792207,probability_native,0.7009367038792207,u_222bacf6bc26ddc7,0,2,official,principal
2738,0,0,0.08118244826752834,probability_native,0.08118244826752834,u_222bacf6bc26ddc7,0,2,official,principal
1066,0,0,0.03716187831529907,probability_native,0.03716187831529907,u_222bacf6bc26ddc7,0,2,official,principal
1342,0,0,0.1484127123792666,probability_native,0.1484127123792666,u_222bacf6bc26ddc7,0,2,official,principal
4547,0,0,0.4804183583173985,probability_native,0.4804183583173985,u_222bacf6bc26ddc7,0,2,official,principal
1666,0,0,0.1514953745322164,probability_native,0.1514953745322164,u_222bacf6bc26ddc7,0,2,official,principal
2668,1,0,0.30626427662195416,probability_native,0.30626427662195416,u_222bacf6bc26ddc7,0,2,official,principal
2119,0,0,0.0504751760896477,probability_native,0.0504751760896477,u_222bacf6bc26ddc7,0,2,official,principal
534,1,1,0.9228700527827368,probability_native,0.9228700527827368,u_222bacf6bc26ddc7,0,2,official,principal
2937,0,0,0.30955202136399296,probability_native,0.30955202136399296,u_222bacf6bc26ddc7,0,2,official,principal
3352,1,1,0.8891125972736459,probability_native,0.8891125972736459,u_222bacf6bc26ddc7,0,2,official,principal
561,0,1,0.515269597777558,probability_native,0.515269597777558,u_222bacf6bc26ddc7,0,2,official,principal
1215,1,1,0.8474963132747588,probability_native,0.8474963132747588,u_222bacf6bc26ddc7,0,2,official,principal
3144,0,0,0.342126345518226,probability_native,0.342126345518226,u_222bacf6bc26ddc7,0,2,official,principal
4522,0,0,0.08664815952314996,probability_native,0.08664815952314996,u_222bacf6bc26ddc7,0,2,official,principal
2692,0,0,0.4710115648152769,probability_native,0.4710115648152769,u_222bacf6bc26ddc7,0,2,official,principal
5420,0,0,0.10927705858816732,probability_native,0.10927705858816732,u_222bacf6bc26ddc7,0,2,official,principal
3639,0,0,0.4718946397531201,probability_native,0.4718946397531201,u_222bacf6bc26ddc7,0,2,official,principal
243,0,0,0.3331980057502066,probability_native,0.3331980057502066,u_222bacf6bc26ddc7,0,2,official,principal
1281,0,0,0.10291677170738332,probability_native,0.10291677170738332,u_222bacf6bc26ddc7,0,2,official,principal
6243,0,0,0.048852086084108834,probability_native,0.048852086084108834,u_222bacf6bc26ddc7,0,2,official,principal
4903,1,1,0.8817187444630714,probability_native,0.8817187444630714,u_222bacf6bc26ddc7,0,2,official,principal
6591,1,1,0.7984803897204071,probability_native,0.7984803897204071,u_222bacf6bc26ddc7,0,2,official,principal
3238,0,0,0.048508428771329784,probability_native,0.048508428771329784,u_222bacf6bc26ddc7,0,2,official,principal
6095,0,0,0.4455841528363518,probability_native,0.4455841528363518,u_222bacf6bc26ddc7,0,2,official,principal
646,1,1,0.6749036378393984,probability_native,0.6749036378393984,u_222bacf6bc26ddc7,0,2,official,principal
6983,0,0,0.4281379246532901,probability_native,0.4281379246532901,u_222bacf6bc26ddc7,0,2,official,principal
757,0,0,0.35643281814833583,probability_native,0.35643281814833583,u_222bacf6bc26ddc7,0,2,official,principal
6737,0,0,0.22992637332466082,probability_native,0.22992637332466082,u_222bacf6bc26ddc7,0,2,official,principal
242,0,0,0.11889211918708949,probability_native,0.11889211918708949,u_222bacf6bc26ddc7,0,2,official,principal
3256,0,0,0.04201192930166162,probability_native,0.04201192930166162,u_222bacf6bc26ddc7,0,2,official,principal
6925,0,0,0.15555764816273016,probability_native,0.15555764816273016,u_222bacf6bc26ddc7,0,2,official,principal
1927,1,1,0.5384563977061843,probability_native,0.5384563977061843,u_222bacf6bc26ddc7,0,2,official,principal
6001,0,1,0.7404213401617762,probability_native,0.7404213401617762,u_222bacf6bc26ddc7,0,2,official,principal
4643,0,1,0.6882324092134773,probability_native,0.6882324092134773,u_222bacf6bc26ddc7,0,2,official,principal
4110,0,0,0.02516230020903137,probability_native,0.02516230020903137,u_222bacf6bc26ddc7,0,2,official,principal
611,1,0,0.18608091807303395,probability_native,0.18608091807303395,u_222bacf6bc26ddc7,0,2,official,principal
4917,0,0,0.25836543470799145,probability_native,0.25836543470799145,u_222bacf6bc26ddc7,0,2,official,principal
4937,0,0,0.11807576550402146,probability_native,0.11807576550402146,u_222bacf6bc26ddc7,0,2,official,principal
2392,0,1,0.7750406215721258,probability_native,0.7750406215721258,u_222bacf6bc26ddc7,0,2,official,principal
3378,0,0,0.030981456971777233,probability_native,0.030981456971777233,u_222bacf6bc26ddc7,0,2,official,principal
345,0,1,0.9085536645612424,probability_native,0.9085536645612424,u_222bacf6bc26ddc7,0,2,official,principal
3356,1,1,0.5213289421798364,probability_native,0.5213289421798364,u_222bacf6bc26ddc7,0,2,official,principal
6508,1,1,0.7439676966022357,probability_native,0.7439676966022357,u_222bacf6bc26ddc7,0,2,official,principal
1503,0,1,0.6274493017738219,probability_native,0.6274493017738219,u_222bacf6bc26ddc7,0,2,official,principal
2611,1,1,0.8284765033791235,probability_native,0.8284765033791235,u_222bacf6bc26ddc7,0,2,official,principal
6580,0,0,0.1080552616119036,probability_native,0.1080552616119036,u_222bacf6bc26ddc7,0,2,official,principal
3093,0,0,0.12999994894866232,probability_native,0.12999994894866232,u_222bacf6bc26ddc7,0,2,official,principal
3385,1,1,0.9194095848780436,probability_native,0.9194095848780436,u_222bacf6bc26ddc7,0,2,official,principal
5428,1,1,0.852873918770863,probability_native,0.852873918770863,u_222bacf6bc26ddc7,0,2,official,principal
5602,0,0,0.328380089053308,probability_native,0.328380089053308,u_222bacf6bc26ddc7,0,2,official,principal
6439,0,1,0.5337174653190891,probability_native,0.5337174653190891,u_222bacf6bc26ddc7,0,2,official,principal
167,0,0,0.05680529474706634,probability_native,0.05680529474706634,u_222bacf6bc26ddc7,0,2,official,principal
2862,1,1,0.8342254826063098,probability_native,0.8342254826063098,u_222bacf6bc26ddc7,0,2,official,principal
756,0,0,0.01866455872134872,probability_native,0.01866455872134872,u_222bacf6bc26ddc7,0,2,official,principal
4005,1,1,0.546156530930913,probability_native,0.546156530930913,u_222bacf6bc26ddc7,0,2,official,principal
2316,0,0,0.3621522238820031,probability_native,0.3621522238820031,u_222bacf6bc26ddc7,0,2,official,principal
5296,0,0,0.06953853954786791,probability_native,0.06953853954786791,u_222bacf6bc26ddc7,0,2,official,principal
2863,0,1,0.5886713476127974,probability_native,0.5886713476127974,u_222bacf6bc26ddc7,0,2,official,principal
2461,0,0,0.020923847716522555,probability_native,0.020923847716522555,u_222bacf6bc26ddc7,0,2,official,principal
705,1,1,0.5073789953525935,probability_native,0.5073789953525935,u_222bacf6bc26ddc7,0,2,official,principal
1229,0,0,0.051194112574577656,probability_native,0.051194112574577656,u_222bacf6bc26ddc7,0,2,official,principal
2689,0,0,0.1562533641726229,probability_native,0.1562533641726229,u_222bacf6bc26ddc7,0,2,official,principal
6895,0,0,0.05995752228892927,probability_native,0.05995752228892927,u_222bacf6bc26ddc7,0,2,official,principal
6461,0,0,0.4700399071483208,probability_native,0.4700399071483208,u_222bacf6bc26ddc7,0,2,official,principal
5099,1,0,0.20496528565494532,probability_native,0.20496528565494532,u_222bacf6bc26ddc7,0,2,official,principal
4712,0,0,0.3908518699935677,probability_native,0.3908518699935677,u_222bacf6bc26ddc7,0,2,official,principal
274,1,1,0.7612143634325091,probability_native,0.7612143634325091,u_222bacf6bc26ddc7,0,2,official,principal
5368,1,1,0.8833775794355305,probability_native,0.8833775794355305,u_222bacf6bc26ddc7,0,2,official,principal
1223,1,1,0.8901342976271519,probability_native,0.8901342976271519,u_222bacf6bc26ddc7,0,2,official,principal
3444,0,0,0.14943400930571255,probability_native,0.14943400930571255,u_222bacf6bc26ddc7,0,2,official,principal
6163,0,1,0.8326378449973963,probability_native,0.8326378449973963,u_222bacf6bc26ddc7,0,2,official,principal
1742,1,1,0.8066003309658735,probability_native,0.8066003309658735,u_222bacf6bc26ddc7,0,2,official,principal
5750,1,1,0.829959065864135,probability_native,0.829959065864135,u_222bacf6bc26ddc7,0,2,official,principal
4435,0,1,0.7243237628188698,probability_native,0.7243237628188698,u_222bacf6bc26ddc7,0,2,official,principal
6046,0,1,0.7987842977354662,probability_native,0.7987842977354662,u_222bacf6bc26ddc7,0,2,official,principal
5088,0,0,0.01665122973147819,probability_native,0.01665122973147819,u_222bacf6bc26ddc7,0,2,official,principal
5416,0,0,0.37334959327376205,probability_native,0.37334959327376205,u_222bacf6bc26ddc7,0,2,official,principal
459,0,1,0.9001546335311794,probability_native,0.9001546335311794,u_222bacf6bc26ddc7,0,2,official,principal
6295,0,0,0.02324709277414496,probability_native,0.02324709277414496,u_222bacf6bc26ddc7,0,2,official,principal
2941,0,0,0.12426576633903179,probability_native,0.12426576633903179,u_222bacf6bc26ddc7,0,2,official,principal
2284,0,0,0.3542050873499375,probability_native,0.3542050873499375,u_222bacf6bc26ddc7,0,2,official,principal
3608,1,1,0.6542983375073123,probability_native,0.6542983375073123,u_222bacf6bc26ddc7,0,2,official,principal
6742,0,0,0.07876813906503766,probability_native,0.07876813906503766,u_222bacf6bc26ddc7,0,2,official,principal
2628,0,1,0.6016981089378352,probability_native,0.6016981089378352,u_222bacf6bc26ddc7,0,2,official,principal
2713,0,0,0.4801179727396022,probability_native,0.4801179727396022,u_222bacf6bc26ddc7,0,2,official,principal
1800,0,1,0.6658052871831215,probability_native,0.6658052871831215,u_222bacf6bc26ddc7,0,2,official,principal
2469,0,0,0.09866945002820858,probability_native,0.09866945002820858,u_222bacf6bc26ddc7,0,2,official,principal
3321,0,0,0.025565901959920947,probability_native,0.025565901959920947,u_222bacf6bc26ddc7,0,2,official,principal
823,0,1,0.5556627421560696,probability_native,0.5556627421560696,u_222bacf6bc26ddc7,0,2,official,principal
952,0,0,0.24060204865136126,probability_native,0.24060204865136126,u_222bacf6bc26ddc7,0,2,official,principal
1198,0,0,0.06226248531386379,probability_native,0.06226248531386379,u_222bacf6bc26ddc7,0,2,official,principal
3758,0,0,0.4624257129597852,probability_native,0.4624257129597852,u_222bacf6bc26ddc7,0,2,official,principal
1361,1,1,0.8212430879891902,probability_native,0.8212430879891902,u_222bacf6bc26ddc7,0,2,official,principal
2575,0,0,0.13282217146442424,probability_native,0.13282217146442424,u_222bacf6bc26ddc7,0,2,official,principal
81,0,1,0.608291491361653,probability_native,0.608291491361653,u_222bacf6bc26ddc7,0,2,official,principal
56,0,0,0.24958873774055634,probability_native,0.24958873774055634,u_222bacf6bc26ddc7,0,2,official,principal
5461,0,0,0.056271907839167204,probability_native,0.056271907839167204,u_222bacf6bc26ddc7,0,2,official,principal
3116,0,0,0.33162530886621205,probability_native,0.33162530886621205,u_222bacf6bc26ddc7,0,2,official,principal
4767,0,0,0.16793300662042346,probability_native,0.16793300662042346,u_222bacf6bc26ddc7,0,2,official,principal
114,0,0,0.10077193023003056,probability_native,0.10077193023003056,u_222bacf6bc26ddc7,0,2,official,principal
5005,1,0,0.32104758547663304,probability_native,0.32104758547663304,u_222bacf6bc26ddc7,0,2,official,principal
5591,1,1,0.9157096437117841,probability_native,0.9157096437117841,u_222bacf6bc26ddc7,0,2,official,principal
1786,1,0,0.38414845812028353,probability_native,0.38414845812028353,u_222bacf6bc26ddc7,0,2,official,principal
836,0,0,0.03554904910874779,probability_native,0.03554904910874779,u_222bacf6bc26ddc7,0,2,official,principal
2273,0,0,0.08601230582271531,probability_native,0.08601230582271531,u_222bacf6bc26ddc7,0,2,official,principal
2114,0,0,0.17430253884340066,probability_native,0.17430253884340066,u_222bacf6bc26ddc7,0,2,official,principal
395,0,0,0.06697525458431587,probability_native,0.06697525458431587,u_222bacf6bc26ddc7,0,2,official,principal
6758,0,0,0.2294086214210362,probability_native,0.2294086214210362,u_222bacf6bc26ddc7,0,2,official,principal
6700,0,0,0.2622757807070356,probability_native,0.2622757807070356,u_222bacf6bc26ddc7,0,2,official,principal
1413,0,0,0.04334308414564477,probability_native,0.04334308414564477,u_222bacf6bc26ddc7,0,2,official,principal
5685,0,0,0.04104610112004475,probability_native,0.04104610112004475,u_222bacf6bc26ddc7,0,2,official,principal
3858,0,0,0.13439277340144856,probability_native,0.13439277340144856,u_222bacf6bc26ddc7,0,2,official,principal
6129,0,0,0.3767994731675207,probability_native,0.3767994731675207,u_222bacf6bc26ddc7,0,2,official,principal
4968,0,0,0.13480376752146697,probability_native,0.13480376752146697,u_222bacf6bc26ddc7,0,2,official,principal
5550,0,0,0.158711889485712,probability_native,0.158711889485712,u_222bacf6bc26ddc7,0,2,official,principal
4262,1,1,0.5279811554473894,probability_native,0.5279811554473894,u_222bacf6bc26ddc7,0,2,official,principal
4641,0,1,0.6642859135730821,probability_native,0.6642859135730821,u_222bacf6bc26ddc7,0,2,official,principal
4944,0,0,0.35592824870736717,probability_native,0.35592824870736717,u_222bacf6bc26ddc7,0,2,official,principal
6897,0,0,0.2049875576997668,probability_native,0.2049875576997668,u_222bacf6bc26ddc7,0,2,official,principal
5292,0,0,0.10721123157395228,probability_native,0.10721123157395228,u_222bacf6bc26ddc7,0,2,official,principal
4590,0,0,0.16272635127228427,probability_native,0.16272635127228427,u_222bacf6bc26ddc7,0,2,official,principal
1425,0,1,0.6686657204378258,probability_native,0.6686657204378258,u_222bacf6bc26ddc7,0,2,official,principal
6442,0,0,0.032865797397320526,probability_native,0.032865797397320526,u_222bacf6bc26ddc7,0,2,official,principal
86,0,0,0.19984610107530554,probability_native,0.19984610107530554,u_222bacf6bc26ddc7,0,2,official,principal
6807,0,0,0.1449812672844534,probability_native,0.1449812672844534,u_222bacf6bc26ddc7,0,2,official,principal
639,1,1,0.9001127697081067,probability_native,0.9001127697081067,u_222bacf6bc26ddc7,0,2,official,principal
6020,0,0,0.13688448889109484,probability_native,0.13688448889109484,u_222bacf6bc26ddc7,0,2,official,principal
1300,0,0,0.19268832911051595,probability_native,0.19268832911051595,u_222bacf6bc26ddc7,0,2,official,principal
2661,0,0,0.035723491316916184,probability_native,0.035723491316916184,u_222bacf6bc26ddc7,0,2,official,principal
5658,0,1,0.8779837271227008,probability_native,0.8779837271227008,u_222bacf6bc26ddc7,0,2,official,principal
3407,0,0,0.027003992485066675,probability_native,0.027003992485066675,u_222bacf6bc26ddc7,0,2,official,principal
4002,0,0,0.02745724240993317,probability_native,0.02745724240993317,u_222bacf6bc26ddc7,0,2,official,principal
3066,0,1,0.8115884382828582,probability_native,0.8115884382828582,u_222bacf6bc26ddc7,0,2,official,principal
2893,1,0,0.4159066328589122,probability_native,0.4159066328589122,u_222bacf6bc26ddc7,0,2,official,principal
4649,0,0,0.1432014674191666,probability_native,0.1432014674191666,u_222bacf6bc26ddc7,0,2,official,principal
5932,1,1,0.9009961780824086,probability_native,0.9009961780824086,u_222bacf6bc26ddc7,0,2,official,principal
2061,1,1,0.5014154306124724,probability_native,0.5014154306124724,u_222bacf6bc26ddc7,0,2,official,principal
5739,0,0,0.20215995916366958,probability_native,0.20215995916366958,u_222bacf6bc26ddc7,0,2,official,principal
5945,0,0,0.26730239137377365,probability_native,0.26730239137377365,u_222bacf6bc26ddc7,0,2,official,principal
547,0,0,0.3103409482188082,probability_native,0.3103409482188082,u_222bacf6bc26ddc7,0,2,official,principal
4966,0,0,0.3685669437034751,probability_native,0.3685669437034751,u_222bacf6bc26ddc7,0,2,official,principal
5901,1,1,0.5328028959472001,probability_native,0.5328028959472001,u_222bacf6bc26ddc7,0,2,official,principal
88,0,0,0.035833466236417956,probability_native,0.035833466236417956,u_222bacf6bc26ddc7,0,2,official,principal
4451,0,1,0.7656868565784,probability_native,0.7656868565784,u_222bacf6bc26ddc7,0,2,official,principal
5441,1,0,0.024255320711471136,probability_native,0.024255320711471136,u_222bacf6bc26ddc7,0,2,official,principal
3502,0,0,0.3642146261428869,probability_native,0.3642146261428869,u_222bacf6bc26ddc7,0,2,official,principal
6936,1,1,0.8010679770498164,probability_native,0.8010679770498164,u_222bacf6bc26ddc7,0,2,official,principal
1268,1,0,0.4237168568357629,probability_native,0.4237168568357629,u_222bacf6bc26ddc7,0,2,official,principal
1211,1,1,0.6365724599267278,probability_native,0.6365724599267278,u_222bacf6bc26ddc7,0,2,official,principal
549,0,0,0.2718017153457522,probability_native,0.2718017153457522,u_222bacf6bc26ddc7,0,2,official,principal
5251,1,1,0.8135160051118231,probability_native,0.8135160051118231,u_222bacf6bc26ddc7,0,2,official,principal
67,0,0,0.149401135474571,probability_native,0.149401135474571,u_222bacf6bc26ddc7,0,2,official,principal
3275,0,0,0.11587248307784505,probability_native,0.11587248307784505,u_222bacf6bc26ddc7,0,2,official,principal
897,0,0,0.40193201282700186,probability_native,0.40193201282700186,u_222bacf6bc26ddc7,0,2,official,principal
50,0,1,0.7370588391565689,probability_native,0.7370588391565689,u_222bacf6bc26ddc7,0,2,official,principal
2171,0,1,0.7128068201706261,probability_native,0.7128068201706261,u_222bacf6bc26ddc7,0,2,official,principal
3660,0,0,0.42937519755937553,probability_native,0.42937519755937553,u_222bacf6bc26ddc7,0,2,official,principal
5604,0,1,0.8029993232509752,probability_native,0.8029993232509752,u_222bacf6bc26ddc7,0,2,official,principal
6405,0,0,0.43331609260509835,probability_native,0.43331609260509835,u_222bacf6bc26ddc7,0,2,official,principal
1293,0,0,0.17237589101630454,probability_native,0.17237589101630454,u_222bacf6bc26ddc7,0,2,official,principal
5546,0,0,0.40560004250119,probability_native,0.40560004250119,u_222bacf6bc26ddc7,0,2,official,principal
4204,0,1,0.8906953285138233,probability_native,0.8906953285138233,u_222bacf6bc26ddc7,0,2,official,principal
3262,1,1,0.594224186016977,probability_native,0.594224186016977,u_222bacf6bc26ddc7,0,2,official,principal
1055,0,0,0.07469325868464531,probability_native,0.07469325868464531,u_222bacf6bc26ddc7,0,2,official,principal
467,0,0,0.265423172303202,probability_native,0.265423172303202,u_222bacf6bc26ddc7,0,2,official,principal
1390,0,0,0.019034791512208195,probability_native,0.019034791512208195,u_222bacf6bc26ddc7,0,2,official,principal
3612,0,1,0.8236443233487883,probability_native,0.8236443233487883,u_222bacf6bc26ddc7,0,2,official,principal
4558,1,1,0.8661726622608243,probability_native,0.8661726622608243,u_222bacf6bc26ddc7,0,2,official,principal
4086,0,0,0.022790253039564452,probability_native,0.022790253039564452,u_222bacf6bc26ddc7,0,2,official,principal
3819,0,0,0.1650822377992656,probability_native,0.1650822377992656,u_222bacf6bc26ddc7,0,2,official,principal
4493,0,0,0.09191816875485971,probability_native,0.09191816875485971,u_222bacf6bc26ddc7,0,2,official,principal
2135,0,0,0.49773281231381045,probability_native,0.49773281231381045,u_222bacf6bc26ddc7,0,2,official,principal
166,1,1,0.790316100577681,probability_native,0.790316100577681,u_222bacf6bc26ddc7,0,2,official,principal
6087,0,0,0.3031359893117193,probability_native,0.3031359893117193,u_222bacf6bc26ddc7,0,2,official,principal
3295,0,0,0.01804064550459543,probability_native,0.01804064550459543,u_222bacf6bc26ddc7,0,2,official,principal
998,0,0,0.014205966805813363,probability_native,0.014205966805813363,u_222bacf6bc26ddc7,0,2,official,principal
2374,0,0,0.3865586683517362,probability_native,0.3865586683517362,u_222bacf6bc26ddc7,0,2,official,principal
5688,0,0,0.046421117005314205,probability_native,0.046421117005314205,u_222bacf6bc26ddc7,0,2,official,principal
6916,0,0,0.02991182508339268,probability_native,0.02991182508339268,u_222bacf6bc26ddc7,0,2,official,principal
5518,1,1,0.6100067059743749,probability_native,0.6100067059743749,u_222bacf6bc26ddc7,0,2,official,principal
5742,0,0,0.1770910717930539,probability_native,0.1770910717930539,u_222bacf6bc26ddc7,0,2,official,principal
614,0,0,0.11070073362880904,probability_native,0.11070073362880904,u_222bacf6bc26ddc7,0,2,official,principal
515,1,1,0.5902636884563657,probability_native,0.5902636884563657,u_222bacf6bc26ddc7,0,2,official,principal
4312,0,0,0.09367502514130768,probability_native,0.09367502514130768,u_222bacf6bc26ddc7,0,2,official,principal
1758,0,0,0.016572690031496536,probability_native,0.016572690031496536,u_222bacf6bc26ddc7,0,2,official,principal
3416,0,1,0.5299351207834414,probability_native,0.5299351207834414,u_222bacf6bc26ddc7,0,2,official,principal
6413,1,1,0.6466071808746018,probability_native,0.6466071808746018,u_222bacf6bc26ddc7,0,2,official,principal
6722,0,0,0.3370401212345851,probability_native,0.3370401212345851,u_222bacf6bc26ddc7,0,2,official,principal
171,1,1,0.8996517889205722,probability_native,0.8996517889205722,u_222bacf6bc26ddc7,0,2,official,principal
2483,1,1,0.5236708615019181,probability_native,0.5236708615019181,u_222bacf6bc26ddc7,0,2,official,principal
2555,0,1,0.6491391706074507,probability_native,0.6491391706074507,u_222bacf6bc26ddc7,0,2,official,principal
1507,0,0,0.02747929985467245,probability_native,0.02747929985467245,u_222bacf6bc26ddc7,0,2,official,principal
5447,0,1,0.5616580767940587,probability_native,0.5616580767940587,u_222bacf6bc26ddc7,0,2,official,principal
5920,0,1,0.8286271891677931,probability_native,0.8286271891677931,u_222bacf6bc26ddc7,0,2,official,principal
5340,0,0,0.19622783506936167,probability_native,0.19622783506936167,u_222bacf6bc26ddc7,0,2,official,principal
1570,0,0,0.058765302433862056,probability_native,0.058765302433862056,u_222bacf6bc26ddc7,0,2,official,principal
5320,0,0,0.03663185631339269,probability_native,0.03663185631339269,u_222bacf6bc26ddc7,0,2,official,principal
6080,1,1,0.580491971570731,probability_native,0.580491971570731,u_222bacf6bc26ddc7,0,2,official,principal
6949,0,0,0.17451319332277127,probability_native,0.17451319332277127,u_222bacf6bc26ddc7,0,2,official,principal
3049,1,0,0.4541839732257883,probability_native,0.4541839732257883,u_222bacf6bc26ddc7,0,2,official,principal
5265,0,0,0.28979642332460753,probability_native,0.28979642332460753,u_222bacf6bc26ddc7,0,2,official,principal
2769,1,0,0.25419594115527716,probability_native,0.25419594115527716,u_222bacf6bc26ddc7,0,2,official,principal
1161,1,1,0.6305176815138881,probability_native,0.6305176815138881,u_222bacf6bc26ddc7,0,2,official,principal
359,0,0,0.4133204693936085,probability_native,0.4133204693936085,u_222bacf6bc26ddc7,0,2,official,principal
6198,0,0,0.07132641758217867,probability_native,0.07132641758217867,u_222bacf6bc26ddc7,0,2,official,principal
4336,0,0,0.17698279556513252,probability_native,0.17698279556513252,u_222bacf6bc26ddc7,0,2,official,principal
518,1,1,0.5648682089198719,probability_native,0.5648682089198719,u_222bacf6bc26ddc7,0,2,official,principal
2570,1,1,0.7892367307285877,probability_native,0.7892367307285877,u_222bacf6bc26ddc7,0,2,official,principal
4657,0,0,0.35258550486823037,probability_native,0.35258550486823037,u_222bacf6bc26ddc7,0,2,official,principal
3264,0,1,0.7296451867047453,probability_native,0.7296451867047453,u_222bacf6bc26ddc7,0,2,official,principal
4611,0,0,0.023870655245167547,probability_native,0.023870655245167547,u_222bacf6bc26ddc7,0,2,official,principal
3529,0,1,0.8680931373787968,probability_native,0.8680931373787968,u_222bacf6bc26ddc7,0,2,official,principal
482,0,1,0.8614651006757533,probability_native,0.8614651006757533,u_222bacf6bc26ddc7,0,2,official,principal
3941,0,0,0.31999899885613753,probability_native,0.31999899885613753,u_222bacf6bc26ddc7,0,2,official,principal
5299,1,1,0.7614485558575289,probability_native,0.7614485558575289,u_222bacf6bc26ddc7,0,2,official,principal
2965,1,0,0.4267075230496985,probability_native,0.4267075230496985,u_222bacf6bc26ddc7,0,2,official,principal
5835,0,0,0.04584998108424225,probability_native,0.04584998108424225,u_222bacf6bc26ddc7,0,2,official,principal
2879,1,1,0.6292747997890041,probability_native,0.6292747997890041,u_222bacf6bc26ddc7,0,2,official,principal
2335,0,1,0.5179514743565309,probability_native,0.5179514743565309,u_222bacf6bc26ddc7,0,2,official,principal
2363,0,1,0.7550102394723395,probability_native,0.7550102394723395,u_222bacf6bc26ddc7,0,2,official,principal
2129,1,1,0.9003421963485898,probability_native,0.9003421963485898,u_222bacf6bc26ddc7,0,2,official,principal
3591,1,1,0.6981119084719939,probability_native,0.6981119084719939,u_222bacf6bc26ddc7,0,2,official,principal
1652,0,0,0.39304677867631393,probability_native,0.39304677867631393,u_222bacf6bc26ddc7,0,2,official,principal
4258,1,0,0.4343282806134069,probability_native,0.4343282806134069,u_222bacf6bc26ddc7,0,2,official,principal
1753,0,0,0.08730314042666952,probability_native,0.08730314042666952,u_222bacf6bc26ddc7,0,2,official,principal
6387,0,0,0.2409577394081401,probability_native,0.2409577394081401,u_222bacf6bc26ddc7,0,2,official,principal
3695,0,1,0.7475083374585995,probability_native,0.7475083374585995,u_222bacf6bc26ddc7,0,2,official,principal
322,0,1,0.7551068106751381,probability_native,0.7551068106751381,u_222bacf6bc26ddc7,0,2,official,principal
6562,1,1,0.8998030444770396,probability_native,0.8998030444770396,u_222bacf6bc26ddc7,0,2,official,principal
758,1,1,0.6799171927971495,probability_native,0.6799171927971495,u_222bacf6bc26ddc7,0,2,official,principal
4318,0,0,0.1528228733421425,probability_native,0.1528228733421425,u_222bacf6bc26ddc7,0,2,official,principal
6027,0,0,0.052186431841002405,probability_native,0.052186431841002405,u_222bacf6bc26ddc7,0,2,official,principal
6652,0,0,0.07546245592885521,probability_native,0.07546245592885521,u_222bacf6bc26ddc7,0,2,official,principal
1687,0,0,0.16319755737658992,probability_native,0.16319755737658992,u_222bacf6bc26ddc7,0,2,official,principal
5780,0,0,0.026152844612289946,probability_native,0.026152844612289946,u_222bacf6bc26ddc7,0,2,official,principal
3680,1,1,0.550491804773114,probability_native,0.550491804773114,u_222bacf6bc26ddc7,0,2,official,principal
3203,0,0,0.03955505513294008,probability_native,0.03955505513294008,u_222bacf6bc26ddc7,0,2,official,principal
6709,0,0,0.4756666037802229,probability_native,0.4756666037802229,u_222bacf6bc26ddc7,0,2,official,principal
225,0,0,0.4604671006954378,probability_native,0.4604671006954378,u_222bacf6bc26ddc7,0,2,official,principal
6550,1,1,0.8403601755336318,probability_native,0.8403601755336318,u_222bacf6bc26ddc7,0,2,official,principal
5978,0,0,0.3346333465526853,probability_native,0.3346333465526853,u_222bacf6bc26ddc7,0,2,official,principal
92,0,0,0.06106829471238484,probability_native,0.06106829471238484,u_222bacf6bc26ddc7,0,2,official,principal
281,0,1,0.5429200329506013,probability_native,0.5429200329506013,u_222bacf6bc26ddc7,0,2,official,principal
6558,1,0,0.26014191878516013,probability_native,0.26014191878516013,u_222bacf6bc26ddc7,0,2,official,principal
4652,0,0,0.1531447969492534,probability_native,0.1531447969492534,u_222bacf6bc26ddc7,0,2,official,principal
5833,0,1,0.5309648195801152,probability_native,0.5309648195801152,u_222bacf6bc26ddc7,0,2,official,principal
5280,0,0,0.3366273982712308,probability_native,0.3366273982712308,u_222bacf6bc26ddc7,0,2,official,principal
5203,0,1,0.5334124897350934,probability_native,0.5334124897350934,u_222bacf6bc26ddc7,0,2,official,principal
5252,0,1,0.5362447413932453,probability_native,0.5362447413932453,u_222bacf6bc26ddc7,0,2,official,principal
5137,0,1,0.592382274555808,probability_native,0.592382274555808,u_222bacf6bc26ddc7,0,2,official,principal
7039,0,0,0.22137052056641887,probability_native,0.22137052056641887,u_222bacf6bc26ddc7,0,2,official,principal
5986,0,1,0.8338737168653979,probability_native,0.8338737168653979,u_222bacf6bc26ddc7,0,2,official,principal
1761,0,0,0.04647514242350838,probability_native,0.04647514242350838,u_222bacf6bc26ddc7,0,2,official,principal
351,0,0,0.22495437346635222,probability_native,0.22495437346635222,u_222bacf6bc26ddc7,0,2,official,principal
3296,0,0,0.41899927437080536,probability_native,0.41899927437080536,u_222bacf6bc26ddc7,0,2,official,principal
2364,0,1,0.8010142279901066,probability_native,0.8010142279901066,u_222bacf6bc26ddc7,0,2,official,principal
3192,0,0,0.035356316664628816,probability_native,0.035356316664628816,u_222bacf6bc26ddc7,0,2,official,principal
5151,0,0,0.34380461281278457,probability_native,0.34380461281278457,u_222bacf6bc26ddc7,0,2,official,principal
3847,0,0,0.3716672774838593,probability_native,0.3716672774838593,u_222bacf6bc26ddc7,0,2,official,principal
1690,0,0,0.22919288095851373,probability_native,0.22919288095851373,u_222bacf6bc26ddc7,0,2,official,principal
1234,0,0,0.26581550148275557,probability_native,0.26581550148275557,u_222bacf6bc26ddc7,0,2,official,principal
2053,1,0,0.49137328532178537,probability_native,0.49137328532178537,u_222bacf6bc26ddc7,0,2,official,principal
5620,0,0,0.25722529756511125,probability_native,0.25722529756511125,u_222bacf6bc26ddc7,0,2,official,principal
5811,0,0,0.11438422998137301,probability_native,0.11438422998137301,u_222bacf6bc26ddc7,0,2,official,principal
366,0,0,0.45318058196171856,probability_native,0.45318058196171856,u_222bacf6bc26ddc7,0,2,official,principal
2452,1,1,0.8088863082906802,probability_native,0.8088863082906802,u_222bacf6bc26ddc7,0,2,official,principal
3548,0,0,0.14069535854330228,probability_native,0.14069535854330228,u_222bacf6bc26ddc7,0,2,official,principal
3801,1,1,0.767800417268041,probability_native,0.767800417268041,u_222bacf6bc26ddc7,0,2,official,principal
3344,1,1,0.8225717144895766,probability_native,0.8225717144895766,u_222bacf6bc26ddc7,0,2,official,principal
2834,0,0,0.043209098723981404,probability_native,0.043209098723981404,u_222bacf6bc26ddc7,0,2,official,principal
1998,1,1,0.8254624039563309,probability_native,0.8254624039563309,u_222bacf6bc26ddc7,0,2,official,principal
1608,0,0,0.20579415088164554,probability_native,0.20579415088164554,u_222bacf6bc26ddc7,0,2,official,principal
3533,0,0,0.24590669941479038,probability_native,0.24590669941479038,u_222bacf6bc26ddc7,0,2,official,principal
5200,0,0,0.34496387494161235,probability_native,0.34496387494161235,u_222bacf6bc26ddc7,0,2,official,principal
970,1,1,0.8863951462343649,probability_native,0.8863951462343649,u_222bacf6bc26ddc7,0,2,official,principal
4286,0,1,0.8568474772292355,probability_native,0.8568474772292355,u_222bacf6bc26ddc7,0,2,official,principal
5898,0,0,0.06797938530143746,probability_native,0.06797938530143746,u_222bacf6bc26ddc7,0,2,official,principal
1629,0,0,0.03653268492165373,probability_native,0.03653268492165373,u_222bacf6bc26ddc7,0,2,official,principal
5021,0,0,0.28874809168425125,probability_native,0.28874809168425125,u_222bacf6bc26ddc7,0,2,official,principal
5636,1,1,0.7679455142067119,probability_native,0.7679455142067119,u_222bacf6bc26ddc7,0,2,official,principal
1432,0,0,0.1450571029646506,probability_native,0.1450571029646506,u_222bacf6bc26ddc7,0,2,official,principal
4211,1,1,0.8111977282444637,probability_native,0.8111977282444637,u_222bacf6bc26ddc7,0,2,official,principal
1780,1,0,0.10251293291765358,probability_native,0.10251293291765358,u_222bacf6bc26ddc7,0,2,official,principal
5575,0,0,0.03143236409393134,probability_native,0.03143236409393134,u_222bacf6bc26ddc7,0,2,official,principal
62,0,0,0.02671784904744754,probability_native,0.02671784904744754,u_222bacf6bc26ddc7,0,2,official,principal
1031,0,0,0.3726160527151023,probability_native,0.3726160527151023,u_222bacf6bc26ddc7,0,2,official,principal
3439,1,0,0.3031808942345694,probability_native,0.3031808942345694,u_222bacf6bc26ddc7,0,2,official,principal
3902,0,1,0.565604191718103,probability_native,0.565604191718103,u_222bacf6bc26ddc7,0,2,official,principal
6212,0,1,0.6179479953731164,probability_native,0.6179479953731164,u_222bacf6bc26ddc7,0,2,official,principal
65,0,1,0.7290198244630328,probability_native,0.7290198244630328,u_222bacf6bc26ddc7,0,2,official,principal
2459,0,0,0.3911851394749932,probability_native,0.3911851394749932,u_222bacf6bc26ddc7,0,2,official,principal
6233,0,0,0.3722619716884802,probability_native,0.3722619716884802,u_222bacf6bc26ddc7,0,2,official,principal
4875,1,1,0.5113924452707546,probability_native,0.5113924452707546,u_222bacf6bc26ddc7,0,2,official,principal
3415,1,0,0.30440803558295865,probability_native,0.30440803558295865,u_222bacf6bc26ddc7,0,2,official,principal
5796,0,0,0.09989469094212104,probability_native,0.09989469094212104,u_222bacf6bc26ddc7,0,2,official,principal
3725,1,1,0.8113764811119218,probability_native,0.8113764811119218,u_222bacf6bc26ddc7,0,2,official,principal
521,0,1,0.6335398314812516,probability_native,0.6335398314812516,u_222bacf6bc26ddc7,0,2,official,principal
3648,0,0,0.450329382256062,probability_native,0.450329382256062,u_222bacf6bc26ddc7,0,2,official,principal
6757,1,0,0.14113122777800144,probability_native,0.14113122777800144,u_222bacf6bc26ddc7,0,2,official,principal
340,0,0,0.2341580325416514,probability_native,0.2341580325416514,u_222bacf6bc26ddc7,0,2,official,principal
4899,1,1,0.6355871874210035,probability_native,0.6355871874210035,u_222bacf6bc26ddc7,0,2,official,principal
4383,0,0,0.053825731408886364,probability_native,0.053825731408886364,u_222bacf6bc26ddc7,0,2,official,principal
3796,1,1,0.6934598857379835,probability_native,0.6934598857379835,u_222bacf6bc26ddc7,0,2,official,principal
4021,1,0,0.3578894295749149,probability_native,0.3578894295749149,u_222bacf6bc26ddc7,0,2,official,principal
434,0,0,0.09586055698160997,probability_native,0.09586055698160997,u_222bacf6bc26ddc7,0,2,official,principal
4625,0,1,0.7852383388679388,probability_native,0.7852383388679388,u_222bacf6bc26ddc7,0,2,official,principal
4800,1,1,0.949427594779537,probability_native,0.949427594779537,u_222bacf6bc26ddc7,0,2,official,principal
98,0,0,0.03280179461607831,probability_native,0.03280179461607831,u_222bacf6bc26ddc7,0,2,official,principal
4410,0,1,0.7714390954744746,probability_native,0.7714390954744746,u_222bacf6bc26ddc7,0,2,official,principal
6381,0,0,0.30582068918661276,probability_native,0.30582068918661276,u_222bacf6bc26ddc7,0,2,official,principal
1291,1,1,0.7025482680637545,probability_native,0.7025482680637545,u_222bacf6bc26ddc7,0,2,official,principal
526,0,0,0.1216430296831986,probability_native,0.1216430296831986,u_222bacf6bc26ddc7,0,2,official,principal
5101,0,1,0.5920283194433721,probability_native,0.5920283194433721,u_222bacf6bc26ddc7,0,2,official,principal
822,0,1,0.618236484627426,probability_native,0.618236484627426,u_222bacf6bc26ddc7,0,2,official,principal
2788,0,0,0.10907715787474011,probability_native,0.10907715787474011,u_222bacf6bc26ddc7,0,2,official,principal
3641,0,0,0.14556957695741488,probability_native,0.14556957695741488,u_222bacf6bc26ddc7,0,2,official,principal
5732,0,1,0.8171662341748646,probability_native,0.8171662341748646,u_222bacf6bc26ddc7,0,2,official,principal
4809,0,0,0.44072929788434567,probability_native,0.44072929788434567,u_222bacf6bc26ddc7,0,2,official,principal
712,0,0,0.0438699246619521,probability_native,0.0438699246619521,u_222bacf6bc26ddc7,0,2,official,principal
6854,0,0,0.37729366446620083,probability_native,0.37729366446620083,u_222bacf6bc26ddc7,0,2,official,principal
2567,1,1,0.5683624831854173,probability_native,0.5683624831854173,u_222bacf6bc26ddc7,0,2,official,principal
5341,1,1,0.8716531883887755,probability_native,0.8716531883887755,u_222bacf6bc26ddc7,0,2,official,principal
3424,1,1,0.8979641640805649,probability_native,0.8979641640805649,u_222bacf6bc26ddc7,0,2,official,principal
2468,1,1,0.8407864187801618,probability_native,0.8407864187801618,u_222bacf6bc26ddc7,0,2,official,principal
5970,0,1,0.8681633738549867,probability_native,0.8681633738549867,u_222bacf6bc26ddc7,0,2,official,principal
692,0,0,0.035724923051057345,probability_native,0.035724923051057345,u_222bacf6bc26ddc7,0,2,official,principal
5857,1,1,0.7155744008282263,probability_native,0.7155744008282263,u_222bacf6bc26ddc7,0,2,official,principal
4109,1,1,0.8167253802880277,probability_native,0.8167253802880277,u_222bacf6bc26ddc7,0,2,official,principal
1074,0,0,0.3933464261034139,probability_native,0.3933464261034139,u_222bacf6bc26ddc7,0,2,official,principal
4229,0,0,0.15957332782969746,probability_native,0.15957332782969746,u_222bacf6bc26ddc7,0,2,official,principal
5475,1,0,0.18409568051839603,probability_native,0.18409568051839603,u_222bacf6bc26ddc7,0,2,official,principal
2226,0,0,0.08923757192128466,probability_native,0.08923757192128466,u_222bacf6bc26ddc7,0,2,official,principal
4358,0,1,0.557443477866927,probability_native,0.557443477866927,u_222bacf6bc26ddc7,0,2,official,principal
475,1,1,0.7744246009646839,probability_native,0.7744246009646839,u_222bacf6bc26ddc7,0,2,official,principal
7013,0,1,0.6035606176752235,probability_native,0.6035606176752235,u_222bacf6bc26ddc7,0,2,official,principal
6037,0,1,0.5156396945592943,probability_native,0.5156396945592943,u_222bacf6bc26ddc7,0,2,official,principal
2478,0,1,0.5753380134217161,probability_native,0.5753380134217161,u_222bacf6bc26ddc7,0,2,official,principal
32,0,0,0.06263586266035072,probability_native,0.06263586266035072,u_222bacf6bc26ddc7,0,2,official,principal
3804,0,1,0.7907203320291869,probability_native,0.7907203320291869,u_222bacf6bc26ddc7,0,2,official,principal
3585,0,0,0.28378102295216145,probability_native,0.28378102295216145,u_222bacf6bc26ddc7,0,2,official,principal
2266,0,0,0.3092333739497375,probability_native,0.3092333739497375,u_222bacf6bc26ddc7,0,2,official,principal
4006,0,0,0.012902151907779519,probability_native,0.012902151907779519,u_222bacf6bc26ddc7,0,2,official,principal
3731,0,1,0.8699458594331966,probability_native,0.8699458594331966,u_222bacf6bc26ddc7,0,2,official,principal
5505,0,0,0.2227416350457751,probability_native,0.2227416350457751,u_222bacf6bc26ddc7,0,2,official,principal
1942,0,0,0.037469478964899015,probability_native,0.037469478964899015,u_222bacf6bc26ddc7,0,2,official,principal
5951,0,1,0.5916429872922282,probability_native,0.5916429872922282,u_222bacf6bc26ddc7,0,2,official,principal
2109,0,0,0.08587869719052722,probability_native,0.08587869719052722,u_222bacf6bc26ddc7,0,2,official,principal
1157,0,0,0.3188721836689394,probability_native,0.3188721836689394,u_222bacf6bc26ddc7,0,2,official,principal
694,0,0,0.19770796058840692,probability_native,0.19770796058840692,u_222bacf6bc26ddc7,0,2,official,principal
4170,0,0,0.10880962744298533,probability_native,0.10880962744298533,u_222bacf6bc26ddc7,0,2,official,principal
988,0,0,0.13807133159530377,probability_native,0.13807133159530377,u_222bacf6bc26ddc7,0,2,official,principal
2807,0,0,0.15772072892727443,probability_native,0.15772072892727443,u_222bacf6bc26ddc7,0,2,official,principal
977,0,1,0.8157866450460802,probability_native,0.8157866450460802,u_222bacf6bc26ddc7,0,2,official,principal
1474,0,1,0.5244523530896988,probability_native,0.5244523530896988,u_222bacf6bc26ddc7,0,2,official,principal
455,0,1,0.846171464327036,probability_native,0.846171464327036,u_222bacf6bc26ddc7,0,2,official,principal
256,0,0,0.08960688556372165,probability_native,0.08960688556372165,u_222bacf6bc26ddc7,0,2,official,principal
637,0,0,0.021548429112690122,probability_native,0.021548429112690122,u_222bacf6bc26ddc7,0,2,official,principal
6822,1,1,0.709370406630472,probability_native,0.709370406630472,u_222bacf6bc26ddc7,0,2,official,principal
3196,0,0,0.23378606104354627,probability_native,0.23378606104354627,u_222bacf6bc26ddc7,0,2,official,principal
2019,1,0,0.37649106748604133,probability_native,0.37649106748604133,u_222bacf6bc26ddc7,0,2,official,principal
498,1,1,0.7077604130068641,probability_native,0.7077604130068641,u_222bacf6bc26ddc7,0,2,official,principal
1963,0,1,0.7111983307748904,probability_native,0.7111983307748904,u_222bacf6bc26ddc7,0,2,official,principal
4124,0,1,0.9051498148954017,probability_native,0.9051498148954017,u_222bacf6bc26ddc7,0,2,official,principal
1842,0,0,0.4333706483249209,probability_native,0.4333706483249209,u_222bacf6bc26ddc7,0,2,official,principal
1571,0,0,0.30693033098890854,probability_native,0.30693033098890854,u_222bacf6bc26ddc7,0,2,official,principal
1933,0,0,0.19148631942733557,probability_native,0.19148631942733557,u_222bacf6bc26ddc7,0,2,official,principal
1297,0,1,0.8425706885478258,probability_native,0.8425706885478258,u_222bacf6bc26ddc7,0,2,official,principal
3333,0,0,0.09650148131107851,probability_native,0.09650148131107851,u_222bacf6bc26ddc7,0,2,official,principal
6016,1,0,0.29773911404270703,probability_native,0.29773911404270703,u_222bacf6bc26ddc7,0,2,official,principal
5503,0,0,0.0551941785477963,probability_native,0.0551941785477963,u_222bacf6bc26ddc7,0,2,official,principal
1888,0,0,0.19861891286808786,probability_native,0.19861891286808786,u_222bacf6bc26ddc7,0,2,official,principal
4745,0,1,0.8274814614584628,probability_native,0.8274814614584628,u_222bacf6bc26ddc7,0,2,official,principal
6713,0,1,0.6087213931868283,probability_native,0.6087213931868283,u_222bacf6bc26ddc7,0,2,official,principal
5740,0,0,0.017673196175107587,probability_native,0.017673196175107587,u_222bacf6bc26ddc7,0,2,official,principal
2871,1,1,0.8761275105773411,probability_native,0.8761275105773411,u_222bacf6bc26ddc7,0,2,official,principal
4608,0,0,0.23242740645577958,probability_native,0.23242740645577958,u_222bacf6bc26ddc7,0,2,official,principal
5033,0,0,0.46170539255352977,probability_native,0.46170539255352977,u_222bacf6bc26ddc7,0,2,official,principal
2216,0,0,0.4522996495924621,probability_native,0.4522996495924621,u_222bacf6bc26ddc7,0,2,official,principal
3314,0,0,0.36291290787704594,probability_native,0.36291290787704594,u_222bacf6bc26ddc7,0,2,official,principal
1240,0,0,0.2678952105425449,probability_native,0.2678952105425449,u_222bacf6bc26ddc7,0,2,official,principal
320,1,0,0.11448249535499667,probability_native,0.11448249535499667,u_222bacf6bc26ddc7,0,2,official,principal
2058,0,0,0.04240202969041355,probability_native,0.04240202969041355,u_222bacf6bc26ddc7,0,2,official,principal
1628,0,1,0.7923580011948044,probability_native,0.7923580011948044,u_222bacf6bc26ddc7,0,2,official,principal
1726,0,0,0.48421623072579584,probability_native,0.48421623072579584,u_222bacf6bc26ddc7,0,2,official,principal
413,0,0,0.48734448055782137,probability_native,0.48734448055782137,u_222bacf6bc26ddc7,0,2,official,principal
5373,0,0,0.2189852722236074,probability_native,0.2189852722236074,u_222bacf6bc26ddc7,0,2,official,principal
3973,0,0,0.13512576109898197,probability_native,0.13512576109898197,u_222bacf6bc26ddc7,0,2,official,principal
3381,0,0,0.17126444725241388,probability_native,0.17126444725241388,u_222bacf6bc26ddc7,0,2,official,principal
1601,0,1,0.510707270881392,probability_native,0.510707270881392,u_222bacf6bc26ddc7,0,2,official,principal
6568,0,0,0.10562292379888803,probability_native,0.10562292379888803,u_222bacf6bc26ddc7,0,2,official,principal
2853,0,0,0.293039568445903,probability_native,0.293039568445903,u_222bacf6bc26ddc7,0,2,official,principal
820,0,1,0.624995992456874,probability_native,0.624995992456874,u_222bacf6bc26ddc7,0,2,official,principal
1538,1,1,0.8790896268117707,probability_native,0.8790896268117707,u_222bacf6bc26ddc7,0,2,official,principal
3507,0,0,0.36240249253204004,probability_native,0.36240249253204004,u_222bacf6bc26ddc7,0,2,official,principal
6223,1,1,0.7726840842786037,probability_native,0.7726840842786037,u_222bacf6bc26ddc7,0,2,official,principal
3373,1,1,0.8712294493876035,probability_native,0.8712294493876035,u_222bacf6bc26ddc7,0,2,official,principal
5765,1,0,0.2456732113833845,probability_native,0.2456732113833845,u_222bacf6bc26ddc7,0,2,official,principal
2055,0,1,0.532217700844054,probability_native,0.532217700844054,u_222bacf6bc26ddc7,0,2,official,principal
1698,0,0,0.12522220238579518,probability_native,0.12522220238579518,u_222bacf6bc26ddc7,0,2,official,principal
5568,0,0,0.29894260375184123,probability_native,0.29894260375184123,u_222bacf6bc26ddc7,0,2,official,principal
1124,0,1,0.5208203222045427,probability_native,0.5208203222045427,u_222bacf6bc26ddc7,0,2,official,principal
2140,1,1,0.5459320792764707,probability_native,0.5459320792764707,u_222bacf6bc26ddc7,0,2,official,principal
4240,1,1,0.8682050189220263,probability_native,0.8682050189220263,u_222bacf6bc26ddc7,0,2,official,principal
5345,1,1,0.6656370667032424,probability_native,0.6656370667032424,u_222bacf6bc26ddc7,0,2,official,principal
710,1,0,0.3894905437266302,probability_native,0.3894905437266302,u_222bacf6bc26ddc7,0,2,official,principal
1011,0,0,0.02696644532846887,probability_native,0.02696644532846887,u_222bacf6bc26ddc7,0,2,official,principal
4208,0,0,0.10973646472790026,probability_native,0.10973646472790026,u_222bacf6bc26ddc7,0,2,official,principal
4245,0,0,0.014053980158068026,probability_native,0.014053980158068026,u_222bacf6bc26ddc7,0,2,official,principal
3700,1,0,0.30992150079834774,probability_native,0.30992150079834774,u_222bacf6bc26ddc7,0,2,official,principal
3627,0,0,0.15171736363676105,probability_native,0.15171736363676105,u_222bacf6bc26ddc7,0,2,official,principal
4971,0,0,0.3100835693464416,probability_native,0.3100835693464416,u_222bacf6bc26ddc7,0,2,official,principal
3728,0,0,0.096554325519238,probability_native,0.096554325519238,u_222bacf6bc26ddc7,0,2,official,principal
2634,1,1,0.8421909458239282,probability_native,0.8421909458239282,u_222bacf6bc26ddc7,0,2,official,principal
2082,0,0,0.21044835457749964,probability_native,0.21044835457749964,u_222bacf6bc26ddc7,0,2,official,principal
1716,0,1,0.6758885547134661,probability_native,0.6758885547134661,u_222bacf6bc26ddc7,0,2,official,principal
3068,0,0,0.319842253583047,probability_native,0.319842253583047,u_222bacf6bc26ddc7,0,2,official,principal
494,0,0,0.3916033823019387,probability_native,0.3916033823019387,u_222bacf6bc26ddc7,0,2,official,principal
4304,0,0,0.04006988280607808,probability_native,0.04006988280607808,u_222bacf6bc26ddc7,0,2,official,principal
5139,0,0,0.031207311215668027,probability_native,0.031207311215668027,u_222bacf6bc26ddc7,0,2,official,principal
4412,0,0,0.03613081086474912,probability_native,0.03613081086474912,u_222bacf6bc26ddc7,0,2,official,principal
4671,1,1,0.8500594703890539,probability_native,0.8500594703890539,u_222bacf6bc26ddc7,0,2,official,principal
2719,0,0,0.06360753809475957,probability_native,0.06360753809475957,u_222bacf6bc26ddc7,0,2,official,principal
1177,0,0,0.14390239886860934,probability_native,0.14390239886860934,u_222bacf6bc26ddc7,0,2,official,principal
55,1,1,0.9209741667391567,probability_native,0.9209741667391567,u_222bacf6bc26ddc7,0,2,official,principal
1135,0,0,0.16524045629048686,probability_native,0.16524045629048686,u_222bacf6bc26ddc7,0,2,official,principal
5308,0,0,0.05467407541904331,probability_native,0.05467407541904331,u_222bacf6bc26ddc7,0,2,official,principal
4697,0,1,0.5437591763621595,probability_native,0.5437591763621595,u_222bacf6bc26ddc7,0,2,official,principal
1326,0,0,0.08922471642979517,probability_native,0.08922471642979517,u_222bacf6bc26ddc7,0,2,official,principal
3697,0,1,0.544151370397532,probability_native,0.544151370397532,u_222bacf6bc26ddc7,0,2,official,principal
5589,1,0,0.0578094080703359,probability_native,0.0578094080703359,u_222bacf6bc26ddc7,0,2,official,principal
4192,0,0,0.12351021362924165,probability_native,0.12351021362924165,u_222bacf6bc26ddc7,0,2,official,principal
5174,1,1,0.8090490290447548,probability_native,0.8090490290447548,u_222bacf6bc26ddc7,0,2,official,principal
6354,0,0,0.1111312985250617,probability_native,0.1111312985250617,u_222bacf6bc26ddc7,0,2,official,principal
551,0,0,0.10002864505519328,probability_native,0.10002864505519328,u_222bacf6bc26ddc7,0,2,official,principal
6662,0,0,0.060647646137850224,probability_native,0.060647646137850224,u_222bacf6bc26ddc7,0,2,official,principal
1370,0,0,0.10588660188140442,probability_native,0.10588660188140442,u_222bacf6bc26ddc7,0,2,official,principal
2928,0,0,0.0526090588157291,probability_native,0.0526090588157291,u_222bacf6bc26ddc7,0,2,official,principal
3270,0,1,0.8610442925045234,probability_native,0.8610442925045234,u_222bacf6bc26ddc7,0,2,official,principal
2328,0,1,0.7183844671053486,probability_native,0.7183844671053486,u_222bacf6bc26ddc7,0,2,official,principal
5836,0,0,0.2207128216898689,probability_native,0.2207128216898689,u_222bacf6bc26ddc7,0,2,official,principal
925,0,0,0.12773833481854727,probability_native,0.12773833481854727,u_222bacf6bc26ddc7,0,2,official,principal
1819,0,0,0.0338864284836037,probability_native,0.0338864284836037,u_222bacf6bc26ddc7,0,2,official,principal
546,1,0,0.4688431670359947,probability_native,0.4688431670359947,u_222bacf6bc26ddc7,0,2,official,principal
2101,1,0,0.4638417139321505,probability_native,0.4638417139321505,u_222bacf6bc26ddc7,0,2,official,principal
828,1,0,0.19957923944466055,probability_native,0.19957923944466055,u_222bacf6bc26ddc7,0,2,official,principal
335,1,0,0.07296913862586185,probability_native,0.07296913862586185,u_222bacf6bc26ddc7,0,2,official,principal
4,1,1,0.8646759992674986,probability_native,0.8646759992674986,u_222bacf6bc26ddc7,0,2,official,principal
6421,0,0,0.10054916354802998,probability_native,0.10054916354802998,u_222bacf6bc26ddc7,0,2,official,principal
5785,0,0,0.03804804778221466,probability_native,0.03804804778221466,u_222bacf6bc26ddc7,0,2,official,principal
5243,0,1,0.567396317668648,probability_native,0.567396317668648,u_222bacf6bc26ddc7,0,2,official,principal
6372,0,0,0.11604112546688214,probability_native,0.11604112546688214,u_222bacf6bc26ddc7,0,2,official,principal
6542,1,1,0.7942336627071983,probability_native,0.7942336627071983,u_222bacf6bc26ddc7,0,2,official,principal
2048,1,1,0.8279254121929536,probability_native,0.8279254121929536,u_222bacf6bc26ddc7,0,2,official,principal
440,0,1,0.7312346268788085,probability_native,0.7312346268788085,u_222bacf6bc26ddc7,0,2,official,principal
4913,0,0,0.10327282398855826,probability_native,0.10327282398855826,u_222bacf6bc26ddc7,0,2,official,principal
3233,0,1,0.806509202392988,probability_native,0.806509202392988,u_222bacf6bc26ddc7,0,2,official,principal
2476,0,0,0.048826499358870123,probability_native,0.048826499358870123,u_222bacf6bc26ddc7,0,2,official,principal
1535,0,0,0.4887849584583727,probability_native,0.4887849584583727,u_222bacf6bc26ddc7,0,2,official,principal
4418,1,0,0.04396809783635445,probability_native,0.04396809783635445,u_222bacf6bc26ddc7,0,2,official,principal
2027,0,0,0.10893333775825313,probability_native,0.10893333775825313,u_222bacf6bc26ddc7,0,2,official,principal
3532,1,1,0.697782756623005,probability_native,0.697782756623005,u_222bacf6bc26ddc7,0,2,official,principal
3254,0,1,0.8714099240378006,probability_native,0.8714099240378006,u_222bacf6bc26ddc7,0,2,official,principal
2933,0,0,0.021877528650695477,probability_native,0.021877528650695477,u_222bacf6bc26ddc7,0,2,official,principal
3060,0,0,0.38872806224456213,probability_native,0.38872806224456213,u_222bacf6bc26ddc7,0,2,official,principal
108,0,1,0.5185612641439576,probability_native,0.5185612641439576,u_222bacf6bc26ddc7,0,2,official,principal
1332,0,0,0.022928560686136492,probability_native,0.022928560686136492,u_222bacf6bc26ddc7,0,2,official,principal
4580,0,0,0.012619058025329397,probability_native,0.012619058025329397,u_222bacf6bc26ddc7,0,2,official,principal
5751,0,0,0.03490535897615011,probability_native,0.03490535897615011,u_222bacf6bc26ddc7,0,2,official,principal
2160,0,0,0.02846912011081544,probability_native,0.02846912011081544,u_222bacf6bc26ddc7,0,2,official,principal
6060,0,1,0.8641925024947679,probability_native,0.8641925024947679,u_222bacf6bc26ddc7,0,2,official,principal
5201,0,0,0.34937196024470984,probability_native,0.34937196024470984,u_222bacf6bc26ddc7,0,2,official,principal
505,1,1,0.8516297494078954,probability_native,0.8516297494078954,u_222bacf6bc26ddc7,0,2,official,principal
4476,1,0,0.37794040258998907,probability_native,0.37794040258998907,u_222bacf6bc26ddc7,0,2,official,principal
97,1,0,0.35894887031545175,probability_native,0.35894887031545175,u_222bacf6bc26ddc7,0,2,official,principal
512,1,1,0.8889749156123782,probability_native,0.8889749156123782,u_222bacf6bc26ddc7,0,2,official,principal
2326,0,0,0.17321484835748335,probability_native,0.17321484835748335,u_222bacf6bc26ddc7,0,2,official,principal
4961,0,1,0.5001148940006745,probability_native,0.5001148940006745,u_222bacf6bc26ddc7,0,2,official,principal
4981,1,1,0.8219699849637443,probability_native,0.8219699849637443,u_222bacf6bc26ddc7,0,2,official,principal
6918,1,0,0.46890810816599027,probability_native,0.46890810816599027,u_222bacf6bc26ddc7,0,2,official,principal
1311,0,0,0.19132322451997721,probability_native,0.19132322451997721,u_222bacf6bc26ddc7,0,2,official,principal
4104,0,1,0.5383774298012227,probability_native,0.5383774298012227,u_222bacf6bc26ddc7,0,2,official,principal
3005,0,0,0.2985248609698932,probability_native,0.2985248609698932,u_222bacf6bc26ddc7,0,2,official,principal
4794,0,0,0.3840874522589298,probability_native,0.3840874522589298,u_222bacf6bc26ddc7,0,2,official,principal
3055,1,0,0.3610389996208561,probability_native,0.3610389996208561,u_222bacf6bc26ddc7,0,2,official,principal
1662,1,1,0.8531900477901346,probability_native,0.8531900477901346,u_222bacf6bc26ddc7,0,2,official,principal
2857,0,0,0.05099889187788884,probability_native,0.05099889187788884,u_222bacf6bc26ddc7,0,2,official,principal
2174,0,0,0.12829488404131495,probability_native,0.12829488404131495,u_222bacf6bc26ddc7,0,2,official,principal
6390,0,0,0.22772076538999408,probability_native,0.22772076538999408,u_222bacf6bc26ddc7,0,2,official,principal
362,0,0,0.07416364806076853,probability_native,0.07416364806076853,u_222bacf6bc26ddc7,0,2,official,principal
4624,1,1,0.8961833137092985,probability_native,0.8961833137092985,u_222bacf6bc26ddc7,0,2,official,principal
46,0,1,0.5235813717417227,probability_native,0.5235813717417227,u_222bacf6bc26ddc7,0,2,official,principal
236,0,0,0.34902975037857664,probability_native,0.34902975037857664,u_222bacf6bc26ddc7,0,2,official,principal
3460,0,1,0.5026566860838306,probability_native,0.5026566860838306,u_222bacf6bc26ddc7,0,2,official,principal
2910,0,0,0.06691434056108715,probability_native,0.06691434056108715,u_222bacf6bc26ddc7,0,2,official,principal
5135,0,0,0.473693957312586,probability_native,0.473693957312586,u_222bacf6bc26ddc7,0,2,official,principal
6340,0,1,0.6824222433477776,probability_native,0.6824222433477776,u_222bacf6bc26ddc7,0,2,official,principal
95,1,1,0.7927417423133398,probability_native,0.7927417423133398,u_222bacf6bc26ddc7,0,2,official,principal
3853,0,0,0.4763905193530032,probability_native,0.4763905193530032,u_222bacf6bc26ddc7,0,2,official,principal
5157,0,0,0.09131103606261817,probability_native,0.09131103606261817,u_222bacf6bc26ddc7,0,2,official,principal
6366,0,0,0.05702927736659763,probability_native,0.05702927736659763,u_222bacf6bc26ddc7,0,2,official,principal
5023,1,1,0.8651506194876425,probability_native,0.8651506194876425,u_222bacf6bc26ddc7,0,2,official,principal
2898,0,0,0.336553465175206,probability_native,0.336553465175206,u_222bacf6bc26ddc7,0,2,official,principal
4241,1,0,0.1743335149003587,probability_native,0.1743335149003587,u_222bacf6bc26ddc7,0,2,official,principal
1082,0,0,0.1799638127085398,probability_native,0.1799638127085398,u_222bacf6bc26ddc7,0,2,official,principal
3760,0,1,0.7807630049514402,probability_native,0.7807630049514402,u_222bacf6bc26ddc7,0,2,official,principal
1427,0,1,0.5562761562168945,probability_native,0.5562761562168945,u_222bacf6bc26ddc7,0,2,official,principal
1071,1,1,0.5711514899674024,probability_native,0.5711514899674024,u_222bacf6bc26ddc7,0,2,official,principal
2944,0,0,0.47411502530928973,probability_native,0.47411502530928973,u_222bacf6bc26ddc7,0,2,official,principal
919,0,1,0.5325790845865847,probability_native,0.5325790845865847,u_222bacf6bc26ddc7,0,2,official,principal
5271,0,1,0.5142199054762078,probability_native,0.5142199054762078,u_222bacf6bc26ddc7,0,2,official,principal
4967,1,1,0.7380450959706112,probability_native,0.7380450959706112,u_222bacf6bc26ddc7,0,2,official,principal
3452,0,1,0.6731827880158955,probability_native,0.6731827880158955,u_222bacf6bc26ddc7,0,2,official,principal
7032,1,1,0.9166107102321265,probability_native,0.9166107102321265,u_222bacf6bc26ddc7,0,2,official,principal
1455,0,0,0.24350149502392202,probability_native,0.24350149502392202,u_222bacf6bc26ddc7,0,2,official,principal
3330,1,1,0.7926143172967981,probability_native,0.7926143172967981,u_222bacf6bc26ddc7,0,2,official,principal
2429,0,0,0.16149534595726284,probability_native,0.16149534595726284,u_222bacf6bc26ddc7,0,2,official,principal
2187,0,0,0.22782614814016847,probability_native,0.22782614814016847,u_222bacf6bc26ddc7,0,2,official,principal
5776,0,0,0.04736358312280634,probability_native,0.04736358312280634,u_222bacf6bc26ddc7,0,2,official,principal
6449,0,0,0.3894905437266302,probability_native,0.3894905437266302,u_222bacf6bc26ddc7,0,2,official,principal
3247,0,0,0.2075265791965239,probability_native,0.2075265791965239,u_222bacf6bc26ddc7,0,2,official,principal
4499,1,1,0.722812414087682,probability_native,0.722812414087682,u_222bacf6bc26ddc7,0,2,official,principal
927,1,1,0.7553876217413007,probability_native,0.7553876217413007,u_222bacf6bc26ddc7,0,2,official,principal
5343,0,0,0.06322746338947086,probability_native,0.06322746338947086,u_222bacf6bc26ddc7,0,2,official,principal
7040,0,1,0.5542386425587801,probability_native,0.5542386425587801,u_222bacf6bc26ddc7,0,2,official,principal
2925,0,0,0.2197716684628529,probability_native,0.2197716684628529,u_222bacf6bc26ddc7,0,2,official,principal
6698,0,0,0.34050956987223985,probability_native,0.34050956987223985,u_222bacf6bc26ddc7,0,2,official,principal
6582,0,0,0.1721033456313189,probability_native,0.1721033456313189,u_222bacf6bc26ddc7,0,2,official,principal
2784,1,1,0.7388148673659493,probability_native,0.7388148673659493,u_222bacf6bc26ddc7,0,2,official,principal
3990,0,1,0.893667059329989,probability_native,0.893667059329989,u_222bacf6bc26ddc7,0,2,official,principal
3223,0,1,0.5740582479225474,probability_native,0.5740582479225474,u_222bacf6bc26ddc7,0,2,official,principal
2176,0,0,0.015501249528732186,probability_native,0.015501249528732186,u_222bacf6bc26ddc7,0,2,official,principal
160,0,0,0.41662314165520914,probability_native,0.41662314165520914,u_222bacf6bc26ddc7,0,2,official,principal
806,0,0,0.31896436282831053,probability_native,0.31896436282831053,u_222bacf6bc26ddc7,0,2,official,principal
1708,1,1,0.7525242395379977,probability_native,0.7525242395379977,u_222bacf6bc26ddc7,0,2,official,principal
5925,0,0,0.4427833262212878,probability_native,0.4427833262212878,u_222bacf6bc26ddc7,0,2,official,principal
3539,1,1,0.6288120396933642,probability_native,0.6288120396933642,u_222bacf6bc26ddc7,0,2,official,principal
5760,0,1,0.819017466618523,probability_native,0.819017466618523,u_222bacf6bc26ddc7,0,2,official,principal
7025,0,1,0.7444284455284392,probability_native,0.7444284455284392,u_222bacf6bc26ddc7,0,2,official,principal
4979,0,0,0.03306573038878127,probability_native,0.03306573038878127,u_222bacf6bc26ddc7,0,2,official,principal
258,1,1,0.6075624185945607,probability_native,0.6075624185945607,u_222bacf6bc26ddc7,0,2,official,principal
2313,0,0,0.3790755930487915,probability_native,0.3790755930487915,u_222bacf6bc26ddc7,0,2,official,principal
4768,0,0,0.011331985753795168,probability_native,0.011331985753795168,u_222bacf6bc26ddc7,0,2,official,principal
6401,1,0,0.35538273297204853,probability_native,0.35538273297204853,u_222bacf6bc26ddc7,0,2,official,principal
1889,0,1,0.6004468810789779,probability_native,0.6004468810789779,u_222bacf6bc26ddc7,0,2,official,principal
3914,0,0,0.07302214979936278,probability_native,0.07302214979936278,u_222bacf6bc26ddc7,0,2,official,principal
5220,0,0,0.09364032023414935,probability_native,0.09364032023414935,u_222bacf6bc26ddc7,0,2,official,principal
1924,0,1,0.6648092178322729,probability_native,0.6648092178322729,u_222bacf6bc26ddc7,0,2,official,principal
3458,1,1,0.7679965971288454,probability_native,0.7679965971288454,u_222bacf6bc26ddc7,0,2,official,principal
3901,0,0,0.23305581311867074,probability_native,0.23305581311867074,u_222bacf6bc26ddc7,0,2,official,principal
6743,0,1,0.5588305992580931,probability_native,0.5588305992580931,u_222bacf6bc26ddc7,0,2,official,principal
5758,0,0,0.13363727736093106,probability_native,0.13363727736093106,u_222bacf6bc26ddc7,0,2,official,principal
392,0,1,0.7711925639568177,probability_native,0.7711925639568177,u_222bacf6bc26ddc7,0,2,official,principal
6528,0,0,0.009937783706486753,probability_native,0.009937783706486753,u_222bacf6bc26ddc7,0,2,official,principal
5664,1,1,0.8225632647134996,probability_native,0.8225632647134996,u_222bacf6bc26ddc7,0,2,official,principal
2818,1,0,0.47148459059409836,probability_native,0.47148459059409836,u_222bacf6bc26ddc7,0,2,official,principal
2411,0,0,0.10844338126565932,probability_native,0.10844338126565932,u_222bacf6bc26ddc7,0,2,official,principal
5781,0,1,0.7162896476230062,probability_native,0.7162896476230062,u_222bacf6bc26ddc7,0,2,official,principal
5949,0,0,0.17464006900553145,probability_native,0.17464006900553145,u_222bacf6bc26ddc7,0,2,official,principal
1659,0,0,0.036635640328393386,probability_native,0.036635640328393386,u_222bacf6bc26ddc7,0,2,official,principal
347,0,0,0.013928062649699934,probability_native,0.013928062649699934,u_222bacf6bc26ddc7,0,2,official,principal
4142,0,0,0.024054978134971348,probability_native,0.024054978134971348,u_222bacf6bc26ddc7,0,2,official,principal
2417,0,1,0.5628664020554087,probability_native,0.5628664020554087,u_222bacf6bc26ddc7,0,2,official,principal
373,0,0,0.2025869018195468,probability_native,0.2025869018195468,u_222bacf6bc26ddc7,0,2,official,principal
6921,0,0,0.46825379911803744,probability_native,0.46825379911803744,u_222bacf6bc26ddc7,0,2,official,principal
5543,0,1,0.6434219270847455,probability_native,0.6434219270847455,u_222bacf6bc26ddc7,0,2,official,principal
4032,0,0,0.3863527695812372,probability_native,0.3863527695812372,u_222bacf6bc26ddc7,0,2,official,principal
6261,0,0,0.014468090329945085,probability_native,0.014468090329945085,u_222bacf6bc26ddc7,0,2,official,principal
2623,0,1,0.6280842080163938,probability_native,0.6280842080163938,u_222bacf6bc26ddc7,0,2,official,principal
6843,1,1,0.5839906180582157,probability_native,0.5839906180582157,u_222bacf6bc26ddc7,0,2,official,principal
1618,1,1,0.8529286563661097,probability_native,0.8529286563661097,u_222bacf6bc26ddc7,0,2,official,principal
6917,0,0,0.10150552494817702,probability_native,0.10150552494817702,u_222bacf6bc26ddc7,0,2,official,principal
1605,0,0,0.025704247913079317,probability_native,0.025704247913079317,u_222bacf6bc26ddc7,0,2,official,principal
6963,0,1,0.7733798127219303,probability_native,0.7733798127219303,u_222bacf6bc26ddc7,0,2,official,principal
6493,0,0,0.49780198105552187,probability_native,0.49780198105552187,u_222bacf6bc26ddc7,0,2,official,principal
3000,1,1,0.8889799245966367,probability_native,0.8889799245966367,u_222bacf6bc26ddc7,0,2,official,principal
1665,0,1,0.8677326879864398,probability_native,0.8677326879864398,u_222bacf6bc26ddc7,0,2,official,principal
4232,1,1,0.8100141863835228,probability_native,0.8100141863835228,u_222bacf6bc26ddc7,0,2,official,principal
812,0,0,0.08284543221513857,probability_native,0.08284543221513857,u_222bacf6bc26ddc7,0,2,official,principal
5850,1,1,0.6536508384368369,probability_native,0.6536508384368369,u_222bacf6bc26ddc7,0,2,official,principal
5227,0,1,0.9002481129799967,probability_native,0.9002481129799967,u_222bacf6bc26ddc7,0,2,official,principal
992,0,0,0.07474295024581992,probability_native,0.07474295024581992,u_222bacf6bc26ddc7,0,2,official,principal
5782,1,1,0.885277809539529,probability_native,0.885277809539529,u_222bacf6bc26ddc7,0,2,official,principal
5144,0,1,0.7806038312106538,probability_native,0.7806038312106538,u_222bacf6bc26ddc7,0,2,official,principal
5506,0,0,0.39110587501572414,probability_native,0.39110587501572414,u_222bacf6bc26ddc7,0,2,official,principal
5693,0,0,0.14558758868866015,probability_native,0.14558758868866015,u_222bacf6bc26ddc7,0,2,official,principal
6540,0,0,0.20411406580697297,probability_native,0.20411406580697297,u_222bacf6bc26ddc7,0,2,official,principal
3396,0,0,0.14044138675760678,probability_native,0.14044138675760678,u_222bacf6bc26ddc7,0,2,official,principal
1551,0,0,0.12822482835640958,probability_native,0.12822482835640958,u_222bacf6bc26ddc7,0,2,official,principal
3873,0,0,0.032678645120854694,probability_native,0.032678645120854694,u_222bacf6bc26ddc7,0,2,official,principal
6649,0,0,0.2393676234927198,probability_native,0.2393676234927198,u_222bacf6bc26ddc7,0,2,official,principal
316,0,0,0.020578084866167398,probability_native,0.020578084866167398,u_222bacf6bc26ddc7,0,2,official,principal
5894,1,1,0.6922998866787914,probability_native,0.6922998866787914,u_222bacf6bc26ddc7,0,2,official,principal
341,0,0,0.036287851831584755,probability_native,0.036287851831584755,u_222bacf6bc26ddc7,0,2,official,principal
1471,0,1,0.607385637453673,probability_native,0.607385637453673,u_222bacf6bc26ddc7,0,2,official,principal
3488,0,1,0.6721458447239631,probability_native,0.6721458447239631,u_222bacf6bc26ddc7,0,2,official,principal
7012,0,0,0.11278324496420529,probability_native,0.11278324496420529,u_222bacf6bc26ddc7,0,2,official,principal
2052,0,1,0.7008540982266407,probability_native,0.7008540982266407,u_222bacf6bc26ddc7,0,2,official,principal
5916,0,0,0.136544948427886,probability_native,0.136544948427886,u_222bacf6bc26ddc7,0,2,official,principal
5293,0,0,0.3421387444069259,probability_native,0.3421387444069259,u_222bacf6bc26ddc7,0,2,official,principal
6084,0,1,0.7713864466716779,probability_native,0.7713864466716779,u_222bacf6bc26ddc7,0,2,official,principal
4246,0,0,0.2216331990479579,probability_native,0.2216331990479579,u_222bacf6bc26ddc7,0,2,official,principal
1093,0,0,0.10022265978857155,probability_native,0.10022265978857155,u_222bacf6bc26ddc7,0,2,official,principal
6695,0,0,0.01515394322522481,probability_native,0.01515394322522481,u_222bacf6bc26ddc7,0,2,official,principal
2220,0,0,0.04564404639303448,probability_native,0.04564404639303448,u_222bacf6bc26ddc7,0,2,official,principal
4369,1,1,0.7437474448067325,probability_native,0.7437474448067325,u_222bacf6bc26ddc7,0,2,official,principal
2071,0,0,0.07660690036081384,probability_native,0.07660690036081384,u_222bacf6bc26ddc7,0,2,official,principal
863,1,1,0.8970881394740106,probability_native,0.8970881394740106,u_222bacf6bc26ddc7,0,2,official,principal
544,1,1,0.501885037748184,probability_native,0.501885037748184,u_222bacf6bc26ddc7,0,2,official,principal
5830,0,0,0.09163850047883107,probability_native,0.09163850047883107,u_222bacf6bc26ddc7,0,2,official,principal
313,0,1,0.8619067654627937,probability_native,0.8619067654627937,u_222bacf6bc26ddc7,0,2,official,principal
649,0,1,0.6263349223099384,probability_native,0.6263349223099384,u_222bacf6bc26ddc7,0,2,official,principal
5388,1,0,0.2914516752900198,probability_native,0.2914516752900198,u_222bacf6bc26ddc7,0,2,official,principal
161,1,1,0.6659234542143851,probability_native,0.6659234542143851,u_222bacf6bc26ddc7,0,2,official,principal
3331,0,0,0.14128988227183045,probability_native,0.14128988227183045,u_222bacf6bc26ddc7,0,2,official,principal
5189,0,1,0.6938421534404585,probability_native,0.6938421534404585,u_222bacf6bc26ddc7,0,2,official,principal
4532,1,1,0.8073062615731901,probability_native,0.8073062615731901,u_222bacf6bc26ddc7,0,2,official,principal
4635,0,0,0.030852076294338004,probability_native,0.030852076294338004,u_222bacf6bc26ddc7,0,2,official,principal
3194,1,0,0.37775023821950376,probability_native,0.37775023821950376,u_222bacf6bc26ddc7,0,2,official,principal
