row_id,y_true,y_pred,score_positive,score_type,probability_native,unit_id,outer_fold,replicate,purpose,variant
2986,0,0,-0.6868460021019409,decision_function,,u_19b4b28fcdb5da23,1,1,official,principal
5427,0,1,0.24544435342465354,decision_function,,u_19b4b28fcdb5da23,1,1,official,principal
6234,0,0,-1.6886724248394591,decision_function,,u_19b4b28fcdb5da23,1,1,official,principal
6937,0,0,-0.38596832875574694,decision_function,,u_19b4b28fcdb5da23,1,1,official,principal
6491,1,1,1.4999462278039162,decision_function,,u_19b4b28fcdb5da23,1,1,official,principal
478,1,1,1.3874326778299344,decision_function,,u_19b4b28fcdb5da23,1,1,official,principal
5704,0,1,1.3674660844249833,decision_function,,u_19b4b28fcdb5da23,1,1,official,principal
4453,1,1,1.6909305611049246,decision_function,,u_19b4b28fcdb5da23,1,1,official,principal
2320,0,0,-1.7336212638497535,decision_function,,u_19b4b28fcdb5da23,1,1,official,principal
4437,0,0,-0.4955933878877551,decision_function,,u_19b4b28fcdb5da23,1,1,official,principal
3511,0,0,-1.9075805578141956,decision_function,,u_19b4b28fcdb5da23,1,1,official,principal
3404,0,0,-1.52825362072908,decision_function,,u_19b4b28fcdb5da23,1,1,official,principal
1565,0,1,0.0972536127495034,decision_function,,u_19b4b28fcdb5da23,1,1,official,principal
1096,0,0,-0.10485069831379112,decision_function,,u_19b4b28fcdb5da23,1,1,official,principal
733,0,0,-1.5308292273453863,decision_function,,u_19b4b28fcdb5da23,1,1,official,principal
6846,1,1,1.2073278436739594,decision_function,,u_19b4b28fcdb5da23,1,1,official,principal
6891,0,1,0.499039799525673,decision_function,,u_19b4b28fcdb5da23,1,1,official,principal
3011,0,0,-1.228854581163166,decision_function,,u_19b4b28fcdb5da23,1,1,official,principal
6009,1,1,0.562751632980147,decision_function,,u_19b4b28fcdb5da23,1,1,official,principal
4163,0,0,-1.9760333203374185,decision_function,,u_19b4b28fcdb5da23,1,1,official,principal
5717,0,0,-1.5008453607648538,decision_function,,u_19b4b28fcdb5da23,1,1,official,principal
6803,0,0,-0.9192116170492988,decision_function,,u_19b4b28fcdb5da23,1,1,official,principal
1426,0,0,-1.169819167362361,decision_function,,u_19b4b28fcdb5da23,1,1,official,principal
3860,0,1,0.026274574128907435,decision_function,,u_19b4b28fcdb5da23,1,1,official,principal
810,1,0,-0.30476665296173944,decision_function,,u_19b4b28fcdb5da23,1,1,official,principal
2936,0,1,0.4821569034032911,decision_function,,u_19b4b28fcdb5da23,1,1,official,principal
2205,0,1,0.47126892153000366,decision_function,,u_19b4b28fcdb5da23,1,1,official,principal
6563,1,1,0.8258935963667278,decision_function,,u_19b4b28fcdb5da23,1,1,official,principal
2997,1,1,0.10275623133441814,decision_function,,u_19b4b28fcdb5da23,1,1,official,principal
1265,0,0,-0.8734114728934663,decision_function,,u_19b4b28fcdb5da23,1,1,official,principal
948,1,1,1.1374178758827376,decision_function,,u_19b4b28fcdb5da23,1,1,official,principal
3521,0,0,-1.7240809869927822,decision_function,,u_19b4b28fcdb5da23,1,1,official,principal
6809,1,1,1.3086198763557824,decision_function,,u_19b4b28fcdb5da23,1,1,official,principal
3563,0,1,0.49912045835251484,decision_function,,u_19b4b28fcdb5da23,1,1,official,principal
393,0,0,-0.8981897304341837,decision_function,,u_19b4b28fcdb5da23,1,1,official,principal
2693,0,0,-2.2349197923496167,decision_function,,u_19b4b28fcdb5da23,1,1,official,principal
3187,0,1,0.6380163912500623,decision_function,,u_19b4b28fcdb5da23,1,1,official,principal
6446,0,0,-1.257133875826422,decision_function,,u_19b4b28fcdb5da23,1,1,official,principal
3633,0,1,1.5904540553634487,decision_function,,u_19b4b28fcdb5da23,1,1,official,principal
5864,0,0,-1.7777139739972383,decision_function,,u_19b4b28fcdb5da23,1,1,official,principal
4069,0,0,-0.9744450429445677,decision_function,,u_19b4b28fcdb5da23,1,1,official,principal
3383,1,1,1.4509236540124602,decision_function,,u_19b4b28fcdb5da23,1,1,official,principal
6456,0,0,-0.8171870572078297,decision_function,,u_19b4b28fcdb5da23,1,1,official,principal
1263,1,0,-0.21438677167864828,decision_function,,u_19b4b28fcdb5da23,1,1,official,principal
272,1,1,0.30850918447483267,decision_function,,u_19b4b28fcdb5da23,1,1,official,principal
2070,1,0,-0.8922123248846514,decision_function,,u_19b4b28fcdb5da23,1,1,official,principal
4842,1,1,0.3630845448818829,decision_function,,u_19b4b28fcdb5da23,1,1,official,principal
4872,0,0,-1.6559545007711411,decision_function,,u_19b4b28fcdb5da23,1,1,official,principal
5272,1,1,1.5121403678945637,decision_function,,u_19b4b28fcdb5da23,1,1,official,principal
3646,0,0,-0.43556916863529827,decision_function,,u_19b4b28fcdb5da23,1,1,official,principal
3935,0,0,-2.2652751856568636,decision_function,,u_19b4b28fcdb5da23,1,1,official,principal
4788,0,0,-1.3941322238076326,decision_function,,u_19b4b28fcdb5da23,1,1,official,principal
6124,0,0,-2.0405464461343805,decision_function,,u_19b4b28fcdb5da23,1,1,official,principal
736,0,0,-0.2333025765569623,decision_function,,u_19b4b28fcdb5da23,1,1,official,principal
5876,1,1,1.5366201712451684,decision_function,,u_19b4b28fcdb5da23,1,1,official,principal
2566,0,0,-1.9972706241429574,decision_function,,u_19b4b28fcdb5da23,1,1,official,principal
1400,0,0,-0.7359181622913995,decision_function,,u_19b4b28fcdb5da23,1,1,official,principal
1879,1,1,1.5040581884477762,decision_function,,u_19b4b28fcdb5da23,1,1,official,principal
6613,0,0,-0.560612812904185,decision_function,,u_19b4b28fcdb5da23,1,1,official,principal
2793,0,1,1.2250337332280306,decision_function,,u_19b4b28fcdb5da23,1,1,official,principal
5185,0,0,-1.6084757708865944,decision_function,,u_19b4b28fcdb5da23,1,1,official,principal
1955,0,1,0.37110933977795657,decision_function,,u_19b4b28fcdb5da23,1,1,official,principal
5161,0,0,-0.459065898756827,decision_function,,u_19b4b28fcdb5da23,1,1,official,principal
4569,1,0,-0.24788256172506973,decision_function,,u_19b4b28fcdb5da23,1,1,official,principal
1722,0,0,-0.790715498909603,decision_function,,u_19b4b28fcdb5da23,1,1,official,principal
2662,1,1,1.1518582305492542,decision_function,,u_19b4b28fcdb5da23,1,1,official,principal
3768,0,0,-0.16080658222215716,decision_function,,u_19b4b28fcdb5da23,1,1,official,principal
4926,0,0,-1.7092211123322032,decision_function,,u_19b4b28fcdb5da23,1,1,official,principal
439,0,0,-0.1003222623552753,decision_function,,u_19b4b28fcdb5da23,1,1,official,principal
416,0,0,-1.063567243000385,decision_function,,u_19b4b28fcdb5da23,1,1,official,principal
3341,0,0,-0.6291135090314761,decision_function,,u_19b4b28fcdb5da23,1,1,official,principal
6276,0,0,-1.4054559230983008,decision_function,,u_19b4b28fcdb5da23,1,1,official,principal
2502,0,0,-2.2359970633931874,decision_function,,u_19b4b28fcdb5da23,1,1,official,principal
5397,1,1,1.447876246723729,decision_function,,u_19b4b28fcdb5da23,1,1,official,principal
6734,1,0,-0.2367321871513628,decision_function,,u_19b4b28fcdb5da23,1,1,official,principal
5992,1,0,-2.015920077321388,decision_function,,u_19b4b28fcdb5da23,1,1,official,principal
4985,0,0,-1.8008526496489239,decision_function,,u_19b4b28fcdb5da23,1,1,official,principal
5863,1,1,1.5046538115954844,decision_function,,u_19b4b28fcdb5da23,1,1,official,principal
6801,0,1,0.10719125255417339,decision_function,,u_19b4b28fcdb5da23,1,1,official,principal
3133,0,0,-1.6571193734285083,decision_function,,u_19b4b28fcdb5da23,1,1,official,principal
4709,0,1,0.01760659642382123,decision_function,,u_19b4b28fcdb5da23,1,1,official,principal
5553,1,1,0.6660373906633885,decision_function,,u_19b4b28fcdb5da23,1,1,official,principal
6871,0,0,-0.11625838216736772,decision_function,,u_19b4b28fcdb5da23,1,1,official,principal
1536,0,0,-2.0646031846373307,decision_function,,u_19b4b28fcdb5da23,1,1,official,principal
982,0,0,-0.7576191240067534,decision_function,,u_19b4b28fcdb5da23,1,1,official,principal
5325,0,0,-0.8747258990243999,decision_function,,u_19b4b28fcdb5da23,1,1,official,principal
1540,0,0,-0.5824324247022344,decision_function,,u_19b4b28fcdb5da23,1,1,official,principal
2432,0,0,-1.253349656765301,decision_function,,u_19b4b28fcdb5da23,1,1,official,principal
4921,0,1,0.25919370154518595,decision_function,,u_19b4b28fcdb5da23,1,1,official,principal
6109,0,1,0.13039097715104342,decision_function,,u_19b4b28fcdb5da23,1,1,official,principal
874,0,0,-0.24607222898597625,decision_function,,u_19b4b28fcdb5da23,1,1,official,principal
5339,0,1,0.6824698067565826,decision_function,,u_19b4b28fcdb5da23,1,1,official,principal
1923,0,0,-1.73104093886433,decision_function,,u_19b4b28fcdb5da23,1,1,official,principal
1827,0,0,-0.4938763978854064,decision_function,,u_19b4b28fcdb5da23,1,1,official,principal
972,0,0,-1.667377434121875,decision_function,,u_19b4b28fcdb5da23,1,1,official,principal
3673,1,1,0.8471622913662049,decision_function,,u_19b4b28fcdb5da23,1,1,official,principal
5747,0,0,-0.9382697107837696,decision_function,,u_19b4b28fcdb5da23,1,1,official,principal
3904,0,0,-1.3897905480200694,decision_function,,u_19b4b28fcdb5da23,1,1,official,principal
3987,1,1,1.3974356046425447,decision_function,,u_19b4b28fcdb5da23,1,1,official,principal
555,0,0,-1.386173052914704,decision_function,,u_19b4b28fcdb5da23,1,1,official,principal
2918,0,1,0.5296779252590083,decision_function,,u_19b4b28fcdb5da23,1,1,official,principal
2752,1,0,-1.1119459879254325,decision_function,,u_19b4b28fcdb5da23,1,1,official,principal
5457,0,0,-0.36248054601122737,decision_function,,u_19b4b28fcdb5da23,1,1,official,principal
6934,0,0,-0.9053586622691348,decision_function,,u_19b4b28fcdb5da23,1,1,official,principal
2152,0,1,0.9756510221957893,decision_function,,u_19b4b28fcdb5da23,1,1,official,principal
3921,0,0,-0.6689967132934456,decision_function,,u_19b4b28fcdb5da23,1,1,official,principal
2192,0,0,-1.3745443164114843,decision_function,,u_19b4b28fcdb5da23,1,1,official,principal
2274,1,1,0.5355244411250744,decision_function,,u_19b4b28fcdb5da23,1,1,official,principal
5401,0,0,-1.5162341682595706,decision_function,,u_19b4b28fcdb5da23,1,1,official,principal
3715,0,1,1.4713137976193482,decision_function,,u_19b4b28fcdb5da23,1,1,official,principal
217,0,0,-1.8011583656271482,decision_function,,u_19b4b28fcdb5da23,1,1,official,principal
7029,0,1,1.265760647314364,decision_function,,u_19b4b28fcdb5da23,1,1,official,principal
2232,0,0,-1.7683278237349886,decision_function,,u_19b4b28fcdb5da23,1,1,official,principal
5395,1,1,1.2661670724899325,decision_function,,u_19b4b28fcdb5da23,1,1,official,principal
6122,0,0,-1.3282641901971162,decision_function,,u_19b4b28fcdb5da23,1,1,official,principal
3012,0,0,-1.8724973872183113,decision_function,,u_19b4b28fcdb5da23,1,1,official,principal
941,0,1,0.09967298021599635,decision_function,,u_19b4b28fcdb5da23,1,1,official,principal
4694,0,0,-0.7095374057065136,decision_function,,u_19b4b28fcdb5da23,1,1,official,principal
94,0,0,-0.6568730112442207,decision_function,,u_19b4b28fcdb5da23,1,1,official,principal
1794,0,0,-2.227979658375015,decision_function,,u_19b4b28fcdb5da23,1,1,official,principal
2256,0,0,-1.3844301244642068,decision_function,,u_19b4b28fcdb5da23,1,1,official,principal
4371,0,0,-1.2571284917511814,decision_function,,u_19b4b28fcdb5da23,1,1,official,principal
3361,0,0,-1.215382444883727,decision_function,,u_19b4b28fcdb5da23,1,1,official,principal
1619,0,0,-1.911529394427281,decision_function,,u_19b4b28fcdb5da23,1,1,official,principal
6578,0,0,-0.9743549181520379,decision_function,,u_19b4b28fcdb5da23,1,1,official,principal
5199,0,0,-0.15165141002266092,decision_function,,u_19b4b28fcdb5da23,1,1,official,principal
5490,0,1,0.06583080643896388,decision_function,,u_19b4b28fcdb5da23,1,1,official,principal
2069,1,1,1.4873921000562431,decision_function,,u_19b4b28fcdb5da23,1,1,official,principal
380,0,0,-0.6494628755544698,decision_function,,u_19b4b28fcdb5da23,1,1,official,principal
2393,1,0,-0.12753411632477363,decision_function,,u_19b4b28fcdb5da23,1,1,official,principal
2811,0,0,-1.8529416257834062,decision_function,,u_19b4b28fcdb5da23,1,1,official,principal
6422,0,0,-1.3464696898610788,decision_function,,u_19b4b28fcdb5da23,1,1,official,principal
6414,0,0,-1.7754327514408494,decision_function,,u_19b4b28fcdb5da23,1,1,official,principal
4935,0,0,-1.5012601379553343,decision_function,,u_19b4b28fcdb5da23,1,1,official,principal
4942,1,1,0.7649833998338957,decision_function,,u_19b4b28fcdb5da23,1,1,official,principal
3789,0,0,-0.7054454263208296,decision_function,,u_19b4b28fcdb5da23,1,1,official,principal
3583,0,0,-1.3550899142369635,decision_function,,u_19b4b28fcdb5da23,1,1,official,principal
1587,0,0,-1.8668170919290097,decision_function,,u_19b4b28fcdb5da23,1,1,official,principal
3148,0,0,-0.5033502628521673,decision_function,,u_19b4b28fcdb5da23,1,1,official,principal
7028,0,0,-1.8917292573781808,decision_function,,u_19b4b28fcdb5da23,1,1,official,principal
3981,0,1,1.3505592557108295,decision_function,,u_19b4b28fcdb5da23,1,1,official,principal
4228,1,1,1.3027708205666992,decision_function,,u_19b4b28fcdb5da23,1,1,official,principal
2321,0,0,-0.11238246024771481,decision_function,,u_19b4b28fcdb5da23,1,1,official,principal
1692,0,0,-0.9145052638088613,decision_function,,u_19b4b28fcdb5da23,1,1,official,principal
4866,0,1,0.5737396857871537,decision_function,,u_19b4b28fcdb5da23,1,1,official,principal
5570,0,1,0.6125521195046848,decision_function,,u_19b4b28fcdb5da23,1,1,official,principal
4642,1,0,-1.735860238597733,decision_function,,u_19b4b28fcdb5da23,1,1,official,principal
2277,1,0,-0.06990403228381159,decision_function,,u_19b4b28fcdb5da23,1,1,official,principal
6330,0,1,0.5511273864310642,decision_function,,u_19b4b28fcdb5da23,1,1,official,principal
5576,1,1,0.6793471097408812,decision_function,,u_19b4b28fcdb5da23,1,1,official,principal
6913,0,0,-0.9748336181066855,decision_function,,u_19b4b28fcdb5da23,1,1,official,principal
2745,1,1,1.7955651702534388,decision_function,,u_19b4b28fcdb5da23,1,1,official,principal
1874,0,0,-1.4262502176619136,decision_function,,u_19b4b28fcdb5da23,1,1,official,principal
2638,1,0,-0.5599454425726382,decision_function,,u_19b4b28fcdb5da23,1,1,official,principal
6079,0,1,0.007335542250010096,decision_function,,u_19b4b28fcdb5da23,1,1,official,principal
782,0,0,-0.6513403413812346,decision_function,,u_19b4b28fcdb5da23,1,1,official,principal
3602,0,0,-0.5866926856089436,decision_function,,u_19b4b28fcdb5da23,1,1,official,principal
6282,0,0,-1.157318189752838,decision_function,,u_19b4b28fcdb5da23,1,1,official,principal
2404,0,0,-0.5503115990090525,decision_function,,u_19b4b28fcdb5da23,1,1,official,principal
332,0,0,-0.17718906869559303,decision_function,,u_19b4b28fcdb5da23,1,1,official,principal
2127,1,0,-0.8406335424956607,decision_function,,u_19b4b28fcdb5da23,1,1,official,principal
6047,0,1,0.5484712061515606,decision_function,,u_19b4b28fcdb5da23,1,1,official,principal
5038,0,0,-0.9103111085535615,decision_function,,u_19b4b28fcdb5da23,1,1,official,principal
2959,0,1,0.021076037168376693,decision_function,,u_19b4b28fcdb5da23,1,1,official,principal
1778,0,0,-2.3801115115824194,decision_function,,u_19b4b28fcdb5da23,1,1,official,principal
6896,1,1,0.21768399510811642,decision_function,,u_19b4b28fcdb5da23,1,1,official,principal
5169,0,0,-0.8977131683513175,decision_function,,u_19b4b28fcdb5da23,1,1,official,principal
6888,0,1,1.4727713549042516,decision_function,,u_19b4b28fcdb5da23,1,1,official,principal
6055,0,1,0.9467541081590976,decision_function,,u_19b4b28fcdb5da23,1,1,official,principal
6744,0,0,-1.215535191755055,decision_function,,u_19b4b28fcdb5da23,1,1,official,principal
3364,1,1,1.1203668449129913,decision_function,,u_19b4b28fcdb5da23,1,1,official,principal
3226,0,0,-0.6568669439192252,decision_function,,u_19b4b28fcdb5da23,1,1,official,principal
6869,1,0,-1.530202096515492,decision_function,,u_19b4b28fcdb5da23,1,1,official,principal
2270,1,1,1.6104733906548225,decision_function,,u_19b4b28fcdb5da23,1,1,official,principal
4173,0,1,1.520918227432464,decision_function,,u_19b4b28fcdb5da23,1,1,official,principal
3817,0,0,-1.9532550007079015,decision_function,,u_19b4b28fcdb5da23,1,1,official,principal
2368,0,0,-1.191188060347602,decision_function,,u_19b4b28fcdb5da23,1,1,official,principal
4916,0,1,1.1241702316114561,decision_function,,u_19b4b28fcdb5da23,1,1,official,principal
2191,1,1,1.8364679330979454,decision_function,,u_19b4b28fcdb5da23,1,1,official,principal
2790,1,0,-0.44733468303339063,decision_function,,u_19b4b28fcdb5da23,1,1,official,principal
6660,1,1,1.462229426939773,decision_function,,u_19b4b28fcdb5da23,1,1,official,principal
5429,0,0,-2.107445419291591,decision_function,,u_19b4b28fcdb5da23,1,1,official,principal
3503,0,0,-0.5093258552053992,decision_function,,u_19b4b28fcdb5da23,1,1,official,principal
3310,1,1,1.4370893064774446,decision_function,,u_19b4b28fcdb5da23,1,1,official,principal
6878,1,1,1.7268477432601408,decision_function,,u_19b4b28fcdb5da23,1,1,official,principal
4851,1,1,1.5310614750823701,decision_function,,u_19b4b28fcdb5da23,1,1,official,principal
719,0,0,-0.20301144840751384,decision_function,,u_19b4b28fcdb5da23,1,1,official,principal
1500,0,0,-0.09531775086635541,decision_function,,u_19b4b28fcdb5da23,1,1,official,principal
4060,0,0,-1.3101973166737764,decision_function,,u_19b4b28fcdb5da23,1,1,official,principal
2342,0,1,0.08439105686273729,decision_function,,u_19b4b28fcdb5da23,1,1,official,principal
222,0,0,-0.5312863257450553,decision_function,,u_19b4b28fcdb5da23,1,1,official,principal
1323,0,0,-1.9137732361942517,decision_function,,u_19b4b28fcdb5da23,1,1,official,principal
3366,0,1,0.637055556816033,decision_function,,u_19b4b28fcdb5da23,1,1,official,principal
5799,1,1,0.7954892321439675,decision_function,,u_19b4b28fcdb5da23,1,1,official,principal
2825,0,0,-0.07167824794036193,decision_function,,u_19b4b28fcdb5da23,1,1,official,principal
3193,0,0,-1.1484778518266725,decision_function,,u_19b4b28fcdb5da23,1,1,official,principal
5154,1,1,1.0501257696230617,decision_function,,u_19b4b28fcdb5da23,1,1,official,principal
80,1,1,1.5265774216375654,decision_function,,u_19b4b28fcdb5da23,1,1,official,principal
54,0,0,-1.8284585830382212,decision_function,,u_19b4b28fcdb5da23,1,1,official,principal
6673,0,1,0.73684926997328,decision_function,,u_19b4b28fcdb5da23,1,1,official,principal
2626,0,0,-1.4522349260285847,decision_function,,u_19b4b28fcdb5da23,1,1,official,principal
6947,0,0,-0.6675672491869733,decision_function,,u_19b4b28fcdb5da23,1,1,official,principal
5985,0,0,-1.580530743280371,decision_function,,u_19b4b28fcdb5da23,1,1,official,principal
6451,0,0,-0.8575324183886088,decision_function,,u_19b4b28fcdb5da23,1,1,official,principal
6364,0,0,-1.1933556085607224,decision_function,,u_19b4b28fcdb5da23,1,1,official,principal
2285,1,0,-0.12192084746267495,decision_function,,u_19b4b28fcdb5da23,1,1,official,principal
6242,0,0,-1.7762630089956668,decision_function,,u_19b4b28fcdb5da23,1,1,official,principal
30,0,0,-1.4300341637552907,decision_function,,u_19b4b28fcdb5da23,1,1,official,principal
673,0,0,-0.606118819817256,decision_function,,u_19b4b28fcdb5da23,1,1,official,principal
684,0,1,0.8724210231518024,decision_function,,u_19b4b28fcdb5da23,1,1,official,principal
4424,1,1,0.44860053477040784,decision_function,,u_19b4b28fcdb5da23,1,1,official,principal
1502,0,0,-0.902602870737486,decision_function,,u_19b4b28fcdb5da23,1,1,official,principal
860,0,0,-1.4822534763035111,decision_function,,u_19b4b28fcdb5da23,1,1,official,principal
5445,0,0,-0.5684831615758208,decision_function,,u_19b4b28fcdb5da23,1,1,official,principal
3827,0,0,-1.017098731000905,decision_function,,u_19b4b28fcdb5da23,1,1,official,principal
5014,0,0,-0.5885236786545989,decision_function,,u_19b4b28fcdb5da23,1,1,official,principal
1149,1,1,0.9980750133563845,decision_function,,u_19b4b28fcdb5da23,1,1,official,principal
6990,0,1,0.6643966690612491,decision_function,,u_19b4b28fcdb5da23,1,1,official,principal
1678,0,0,-1.2294077927442792,decision_function,,u_19b4b28fcdb5da23,1,1,official,principal
6957,0,1,0.9156356599712514,decision_function,,u_19b4b28fcdb5da23,1,1,official,principal
6575,0,0,-0.5230177238641721,decision_function,,u_19b4b28fcdb5da23,1,1,official,principal
2574,1,1,0.828122234493466,decision_function,,u_19b4b28fcdb5da23,1,1,official,principal
5403,0,0,-0.4851427801126429,decision_function,,u_19b4b28fcdb5da23,1,1,official,principal
3947,0,0,-0.11089281268687334,decision_function,,u_19b4b28fcdb5da23,1,1,official,principal
1357,0,1,0.10341692963785887,decision_function,,u_19b4b28fcdb5da23,1,1,official,principal
1386,0,0,-1.5671397799813471,decision_function,,u_19b4b28fcdb5da23,1,1,official,principal
4701,0,1,1.3166295085869768,decision_function,,u_19b4b28fcdb5da23,1,1,official,principal
3213,0,0,-1.543174658622462,decision_function,,u_19b4b28fcdb5da23,1,1,official,principal
6536,0,1,0.2104105908806413,decision_function,,u_19b4b28fcdb5da23,1,1,official,principal
3406,0,0,-1.5763759367968928,decision_function,,u_19b4b28fcdb5da23,1,1,official,principal
1078,0,0,-0.5600908439026394,decision_function,,u_19b4b28fcdb5da23,1,1,official,principal
3849,1,0,-0.6152896297521289,decision_function,,u_19b4b28fcdb5da23,1,1,official,principal
5307,0,1,1.639012839617589,decision_function,,u_19b4b28fcdb5da23,1,1,official,principal
3168,0,0,-1.7057862754367048,decision_function,,u_19b4b28fcdb5da23,1,1,official,principal
4159,0,0,-0.1793497207492052,decision_function,,u_19b4b28fcdb5da23,1,1,official,principal
3865,0,0,-0.6223828296975786,decision_function,,u_19b4b28fcdb5da23,1,1,official,principal
5549,1,1,1.318543573171727,decision_function,,u_19b4b28fcdb5da23,1,1,official,principal
1647,1,1,1.0102339958137705,decision_function,,u_19b4b28fcdb5da23,1,1,official,principal
1943,0,1,0.606655425141446,decision_function,,u_19b4b28fcdb5da23,1,1,official,principal
1545,0,0,-0.41372019201530996,decision_function,,u_19b4b28fcdb5da23,1,1,official,principal
4980,0,0,-1.0035844250609318,decision_function,,u_19b4b28fcdb5da23,1,1,official,principal
6798,0,1,0.8643328858991035,decision_function,,u_19b4b28fcdb5da23,1,1,official,principal
5289,0,0,-1.0527192350218968,decision_function,,u_19b4b28fcdb5da23,1,1,official,principal
4463,1,1,1.5015411551235243,decision_function,,u_19b4b28fcdb5da23,1,1,official,principal
6359,0,0,-0.6526004802057481,decision_function,,u_19b4b28fcdb5da23,1,1,official,principal
4804,0,0,-0.665841952178643,decision_function,,u_19b4b28fcdb5da23,1,1,official,principal
5182,0,0,-1.131562741458601,decision_function,,u_19b4b28fcdb5da23,1,1,official,principal
136,0,1,0.4209240519769708,decision_function,,u_19b4b28fcdb5da23,1,1,official,principal
3588,0,1,0.4534206383274999,decision_function,,u_19b4b28fcdb5da23,1,1,official,principal
2166,0,0,-0.9108791201322662,decision_function,,u_19b4b28fcdb5da23,1,1,official,principal
5111,1,0,-0.2932969540840933,decision_function,,u_19b4b28fcdb5da23,1,1,official,principal
4279,0,0,-0.7863608331807244,decision_function,,u_19b4b28fcdb5da23,1,1,official,principal
6767,0,0,-1.2860715595610552,decision_function,,u_19b4b28fcdb5da23,1,1,official,principal
4321,0,1,1.0743130696139689,decision_function,,u_19b4b28fcdb5da23,1,1,official,principal
1409,0,1,0.3492046623170033,decision_function,,u_19b4b28fcdb5da23,1,1,official,principal
2060,0,0,-1.851523195091874,decision_function,,u_19b4b28fcdb5da23,1,1,official,principal
2462,0,0,-0.1390817947287104,decision_function,,u_19b4b28fcdb5da23,1,1,official,principal
5973,0,0,-0.4385961621088108,decision_function,,u_19b4b28fcdb5da23,1,1,official,principal
289,1,1,0.32728240450234236,decision_function,,u_19b4b28fcdb5da23,1,1,official,principal
4342,0,0,-1.2947817842894516,decision_function,,u_19b4b28fcdb5da23,1,1,official,principal
2864,0,1,0.22106375221863006,decision_function,,u_19b4b28fcdb5da23,1,1,official,principal
2033,1,0,-0.2707858642403007,decision_function,,u_19b4b28fcdb5da23,1,1,official,principal
3605,0,1,0.04339664645613461,decision_function,,u_19b4b28fcdb5da23,1,1,official,principal
280,0,0,-0.315107736265273,decision_function,,u_19b4b28fcdb5da23,1,1,official,principal
1930,0,1,0.11833995327339619,decision_function,,u_19b4b28fcdb5da23,1,1,official,principal
4222,0,0,-0.9753961940928855,decision_function,,u_19b4b28fcdb5da23,1,1,official,principal
839,0,0,-1.744676794358691,decision_function,,u_19b4b28fcdb5da23,1,1,official,principal
6275,0,0,-2.163487275451008,decision_function,,u_19b4b28fcdb5da23,1,1,official,principal
506,0,1,0.8115023336629044,decision_function,,u_19b4b28fcdb5da23,1,1,official,principal
5434,0,1,0.26291369511973484,decision_function,,u_19b4b28fcdb5da23,1,1,official,principal
6526,1,0,-0.36387349067732155,decision_function,,u_19b4b28fcdb5da23,1,1,official,principal
5295,0,0,-0.21817828144972062,decision_function,,u_19b4b28fcdb5da23,1,1,official,principal
2703,1,1,0.590993989831003,decision_function,,u_19b4b28fcdb5da23,1,1,official,principal
2537,0,0,-1.4774747237125982,decision_function,,u_19b4b28fcdb5da23,1,1,official,principal
824,0,0,-1.757510622651231,decision_function,,u_19b4b28fcdb5da23,1,1,official,principal
908,0,0,-0.8095978721739844,decision_function,,u_19b4b28fcdb5da23,1,1,official,principal
6823,0,1,0.29392608111930296,decision_function,,u_19b4b28fcdb5da23,1,1,official,principal
3210,0,0,-2.245538605131283,decision_function,,u_19b4b28fcdb5da23,1,1,official,principal
25,0,0,-0.5004420824598235,decision_function,,u_19b4b28fcdb5da23,1,1,official,principal
2379,1,1,0.5670218580960422,decision_function,,u_19b4b28fcdb5da23,1,1,official,principal
6078,0,0,-1.1306793757164333,decision_function,,u_19b4b28fcdb5da23,1,1,official,principal
6325,1,1,0.2813442763289562,decision_function,,u_19b4b28fcdb5da23,1,1,official,principal
1257,0,0,-0.40902448649178436,decision_function,,u_19b4b28fcdb5da23,1,1,official,principal
6216,0,0,-2.220081513097502,decision_function,,u_19b4b28fcdb5da23,1,1,official,principal
4116,0,0,-1.462399353031672,decision_function,,u_19b4b28fcdb5da23,1,1,official,principal
3746,1,1,1.4664055881344842,decision_function,,u_19b4b28fcdb5da23,1,1,official,principal
6844,0,0,-0.0566695944034481,decision_function,,u_19b4b28fcdb5da23,1,1,official,principal
6893,1,0,-0.40881768367638016,decision_function,,u_19b4b28fcdb5da23,1,1,official,principal
1524,0,0,-0.30725360423326853,decision_function,,u_19b4b28fcdb5da23,1,1,official,principal
2196,0,0,-1.076005894067923,decision_function,,u_19b4b28fcdb5da23,1,1,official,principal
2621,0,0,-1.5906179361505273,decision_function,,u_19b4b28fcdb5da23,1,1,official,principal
379,0,1,0.15291334100281184,decision_function,,u_19b4b28fcdb5da23,1,1,official,principal
3929,0,0,-1.144329360645104,decision_function,,u_19b4b28fcdb5da23,1,1,official,principal
7026,1,1,0.4280437315223029,decision_function,,u_19b4b28fcdb5da23,1,1,official,principal
3221,0,1,0.5551326107378254,decision_function,,u_19b4b28fcdb5da23,1,1,official,principal
2366,1,1,1.5792213774652337,decision_function,,u_19b4b28fcdb5da23,1,1,official,principal
6255,0,0,-0.9998602714630332,decision_function,,u_19b4b28fcdb5da23,1,1,official,principal
5638,1,0,-0.1592998560480079,decision_function,,u_19b4b28fcdb5da23,1,1,official,principal
6606,1,1,0.7358515334198854,decision_function,,u_19b4b28fcdb5da23,1,1,official,principal
1796,0,1,0.13768720413006186,decision_function,,u_19b4b28fcdb5da23,1,1,official,principal
2682,1,1,0.2460427745456304,decision_function,,u_19b4b28fcdb5da23,1,1,official,principal
6517,0,1,0.532867026738645,decision_function,,u_19b4b28fcdb5da23,1,1,official,principal
1217,0,0,-1.873211804592746,decision_function,,u_19b4b28fcdb5da23,1,1,official,principal
5124,0,0,-1.5709932769703596,decision_function,,u_19b4b28fcdb5da23,1,1,official,principal
5856,0,1,0.2799298450047185,decision_function,,u_19b4b28fcdb5da23,1,1,official,principal
5136,0,1,1.2910715521760099,decision_function,,u_19b4b28fcdb5da23,1,1,official,principal
398,0,1,0.37702618060450943,decision_function,,u_19b4b28fcdb5da23,1,1,official,principal
918,0,1,1.0477542939004003,decision_function,,u_19b4b28fcdb5da23,1,1,official,principal
6759,0,0,-0.4232060896657921,decision_function,,u_19b4b28fcdb5da23,1,1,official,principal
3562,1,1,1.5624867331020336,decision_function,,u_19b4b28fcdb5da23,1,1,official,principal
3120,0,0,-1.9217339508294962,decision_function,,u_19b4b28fcdb5da23,1,1,official,principal
5290,0,0,-2.1954192352726527,decision_function,,u_19b4b28fcdb5da23,1,1,official,principal
4617,0,0,-0.18242719907372695,decision_function,,u_19b4b28fcdb5da23,1,1,official,principal
1642,0,0,-1.1355490426667185,decision_function,,u_19b4b28fcdb5da23,1,1,official,principal
5104,0,0,-1.280757668351729,decision_function,,u_19b4b28fcdb5da23,1,1,official,principal
4807,0,0,-0.46529162498518184,decision_function,,u_19b4b28fcdb5da23,1,1,official,principal
5800,0,1,0.6559960547723112,decision_function,,u_19b4b28fcdb5da23,1,1,official,principal
3558,0,1,0.09203747767122072,decision_function,,u_19b4b28fcdb5da23,1,1,official,principal
6819,1,1,0.35448654754590025,decision_function,,u_19b4b28fcdb5da23,1,1,official,principal
5644,1,1,1.18326853404912,decision_function,,u_19b4b28fcdb5da23,1,1,official,principal
4138,1,1,1.6642268654827923,decision_function,,u_19b4b28fcdb5da23,1,1,official,principal
460,0,0,-0.8143013286239942,decision_function,,u_19b4b28fcdb5da23,1,1,official,principal
3199,0,0,-2.0898511091192207,decision_function,,u_19b4b28fcdb5da23,1,1,official,principal
2332,0,0,-1.111168624387451,decision_function,,u_19b4b28fcdb5da23,1,1,official,principal
5682,0,1,0.723253766482638,decision_function,,u_19b4b28fcdb5da23,1,1,official,principal
6859,0,0,-1.5793770617045653,decision_function,,u_19b4b28fcdb5da23,1,1,official,principal
2418,0,1,0.6682027927464511,decision_function,,u_19b4b28fcdb5da23,1,1,official,principal
6784,0,0,-0.7361092637089972,decision_function,,u_19b4b28fcdb5da23,1,1,official,principal
6035,1,0,-0.44482632831978797,decision_function,,u_19b4b28fcdb5da23,1,1,official,principal
2929,0,0,-1.9516519194295994,decision_function,,u_19b4b28fcdb5da23,1,1,official,principal
2177,0,0,-1.0287989467111984,decision_function,,u_19b4b28fcdb5da23,1,1,official,principal
2632,0,0,-1.1534079733987712,decision_function,,u_19b4b28fcdb5da23,1,1,official,principal
4787,0,0,-0.27657206461091643,decision_function,,u_19b4b28fcdb5da23,1,1,official,principal
1976,1,1,1.8913203042488034,decision_function,,u_19b4b28fcdb5da23,1,1,official,principal
762,1,1,1.4318403740520536,decision_function,,u_19b4b28fcdb5da23,1,1,official,principal
5757,0,0,-0.7460718436791849,decision_function,,u_19b4b28fcdb5da23,1,1,official,principal
2977,0,0,-0.28102563157411353,decision_function,,u_19b4b28fcdb5da23,1,1,official,principal
2215,0,0,-1.8301122397143783,decision_function,,u_19b4b28fcdb5da23,1,1,official,principal
5042,0,0,-1.552920107009742,decision_function,,u_19b4b28fcdb5da23,1,1,official,principal
3572,0,1,1.0055948586642556,decision_function,,u_19b4b28fcdb5da23,1,1,official,principal
565,0,0,-2.0866700001054204,decision_function,,u_19b4b28fcdb5da23,1,1,official,principal
4888,0,0,-0.1148224751645901,decision_function,,u_19b4b28fcdb5da23,1,1,official,principal
2948,1,1,1.0222312486348417,decision_function,,u_19b4b28fcdb5da23,1,1,official,principal
1979,0,0,-1.6139886539971482,decision_function,,u_19b4b28fcdb5da23,1,1,official,principal
2406,1,1,1.6248285444358528,decision_function,,u_19b4b28fcdb5da23,1,1,official,principal
1344,0,0,-1.108954985247954,decision_function,,u_19b4b28fcdb5da23,1,1,official,principal
6953,1,1,1.5027554317299905,decision_function,,u_19b4b28fcdb5da23,1,1,official,principal
6052,0,0,-1.3347087887297977,decision_function,,u_19b4b28fcdb5da23,1,1,official,principal
6296,0,0,-0.6752224742341195,decision_function,,u_19b4b28fcdb5da23,1,1,official,principal
2309,0,0,-0.5816647243247407,decision_function,,u_19b4b28fcdb5da23,1,1,official,principal
6790,0,0,-1.8042581864838974,decision_function,,u_19b4b28fcdb5da23,1,1,official,principal
89,0,0,-0.2263053427033943,decision_function,,u_19b4b28fcdb5da23,1,1,official,principal
3594,0,1,0.48062087817132304,decision_function,,u_19b4b28fcdb5da23,1,1,official,principal
3033,0,0,-0.8283443449661179,decision_function,,u_19b4b28fcdb5da23,1,1,official,principal
2979,0,0,-0.9646087571287546,decision_function,,u_19b4b28fcdb5da23,1,1,official,principal
5893,0,0,-0.9155954868978294,decision_function,,u_19b4b28fcdb5da23,1,1,official,principal
2966,0,1,1.1399985057837054,decision_function,,u_19b4b28fcdb5da23,1,1,official,principal
1741,0,1,0.4139565738480966,decision_function,,u_19b4b28fcdb5da23,1,1,official,principal
5126,0,0,-0.3060736385137508,decision_function,,u_19b4b28fcdb5da23,1,1,official,principal
2096,1,0,-0.1577137696422377,decision_function,,u_19b4b28fcdb5da23,1,1,official,principal
5712,0,0,-0.6043307093544313,decision_function,,u_19b4b28fcdb5da23,1,1,official,principal
3289,0,1,0.2880065028791614,decision_function,,u_19b4b28fcdb5da23,1,1,official,principal
1091,0,0,-0.4725677746166652,decision_function,,u_19b4b28fcdb5da23,1,1,official,principal
5305,0,0,-0.8316814077343953,decision_function,,u_19b4b28fcdb5da23,1,1,official,principal
5391,0,0,-0.07983267953432693,decision_function,,u_19b4b28fcdb5da23,1,1,official,principal
5153,0,1,0.7836123312324723,decision_function,,u_19b4b28fcdb5da23,1,1,official,principal
2288,0,1,1.1007816315991406,decision_function,,u_19b4b28fcdb5da23,1,1,official,principal
4035,0,0,-0.3605597579402171,decision_function,,u_19b4b28fcdb5da23,1,1,official,principal
937,1,1,1.1165217660227098,decision_function,,u_19b4b28fcdb5da23,1,1,official,principal
2026,0,0,-1.074896350175733,decision_function,,u_19b4b28fcdb5da23,1,1,official,principal
3894,0,0,-1.4264944736747769,decision_function,,u_19b4b28fcdb5da23,1,1,official,principal
5165,1,1,1.573498318506493,decision_function,,u_19b4b28fcdb5da23,1,1,official,principal
947,0,1,0.6313637540213586,decision_function,,u_19b4b28fcdb5da23,1,1,official,principal
3232,0,0,-1.6577640647765768,decision_function,,u_19b4b28fcdb5da23,1,1,official,principal
4974,1,1,0.05513901819526268,decision_function,,u_19b4b28fcdb5da23,1,1,official,principal
5152,0,0,-1.7903362482585647,decision_function,,u_19b4b28fcdb5da23,1,1,official,principal
6813,1,0,-1.6911053771266873,decision_function,,u_19b4b28fcdb5da23,1,1,official,principal
4644,0,0,-0.08335893625551916,decision_function,,u_19b4b28fcdb5da23,1,1,official,principal
1226,0,0,-2.1928211132972715,decision_function,,u_19b4b28fcdb5da23,1,1,official,principal
5210,1,0,-0.8261853369262494,decision_function,,u_19b4b28fcdb5da23,1,1,official,principal
5769,0,0,-1.041363902676615,decision_function,,u_19b4b28fcdb5da23,1,1,official,principal
5186,1,1,1.2582497702148836,decision_function,,u_19b4b28fcdb5da23,1,1,official,principal
1372,0,1,0.5422466963974357,decision_function,,u_19b4b28fcdb5da23,1,1,official,principal
3825,0,0,-2.108573469996724,decision_function,,u_19b4b28fcdb5da23,1,1,official,principal
104,1,0,-0.800654055835802,decision_function,,u_19b4b28fcdb5da23,1,1,official,principal
4949,1,1,0.7165008224392371,decision_function,,u_19b4b28fcdb5da23,1,1,official,principal
1233,0,0,-2.2937872043820624,decision_function,,u_19b4b28fcdb5da23,1,1,official,principal
4634,0,0,-0.42515760950715764,decision_function,,u_19b4b28fcdb5da23,1,1,official,principal
739,0,0,-1.636867402349746,decision_function,,u_19b4b28fcdb5da23,1,1,official,principal
1663,1,1,0.743796715640384,decision_function,,u_19b4b28fcdb5da23,1,1,official,principal
5417,0,0,-0.6328879260954975,decision_function,,u_19b4b28fcdb5da23,1,1,official,principal
6357,1,0,-1.0985462035252747,decision_function,,u_19b4b28fcdb5da23,1,1,official,principal
59,0,0,-0.8046602784518597,decision_function,,u_19b4b28fcdb5da23,1,1,official,principal
4384,1,1,0.7684036345914209,decision_function,,u_19b4b28fcdb5da23,1,1,official,principal
5467,0,0,-1.0133848129508962,decision_function,,u_19b4b28fcdb5da23,1,1,official,principal
3754,0,0,-0.5432648239391407,decision_function,,u_19b4b28fcdb5da23,1,1,official,principal
6870,0,1,0.1948341666811617,decision_function,,u_19b4b28fcdb5da23,1,1,official,principal
5731,0,0,-0.4416227247932665,decision_function,,u_19b4b28fcdb5da23,1,1,official,principal
2100,0,0,-0.6976486231387631,decision_function,,u_19b4b28fcdb5da23,1,1,official,principal
5843,0,1,0.16047474473420453,decision_function,,u_19b4b28fcdb5da23,1,1,official,principal
6358,0,0,-1.8879028776824522,decision_function,,u_19b4b28fcdb5da23,1,1,official,principal
2947,0,0,-0.03878820184294263,decision_function,,u_19b4b28fcdb5da23,1,1,official,principal
6066,1,1,1.440890891043023,decision_function,,u_19b4b28fcdb5da23,1,1,official,principal
5599,1,1,0.6862376886328807,decision_function,,u_19b4b28fcdb5da23,1,1,official,principal
5741,1,1,1.3815591078999754,decision_function,,u_19b4b28fcdb5da23,1,1,official,principal
3336,0,0,-2.160332503219023,decision_function,,u_19b4b28fcdb5da23,1,1,official,principal
6708,1,1,1.3907814182984222,decision_function,,u_19b4b28fcdb5da23,1,1,official,principal
5454,1,1,1.5497161360890668,decision_function,,u_19b4b28fcdb5da23,1,1,official,principal
4368,1,1,1.5798186225480952,decision_function,,u_19b4b28fcdb5da23,1,1,official,principal
2953,1,1,0.9685197205684068,decision_function,,u_19b4b28fcdb5da23,1,1,official,principal
3181,0,0,-1.8824787986317184,decision_function,,u_19b4b28fcdb5da23,1,1,official,principal
5353,0,0,-0.04684497450646319,decision_function,,u_19b4b28fcdb5da23,1,1,official,principal
3919,1,1,1.4943061432264066,decision_function,,u_19b4b28fcdb5da23,1,1,official,principal
4380,0,0,-1.0659053596638324,decision_function,,u_19b4b28fcdb5da23,1,1,official,principal
6007,0,0,-1.1075803776973383,decision_function,,u_19b4b28fcdb5da23,1,1,official,principal
4331,0,0,-2.1492907066142153,decision_function,,u_19b4b28fcdb5da23,1,1,official,principal
3351,1,0,-0.27867790868157316,decision_function,,u_19b4b28fcdb5da23,1,1,official,principal
6962,1,1,0.9213475210320254,decision_function,,u_19b4b28fcdb5da23,1,1,official,principal
5873,0,1,0.8200980988599684,decision_function,,u_19b4b28fcdb5da23,1,1,official,principal
486,0,1,1.4355281320505826,decision_function,,u_19b4b28fcdb5da23,1,1,official,principal
2378,1,1,0.7113473167900342,decision_function,,u_19b4b28fcdb5da23,1,1,official,principal
2958,0,0,-0.5122073022844017,decision_function,,u_19b4b28fcdb5da23,1,1,official,principal
5112,1,0,-0.6281449257213232,decision_function,,u_19b4b28fcdb5da23,1,1,official,principal
1013,0,1,0.4813227940248661,decision_function,,u_19b4b28fcdb5da23,1,1,official,principal
6868,1,1,1.5466303977563758,decision_function,,u_19b4b28fcdb5da23,1,1,official,principal
2141,0,0,-0.6296153104482163,decision_function,,u_19b4b28fcdb5da23,1,1,official,principal
5306,1,1,1.1208705625910271,decision_function,,u_19b4b28fcdb5da23,1,1,official,principal
540,0,0,-1.338008559418152,decision_function,,u_19b4b28fcdb5da23,1,1,official,principal
2242,0,0,-1.57716488656674,decision_function,,u_19b4b28fcdb5da23,1,1,official,principal
5994,1,1,0.6139324849684746,decision_function,,u_19b4b28fcdb5da23,1,1,official,principal
3257,0,1,0.8517131659631456,decision_function,,u_19b4b28fcdb5da23,1,1,official,principal
5641,0,0,-1.7472421892089938,decision_function,,u_19b4b28fcdb5da23,1,1,official,principal
1,0,0,-1.306058493528708,decision_function,,u_19b4b28fcdb5da23,1,1,official,principal
2269,1,1,0.8698234730285734,decision_function,,u_19b4b28fcdb5da23,1,1,official,principal
6617,0,0,-1.0216912022612847,decision_function,,u_19b4b28fcdb5da23,1,1,official,principal
4762,0,1,0.24331504250796843,decision_function,,u_19b4b28fcdb5da23,1,1,official,principal
3017,0,0,-1.2422295086676838,decision_function,,u_19b4b28fcdb5da23,1,1,official,principal
1203,0,0,-2.035040017033104,decision_function,,u_19b4b28fcdb5da23,1,1,official,principal
410,1,1,1.4536831811583522,decision_function,,u_19b4b28fcdb5da23,1,1,official,principal
1591,0,0,-0.8143826656220138,decision_function,,u_19b4b28fcdb5da23,1,1,official,principal
2660,0,0,-0.16432999858639108,decision_function,,u_19b4b28fcdb5da23,1,1,official,principal
5426,0,0,-0.8535314028653647,decision_function,,u_19b4b28fcdb5da23,1,1,official,principal
877,0,0,-1.6844892080857305,decision_function,,u_19b4b28fcdb5da23,1,1,official,principal
1839,0,0,-0.5669643716631023,decision_function,,u_19b4b28fcdb5da23,1,1,official,principal
862,1,1,0.9909761032419375,decision_function,,u_19b4b28fcdb5da23,1,1,official,principal
3318,1,0,-0.013103637688802294,decision_function,,u_19b4b28fcdb5da23,1,1,official,principal
5537,0,0,-1.1222972021363211,decision_function,,u_19b4b28fcdb5da23,1,1,official,principal
1919,1,1,0.21797090227843752,decision_function,,u_19b4b28fcdb5da23,1,1,official,principal
4276,1,1,0.41455005338906004,decision_function,,u_19b4b28fcdb5da23,1,1,official,principal
509,0,0,-0.5326668576865808,decision_function,,u_19b4b28fcdb5da23,1,1,official,principal
624,1,0,-0.5611211285110833,decision_function,,u_19b4b28fcdb5da23,1,1,official,principal
2151,0,0,-1.8441836382940893,decision_function,,u_19b4b28fcdb5da23,1,1,official,principal
2532,0,0,-0.11360658488025766,decision_function,,u_19b4b28fcdb5da23,1,1,official,principal
2203,0,0,-1.530450413757118,decision_function,,u_19b4b28fcdb5da23,1,1,official,principal
6736,0,0,-2.129647014761888,decision_function,,u_19b4b28fcdb5da23,1,1,official,principal
2912,0,1,0.8970910967803478,decision_function,,u_19b4b28fcdb5da23,1,1,official,principal
1964,0,0,-1.872305364346961,decision_function,,u_19b4b28fcdb5da23,1,1,official,principal
566,0,1,0.04116706994791208,decision_function,,u_19b4b28fcdb5da23,1,1,official,principal
159,0,0,-0.932955891713942,decision_function,,u_19b4b28fcdb5da23,1,1,official,principal
235,1,1,0.4466976983987896,decision_function,,u_19b4b28fcdb5da23,1,1,official,principal
3393,0,0,-0.5094559183465227,decision_function,,u_19b4b28fcdb5da23,1,1,official,principal
2183,0,1,0.23574341316548852,decision_function,,u_19b4b28fcdb5da23,1,1,official,principal
1320,0,0,-0.7899630340041687,decision_function,,u_19b4b28fcdb5da23,1,1,official,principal
1779,0,1,1.1795061103248767,decision_function,,u_19b4b28fcdb5da23,1,1,official,principal
3696,1,1,0.408616712474005,decision_function,,u_19b4b28fcdb5da23,1,1,official,principal
6914,1,1,0.7976025072050654,decision_function,,u_19b4b28fcdb5da23,1,1,official,principal
1575,1,0,-0.16928189069991828,decision_function,,u_19b4b28fcdb5da23,1,1,official,principal
6553,0,0,-1.4035128214380779,decision_function,,u_19b4b28fcdb5da23,1,1,official,principal
2787,0,0,-2.416402930001223,decision_function,,u_19b4b28fcdb5da23,1,1,official,principal
6406,0,1,0.04404437427544439,decision_function,,u_19b4b28fcdb5da23,1,1,official,principal
2717,0,0,-2.124825793729311,decision_function,,u_19b4b28fcdb5da23,1,1,official,principal
285,0,1,0.35600436101872046,decision_function,,u_19b4b28fcdb5da23,1,1,official,principal
1274,0,0,-0.6734978314897601,decision_function,,u_19b4b28fcdb5da23,1,1,official,principal
31,0,1,1.4544907261592748,decision_function,,u_19b4b28fcdb5da23,1,1,official,principal
5879,0,0,-1.3972804086597113,decision_function,,u_19b4b28fcdb5da23,1,1,official,principal
4987,0,0,-2.180164653126785,decision_function,,u_19b4b28fcdb5da23,1,1,official,principal
1493,0,1,0.6218918150058648,decision_function,,u_19b4b28fcdb5da23,1,1,official,principal
6903,0,0,-0.5217042373795503,decision_function,,u_19b4b28fcdb5da23,1,1,official,principal
174,0,0,-1.5142516690479375,decision_function,,u_19b4b28fcdb5da23,1,1,official,principal
361,0,0,-0.302610456431871,decision_function,,u_19b4b28fcdb5da23,1,1,official,principal
2882,0,1,1.0101052720371304,decision_function,,u_19b4b28fcdb5da23,1,1,official,principal
3184,0,0,-1.494274508820579,decision_function,,u_19b4b28fcdb5da23,1,1,official,principal
6616,1,1,0.8301470013661092,decision_function,,u_19b4b28fcdb5da23,1,1,official,principal
3328,0,1,1.5131201916270363,decision_function,,u_19b4b28fcdb5da23,1,1,official,principal
4751,1,0,-0.6765139297017674,decision_function,,u_19b4b28fcdb5da23,1,1,official,principal
5737,0,0,-0.1735006030701136,decision_function,,u_19b4b28fcdb5da23,1,1,official,principal
5009,0,0,-1.2755751576110232,decision_function,,u_19b4b28fcdb5da23,1,1,official,principal
4482,1,1,1.4798549313676879,decision_function,,u_19b4b28fcdb5da23,1,1,official,principal
5981,0,0,-1.5677771911171705,decision_function,,u_19b4b28fcdb5da23,1,1,official,principal
2619,1,1,0.7146766306431855,decision_function,,u_19b4b28fcdb5da23,1,1,official,principal
109,0,0,-2.4471314937372086,decision_function,,u_19b4b28fcdb5da23,1,1,official,principal
4182,1,1,0.7058356314106731,decision_function,,u_19b4b28fcdb5da23,1,1,official,principal
2507,0,0,-1.610366725244087,decision_function,,u_19b4b28fcdb5da23,1,1,official,principal
6172,1,1,1.2613398572878367,decision_function,,u_19b4b28fcdb5da23,1,1,official,principal
5455,0,0,-0.5964339137677996,decision_function,,u_19b4b28fcdb5da23,1,1,official,principal
4467,0,0,-1.1280292551928626,decision_function,,u_19b4b28fcdb5da23,1,1,official,principal
4167,0,0,-0.8436778309665678,decision_function,,u_19b4b28fcdb5da23,1,1,official,principal
4269,1,1,0.12489731715855434,decision_function,,u_19b4b28fcdb5da23,1,1,official,principal
847,0,0,-1.2119155276061047,decision_function,,u_19b4b28fcdb5da23,1,1,official,principal
1145,0,1,0.16544684066909432,decision_function,,u_19b4b28fcdb5da23,1,1,official,principal
1971,0,0,-1.064044660908908,decision_function,,u_19b4b28fcdb5da23,1,1,official,principal
5827,0,1,0.4948681419822425,decision_function,,u_19b4b28fcdb5da23,1,1,official,principal
5832,1,1,0.9337561633474669,decision_function,,u_19b4b28fcdb5da23,1,1,official,principal
1349,0,0,-0.004889854805946836,decision_function,,u_19b4b28fcdb5da23,1,1,official,principal
77,0,0,-0.503716512006475,decision_function,,u_19b4b28fcdb5da23,1,1,official,principal
1859,1,1,0.29940007360755705,decision_function,,u_19b4b28fcdb5da23,1,1,official,principal
720,0,0,-1.2196658862014766,decision_function,,u_19b4b28fcdb5da23,1,1,official,principal
2245,0,0,-0.9894645871916657,decision_function,,u_19b4b28fcdb5da23,1,1,official,principal
6699,0,0,-1.7089704648793471,decision_function,,u_19b4b28fcdb5da23,1,1,official,principal
572,0,0,-0.6097175182501497,decision_function,,u_19b4b28fcdb5da23,1,1,official,principal
7014,0,1,0.7202888440427717,decision_function,,u_19b4b28fcdb5da23,1,1,official,principal
5342,1,1,0.4085021496379386,decision_function,,u_19b4b28fcdb5da23,1,1,official,principal
3733,0,0,-1.331717148924042,decision_function,,u_19b4b28fcdb5da23,1,1,official,principal
1937,0,0,-1.3280268981004677,decision_function,,u_19b4b28fcdb5da23,1,1,official,principal
4294,0,1,0.30917970114063764,decision_function,,u_19b4b28fcdb5da23,1,1,official,principal
5861,0,0,-1.6098051840755536,decision_function,,u_19b4b28fcdb5da23,1,1,official,principal
994,0,0,-1.1263063852641124,decision_function,,u_19b4b28fcdb5da23,1,1,official,principal
4783,0,0,-1.5635342843928606,decision_function,,u_19b4b28fcdb5da23,1,1,official,principal
330,0,0,-1.5045441345678618,decision_function,,u_19b4b28fcdb5da23,1,1,official,principal
5411,1,1,1.0372969757556958,decision_function,,u_19b4b28fcdb5da23,1,1,official,principal
604,0,0,-0.1510308308030881,decision_function,,u_19b4b28fcdb5da23,1,1,official,principal
6607,1,1,0.7303100527848319,decision_function,,u_19b4b28fcdb5da23,1,1,official,principal
6176,1,1,0.4758255053150626,decision_function,,u_19b4b28fcdb5da23,1,1,official,principal
1419,0,0,-2.0696354266556387,decision_function,,u_19b4b28fcdb5da23,1,1,official,principal
6516,1,1,0.4222765082788853,decision_function,,u_19b4b28fcdb5da23,1,1,official,principal
2777,0,0,-0.3429462828691614,decision_function,,u_19b4b28fcdb5da23,1,1,official,principal
3343,0,0,-1.1964140666291099,decision_function,,u_19b4b28fcdb5da23,1,1,official,principal
6524,1,1,1.267182797995897,decision_function,,u_19b4b28fcdb5da23,1,1,official,principal
1167,0,0,-0.39426865616049867,decision_function,,u_19b4b28fcdb5da23,1,1,official,principal
2592,0,0,-0.7527129891704595,decision_function,,u_19b4b28fcdb5da23,1,1,official,principal
205,0,0,-0.42390835780857583,decision_function,,u_19b4b28fcdb5da23,1,1,official,principal
4196,0,0,-2.3902170060183474,decision_function,,u_19b4b28fcdb5da23,1,1,official,principal
4356,0,0,-0.5881111320082204,decision_function,,u_19b4b28fcdb5da23,1,1,official,principal
3977,0,0,-1.1421911751351117,decision_function,,u_19b4b28fcdb5da23,1,1,official,principal
6920,0,0,-1.5617107690339136,decision_function,,u_19b4b28fcdb5da23,1,1,official,principal
1085,1,1,1.2810786805686574,decision_function,,u_19b4b28fcdb5da23,1,1,official,principal
4952,0,1,1.0321711877849093,decision_function,,u_19b4b28fcdb5da23,1,1,official,principal
5746,1,1,0.9588629245808118,decision_function,,u_19b4b28fcdb5da23,1,1,official,principal
480,0,0,-1.2997325010161556,decision_function,,u_19b4b28fcdb5da23,1,1,official,principal
6305,1,1,0.7388314023189437,decision_function,,u_19b4b28fcdb5da23,1,1,official,principal
6651,0,0,-1.067633744730311,decision_function,,u_19b4b28fcdb5da23,1,1,official,principal
5823,0,0,-0.6762090158887022,decision_function,,u_19b4b28fcdb5da23,1,1,official,principal
5146,0,1,1.061539075091094,decision_function,,u_19b4b28fcdb5da23,1,1,official,principal
3842,0,1,0.7003260699599299,decision_function,,u_19b4b28fcdb5da23,1,1,official,principal
2314,0,0,-1.8612060795354952,decision_function,,u_19b4b28fcdb5da23,1,1,official,principal
3924,1,0,-0.3901350770302421,decision_function,,u_19b4b28fcdb5da23,1,1,official,principal
6450,0,0,-1.6086082809316848,decision_function,,u_19b4b28fcdb5da23,1,1,official,principal
3135,1,1,0.7689454084667386,decision_function,,u_19b4b28fcdb5da23,1,1,official,principal
550,0,0,-1.0309836963290187,decision_function,,u_19b4b28fcdb5da23,1,1,official,principal
1982,0,0,-0.9572040733306113,decision_function,,u_19b4b28fcdb5da23,1,1,official,principal
2158,0,0,-1.18088698938403,decision_function,,u_19b4b28fcdb5da23,1,1,official,principal
2169,0,0,-1.9024203857766118,decision_function,,u_19b4b28fcdb5da23,1,1,official,principal
200,0,0,-0.1727327329105166,decision_function,,u_19b4b28fcdb5da23,1,1,official,principal
5632,0,0,-2.0192297111882436,decision_function,,u_19b4b28fcdb5da23,1,1,official,principal
4189,0,0,-2.3210970169713976,decision_function,,u_19b4b28fcdb5da23,1,1,official,principal
1938,0,0,-0.5178158658996789,decision_function,,u_19b4b28fcdb5da23,1,1,official,principal
3607,0,0,-1.1059653444130322,decision_function,,u_19b4b28fcdb5da23,1,1,official,principal
2916,0,0,-1.0271552493928153,decision_function,,u_19b4b28fcdb5da23,1,1,official,principal
5645,0,0,-1.356329600869485,decision_function,,u_19b4b28fcdb5da23,1,1,official,principal
2706,1,1,1.1621804864549494,decision_function,,u_19b4b28fcdb5da23,1,1,official,principal
1668,0,1,0.10482349130647517,decision_function,,u_19b4b28fcdb5da23,1,1,official,principal
6380,0,1,0.27134355484777317,decision_function,,u_19b4b28fcdb5da23,1,1,official,principal
464,0,0,-1.131498037573987,decision_function,,u_19b4b28fcdb5da23,1,1,official,principal
3308,0,0,-1.150507675718224,decision_function,,u_19b4b28fcdb5da23,1,1,official,principal
6341,1,1,1.3369230576199929,decision_function,,u_19b4b28fcdb5da23,1,1,official,principal
2116,1,1,0.6572038691981306,decision_function,,u_19b4b28fcdb5da23,1,1,official,principal
3241,1,0,-0.5425558842182385,decision_function,,u_19b4b28fcdb5da23,1,1,official,principal
3645,0,0,-0.7132225514425632,decision_function,,u_19b4b28fcdb5da23,1,1,official,principal
5525,0,0,-1.7957757077375494,decision_function,,u_19b4b28fcdb5da23,1,1,official,principal
2128,0,0,-0.6875993729045364,decision_function,,u_19b4b28fcdb5da23,1,1,official,principal
6797,0,1,0.5136148718705031,decision_function,,u_19b4b28fcdb5da23,1,1,official,principal
6762,1,0,-0.3434013817829197,decision_function,,u_19b4b28fcdb5da23,1,1,official,principal
633,0,0,-1.187735874577313,decision_function,,u_19b4b28fcdb5da23,1,1,official,principal
1612,1,0,-0.9334412778279991,decision_function,,u_19b4b28fcdb5da23,1,1,official,principal
5904,0,0,-0.6084588298162983,decision_function,,u_19b4b28fcdb5da23,1,1,official,principal
6856,0,0,-2.1114305427678266,decision_function,,u_19b4b28fcdb5da23,1,1,official,principal
1181,1,1,0.48067231438430036,decision_function,,u_19b4b28fcdb5da23,1,1,official,principal
5495,1,1,1.0117928226908655,decision_function,,u_19b4b28fcdb5da23,1,1,official,principal
6277,1,0,-0.5837821948572421,decision_function,,u_19b4b28fcdb5da23,1,1,official,principal
2306,0,1,1.4468264911053583,decision_function,,u_19b4b28fcdb5da23,1,1,official,principal
1094,0,0,-1.084121252368199,decision_function,,u_19b4b28fcdb5da23,1,1,official,principal
2872,0,0,-1.468446233955102,decision_function,,u_19b4b28fcdb5da23,1,1,official,principal
4777,0,0,-0.027512402050169582,decision_function,,u_19b4b28fcdb5da23,1,1,official,principal
3189,0,0,-1.0096898731420705,decision_function,,u_19b4b28fcdb5da23,1,1,official,principal
4591,0,0,-0.02716251373122347,decision_function,,u_19b4b28fcdb5da23,1,1,official,principal
1908,0,0,-2.2259953849910907,decision_function,,u_19b4b28fcdb5da23,1,1,official,principal
2560,1,1,0.19543946276372637,decision_function,,u_19b4b28fcdb5da23,1,1,official,principal
4616,0,1,0.022368956188103084,decision_function,,u_19b4b28fcdb5da23,1,1,official,principal
3859,0,0,-0.3470589877144137,decision_function,,u_19b4b28fcdb5da23,1,1,official,principal
780,0,0,-1.7268947389561813,decision_function,,u_19b4b28fcdb5da23,1,1,official,principal
4720,0,0,-0.5630143052357861,decision_function,,u_19b4b28fcdb5da23,1,1,official,principal
858,0,0,-1.420399031550044,decision_function,,u_19b4b28fcdb5da23,1,1,official,principal
1521,0,0,-1.3794603952915563,decision_function,,u_19b4b28fcdb5da23,1,1,official,principal
1319,1,0,-0.4329052676260847,decision_function,,u_19b4b28fcdb5da23,1,1,official,principal
3161,0,0,-1.2445777469676582,decision_function,,u_19b4b28fcdb5da23,1,1,official,principal
4181,0,1,0.4527150474311359,decision_function,,u_19b4b28fcdb5da23,1,1,official,principal
5114,0,1,0.04613960581566667,decision_function,,u_19b4b28fcdb5da23,1,1,official,principal
5064,1,1,0.06007448273532323,decision_function,,u_19b4b28fcdb5da23,1,1,official,principal
1882,0,0,-0.45571354245835205,decision_function,,u_19b4b28fcdb5da23,1,1,official,principal
1301,0,0,-2.2451108170557665,decision_function,,u_19b4b28fcdb5da23,1,1,official,principal
5366,0,0,-1.286468420475306,decision_function,,u_19b4b28fcdb5da23,1,1,official,principal
677,1,1,0.9948539643202183,decision_function,,u_19b4b28fcdb5da23,1,1,official,principal
1944,1,0,-0.06054824066360909,decision_function,,u_19b4b28fcdb5da23,1,1,official,principal
693,1,1,1.3107542820196425,decision_function,,u_19b4b28fcdb5da23,1,1,official,principal
1914,0,1,0.47867090011081714,decision_function,,u_19b4b28fcdb5da23,1,1,official,principal
6960,0,1,0.7156690082343742,decision_function,,u_19b4b28fcdb5da23,1,1,official,principal
141,1,1,0.07196790453718349,decision_function,,u_19b4b28fcdb5da23,1,1,official,principal
4515,0,1,0.9083853970532481,decision_function,,u_19b4b28fcdb5da23,1,1,official,principal
5683,1,1,0.4086175156030245,decision_function,,u_19b4b28fcdb5da23,1,1,official,principal
1542,0,0,-1.14723885478155,decision_function,,u_19b4b28fcdb5da23,1,1,official,principal
5073,0,0,-0.22220867272590894,decision_function,,u_19b4b28fcdb5da23,1,1,official,principal
261,1,1,1.4885253184459866,decision_function,,u_19b4b28fcdb5da23,1,1,official,principal
2658,0,0,-1.3647573480433053,decision_function,,u_19b4b28fcdb5da23,1,1,official,principal
5192,0,0,-2.2361857342774885,decision_function,,u_19b4b28fcdb5da23,1,1,official,principal
2852,0,0,-1.7377870501458443,decision_function,,u_19b4b28fcdb5da23,1,1,official,principal
2994,0,0,-1.9344746516430482,decision_function,,u_19b4b28fcdb5da23,1,1,official,principal
2839,0,0,-1.8054994103490496,decision_function,,u_19b4b28fcdb5da23,1,1,official,principal
1983,0,0,-1.0223709782608073,decision_function,,u_19b4b28fcdb5da23,1,1,official,principal
1437,0,0,-0.29657003097983226,decision_function,,u_19b4b28fcdb5da23,1,1,official,principal
2901,0,0,-0.9145760856581497,decision_function,,u_19b4b28fcdb5da23,1,1,official,principal
220,1,1,1.4304451651965477,decision_function,,u_19b4b28fcdb5da23,1,1,official,principal
759,0,0,-1.6608028300641455,decision_function,,u_19b4b28fcdb5da23,1,1,official,principal
2153,0,1,0.9155042956922794,decision_function,,u_19b4b28fcdb5da23,1,1,official,principal
2394,0,0,-0.9679196822697567,decision_function,,u_19b4b28fcdb5da23,1,1,official,principal
39,1,1,1.3982930484342857,decision_function,,u_19b4b28fcdb5da23,1,1,official,principal
668,1,1,0.18970513074336592,decision_function,,u_19b4b28fcdb5da23,1,1,official,principal
4772,0,0,-2.2745960888362955,decision_function,,u_19b4b28fcdb5da23,1,1,official,principal
2065,0,1,0.7426984881017118,decision_function,,u_19b4b28fcdb5da23,1,1,official,principal
1754,0,0,-1.4028236584946272,decision_function,,u_19b4b28fcdb5da23,1,1,official,principal
6756,0,1,1.1191592695868673,decision_function,,u_19b4b28fcdb5da23,1,1,official,principal
2599,0,0,-2.117699064477029,decision_function,,u_19b4b28fcdb5da23,1,1,official,principal
5565,1,1,0.6576272495288211,decision_function,,u_19b4b28fcdb5da23,1,1,official,principal
1132,1,1,1.102970876271688,decision_function,,u_19b4b28fcdb5da23,1,1,official,principal
2441,0,1,1.1226529767398095,decision_function,,u_19b4b28fcdb5da23,1,1,official,principal
3243,0,1,0.5315414147103135,decision_function,,u_19b4b28fcdb5da23,1,1,official,principal
4260,0,0,-0.9546696798115841,decision_function,,u_19b4b28fcdb5da23,1,1,official,principal
432,0,1,0.2727326391548699,decision_function,,u_19b4b28fcdb5da23,1,1,official,principal
4146,1,1,0.8071764700395341,decision_function,,u_19b4b28fcdb5da23,1,1,official,principal
2971,0,0,-1.9192668889140265,decision_function,,u_19b4b28fcdb5da23,1,1,official,principal
855,1,0,-0.13638447290268818,decision_function,,u_19b4b28fcdb5da23,1,1,official,principal
1581,0,0,-0.32977407720635954,decision_function,,u_19b4b28fcdb5da23,1,1,official,principal
1550,0,1,1.4957714328442862,decision_function,,u_19b4b28fcdb5da23,1,1,official,principal
1715,0,0,-1.9886206928665155,decision_function,,u_19b4b28fcdb5da23,1,1,official,principal
732,0,1,0.6766434404636295,decision_function,,u_19b4b28fcdb5da23,1,1,official,principal
239,0,0,-1.2295674593595294,decision_function,,u_19b4b28fcdb5da23,1,1,official,principal
1243,1,1,0.6092303149240692,decision_function,,u_19b4b28fcdb5da23,1,1,official,principal
2741,1,1,1.769093360436981,decision_function,,u_19b4b28fcdb5da23,1,1,official,principal
4421,0,1,0.15954573966795538,decision_function,,u_19b4b28fcdb5da23,1,1,official,principal
6033,1,1,1.1417494465330096,decision_function,,u_19b4b28fcdb5da23,1,1,official,principal
6082,1,1,0.13153645089856125,decision_function,,u_19b4b28fcdb5da23,1,1,official,principal
3219,0,0,-1.4914336381403623,decision_function,,u_19b4b28fcdb5da23,1,1,official,principal
3053,0,0,-0.7582897179343708,decision_function,,u_19b4b28fcdb5da23,1,1,official,principal
4091,0,0,-0.08347923690848957,decision_function,,u_19b4b28fcdb5da23,1,1,official,principal
2751,0,0,-0.07556421504392019,decision_function,,u_19b4b28fcdb5da23,1,1,official,principal
5790,0,1,0.10247664683838287,decision_function,,u_19b4b28fcdb5da23,1,1,official,principal
1463,1,1,1.1621891931368733,decision_function,,u_19b4b28fcdb5da23,1,1,official,principal
3086,0,1,0.7892997934901271,decision_function,,u_19b4b28fcdb5da23,1,1,official,principal
648,1,1,1.2654411638225858,decision_function,,u_19b4b28fcdb5da23,1,1,official,principal
204,0,0,-0.1353924146784362,decision_function,,u_19b4b28fcdb5da23,1,1,official,principal
1384,1,1,1.0173683148556099,decision_function,,u_19b4b28fcdb5da23,1,1,official,principal
4746,1,1,1.6124932220312416,decision_function,,u_19b4b28fcdb5da23,1,1,official,principal
3421,0,0,-1.513107498111066,decision_function,,u_19b4b28fcdb5da23,1,1,official,principal
957,0,1,0.26139652641190914,decision_function,,u_19b4b28fcdb5da23,1,1,official,principal
2387,0,1,1.3901008700683861,decision_function,,u_19b4b28fcdb5da23,1,1,official,principal
1679,0,1,0.4441184087793839,decision_function,,u_19b4b28fcdb5da23,1,1,official,principal
4578,0,1,0.1787748550750261,decision_function,,u_19b4b28fcdb5da23,1,1,official,principal
2578,1,1,0.6637516848916043,decision_function,,u_19b4b28fcdb5da23,1,1,official,principal
1148,1,1,1.8896806558536219,decision_function,,u_19b4b28fcdb5da23,1,1,official,principal
4679,0,0,-1.7613869806770337,decision_function,,u_19b4b28fcdb5da23,1,1,official,principal
926,1,1,1.3972407401600266,decision_function,,u_19b4b28fcdb5da23,1,1,official,principal
4882,0,0,-1.7151279984260017,decision_function,,u_19b4b28fcdb5da23,1,1,official,principal
781,0,0,-0.050391513071715854,decision_function,,u_19b4b28fcdb5da23,1,1,official,principal
4102,0,1,0.3054884021640678,decision_function,,u_19b4b28fcdb5da23,1,1,official,principal
6769,0,0,-1.8308958198364618,decision_function,,u_19b4b28fcdb5da23,1,1,official,principal
1858,1,1,0.756194277440176,decision_function,,u_19b4b28fcdb5da23,1,1,official,principal
1183,0,0,-0.2065005414618537,decision_function,,u_19b4b28fcdb5da23,1,1,official,principal
4217,0,1,1.3578835830635114,decision_function,,u_19b4b28fcdb5da23,1,1,official,principal
3299,0,0,-1.0897334979753728,decision_function,,u_19b4b28fcdb5da23,1,1,official,principal
5663,0,1,0.9197473796300173,decision_function,,u_19b4b28fcdb5da23,1,1,official,principal
5028,0,0,-1.097916443747519,decision_function,,u_19b4b28fcdb5da23,1,1,official,principal
3920,0,0,-1.1021514276883326,decision_function,,u_19b4b28fcdb5da23,1,1,official,principal
425,0,0,-0.6049529824501616,decision_function,,u_19b4b28fcdb5da23,1,1,official,principal
4846,0,1,0.7998412846316358,decision_function,,u_19b4b28fcdb5da23,1,1,official,principal
6013,0,1,0.06772143440655598,decision_function,,u_19b4b28fcdb5da23,1,1,official,principal
1367,0,1,0.15234561295348592,decision_function,,u_19b4b28fcdb5da23,1,1,official,principal
4366,0,1,0.6732176586167826,decision_function,,u_19b4b28fcdb5da23,1,1,official,principal
2214,1,1,1.2246010514569865,decision_function,,u_19b4b28fcdb5da23,1,1,official,principal
2057,1,1,0.19469382582894879,decision_function,,u_19b4b28fcdb5da23,1,1,official,principal
1974,1,1,1.3543786085349772,decision_function,,u_19b4b28fcdb5da23,1,1,official,principal
5318,0,0,-1.6956277910099746,decision_function,,u_19b4b28fcdb5da23,1,1,official,principal
725,0,0,-0.1778002010141313,decision_function,,u_19b4b28fcdb5da23,1,1,official,principal
3323,0,0,-1.2254249774440185,decision_function,,u_19b4b28fcdb5da23,1,1,official,principal
3403,0,0,-0.5567728653946997,decision_function,,u_19b4b28fcdb5da23,1,1,official,principal
5802,0,0,-0.14765858386038433,decision_function,,u_19b4b28fcdb5da23,1,1,official,principal
5047,0,1,0.35400556581739173,decision_function,,u_19b4b28fcdb5da23,1,1,official,principal
3620,0,1,0.10966687242425643,decision_function,,u_19b4b28fcdb5da23,1,1,official,principal
2115,0,0,-0.9164900347794056,decision_function,,u_19b4b28fcdb5da23,1,1,official,principal
6099,0,0,-2.3102255725712366,decision_function,,u_19b4b28fcdb5da23,1,1,official,principal
5309,0,0,-2.09395960708086,decision_function,,u_19b4b28fcdb5da23,1,1,official,principal
1655,1,0,-0.00620222076153687,decision_function,,u_19b4b28fcdb5da23,1,1,official,principal
5191,0,0,-0.7975073154430241,decision_function,,u_19b4b28fcdb5da23,1,1,official,principal
6347,0,1,0.9013101093115088,decision_function,,u_19b4b28fcdb5da23,1,1,official,principal
151,1,1,1.1212009476360483,decision_function,,u_19b4b28fcdb5da23,1,1,official,principal
508,1,1,1.03164111561914,decision_function,,u_19b4b28fcdb5da23,1,1,official,principal
562,0,0,-0.00030441097588163046,decision_function,,u_19b4b28fcdb5da23,1,1,official,principal
5772,0,0,-1.5618055628801144,decision_function,,u_19b4b28fcdb5da23,1,1,official,principal
1355,0,0,-0.03568086113234714,decision_function,,u_19b4b28fcdb5da23,1,1,official,principal
6546,0,1,0.09846223463573933,decision_function,,u_19b4b28fcdb5da23,1,1,official,principal
6441,0,0,-0.605133806820592,decision_function,,u_19b4b28fcdb5da23,1,1,official,principal
5180,0,0,-2.0385090300354314,decision_function,,u_19b4b28fcdb5da23,1,1,official,principal
3045,0,0,-0.6507482374984979,decision_function,,u_19b4b28fcdb5da23,1,1,official,principal
3204,0,0,-1.557055990919817,decision_function,,u_19b4b28fcdb5da23,1,1,official,principal
2413,0,0,-0.9646286616239541,decision_function,,u_19b4b28fcdb5da23,1,1,official,principal
5084,0,0,-1.490995202733203,decision_function,,u_19b4b28fcdb5da23,1,1,official,principal
7010,1,1,1.6244108213191764,decision_function,,u_19b4b28fcdb5da23,1,1,official,principal
6787,0,1,0.5355050813660833,decision_function,,u_19b4b28fcdb5da23,1,1,official,principal
3962,1,1,1.6536846304002473,decision_function,,u_19b4b28fcdb5da23,1,1,official,principal
4209,0,0,-0.9722774648247703,decision_function,,u_19b4b28fcdb5da23,1,1,official,principal
1967,1,0,-1.9586449027110788,decision_function,,u_19b4b28fcdb5da23,1,1,official,principal
2087,1,1,0.3990494372971525,decision_function,,u_19b4b28fcdb5da23,1,1,official,principal
3800,0,0,-1.4395813560302826,decision_function,,u_19b4b28fcdb5da23,1,1,official,principal
857,1,1,0.49064540074977314,decision_function,,u_19b4b28fcdb5da23,1,1,official,principal
6671,0,0,-0.8094690311592793,decision_function,,u_19b4b28fcdb5da23,1,1,official,principal
3527,1,1,1.2790252179937864,decision_function,,u_19b4b28fcdb5da23,1,1,official,principal
2198,0,0,-0.6969102937820191,decision_function,,u_19b4b28fcdb5da23,1,1,official,principal
3224,1,1,0.8636710852957363,decision_function,,u_19b4b28fcdb5da23,1,1,official,principal
1804,0,0,-1.3698124517442507,decision_function,,u_19b4b28fcdb5da23,1,1,official,principal
5866,0,0,-0.29692349015380315,decision_function,,u_19b4b28fcdb5da23,1,1,official,principal
974,0,0,-1.4394749751974718,decision_function,,u_19b4b28fcdb5da23,1,1,official,principal
4406,0,0,-0.7401846899060833,decision_function,,u_19b4b28fcdb5da23,1,1,official,principal
5404,0,0,-0.5792789686120011,decision_function,,u_19b4b28fcdb5da23,1,1,official,principal
5513,0,0,-1.283320702995615,decision_function,,u_19b4b28fcdb5da23,1,1,official,principal
1194,0,1,0.23538207628865182,decision_function,,u_19b4b28fcdb5da23,1,1,official,principal
4689,0,0,-0.11058599051051354,decision_function,,u_19b4b28fcdb5da23,1,1,official,principal
5468,1,1,1.5735253515046166,decision_function,,u_19b4b28fcdb5da23,1,1,official,principal
3816,0,0,-1.1509661591825562,decision_function,,u_19b4b28fcdb5da23,1,1,official,principal
4786,0,0,-0.3720196157110709,decision_function,,u_19b4b28fcdb5da23,1,1,official,principal
6621,0,0,-1.9522903081172212,decision_function,,u_19b4b28fcdb5da23,1,1,official,principal
5380,1,1,1.61408564621934,decision_function,,u_19b4b28fcdb5da23,1,1,official,principal
0,0,1,0.7292989220547486,decision_function,,u_19b4b28fcdb5da23,1,1,official,principal
360,0,0,-0.7909453426021675,decision_function,,u_19b4b28fcdb5da23,1,1,official,principal
4067,0,0,-1.7910493270449082,decision_function,,u_19b4b28fcdb5da23,1,1,official,principal
6741,1,1,1.5267210765642893,decision_function,,u_19b4b28fcdb5da23,1,1,official,principal
1484,0,0,-0.41952735267586594,decision_function,,u_19b4b28fcdb5da23,1,1,official,principal
2145,0,1,0.9609871386506041,decision_function,,u_19b4b28fcdb5da23,1,1,official,principal
502,0,0,-1.9402003882831806,decision_function,,u_19b4b28fcdb5da23,1,1,official,principal
2391,0,1,0.9713247103860523,decision_function,,u_19b4b28fcdb5da23,1,1,official,principal
6841,0,0,-0.20612910392611106,decision_function,,u_19b4b28fcdb5da23,1,1,official,principal
735,0,0,-0.24889672859959688,decision_function,,u_19b4b28fcdb5da23,1,1,official,principal
1813,0,1,0.8915050659858159,decision_function,,u_19b4b28fcdb5da23,1,1,official,principal
6609,1,0,-0.27224897917806334,decision_function,,u_19b4b28fcdb5da23,1,1,official,principal
1667,0,0,-0.9019925362481958,decision_function,,u_19b4b28fcdb5da23,1,1,official,principal
2243,0,1,0.2541486783249216,decision_function,,u_19b4b28fcdb5da23,1,1,official,principal
4106,1,1,1.4100062772418847,decision_function,,u_19b4b28fcdb5da23,1,1,official,principal
4779,0,1,1.3822258845587552,decision_function,,u_19b4b28fcdb5da23,1,1,official,principal
5668,0,1,0.7679836712348855,decision_function,,u_19b4b28fcdb5da23,1,1,official,principal
1264,0,0,-0.9750393028935704,decision_function,,u_19b4b28fcdb5da23,1,1,official,principal
3,0,0,-1.6986881726704819,decision_function,,u_19b4b28fcdb5da23,1,1,official,principal
2705,0,0,-2.185089321423421,decision_function,,u_19b4b28fcdb5da23,1,1,official,principal
3175,1,1,0.8018624774404755,decision_function,,u_19b4b28fcdb5da23,1,1,official,principal
2831,1,1,1.3768914439063624,decision_function,,u_19b4b28fcdb5da23,1,1,official,principal
3677,0,0,-0.06038478854556484,decision_function,,u_19b4b28fcdb5da23,1,1,official,principal
4896,0,0,-0.028873846377137635,decision_function,,u_19b4b28fcdb5da23,1,1,official,principal
986,0,1,0.07620731370215217,decision_function,,u_19b4b28fcdb5da23,1,1,official,principal
4434,0,1,0.4795633119966676,decision_function,,u_19b4b28fcdb5da23,1,1,official,principal
5865,0,0,-0.5790347621626464,decision_function,,u_19b4b28fcdb5da23,1,1,official,principal
4742,0,0,-2.0560851290697872,decision_function,,u_19b4b28fcdb5da23,1,1,official,principal
4502,1,1,0.6571378020773415,decision_function,,u_19b4b28fcdb5da23,1,1,official,principal
3294,1,1,0.9496804961798819,decision_function,,u_19b4b28fcdb5da23,1,1,official,principal
4237,1,1,1.1145162107934636,decision_function,,u_19b4b28fcdb5da23,1,1,official,principal
2721,1,1,1.4959877377684143,decision_function,,u_19b4b28fcdb5da23,1,1,official,principal
4886,0,0,-1.0774762689333017,decision_function,,u_19b4b28fcdb5da23,1,1,official,principal
647,0,0,-0.8801932056097276,decision_function,,u_19b4b28fcdb5da23,1,1,official,principal
6601,0,0,-1.115041370587028,decision_function,,u_19b4b28fcdb5da23,1,1,official,principal
6071,0,0,-0.918526504427946,decision_function,,u_19b4b28fcdb5da23,1,1,official,principal
6448,1,0,-0.18913989653839502,decision_function,,u_19b4b28fcdb5da23,1,1,official,principal
6811,1,1,1.181630221167575,decision_function,,u_19b4b28fcdb5da23,1,1,official,principal
91,0,1,0.9905122964541584,decision_function,,u_19b4b28fcdb5da23,1,1,official,principal
2,1,1,0.035970670194686694,decision_function,,u_19b4b28fcdb5da23,1,1,official,principal
6612,1,1,0.9497773905814308,decision_function,,u_19b4b28fcdb5da23,1,1,official,principal
2524,0,0,-2.4169258614106175,decision_function,,u_19b4b28fcdb5da23,1,1,official,principal
2835,0,0,-1.8362403336871433,decision_function,,u_19b4b28fcdb5da23,1,1,official,principal
3637,1,0,-0.7026757747857533,decision_function,,u_19b4b28fcdb5da23,1,1,official,principal
2356,0,0,-0.46289620753546823,decision_function,,u_19b4b28fcdb5da23,1,1,official,principal
630,1,1,0.120789289189553,decision_function,,u_19b4b28fcdb5da23,1,1,official,principal
4702,0,0,-0.35234198400376704,decision_function,,u_19b4b28fcdb5da23,1,1,official,principal
1057,1,1,0.7911951095450012,decision_function,,u_19b4b28fcdb5da23,1,1,official,principal
1749,0,1,0.2779891380053665,decision_function,,u_19b4b28fcdb5da23,1,1,official,principal
3285,0,0,-1.9887286430686577,decision_function,,u_19b4b28fcdb5da23,1,1,official,principal
6248,0,0,-1.5637041948709003,decision_function,,u_19b4b28fcdb5da23,1,1,official,principal
6089,1,1,1.6339062320335884,decision_function,,u_19b4b28fcdb5da23,1,1,official,principal
3829,1,1,0.8427993971839389,decision_function,,u_19b4b28fcdb5da23,1,1,official,principal
394,0,1,0.9975853795629179,decision_function,,u_19b4b28fcdb5da23,1,1,official,principal
4623,0,0,-0.2362275458795049,decision_function,,u_19b4b28fcdb5da23,1,1,official,principal
76,0,0,-1.0568042911285045,decision_function,,u_19b4b28fcdb5da23,1,1,official,principal
920,0,0,-2.0428116843081146,decision_function,,u_19b4b28fcdb5da23,1,1,official,principal
4884,0,1,0.4446725952395558,decision_function,,u_19b4b28fcdb5da23,1,1,official,principal
5256,1,0,-0.6270794462024359,decision_function,,u_19b4b28fcdb5da23,1,1,official,principal
6343,0,0,-1.7416595173087555,decision_function,,u_19b4b28fcdb5da23,1,1,official,principal
1903,0,1,1.7694311481539904,decision_function,,u_19b4b28fcdb5da23,1,1,official,principal
4975,0,0,-0.6256681702096304,decision_function,,u_19b4b28fcdb5da23,1,1,official,principal
2630,0,0,-1.2365249593754275,decision_function,,u_19b4b28fcdb5da23,1,1,official,principal
5094,0,0,-1.122830633720633,decision_function,,u_19b4b28fcdb5da23,1,1,official,principal
3609,0,0,-0.11929356473314279,decision_function,,u_19b4b28fcdb5da23,1,1,official,principal
6837,0,1,1.6366077496926463,decision_function,,u_19b4b28fcdb5da23,1,1,official,principal
6403,0,0,-1.2919671122123773,decision_function,,u_19b4b28fcdb5da23,1,1,official,principal
1820,0,1,0.1468809864605347,decision_function,,u_19b4b28fcdb5da23,1,1,official,principal
1602,1,1,1.1701820151075983,decision_function,,u_19b4b28fcdb5da23,1,1,official,principal
1410,1,1,1.8368968828790067,decision_function,,u_19b4b28fcdb5da23,1,1,official,principal
438,0,1,0.3551293503929025,decision_function,,u_19b4b28fcdb5da23,1,1,official,principal
4328,0,1,0.6384256085178841,decision_function,,u_19b4b28fcdb5da23,1,1,official,principal
3912,0,0,-1.3405389587480205,decision_function,,u_19b4b28fcdb5da23,1,1,official,principal
5933,1,1,1.651947341169647,decision_function,,u_19b4b28fcdb5da23,1,1,official,principal
5844,0,1,1.1707716366930274,decision_function,,u_19b4b28fcdb5da23,1,1,official,principal
1267,0,0,-1.4172052946884035,decision_function,,u_19b4b28fcdb5da23,1,1,official,principal
4911,0,0,-1.5325252073376834,decision_function,,u_19b4b28fcdb5da23,1,1,official,principal
5554,0,0,-1.882403804293102,decision_function,,u_19b4b28fcdb5da23,1,1,official,principal
4420,0,0,-1.2323652565992902,decision_function,,u_19b4b28fcdb5da23,1,1,official,principal
1053,1,1,0.671332370927257,decision_function,,u_19b4b28fcdb5da23,1,1,official,principal
5944,1,0,-0.6311164519971035,decision_function,,u_19b4b28fcdb5da23,1,1,official,principal
3862,0,0,-2.385152547286227,decision_function,,u_19b4b28fcdb5da23,1,1,official,principal
2369,0,0,-1.3939829301700304,decision_function,,u_19b4b28fcdb5da23,1,1,official,principal
4452,0,0,-2.1188706005631843,decision_function,,u_19b4b28fcdb5da23,1,1,official,principal
2559,0,0,-0.9241804795131701,decision_function,,u_19b4b28fcdb5da23,1,1,official,principal
3522,0,0,-1.8730650032173233,decision_function,,u_19b4b28fcdb5da23,1,1,official,principal
4819,1,0,-2.012211819478652,decision_function,,u_19b4b28fcdb5da23,1,1,official,principal
6535,1,1,0.18405804778843016,decision_function,,u_19b4b28fcdb5da23,1,1,official,principal
1691,0,0,-2.2291196093062684,decision_function,,u_19b4b28fcdb5da23,1,1,official,principal
892,0,1,0.6528940705570012,decision_function,,u_19b4b28fcdb5da23,1,1,official,principal
1541,0,0,-2.23130390507745,decision_function,,u_19b4b28fcdb5da23,1,1,official,principal
1689,0,0,-0.15078318845150207,decision_function,,u_19b4b28fcdb5da23,1,1,official,principal
5967,1,1,0.7438182598793537,decision_function,,u_19b4b28fcdb5da23,1,1,official,principal
6909,0,1,0.027404947381697742,decision_function,,u_19b4b28fcdb5da23,1,1,official,principal
5120,1,0,-0.22811514753463102,decision_function,,u_19b4b28fcdb5da23,1,1,official,principal
6764,1,1,1.4999462278039162,decision_function,,u_19b4b28fcdb5da23,1,1,official,principal
6259,0,0,-1.6907308793266422,decision_function,,u_19b4b28fcdb5da23,1,1,official,principal
229,0,0,-1.3687191568934627,decision_function,,u_19b4b28fcdb5da23,1,1,official,principal
6287,1,1,1.1736205568373053,decision_function,,u_19b4b28fcdb5da23,1,1,official,principal
6658,1,1,0.9451315564721798,decision_function,,u_19b4b28fcdb5da23,1,1,official,principal
399,0,0,-1.6189936559988916,decision_function,,u_19b4b28fcdb5da23,1,1,official,principal
1830,0,0,-1.6757091187070992,decision_function,,u_19b4b28fcdb5da23,1,1,official,principal
4194,0,0,-1.9512346465498875,decision_function,,u_19b4b28fcdb5da23,1,1,official,principal
1227,0,0,-0.5432746126007726,decision_function,,u_19b4b28fcdb5da23,1,1,official,principal
5236,0,0,-0.15152754156465598,decision_function,,u_19b4b28fcdb5da23,1,1,official,principal
1849,1,1,0.6752066217495942,decision_function,,u_19b4b28fcdb5da23,1,1,official,principal
4221,0,0,-0.5317001253392635,decision_function,,u_19b4b28fcdb5da23,1,1,official,principal
1134,0,1,0.05248881695726748,decision_function,,u_19b4b28fcdb5da23,1,1,official,principal
4394,0,0,-0.031779536192340085,decision_function,,u_19b4b28fcdb5da23,1,1,official,principal
2040,0,0,-1.9960292658960352,decision_function,,u_19b4b28fcdb5da23,1,1,official,principal
2097,0,1,1.5881881831138842,decision_function,,u_19b4b28fcdb5da23,1,1,official,principal
6178,0,0,-1.4407526607678958,decision_function,,u_19b4b28fcdb5da23,1,1,official,principal
5419,0,0,-1.2572823422621922,decision_function,,u_19b4b28fcdb5da23,1,1,official,principal
5257,1,1,1.1101179515140078,decision_function,,u_19b4b28fcdb5da23,1,1,official,principal
2690,1,1,1.07767049418175,decision_function,,u_19b4b28fcdb5da23,1,1,official,principal
3111,1,0,-0.4911094184224003,decision_function,,u_19b4b28fcdb5da23,1,1,official,principal
3870,0,0,-1.0478922202419945,decision_function,,u_19b4b28fcdb5da23,1,1,official,principal
615,0,0,-0.056236288363954445,decision_function,,u_19b4b28fcdb5da23,1,1,official,principal
4108,0,0,-1.472530420198096,decision_function,,u_19b4b28fcdb5da23,1,1,official,principal
5795,0,1,0.5783199480262051,decision_function,,u_19b4b28fcdb5da23,1,1,official,principal
4752,0,0,-1.4313646589219142,decision_function,,u_19b4b28fcdb5da23,1,1,official,principal
2018,1,1,0.5173555712894673,decision_function,,u_19b4b28fcdb5da23,1,1,official,principal
3878,0,0,-1.2712551830236072,decision_function,,u_19b4b28fcdb5da23,1,1,official,principal
5090,1,1,0.8638764220818502,decision_function,,u_19b4b28fcdb5da23,1,1,official,principal
6533,0,1,0.8788096646047938,decision_function,,u_19b4b28fcdb5da23,1,1,official,principal
1481,0,0,-1.9853294242582757,decision_function,,u_19b4b28fcdb5da23,1,1,official,principal
1046,0,0,-1.7013999442879058,decision_function,,u_19b4b28fcdb5da23,1,1,official,principal
6716,1,1,1.1930453578267155,decision_function,,u_19b4b28fcdb5da23,1,1,official,principal
697,1,1,0.6828191111084698,decision_function,,u_19b4b28fcdb5da23,1,1,official,principal
6850,0,0,-2.352179133532265,decision_function,,u_19b4b28fcdb5da23,1,1,official,principal
6721,0,0,-1.370412761758628,decision_function,,u_19b4b28fcdb5da23,1,1,official,principal
4791,0,0,-0.557254443900705,decision_function,,u_19b4b28fcdb5da23,1,1,official,principal
3619,0,0,-2.2714671644818676,decision_function,,u_19b4b28fcdb5da23,1,1,official,principal
2047,0,1,0.8198081658559522,decision_function,,u_19b4b28fcdb5da23,1,1,official,principal
5253,0,0,-0.22410744774939562,decision_function,,u_19b4b28fcdb5da23,1,1,official,principal
6392,0,0,-0.35055523085696794,decision_function,,u_19b4b28fcdb5da23,1,1,official,principal
5880,1,1,0.6999609032910614,decision_function,,u_19b4b28fcdb5da23,1,1,official,principal
5976,0,0,-0.4087114110287067,decision_function,,u_19b4b28fcdb5da23,1,1,official,principal
191,1,1,1.3551427801685305,decision_function,,u_19b4b28fcdb5da23,1,1,official,principal
4348,1,0,-0.27394033441010746,decision_function,,u_19b4b28fcdb5da23,1,1,official,principal
2720,1,1,0.40187969289666814,decision_function,,u_19b4b28fcdb5da23,1,1,official,principal
600,0,1,0.5084077672215648,decision_function,,u_19b4b28fcdb5da23,1,1,official,principal
4143,1,1,1.18022821842473,decision_function,,u_19b4b28fcdb5da23,1,1,official,principal
1660,0,0,-1.030115894476865,decision_function,,u_19b4b28fcdb5da23,1,1,official,principal
596,0,0,-1.0567895871149682,decision_function,,u_19b4b28fcdb5da23,1,1,official,principal
6549,1,1,1.0587640038654604,decision_function,,u_19b4b28fcdb5da23,1,1,official,principal
3971,1,0,-1.2809553188208902,decision_function,,u_19b4b28fcdb5da23,1,1,official,principal
788,0,0,-0.5874945281604638,decision_function,,u_19b4b28fcdb5da23,1,1,official,principal
5950,0,1,0.7215423713694875,decision_function,,u_19b4b28fcdb5da23,1,1,official,principal
1686,1,0,-0.17141426446794017,decision_function,,u_19b4b28fcdb5da23,1,1,official,principal
6900,0,0,-0.038588331011685906,decision_function,,u_19b4b28fcdb5da23,1,1,official,principal
865,1,1,0.7167474537360445,decision_function,,u_19b4b28fcdb5da23,1,1,official,principal
3091,0,0,-0.9929943397745793,decision_function,,u_19b4b28fcdb5da23,1,1,official,principal
111,0,0,-2.001142886223631,decision_function,,u_19b4b28fcdb5da23,1,1,official,principal
4283,0,1,1.4961224979179022,decision_function,,u_19b4b28fcdb5da23,1,1,official,principal
44,0,1,0.14167266053466543,decision_function,,u_19b4b28fcdb5da23,1,1,official,principal
4602,0,0,-1.8973107781014806,decision_function,,u_19b4b28fcdb5da23,1,1,official,principal
2680,0,0,-2.241473528677061,decision_function,,u_19b4b28fcdb5da23,1,1,official,principal
702,0,1,1.1090649688035175,decision_function,,u_19b4b28fcdb5da23,1,1,official,principal
6644,0,0,-0.22059701152986855,decision_function,,u_19b4b28fcdb5da23,1,1,official,principal
6005,0,0,-0.9536323491211973,decision_function,,u_19b4b28fcdb5da23,1,1,official,principal
5729,0,0,-0.9940205029683975,decision_function,,u_19b4b28fcdb5da23,1,1,official,principal
5452,0,0,-1.2455832152715636,decision_function,,u_19b4b28fcdb5da23,1,1,official,principal
6317,1,1,1.4433372377223903,decision_function,,u_19b4b28fcdb5da23,1,1,official,principal
4197,0,1,1.104477922961216,decision_function,,u_19b4b28fcdb5da23,1,1,official,principal
6785,1,0,-0.8396466238705658,decision_function,,u_19b4b28fcdb5da23,1,1,official,principal
5598,0,0,-2.206496066002561,decision_function,,u_19b4b28fcdb5da23,1,1,official,principal
1113,1,1,0.391768594554291,decision_function,,u_19b4b28fcdb5da23,1,1,official,principal
2263,1,1,0.4461962218573359,decision_function,,u_19b4b28fcdb5da23,1,1,official,principal
6880,0,0,-2.326023726748343,decision_function,,u_19b4b28fcdb5da23,1,1,official,principal
5738,1,0,-0.5354641463583024,decision_function,,u_19b4b28fcdb5da23,1,1,official,principal
4549,0,1,0.3506001901116267,decision_function,,u_19b4b28fcdb5da23,1,1,official,principal
4271,0,0,-1.7131831746825212,decision_function,,u_19b4b28fcdb5da23,1,1,official,principal
5266,0,0,-1.5979283493518364,decision_function,,u_19b4b28fcdb5da23,1,1,official,principal
1993,1,1,0.7140966656400081,decision_function,,u_19b4b28fcdb5da23,1,1,official,principal
4082,1,0,-1.1645128152780844,decision_function,,u_19b4b28fcdb5da23,1,1,official,principal
4997,1,1,1.031956949987253,decision_function,,u_19b4b28fcdb5da23,1,1,official,principal
63,0,0,-0.8182672305586018,decision_function,,u_19b4b28fcdb5da23,1,1,official,principal
5853,0,0,-0.8748355266093018,decision_function,,u_19b4b28fcdb5da23,1,1,official,principal
4730,0,1,0.5623996105187199,decision_function,,u_19b4b28fcdb5da23,1,1,official,principal
4225,0,0,-0.7235506974286894,decision_function,,u_19b4b28fcdb5da23,1,1,official,principal
368,0,0,-0.5089256095571228,decision_function,,u_19b4b28fcdb5da23,1,1,official,principal
2407,1,1,1.4682806170406373,decision_function,,u_19b4b28fcdb5da23,1,1,official,principal
5118,0,1,0.011673308203770993,decision_function,,u_19b4b28fcdb5da23,1,1,official,principal
1912,0,0,-1.6736443686865536,decision_function,,u_19b4b28fcdb5da23,1,1,official,principal
4277,0,0,-0.3645072664772352,decision_function,,u_19b4b28fcdb5da23,1,1,official,principal
2826,0,0,-0.15884859817514108,decision_function,,u_19b4b28fcdb5da23,1,1,official,principal
6883,0,1,0.19090194442491004,decision_function,,u_19b4b28fcdb5da23,1,1,official,principal
3578,0,0,-0.9193439511914692,decision_function,,u_19b4b28fcdb5da23,1,1,official,principal
2648,0,0,-0.11337664714746021,decision_function,,u_19b4b28fcdb5da23,1,1,official,principal
2458,0,0,-0.2391136225342292,decision_function,,u_19b4b28fcdb5da23,1,1,official,principal
2420,0,0,-0.13648487452582048,decision_function,,u_19b4b28fcdb5da23,1,1,official,principal
1464,0,0,-0.4528583426507543,decision_function,,u_19b4b28fcdb5da23,1,1,official,principal
3121,1,1,0.32368352958189095,decision_function,,u_19b4b28fcdb5da23,1,1,official,principal
6360,1,0,-0.25643647377096856,decision_function,,u_19b4b28fcdb5da23,1,1,official,principal
6622,1,1,0.5316591779018411,decision_function,,u_19b4b28fcdb5da23,1,1,official,principal
5649,0,0,-1.2122725828034595,decision_function,,u_19b4b28fcdb5da23,1,1,official,principal
4983,1,1,0.28521902125011356,decision_function,,u_19b4b28fcdb5da23,1,1,official,principal
4149,1,0,-1.1314220240056523,decision_function,,u_19b4b28fcdb5da23,1,1,official,principal
5405,0,1,0.08020259453357803,decision_function,,u_19b4b28fcdb5da23,1,1,official,principal
944,0,0,-0.20558340731198088,decision_function,,u_19b4b28fcdb5da23,1,1,official,principal
5074,0,0,-2.0604860424277565,decision_function,,u_19b4b28fcdb5da23,1,1,official,principal
5285,0,0,-1.5826353566332343,decision_function,,u_19b4b28fcdb5da23,1,1,official,principal
247,1,1,1.1136335848881571,decision_function,,u_19b4b28fcdb5da23,1,1,official,principal
5451,0,0,-1.3948313672439154,decision_function,,u_19b4b28fcdb5da23,1,1,official,principal
147,1,1,0.8983726929031612,decision_function,,u_19b4b28fcdb5da23,1,1,official,principal
4291,0,0,-1.411525827620709,decision_function,,u_19b4b28fcdb5da23,1,1,official,principal
152,0,0,-1.023304548555072,decision_function,,u_19b4b28fcdb5da23,1,1,official,principal
5127,1,0,-1.0496858839771952,decision_function,,u_19b4b28fcdb5da23,1,1,official,principal
488,0,0,-0.36195196499555526,decision_function,,u_19b4b28fcdb5da23,1,1,official,principal
3999,1,1,1.5351664877304563,decision_function,,u_19b4b28fcdb5da23,1,1,official,principal
5140,0,1,1.795391215435031,decision_function,,u_19b4b28fcdb5da23,1,1,official,principal
4812,1,0,-0.1616532803204982,decision_function,,u_19b4b28fcdb5da23,1,1,official,principal
5744,0,0,-0.4016299399948233,decision_function,,u_19b4b28fcdb5da23,1,1,official,principal
4959,1,0,-0.42662136894242053,decision_function,,u_19b4b28fcdb5da23,1,1,official,principal
2059,0,1,0.6472061455192364,decision_function,,u_19b4b28fcdb5da23,1,1,official,principal
1680,0,0,-1.9359455036649829,decision_function,,u_19b4b28fcdb5da23,1,1,official,principal
4747,0,0,-1.5785038304505747,decision_function,,u_19b4b28fcdb5da23,1,1,official,principal
5618,0,0,-0.7436757758022369,decision_function,,u_19b4b28fcdb5da23,1,1,official,principal
1434,1,1,0.9647973572086483,decision_function,,u_19b4b28fcdb5da23,1,1,official,principal
899,0,0,-0.1804683182996114,decision_function,,u_19b4b28fcdb5da23,1,1,official,principal
1729,0,0,-1.359067638609311,decision_function,,u_19b4b28fcdb5da23,1,1,official,principal
310,0,0,-0.1786018199980135,decision_function,,u_19b4b28fcdb5da23,1,1,official,principal
4668,0,1,0.24504043086531935,decision_function,,u_19b4b28fcdb5da23,1,1,official,principal
5261,0,0,-0.18153904194247206,decision_function,,u_19b4b28fcdb5da23,1,1,official,principal
5022,0,0,-1.6895302030108,decision_function,,u_19b4b28fcdb5da23,1,1,official,principal
5676,0,0,-0.35182788562741574,decision_function,,u_19b4b28fcdb5da23,1,1,official,principal
2907,1,1,1.015091091799745,decision_function,,u_19b4b28fcdb5da23,1,1,official,principal
6602,0,1,0.29938181915006234,decision_function,,u_19b4b28fcdb5da23,1,1,official,principal
4389,0,1,0.6524997412116733,decision_function,,u_19b4b28fcdb5da23,1,1,official,principal
4136,0,0,-1.8559045444886189,decision_function,,u_19b4b28fcdb5da23,1,1,official,principal
6511,0,0,-1.6793097637684273,decision_function,,u_19b4b28fcdb5da23,1,1,official,principal
2148,0,0,-0.7859086332418115,decision_function,,u_19b4b28fcdb5da23,1,1,official,principal
4691,1,1,0.37944570477609774,decision_function,,u_19b4b28fcdb5da23,1,1,official,principal
711,0,1,0.3861715370354619,decision_function,,u_19b4b28fcdb5da23,1,1,official,principal
5914,0,0,-0.7428282905231686,decision_function,,u_19b4b28fcdb5da23,1,1,official,principal
228,0,1,0.44351914621344024,decision_function,,u_19b4b28fcdb5da23,1,1,official,principal
4450,1,0,-0.11149545962396434,decision_function,,u_19b4b28fcdb5da23,1,1,official,principal
6293,0,0,-1.470967030470362,decision_function,,u_19b4b28fcdb5da23,1,1,official,principal
1212,0,1,1.3986981991755711,decision_function,,u_19b4b28fcdb5da23,1,1,official,principal
4581,0,0,-2.051008063723721,decision_function,,u_19b4b28fcdb5da23,1,1,official,principal
5231,1,1,1.5676932335252678,decision_function,,u_19b4b28fcdb5da23,1,1,official,principal
1939,0,0,-0.4096180126744261,decision_function,,u_19b4b28fcdb5da23,1,1,official,principal
2847,0,1,0.30029558872655837,decision_function,,u_19b4b28fcdb5da23,1,1,official,principal
6415,0,0,-1.06313202145987,decision_function,,u_19b4b28fcdb5da23,1,1,official,principal
5625,0,0,-0.427829511083871,decision_function,,u_19b4b28fcdb5da23,1,1,official,principal
2124,1,1,0.7265961603675097,decision_function,,u_19b4b28fcdb5da23,1,1,official,principal
176,1,1,1.0202951732808607,decision_function,,u_19b4b28fcdb5da23,1,1,official,principal
6685,0,0,-0.4832782246823153,decision_function,,u_19b4b28fcdb5da23,1,1,official,principal
5761,0,0,-2.0801133752300114,decision_function,,u_19b4b28fcdb5da23,1,1,official,principal
6733,0,0,-0.6614759349293713,decision_function,,u_19b4b28fcdb5da23,1,1,official,principal
2640,0,1,0.43834374048860414,decision_function,,u_19b4b28fcdb5da23,1,1,official,principal
4525,0,1,0.1169470045526555,decision_function,,u_19b4b28fcdb5da23,1,1,official,principal
1182,0,0,-0.337175189002475,decision_function,,u_19b4b28fcdb5da23,1,1,official,principal
528,0,0,-1.7842888823924017,decision_function,,u_19b4b28fcdb5da23,1,1,official,principal
2126,0,1,0.2136961828655084,decision_function,,u_19b4b28fcdb5da23,1,1,official,principal
2840,0,0,-0.5741469690678309,decision_function,,u_19b4b28fcdb5da23,1,1,official,principal
1610,0,0,-2.169940470838265,decision_function,,u_19b4b28fcdb5da23,1,1,official,principal
6467,0,1,1.1278795845646057,decision_function,,u_19b4b28fcdb5da23,1,1,official,principal
853,0,1,0.39843671910241074,decision_function,,u_19b4b28fcdb5da23,1,1,official,principal
2343,0,1,0.42711813864663095,decision_function,,u_19b4b28fcdb5da23,1,1,official,principal
3141,1,1,0.8518808016515451,decision_function,,u_19b4b28fcdb5da23,1,1,official,principal
2581,0,0,-0.6995024932428493,decision_function,,u_19b4b28fcdb5da23,1,1,official,principal
4511,0,0,-0.45241208068435457,decision_function,,u_19b4b28fcdb5da23,1,1,official,principal
5472,0,0,-0.5478619747444562,decision_function,,u_19b4b28fcdb5da23,1,1,official,principal
4711,0,0,-1.6252069895408534,decision_function,,u_19b4b28fcdb5da23,1,1,official,principal
2727,1,1,1.5360371157076949,decision_function,,u_19b4b28fcdb5da23,1,1,official,principal
1116,0,0,-1.0095881756342502,decision_function,,u_19b4b28fcdb5da23,1,1,official,principal
6781,1,1,1.0427552940496354,decision_function,,u_19b4b28fcdb5da23,1,1,official,principal
3651,0,0,-1.7071144296559426,decision_function,,u_19b4b28fcdb5da23,1,1,official,principal
4785,1,1,1.0957185106629126,decision_function,,u_19b4b28fcdb5da23,1,1,official,principal
278,0,1,0.6292140295853574,decision_function,,u_19b4b28fcdb5da23,1,1,official,principal
584,0,0,-0.29662614158698974,decision_function,,u_19b4b28fcdb5da23,1,1,official,principal
5469,0,1,0.2772283314778432,decision_function,,u_19b4b28fcdb5da23,1,1,official,principal
6120,0,1,0.5483614184740049,decision_function,,u_19b4b28fcdb5da23,1,1,official,principal
3230,0,0,-2.322323685311141,decision_function,,u_19b4b28fcdb5da23,1,1,official,principal
1348,1,1,1.4976691777240831,decision_function,,u_19b4b28fcdb5da23,1,1,official,principal
484,1,1,1.2240936160123357,decision_function,,u_19b4b28fcdb5da23,1,1,official,principal
3170,0,1,0.39767245132131723,decision_function,,u_19b4b28fcdb5da23,1,1,official,principal
2885,0,0,-1.0547939262396402,decision_function,,u_19b4b28fcdb5da23,1,1,official,principal
3208,0,0,-0.8800195209166525,decision_function,,u_19b4b28fcdb5da23,1,1,official,principal
3491,0,0,-0.7978515105799626,decision_function,,u_19b4b28fcdb5da23,1,1,official,principal
1959,0,0,-0.09537718068968304,decision_function,,u_19b4b28fcdb5da23,1,1,official,principal
5249,0,0,-2.2331600103601463,decision_function,,u_19b4b28fcdb5da23,1,1,official,principal
1239,0,1,0.34904897065553464,decision_function,,u_19b4b28fcdb5da23,1,1,official,principal
6465,0,0,-2.230815215558689,decision_function,,u_19b4b28fcdb5da23,1,1,official,principal
1303,0,0,-2.333322505908436,decision_function,,u_19b4b28fcdb5da23,1,1,official,principal
2330,0,0,-0.06577843269075534,decision_function,,u_19b4b28fcdb5da23,1,1,official,principal
5167,0,0,-1.7040348696090706,decision_function,,u_19b4b28fcdb5da23,1,1,official,principal
3710,0,0,-1.3352855263806047,decision_function,,u_19b4b28fcdb5da23,1,1,official,principal
1695,0,0,-1.0733260679255539,decision_function,,u_19b4b28fcdb5da23,1,1,official,principal
1021,0,0,-1.524804474435578,decision_function,,u_19b4b28fcdb5da23,1,1,official,principal
3788,1,0,-1.1611709919527928,decision_function,,u_19b4b28fcdb5da23,1,1,official,principal
4863,0,0,-2.202664554886673,decision_function,,u_19b4b28fcdb5da23,1,1,official,principal
4545,0,1,0.3128370020103093,decision_function,,u_19b4b28fcdb5da23,1,1,official,principal
3021,0,0,-0.6147963223434165,decision_function,,u_19b4b28fcdb5da23,1,1,official,principal
6552,1,1,1.410840873348274,decision_function,,u_19b4b28fcdb5da23,1,1,official,principal
3215,0,1,0.5534902205143168,decision_function,,u_19b4b28fcdb5da23,1,1,official,principal
6901,0,0,-0.4452126675547591,decision_function,,u_19b4b28fcdb5da23,1,1,official,principal
5148,0,0,-0.6241461901254549,decision_function,,u_19b4b28fcdb5da23,1,1,official,principal
5269,0,1,0.3933600523238798,decision_function,,u_19b4b28fcdb5da23,1,1,official,principal
4047,0,0,-0.7913632751578843,decision_function,,u_19b4b28fcdb5da23,1,1,official,principal
6008,0,0,-1.223452356689996,decision_function,,u_19b4b28fcdb5da23,1,1,official,principal
240,0,0,-1.7242756151249743,decision_function,,u_19b4b28fcdb5da23,1,1,official,principal
2873,1,1,1.102780172814493,decision_function,,u_19b4b28fcdb5da23,1,1,official,principal
5660,0,0,-0.7508057378403017,decision_function,,u_19b4b28fcdb5da23,1,1,official,principal
3114,0,1,0.25832946182707106,decision_function,,u_19b4b28fcdb5da23,1,1,official,principal
4516,0,0,-1.9045453735672624,decision_function,,u_19b4b28fcdb5da23,1,1,official,principal
6425,0,0,-1.6062027993368986,decision_function,,u_19b4b28fcdb5da23,1,1,official,principal
6458,0,1,0.2722576581180265,decision_function,,u_19b4b28fcdb5da23,1,1,official,principal
3953,1,1,1.1545962606908602,decision_function,,u_19b4b28fcdb5da23,1,1,official,principal
3675,0,0,-0.5234755012444006,decision_function,,u_19b4b28fcdb5da23,1,1,official,principal
4425,0,0,-0.4663248020309594,decision_function,,u_19b4b28fcdb5da23,1,1,official,principal
5990,0,1,0.7408418134999799,decision_function,,u_19b4b28fcdb5da23,1,1,official,principal
4126,0,0,-0.8330561809057084,decision_function,,u_19b4b28fcdb5da23,1,1,official,principal
5288,1,1,1.677324838860475,decision_function,,u_19b4b28fcdb5da23,1,1,official,principal
6348,0,1,0.6007205036003265,decision_function,,u_19b4b28fcdb5da23,1,1,official,principal
2422,0,1,1.5776378131897655,decision_function,,u_19b4b28fcdb5da23,1,1,official,principal
975,1,0,-0.8326742303011418,decision_function,,u_19b4b28fcdb5da23,1,1,official,principal
573,1,0,-0.5361051850014739,decision_function,,u_19b4b28fcdb5da23,1,1,official,principal
6219,1,1,0.7339240772736084,decision_function,,u_19b4b28fcdb5da23,1,1,official,principal
1043,1,1,0.3581680013949784,decision_function,,u_19b4b28fcdb5da23,1,1,official,principal
2529,1,0,-1.2037014289109065,decision_function,,u_19b4b28fcdb5da23,1,1,official,principal
1282,0,1,0.8148782636389478,decision_function,,u_19b4b28fcdb5da23,1,1,official,principal
1340,0,0,-0.8248074948053924,decision_function,,u_19b4b28fcdb5da23,1,1,official,principal
6189,0,0,-1.8856965813125188,decision_function,,u_19b4b28fcdb5da23,1,1,official,principal
5510,0,1,0.6912672543013536,decision_function,,u_19b4b28fcdb5da23,1,1,official,principal
3354,0,0,-1.7682107440245591,decision_function,,u_19b4b28fcdb5da23,1,1,official,principal
905,1,1,1.7290208672751093,decision_function,,u_19b4b28fcdb5da23,1,1,official,principal
2735,0,1,0.2171799534805845,decision_function,,u_19b4b28fcdb5da23,1,1,official,principal
6712,0,1,0.60501749028431,decision_function,,u_19b4b28fcdb5da23,1,1,official,principal
4333,0,0,-0.1582925852121504,decision_function,,u_19b4b28fcdb5da23,1,1,official,principal
1514,0,0,-2.248791186540937,decision_function,,u_19b4b28fcdb5da23,1,1,official,principal
6608,1,0,-0.8317387692820541,decision_function,,u_19b4b28fcdb5da23,1,1,official,principal
135,0,0,-1.3720507193540414,decision_function,,u_19b4b28fcdb5da23,1,1,official,principal
3413,0,1,0.6941633623945793,decision_function,,u_19b4b28fcdb5da23,1,1,official,principal
219,0,1,1.251731129646684,decision_function,,u_19b4b28fcdb5da23,1,1,official,principal
6754,0,0,-0.633108038669769,decision_function,,u_19b4b28fcdb5da23,1,1,official,principal
6610,0,1,1.2282111868754404,decision_function,,u_19b4b28fcdb5da23,1,1,official,principal
3549,0,0,-2.06725148854838,decision_function,,u_19b4b28fcdb5da23,1,1,official,principal
257,0,0,-0.9904893197653006,decision_function,,u_19b4b28fcdb5da23,1,1,official,principal
4799,0,0,-0.5409161661341988,decision_function,,u_19b4b28fcdb5da23,1,1,official,principal
5248,0,0,-0.49734346213514025,decision_function,,u_19b4b28fcdb5da23,1,1,official,principal
3965,0,1,0.15446065637050221,decision_function,,u_19b4b28fcdb5da23,1,1,official,principal
2942,0,0,-1.4296414649899607,decision_function,,u_19b4b28fcdb5da23,1,1,official,principal
5370,0,1,1.0075248955796892,decision_function,,u_19b4b28fcdb5da23,1,1,official,principal
4495,1,1,1.5112441086415527,decision_function,,u_19b4b28fcdb5da23,1,1,official,principal
3932,1,1,1.569784494470838,decision_function,,u_19b4b28fcdb5da23,1,1,official,principal
5347,0,0,-1.1733358882237406,decision_function,,u_19b4b28fcdb5da23,1,1,official,principal
5531,0,0,-2.0792091323610307,decision_function,,u_19b4b28fcdb5da23,1,1,official,principal
1273,0,1,0.0577790321759688,decision_function,,u_19b4b28fcdb5da23,1,1,official,principal
6318,0,0,-0.8801455472076314,decision_function,,u_19b4b28fcdb5da23,1,1,official,principal
4284,0,1,0.8793562955805956,decision_function,,u_19b4b28fcdb5da23,1,1,official,principal
1494,1,0,-1.0591540511182005,decision_function,,u_19b4b28fcdb5da23,1,1,official,principal
2190,0,0,-1.7421176799815663,decision_function,,u_19b4b28fcdb5da23,1,1,official,principal
4808,0,0,-1.3517007129665042,decision_function,,u_19b4b28fcdb5da23,1,1,official,principal
5926,0,0,-0.15202549583183167,decision_function,,u_19b4b28fcdb5da23,1,1,official,principal
138,0,0,-1.9198532690587005,decision_function,,u_19b4b28fcdb5da23,1,1,official,principal
1371,1,1,1.7159081202414703,decision_function,,u_19b4b28fcdb5da23,1,1,official,principal
5357,0,0,-2.1223861014585323,decision_function,,u_19b4b28fcdb5da23,1,1,official,principal
1009,0,0,-0.5374245113504588,decision_function,,u_19b4b28fcdb5da23,1,1,official,principal
3995,1,1,0.1298450522551906,decision_function,,u_19b4b28fcdb5da23,1,1,official,principal
3483,0,1,0.6539059780255148,decision_function,,u_19b4b28fcdb5da23,1,1,official,principal
5815,1,1,1.5922277095327946,decision_function,,u_19b4b28fcdb5da23,1,1,official,principal
1812,0,1,0.6965676205950895,decision_function,,u_19b4b28fcdb5da23,1,1,official,principal
5493,1,1,1.616516973352832,decision_function,,u_19b4b28fcdb5da23,1,1,official,principal
3663,0,1,1.261403250092176,decision_function,,u_19b4b28fcdb5da23,1,1,official,principal
3654,0,1,0.2393323557193816,decision_function,,u_19b4b28fcdb5da23,1,1,official,principal
568,1,1,1.1205136518548375,decision_function,,u_19b4b28fcdb5da23,1,1,official,principal
5586,0,0,-1.522314995031739,decision_function,,u_19b4b28fcdb5da23,1,1,official,principal
1656,0,0,-0.36570139716591554,decision_function,,u_19b4b28fcdb5da23,1,1,official,principal
4257,0,1,0.2485106674182911,decision_function,,u_19b4b28fcdb5da23,1,1,official,principal
304,0,1,0.1135939282951881,decision_function,,u_19b4b28fcdb5da23,1,1,official,principal
5239,0,0,-1.3199137965534717,decision_function,,u_19b4b28fcdb5da23,1,1,official,principal
2624,0,0,-0.38165395701691773,decision_function,,u_19b4b28fcdb5da23,1,1,official,principal
4586,0,0,-1.2789746599078509,decision_function,,u_19b4b28fcdb5da23,1,1,official,principal
939,0,0,-0.8055976028710068,decision_function,,u_19b4b28fcdb5da23,1,1,official,principal
4915,0,1,0.04649720907214072,decision_function,,u_19b4b28fcdb5da23,1,1,official,principal
5846,0,1,1.330790808532151,decision_function,,u_19b4b28fcdb5da23,1,1,official,principal
4036,0,0,-0.7761503715602246,decision_function,,u_19b4b28fcdb5da23,1,1,official,principal
6235,1,0,-0.3163652358729321,decision_function,,u_19b4b28fcdb5da23,1,1,official,principal
4314,1,1,1.2803233661260478,decision_function,,u_19b4b28fcdb5da23,1,1,official,principal
2545,0,0,-1.8461313560309325,decision_function,,u_19b4b28fcdb5da23,1,1,official,principal
6006,0,0,-0.3644398815947425,decision_function,,u_19b4b28fcdb5da23,1,1,official,principal
1492,1,1,1.277240053033704,decision_function,,u_19b4b28fcdb5da23,1,1,official,principal
4332,0,0,-1.9854252902218719,decision_function,,u_19b4b28fcdb5da23,1,1,official,principal
4093,0,1,0.6467922156538126,decision_function,,u_19b4b28fcdb5da23,1,1,official,principal
6696,0,1,1.2289083119580755,decision_function,,u_19b4b28fcdb5da23,1,1,official,principal
