row_id,y_true,y_pred,score_positive,score_type,probability_native,unit_id,outer_fold,replicate,purpose,variant
2986,0,0,-0.7155391947808656,decision_function,,u_849ceb50b371e442,1,2,official,principal
5427,0,1,0.21322613783009214,decision_function,,u_849ceb50b371e442,1,2,official,principal
6234,0,0,-1.5207511456179343,decision_function,,u_849ceb50b371e442,1,2,official,principal
6937,0,0,-0.5074566162352103,decision_function,,u_849ceb50b371e442,1,2,official,principal
6491,1,1,1.3652321337830748,decision_function,,u_849ceb50b371e442,1,2,official,principal
478,1,1,1.4301965509089245,decision_function,,u_849ceb50b371e442,1,2,official,principal
5704,0,1,1.224474973485482,decision_function,,u_849ceb50b371e442,1,2,official,principal
4453,1,1,1.6437274074175077,decision_function,,u_849ceb50b371e442,1,2,official,principal
2320,0,0,-1.5863378647484847,decision_function,,u_849ceb50b371e442,1,2,official,principal
4437,0,0,-0.5750730221489079,decision_function,,u_849ceb50b371e442,1,2,official,principal
3511,0,0,-1.700391947501284,decision_function,,u_849ceb50b371e442,1,2,official,principal
3404,0,0,-1.2875835748460562,decision_function,,u_849ceb50b371e442,1,2,official,principal
1565,0,0,-0.006237112679342127,decision_function,,u_849ceb50b371e442,1,2,official,principal
1096,0,1,0.1042556937434782,decision_function,,u_849ceb50b371e442,1,2,official,principal
733,0,0,-1.449043415159907,decision_function,,u_849ceb50b371e442,1,2,official,principal
6846,1,1,1.1327651215626318,decision_function,,u_849ceb50b371e442,1,2,official,principal
6891,0,1,0.32428869219331413,decision_function,,u_849ceb50b371e442,1,2,official,principal
3011,0,0,-1.1031987379492563,decision_function,,u_849ceb50b371e442,1,2,official,principal
6009,1,1,0.5400457545945543,decision_function,,u_849ceb50b371e442,1,2,official,principal
4163,0,0,-1.7974112118241625,decision_function,,u_849ceb50b371e442,1,2,official,principal
5717,0,0,-1.43187992864164,decision_function,,u_849ceb50b371e442,1,2,official,principal
6803,0,0,-0.818406696578008,decision_function,,u_849ceb50b371e442,1,2,official,principal
1426,0,0,-1.0400524321993263,decision_function,,u_849ceb50b371e442,1,2,official,principal
3860,0,0,-0.17964821955270316,decision_function,,u_849ceb50b371e442,1,2,official,principal
810,1,0,-0.38490254004878066,decision_function,,u_849ceb50b371e442,1,2,official,principal
2936,0,1,0.3647287183748349,decision_function,,u_849ceb50b371e442,1,2,official,principal
2205,0,1,0.6657625771189644,decision_function,,u_849ceb50b371e442,1,2,official,principal
6563,1,1,0.7009584023094482,decision_function,,u_849ceb50b371e442,1,2,official,principal
2997,1,1,0.023723641625414515,decision_function,,u_849ceb50b371e442,1,2,official,principal
1265,0,0,-0.7344185058240298,decision_function,,u_849ceb50b371e442,1,2,official,principal
948,1,1,1.154190143354117,decision_function,,u_849ceb50b371e442,1,2,official,principal
3521,0,0,-1.508503346359195,decision_function,,u_849ceb50b371e442,1,2,official,principal
6809,1,1,1.3607464879901163,decision_function,,u_849ceb50b371e442,1,2,official,principal
3563,0,1,0.559223879616525,decision_function,,u_849ceb50b371e442,1,2,official,principal
393,0,0,-0.8699227403655219,decision_function,,u_849ceb50b371e442,1,2,official,principal
2693,0,0,-2.044947402252757,decision_function,,u_849ceb50b371e442,1,2,official,principal
3187,0,1,0.544060581019467,decision_function,,u_849ceb50b371e442,1,2,official,principal
6446,0,0,-1.066461762463059,decision_function,,u_849ceb50b371e442,1,2,official,principal
3633,0,1,1.587061302300757,decision_function,,u_849ceb50b371e442,1,2,official,principal
5864,0,0,-1.6136563625487168,decision_function,,u_849ceb50b371e442,1,2,official,principal
4069,0,0,-0.9181117537736101,decision_function,,u_849ceb50b371e442,1,2,official,principal
3383,1,1,1.3246608296278495,decision_function,,u_849ceb50b371e442,1,2,official,principal
6456,0,0,-0.7745847236493468,decision_function,,u_849ceb50b371e442,1,2,official,principal
1263,1,0,-0.28337578326238444,decision_function,,u_849ceb50b371e442,1,2,official,principal
272,1,1,0.08438761414237272,decision_function,,u_849ceb50b371e442,1,2,official,principal
2070,1,0,-0.8282968878751502,decision_function,,u_849ceb50b371e442,1,2,official,principal
4842,1,1,0.4619786842895459,decision_function,,u_849ceb50b371e442,1,2,official,principal
4872,0,0,-1.5443237642006264,decision_function,,u_849ceb50b371e442,1,2,official,principal
5272,1,1,1.506594862233132,decision_function,,u_849ceb50b371e442,1,2,official,principal
3646,0,0,-0.3260888894836539,decision_function,,u_849ceb50b371e442,1,2,official,principal
3935,0,0,-2.0906602404629266,decision_function,,u_849ceb50b371e442,1,2,official,principal
4788,0,0,-1.27389105509857,decision_function,,u_849ceb50b371e442,1,2,official,principal
6124,0,0,-1.814248904394963,decision_function,,u_849ceb50b371e442,1,2,official,principal
736,0,0,-0.09150328150261444,decision_function,,u_849ceb50b371e442,1,2,official,principal
5876,1,1,1.6920972740851046,decision_function,,u_849ceb50b371e442,1,2,official,principal
2566,0,0,-1.7922413684043796,decision_function,,u_849ceb50b371e442,1,2,official,principal
1400,0,0,-0.7003374769012509,decision_function,,u_849ceb50b371e442,1,2,official,principal
1879,1,1,1.3761293763249254,decision_function,,u_849ceb50b371e442,1,2,official,principal
6613,0,0,-0.5578605339917299,decision_function,,u_849ceb50b371e442,1,2,official,principal
2793,0,1,1.251272753533135,decision_function,,u_849ceb50b371e442,1,2,official,principal
5185,0,0,-1.389725231098522,decision_function,,u_849ceb50b371e442,1,2,official,principal
1955,0,1,0.1674651196360475,decision_function,,u_849ceb50b371e442,1,2,official,principal
5161,0,0,-0.3656226567158464,decision_function,,u_849ceb50b371e442,1,2,official,principal
4569,1,0,-0.25919664985051516,decision_function,,u_849ceb50b371e442,1,2,official,principal
1722,0,0,-0.8179756802040532,decision_function,,u_849ceb50b371e442,1,2,official,principal
2662,1,1,0.9691231191633494,decision_function,,u_849ceb50b371e442,1,2,official,principal
3768,0,0,-0.31876378318444776,decision_function,,u_849ceb50b371e442,1,2,official,principal
4926,0,0,-1.5597987466856025,decision_function,,u_849ceb50b371e442,1,2,official,principal
439,0,0,-0.0471435690284141,decision_function,,u_849ceb50b371e442,1,2,official,principal
416,0,0,-1.0871780000970075,decision_function,,u_849ceb50b371e442,1,2,official,principal
3341,0,0,-0.6882296168840787,decision_function,,u_849ceb50b371e442,1,2,official,principal
6276,0,0,-1.24133908878258,decision_function,,u_849ceb50b371e442,1,2,official,principal
2502,0,0,-2.0313451451824758,decision_function,,u_849ceb50b371e442,1,2,official,principal
5397,1,1,1.4268849475364436,decision_function,,u_849ceb50b371e442,1,2,official,principal
6734,1,0,-0.21806212985860918,decision_function,,u_849ceb50b371e442,1,2,official,principal
5992,1,0,-1.8505665306731287,decision_function,,u_849ceb50b371e442,1,2,official,principal
4985,0,0,-1.6783235605925997,decision_function,,u_849ceb50b371e442,1,2,official,principal
5863,1,1,1.4055914945233698,decision_function,,u_849ceb50b371e442,1,2,official,principal
6801,0,1,0.17994055976787293,decision_function,,u_849ceb50b371e442,1,2,official,principal
3133,0,0,-1.636146291782118,decision_function,,u_849ceb50b371e442,1,2,official,principal
4709,0,1,0.1364398437416594,decision_function,,u_849ceb50b371e442,1,2,official,principal
5553,1,1,0.5572782588783847,decision_function,,u_849ceb50b371e442,1,2,official,principal
6871,0,0,-0.22905767385579257,decision_function,,u_849ceb50b371e442,1,2,official,principal
1536,0,0,-1.8597971485988167,decision_function,,u_849ceb50b371e442,1,2,official,principal
982,0,0,-0.6481115401936288,decision_function,,u_849ceb50b371e442,1,2,official,principal
5325,0,0,-0.7355294735230684,decision_function,,u_849ceb50b371e442,1,2,official,principal
1540,0,0,-0.7151380166159579,decision_function,,u_849ceb50b371e442,1,2,official,principal
2432,0,0,-1.1401747730163683,decision_function,,u_849ceb50b371e442,1,2,official,principal
4921,0,1,0.1340920863974968,decision_function,,u_849ceb50b371e442,1,2,official,principal
6109,0,1,0.14136730866888536,decision_function,,u_849ceb50b371e442,1,2,official,principal
874,0,0,-0.20381948704345532,decision_function,,u_849ceb50b371e442,1,2,official,principal
5339,0,1,0.5868209684908121,decision_function,,u_849ceb50b371e442,1,2,official,principal
1923,0,0,-1.5530037170679039,decision_function,,u_849ceb50b371e442,1,2,official,principal
1827,0,0,-0.5751945231087408,decision_function,,u_849ceb50b371e442,1,2,official,principal
972,0,0,-1.4419353834847293,decision_function,,u_849ceb50b371e442,1,2,official,principal
3673,1,1,0.7260511942087275,decision_function,,u_849ceb50b371e442,1,2,official,principal
5747,0,0,-0.7482924335978334,decision_function,,u_849ceb50b371e442,1,2,official,principal
3904,0,0,-1.3049149363992782,decision_function,,u_849ceb50b371e442,1,2,official,principal
3987,1,1,1.2684946859524417,decision_function,,u_849ceb50b371e442,1,2,official,principal
555,0,0,-1.2531226933011148,decision_function,,u_849ceb50b371e442,1,2,official,principal
2918,0,1,0.3845830372697936,decision_function,,u_849ceb50b371e442,1,2,official,principal
2752,1,0,-1.0780719758206343,decision_function,,u_849ceb50b371e442,1,2,official,principal
5457,0,0,-0.3043554615737464,decision_function,,u_849ceb50b371e442,1,2,official,principal
6934,0,0,-1.0019957040276548,decision_function,,u_849ceb50b371e442,1,2,official,principal
2152,0,1,0.8660777995820081,decision_function,,u_849ceb50b371e442,1,2,official,principal
3921,0,0,-0.5301000703893605,decision_function,,u_849ceb50b371e442,1,2,official,principal
2192,0,0,-1.1028164086693408,decision_function,,u_849ceb50b371e442,1,2,official,principal
2274,1,1,0.6118588984174889,decision_function,,u_849ceb50b371e442,1,2,official,principal
5401,0,0,-1.3691543479370054,decision_function,,u_849ceb50b371e442,1,2,official,principal
3715,0,1,1.4772833304766315,decision_function,,u_849ceb50b371e442,1,2,official,principal
217,0,0,-1.657457114820251,decision_function,,u_849ceb50b371e442,1,2,official,principal
7029,0,1,1.0907440198699503,decision_function,,u_849ceb50b371e442,1,2,official,principal
2232,0,0,-1.5869521141580027,decision_function,,u_849ceb50b371e442,1,2,official,principal
5395,1,1,1.1603435938559061,decision_function,,u_849ceb50b371e442,1,2,official,principal
6122,0,0,-1.2003795661056547,decision_function,,u_849ceb50b371e442,1,2,official,principal
3012,0,0,-1.622398773406168,decision_function,,u_849ceb50b371e442,1,2,official,principal
941,0,0,-0.04640863444604881,decision_function,,u_849ceb50b371e442,1,2,official,principal
4694,0,0,-0.6952444633462033,decision_function,,u_849ceb50b371e442,1,2,official,principal
94,0,0,-0.732196846362327,decision_function,,u_849ceb50b371e442,1,2,official,principal
1794,0,0,-2.045708649527794,decision_function,,u_849ceb50b371e442,1,2,official,principal
2256,0,0,-1.038114906707989,decision_function,,u_849ceb50b371e442,1,2,official,principal
4371,0,0,-1.0544489152535208,decision_function,,u_849ceb50b371e442,1,2,official,principal
3361,0,0,-1.1226650585207216,decision_function,,u_849ceb50b371e442,1,2,official,principal
1619,0,0,-1.7227727184947879,decision_function,,u_849ceb50b371e442,1,2,official,principal
6578,0,0,-0.6457869502664508,decision_function,,u_849ceb50b371e442,1,2,official,principal
5199,0,0,-0.12470930521560253,decision_function,,u_849ceb50b371e442,1,2,official,principal
5490,0,1,0.11535477685281692,decision_function,,u_849ceb50b371e442,1,2,official,principal
2069,1,1,1.588286394956776,decision_function,,u_849ceb50b371e442,1,2,official,principal
380,0,0,-0.5697213313031076,decision_function,,u_849ceb50b371e442,1,2,official,principal
2393,1,0,-0.06384544204428244,decision_function,,u_849ceb50b371e442,1,2,official,principal
2811,0,0,-1.684312187408259,decision_function,,u_849ceb50b371e442,1,2,official,principal
6422,0,0,-1.1545641457276121,decision_function,,u_849ceb50b371e442,1,2,official,principal
6414,0,0,-1.5623979417518155,decision_function,,u_849ceb50b371e442,1,2,official,principal
4935,0,0,-1.3851689372240807,decision_function,,u_849ceb50b371e442,1,2,official,principal
4942,1,1,0.6892672056515234,decision_function,,u_849ceb50b371e442,1,2,official,principal
3789,0,0,-0.6848315798243386,decision_function,,u_849ceb50b371e442,1,2,official,principal
3583,0,0,-1.2414937389253604,decision_function,,u_849ceb50b371e442,1,2,official,principal
1587,0,0,-1.6505790311456594,decision_function,,u_849ceb50b371e442,1,2,official,principal
3148,0,0,-0.5082341476246788,decision_function,,u_849ceb50b371e442,1,2,official,principal
7028,0,0,-1.7116193609445272,decision_function,,u_849ceb50b371e442,1,2,official,principal
3981,0,1,1.4633644771752008,decision_function,,u_849ceb50b371e442,1,2,official,principal
4228,1,1,1.1919950702319813,decision_function,,u_849ceb50b371e442,1,2,official,principal
2321,0,0,-0.12666445146023864,decision_function,,u_849ceb50b371e442,1,2,official,principal
1692,0,0,-0.9772036440694489,decision_function,,u_849ceb50b371e442,1,2,official,principal
4866,0,1,0.4809440021253788,decision_function,,u_849ceb50b371e442,1,2,official,principal
5570,0,1,0.5106543245125812,decision_function,,u_849ceb50b371e442,1,2,official,principal
4642,1,0,-1.5604631518844836,decision_function,,u_849ceb50b371e442,1,2,official,principal
2277,1,0,-0.19771501063054187,decision_function,,u_849ceb50b371e442,1,2,official,principal
6330,0,1,0.47345620729607973,decision_function,,u_849ceb50b371e442,1,2,official,principal
5576,1,1,0.5765495290374008,decision_function,,u_849ceb50b371e442,1,2,official,principal
6913,0,0,-1.0920841518169206,decision_function,,u_849ceb50b371e442,1,2,official,principal
2745,1,1,1.8822199680542673,decision_function,,u_849ceb50b371e442,1,2,official,principal
1874,0,0,-1.155528972228476,decision_function,,u_849ceb50b371e442,1,2,official,principal
2638,1,0,-0.5346100157947312,decision_function,,u_849ceb50b371e442,1,2,official,principal
6079,0,0,-0.0005534207495869747,decision_function,,u_849ceb50b371e442,1,2,official,principal
782,0,0,-0.5799178809616681,decision_function,,u_849ceb50b371e442,1,2,official,principal
3602,0,0,-0.4989280570914505,decision_function,,u_849ceb50b371e442,1,2,official,principal
6282,0,0,-1.0165107240420108,decision_function,,u_849ceb50b371e442,1,2,official,principal
2404,0,0,-0.48524959719686145,decision_function,,u_849ceb50b371e442,1,2,official,principal
332,0,0,-0.20933083156233723,decision_function,,u_849ceb50b371e442,1,2,official,principal
2127,1,0,-0.7906714712666505,decision_function,,u_849ceb50b371e442,1,2,official,principal
6047,0,1,0.5661210541113826,decision_function,,u_849ceb50b371e442,1,2,official,principal
5038,0,0,-0.8356807058596358,decision_function,,u_849ceb50b371e442,1,2,official,principal
2959,0,1,0.17376176619127826,decision_function,,u_849ceb50b371e442,1,2,official,principal
1778,0,0,-2.1751949573635896,decision_function,,u_849ceb50b371e442,1,2,official,principal
6896,1,1,0.12613363748523043,decision_function,,u_849ceb50b371e442,1,2,official,principal
5169,0,0,-0.6612329202543092,decision_function,,u_849ceb50b371e442,1,2,official,principal
6888,0,1,1.3969076388297343,decision_function,,u_849ceb50b371e442,1,2,official,principal
6055,0,1,0.8274944111994353,decision_function,,u_849ceb50b371e442,1,2,official,principal
6744,0,0,-1.1920713007615085,decision_function,,u_849ceb50b371e442,1,2,official,principal
3364,1,1,1.1307389619270427,decision_function,,u_849ceb50b371e442,1,2,official,principal
3226,0,0,-0.638588052004565,decision_function,,u_849ceb50b371e442,1,2,official,principal
6869,1,0,-1.3726722289941957,decision_function,,u_849ceb50b371e442,1,2,official,principal
2270,1,1,1.6970273025671523,decision_function,,u_849ceb50b371e442,1,2,official,principal
4173,0,1,1.4227038539103682,decision_function,,u_849ceb50b371e442,1,2,official,principal
3817,0,0,-1.779927375392309,decision_function,,u_849ceb50b371e442,1,2,official,principal
2368,0,0,-1.255818498008086,decision_function,,u_849ceb50b371e442,1,2,official,principal
4916,0,1,1.1467165495350027,decision_function,,u_849ceb50b371e442,1,2,official,principal
2191,1,1,1.9786942679151431,decision_function,,u_849ceb50b371e442,1,2,official,principal
2790,1,0,-0.2672227832491343,decision_function,,u_849ceb50b371e442,1,2,official,principal
6660,1,1,1.326839089793373,decision_function,,u_849ceb50b371e442,1,2,official,principal
5429,0,0,-1.9149449799172675,decision_function,,u_849ceb50b371e442,1,2,official,principal
3503,0,0,-0.5587826305913727,decision_function,,u_849ceb50b371e442,1,2,official,principal
3310,1,1,1.5406105102965555,decision_function,,u_849ceb50b371e442,1,2,official,principal
6878,1,1,1.6783642779763739,decision_function,,u_849ceb50b371e442,1,2,official,principal
4851,1,1,1.5119840888613243,decision_function,,u_849ceb50b371e442,1,2,official,principal
719,0,0,-0.34513539458607245,decision_function,,u_849ceb50b371e442,1,2,official,principal
1500,0,0,-0.2785887290971665,decision_function,,u_849ceb50b371e442,1,2,official,principal
4060,0,0,-1.2066391710718654,decision_function,,u_849ceb50b371e442,1,2,official,principal
2342,0,1,0.18494825975591733,decision_function,,u_849ceb50b371e442,1,2,official,principal
222,0,0,-0.43593726488368456,decision_function,,u_849ceb50b371e442,1,2,official,principal
1323,0,0,-1.7531191125623833,decision_function,,u_849ceb50b371e442,1,2,official,principal
3366,0,1,0.6011276000615913,decision_function,,u_849ceb50b371e442,1,2,official,principal
5799,1,1,0.5348310505969729,decision_function,,u_849ceb50b371e442,1,2,official,principal
2825,0,0,-0.0668760005428859,decision_function,,u_849ceb50b371e442,1,2,official,principal
3193,0,0,-1.0387648852534102,decision_function,,u_849ceb50b371e442,1,2,official,principal
5154,1,1,1.0960742124416487,decision_function,,u_849ceb50b371e442,1,2,official,principal
80,1,1,1.467909346030641,decision_function,,u_849ceb50b371e442,1,2,official,principal
54,0,0,-1.6086921666977174,decision_function,,u_849ceb50b371e442,1,2,official,principal
6673,0,1,0.6750861935863424,decision_function,,u_849ceb50b371e442,1,2,official,principal
2626,0,0,-1.3482593434398171,decision_function,,u_849ceb50b371e442,1,2,official,principal
6947,0,0,-0.8361016440148976,decision_function,,u_849ceb50b371e442,1,2,official,principal
5985,0,0,-1.4283786411701316,decision_function,,u_849ceb50b371e442,1,2,official,principal
6451,0,0,-0.7505422454321969,decision_function,,u_849ceb50b371e442,1,2,official,principal
6364,0,0,-1.0287063684557562,decision_function,,u_849ceb50b371e442,1,2,official,principal
2285,1,0,-0.1692746691025604,decision_function,,u_849ceb50b371e442,1,2,official,principal
6242,0,0,-1.7406372678932607,decision_function,,u_849ceb50b371e442,1,2,official,principal
30,0,0,-1.27938054286942,decision_function,,u_849ceb50b371e442,1,2,official,principal
673,0,0,-0.5653896131279205,decision_function,,u_849ceb50b371e442,1,2,official,principal
684,0,1,0.7891307705692883,decision_function,,u_849ceb50b371e442,1,2,official,principal
4424,1,1,0.24079694283660769,decision_function,,u_849ceb50b371e442,1,2,official,principal
1502,0,0,-0.7910544111972916,decision_function,,u_849ceb50b371e442,1,2,official,principal
860,0,0,-1.318833830637721,decision_function,,u_849ceb50b371e442,1,2,official,principal
5445,0,0,-0.6515761115819519,decision_function,,u_849ceb50b371e442,1,2,official,principal
3827,0,0,-0.9140727210387344,decision_function,,u_849ceb50b371e442,1,2,official,principal
5014,0,0,-0.7293201947213166,decision_function,,u_849ceb50b371e442,1,2,official,principal
1149,1,1,0.923706085630078,decision_function,,u_849ceb50b371e442,1,2,official,principal
6990,0,1,0.5942100077268335,decision_function,,u_849ceb50b371e442,1,2,official,principal
1678,0,0,-1.1422965899559774,decision_function,,u_849ceb50b371e442,1,2,official,principal
6957,0,1,0.9672352265001971,decision_function,,u_849ceb50b371e442,1,2,official,principal
6575,0,0,-0.42306683936703626,decision_function,,u_849ceb50b371e442,1,2,official,principal
2574,1,1,0.7912445626758993,decision_function,,u_849ceb50b371e442,1,2,official,principal
5403,0,0,-0.49527434308410656,decision_function,,u_849ceb50b371e442,1,2,official,principal
3947,0,0,-0.030478721111887985,decision_function,,u_849ceb50b371e442,1,2,official,principal
1357,0,1,0.01769732845568983,decision_function,,u_849ceb50b371e442,1,2,official,principal
1386,0,0,-1.437606295396153,decision_function,,u_849ceb50b371e442,1,2,official,principal
4701,0,1,1.4877903943647268,decision_function,,u_849ceb50b371e442,1,2,official,principal
3213,0,0,-1.44481965495319,decision_function,,u_849ceb50b371e442,1,2,official,principal
6536,0,0,-0.0181588445409282,decision_function,,u_849ceb50b371e442,1,2,official,principal
3406,0,0,-1.42099892168474,decision_function,,u_849ceb50b371e442,1,2,official,principal
1078,0,0,-0.46482949549469477,decision_function,,u_849ceb50b371e442,1,2,official,principal
3849,1,0,-0.5762191685161012,decision_function,,u_849ceb50b371e442,1,2,official,principal
5307,0,1,1.6153076067595256,decision_function,,u_849ceb50b371e442,1,2,official,principal
3168,0,0,-1.567689430609752,decision_function,,u_849ceb50b371e442,1,2,official,principal
4159,0,0,-0.07195245471463863,decision_function,,u_849ceb50b371e442,1,2,official,principal
3865,0,0,-0.5552693108260865,decision_function,,u_849ceb50b371e442,1,2,official,principal
5549,1,1,1.4597571482594784,decision_function,,u_849ceb50b371e442,1,2,official,principal
1647,1,1,0.9009892598579936,decision_function,,u_849ceb50b371e442,1,2,official,principal
1943,0,1,0.5212242087939909,decision_function,,u_849ceb50b371e442,1,2,official,principal
1545,0,0,-0.4523910987200792,decision_function,,u_849ceb50b371e442,1,2,official,principal
4980,0,0,-0.8878753975209521,decision_function,,u_849ceb50b371e442,1,2,official,principal
6798,0,1,0.7039096485732492,decision_function,,u_849ceb50b371e442,1,2,official,principal
5289,0,0,-1.0205534301127077,decision_function,,u_849ceb50b371e442,1,2,official,principal
4463,1,1,1.3730920840784628,decision_function,,u_849ceb50b371e442,1,2,official,principal
6359,0,0,-0.6529782691677288,decision_function,,u_849ceb50b371e442,1,2,official,principal
4804,0,0,-0.620933083587883,decision_function,,u_849ceb50b371e442,1,2,official,principal
5182,0,0,-0.9464581258055403,decision_function,,u_849ceb50b371e442,1,2,official,principal
136,0,1,0.3749694123768792,decision_function,,u_849ceb50b371e442,1,2,official,principal
3588,0,1,0.45270866572423896,decision_function,,u_849ceb50b371e442,1,2,official,principal
2166,0,0,-0.7080571408220987,decision_function,,u_849ceb50b371e442,1,2,official,principal
5111,1,0,-0.22624975786404922,decision_function,,u_849ceb50b371e442,1,2,official,principal
4279,0,0,-0.724783039367238,decision_function,,u_849ceb50b371e442,1,2,official,principal
6767,0,0,-1.1718394292433116,decision_function,,u_849ceb50b371e442,1,2,official,principal
4321,0,1,1.0792227106327703,decision_function,,u_849ceb50b371e442,1,2,official,principal
1409,0,1,0.17974190587640515,decision_function,,u_849ceb50b371e442,1,2,official,principal
2060,0,0,-1.6780987451596228,decision_function,,u_849ceb50b371e442,1,2,official,principal
2462,0,1,0.05966283432862918,decision_function,,u_849ceb50b371e442,1,2,official,principal
5973,0,0,-0.4827630949680718,decision_function,,u_849ceb50b371e442,1,2,official,principal
289,1,1,0.2064165737578454,decision_function,,u_849ceb50b371e442,1,2,official,principal
4342,0,0,-1.0673781709099932,decision_function,,u_849ceb50b371e442,1,2,official,principal
2864,0,1,0.28060897334202584,decision_function,,u_849ceb50b371e442,1,2,official,principal
2033,1,0,-0.30483381438685986,decision_function,,u_849ceb50b371e442,1,2,official,principal
3605,0,0,-0.030207221897861958,decision_function,,u_849ceb50b371e442,1,2,official,principal
280,0,0,-0.22474734119946782,decision_function,,u_849ceb50b371e442,1,2,official,principal
1930,0,1,0.07848931709247986,decision_function,,u_849ceb50b371e442,1,2,official,principal
4222,0,0,-0.8129357847001837,decision_function,,u_849ceb50b371e442,1,2,official,principal
839,0,0,-1.5707850597732753,decision_function,,u_849ceb50b371e442,1,2,official,principal
6275,0,0,-1.846228467295617,decision_function,,u_849ceb50b371e442,1,2,official,principal
506,0,1,0.732907695448558,decision_function,,u_849ceb50b371e442,1,2,official,principal
5434,0,1,0.2532772883964449,decision_function,,u_849ceb50b371e442,1,2,official,principal
6526,1,0,-0.38031476686478083,decision_function,,u_849ceb50b371e442,1,2,official,principal
5295,0,0,-0.10173728243855673,decision_function,,u_849ceb50b371e442,1,2,official,principal
2703,1,1,0.48781470590167153,decision_function,,u_849ceb50b371e442,1,2,official,principal
2537,0,0,-1.4190402364176133,decision_function,,u_849ceb50b371e442,1,2,official,principal
824,0,0,-1.5915849266673543,decision_function,,u_849ceb50b371e442,1,2,official,principal
908,0,0,-0.7766636373833729,decision_function,,u_849ceb50b371e442,1,2,official,principal
6823,0,1,0.27729304541933986,decision_function,,u_849ceb50b371e442,1,2,official,principal
3210,0,0,-2.017421174996068,decision_function,,u_849ceb50b371e442,1,2,official,principal
25,0,0,-0.4478504920950662,decision_function,,u_849ceb50b371e442,1,2,official,principal
2379,1,1,0.6625342325913326,decision_function,,u_849ceb50b371e442,1,2,official,principal
6078,0,0,-0.9769356524970101,decision_function,,u_849ceb50b371e442,1,2,official,principal
6325,1,1,0.4181459614088252,decision_function,,u_849ceb50b371e442,1,2,official,principal
1257,0,0,-0.48378391944457,decision_function,,u_849ceb50b371e442,1,2,official,principal
6216,0,0,-1.9380125597000568,decision_function,,u_849ceb50b371e442,1,2,official,principal
4116,0,0,-1.299872772251696,decision_function,,u_849ceb50b371e442,1,2,official,principal
3746,1,1,1.3257097096564345,decision_function,,u_849ceb50b371e442,1,2,official,principal
6844,0,0,-0.01164132281920538,decision_function,,u_849ceb50b371e442,1,2,official,principal
6893,1,0,-0.28948803631323017,decision_function,,u_849ceb50b371e442,1,2,official,principal
1524,0,0,-0.4663620299390613,decision_function,,u_849ceb50b371e442,1,2,official,principal
2196,0,0,-1.0229807437488505,decision_function,,u_849ceb50b371e442,1,2,official,principal
2621,0,0,-1.5238243270559098,decision_function,,u_849ceb50b371e442,1,2,official,principal
379,0,1,0.3146449305261678,decision_function,,u_849ceb50b371e442,1,2,official,principal
3929,0,0,-1.0950853879760127,decision_function,,u_849ceb50b371e442,1,2,official,principal
7026,1,1,0.2889680933756986,decision_function,,u_849ceb50b371e442,1,2,official,principal
3221,0,1,0.360405863002087,decision_function,,u_849ceb50b371e442,1,2,official,principal
2366,1,1,1.5706723811496606,decision_function,,u_849ceb50b371e442,1,2,official,principal
6255,0,0,-0.9902681542191782,decision_function,,u_849ceb50b371e442,1,2,official,principal
5638,1,0,-0.1575575352734604,decision_function,,u_849ceb50b371e442,1,2,official,principal
6606,1,1,0.6339449537915456,decision_function,,u_849ceb50b371e442,1,2,official,principal
1796,0,1,0.11565999126560222,decision_function,,u_849ceb50b371e442,1,2,official,principal
2682,1,1,0.20579714767054047,decision_function,,u_849ceb50b371e442,1,2,official,principal
6517,0,1,0.5048451709661272,decision_function,,u_849ceb50b371e442,1,2,official,principal
1217,0,0,-1.7098970083657128,decision_function,,u_849ceb50b371e442,1,2,official,principal
5124,0,0,-1.422418823774506,decision_function,,u_849ceb50b371e442,1,2,official,principal
5856,0,1,0.14167827294900515,decision_function,,u_849ceb50b371e442,1,2,official,principal
5136,0,1,1.2784623124994428,decision_function,,u_849ceb50b371e442,1,2,official,principal
398,0,1,0.3004481270365471,decision_function,,u_849ceb50b371e442,1,2,official,principal
918,0,1,0.916120342023792,decision_function,,u_849ceb50b371e442,1,2,official,principal
6759,0,0,-0.3266625361642219,decision_function,,u_849ceb50b371e442,1,2,official,principal
3562,1,1,1.7532281121736972,decision_function,,u_849ceb50b371e442,1,2,official,principal
3120,0,0,-1.7668228969138093,decision_function,,u_849ceb50b371e442,1,2,official,principal
5290,0,0,-2.0183032107177397,decision_function,,u_849ceb50b371e442,1,2,official,principal
4617,0,0,-0.22215874030060268,decision_function,,u_849ceb50b371e442,1,2,official,principal
1642,0,0,-1.0892745135188302,decision_function,,u_849ceb50b371e442,1,2,official,principal
5104,0,0,-1.1626659586013317,decision_function,,u_849ceb50b371e442,1,2,official,principal
4807,0,0,-0.24741986630145663,decision_function,,u_849ceb50b371e442,1,2,official,principal
5800,0,1,0.6037856905383736,decision_function,,u_849ceb50b371e442,1,2,official,principal
3558,0,1,0.11748472994310366,decision_function,,u_849ceb50b371e442,1,2,official,principal
6819,1,1,0.3979671324351275,decision_function,,u_849ceb50b371e442,1,2,official,principal
5644,1,1,1.1537291474998852,decision_function,,u_849ceb50b371e442,1,2,official,principal
4138,1,1,1.6314016394334379,decision_function,,u_849ceb50b371e442,1,2,official,principal
460,0,0,-0.776207057998766,decision_function,,u_849ceb50b371e442,1,2,official,principal
3199,0,0,-1.8799190239564858,decision_function,,u_849ceb50b371e442,1,2,official,principal
2332,0,0,-0.9889462208354806,decision_function,,u_849ceb50b371e442,1,2,official,principal
5682,0,1,0.5161082471248599,decision_function,,u_849ceb50b371e442,1,2,official,principal
6859,0,0,-1.4996489968886766,decision_function,,u_849ceb50b371e442,1,2,official,principal
2418,0,1,0.7283285411655898,decision_function,,u_849ceb50b371e442,1,2,official,principal
6784,0,0,-0.6677226832136312,decision_function,,u_849ceb50b371e442,1,2,official,principal
6035,1,0,-0.4050970861460419,decision_function,,u_849ceb50b371e442,1,2,official,principal
2929,0,0,-1.7508096736452092,decision_function,,u_849ceb50b371e442,1,2,official,principal
2177,0,0,-0.9541069436100172,decision_function,,u_849ceb50b371e442,1,2,official,principal
2632,0,0,-1.046132526944727,decision_function,,u_849ceb50b371e442,1,2,official,principal
4787,0,0,-0.18465247035225119,decision_function,,u_849ceb50b371e442,1,2,official,principal
1976,1,1,2.049844153042054,decision_function,,u_849ceb50b371e442,1,2,official,principal
762,1,1,1.2919785739767902,decision_function,,u_849ceb50b371e442,1,2,official,principal
5757,0,0,-0.7426265889436343,decision_function,,u_849ceb50b371e442,1,2,official,principal
2977,0,0,-0.31573553789743203,decision_function,,u_849ceb50b371e442,1,2,official,principal
2215,0,0,-1.7155656701620725,decision_function,,u_849ceb50b371e442,1,2,official,principal
5042,0,0,-1.3879086552151687,decision_function,,u_849ceb50b371e442,1,2,official,principal
3572,0,1,0.9746480129109318,decision_function,,u_849ceb50b371e442,1,2,official,principal
565,0,0,-1.91619445515951,decision_function,,u_849ceb50b371e442,1,2,official,principal
4888,0,0,-0.006582715423170127,decision_function,,u_849ceb50b371e442,1,2,official,principal
2948,1,1,0.981191474511107,decision_function,,u_849ceb50b371e442,1,2,official,principal
1979,0,0,-1.4712325670345252,decision_function,,u_849ceb50b371e442,1,2,official,principal
2406,1,1,1.6663019120817106,decision_function,,u_849ceb50b371e442,1,2,official,principal
1344,0,0,-1.0639198243726717,decision_function,,u_849ceb50b371e442,1,2,official,principal
6953,1,1,1.5363739460356578,decision_function,,u_849ceb50b371e442,1,2,official,principal
6052,0,0,-1.0159742185739,decision_function,,u_849ceb50b371e442,1,2,official,principal
6296,0,0,-0.6086277546514413,decision_function,,u_849ceb50b371e442,1,2,official,principal
2309,0,0,-0.5876166260425247,decision_function,,u_849ceb50b371e442,1,2,official,principal
6790,0,0,-1.6341305984275352,decision_function,,u_849ceb50b371e442,1,2,official,principal
89,0,0,-0.390111943294817,decision_function,,u_849ceb50b371e442,1,2,official,principal
3594,0,1,0.33525050054865857,decision_function,,u_849ceb50b371e442,1,2,official,principal
3033,0,0,-0.8472570306966953,decision_function,,u_849ceb50b371e442,1,2,official,principal
2979,0,0,-0.8567337961495007,decision_function,,u_849ceb50b371e442,1,2,official,principal
5893,0,0,-0.773289815295495,decision_function,,u_849ceb50b371e442,1,2,official,principal
2966,0,1,0.9631513214117293,decision_function,,u_849ceb50b371e442,1,2,official,principal
1741,0,1,0.4099097258868729,decision_function,,u_849ceb50b371e442,1,2,official,principal
5126,0,0,-0.3443118087452116,decision_function,,u_849ceb50b371e442,1,2,official,principal
2096,1,0,-0.16490592919511227,decision_function,,u_849ceb50b371e442,1,2,official,principal
5712,0,0,-0.612156716427816,decision_function,,u_849ceb50b371e442,1,2,official,principal
3289,0,1,0.18941530646699345,decision_function,,u_849ceb50b371e442,1,2,official,principal
1091,0,0,-0.3459416059327588,decision_function,,u_849ceb50b371e442,1,2,official,principal
5305,0,0,-0.6186716278616096,decision_function,,u_849ceb50b371e442,1,2,official,principal
5391,0,0,-0.09832586691784773,decision_function,,u_849ceb50b371e442,1,2,official,principal
5153,0,1,0.7910786681079338,decision_function,,u_849ceb50b371e442,1,2,official,principal
2288,0,1,1.0602451167657747,decision_function,,u_849ceb50b371e442,1,2,official,principal
4035,0,0,-0.4389881911385656,decision_function,,u_849ceb50b371e442,1,2,official,principal
937,1,1,1.1162272456924185,decision_function,,u_849ceb50b371e442,1,2,official,principal
2026,0,0,-0.9962186765753099,decision_function,,u_849ceb50b371e442,1,2,official,principal
3894,0,0,-1.391236259736523,decision_function,,u_849ceb50b371e442,1,2,official,principal
5165,1,1,1.5619817865301957,decision_function,,u_849ceb50b371e442,1,2,official,principal
947,0,1,0.599067772419718,decision_function,,u_849ceb50b371e442,1,2,official,principal
3232,0,0,-1.4169082715922632,decision_function,,u_849ceb50b371e442,1,2,official,principal
4974,1,0,-0.06645370120607041,decision_function,,u_849ceb50b371e442,1,2,official,principal
5152,0,0,-1.6175341927556797,decision_function,,u_849ceb50b371e442,1,2,official,principal
6813,1,0,-1.5447408448150952,decision_function,,u_849ceb50b371e442,1,2,official,principal
4644,0,0,-0.1212428077919836,decision_function,,u_849ceb50b371e442,1,2,official,principal
1226,0,0,-1.9977884730337694,decision_function,,u_849ceb50b371e442,1,2,official,principal
5210,1,0,-0.8156558517197438,decision_function,,u_849ceb50b371e442,1,2,official,principal
5769,0,0,-1.0655191001583657,decision_function,,u_849ceb50b371e442,1,2,official,principal
5186,1,1,1.0534048624068364,decision_function,,u_849ceb50b371e442,1,2,official,principal
1372,0,1,0.5281306968368458,decision_function,,u_849ceb50b371e442,1,2,official,principal
3825,0,0,-1.9268553008109992,decision_function,,u_849ceb50b371e442,1,2,official,principal
104,1,0,-0.8738282564819816,decision_function,,u_849ceb50b371e442,1,2,official,principal
4949,1,1,0.5696637926686894,decision_function,,u_849ceb50b371e442,1,2,official,principal
1233,0,0,-2.082177883225455,decision_function,,u_849ceb50b371e442,1,2,official,principal
4634,0,0,-0.4157762161819466,decision_function,,u_849ceb50b371e442,1,2,official,principal
739,0,0,-1.445829742292681,decision_function,,u_849ceb50b371e442,1,2,official,principal
1663,1,1,0.5115566303254113,decision_function,,u_849ceb50b371e442,1,2,official,principal
5417,0,0,-0.4279099762203127,decision_function,,u_849ceb50b371e442,1,2,official,principal
6357,1,0,-1.0316724120244718,decision_function,,u_849ceb50b371e442,1,2,official,principal
59,0,0,-0.8921771556989022,decision_function,,u_849ceb50b371e442,1,2,official,principal
4384,1,1,0.7876978731552573,decision_function,,u_849ceb50b371e442,1,2,official,principal
5467,0,0,-0.897417185624958,decision_function,,u_849ceb50b371e442,1,2,official,principal
3754,0,0,-0.5339196919607716,decision_function,,u_849ceb50b371e442,1,2,official,principal
6870,0,1,0.027044453160752102,decision_function,,u_849ceb50b371e442,1,2,official,principal
5731,0,0,-0.4727960893918084,decision_function,,u_849ceb50b371e442,1,2,official,principal
2100,0,0,-0.8415099181680046,decision_function,,u_849ceb50b371e442,1,2,official,principal
5843,0,1,0.20416246872224386,decision_function,,u_849ceb50b371e442,1,2,official,principal
6358,0,0,-1.7411340050909165,decision_function,,u_849ceb50b371e442,1,2,official,principal
2947,0,0,-0.1825725455322864,decision_function,,u_849ceb50b371e442,1,2,official,principal
6066,1,1,1.498819870163923,decision_function,,u_849ceb50b371e442,1,2,official,principal
5599,1,1,0.7471918367828254,decision_function,,u_849ceb50b371e442,1,2,official,principal
5741,1,1,1.3470410948586007,decision_function,,u_849ceb50b371e442,1,2,official,principal
3336,0,0,-1.9751666064679783,decision_function,,u_849ceb50b371e442,1,2,official,principal
6708,1,1,1.3801689758422893,decision_function,,u_849ceb50b371e442,1,2,official,principal
5454,1,1,1.5262010809468969,decision_function,,u_849ceb50b371e442,1,2,official,principal
4368,1,1,1.6208546610828944,decision_function,,u_849ceb50b371e442,1,2,official,principal
2953,1,1,0.9273879424739191,decision_function,,u_849ceb50b371e442,1,2,official,principal
3181,0,0,-1.6735218704029926,decision_function,,u_849ceb50b371e442,1,2,official,principal
5353,0,0,-0.06781433076302679,decision_function,,u_849ceb50b371e442,1,2,official,principal
3919,1,1,1.4292160155589795,decision_function,,u_849ceb50b371e442,1,2,official,principal
4380,0,0,-0.9568273669518863,decision_function,,u_849ceb50b371e442,1,2,official,principal
6007,0,0,-1.0136132582755262,decision_function,,u_849ceb50b371e442,1,2,official,principal
4331,0,0,-1.9387429316486209,decision_function,,u_849ceb50b371e442,1,2,official,principal
3351,1,0,-0.2617314400965569,decision_function,,u_849ceb50b371e442,1,2,official,principal
6962,1,1,1.0646394914084285,decision_function,,u_849ceb50b371e442,1,2,official,principal
5873,0,1,0.7804973725169375,decision_function,,u_849ceb50b371e442,1,2,official,principal
486,0,1,1.4180326415891218,decision_function,,u_849ceb50b371e442,1,2,official,principal
2378,1,1,0.5242787637819843,decision_function,,u_849ceb50b371e442,1,2,official,principal
2958,0,0,-0.49788217172700144,decision_function,,u_849ceb50b371e442,1,2,official,principal
5112,1,0,-0.6181507406921012,decision_function,,u_849ceb50b371e442,1,2,official,principal
1013,0,1,0.4551011922548611,decision_function,,u_849ceb50b371e442,1,2,official,principal
6868,1,1,1.4557119929247173,decision_function,,u_849ceb50b371e442,1,2,official,principal
2141,0,0,-0.5851374058657809,decision_function,,u_849ceb50b371e442,1,2,official,principal
5306,1,1,0.9953997787679636,decision_function,,u_849ceb50b371e442,1,2,official,principal
540,0,0,-1.3525476932609064,decision_function,,u_849ceb50b371e442,1,2,official,principal
2242,0,0,-1.3750207112767088,decision_function,,u_849ceb50b371e442,1,2,official,principal
5994,1,1,0.5747349936481856,decision_function,,u_849ceb50b371e442,1,2,official,principal
3257,0,1,0.7793138468888727,decision_function,,u_849ceb50b371e442,1,2,official,principal
5641,0,0,-1.5180956583924117,decision_function,,u_849ceb50b371e442,1,2,official,principal
1,0,0,-1.0980809656496455,decision_function,,u_849ceb50b371e442,1,2,official,principal
2269,1,1,0.7860872298176507,decision_function,,u_849ceb50b371e442,1,2,official,principal
6617,0,0,-0.8746501253179138,decision_function,,u_849ceb50b371e442,1,2,official,principal
4762,0,1,0.19855832316988598,decision_function,,u_849ceb50b371e442,1,2,official,principal
3017,0,0,-0.9777920864599299,decision_function,,u_849ceb50b371e442,1,2,official,principal
1203,0,0,-1.8271216353845028,decision_function,,u_849ceb50b371e442,1,2,official,principal
410,1,1,1.5653549118721435,decision_function,,u_849ceb50b371e442,1,2,official,principal
1591,0,0,-0.7659301062384313,decision_function,,u_849ceb50b371e442,1,2,official,principal
2660,0,0,-0.14237401549991335,decision_function,,u_849ceb50b371e442,1,2,official,principal
5426,0,0,-0.7773076440101372,decision_function,,u_849ceb50b371e442,1,2,official,principal
877,0,0,-1.501641883556506,decision_function,,u_849ceb50b371e442,1,2,official,principal
1839,0,0,-0.4568255469088639,decision_function,,u_849ceb50b371e442,1,2,official,principal
862,1,1,0.9891204222768522,decision_function,,u_849ceb50b371e442,1,2,official,principal
3318,1,0,-0.19169267523961842,decision_function,,u_849ceb50b371e442,1,2,official,principal
5537,0,0,-0.9979177285781609,decision_function,,u_849ceb50b371e442,1,2,official,principal
1919,1,1,0.17931860307412606,decision_function,,u_849ceb50b371e442,1,2,official,principal
4276,1,1,0.34131497032965963,decision_function,,u_849ceb50b371e442,1,2,official,principal
509,0,0,-0.5340170524849555,decision_function,,u_849ceb50b371e442,1,2,official,principal
624,1,0,-0.5490223145758937,decision_function,,u_849ceb50b371e442,1,2,official,principal
2151,0,0,-1.667420085402747,decision_function,,u_849ceb50b371e442,1,2,official,principal
2532,0,1,0.05097188302428157,decision_function,,u_849ceb50b371e442,1,2,official,principal
2203,0,0,-1.59583808070381,decision_function,,u_849ceb50b371e442,1,2,official,principal
6736,0,0,-1.9686170825301708,decision_function,,u_849ceb50b371e442,1,2,official,principal
2912,0,1,0.9343352696903835,decision_function,,u_849ceb50b371e442,1,2,official,principal
1964,0,0,-1.6930403399615312,decision_function,,u_849ceb50b371e442,1,2,official,principal
566,0,1,0.32479216497875263,decision_function,,u_849ceb50b371e442,1,2,official,principal
159,0,0,-0.7714578082714558,decision_function,,u_849ceb50b371e442,1,2,official,principal
235,1,1,0.4142422212896768,decision_function,,u_849ceb50b371e442,1,2,official,principal
3393,0,0,-0.58617251086493,decision_function,,u_849ceb50b371e442,1,2,official,principal
2183,0,1,0.20843746125215667,decision_function,,u_849ceb50b371e442,1,2,official,principal
1320,0,0,-0.60995972597914,decision_function,,u_849ceb50b371e442,1,2,official,principal
1779,0,1,1.2891666756356257,decision_function,,u_849ceb50b371e442,1,2,official,principal
3696,1,1,0.3501166958569535,decision_function,,u_849ceb50b371e442,1,2,official,principal
6914,1,1,0.8105800974468937,decision_function,,u_849ceb50b371e442,1,2,official,principal
1575,1,0,-0.2770720433080196,decision_function,,u_849ceb50b371e442,1,2,official,principal
6553,0,0,-1.333511412775537,decision_function,,u_849ceb50b371e442,1,2,official,principal
2787,0,0,-2.205957528444721,decision_function,,u_849ceb50b371e442,1,2,official,principal
6406,0,0,-0.1328270397357778,decision_function,,u_849ceb50b371e442,1,2,official,principal
2717,0,0,-1.967359502231658,decision_function,,u_849ceb50b371e442,1,2,official,principal
285,0,1,0.32925507446674485,decision_function,,u_849ceb50b371e442,1,2,official,principal
1274,0,0,-0.6872298495464411,decision_function,,u_849ceb50b371e442,1,2,official,principal
31,0,1,1.5590677516034444,decision_function,,u_849ceb50b371e442,1,2,official,principal
5879,0,0,-1.139265712449894,decision_function,,u_849ceb50b371e442,1,2,official,principal
4987,0,0,-1.9817243369343207,decision_function,,u_849ceb50b371e442,1,2,official,principal
1493,0,1,0.623670983057826,decision_function,,u_849ceb50b371e442,1,2,official,principal
6903,0,0,-0.3926082891326156,decision_function,,u_849ceb50b371e442,1,2,official,principal
174,0,0,-1.3537410795835825,decision_function,,u_849ceb50b371e442,1,2,official,principal
361,0,0,-0.18331933474241713,decision_function,,u_849ceb50b371e442,1,2,official,principal
2882,0,1,0.9207821102425215,decision_function,,u_849ceb50b371e442,1,2,official,principal
3184,0,0,-1.4510864618087087,decision_function,,u_849ceb50b371e442,1,2,official,principal
6616,1,1,0.7043173451470788,decision_function,,u_849ceb50b371e442,1,2,official,principal
3328,0,1,1.3811688771692359,decision_function,,u_849ceb50b371e442,1,2,official,principal
4751,1,0,-0.6000944134865471,decision_function,,u_849ceb50b371e442,1,2,official,principal
5737,0,1,0.03283860484551182,decision_function,,u_849ceb50b371e442,1,2,official,principal
5009,0,0,-1.3200053907551115,decision_function,,u_849ceb50b371e442,1,2,official,principal
4482,1,1,1.3615009915441154,decision_function,,u_849ceb50b371e442,1,2,official,principal
5981,0,0,-1.4356809255874377,decision_function,,u_849ceb50b371e442,1,2,official,principal
2619,1,1,0.91372580283096,decision_function,,u_849ceb50b371e442,1,2,official,principal
109,0,0,-2.255348312022789,decision_function,,u_849ceb50b371e442,1,2,official,principal
4182,1,1,0.8558850483987672,decision_function,,u_849ceb50b371e442,1,2,official,principal
2507,0,0,-1.473971932414807,decision_function,,u_849ceb50b371e442,1,2,official,principal
6172,1,1,1.1007816959695964,decision_function,,u_849ceb50b371e442,1,2,official,principal
5455,0,0,-0.574774574366079,decision_function,,u_849ceb50b371e442,1,2,official,principal
4467,0,0,-1.0411721699721561,decision_function,,u_849ceb50b371e442,1,2,official,principal
4167,0,0,-0.7958633243459976,decision_function,,u_849ceb50b371e442,1,2,official,principal
4269,1,1,0.22279438787075967,decision_function,,u_849ceb50b371e442,1,2,official,principal
847,0,0,-1.0990653269475488,decision_function,,u_849ceb50b371e442,1,2,official,principal
1145,0,1,0.10065009330418695,decision_function,,u_849ceb50b371e442,1,2,official,principal
1971,0,0,-0.9613745259532395,decision_function,,u_849ceb50b371e442,1,2,official,principal
5827,0,1,0.335964192363871,decision_function,,u_849ceb50b371e442,1,2,official,principal
5832,1,1,0.7836534706950522,decision_function,,u_849ceb50b371e442,1,2,official,principal
1349,0,0,-0.18149770062256576,decision_function,,u_849ceb50b371e442,1,2,official,principal
77,0,0,-0.39008356727931226,decision_function,,u_849ceb50b371e442,1,2,official,principal
1859,1,1,0.17727660404719114,decision_function,,u_849ceb50b371e442,1,2,official,principal
720,0,0,-1.078783778146153,decision_function,,u_849ceb50b371e442,1,2,official,principal
2245,0,0,-1.0263594032234833,decision_function,,u_849ceb50b371e442,1,2,official,principal
6699,0,0,-1.5716552942391036,decision_function,,u_849ceb50b371e442,1,2,official,principal
572,0,0,-0.42339968173463227,decision_function,,u_849ceb50b371e442,1,2,official,principal
7014,0,1,0.5987276243872663,decision_function,,u_849ceb50b371e442,1,2,official,principal
5342,1,1,0.30095779791173505,decision_function,,u_849ceb50b371e442,1,2,official,principal
3733,0,0,-1.2116603421732295,decision_function,,u_849ceb50b371e442,1,2,official,principal
1937,0,0,-1.1988297716736191,decision_function,,u_849ceb50b371e442,1,2,official,principal
4294,0,1,0.421517889264573,decision_function,,u_849ceb50b371e442,1,2,official,principal
5861,0,0,-1.4579081793041175,decision_function,,u_849ceb50b371e442,1,2,official,principal
994,0,0,-0.9960110477411606,decision_function,,u_849ceb50b371e442,1,2,official,principal
4783,0,0,-1.380284361166467,decision_function,,u_849ceb50b371e442,1,2,official,principal
330,0,0,-1.377220184595405,decision_function,,u_849ceb50b371e442,1,2,official,principal
5411,1,1,0.7649590621610176,decision_function,,u_849ceb50b371e442,1,2,official,principal
604,0,0,-0.001541636230115273,decision_function,,u_849ceb50b371e442,1,2,official,principal
6607,1,1,0.4763656272959922,decision_function,,u_849ceb50b371e442,1,2,official,principal
6176,1,1,0.35463432155828367,decision_function,,u_849ceb50b371e442,1,2,official,principal
1419,0,0,-1.909086059063245,decision_function,,u_849ceb50b371e442,1,2,official,principal
6516,1,1,0.40274979878977946,decision_function,,u_849ceb50b371e442,1,2,official,principal
2777,0,0,-0.3325924871233008,decision_function,,u_849ceb50b371e442,1,2,official,principal
3343,0,0,-1.0622446360653222,decision_function,,u_849ceb50b371e442,1,2,official,principal
6524,1,1,1.287747422290604,decision_function,,u_849ceb50b371e442,1,2,official,principal
1167,0,0,-0.36014248815285166,decision_function,,u_849ceb50b371e442,1,2,official,principal
2592,0,0,-0.7366470568276532,decision_function,,u_849ceb50b371e442,1,2,official,principal
205,0,0,-0.32929759010985127,decision_function,,u_849ceb50b371e442,1,2,official,principal
4196,0,0,-2.1824494288288028,decision_function,,u_849ceb50b371e442,1,2,official,principal
4356,0,0,-0.5880257233039397,decision_function,,u_849ceb50b371e442,1,2,official,principal
3977,0,0,-1.0937076633841718,decision_function,,u_849ceb50b371e442,1,2,official,principal
6920,0,0,-1.3912615693189707,decision_function,,u_849ceb50b371e442,1,2,official,principal
1085,1,1,1.2784601735365884,decision_function,,u_849ceb50b371e442,1,2,official,principal
4952,0,1,1.2578806471733468,decision_function,,u_849ceb50b371e442,1,2,official,principal
5746,1,1,0.8915600123972636,decision_function,,u_849ceb50b371e442,1,2,official,principal
480,0,0,-1.1628568353250137,decision_function,,u_849ceb50b371e442,1,2,official,principal
6305,1,1,0.9361639384176856,decision_function,,u_849ceb50b371e442,1,2,official,principal
6651,0,0,-0.8553715801025211,decision_function,,u_849ceb50b371e442,1,2,official,principal
5823,0,0,-0.6869132343632367,decision_function,,u_849ceb50b371e442,1,2,official,principal
5146,0,1,1.044870445329314,decision_function,,u_849ceb50b371e442,1,2,official,principal
3842,0,1,0.5838379622039691,decision_function,,u_849ceb50b371e442,1,2,official,principal
2314,0,0,-1.7387207248995278,decision_function,,u_849ceb50b371e442,1,2,official,principal
3924,1,0,-0.45129821696954964,decision_function,,u_849ceb50b371e442,1,2,official,principal
6450,0,0,-1.4567286573459457,decision_function,,u_849ceb50b371e442,1,2,official,principal
3135,1,1,0.841912252200556,decision_function,,u_849ceb50b371e442,1,2,official,principal
550,0,0,-1.0842176409797746,decision_function,,u_849ceb50b371e442,1,2,official,principal
1982,0,0,-0.9049660040801305,decision_function,,u_849ceb50b371e442,1,2,official,principal
2158,0,0,-1.0049196446297128,decision_function,,u_849ceb50b371e442,1,2,official,principal
2169,0,0,-1.6826303698611804,decision_function,,u_849ceb50b371e442,1,2,official,principal
200,0,0,-0.051260234609069144,decision_function,,u_849ceb50b371e442,1,2,official,principal
5632,0,0,-1.8332618782462289,decision_function,,u_849ceb50b371e442,1,2,official,principal
4189,0,0,-2.1226552461010244,decision_function,,u_849ceb50b371e442,1,2,official,principal
1938,0,0,-0.5177225550318095,decision_function,,u_849ceb50b371e442,1,2,official,principal
3607,0,0,-0.8662379249172591,decision_function,,u_849ceb50b371e442,1,2,official,principal
2916,0,0,-1.0397510165806954,decision_function,,u_849ceb50b371e442,1,2,official,principal
5645,0,0,-1.2934937195971608,decision_function,,u_849ceb50b371e442,1,2,official,principal
2706,1,1,1.1287907182741452,decision_function,,u_849ceb50b371e442,1,2,official,principal
1668,0,1,0.1642570698414818,decision_function,,u_849ceb50b371e442,1,2,official,principal
6380,0,1,0.20902875939571985,decision_function,,u_849ceb50b371e442,1,2,official,principal
464,0,0,-1.0216793082627964,decision_function,,u_849ceb50b371e442,1,2,official,principal
3308,0,0,-0.9958646633453059,decision_function,,u_849ceb50b371e442,1,2,official,principal
6341,1,1,1.397972890675539,decision_function,,u_849ceb50b371e442,1,2,official,principal
2116,1,1,0.6497222087248242,decision_function,,u_849ceb50b371e442,1,2,official,principal
3241,1,0,-0.5331432031765283,decision_function,,u_849ceb50b371e442,1,2,official,principal
3645,0,0,-0.7039122496621594,decision_function,,u_849ceb50b371e442,1,2,official,principal
5525,0,0,-1.6156424204264939,decision_function,,u_849ceb50b371e442,1,2,official,principal
2128,0,0,-0.6207832008304345,decision_function,,u_849ceb50b371e442,1,2,official,principal
6797,0,1,0.3508912663755053,decision_function,,u_849ceb50b371e442,1,2,official,principal
6762,1,0,-0.3833891240012641,decision_function,,u_849ceb50b371e442,1,2,official,principal
633,0,0,-1.062319503856952,decision_function,,u_849ceb50b371e442,1,2,official,principal
1612,1,0,-0.9567184691772952,decision_function,,u_849ceb50b371e442,1,2,official,principal
5904,0,0,-0.645501463532755,decision_function,,u_849ceb50b371e442,1,2,official,principal
6856,0,0,-1.9032835663313825,decision_function,,u_849ceb50b371e442,1,2,official,principal
1181,1,1,0.4554066892756159,decision_function,,u_849ceb50b371e442,1,2,official,principal
5495,1,1,0.9640764071955632,decision_function,,u_849ceb50b371e442,1,2,official,principal
6277,1,0,-0.5754112434292185,decision_function,,u_849ceb50b371e442,1,2,official,principal
2306,0,1,1.304676451023208,decision_function,,u_849ceb50b371e442,1,2,official,principal
1094,0,0,-0.935972943325684,decision_function,,u_849ceb50b371e442,1,2,official,principal
2872,0,0,-1.283381324195664,decision_function,,u_849ceb50b371e442,1,2,official,principal
4777,0,0,-0.02614630407724583,decision_function,,u_849ceb50b371e442,1,2,official,principal
3189,0,0,-0.9633675775441657,decision_function,,u_849ceb50b371e442,1,2,official,principal
4591,0,0,-0.06899670970664173,decision_function,,u_849ceb50b371e442,1,2,official,principal
1908,0,0,-2.0385173776498555,decision_function,,u_849ceb50b371e442,1,2,official,principal
2560,1,1,0.18404214484353276,decision_function,,u_849ceb50b371e442,1,2,official,principal
4616,0,0,-0.027743054367722175,decision_function,,u_849ceb50b371e442,1,2,official,principal
3859,0,0,-0.3744043963559359,decision_function,,u_849ceb50b371e442,1,2,official,principal
780,0,0,-1.6382369576435396,decision_function,,u_849ceb50b371e442,1,2,official,principal
4720,0,0,-0.46959283720360145,decision_function,,u_849ceb50b371e442,1,2,official,principal
858,0,0,-1.3010478770026266,decision_function,,u_849ceb50b371e442,1,2,official,principal
1521,0,0,-1.053116919289438,decision_function,,u_849ceb50b371e442,1,2,official,principal
1319,1,0,-0.44090478176305536,decision_function,,u_849ceb50b371e442,1,2,official,principal
3161,0,0,-1.1098457049092152,decision_function,,u_849ceb50b371e442,1,2,official,principal
4181,0,1,0.21563117146823152,decision_function,,u_849ceb50b371e442,1,2,official,principal
5114,0,1,0.15346443157831025,decision_function,,u_849ceb50b371e442,1,2,official,principal
5064,1,0,-0.011590106229642627,decision_function,,u_849ceb50b371e442,1,2,official,principal
1882,0,0,-0.43145649378731343,decision_function,,u_849ceb50b371e442,1,2,official,principal
1301,0,0,-2.0057494957124264,decision_function,,u_849ceb50b371e442,1,2,official,principal
5366,0,0,-1.1594050541932117,decision_function,,u_849ceb50b371e442,1,2,official,principal
677,1,1,0.7286141598127147,decision_function,,u_849ceb50b371e442,1,2,official,principal
1944,1,0,-0.24981237264498568,decision_function,,u_849ceb50b371e442,1,2,official,principal
693,1,1,1.2154779710180976,decision_function,,u_849ceb50b371e442,1,2,official,principal
1914,0,1,0.5512911923832942,decision_function,,u_849ceb50b371e442,1,2,official,principal
6960,0,1,0.7357555235215101,decision_function,,u_849ceb50b371e442,1,2,official,principal
141,1,1,0.25227817662477015,decision_function,,u_849ceb50b371e442,1,2,official,principal
4515,0,1,0.8350632711952912,decision_function,,u_849ceb50b371e442,1,2,official,principal
5683,1,1,0.21472271967488932,decision_function,,u_849ceb50b371e442,1,2,official,principal
1542,0,0,-1.0379865727335518,decision_function,,u_849ceb50b371e442,1,2,official,principal
5073,0,0,-0.25664790055680986,decision_function,,u_849ceb50b371e442,1,2,official,principal
261,1,1,1.7120037649122206,decision_function,,u_849ceb50b371e442,1,2,official,principal
2658,0,0,-1.236382938632048,decision_function,,u_849ceb50b371e442,1,2,official,principal
5192,0,0,-2.036905277761905,decision_function,,u_849ceb50b371e442,1,2,official,principal
2852,0,0,-1.5590906564681224,decision_function,,u_849ceb50b371e442,1,2,official,principal
2994,0,0,-1.8004842885156567,decision_function,,u_849ceb50b371e442,1,2,official,principal
2839,0,0,-1.6311885628738831,decision_function,,u_849ceb50b371e442,1,2,official,principal
1983,0,0,-0.767017463043865,decision_function,,u_849ceb50b371e442,1,2,official,principal
1437,0,0,-0.3292644735993422,decision_function,,u_849ceb50b371e442,1,2,official,principal
2901,0,0,-0.8872062147086544,decision_function,,u_849ceb50b371e442,1,2,official,principal
220,1,1,1.2869086812671056,decision_function,,u_849ceb50b371e442,1,2,official,principal
759,0,0,-1.5632101973165273,decision_function,,u_849ceb50b371e442,1,2,official,principal
2153,0,1,0.7604401587650027,decision_function,,u_849ceb50b371e442,1,2,official,principal
2394,0,0,-1.0245494032909694,decision_function,,u_849ceb50b371e442,1,2,official,principal
39,1,1,1.347463629264601,decision_function,,u_849ceb50b371e442,1,2,official,principal
668,1,1,0.10356450284282093,decision_function,,u_849ceb50b371e442,1,2,official,principal
4772,0,0,-2.0846534155627627,decision_function,,u_849ceb50b371e442,1,2,official,principal
2065,0,1,0.6484217856844967,decision_function,,u_849ceb50b371e442,1,2,official,principal
1754,0,0,-1.2937546234542827,decision_function,,u_849ceb50b371e442,1,2,official,principal
6756,0,1,1.0909045632723269,decision_function,,u_849ceb50b371e442,1,2,official,principal
2599,0,0,-1.9021926409668688,decision_function,,u_849ceb50b371e442,1,2,official,principal
5565,1,1,0.4449512795790367,decision_function,,u_849ceb50b371e442,1,2,official,principal
1132,1,1,1.2690134208620163,decision_function,,u_849ceb50b371e442,1,2,official,principal
2441,0,1,1.1855265341243684,decision_function,,u_849ceb50b371e442,1,2,official,principal
3243,0,1,0.33317526420867627,decision_function,,u_849ceb50b371e442,1,2,official,principal
4260,0,0,-0.8009082808577991,decision_function,,u_849ceb50b371e442,1,2,official,principal
432,0,1,0.3519121194323567,decision_function,,u_849ceb50b371e442,1,2,official,principal
4146,1,1,0.6190653660104146,decision_function,,u_849ceb50b371e442,1,2,official,principal
2971,0,0,-1.7010214999537803,decision_function,,u_849ceb50b371e442,1,2,official,principal
855,1,0,-0.2292736442431358,decision_function,,u_849ceb50b371e442,1,2,official,principal
1581,0,0,-0.4342883936308559,decision_function,,u_849ceb50b371e442,1,2,official,principal
1550,0,1,1.5254843440097179,decision_function,,u_849ceb50b371e442,1,2,official,principal
1715,0,0,-1.8123771644905604,decision_function,,u_849ceb50b371e442,1,2,official,principal
732,0,1,0.5774822393667154,decision_function,,u_849ceb50b371e442,1,2,official,principal
239,0,0,-1.111521226626452,decision_function,,u_849ceb50b371e442,1,2,official,principal
1243,1,1,0.5227619306695386,decision_function,,u_849ceb50b371e442,1,2,official,principal
2741,1,1,1.888928518648899,decision_function,,u_849ceb50b371e442,1,2,official,principal
4421,0,1,0.08836016936250335,decision_function,,u_849ceb50b371e442,1,2,official,principal
6033,1,1,1.2167099806432298,decision_function,,u_849ceb50b371e442,1,2,official,principal
6082,1,0,-0.010697634342901052,decision_function,,u_849ceb50b371e442,1,2,official,principal
3219,0,0,-1.3065811773847642,decision_function,,u_849ceb50b371e442,1,2,official,principal
3053,0,0,-0.8215926368552507,decision_function,,u_849ceb50b371e442,1,2,official,principal
4091,0,0,-0.039587101067609654,decision_function,,u_849ceb50b371e442,1,2,official,principal
2751,0,0,-0.2961634976308444,decision_function,,u_849ceb50b371e442,1,2,official,principal
5790,0,0,-0.05152543182689473,decision_function,,u_849ceb50b371e442,1,2,official,principal
1463,1,1,1.0828648540762769,decision_function,,u_849ceb50b371e442,1,2,official,principal
3086,0,1,0.7790446828477877,decision_function,,u_849ceb50b371e442,1,2,official,principal
648,1,1,1.4695101217275812,decision_function,,u_849ceb50b371e442,1,2,official,principal
204,0,0,-0.24003315750106635,decision_function,,u_849ceb50b371e442,1,2,official,principal
1384,1,1,0.8367764497569798,decision_function,,u_849ceb50b371e442,1,2,official,principal
4746,1,1,1.5229135267789762,decision_function,,u_849ceb50b371e442,1,2,official,principal
3421,0,0,-1.4445318120652924,decision_function,,u_849ceb50b371e442,1,2,official,principal
957,0,1,0.3434334700743966,decision_function,,u_849ceb50b371e442,1,2,official,principal
2387,0,1,1.5445247331866987,decision_function,,u_849ceb50b371e442,1,2,official,principal
1679,0,1,0.35407959672137923,decision_function,,u_849ceb50b371e442,1,2,official,principal
4578,0,1,0.15542249756504778,decision_function,,u_849ceb50b371e442,1,2,official,principal
2578,1,1,0.7617255905858331,decision_function,,u_849ceb50b371e442,1,2,official,principal
1148,1,1,1.8874674752205098,decision_function,,u_849ceb50b371e442,1,2,official,principal
4679,0,0,-1.615952940426049,decision_function,,u_849ceb50b371e442,1,2,official,principal
926,1,1,1.485247410718711,decision_function,,u_849ceb50b371e442,1,2,official,principal
4882,0,0,-1.5514062356346072,decision_function,,u_849ceb50b371e442,1,2,official,principal
781,0,0,-0.110941792380429,decision_function,,u_849ceb50b371e442,1,2,official,principal
4102,0,1,0.24661081067833202,decision_function,,u_849ceb50b371e442,1,2,official,principal
6769,0,0,-1.6531106851916997,decision_function,,u_849ceb50b371e442,1,2,official,principal
1858,1,1,0.6987535709809309,decision_function,,u_849ceb50b371e442,1,2,official,principal
1183,0,0,-0.2367382555156794,decision_function,,u_849ceb50b371e442,1,2,official,principal
4217,0,1,1.316429394162267,decision_function,,u_849ceb50b371e442,1,2,official,principal
3299,0,0,-1.1651350940096117,decision_function,,u_849ceb50b371e442,1,2,official,principal
5663,0,1,0.7544817320112769,decision_function,,u_849ceb50b371e442,1,2,official,principal
5028,0,0,-0.9846265233527492,decision_function,,u_849ceb50b371e442,1,2,official,principal
3920,0,0,-1.1140608678272295,decision_function,,u_849ceb50b371e442,1,2,official,principal
425,0,0,-0.6420746382636849,decision_function,,u_849ceb50b371e442,1,2,official,principal
4846,0,1,0.7151355270899982,decision_function,,u_849ceb50b371e442,1,2,official,principal
6013,0,1,0.14990087025997867,decision_function,,u_849ceb50b371e442,1,2,official,principal
1367,0,1,0.09581272155945197,decision_function,,u_849ceb50b371e442,1,2,official,principal
4366,0,1,0.7430871624401869,decision_function,,u_849ceb50b371e442,1,2,official,principal
2214,1,1,1.1663134917569573,decision_function,,u_849ceb50b371e442,1,2,official,principal
2057,1,1,0.29000863977751057,decision_function,,u_849ceb50b371e442,1,2,official,principal
1974,1,1,1.212545633890122,decision_function,,u_849ceb50b371e442,1,2,official,principal
5318,0,0,-1.3483361418469204,decision_function,,u_849ceb50b371e442,1,2,official,principal
725,0,0,-0.2517522602317368,decision_function,,u_849ceb50b371e442,1,2,official,principal
3323,0,0,-1.1587420959899895,decision_function,,u_849ceb50b371e442,1,2,official,principal
3403,0,0,-0.5376655286441083,decision_function,,u_849ceb50b371e442,1,2,official,principal
5802,0,0,-0.21217915033939394,decision_function,,u_849ceb50b371e442,1,2,official,principal
5047,0,1,0.1906866856809739,decision_function,,u_849ceb50b371e442,1,2,official,principal
3620,0,1,0.06407428853351083,decision_function,,u_849ceb50b371e442,1,2,official,principal
2115,0,0,-0.8563072591358755,decision_function,,u_849ceb50b371e442,1,2,official,principal
6099,0,0,-2.101234465280091,decision_function,,u_849ceb50b371e442,1,2,official,principal
5309,0,0,-1.9206216057317866,decision_function,,u_849ceb50b371e442,1,2,official,principal
1655,1,0,-0.06735373593915628,decision_function,,u_849ceb50b371e442,1,2,official,principal
5191,0,0,-0.49727609642980153,decision_function,,u_849ceb50b371e442,1,2,official,principal
6347,0,1,0.7360966811843712,decision_function,,u_849ceb50b371e442,1,2,official,principal
151,1,1,1.1173467682751392,decision_function,,u_849ceb50b371e442,1,2,official,principal
508,1,1,1.0224962321647524,decision_function,,u_849ceb50b371e442,1,2,official,principal
562,0,1,0.11460198204227656,decision_function,,u_849ceb50b371e442,1,2,official,principal
5772,0,0,-1.4793190978325903,decision_function,,u_849ceb50b371e442,1,2,official,principal
1355,0,0,-0.07988251428033855,decision_function,,u_849ceb50b371e442,1,2,official,principal
6546,0,1,0.07771269846083517,decision_function,,u_849ceb50b371e442,1,2,official,principal
6441,0,0,-0.5134592667616301,decision_function,,u_849ceb50b371e442,1,2,official,principal
5180,0,0,-1.8620234672671305,decision_function,,u_849ceb50b371e442,1,2,official,principal
3045,0,0,-0.5957636727373511,decision_function,,u_849ceb50b371e442,1,2,official,principal
3204,0,0,-1.4008246465872876,decision_function,,u_849ceb50b371e442,1,2,official,principal
2413,0,0,-0.786968696357817,decision_function,,u_849ceb50b371e442,1,2,official,principal
5084,0,0,-1.3245436589922446,decision_function,,u_849ceb50b371e442,1,2,official,principal
7010,1,1,1.6381635453631718,decision_function,,u_849ceb50b371e442,1,2,official,principal
6787,0,1,0.5043005040739319,decision_function,,u_849ceb50b371e442,1,2,official,principal
3962,1,1,1.7104362518652472,decision_function,,u_849ceb50b371e442,1,2,official,principal
4209,0,0,-0.9245240256028754,decision_function,,u_849ceb50b371e442,1,2,official,principal
1967,1,0,-1.8064417897822036,decision_function,,u_849ceb50b371e442,1,2,official,principal
2087,1,1,0.2778335010711743,decision_function,,u_849ceb50b371e442,1,2,official,principal
3800,0,0,-1.337508981802275,decision_function,,u_849ceb50b371e442,1,2,official,principal
857,1,1,0.4727995866484642,decision_function,,u_849ceb50b371e442,1,2,official,principal
6671,0,0,-0.7848850646456271,decision_function,,u_849ceb50b371e442,1,2,official,principal
3527,1,1,1.1684333843752046,decision_function,,u_849ceb50b371e442,1,2,official,principal
2198,0,0,-0.5456253747057593,decision_function,,u_849ceb50b371e442,1,2,official,principal
3224,1,1,0.9013397425358181,decision_function,,u_849ceb50b371e442,1,2,official,principal
1804,0,0,-1.2944031964459315,decision_function,,u_849ceb50b371e442,1,2,official,principal
5866,0,0,-0.32747148715218355,decision_function,,u_849ceb50b371e442,1,2,official,principal
974,0,0,-1.3217734631522429,decision_function,,u_849ceb50b371e442,1,2,official,principal
4406,0,0,-0.5973736626200039,decision_function,,u_849ceb50b371e442,1,2,official,principal
5404,0,0,-0.5008568226211351,decision_function,,u_849ceb50b371e442,1,2,official,principal
5513,0,0,-1.0321452342977853,decision_function,,u_849ceb50b371e442,1,2,official,principal
1194,0,1,0.21137693179850303,decision_function,,u_849ceb50b371e442,1,2,official,principal
4689,0,0,-0.10918627011551929,decision_function,,u_849ceb50b371e442,1,2,official,principal
5468,1,1,1.4756252523811992,decision_function,,u_849ceb50b371e442,1,2,official,principal
3816,0,0,-0.9138885264815825,decision_function,,u_849ceb50b371e442,1,2,official,principal
4786,0,0,-0.4351449667070111,decision_function,,u_849ceb50b371e442,1,2,official,principal
6621,0,0,-1.7716930978110845,decision_function,,u_849ceb50b371e442,1,2,official,principal
5380,1,1,1.5227139778009036,decision_function,,u_849ceb50b371e442,1,2,official,principal
0,0,1,0.5044471063274847,decision_function,,u_849ceb50b371e442,1,2,official,principal
360,0,0,-0.7540895598078375,decision_function,,u_849ceb50b371e442,1,2,official,principal
4067,0,0,-1.6081129240659982,decision_function,,u_849ceb50b371e442,1,2,official,principal
6741,1,1,1.4745994708837473,decision_function,,u_849ceb50b371e442,1,2,official,principal
1484,0,0,-0.3244013484244046,decision_function,,u_849ceb50b371e442,1,2,official,principal
2145,0,1,0.9072709927785405,decision_function,,u_849ceb50b371e442,1,2,official,principal
502,0,0,-1.7889893660553153,decision_function,,u_849ceb50b371e442,1,2,official,principal
2391,0,1,0.8898583316083359,decision_function,,u_849ceb50b371e442,1,2,official,principal
6841,0,0,-0.13138662659472033,decision_function,,u_849ceb50b371e442,1,2,official,principal
735,0,0,-0.3570864235552734,decision_function,,u_849ceb50b371e442,1,2,official,principal
1813,0,1,0.9676188581495009,decision_function,,u_849ceb50b371e442,1,2,official,principal
6609,1,0,-0.30639118163649914,decision_function,,u_849ceb50b371e442,1,2,official,principal
1667,0,0,-0.7611156756596242,decision_function,,u_849ceb50b371e442,1,2,official,principal
2243,0,1,0.20443365586856177,decision_function,,u_849ceb50b371e442,1,2,official,principal
4106,1,1,1.4154216133737643,decision_function,,u_849ceb50b371e442,1,2,official,principal
4779,0,1,1.2812384641314398,decision_function,,u_849ceb50b371e442,1,2,official,principal
5668,0,1,0.8020335884614871,decision_function,,u_849ceb50b371e442,1,2,official,principal
1264,0,0,-1.0433257789044001,decision_function,,u_849ceb50b371e442,1,2,official,principal
3,0,0,-1.5320235619682863,decision_function,,u_849ceb50b371e442,1,2,official,principal
2705,0,0,-1.9901274349025926,decision_function,,u_849ceb50b371e442,1,2,official,principal
3175,1,1,0.8027515548541337,decision_function,,u_849ceb50b371e442,1,2,official,principal
2831,1,1,1.520865810263962,decision_function,,u_849ceb50b371e442,1,2,official,principal
3677,0,0,-0.20904293771884386,decision_function,,u_849ceb50b371e442,1,2,official,principal
4896,0,0,-0.11756498459447218,decision_function,,u_849ceb50b371e442,1,2,official,principal
986,0,0,-0.004297975431146517,decision_function,,u_849ceb50b371e442,1,2,official,principal
4434,0,1,0.5912771613593488,decision_function,,u_849ceb50b371e442,1,2,official,principal
5865,0,0,-0.5687394486795692,decision_function,,u_849ceb50b371e442,1,2,official,principal
4742,0,0,-1.9035199190492755,decision_function,,u_849ceb50b371e442,1,2,official,principal
4502,1,1,0.455626835135303,decision_function,,u_849ceb50b371e442,1,2,official,principal
3294,1,1,0.8262315582026669,decision_function,,u_849ceb50b371e442,1,2,official,principal
4237,1,1,1.0763996036048045,decision_function,,u_849ceb50b371e442,1,2,official,principal
2721,1,1,1.5070952490043752,decision_function,,u_849ceb50b371e442,1,2,official,principal
4886,0,0,-0.9599851140742139,decision_function,,u_849ceb50b371e442,1,2,official,principal
647,0,0,-0.7902835879482031,decision_function,,u_849ceb50b371e442,1,2,official,principal
6601,0,0,-1.0738561794016752,decision_function,,u_849ceb50b371e442,1,2,official,principal
6071,0,0,-0.9833722925898295,decision_function,,u_849ceb50b371e442,1,2,official,principal
6448,1,0,-0.24639744398054275,decision_function,,u_849ceb50b371e442,1,2,official,principal
6811,1,1,1.0017312544831698,decision_function,,u_849ceb50b371e442,1,2,official,principal
91,0,1,1.1205104737395055,decision_function,,u_849ceb50b371e442,1,2,official,principal
2,1,1,0.08063821437849783,decision_function,,u_849ceb50b371e442,1,2,official,principal
6612,1,1,0.8362413526339088,decision_function,,u_849ceb50b371e442,1,2,official,principal
2524,0,0,-2.217217682328733,decision_function,,u_849ceb50b371e442,1,2,official,principal
2835,0,0,-1.618672522936794,decision_function,,u_849ceb50b371e442,1,2,official,principal
3637,1,0,-0.6818344376317081,decision_function,,u_849ceb50b371e442,1,2,official,principal
2356,0,0,-0.5510949753800413,decision_function,,u_849ceb50b371e442,1,2,official,principal
630,1,1,0.19413864692735516,decision_function,,u_849ceb50b371e442,1,2,official,principal
4702,0,0,-0.35742509175028403,decision_function,,u_849ceb50b371e442,1,2,official,principal
1057,1,1,0.7895445675047685,decision_function,,u_849ceb50b371e442,1,2,official,principal
1749,0,1,0.3747430319502294,decision_function,,u_849ceb50b371e442,1,2,official,principal
3285,0,0,-1.7942563011154826,decision_function,,u_849ceb50b371e442,1,2,official,principal
6248,0,0,-1.4735128204026888,decision_function,,u_849ceb50b371e442,1,2,official,principal
6089,1,1,1.813249081051483,decision_function,,u_849ceb50b371e442,1,2,official,principal
3829,1,1,0.8458370194869393,decision_function,,u_849ceb50b371e442,1,2,official,principal
394,0,1,0.9439671073448677,decision_function,,u_849ceb50b371e442,1,2,official,principal
4623,0,0,-0.3169718113768637,decision_function,,u_849ceb50b371e442,1,2,official,principal
76,0,0,-0.9852323691385775,decision_function,,u_849ceb50b371e442,1,2,official,principal
920,0,0,-1.8386821804444218,decision_function,,u_849ceb50b371e442,1,2,official,principal
4884,0,1,0.28494108750229663,decision_function,,u_849ceb50b371e442,1,2,official,principal
5256,1,0,-0.6083285984229927,decision_function,,u_849ceb50b371e442,1,2,official,principal
6343,0,0,-1.5715059321171214,decision_function,,u_849ceb50b371e442,1,2,official,principal
1903,0,1,1.729896098347244,decision_function,,u_849ceb50b371e442,1,2,official,principal
4975,0,0,-0.7420777780414939,decision_function,,u_849ceb50b371e442,1,2,official,principal
2630,0,0,-1.1712081676757915,decision_function,,u_849ceb50b371e442,1,2,official,principal
5094,0,0,-1.0098281449753572,decision_function,,u_849ceb50b371e442,1,2,official,principal
3609,0,0,-0.18433033023484513,decision_function,,u_849ceb50b371e442,1,2,official,principal
6837,0,1,1.6828218169333053,decision_function,,u_849ceb50b371e442,1,2,official,principal
6403,0,0,-1.3254654162468142,decision_function,,u_849ceb50b371e442,1,2,official,principal
1820,0,1,0.06694618308694822,decision_function,,u_849ceb50b371e442,1,2,official,principal
1602,1,1,1.0263202044571995,decision_function,,u_849ceb50b371e442,1,2,official,principal
1410,1,1,1.9709160798175194,decision_function,,u_849ceb50b371e442,1,2,official,principal
438,0,1,0.24460823673615217,decision_function,,u_849ceb50b371e442,1,2,official,principal
4328,0,1,0.5178855092600745,decision_function,,u_849ceb50b371e442,1,2,official,principal
3912,0,0,-1.2685189803585457,decision_function,,u_849ceb50b371e442,1,2,official,principal
5933,1,1,1.9258139207916394,decision_function,,u_849ceb50b371e442,1,2,official,principal
5844,0,1,1.0374312988222678,decision_function,,u_849ceb50b371e442,1,2,official,principal
1267,0,0,-1.3032794193733868,decision_function,,u_849ceb50b371e442,1,2,official,principal
4911,0,0,-1.3776390096274453,decision_function,,u_849ceb50b371e442,1,2,official,principal
5554,0,0,-1.7360182177070023,decision_function,,u_849ceb50b371e442,1,2,official,principal
4420,0,0,-0.9448108687476765,decision_function,,u_849ceb50b371e442,1,2,official,principal
1053,1,1,0.5061567617615095,decision_function,,u_849ceb50b371e442,1,2,official,principal
5944,1,0,-0.4996999481642832,decision_function,,u_849ceb50b371e442,1,2,official,principal
3862,0,0,-2.1734683496293394,decision_function,,u_849ceb50b371e442,1,2,official,principal
2369,0,0,-1.295978733450871,decision_function,,u_849ceb50b371e442,1,2,official,principal
4452,0,0,-1.9343843662601672,decision_function,,u_849ceb50b371e442,1,2,official,principal
2559,0,0,-0.9381010553467242,decision_function,,u_849ceb50b371e442,1,2,official,principal
3522,0,0,-1.6764183088721212,decision_function,,u_849ceb50b371e442,1,2,official,principal
4819,1,0,-1.8137332793223675,decision_function,,u_849ceb50b371e442,1,2,official,principal
6535,1,1,0.20751790066846842,decision_function,,u_849ceb50b371e442,1,2,official,principal
1691,0,0,-2.033524395549503,decision_function,,u_849ceb50b371e442,1,2,official,principal
892,0,1,0.6103748961534232,decision_function,,u_849ceb50b371e442,1,2,official,principal
1541,0,0,-2.0407077620385925,decision_function,,u_849ceb50b371e442,1,2,official,principal
1689,0,0,-0.08499766372369333,decision_function,,u_849ceb50b371e442,1,2,official,principal
5967,1,1,0.47100947585171804,decision_function,,u_849ceb50b371e442,1,2,official,principal
6909,0,1,0.0632683116911743,decision_function,,u_849ceb50b371e442,1,2,official,principal
5120,1,0,-0.10672681460857825,decision_function,,u_849ceb50b371e442,1,2,official,principal
6764,1,1,1.3652321337830748,decision_function,,u_849ceb50b371e442,1,2,official,principal
6259,0,0,-1.5123913136623732,decision_function,,u_849ceb50b371e442,1,2,official,principal
229,0,0,-1.1536613543682241,decision_function,,u_849ceb50b371e442,1,2,official,principal
6287,1,1,1.0266713448845033,decision_function,,u_849ceb50b371e442,1,2,official,principal
6658,1,1,0.9770204845987978,decision_function,,u_849ceb50b371e442,1,2,official,principal
399,0,0,-1.4571219083307065,decision_function,,u_849ceb50b371e442,1,2,official,principal
1830,0,0,-1.5062816663521947,decision_function,,u_849ceb50b371e442,1,2,official,principal
4194,0,0,-1.7970024040822747,decision_function,,u_849ceb50b371e442,1,2,official,principal
1227,0,0,-0.33682070044584145,decision_function,,u_849ceb50b371e442,1,2,official,principal
5236,0,0,-0.07548118186133945,decision_function,,u_849ceb50b371e442,1,2,official,principal
1849,1,1,0.5290859607488307,decision_function,,u_849ceb50b371e442,1,2,official,principal
4221,0,0,-0.5048618283670997,decision_function,,u_849ceb50b371e442,1,2,official,principal
1134,0,1,0.12440199315099432,decision_function,,u_849ceb50b371e442,1,2,official,principal
4394,0,1,0.032637405852977475,decision_function,,u_849ceb50b371e442,1,2,official,principal
2040,0,0,-1.8350032463192232,decision_function,,u_849ceb50b371e442,1,2,official,principal
2097,0,1,1.546534686518137,decision_function,,u_849ceb50b371e442,1,2,official,principal
6178,0,0,-1.4026204864417207,decision_function,,u_849ceb50b371e442,1,2,official,principal
5419,0,0,-1.1306587195210764,decision_function,,u_849ceb50b371e442,1,2,official,principal
5257,1,1,1.1279330831373604,decision_function,,u_849ceb50b371e442,1,2,official,principal
2690,1,1,1.0799050683300944,decision_function,,u_849ceb50b371e442,1,2,official,principal
3111,1,0,-0.5884593200647114,decision_function,,u_849ceb50b371e442,1,2,official,principal
3870,0,0,-1.0521766109135653,decision_function,,u_849ceb50b371e442,1,2,official,principal
615,0,0,-0.10269374026505873,decision_function,,u_849ceb50b371e442,1,2,official,principal
4108,0,0,-1.325503161404884,decision_function,,u_849ceb50b371e442,1,2,official,principal
5795,0,1,0.5808577164539503,decision_function,,u_849ceb50b371e442,1,2,official,principal
4752,0,0,-1.2827997298858742,decision_function,,u_849ceb50b371e442,1,2,official,principal
2018,1,1,0.3747016481291108,decision_function,,u_849ceb50b371e442,1,2,official,principal
3878,0,0,-1.3013859917570825,decision_function,,u_849ceb50b371e442,1,2,official,principal
5090,1,1,1.0728160102025248,decision_function,,u_849ceb50b371e442,1,2,official,principal
6533,0,1,1.0259207456020378,decision_function,,u_849ceb50b371e442,1,2,official,principal
1481,0,0,-1.8814045965646682,decision_function,,u_849ceb50b371e442,1,2,official,principal
1046,0,0,-1.4661107042399841,decision_function,,u_849ceb50b371e442,1,2,official,principal
6716,1,1,1.072029145963073,decision_function,,u_849ceb50b371e442,1,2,official,principal
697,1,1,0.6122743771349024,decision_function,,u_849ceb50b371e442,1,2,official,principal
6850,0,0,-2.04242105068263,decision_function,,u_849ceb50b371e442,1,2,official,principal
6721,0,0,-1.1729495125484957,decision_function,,u_849ceb50b371e442,1,2,official,principal
4791,0,0,-0.5364355890105907,decision_function,,u_849ceb50b371e442,1,2,official,principal
3619,0,0,-2.0629583416911768,decision_function,,u_849ceb50b371e442,1,2,official,principal
2047,0,1,0.9082650981873,decision_function,,u_849ceb50b371e442,1,2,official,principal
5253,0,0,-0.05642842899461953,decision_function,,u_849ceb50b371e442,1,2,official,principal
6392,0,0,-0.5019122425456323,decision_function,,u_849ceb50b371e442,1,2,official,principal
5880,1,1,0.47272235314708744,decision_function,,u_849ceb50b371e442,1,2,official,principal
5976,0,0,-0.4712917600837818,decision_function,,u_849ceb50b371e442,1,2,official,principal
191,1,1,1.3449512526738696,decision_function,,u_849ceb50b371e442,1,2,official,principal
4348,1,0,-0.31898690249662454,decision_function,,u_849ceb50b371e442,1,2,official,principal
2720,1,1,0.34870359629940295,decision_function,,u_849ceb50b371e442,1,2,official,principal
600,0,1,0.44276108604546405,decision_function,,u_849ceb50b371e442,1,2,official,principal
4143,1,1,1.0362794099139216,decision_function,,u_849ceb50b371e442,1,2,official,principal
1660,0,0,-0.9520306411353634,decision_function,,u_849ceb50b371e442,1,2,official,principal
596,0,0,-0.8241631053533016,decision_function,,u_849ceb50b371e442,1,2,official,principal
6549,1,1,0.9459461680691696,decision_function,,u_849ceb50b371e442,1,2,official,principal
3971,1,0,-1.1059432347090876,decision_function,,u_849ceb50b371e442,1,2,official,principal
788,0,0,-0.32649239248474216,decision_function,,u_849ceb50b371e442,1,2,official,principal
5950,0,1,0.4670168499179319,decision_function,,u_849ceb50b371e442,1,2,official,principal
1686,1,0,-0.12931078941237195,decision_function,,u_849ceb50b371e442,1,2,official,principal
6900,0,1,0.012078092412466601,decision_function,,u_849ceb50b371e442,1,2,official,principal
865,1,1,0.7001580905465528,decision_function,,u_849ceb50b371e442,1,2,official,principal
3091,0,0,-0.8733464435487429,decision_function,,u_849ceb50b371e442,1,2,official,principal
111,0,0,-1.7372539461354597,decision_function,,u_849ceb50b371e442,1,2,official,principal
4283,0,1,1.4631460028743646,decision_function,,u_849ceb50b371e442,1,2,official,principal
44,0,1,0.30986092452955605,decision_function,,u_849ceb50b371e442,1,2,official,principal
4602,0,0,-1.7257593770326425,decision_function,,u_849ceb50b371e442,1,2,official,principal
2680,0,0,-2.0361730085862826,decision_function,,u_849ceb50b371e442,1,2,official,principal
702,0,1,0.9564556552491943,decision_function,,u_849ceb50b371e442,1,2,official,principal
6644,0,0,-0.37396749804495333,decision_function,,u_849ceb50b371e442,1,2,official,principal
6005,0,0,-0.7645687139404319,decision_function,,u_849ceb50b371e442,1,2,official,principal
5729,0,0,-0.923184094393559,decision_function,,u_849ceb50b371e442,1,2,official,principal
5452,0,0,-1.0113580216724167,decision_function,,u_849ceb50b371e442,1,2,official,principal
6317,1,1,1.4178048677800599,decision_function,,u_849ceb50b371e442,1,2,official,principal
4197,0,1,0.9927175107410331,decision_function,,u_849ceb50b371e442,1,2,official,principal
6785,1,0,-0.813433822627218,decision_function,,u_849ceb50b371e442,1,2,official,principal
5598,0,0,-2.009166605547998,decision_function,,u_849ceb50b371e442,1,2,official,principal
1113,1,1,0.222489099737899,decision_function,,u_849ceb50b371e442,1,2,official,principal
2263,1,1,0.6364684493293191,decision_function,,u_849ceb50b371e442,1,2,official,principal
6880,0,0,-2.1161418418755047,decision_function,,u_849ceb50b371e442,1,2,official,principal
5738,1,0,-0.525378289966758,decision_function,,u_849ceb50b371e442,1,2,official,principal
4549,0,1,0.3933099866150145,decision_function,,u_849ceb50b371e442,1,2,official,principal
4271,0,0,-1.5439882009663424,decision_function,,u_849ceb50b371e442,1,2,official,principal
5266,0,0,-1.358767474326912,decision_function,,u_849ceb50b371e442,1,2,official,principal
1993,1,1,0.5980424176932215,decision_function,,u_849ceb50b371e442,1,2,official,principal
4082,1,0,-0.9692633781026032,decision_function,,u_849ceb50b371e442,1,2,official,principal
4997,1,1,0.9370800837073128,decision_function,,u_849ceb50b371e442,1,2,official,principal
63,0,0,-0.682679356930686,decision_function,,u_849ceb50b371e442,1,2,official,principal
5853,0,0,-0.8252526102283606,decision_function,,u_849ceb50b371e442,1,2,official,principal
4730,0,1,0.635567379339981,decision_function,,u_849ceb50b371e442,1,2,official,principal
4225,0,0,-0.6993398658385339,decision_function,,u_849ceb50b371e442,1,2,official,principal
368,0,0,-0.7308445569742541,decision_function,,u_849ceb50b371e442,1,2,official,principal
2407,1,1,1.3286693984960698,decision_function,,u_849ceb50b371e442,1,2,official,principal
5118,0,0,-0.10449644751211684,decision_function,,u_849ceb50b371e442,1,2,official,principal
1912,0,0,-1.51497615977362,decision_function,,u_849ceb50b371e442,1,2,official,principal
4277,0,0,-0.4020142832353175,decision_function,,u_849ceb50b371e442,1,2,official,principal
2826,0,0,-0.12684646305907665,decision_function,,u_849ceb50b371e442,1,2,official,principal
6883,0,1,0.23418663455664945,decision_function,,u_849ceb50b371e442,1,2,official,principal
3578,0,0,-0.7967356278561365,decision_function,,u_849ceb50b371e442,1,2,official,principal
2648,0,0,-0.08716758193829377,decision_function,,u_849ceb50b371e442,1,2,official,principal
2458,0,0,-0.11813138248339361,decision_function,,u_849ceb50b371e442,1,2,official,principal
2420,0,0,-0.1689911831060591,decision_function,,u_849ceb50b371e442,1,2,official,principal
1464,0,0,-0.301496742766723,decision_function,,u_849ceb50b371e442,1,2,official,principal
3121,1,1,0.409957165778289,decision_function,,u_849ceb50b371e442,1,2,official,principal
6360,1,0,-0.3003116184061583,decision_function,,u_849ceb50b371e442,1,2,official,principal
6622,1,1,0.5181379486199307,decision_function,,u_849ceb50b371e442,1,2,official,principal
5649,0,0,-1.159810860425897,decision_function,,u_849ceb50b371e442,1,2,official,principal
4983,1,1,0.12917925673578212,decision_function,,u_849ceb50b371e442,1,2,official,principal
4149,1,0,-1.1372769882586131,decision_function,,u_849ceb50b371e442,1,2,official,principal
5405,0,1,0.22205704680870042,decision_function,,u_849ceb50b371e442,1,2,official,principal
944,0,0,-0.28961069126145766,decision_function,,u_849ceb50b371e442,1,2,official,principal
5074,0,0,-1.8604212629206347,decision_function,,u_849ceb50b371e442,1,2,official,principal
5285,0,0,-1.5120139829819146,decision_function,,u_849ceb50b371e442,1,2,official,principal
247,1,1,1.1423240939258419,decision_function,,u_849ceb50b371e442,1,2,official,principal
5451,0,0,-1.392112718523973,decision_function,,u_849ceb50b371e442,1,2,official,principal
147,1,1,0.7560836410819951,decision_function,,u_849ceb50b371e442,1,2,official,principal
4291,0,0,-1.318425913155739,decision_function,,u_849ceb50b371e442,1,2,official,principal
152,0,0,-1.1576392214086675,decision_function,,u_849ceb50b371e442,1,2,official,principal
5127,1,0,-1.0749986359867536,decision_function,,u_849ceb50b371e442,1,2,official,principal
488,0,0,-0.21651347006283927,decision_function,,u_849ceb50b371e442,1,2,official,principal
3999,1,1,1.512188914126362,decision_function,,u_849ceb50b371e442,1,2,official,principal
5140,0,1,1.7623012546285526,decision_function,,u_849ceb50b371e442,1,2,official,principal
4812,1,0,-0.05285806499553236,decision_function,,u_849ceb50b371e442,1,2,official,principal
5744,0,0,-0.34482583685520807,decision_function,,u_849ceb50b371e442,1,2,official,principal
4959,1,0,-0.4224068352170456,decision_function,,u_849ceb50b371e442,1,2,official,principal
2059,0,1,0.5344483669025035,decision_function,,u_849ceb50b371e442,1,2,official,principal
1680,0,0,-1.752359583457685,decision_function,,u_849ceb50b371e442,1,2,official,principal
4747,0,0,-1.4075676847293108,decision_function,,u_849ceb50b371e442,1,2,official,principal
5618,0,0,-0.719758074442969,decision_function,,u_849ceb50b371e442,1,2,official,principal
1434,1,1,0.9646911044661619,decision_function,,u_849ceb50b371e442,1,2,official,principal
899,0,0,-0.2699019680528365,decision_function,,u_849ceb50b371e442,1,2,official,principal
1729,0,0,-1.287754297354565,decision_function,,u_849ceb50b371e442,1,2,official,principal
310,0,0,-0.2204464478126964,decision_function,,u_849ceb50b371e442,1,2,official,principal
4668,0,1,0.28117117529992286,decision_function,,u_849ceb50b371e442,1,2,official,principal
5261,0,0,-0.003948680762843049,decision_function,,u_849ceb50b371e442,1,2,official,principal
5022,0,0,-1.6669235795254256,decision_function,,u_849ceb50b371e442,1,2,official,principal
5676,0,0,-0.3209270079272578,decision_function,,u_849ceb50b371e442,1,2,official,principal
2907,1,1,0.8662605748627052,decision_function,,u_849ceb50b371e442,1,2,official,principal
6602,0,1,0.1627093143546252,decision_function,,u_849ceb50b371e442,1,2,official,principal
4389,0,1,0.6191800251760957,decision_function,,u_849ceb50b371e442,1,2,official,principal
4136,0,0,-1.6767028209910477,decision_function,,u_849ceb50b371e442,1,2,official,principal
6511,0,0,-1.5248502215922195,decision_function,,u_849ceb50b371e442,1,2,official,principal
2148,0,0,-0.7450091962823618,decision_function,,u_849ceb50b371e442,1,2,official,principal
4691,1,1,0.28692794489806284,decision_function,,u_849ceb50b371e442,1,2,official,principal
711,0,1,0.32796715907073604,decision_function,,u_849ceb50b371e442,1,2,official,principal
5914,0,0,-0.6033574857555263,decision_function,,u_849ceb50b371e442,1,2,official,principal
228,0,1,0.3582727936497838,decision_function,,u_849ceb50b371e442,1,2,official,principal
4450,1,0,-0.062256338680249046,decision_function,,u_849ceb50b371e442,1,2,official,principal
6293,0,0,-1.3221931895732408,decision_function,,u_849ceb50b371e442,1,2,official,principal
1212,0,1,1.2590086646401455,decision_function,,u_849ceb50b371e442,1,2,official,principal
4581,0,0,-1.868829442397966,decision_function,,u_849ceb50b371e442,1,2,official,principal
5231,1,1,1.6407202262459275,decision_function,,u_849ceb50b371e442,1,2,official,principal
1939,0,0,-0.41601242224389556,decision_function,,u_849ceb50b371e442,1,2,official,principal
2847,0,1,0.24636181279785485,decision_function,,u_849ceb50b371e442,1,2,official,principal
6415,0,0,-1.019320037494332,decision_function,,u_849ceb50b371e442,1,2,official,principal
5625,0,0,-0.42904560728835317,decision_function,,u_849ceb50b371e442,1,2,official,principal
2124,1,1,0.449373634379284,decision_function,,u_849ceb50b371e442,1,2,official,principal
176,1,1,0.970866441382437,decision_function,,u_849ceb50b371e442,1,2,official,principal
6685,0,0,-0.562468709279278,decision_function,,u_849ceb50b371e442,1,2,official,principal
5761,0,0,-1.8878812402592688,decision_function,,u_849ceb50b371e442,1,2,official,principal
6733,0,0,-0.6060908651033307,decision_function,,u_849ceb50b371e442,1,2,official,principal
2640,0,1,0.46697479305216705,decision_function,,u_849ceb50b371e442,1,2,official,principal
4525,0,1,0.13474998251512926,decision_function,,u_849ceb50b371e442,1,2,official,principal
1182,0,0,-0.42524343708995516,decision_function,,u_849ceb50b371e442,1,2,official,principal
528,0,0,-1.6131713870442068,decision_function,,u_849ceb50b371e442,1,2,official,principal
2126,0,1,0.13125097743426406,decision_function,,u_849ceb50b371e442,1,2,official,principal
2840,0,0,-0.42498972957021197,decision_function,,u_849ceb50b371e442,1,2,official,principal
1610,0,0,-1.868051793122675,decision_function,,u_849ceb50b371e442,1,2,official,principal
6467,0,1,1.0672975321368299,decision_function,,u_849ceb50b371e442,1,2,official,principal
853,0,1,0.5096582545089783,decision_function,,u_849ceb50b371e442,1,2,official,principal
2343,0,1,0.28877757120273606,decision_function,,u_849ceb50b371e442,1,2,official,principal
3141,1,1,1.0870489648020072,decision_function,,u_849ceb50b371e442,1,2,official,principal
2581,0,0,-0.661297603918627,decision_function,,u_849ceb50b371e442,1,2,official,principal
4511,0,0,-0.16680306699481862,decision_function,,u_849ceb50b371e442,1,2,official,principal
5472,0,0,-0.37516419880654106,decision_function,,u_849ceb50b371e442,1,2,official,principal
4711,0,0,-1.4639087471553653,decision_function,,u_849ceb50b371e442,1,2,official,principal
2727,1,1,1.4848067024431069,decision_function,,u_849ceb50b371e442,1,2,official,principal
1116,0,0,-0.8754781348531463,decision_function,,u_849ceb50b371e442,1,2,official,principal
6781,1,1,0.9961939908184323,decision_function,,u_849ceb50b371e442,1,2,official,principal
3651,0,0,-1.6517720401158251,decision_function,,u_849ceb50b371e442,1,2,official,principal
4785,1,1,1.015773025467113,decision_function,,u_849ceb50b371e442,1,2,official,principal
278,0,1,0.5292574670153576,decision_function,,u_849ceb50b371e442,1,2,official,principal
584,0,0,-0.3378455139315867,decision_function,,u_849ceb50b371e442,1,2,official,principal
5469,0,1,0.18503210127625214,decision_function,,u_849ceb50b371e442,1,2,official,principal
6120,0,1,0.5675454165494009,decision_function,,u_849ceb50b371e442,1,2,official,principal
3230,0,0,-2.130342001131132,decision_function,,u_849ceb50b371e442,1,2,official,principal
1348,1,1,1.377464963947298,decision_function,,u_849ceb50b371e442,1,2,official,principal
484,1,1,1.1929805937130655,decision_function,,u_849ceb50b371e442,1,2,official,principal
3170,0,1,0.49991310116297516,decision_function,,u_849ceb50b371e442,1,2,official,principal
2885,0,0,-0.897149182808677,decision_function,,u_849ceb50b371e442,1,2,official,principal
3208,0,0,-0.8385217932458574,decision_function,,u_849ceb50b371e442,1,2,official,principal
3491,0,0,-0.6753125837147784,decision_function,,u_849ceb50b371e442,1,2,official,principal
1959,0,0,-0.15926155686399635,decision_function,,u_849ceb50b371e442,1,2,official,principal
5249,0,0,-2.05573846711584,decision_function,,u_849ceb50b371e442,1,2,official,principal
1239,0,1,0.3375575170360474,decision_function,,u_849ceb50b371e442,1,2,official,principal
6465,0,0,-2.0441050590870793,decision_function,,u_849ceb50b371e442,1,2,official,principal
1303,0,0,-2.142508003038069,decision_function,,u_849ceb50b371e442,1,2,official,principal
2330,0,0,-0.04529062912002746,decision_function,,u_849ceb50b371e442,1,2,official,principal
5167,0,0,-1.4903260538502558,decision_function,,u_849ceb50b371e442,1,2,official,principal
3710,0,0,-1.1782278148681353,decision_function,,u_849ceb50b371e442,1,2,official,principal
1695,0,0,-0.9600902728548868,decision_function,,u_849ceb50b371e442,1,2,official,principal
1021,0,0,-1.2776927494388752,decision_function,,u_849ceb50b371e442,1,2,official,principal
3788,1,0,-1.006663745114052,decision_function,,u_849ceb50b371e442,1,2,official,principal
4863,0,0,-2.010444387815853,decision_function,,u_849ceb50b371e442,1,2,official,principal
4545,0,1,0.22546160573318552,decision_function,,u_849ceb50b371e442,1,2,official,principal
3021,0,0,-0.5991421716427588,decision_function,,u_849ceb50b371e442,1,2,official,principal
6552,1,1,1.4324442210576718,decision_function,,u_849ceb50b371e442,1,2,official,principal
3215,0,1,0.4054677414336283,decision_function,,u_849ceb50b371e442,1,2,official,principal
6901,0,0,-0.3422070404751961,decision_function,,u_849ceb50b371e442,1,2,official,principal
5148,0,0,-0.5949198020856191,decision_function,,u_849ceb50b371e442,1,2,official,principal
5269,0,1,0.3553341900930105,decision_function,,u_849ceb50b371e442,1,2,official,principal
4047,0,0,-0.8041942361579874,decision_function,,u_849ceb50b371e442,1,2,official,principal
6008,0,0,-1.1036014411057549,decision_function,,u_849ceb50b371e442,1,2,official,principal
240,0,0,-1.5915793567165206,decision_function,,u_849ceb50b371e442,1,2,official,principal
2873,1,1,0.9653896882685726,decision_function,,u_849ceb50b371e442,1,2,official,principal
5660,0,0,-0.6690026035194055,decision_function,,u_849ceb50b371e442,1,2,official,principal
3114,0,1,0.37916793707740837,decision_function,,u_849ceb50b371e442,1,2,official,principal
4516,0,0,-1.7811869116394141,decision_function,,u_849ceb50b371e442,1,2,official,principal
6425,0,0,-1.5014385505321277,decision_function,,u_849ceb50b371e442,1,2,official,principal
6458,0,1,0.2738468907882725,decision_function,,u_849ceb50b371e442,1,2,official,principal
3953,1,1,1.2206537662862427,decision_function,,u_849ceb50b371e442,1,2,official,principal
3675,0,0,-0.5239299999228036,decision_function,,u_849ceb50b371e442,1,2,official,principal
4425,0,0,-0.3074632778059301,decision_function,,u_849ceb50b371e442,1,2,official,principal
5990,0,1,0.6601072645031725,decision_function,,u_849ceb50b371e442,1,2,official,principal
4126,0,0,-0.7873713924363233,decision_function,,u_849ceb50b371e442,1,2,official,principal
5288,1,1,1.5971389167566008,decision_function,,u_849ceb50b371e442,1,2,official,principal
6348,0,1,0.4328411462538657,decision_function,,u_849ceb50b371e442,1,2,official,principal
2422,0,1,1.5679514706414401,decision_function,,u_849ceb50b371e442,1,2,official,principal
975,1,0,-0.7936611663677132,decision_function,,u_849ceb50b371e442,1,2,official,principal
573,1,0,-0.6167394047824786,decision_function,,u_849ceb50b371e442,1,2,official,principal
6219,1,1,0.43917225577453034,decision_function,,u_849ceb50b371e442,1,2,official,principal
1043,1,1,0.20183463964522708,decision_function,,u_849ceb50b371e442,1,2,official,principal
2529,1,0,-1.0118794837426217,decision_function,,u_849ceb50b371e442,1,2,official,principal
1282,0,1,0.7408060650198462,decision_function,,u_849ceb50b371e442,1,2,official,principal
1340,0,0,-0.5784360105547756,decision_function,,u_849ceb50b371e442,1,2,official,principal
6189,0,0,-1.8004807675858614,decision_function,,u_849ceb50b371e442,1,2,official,principal
5510,0,1,0.7191790361467254,decision_function,,u_849ceb50b371e442,1,2,official,principal
3354,0,0,-1.6237503631601955,decision_function,,u_849ceb50b371e442,1,2,official,principal
905,1,1,1.8929940215252195,decision_function,,u_849ceb50b371e442,1,2,official,principal
2735,0,1,0.13196514219326017,decision_function,,u_849ceb50b371e442,1,2,official,principal
6712,0,1,0.5372171148167777,decision_function,,u_849ceb50b371e442,1,2,official,principal
4333,0,0,-0.110638522616197,decision_function,,u_849ceb50b371e442,1,2,official,principal
1514,0,0,-2.052701458191626,decision_function,,u_849ceb50b371e442,1,2,official,principal
6608,1,0,-0.6859472431636264,decision_function,,u_849ceb50b371e442,1,2,official,principal
135,0,0,-1.2216578376942684,decision_function,,u_849ceb50b371e442,1,2,official,principal
3413,0,1,0.5343365983566166,decision_function,,u_849ceb50b371e442,1,2,official,principal
219,0,1,1.1352777538959347,decision_function,,u_849ceb50b371e442,1,2,official,principal
6754,0,0,-0.31865740561820577,decision_function,,u_849ceb50b371e442,1,2,official,principal
6610,0,1,1.1235157398733817,decision_function,,u_849ceb50b371e442,1,2,official,principal
3549,0,0,-1.8048986449207418,decision_function,,u_849ceb50b371e442,1,2,official,principal
257,0,0,-0.89017497282096,decision_function,,u_849ceb50b371e442,1,2,official,principal
4799,0,0,-0.539535581984881,decision_function,,u_849ceb50b371e442,1,2,official,principal
5248,0,0,-0.43800405623315664,decision_function,,u_849ceb50b371e442,1,2,official,principal
3965,0,1,0.24507433184900163,decision_function,,u_849ceb50b371e442,1,2,official,principal
2942,0,0,-1.2770641753154646,decision_function,,u_849ceb50b371e442,1,2,official,principal
5370,0,1,0.9166283193065554,decision_function,,u_849ceb50b371e442,1,2,official,principal
4495,1,1,1.3788931938451998,decision_function,,u_849ceb50b371e442,1,2,official,principal
3932,1,1,1.6312077006578465,decision_function,,u_849ceb50b371e442,1,2,official,principal
5347,0,0,-1.2567963263043835,decision_function,,u_849ceb50b371e442,1,2,official,principal
5531,0,0,-1.9623175817840999,decision_function,,u_849ceb50b371e442,1,2,official,principal
1273,0,1,0.13562821472502695,decision_function,,u_849ceb50b371e442,1,2,official,principal
6318,0,0,-0.8153689999916337,decision_function,,u_849ceb50b371e442,1,2,official,principal
4284,0,1,0.9363989292173345,decision_function,,u_849ceb50b371e442,1,2,official,principal
1494,1,0,-0.9578254327333209,decision_function,,u_849ceb50b371e442,1,2,official,principal
2190,0,0,-1.668811688754419,decision_function,,u_849ceb50b371e442,1,2,official,principal
4808,0,0,-1.0765238667843142,decision_function,,u_849ceb50b371e442,1,2,official,principal
5926,0,1,0.07164998835074865,decision_function,,u_849ceb50b371e442,1,2,official,principal
138,0,0,-1.7577896207117383,decision_function,,u_849ceb50b371e442,1,2,official,principal
1371,1,1,1.778342538351424,decision_function,,u_849ceb50b371e442,1,2,official,principal
5357,0,0,-1.9476237264894594,decision_function,,u_849ceb50b371e442,1,2,official,principal
1009,0,0,-0.4978999177858281,decision_function,,u_849ceb50b371e442,1,2,official,principal
3995,1,1,0.10851770382441805,decision_function,,u_849ceb50b371e442,1,2,official,principal
3483,0,1,0.6465066699476194,decision_function,,u_849ceb50b371e442,1,2,official,principal
5815,1,1,1.6379132543979555,decision_function,,u_849ceb50b371e442,1,2,official,principal
1812,0,1,0.7094397819734224,decision_function,,u_849ceb50b371e442,1,2,official,principal
5493,1,1,1.6485764338635878,decision_function,,u_849ceb50b371e442,1,2,official,principal
3663,0,1,1.1646454991267412,decision_function,,u_849ceb50b371e442,1,2,official,principal
3654,0,1,0.19637049027034936,decision_function,,u_849ceb50b371e442,1,2,official,principal
568,1,1,0.9896556915492367,decision_function,,u_849ceb50b371e442,1,2,official,principal
5586,0,0,-1.3761478475453053,decision_function,,u_849ceb50b371e442,1,2,official,principal
1656,0,0,-0.3209300963265168,decision_function,,u_849ceb50b371e442,1,2,official,principal
4257,0,1,0.16176658345956074,decision_function,,u_849ceb50b371e442,1,2,official,principal
304,0,1,0.02511378236380457,decision_function,,u_849ceb50b371e442,1,2,official,principal
5239,0,0,-1.4043763667271667,decision_function,,u_849ceb50b371e442,1,2,official,principal
2624,0,0,-0.2917299144262959,decision_function,,u_849ceb50b371e442,1,2,official,principal
4586,0,0,-1.3127214994749583,decision_function,,u_849ceb50b371e442,1,2,official,principal
939,0,0,-0.7838600074428346,decision_function,,u_849ceb50b371e442,1,2,official,principal
4915,0,0,-0.06328407611724551,decision_function,,u_849ceb50b371e442,1,2,official,principal
5846,0,1,1.3010648612879676,decision_function,,u_849ceb50b371e442,1,2,official,principal
4036,0,0,-0.7650339273932762,decision_function,,u_849ceb50b371e442,1,2,official,principal
6235,1,0,-0.40326176651349666,decision_function,,u_849ceb50b371e442,1,2,official,principal
4314,1,1,1.4039742997673998,decision_function,,u_849ceb50b371e442,1,2,official,principal
2545,0,0,-1.6589955593098638,decision_function,,u_849ceb50b371e442,1,2,official,principal
6006,0,0,-0.4892239977688688,decision_function,,u_849ceb50b371e442,1,2,official,principal
1492,1,1,1.3778505389934954,decision_function,,u_849ceb50b371e442,1,2,official,principal
4332,0,0,-1.7126894028791493,decision_function,,u_849ceb50b371e442,1,2,official,principal
4093,0,1,0.48379056892009564,decision_function,,u_849ceb50b371e442,1,2,official,principal
6696,0,1,1.3376025384176538,decision_function,,u_849ceb50b371e442,1,2,official,principal
