row_id,y_true,y_pred,score_positive,score_type,probability_native,unit_id,outer_fold,replicate,purpose,variant
2666,0,0,0.09976695477962494,probability_native,0.09976695477962494,u_e477231929247159,3,1,official,principal
189,0,0,0.3523429036140442,probability_native,0.3523429036140442,u_e477231929247159,3,1,official,principal
2257,0,0,0.16209086775779724,probability_native,0.16209086775779724,u_e477231929247159,3,1,official,principal
2641,0,0,0.4208139479160309,probability_native,0.4208139479160309,u_e477231929247159,3,1,official,principal
328,0,1,0.5918154120445251,probability_native,0.5918154120445251,u_e477231929247159,3,1,official,principal
6321,1,0,0.17292359471321106,probability_native,0.17292359471321106,u_e477231929247159,3,1,official,principal
785,1,0,0.45945480465888977,probability_native,0.45945480465888977,u_e477231929247159,3,1,official,principal
3253,0,1,0.5725614428520203,probability_native,0.5725614428520203,u_e477231929247159,3,1,official,principal
4097,0,0,0.30454081296920776,probability_native,0.30454081296920776,u_e477231929247159,3,1,official,principal
2444,1,1,0.7736880779266357,probability_native,0.7736880779266357,u_e477231929247159,3,1,official,principal
5442,0,0,0.03631908446550369,probability_native,0.03631908446550369,u_e477231929247159,3,1,official,principal
2399,0,1,0.601155698299408,probability_native,0.601155698299408,u_e477231929247159,3,1,official,principal
6746,1,0,0.4323517978191376,probability_native,0.4323517978191376,u_e477231929247159,3,1,official,principal
4319,0,0,0.4425404965877533,probability_native,0.4425404965877533,u_e477231929247159,3,1,official,principal
155,0,1,0.754432201385498,probability_native,0.754432201385498,u_e477231929247159,3,1,official,principal
5840,0,0,0.07518459111452103,probability_native,0.07518459111452103,u_e477231929247159,3,1,official,principal
1491,0,1,0.5782070159912109,probability_native,0.5782070159912109,u_e477231929247159,3,1,official,principal
3457,0,1,0.6660117506980896,probability_native,0.6660117506980896,u_e477231929247159,3,1,official,principal
5229,1,1,0.592130184173584,probability_native,0.592130184173584,u_e477231929247159,3,1,official,principal
777,1,1,0.8923501372337341,probability_native,0.8923501372337341,u_e477231929247159,3,1,official,principal
3218,0,0,0.15869025886058807,probability_native,0.15869025886058807,u_e477231929247159,3,1,official,principal
6437,0,0,0.07381848245859146,probability_native,0.07381848245859146,u_e477231929247159,3,1,official,principal
1019,0,0,0.14429479837417603,probability_native,0.14429479837417603,u_e477231929247159,3,1,official,principal
830,1,0,0.4177704453468323,probability_native,0.4177704453468323,u_e477231929247159,3,1,official,principal
5993,0,1,0.7516334652900696,probability_native,0.7516334652900696,u_e477231929247159,3,1,official,principal
6627,0,0,0.05920528247952461,probability_native,0.05920528247952461,u_e477231929247159,3,1,official,principal
2247,0,0,0.05980182811617851,probability_native,0.05980182811617851,u_e477231929247159,3,1,official,principal
556,0,1,0.5736376047134399,probability_native,0.5736376047134399,u_e477231929247159,3,1,official,principal
4820,0,0,0.13983939588069916,probability_native,0.13983939588069916,u_e477231929247159,3,1,official,principal
3908,0,1,0.5252415537834167,probability_native,0.5252415537834167,u_e477231929247159,3,1,official,principal
3567,1,1,0.7154723405838013,probability_native,0.7154723405838013,u_e477231929247159,3,1,official,principal
2833,0,0,0.04053691029548645,probability_native,0.04053691029548645,u_e477231929247159,3,1,official,principal
4536,1,1,0.887089729309082,probability_native,0.887089729309082,u_e477231929247159,3,1,official,principal
3780,0,0,0.05292549356818199,probability_native,0.05292549356818199,u_e477231929247159,3,1,official,principal
6576,0,0,0.35452544689178467,probability_native,0.35452544689178467,u_e477231929247159,3,1,official,principal
4432,0,0,0.05119972676038742,probability_native,0.05119972676038742,u_e477231929247159,3,1,official,principal
1428,1,1,0.8332334160804749,probability_native,0.8332334160804749,u_e477231929247159,3,1,official,principal
5777,0,0,0.051179684698581696,probability_native,0.051179684698581696,u_e477231929247159,3,1,official,principal
6031,0,1,0.5250574946403503,probability_native,0.5250574946403503,u_e477231929247159,3,1,official,principal
4909,0,0,0.04438561946153641,probability_native,0.04438561946153641,u_e477231929247159,3,1,official,principal
2195,0,0,0.07290175557136536,probability_native,0.07290175557136536,u_e477231929247159,3,1,official,principal
3815,1,1,0.8235387802124023,probability_native,0.8235387802124023,u_e477231929247159,3,1,official,principal
4200,0,0,0.05534442141652107,probability_native,0.05534442141652107,u_e477231929247159,3,1,official,principal
5851,0,0,0.4386543333530426,probability_native,0.4386543333530426,u_e477231929247159,3,1,official,principal
1097,1,0,0.3786124289035797,probability_native,0.3786124289035797,u_e477231929247159,3,1,official,principal
6480,0,0,0.39639395475387573,probability_native,0.39639395475387573,u_e477231929247159,3,1,official,principal
2749,0,0,0.3220843970775604,probability_native,0.3220843970775604,u_e477231929247159,3,1,official,principal
859,0,0,0.03812842816114426,probability_native,0.03812842816114426,u_e477231929247159,3,1,official,principal
4357,0,0,0.2790631353855133,probability_native,0.2790631353855133,u_e477231929247159,3,1,official,principal
6806,0,0,0.043809179216623306,probability_native,0.043809179216623306,u_e477231929247159,3,1,official,principal
1950,1,0,0.31045234203338623,probability_native,0.31045234203338623,u_e477231929247159,3,1,official,principal
6100,1,1,0.7516430020332336,probability_native,0.7516430020332336,u_e477231929247159,3,1,official,principal
6729,0,0,0.19867926836013794,probability_native,0.19867926836013794,u_e477231929247159,3,1,official,principal
1205,1,1,0.9047080874443054,probability_native,0.9047080874443054,u_e477231929247159,3,1,official,principal
2078,0,0,0.22396430373191833,probability_native,0.22396430373191833,u_e477231929247159,3,1,official,principal
5473,0,1,0.5782208442687988,probability_native,0.5782208442687988,u_e477231929247159,3,1,official,principal
5714,1,1,0.8881102204322815,probability_native,0.8881102204322815,u_e477231929247159,3,1,official,principal
6335,0,1,0.555689811706543,probability_native,0.555689811706543,u_e477231929247159,3,1,official,principal
6635,0,0,0.05930009111762047,probability_native,0.05930009111762047,u_e477231929247159,3,1,official,principal
246,0,0,0.29550352692604065,probability_native,0.29550352692604065,u_e477231929247159,3,1,official,principal
3292,0,1,0.7037315964698792,probability_native,0.7037315964698792,u_e477231929247159,3,1,official,principal
543,1,1,0.8062251806259155,probability_native,0.8062251806259155,u_e477231929247159,3,1,official,principal
5424,0,0,0.06234016269445419,probability_native,0.06234016269445419,u_e477231929247159,3,1,official,principal
4364,0,0,0.0739540383219719,probability_native,0.0739540383219719,u_e477231929247159,3,1,official,principal
669,0,0,0.03960774838924408,probability_native,0.03960774838924408,u_e477231929247159,3,1,official,principal
27,1,1,0.6455135941505432,probability_native,0.6455135941505432,u_e477231929247159,3,1,official,principal
3681,1,1,0.7918351292610168,probability_native,0.7918351292610168,u_e477231929247159,3,1,official,principal
6873,0,0,0.03663770109415054,probability_native,0.03663770109415054,u_e477231929247159,3,1,official,principal
7030,0,0,0.4065379500389099,probability_native,0.4065379500389099,u_e477231929247159,3,1,official,principal
2909,0,0,0.1821841150522232,probability_native,0.1821841150522232,u_e477231929247159,3,1,official,principal
4123,0,1,0.5955938696861267,probability_native,0.5955938696861267,u_e477231929247159,3,1,official,principal
4780,0,1,0.6642223596572876,probability_native,0.6642223596572876,u_e477231929247159,3,1,official,principal
5611,0,0,0.4753180742263794,probability_native,0.4753180742263794,u_e477231929247159,3,1,official,principal
7037,0,0,0.03867541253566742,probability_native,0.03867541253566742,u_e477231929247159,3,1,official,principal
6724,1,0,0.049973949790000916,probability_native,0.049973949790000916,u_e477231929247159,3,1,official,principal
3259,0,1,0.7172879576683044,probability_native,0.7172879576683044,u_e477231929247159,3,1,official,principal
5608,0,0,0.15804651379585266,probability_native,0.15804651379585266,u_e477231929247159,3,1,official,principal
829,0,0,0.38482359051704407,probability_native,0.38482359051704407,u_e477231929247159,3,1,official,principal
5264,0,0,0.12086568027734756,probability_native,0.12086568027734756,u_e477231929247159,3,1,official,principal
1077,1,0,0.49624305963516235,probability_native,0.49624305963516235,u_e477231929247159,3,1,official,principal
188,0,0,0.1010260283946991,probability_native,0.1010260283946991,u_e477231929247159,3,1,official,principal
4426,0,0,0.23245398700237274,probability_native,0.23245398700237274,u_e477231929247159,3,1,official,principal
1941,0,1,0.6358156204223633,probability_native,0.6358156204223633,u_e477231929247159,3,1,official,principal
1917,0,0,0.04341152682900429,probability_native,0.04341152682900429,u_e477231929247159,3,1,official,principal
2193,0,0,0.06534245610237122,probability_native,0.06534245610237122,u_e477231929247159,3,1,official,principal
5784,0,1,0.6231290102005005,probability_native,0.6231290102005005,u_e477231929247159,3,1,official,principal
357,0,0,0.17185336351394653,probability_native,0.17185336351394653,u_e477231929247159,3,1,official,principal
1228,0,1,0.554973304271698,probability_native,0.554973304271698,u_e477231929247159,3,1,official,principal
1853,1,1,0.740024209022522,probability_native,0.740024209022522,u_e477231929247159,3,1,official,principal
208,1,1,0.7119103074073792,probability_native,0.7119103074073792,u_e477231929247159,3,1,official,principal
2323,1,1,0.7152339816093445,probability_native,0.7152339816093445,u_e477231929247159,3,1,official,principal
1572,1,1,0.703798234462738,probability_native,0.703798234462738,u_e477231929247159,3,1,official,principal
814,0,0,0.3322850167751312,probability_native,0.3322850167751312,u_e477231929247159,3,1,official,principal
4013,0,1,0.6937974691390991,probability_native,0.6937974691390991,u_e477231929247159,3,1,official,principal
659,0,0,0.11056867986917496,probability_native,0.11056867986917496,u_e477231929247159,3,1,official,principal
6968,1,1,0.5819274187088013,probability_native,0.5819274187088013,u_e477231929247159,3,1,official,principal
5326,1,0,0.3274858593940735,probability_native,0.3274858593940735,u_e477231929247159,3,1,official,principal
2390,0,0,0.3000539243221283,probability_native,0.3000539243221283,u_e477231929247159,3,1,official,principal
301,1,1,0.9027259349822998,probability_native,0.9027259349822998,u_e477231929247159,3,1,official,principal
3129,0,0,0.1643807291984558,probability_native,0.1643807291984558,u_e477231929247159,3,1,official,principal
4487,0,0,0.18251623213291168,probability_native,0.18251623213291168,u_e477231929247159,3,1,official,principal
695,0,1,0.6796389818191528,probability_native,0.6796389818191528,u_e477231929247159,3,1,official,principal
3397,0,0,0.05760570243000984,probability_native,0.05760570243000984,u_e477231929247159,3,1,official,principal
5768,0,0,0.3942375183105469,probability_native,0.3942375183105469,u_e477231929247159,3,1,official,principal
2542,0,0,0.35019707679748535,probability_native,0.35019707679748535,u_e477231929247159,3,1,official,principal
6848,0,1,0.6400095224380493,probability_native,0.6400095224380493,u_e477231929247159,3,1,official,principal
2998,0,1,0.8455313444137573,probability_native,0.8455313444137573,u_e477231929247159,3,1,official,principal
1339,1,1,0.579580545425415,probability_native,0.579580545425415,u_e477231929247159,3,1,official,principal
5331,0,0,0.048785921186208725,probability_native,0.048785921186208725,u_e477231929247159,3,1,official,principal
4813,0,1,0.6764711737632751,probability_native,0.6764711737632751,u_e477231929247159,3,1,official,principal
5559,0,1,0.6311740279197693,probability_native,0.6311740279197693,u_e477231929247159,3,1,official,principal
1725,0,1,0.7922277450561523,probability_native,0.7922277450561523,u_e477231929247159,3,1,official,principal
2639,1,1,0.5617734789848328,probability_native,0.5617734789848328,u_e477231929247159,3,1,official,principal
6667,1,1,0.7888982892036438,probability_native,0.7888982892036438,u_e477231929247159,3,1,official,principal
7027,0,0,0.31171172857284546,probability_native,0.31171172857284546,u_e477231929247159,3,1,official,principal
3582,0,1,0.8242044448852539,probability_native,0.8242044448852539,u_e477231929247159,3,1,official,principal
5303,0,0,0.4124424159526825,probability_native,0.4124424159526825,u_e477231929247159,3,1,official,principal
1638,0,0,0.05743953213095665,probability_native,0.05743953213095665,u_e477231929247159,3,1,official,principal
1394,0,0,0.3789696991443634,probability_native,0.3789696991443634,u_e477231929247159,3,1,official,principal
799,1,0,0.37140345573425293,probability_native,0.37140345573425293,u_e477231929247159,3,1,official,principal
4592,0,0,0.07191770523786545,probability_native,0.07191770523786545,u_e477231929247159,3,1,official,principal
6290,1,0,0.054153770208358765,probability_native,0.054153770208358765,u_e477231929247159,3,1,official,principal
4370,0,0,0.3037723898887634,probability_native,0.3037723898887634,u_e477231929247159,3,1,official,principal
1614,0,0,0.03980385139584541,probability_native,0.03980385139584541,u_e477231929247159,3,1,official,principal
5841,1,0,0.25238099694252014,probability_native,0.25238099694252014,u_e477231929247159,3,1,official,principal
5485,0,1,0.6516566276550293,probability_native,0.6516566276550293,u_e477231929247159,3,1,official,principal
2762,0,0,0.08137176185846329,probability_native,0.08137176185846329,u_e477231929247159,3,1,official,principal
1431,0,0,0.13944311439990997,probability_native,0.13944311439990997,u_e477231929247159,3,1,official,principal
1487,0,1,0.6286832094192505,probability_native,0.6286832094192505,u_e477231929247159,3,1,official,principal
1159,1,1,0.822110116481781,probability_native,0.822110116481781,u_e477231929247159,3,1,official,principal
6672,0,0,0.05104348808526993,probability_native,0.05104348808526993,u_e477231929247159,3,1,official,principal
2584,0,0,0.22210045158863068,probability_native,0.22210045158863068,u_e477231929247159,3,1,official,principal
3417,0,0,0.4078645706176758,probability_native,0.4078645706176758,u_e477231929247159,3,1,official,principal
4950,1,1,0.8880367279052734,probability_native,0.8880367279052734,u_e477231929247159,3,1,official,principal
3501,0,0,0.041930560022592545,probability_native,0.041930560022592545,u_e477231929247159,3,1,official,principal
4507,0,0,0.3432773947715759,probability_native,0.3432773947715759,u_e477231929247159,3,1,official,principal
1063,0,0,0.39511606097221375,probability_native,0.39511606097221375,u_e477231929247159,3,1,official,principal
5603,1,1,0.6929520964622498,probability_native,0.6929520964622498,u_e477231929247159,3,1,official,principal
4117,0,0,0.058301083743572235,probability_native,0.058301083743572235,u_e477231929247159,3,1,official,principal
263,0,0,0.05000083148479462,probability_native,0.05000083148479462,u_e477231929247159,3,1,official,principal
4897,0,0,0.4437490999698639,probability_native,0.4437490999698639,u_e477231929247159,3,1,official,principal
6474,0,0,0.053606413304805756,probability_native,0.053606413304805756,u_e477231929247159,3,1,official,principal
4081,1,1,0.894583523273468,probability_native,0.894583523273468,u_e477231929247159,3,1,official,principal
6204,0,0,0.4518732726573944,probability_native,0.4518732726573944,u_e477231929247159,3,1,official,principal
790,0,0,0.043424174189567566,probability_native,0.043424174189567566,u_e477231929247159,3,1,official,principal
1287,0,1,0.7066848874092102,probability_native,0.7066848874092102,u_e477231929247159,3,1,official,principal
1709,0,0,0.08226021379232407,probability_native,0.08226021379232407,u_e477231929247159,3,1,official,principal
6420,0,0,0.26589006185531616,probability_native,0.26589006185531616,u_e477231929247159,3,1,official,principal
2504,1,1,0.6822767853736877,probability_native,0.6822767853736877,u_e477231929247159,3,1,official,principal
2989,0,1,0.5917659401893616,probability_native,0.5917659401893616,u_e477231929247159,3,1,official,principal
4252,0,0,0.4577811062335968,probability_native,0.4577811062335968,u_e477231929247159,3,1,official,principal
2287,1,0,0.277621865272522,probability_native,0.277621865272522,u_e477231929247159,3,1,official,principal
1645,1,1,0.6614544987678528,probability_native,0.6614544987678528,u_e477231929247159,3,1,official,principal
4880,0,0,0.040796052664518356,probability_native,0.040796052664518356,u_e477231929247159,3,1,official,principal
5335,0,0,0.16861876845359802,probability_native,0.16861876845359802,u_e477231929247159,3,1,official,principal
1822,1,1,0.5677662491798401,probability_native,0.5677662491798401,u_e477231929247159,3,1,official,principal
3471,0,0,0.06187053397297859,probability_native,0.06187053397297859,u_e477231929247159,3,1,official,principal
5665,0,0,0.23354984819889069,probability_native,0.23354984819889069,u_e477231929247159,3,1,official,principal
4150,0,1,0.8376561403274536,probability_native,0.8376561403274536,u_e477231929247159,3,1,official,principal
2371,0,1,0.6847127676010132,probability_native,0.6847127676010132,u_e477231929247159,3,1,official,principal
1787,0,1,0.565345287322998,probability_native,0.565345287322998,u_e477231929247159,3,1,official,principal
525,0,0,0.39660176634788513,probability_native,0.39660176634788513,u_e477231929247159,3,1,official,principal
6281,0,0,0.11499886959791183,probability_native,0.11499886959791183,u_e477231929247159,3,1,official,principal
15,0,0,0.060005709528923035,probability_native,0.060005709528923035,u_e477231929247159,3,1,official,principal
5162,0,0,0.23901595175266266,probability_native,0.23901595175266266,u_e477231929247159,3,1,official,principal
4207,0,0,0.469237744808197,probability_native,0.469237744808197,u_e477231929247159,3,1,official,principal
5085,0,0,0.3585949242115021,probability_native,0.3585949242115021,u_e477231929247159,3,1,official,principal
3866,0,0,0.05492477864027023,probability_native,0.05492477864027023,u_e477231929247159,3,1,official,principal
722,1,1,0.8790902495384216,probability_native,0.8790902495384216,u_e477231929247159,3,1,official,principal
1352,0,0,0.04449694976210594,probability_native,0.04449694976210594,u_e477231929247159,3,1,official,principal
2348,0,0,0.29619964957237244,probability_native,0.29619964957237244,u_e477231929247159,3,1,official,principal
3752,0,0,0.08995125442743301,probability_native,0.08995125442743301,u_e477231929247159,3,1,official,principal
5448,0,0,0.4594261944293976,probability_native,0.4594261944293976,u_e477231929247159,3,1,official,principal
3418,0,0,0.4616912007331848,probability_native,0.4616912007331848,u_e477231929247159,3,1,official,principal
3325,1,1,0.8863141536712646,probability_native,0.8863141536712646,u_e477231929247159,3,1,official,principal
5109,0,0,0.041145652532577515,probability_native,0.041145652532577515,u_e477231929247159,3,1,official,principal
5130,1,1,0.5748147964477539,probability_native,0.5748147964477539,u_e477231929247159,3,1,official,principal
2824,0,0,0.03651619702577591,probability_native,0.03651619702577591,u_e477231929247159,3,1,official,principal
120,0,0,0.3060706853866577,probability_native,0.3060706853866577,u_e477231929247159,3,1,official,principal
66,0,0,0.24574275314807892,probability_native,0.24574275314807892,u_e477231929247159,3,1,official,principal
6978,0,0,0.05555333197116852,probability_native,0.05555333197116852,u_e477231929247159,3,1,official,principal
466,0,0,0.11137943714857101,probability_native,0.11137943714857101,u_e477231929247159,3,1,official,principal
2400,0,1,0.7615041136741638,probability_native,0.7615041136741638,u_e477231929247159,3,1,official,principal
6704,0,1,0.5674813985824585,probability_native,0.5674813985824585,u_e477231929247159,3,1,official,principal
4901,1,1,0.8952191472053528,probability_native,0.8952191472053528,u_e477231929247159,3,1,official,principal
5733,0,0,0.033471956849098206,probability_native,0.033471956849098206,u_e477231929247159,3,1,official,principal
1559,0,0,0.3330243229866028,probability_native,0.3330243229866028,u_e477231929247159,3,1,official,principal
5805,0,0,0.3486969470977783,probability_native,0.3486969470977783,u_e477231929247159,3,1,official,principal
4659,0,0,0.14793284237384796,probability_native,0.14793284237384796,u_e477231929247159,3,1,official,principal
585,1,1,0.9262358546257019,probability_native,0.9262358546257019,u_e477231929247159,3,1,official,principal
2024,0,0,0.45859935879707336,probability_native,0.45859935879707336,u_e477231929247159,3,1,official,principal
3026,1,1,0.7557681798934937,probability_native,0.7557681798934937,u_e477231929247159,3,1,official,principal
4707,0,1,0.5081086158752441,probability_native,0.5081086158752441,u_e477231929247159,3,1,official,principal
6000,0,0,0.06240859627723694,probability_native,0.06240859627723694,u_e477231929247159,3,1,official,principal
1723,0,0,0.04929950460791588,probability_native,0.04929950460791588,u_e477231929247159,3,1,official,principal
5282,1,1,0.8979254364967346,probability_native,0.8979254364967346,u_e477231929247159,3,1,official,principal
1064,0,0,0.13184002041816711,probability_native,0.13184002041816711,u_e477231929247159,3,1,official,principal
162,0,1,0.8239728212356567,probability_native,0.8239728212356567,u_e477231929247159,3,1,official,principal
5931,1,1,0.8280446529388428,probability_native,0.8280446529388428,u_e477231929247159,3,1,official,principal
3051,0,0,0.03509575128555298,probability_native,0.03509575128555298,u_e477231929247159,3,1,official,principal
2571,0,0,0.11771362274885178,probability_native,0.11771362274885178,u_e477231929247159,3,1,official,principal
3983,1,1,0.8085732460021973,probability_native,0.8085732460021973,u_e477231929247159,3,1,official,principal
327,1,1,0.8283559083938599,probability_native,0.8283559083938599,u_e477231929247159,3,1,official,principal
3477,0,1,0.7005566358566284,probability_native,0.7005566358566284,u_e477231929247159,3,1,official,principal
2049,0,0,0.38652512431144714,probability_native,0.38652512431144714,u_e477231929247159,3,1,official,principal
6092,0,0,0.03420040011405945,probability_native,0.03420040011405945,u_e477231929247159,3,1,official,principal
6061,0,0,0.25701284408569336,probability_native,0.25701284408569336,u_e477231929247159,3,1,official,principal
4009,0,0,0.05274087190628052,probability_native,0.05274087190628052,u_e477231929247159,3,1,official,principal
3284,0,1,0.6884249448776245,probability_native,0.6884249448776245,u_e477231929247159,3,1,official,principal
5221,0,0,0.31982648372650146,probability_native,0.31982648372650146,u_e477231929247159,3,1,official,principal
1997,0,0,0.0869312658905983,probability_native,0.0869312658905983,u_e477231929247159,3,1,official,principal
4465,0,0,0.2589767277240753,probability_native,0.2589767277240753,u_e477231929247159,3,1,official,principal
5184,0,0,0.05124674737453461,probability_native,0.05124674737453461,u_e477231929247159,3,1,official,principal
5240,0,0,0.08660180866718292,probability_native,0.08660180866718292,u_e477231929247159,3,1,official,principal
2536,1,0,0.08223191648721695,probability_native,0.08223191648721695,u_e477231929247159,3,1,official,principal
5322,0,0,0.2611428499221802,probability_native,0.2611428499221802,u_e477231929247159,3,1,official,principal
2035,0,0,0.3540024161338806,probability_native,0.3540024161338806,u_e477231929247159,3,1,official,principal
2484,0,0,0.23555611073970795,probability_native,0.23555611073970795,u_e477231929247159,3,1,official,principal
6548,0,0,0.22603896260261536,probability_native,0.22603896260261536,u_e477231929247159,3,1,official,principal
3300,0,0,0.06519842147827148,probability_native,0.06519842147827148,u_e477231929247159,3,1,official,principal
5580,0,0,0.053740762174129486,probability_native,0.053740762174129486,u_e477231929247159,3,1,official,principal
569,0,0,0.29021504521369934,probability_native,0.29021504521369934,u_e477231929247159,3,1,official,principal
1147,0,1,0.7502731680870056,probability_native,0.7502731680870056,u_e477231929247159,3,1,official,principal
3779,1,0,0.10287681967020035,probability_native,0.10287681967020035,u_e477231929247159,3,1,official,principal
4717,0,1,0.5676884055137634,probability_native,0.5676884055137634,u_e477231929247159,3,1,official,principal
6430,0,0,0.19063681364059448,probability_native,0.19063681364059448,u_e477231929247159,3,1,official,principal
2618,0,0,0.06915223598480225,probability_native,0.06915223598480225,u_e477231929247159,3,1,official,principal
2001,0,0,0.31006354093551636,probability_native,0.31006354093551636,u_e477231929247159,3,1,official,principal
4575,0,0,0.45093753933906555,probability_native,0.45093753933906555,u_e477231929247159,3,1,official,principal
6930,1,1,0.7922767400741577,probability_native,0.7922767400741577,u_e477231929247159,3,1,official,principal
6966,0,0,0.19639140367507935,probability_native,0.19639140367507935,u_e477231929247159,3,1,official,principal
530,0,0,0.053980451077222824,probability_native,0.053980451077222824,u_e477231929247159,3,1,official,principal
3775,1,1,0.7931379079818726,probability_native,0.7931379079818726,u_e477231929247159,3,1,official,principal
4404,0,1,0.7206417322158813,probability_native,0.7206417322158813,u_e477231929247159,3,1,official,principal
5436,0,1,0.6554325222969055,probability_native,0.6554325222969055,u_e477231929247159,3,1,official,principal
3662,1,1,0.5495237112045288,probability_native,0.5495237112045288,u_e477231929247159,3,1,official,principal
3626,0,0,0.2663373649120331,probability_native,0.2663373649120331,u_e477231929247159,3,1,official,principal
2531,0,0,0.0325438417494297,probability_native,0.0325438417494297,u_e477231929247159,3,1,official,principal
640,0,0,0.03519311174750328,probability_native,0.03519311174750328,u_e477231929247159,3,1,official,principal
3880,0,0,0.3460083305835724,probability_native,0.3460083305835724,u_e477231929247159,3,1,official,principal
5779,1,0,0.3427165746688843,probability_native,0.3427165746688843,u_e477231929247159,3,1,official,principal
3530,0,0,0.4151107668876648,probability_native,0.4151107668876648,u_e477231929247159,3,1,official,principal
7015,0,1,0.5757797956466675,probability_native,0.5757797956466675,u_e477231929247159,3,1,official,principal
5930,0,0,0.0464964285492897,probability_native,0.0464964285492897,u_e477231929247159,3,1,official,principal
5695,0,0,0.04489733278751373,probability_native,0.04489733278751373,u_e477231929247159,3,1,official,principal
6927,0,0,0.3750636577606201,probability_native,0.3750636577606201,u_e477231929247159,3,1,official,principal
914,0,0,0.033525627106428146,probability_native,0.033525627106428146,u_e477231929247159,3,1,official,principal
1623,0,0,0.12579266726970673,probability_native,0.12579266726970673,u_e477231929247159,3,1,official,principal
1353,0,0,0.06846512109041214,probability_native,0.06846512109041214,u_e477231929247159,3,1,official,principal
3426,1,1,0.887089729309082,probability_native,0.887089729309082,u_e477231929247159,3,1,official,principal
2768,0,0,0.12399791926145554,probability_native,0.12399791926145554,u_e477231929247159,3,1,official,principal
1833,0,1,0.7159402966499329,probability_native,0.7159402966499329,u_e477231929247159,3,1,official,principal
3115,1,1,0.8240312933921814,probability_native,0.8240312933921814,u_e477231929247159,3,1,official,principal
4703,1,1,0.6500763893127441,probability_native,0.6500763893127441,u_e477231929247159,3,1,official,principal
3391,0,0,0.21589083969593048,probability_native,0.21589083969593048,u_e477231929247159,3,1,official,principal
1823,1,1,0.585178017616272,probability_native,0.585178017616272,u_e477231929247159,3,1,official,principal
5699,0,1,0.6661839485168457,probability_native,0.6661839485168457,u_e477231929247159,3,1,official,principal
4339,0,0,0.30806395411491394,probability_native,0.30806395411491394,u_e477231929247159,3,1,official,principal
2325,0,0,0.36152172088623047,probability_native,0.36152172088623047,u_e477231929247159,3,1,official,principal
6684,0,0,0.16456200182437897,probability_native,0.16456200182437897,u_e477231929247159,3,1,official,principal
372,0,0,0.06073800101876259,probability_native,0.06073800101876259,u_e477231929247159,3,1,official,principal
5849,0,0,0.03414829075336456,probability_native,0.03414829075336456,u_e477231929247159,3,1,official,principal
5489,0,0,0.43505948781967163,probability_native,0.43505948781967163,u_e477231929247159,3,1,official,principal
6019,0,0,0.34602802991867065,probability_native,0.34602802991867065,u_e477231929247159,3,1,official,principal
3414,0,0,0.06397238373756409,probability_native,0.06397238373756409,u_e477231929247159,3,1,official,principal
2938,0,0,0.3314460813999176,probability_native,0.3314460813999176,u_e477231929247159,3,1,official,principal
4519,0,1,0.5018928050994873,probability_native,0.5018928050994873,u_e477231929247159,3,1,official,principal
1165,0,0,0.06288094073534012,probability_native,0.06288094073534012,u_e477231929247159,3,1,official,principal
1335,1,1,0.7180286645889282,probability_native,0.7180286645889282,u_e477231929247159,3,1,official,principal
2676,0,0,0.05717569217085838,probability_native,0.05717569217085838,u_e477231929247159,3,1,official,principal
1306,1,0,0.32426917552948,probability_native,0.32426917552948,u_e477231929247159,3,1,official,principal
4618,0,1,0.8794410228729248,probability_native,0.8794410228729248,u_e477231929247159,3,1,official,principal
3495,1,1,0.9059534668922424,probability_native,0.9059534668922424,u_e477231929247159,3,1,official,principal
4285,0,0,0.054590098559856415,probability_native,0.054590098559856415,u_e477231929247159,3,1,official,principal
1317,0,0,0.4226117730140686,probability_native,0.4226117730140686,u_e477231929247159,3,1,official,principal
3435,0,1,0.7947964668273926,probability_native,0.7947964668273926,u_e477231929247159,3,1,official,principal
3891,0,0,0.13115821778774261,probability_native,0.13115821778774261,u_e477231929247159,3,1,official,principal
442,0,0,0.4139631986618042,probability_native,0.4139631986618042,u_e477231929247159,3,1,official,principal
2112,0,0,0.12623052299022675,probability_native,0.12623052299022675,u_e477231929247159,3,1,official,principal
4731,0,0,0.09267759323120117,probability_native,0.09267759323120117,u_e477231929247159,3,1,official,principal
1789,0,0,0.409033864736557,probability_native,0.409033864736557,u_e477231929247159,3,1,official,principal
1582,0,0,0.08251998573541641,probability_native,0.08251998573541641,u_e477231929247159,3,1,official,principal
5555,0,0,0.03565492480993271,probability_native,0.03565492480993271,u_e477231929247159,3,1,official,principal
4814,1,1,0.7348610162734985,probability_native,0.7348610162734985,u_e477231929247159,3,1,official,principal
4729,0,0,0.049738917499780655,probability_native,0.049738917499780655,u_e477231929247159,3,1,official,principal
5336,0,0,0.4695051312446594,probability_native,0.4695051312446594,u_e477231929247159,3,1,official,principal
1222,0,0,0.0415399968624115,probability_native,0.0415399968624115,u_e477231929247159,3,1,official,principal
854,0,0,0.036546770483255386,probability_native,0.036546770483255386,u_e477231929247159,3,1,official,principal
2186,0,0,0.04078669473528862,probability_native,0.04078669473528862,u_e477231929247159,3,1,official,principal
6935,0,0,0.13709500432014465,probability_native,0.13709500432014465,u_e477231929247159,3,1,official,principal
2090,0,0,0.25397372245788574,probability_native,0.25397372245788574,u_e477231929247159,3,1,official,principal
1048,0,0,0.05378628522157669,probability_native,0.05378628522157669,u_e477231929247159,3,1,official,principal
3080,0,1,0.6217666864395142,probability_native,0.6217666864395142,u_e477231929247159,3,1,official,principal
5574,0,0,0.10517265647649765,probability_native,0.10517265647649765,u_e477231929247159,3,1,official,principal
5063,1,1,0.7640017867088318,probability_native,0.7640017867088318,u_e477231929247159,3,1,official,principal
5563,0,0,0.3052632212638855,probability_native,0.3052632212638855,u_e477231929247159,3,1,official,principal
2605,0,0,0.05823637545108795,probability_native,0.05823637545108795,u_e477231929247159,3,1,official,principal
5829,0,0,0.1838293969631195,probability_native,0.1838293969631195,u_e477231929247159,3,1,official,principal
5036,1,1,0.6555874347686768,probability_native,0.6555874347686768,u_e477231929247159,3,1,official,principal
6507,1,0,0.2423812597990036,probability_native,0.2423812597990036,u_e477231929247159,3,1,official,principal
2051,0,0,0.03679376840591431,probability_native,0.03679376840591431,u_e477231929247159,3,1,official,principal
1649,0,0,0.2537743151187897,probability_native,0.2537743151187897,u_e477231929247159,3,1,official,principal
5713,0,0,0.07529369741678238,probability_native,0.07529369741678238,u_e477231929247159,3,1,official,principal
4125,0,0,0.40709540247917175,probability_native,0.40709540247917175,u_e477231929247159,3,1,official,principal
4027,1,0,0.44339361786842346,probability_native,0.44339361786842346,u_e477231929247159,3,1,official,principal
6559,0,1,0.6282060742378235,probability_native,0.6282060742378235,u_e477231929247159,3,1,official,principal
6065,0,0,0.03774990886449814,probability_native,0.03774990886449814,u_e477231929247159,3,1,official,principal
2416,0,1,0.5863930583000183,probability_native,0.5863930583000183,u_e477231929247159,3,1,official,principal
2415,1,1,0.5743788480758667,probability_native,0.5743788480758667,u_e477231929247159,3,1,official,principal
7006,1,1,0.6839393973350525,probability_native,0.6839393973350525,u_e477231929247159,3,1,official,principal
6567,0,1,0.8279081583023071,probability_native,0.8279081583023071,u_e477231929247159,3,1,official,principal
6569,0,0,0.049139074981212616,probability_native,0.049139074981212616,u_e477231929247159,3,1,official,principal
4118,0,1,0.5005252957344055,probability_native,0.5005252957344055,u_e477231929247159,3,1,official,principal
3580,1,0,0.42708244919776917,probability_native,0.42708244919776917,u_e477231929247159,3,1,official,principal
2643,1,1,0.7416695952415466,probability_native,0.7416695952415466,u_e477231929247159,3,1,official,principal
5936,0,0,0.04357168823480606,probability_native,0.04357168823480606,u_e477231929247159,3,1,official,principal
3278,0,0,0.11432433873414993,probability_native,0.11432433873414993,u_e477231929247159,3,1,official,principal
3108,0,0,0.4820784330368042,probability_native,0.4820784330368042,u_e477231929247159,3,1,official,principal
2817,0,0,0.04547106474637985,probability_native,0.04547106474637985,u_e477231929247159,3,1,official,principal
1457,0,1,0.6851418018341064,probability_native,0.6851418018341064,u_e477231929247159,3,1,official,principal
7042,0,0,0.1691599190235138,probability_native,0.1691599190235138,u_e477231929247159,3,1,official,principal
5937,1,1,0.8390611410140991,probability_native,0.8390611410140991,u_e477231929247159,3,1,official,principal
776,0,1,0.6192023158073425,probability_native,0.6192023158073425,u_e477231929247159,3,1,official,principal
6686,0,0,0.16078439354896545,probability_native,0.16078439354896545,u_e477231929247159,3,1,official,principal
2240,0,0,0.04086432605981827,probability_native,0.04086432605981827,u_e477231929247159,3,1,official,principal
2597,0,0,0.43748167157173157,probability_native,0.43748167157173157,u_e477231929247159,3,1,official,principal
3739,0,0,0.07188750803470612,probability_native,0.07188750803470612,u_e477231929247159,3,1,official,principal
6226,0,0,0.03817593678832054,probability_native,0.03817593678832054,u_e477231929247159,3,1,official,principal
2352,0,0,0.27986422181129456,probability_native,0.27986422181129456,u_e477231929247159,3,1,official,principal
1510,0,0,0.03627654165029526,probability_native,0.03627654165029526,u_e477231929247159,3,1,official,principal
5413,0,1,0.777010440826416,probability_native,0.777010440826416,u_e477231929247159,3,1,official,principal
429,0,0,0.07642196863889694,probability_native,0.07642196863889694,u_e477231929247159,3,1,official,principal
3009,0,1,0.6702304482460022,probability_native,0.6702304482460022,u_e477231929247159,3,1,official,principal
946,0,0,0.3599119186401367,probability_native,0.3599119186401367,u_e477231929247159,3,1,official,principal
6693,0,1,0.5106390118598938,probability_native,0.5106390118598938,u_e477231929247159,3,1,official,principal
6940,0,0,0.03835944086313248,probability_native,0.03835944086313248,u_e477231929247159,3,1,official,principal
5350,0,0,0.05694875866174698,probability_native,0.05694875866174698,u_e477231929247159,3,1,official,principal
4011,0,0,0.051332756876945496,probability_native,0.051332756876945496,u_e477231929247159,3,1,official,principal
5666,0,0,0.1977611631155014,probability_native,0.1977611631155014,u_e477231929247159,3,1,official,principal
182,1,1,0.7597793936729431,probability_native,0.7597793936729431,u_e477231929247159,3,1,official,principal
4050,0,1,0.7054070830345154,probability_native,0.7054070830345154,u_e477231929247159,3,1,official,principal
463,1,1,0.8913438320159912,probability_native,0.8913438320159912,u_e477231929247159,3,1,official,principal
6215,1,1,0.894523024559021,probability_native,0.894523024559021,u_e477231929247159,3,1,official,principal
3094,0,0,0.23026269674301147,probability_native,0.23026269674301147,u_e477231929247159,3,1,official,principal
3958,1,1,0.5248462557792664,probability_native,0.5248462557792664,u_e477231929247159,3,1,official,principal
2331,0,0,0.13075242936611176,probability_native,0.13075242936611176,u_e477231929247159,3,1,official,principal
4601,0,1,0.6687543392181396,probability_native,0.6687543392181396,u_e477231929247159,3,1,official,principal
6213,0,0,0.05216208100318909,probability_native,0.05216208100318909,u_e477231929247159,3,1,official,principal
4374,0,0,0.034328803420066833,probability_native,0.034328803420066833,u_e477231929247159,3,1,official,principal
215,0,0,0.3477243483066559,probability_native,0.3477243483066559,u_e477231929247159,3,1,official,principal
6952,1,1,0.6773320436477661,probability_native,0.6773320436477661,u_e477231929247159,3,1,official,principal
4075,0,0,0.4236794412136078,probability_native,0.4236794412136078,u_e477231929247159,3,1,official,principal
4656,0,1,0.5812132358551025,probability_native,0.5812132358551025,u_e477231929247159,3,1,official,principal
4347,0,0,0.12110407650470734,probability_native,0.12110407650470734,u_e477231929247159,3,1,official,principal
2230,0,0,0.04357970505952835,probability_native,0.04357970505952835,u_e477231929247159,3,1,official,principal
6515,1,0,0.2288960963487625,probability_native,0.2288960963487625,u_e477231929247159,3,1,official,principal
1058,1,1,0.8638772964477539,probability_native,0.8638772964477539,u_e477231929247159,3,1,official,principal
6997,0,1,0.704495370388031,probability_native,0.704495370388031,u_e477231929247159,3,1,official,principal
248,1,1,0.6969301700592041,probability_native,0.6969301700592041,u_e477231929247159,3,1,official,principal
2084,1,1,0.835250735282898,probability_native,0.835250735282898,u_e477231929247159,3,1,official,principal
4587,0,0,0.4501364529132843,probability_native,0.4501364529132843,u_e477231929247159,3,1,official,principal
6506,1,1,0.8596921563148499,probability_native,0.8596921563148499,u_e477231929247159,3,1,official,principal
5456,1,1,0.6311740279197693,probability_native,0.6311740279197693,u_e477231929247159,3,1,official,principal
6310,0,0,0.19142518937587738,probability_native,0.19142518937587738,u_e477231929247159,3,1,official,principal
5286,1,1,0.6714126467704773,probability_native,0.6714126467704773,u_e477231929247159,3,1,official,principal
3100,0,0,0.439726322889328,probability_native,0.439726322889328,u_e477231929247159,3,1,official,principal
3040,1,0,0.26667478680610657,probability_native,0.26667478680610657,u_e477231929247159,3,1,official,principal
2327,0,1,0.5853694677352905,probability_native,0.5853694677352905,u_e477231929247159,3,1,official,principal
3146,1,1,0.8370193839073181,probability_native,0.8370193839073181,u_e477231929247159,3,1,official,principal
7022,0,1,0.5238651037216187,probability_native,0.5238651037216187,u_e477231929247159,3,1,official,principal
2445,0,0,0.49521175026893616,probability_native,0.49521175026893616,u_e477231929247159,3,1,official,principal
3886,0,0,0.21364755928516388,probability_native,0.21364755928516388,u_e477231929247159,3,1,official,principal
1744,0,1,0.6053225994110107,probability_native,0.6053225994110107,u_e477231929247159,3,1,official,principal
6573,0,0,0.21221324801445007,probability_native,0.21221324801445007,u_e477231929247159,3,1,official,principal
4298,0,0,0.41580212116241455,probability_native,0.41580212116241455,u_e477231929247159,3,1,official,principal
1828,0,0,0.05650270730257034,probability_native,0.05650270730257034,u_e477231929247159,3,1,official,principal
3666,1,0,0.4847887456417084,probability_native,0.4847887456417084,u_e477231929247159,3,1,official,principal
6590,1,1,0.8883979320526123,probability_native,0.8883979320526123,u_e477231929247159,3,1,official,principal
4195,0,0,0.3092680871486664,probability_native,0.3092680871486664,u_e477231929247159,3,1,official,principal
5654,0,0,0.15269948542118073,probability_native,0.15269948542118073,u_e477231929247159,3,1,official,principal
381,1,1,0.6598353385925293,probability_native,0.6598353385925293,u_e477231929247159,3,1,official,principal
16,0,0,0.06856850534677505,probability_native,0.06856850534677505,u_e477231929247159,3,1,official,principal
3013,0,0,0.18606138229370117,probability_native,0.18606138229370117,u_e477231929247159,3,1,official,principal
1769,0,0,0.3591137230396271,probability_native,0.3591137230396271,u_e477231929247159,3,1,official,principal
5910,0,0,0.4319239854812622,probability_native,0.4319239854812622,u_e477231929247159,3,1,official,principal
3281,0,0,0.14814147353172302,probability_native,0.14814147353172302,u_e477231929247159,3,1,official,principal
3445,0,1,0.5337953567504883,probability_native,0.5337953567504883,u_e477231929247159,3,1,official,principal
3729,0,0,0.03622138872742653,probability_native,0.03622138872742653,u_e477231929247159,3,1,official,principal
5321,0,0,0.28863459825515747,probability_native,0.28863459825515747,u_e477231929247159,3,1,official,principal
5939,0,0,0.4198981523513794,probability_native,0.4198981523513794,u_e477231929247159,3,1,official,principal
6316,0,0,0.035971760749816895,probability_native,0.035971760749816895,u_e477231929247159,3,1,official,principal
3617,1,1,0.7259864807128906,probability_native,0.7259864807128906,u_e477231929247159,3,1,official,principal
3993,0,0,0.08853888511657715,probability_native,0.08853888511657715,u_e477231929247159,3,1,official,principal
5382,0,0,0.11797771602869034,probability_native,0.11797771602869034,u_e477231929247159,3,1,official,principal
4261,0,0,0.14076881110668182,probability_native,0.14076881110668182,u_e477231929247159,3,1,official,principal
5425,0,1,0.7110591530799866,probability_native,0.7110591530799866,u_e477231929247159,3,1,official,principal
1711,0,0,0.0325438417494297,probability_native,0.0325438417494297,u_e477231929247159,3,1,official,principal
6408,1,0,0.4376541078090668,probability_native,0.4376541078090668,u_e477231929247159,3,1,official,principal
3054,0,0,0.23355817794799805,probability_native,0.23355817794799805,u_e477231929247159,3,1,official,principal
3268,0,0,0.19130291044712067,probability_native,0.19130291044712067,u_e477231929247159,3,1,official,principal
331,0,0,0.10712880641222,probability_native,0.10712880641222,u_e477231929247159,3,1,official,principal
6337,0,0,0.3707887530326843,probability_native,0.3707887530326843,u_e477231929247159,3,1,official,principal
1898,1,1,0.7875848412513733,probability_native,0.7875848412513733,u_e477231929247159,3,1,official,principal
4793,0,0,0.4669530391693115,probability_native,0.4669530391693115,u_e477231929247159,3,1,official,principal
4003,0,0,0.06082936003804207,probability_native,0.06082936003804207,u_e477231929247159,3,1,official,principal
6833,0,1,0.6808240413665771,probability_native,0.6808240413665771,u_e477231929247159,3,1,official,principal
3447,0,0,0.20753446221351624,probability_native,0.20753446221351624,u_e477231929247159,3,1,official,principal
841,0,0,0.12535104155540466,probability_native,0.12535104155540466,u_e477231929247159,3,1,official,principal
4346,0,0,0.2829285264015198,probability_native,0.2829285264015198,u_e477231929247159,3,1,official,principal
28,0,0,0.03484010323882103,probability_native,0.03484010323882103,u_e477231929247159,3,1,official,principal
2786,0,0,0.13884896039962769,probability_native,0.13884896039962769,u_e477231929247159,3,1,official,principal
307,0,0,0.05471652001142502,probability_native,0.05471652001142502,u_e477231929247159,3,1,official,principal
3042,1,0,0.34033697843551636,probability_native,0.34033697843551636,u_e477231929247159,3,1,official,principal
4203,0,0,0.15011821687221527,probability_native,0.15011821687221527,u_e477231929247159,3,1,official,principal
422,0,0,0.42350152134895325,probability_native,0.42350152134895325,u_e477231929247159,3,1,official,principal
6283,1,1,0.7009401321411133,probability_native,0.7009401321411133,u_e477231929247159,3,1,official,principal
2134,0,1,0.6101253032684326,probability_native,0.6101253032684326,u_e477231929247159,3,1,official,principal
6518,1,1,0.7460486888885498,probability_native,0.7460486888885498,u_e477231929247159,3,1,official,principal
4367,0,0,0.14091850817203522,probability_native,0.14091850817203522,u_e477231929247159,3,1,official,principal
4053,0,0,0.48677074909210205,probability_native,0.48677074909210205,u_e477231929247159,3,1,official,principal
6417,1,1,0.5319173336029053,probability_native,0.5319173336029053,u_e477231929247159,3,1,official,principal
734,0,1,0.5735225677490234,probability_native,0.5735225677490234,u_e477231929247159,3,1,official,principal
227,1,1,0.6784566044807434,probability_native,0.6784566044807434,u_e477231929247159,3,1,official,principal
765,0,1,0.5591647624969482,probability_native,0.5591647624969482,u_e477231929247159,3,1,official,principal
5735,0,0,0.04525811970233917,probability_native,0.04525811970233917,u_e477231929247159,3,1,official,principal
2481,0,0,0.04330342262983322,probability_native,0.04330342262983322,u_e477231929247159,3,1,official,principal
3996,0,0,0.05122834071516991,probability_native,0.05122834071516991,u_e477231929247159,3,1,official,principal
6692,0,0,0.24198462069034576,probability_native,0.24198462069034576,u_e477231929247159,3,1,official,principal
5808,0,0,0.23605266213417053,probability_native,0.23605266213417053,u_e477231929247159,3,1,official,principal
3688,0,1,0.6349455714225769,probability_native,0.6349455714225769,u_e477231929247159,3,1,official,principal
6002,1,1,0.8472545742988586,probability_native,0.8472545742988586,u_e477231929247159,3,1,official,principal
2121,0,0,0.49482232332229614,probability_native,0.49482232332229614,u_e477231929247159,3,1,official,principal
5129,0,1,0.717490017414093,probability_native,0.717490017414093,u_e477231929247159,3,1,official,principal
4927,0,0,0.04609357938170433,probability_native,0.04609357938170433,u_e477231929247159,3,1,official,principal
4715,0,0,0.04101185500621796,probability_native,0.04101185500621796,u_e477231929247159,3,1,official,principal
5764,0,0,0.2427676022052765,probability_native,0.2427676022052765,u_e477231929247159,3,1,official,principal
5348,0,0,0.15518975257873535,probability_native,0.15518975257873535,u_e477231929247159,3,1,official,principal
2969,0,0,0.19179682433605194,probability_native,0.19179682433605194,u_e477231929247159,3,1,official,principal
5079,0,1,0.6769170761108398,probability_native,0.6769170761108398,u_e477231929247159,3,1,official,principal
2512,0,0,0.1459837704896927,probability_native,0.1459837704896927,u_e477231929247159,3,1,official,principal
1220,0,0,0.3715096116065979,probability_native,0.3715096116065979,u_e477231929247159,3,1,official,principal
3676,0,0,0.15898340940475464,probability_native,0.15898340940475464,u_e477231929247159,3,1,official,principal
2801,0,0,0.18598316609859467,probability_native,0.18598316609859467,u_e477231929247159,3,1,official,principal
6327,0,0,0.29197585582733154,probability_native,0.29197585582733154,u_e477231929247159,3,1,official,principal
4376,0,0,0.42721423506736755,probability_native,0.42721423506736755,u_e477231929247159,3,1,official,principal
194,0,0,0.03813737630844116,probability_native,0.03813737630844116,u_e477231929247159,3,1,official,principal
2586,0,0,0.11662472039461136,probability_native,0.11662472039461136,u_e477231929247159,3,1,official,principal
5868,0,1,0.7672608494758606,probability_native,0.7672608494758606,u_e477231929247159,3,1,official,principal
6510,0,0,0.07078766822814941,probability_native,0.07078766822814941,u_e477231929247159,3,1,official,principal
6817,0,0,0.035347580909729004,probability_native,0.035347580909729004,u_e477231929247159,3,1,official,principal
606,0,0,0.05731334537267685,probability_native,0.05731334537267685,u_e477231929247159,3,1,official,principal
3032,0,0,0.06266878545284271,probability_native,0.06266878545284271,u_e477231929247159,3,1,official,principal
4457,0,1,0.507280707359314,probability_native,0.507280707359314,u_e477231929247159,3,1,official,principal
4754,0,0,0.03529873117804527,probability_native,0.03529873117804527,u_e477231929247159,3,1,official,principal
4278,0,0,0.3675757646560669,probability_native,0.3675757646560669,u_e477231929247159,3,1,official,principal
1307,0,0,0.25792527198791504,probability_native,0.25792527198791504,u_e477231929247159,3,1,official,principal
6857,0,0,0.4606351852416992,probability_native,0.4606351852416992,u_e477231929247159,3,1,official,principal
1065,1,1,0.5801117420196533,probability_native,0.5801117420196533,u_e477231929247159,3,1,official,principal
6482,1,1,0.9149617552757263,probability_native,0.9149617552757263,u_e477231929247159,3,1,official,principal
3518,0,1,0.5601952075958252,probability_native,0.5601952075958252,u_e477231929247159,3,1,official,principal
5195,0,0,0.03943370655179024,probability_native,0.03943370655179024,u_e477231929247159,3,1,official,principal
3692,0,1,0.6160537600517273,probability_native,0.6160537600517273,u_e477231929247159,3,1,official,principal
4395,1,1,0.6793771386146545,probability_native,0.6793771386146545,u_e477231929247159,3,1,official,principal
6103,0,0,0.23083680868148804,probability_native,0.23083680868148804,u_e477231929247159,3,1,official,principal
5138,0,0,0.3253824710845947,probability_native,0.3253824710845947,u_e477231929247159,3,1,official,principal
3479,1,1,0.6377840638160706,probability_native,0.6377840638160706,u_e477231929247159,3,1,official,principal
6886,1,1,0.8459896445274353,probability_native,0.8459896445274353,u_e477231929247159,3,1,official,principal
3888,1,1,0.8198828101158142,probability_native,0.8198828101158142,u_e477231929247159,3,1,official,principal
5911,0,0,0.38209834694862366,probability_native,0.38209834694862366,u_e477231929247159,3,1,official,principal
1920,0,0,0.16415312886238098,probability_native,0.16415312886238098,u_e477231929247159,3,1,official,principal
4155,0,0,0.05195755511522293,probability_native,0.05195755511522293,u_e477231929247159,3,1,official,principal
3718,0,0,0.4443834125995636,probability_native,0.4443834125995636,u_e477231929247159,3,1,official,principal
6689,0,0,0.23125024139881134,probability_native,0.23125024139881134,u_e477231929247159,3,1,official,principal
5471,0,1,0.7108868360519409,probability_native,0.7108868360519409,u_e477231929247159,3,1,official,principal
2358,0,0,0.09704642742872238,probability_native,0.09704642742872238,u_e477231929247159,3,1,official,principal
6572,0,0,0.039328403770923615,probability_native,0.039328403770923615,u_e477231929247159,3,1,official,principal
870,0,0,0.045348215848207474,probability_native,0.045348215848207474,u_e477231929247159,3,1,official,principal
6975,0,0,0.08372904360294342,probability_native,0.08372904360294342,u_e477231929247159,3,1,official,principal
6793,0,0,0.17218394577503204,probability_native,0.17218394577503204,u_e477231929247159,3,1,official,principal
294,0,0,0.21350790560245514,probability_native,0.21350790560245514,u_e477231929247159,3,1,official,principal
253,0,0,0.44647037982940674,probability_native,0.44647037982940674,u_e477231929247159,3,1,official,principal
5226,0,0,0.32857030630111694,probability_native,0.32857030630111694,u_e477231929247159,3,1,official,principal
6876,0,0,0.3641170263290405,probability_native,0.3641170263290405,u_e477231929247159,3,1,official,principal
5582,0,0,0.054497428238391876,probability_native,0.054497428238391876,u_e477231929247159,3,1,official,principal
6141,1,1,0.6048057675361633,probability_native,0.6048057675361633,u_e477231929247159,3,1,official,principal
3634,0,0,0.05215859413146973,probability_native,0.05215859413146973,u_e477231929247159,3,1,official,principal
6929,0,0,0.12479648739099503,probability_native,0.12479648739099503,u_e477231929247159,3,1,official,principal
6792,1,0,0.06991014629602432,probability_native,0.06991014629602432,u_e477231929247159,3,1,official,principal
1125,1,1,0.7769839763641357,probability_native,0.7769839763641357,u_e477231929247159,3,1,official,principal
4309,0,1,0.7013089656829834,probability_native,0.7013089656829834,u_e477231929247159,3,1,official,principal
4263,0,0,0.048632752150297165,probability_native,0.048632752150297165,u_e477231929247159,3,1,official,principal
3205,0,0,0.05725497007369995,probability_native,0.05725497007369995,u_e477231929247159,3,1,official,principal
2123,0,1,0.7406307458877563,probability_native,0.7406307458877563,u_e477231929247159,3,1,official,principal
4064,0,1,0.6696889400482178,probability_native,0.6696889400482178,u_e477231929247159,3,1,official,principal
5438,1,1,0.8012545704841614,probability_native,0.8012545704841614,u_e477231929247159,3,1,official,principal
3052,0,0,0.2280050814151764,probability_native,0.2280050814151764,u_e477231929247159,3,1,official,principal
1684,0,0,0.24250562489032745,probability_native,0.24250562489032745,u_e477231929247159,3,1,official,principal
1620,0,1,0.619210958480835,probability_native,0.619210958480835,u_e477231929247159,3,1,official,principal
6379,1,1,0.7563971877098083,probability_native,0.7563971877098083,u_e477231929247159,3,1,official,principal
3659,0,0,0.47834160923957825,probability_native,0.47834160923957825,u_e477231929247159,3,1,official,principal
3872,0,1,0.806369423866272,probability_native,0.806369423866272,u_e477231929247159,3,1,official,principal
2613,1,1,0.8988009095191956,probability_native,0.8988009095191956,u_e477231929247159,3,1,official,principal
885,0,1,0.6775164008140564,probability_native,0.6775164008140564,u_e477231929247159,3,1,official,principal
6706,0,1,0.6045114398002625,probability_native,0.6045114398002625,u_e477231929247159,3,1,official,principal
3839,0,0,0.22983293235301971,probability_native,0.22983293235301971,u_e477231929247159,3,1,official,principal
2906,0,1,0.5425968170166016,probability_native,0.5425968170166016,u_e477231929247159,3,1,official,principal
2635,0,0,0.03774990886449814,probability_native,0.03774990886449814,u_e477231929247159,3,1,official,principal
2557,0,1,0.6345229744911194,probability_native,0.6345229744911194,u_e477231929247159,3,1,official,principal
4130,0,0,0.4080789387226105,probability_native,0.4080789387226105,u_e477231929247159,3,1,official,principal
1360,1,1,0.8387922048568726,probability_native,0.8387922048568726,u_e477231929247159,3,1,official,principal
911,0,1,0.6598719954490662,probability_native,0.6598719954490662,u_e477231929247159,3,1,official,principal
1309,1,1,0.7708396911621094,probability_native,0.7708396911621094,u_e477231929247159,3,1,official,principal
3180,0,0,0.34746256470680237,probability_native,0.34746256470680237,u_e477231929247159,3,1,official,principal
4447,0,0,0.4003046452999115,probability_native,0.4003046452999115,u_e477231929247159,3,1,official,principal
6183,0,0,0.30812981724739075,probability_native,0.30812981724739075,u_e477231929247159,3,1,official,principal
1701,1,0,0.23538507521152496,probability_native,0.23538507521152496,u_e477231929247159,3,1,official,principal
2614,1,0,0.1948709636926651,probability_native,0.1948709636926651,u_e477231929247159,3,1,official,principal
1531,0,0,0.1928664743900299,probability_native,0.1928664743900299,u_e477231929247159,3,1,official,principal
5116,1,1,0.837485134601593,probability_native,0.837485134601593,u_e477231929247159,3,1,official,principal
1561,1,1,0.9047080874443054,probability_native,0.9047080874443054,u_e477231929247159,3,1,official,principal
2595,0,0,0.057126570492982864,probability_native,0.057126570492982864,u_e477231929247159,3,1,official,principal
2683,1,1,0.7109617590904236,probability_native,0.7109617590904236,u_e477231929247159,3,1,official,principal
5141,0,0,0.21956294775009155,probability_native,0.21956294775009155,u_e477231929247159,3,1,official,principal
2016,1,1,0.7652466893196106,probability_native,0.7652466893196106,u_e477231929247159,3,1,official,principal
5058,0,0,0.2234041541814804,probability_native,0.2234041541814804,u_e477231929247159,3,1,official,principal
1767,0,0,0.06373334676027298,probability_native,0.06373334676027298,u_e477231929247159,3,1,official,principal
103,0,0,0.12676627933979034,probability_native,0.12676627933979034,u_e477231929247159,3,1,official,principal
616,0,0,0.4110718369483948,probability_native,0.4110718369483948,u_e477231929247159,3,1,official,principal
1931,0,0,0.39648202061653137,probability_native,0.39648202061653137,u_e477231929247159,3,1,official,principal
5869,0,0,0.30588823556900024,probability_native,0.30588823556900024,u_e477231929247159,3,1,official,principal
4553,0,0,0.05306625738739967,probability_native,0.05306625738739967,u_e477231929247159,3,1,official,principal
4517,1,1,0.8966324329376221,probability_native,0.8966324329376221,u_e477231929247159,3,1,official,principal
5913,0,0,0.13638751208782196,probability_native,0.13638751208782196,u_e477231929247159,3,1,official,principal
5383,1,1,0.7339097261428833,probability_native,0.7339097261428833,u_e477231929247159,3,1,official,principal
789,0,0,0.04661928117275238,probability_native,0.04661928117275238,u_e477231929247159,3,1,official,principal
6545,1,0,0.4903141260147095,probability_native,0.4903141260147095,u_e477231929247159,3,1,official,principal
6666,0,0,0.41330865025520325,probability_native,0.41330865025520325,u_e477231929247159,3,1,official,principal
1732,0,0,0.31218579411506653,probability_native,0.31218579411506653,u_e477231929247159,3,1,official,principal
6496,1,1,0.6312419772148132,probability_native,0.6312419772148132,u_e477231929247159,3,1,official,principal
1719,0,1,0.8506547212600708,probability_native,0.8506547212600708,u_e477231929247159,3,1,official,principal
4806,0,0,0.05897221714258194,probability_native,0.05897221714258194,u_e477231929247159,3,1,official,principal
3422,0,0,0.04570988565683365,probability_native,0.04570988565683365,u_e477231929247159,3,1,official,principal
909,0,0,0.09365701675415039,probability_native,0.09365701675415039,u_e477231929247159,3,1,official,principal
5056,0,0,0.041553787887096405,probability_native,0.041553787887096405,u_e477231929247159,3,1,official,principal
3592,1,1,0.8400453329086304,probability_native,0.8400453329086304,u_e477231929247159,3,1,official,principal
6555,0,0,0.08677858859300613,probability_native,0.08677858859300613,u_e477231929247159,3,1,official,principal
2551,0,0,0.1876368373632431,probability_native,0.1876368373632431,u_e477231929247159,3,1,official,principal
4922,0,0,0.2167849987745285,probability_native,0.2167849987745285,u_e477231929247159,3,1,official,principal
5969,0,0,0.43629440665245056,probability_native,0.43629440665245056,u_e477231929247159,3,1,official,principal
3561,1,1,0.7287545204162598,probability_native,0.7287545204162598,u_e477231929247159,3,1,official,principal
3613,0,0,0.3541394770145416,probability_native,0.3541394770145416,u_e477231929247159,3,1,official,principal
2474,0,1,0.7614715099334717,probability_native,0.7614715099334717,u_e477231929247159,3,1,official,principal
5206,0,0,0.057049527764320374,probability_native,0.057049527764320374,u_e477231929247159,3,1,official,principal
6594,0,0,0.29745274782180786,probability_native,0.29745274782180786,u_e477231929247159,3,1,official,principal
2000,0,1,0.71592777967453,probability_native,0.71592777967453,u_e477231929247159,3,1,official,principal
2113,0,0,0.3240181803703308,probability_native,0.3240181803703308,u_e477231929247159,3,1,official,principal
6195,1,1,0.803635835647583,probability_native,0.803635835647583,u_e477231929247159,3,1,official,principal
1396,1,0,0.28178495168685913,probability_native,0.28178495168685913,u_e477231929247159,3,1,official,principal
751,0,0,0.04378805682063103,probability_native,0.04378805682063103,u_e477231929247159,3,1,official,principal
4479,0,0,0.07143643498420715,probability_native,0.07143643498420715,u_e477231929247159,3,1,official,principal
3577,1,0,0.3942790925502777,probability_native,0.3942790925502777,u_e477231929247159,3,1,official,principal
430,1,0,0.12417646497488022,probability_native,0.12417646497488022,u_e477231929247159,3,1,official,principal
2360,0,0,0.03538242354989052,probability_native,0.03538242354989052,u_e477231929247159,3,1,official,principal
5273,0,0,0.03565492480993271,probability_native,0.03565492480993271,u_e477231929247159,3,1,official,principal
6520,1,1,0.8759530186653137,probability_native,0.8759530186653137,u_e477231929247159,3,1,official,principal
3556,0,0,0.12319573014974594,probability_native,0.12319573014974594,u_e477231929247159,3,1,official,principal
916,0,1,0.5631763935089111,probability_native,0.5631763935089111,u_e477231929247159,3,1,official,principal
1052,0,0,0.34534135460853577,probability_native,0.34534135460853577,u_e477231929247159,3,1,official,principal
3137,0,1,0.5020615458488464,probability_native,0.5020615458488464,u_e477231929247159,3,1,official,principal
6691,0,0,0.16232247650623322,probability_native,0.16232247650623322,u_e477231929247159,3,1,official,principal
4135,0,0,0.04718885198235512,probability_native,0.04718885198235512,u_e477231929247159,3,1,official,principal
35,0,0,0.054564692080020905,probability_native,0.054564692080020905,u_e477231929247159,3,1,official,principal
636,0,0,0.08047794550657272,probability_native,0.08047794550657272,u_e477231929247159,3,1,official,principal
3595,1,1,0.8261163830757141,probability_native,0.8261163830757141,u_e477231929247159,3,1,official,principal
48,0,0,0.06111759692430496,probability_native,0.06111759692430496,u_e477231929247159,3,1,official,principal
3475,0,0,0.24992908537387848,probability_native,0.24992908537387848,u_e477231929247159,3,1,official,principal
6636,0,0,0.294599711894989,probability_native,0.294599711894989,u_e477231929247159,3,1,official,principal
5304,0,1,0.6880586743354797,probability_native,0.6880586743354797,u_e477231929247159,3,1,official,principal
4827,1,1,0.6868362426757812,probability_native,0.6868362426757812,u_e477231929247159,3,1,official,principal
5816,0,1,0.6469590067863464,probability_native,0.6469590067863464,u_e477231929247159,3,1,official,principal
4918,0,0,0.04470963031053543,probability_native,0.04470963031053543,u_e477231929247159,3,1,official,principal
2403,0,0,0.1950305998325348,probability_native,0.1950305998325348,u_e477231929247159,3,1,official,principal
4074,1,1,0.7046158313751221,probability_native,0.7046158313751221,u_e477231929247159,3,1,official,principal
1636,0,0,0.06781464070081711,probability_native,0.06781464070081711,u_e477231929247159,3,1,official,principal
3250,0,0,0.12201087921857834,probability_native,0.12201087921857834,u_e477231929247159,3,1,official,principal
4445,0,0,0.04882010072469711,probability_native,0.04882010072469711,u_e477231929247159,3,1,official,principal
1522,1,0,0.1949211210012436,probability_native,0.1949211210012436,u_e477231929247159,3,1,official,principal
6266,1,1,0.5972241163253784,probability_native,0.5972241163253784,u_e477231929247159,3,1,official,principal
901,1,1,0.8339874148368835,probability_native,0.8339874148368835,u_e477231929247159,3,1,official,principal
1872,0,0,0.048204533755779266,probability_native,0.048204533755779266,u_e477231929247159,3,1,official,principal
6751,0,0,0.07825397700071335,probability_native,0.07825397700071335,u_e477231929247159,3,1,official,principal
1450,0,0,0.2076110988855362,probability_native,0.2076110988855362,u_e477231929247159,3,1,official,principal
3643,0,0,0.10270722210407257,probability_native,0.10270722210407257,u_e477231929247159,3,1,official,principal
6646,0,0,0.06472969800233841,probability_native,0.06472969800233841,u_e477231929247159,3,1,official,principal
1095,0,1,0.9086899757385254,probability_native,0.9086899757385254,u_e477231929247159,3,1,official,principal
4566,0,0,0.4862281382083893,probability_native,0.4862281382083893,u_e477231929247159,3,1,official,principal
6106,1,1,0.5903151035308838,probability_native,0.5903151035308838,u_e477231929247159,3,1,official,principal
1936,0,0,0.1477436125278473,probability_native,0.1477436125278473,u_e477231929247159,3,1,official,principal
446,1,1,0.8380870819091797,probability_native,0.8380870819091797,u_e477231929247159,3,1,official,principal
808,1,1,0.7792360186576843,probability_native,0.7792360186576843,u_e477231929247159,3,1,official,principal
575,0,0,0.07666701078414917,probability_native,0.07666701078414917,u_e477231929247159,3,1,official,principal
2347,0,0,0.16798008978366852,probability_native,0.16798008978366852,u_e477231929247159,3,1,official,principal
1817,0,0,0.07093772292137146,probability_native,0.07093772292137146,u_e477231929247159,3,1,official,principal
5481,1,1,0.8996465802192688,probability_native,0.8996465802192688,u_e477231929247159,3,1,official,principal
5726,0,0,0.057753004133701324,probability_native,0.057753004133701324,u_e477231929247159,3,1,official,principal
2739,0,0,0.3623921275138855,probability_native,0.3623921275138855,u_e477231929247159,3,1,official,principal
7005,0,0,0.06592200696468353,probability_native,0.06592200696468353,u_e477231929247159,3,1,official,principal
3338,1,1,0.817277193069458,probability_native,0.817277193069458,u_e477231929247159,3,1,official,principal
2495,0,0,0.06189826875925064,probability_native,0.06189826875925064,u_e477231929247159,3,1,official,principal
3082,0,0,0.12618188560009003,probability_native,0.12618188560009003,u_e477231929247159,3,1,official,principal
3655,0,0,0.14076271653175354,probability_native,0.14076271653175354,u_e477231929247159,3,1,official,principal
6200,0,0,0.03938008472323418,probability_native,0.03938008472323418,u_e477231929247159,3,1,official,principal
4122,0,0,0.15552794933319092,probability_native,0.15552794933319092,u_e477231929247159,3,1,official,principal
3980,1,1,0.800428569316864,probability_native,0.800428569316864,u_e477231929247159,3,1,official,principal
4503,1,1,0.780241847038269,probability_native,0.780241847038269,u_e477231929247159,3,1,official,principal
1934,1,1,0.5765875577926636,probability_native,0.5765875577926636,u_e477231929247159,3,1,official,principal
4956,1,1,0.8419500589370728,probability_native,0.8419500589370728,u_e477231929247159,3,1,official,principal
3125,0,0,0.2934853434562683,probability_native,0.2934853434562683,u_e477231929247159,3,1,official,principal
4941,1,0,0.3285490870475769,probability_native,0.3285490870475769,u_e477231929247159,3,1,official,principal
1814,0,0,0.05306648463010788,probability_native,0.05306648463010788,u_e477231929247159,3,1,official,principal
5384,0,1,0.5524761080741882,probability_native,0.5524761080741882,u_e477231929247159,3,1,official,principal
4107,0,0,0.04397766664624214,probability_native,0.04397766664624214,u_e477231929247159,3,1,official,principal
1407,0,0,0.06188942864537239,probability_native,0.06188942864537239,u_e477231929247159,3,1,official,principal
938,0,0,0.30345529317855835,probability_native,0.30345529317855835,u_e477231929247159,3,1,official,principal
2032,1,1,0.6989479064941406,probability_native,0.6989479064941406,u_e477231929247159,3,1,official,principal
4174,1,0,0.2697922885417938,probability_native,0.2697922885417938,u_e477231929247159,3,1,official,principal
2732,0,0,0.31905385851860046,probability_native,0.31905385851860046,u_e477231929247159,3,1,official,principal
3481,0,1,0.7192123532295227,probability_native,0.7192123532295227,u_e477231929247159,3,1,official,principal
6911,0,0,0.03982260078191757,probability_native,0.03982260078191757,u_e477231929247159,3,1,official,principal
2496,0,0,0.06458977609872818,probability_native,0.06458977609872818,u_e477231929247159,3,1,official,principal
5941,0,0,0.2686815857887268,probability_native,0.2686815857887268,u_e477231929247159,3,1,official,principal
2842,0,1,0.5659832954406738,probability_native,0.5659832954406738,u_e477231929247159,3,1,official,principal
124,0,0,0.4286120533943176,probability_native,0.4286120533943176,u_e477231929247159,3,1,official,principal
1866,0,0,0.2518746852874756,probability_native,0.2518746852874756,u_e477231929247159,3,1,official,principal
1208,1,1,0.9111604690551758,probability_native,0.9111604690551758,u_e477231929247159,3,1,official,principal
6795,0,0,0.4414532780647278,probability_native,0.4414532780647278,u_e477231929247159,3,1,official,principal
3610,1,1,0.8601803779602051,probability_native,0.8601803779602051,u_e477231929247159,3,1,official,principal
339,1,1,0.6752710342407227,probability_native,0.6752710342407227,u_e477231929247159,3,1,official,principal
6863,0,0,0.13618969917297363,probability_native,0.13618969917297363,u_e477231929247159,3,1,official,principal
1449,0,0,0.2853923439979553,probability_native,0.2853923439979553,u_e477231929247159,3,1,official,principal
3963,0,0,0.0404561348259449,probability_native,0.0404561348259449,u_e477231929247159,3,1,official,principal
214,0,1,0.6894326210021973,probability_native,0.6894326210021973,u_e477231929247159,3,1,official,principal
1090,0,0,0.43077945709228516,probability_native,0.43077945709228516,u_e477231929247159,3,1,official,principal
2494,1,1,0.527826726436615,probability_native,0.527826726436615,u_e477231929247159,3,1,official,principal
5018,0,0,0.039335936307907104,probability_native,0.039335936307907104,u_e477231929247159,3,1,official,principal
5875,0,0,0.0501231886446476,probability_native,0.0501231886446476,u_e477231929247159,3,1,official,principal
2185,1,0,0.27400410175323486,probability_native,0.27400410175323486,u_e477231929247159,3,1,official,principal
4520,1,1,0.5669200420379639,probability_native,0.5669200420379639,u_e477231929247159,3,1,official,principal
6368,1,1,0.9040513038635254,probability_native,0.9040513038635254,u_e477231929247159,3,1,official,principal
2895,0,0,0.05867796018719673,probability_native,0.05867796018719673,u_e477231929247159,3,1,official,principal
729,0,0,0.09687651693820953,probability_native,0.09687651693820953,u_e477231929247159,3,1,official,principal
6791,1,1,0.6807547211647034,probability_native,0.6807547211647034,u_e477231929247159,3,1,official,principal
1771,1,1,0.8116209506988525,probability_native,0.8116209506988525,u_e477231929247159,3,1,official,principal
4797,0,0,0.050103023648262024,probability_native,0.050103023648262024,u_e477231929247159,3,1,official,principal
6877,1,1,0.8380870819091797,probability_native,0.8380870819091797,u_e477231929247159,3,1,official,principal
1717,0,0,0.039117854088544846,probability_native,0.039117854088544846,u_e477231929247159,3,1,official,principal
2008,1,1,0.8402470946311951,probability_native,0.8402470946311951,u_e477231929247159,3,1,official,principal
6096,0,1,0.8906424641609192,probability_native,0.8906424641609192,u_e477231929247159,3,1,official,principal
1103,0,1,0.6124958395957947,probability_native,0.6124958395957947,u_e477231929247159,3,1,official,principal
6830,0,0,0.05452482029795647,probability_native,0.05452482029795647,u_e477231929247159,3,1,official,principal
1713,0,0,0.2520475387573242,probability_native,0.2520475387573242,u_e477231929247159,3,1,official,principal
3854,0,0,0.3745620548725128,probability_native,0.3745620548725128,u_e477231929247159,3,1,official,principal
2228,0,0,0.11448853462934494,probability_native,0.11448853462934494,u_e477231929247159,3,1,official,principal
137,0,0,0.036349404603242874,probability_native,0.036349404603242874,u_e477231929247159,3,1,official,principal
2548,0,1,0.7250113487243652,probability_native,0.7250113487243652,u_e477231929247159,3,1,official,principal
5872,1,1,0.8949145674705505,probability_native,0.8949145674705505,u_e477231929247159,3,1,official,principal
370,0,0,0.06219128891825676,probability_native,0.06219128891825676,u_e477231929247159,3,1,official,principal
3347,0,0,0.048647377640008926,probability_native,0.048647377640008926,u_e477231929247159,3,1,official,principal
2985,0,0,0.40084928274154663,probability_native,0.40084928274154663,u_e477231929247159,3,1,official,principal
5312,1,1,0.6480750441551208,probability_native,0.6480750441551208,u_e477231929247159,3,1,official,principal
5579,1,0,0.039696674793958664,probability_native,0.039696674793958664,u_e477231929247159,3,1,official,principal
2617,1,1,0.6638990640640259,probability_native,0.6638990640640259,u_e477231929247159,3,1,official,principal
4905,0,0,0.03736821934580803,probability_native,0.03736821934580803,u_e477231929247159,3,1,official,principal
4431,0,1,0.7022546529769897,probability_native,0.7022546529769897,u_e477231929247159,3,1,official,principal
3301,1,1,0.894583523273468,probability_native,0.894583523273468,u_e477231929247159,3,1,official,principal
1246,0,1,0.6034414172172546,probability_native,0.6034414172172546,u_e477231929247159,3,1,official,principal
5862,0,1,0.5904902815818787,probability_native,0.5904902815818787,u_e477231929247159,3,1,official,principal
2353,0,1,0.864253580570221,probability_native,0.864253580570221,u_e477231929247159,3,1,official,principal
5698,1,1,0.7325026392936707,probability_native,0.7325026392936707,u_e477231929247159,3,1,official,principal
5474,0,1,0.9244604706764221,probability_native,0.9244604706764221,u_e477231929247159,3,1,official,principal
773,1,1,0.6972938179969788,probability_native,0.6972938179969788,u_e477231929247159,3,1,official,principal
2535,0,0,0.049727912992239,probability_native,0.049727912992239,u_e477231929247159,3,1,official,principal
5890,0,0,0.056768957525491714,probability_native,0.056768957525491714,u_e477231929247159,3,1,official,principal
4999,0,0,0.052514899522066116,probability_native,0.052514899522066116,u_e477231929247159,3,1,official,principal
6710,0,0,0.12988805770874023,probability_native,0.12988805770874023,u_e477231929247159,3,1,official,principal
4811,1,1,0.6506078243255615,probability_native,0.6506078243255615,u_e477231929247159,3,1,official,principal
3063,0,1,0.7725440859794617,probability_native,0.7725440859794617,u_e477231929247159,3,1,official,principal
4561,0,0,0.4857129752635956,probability_native,0.4857129752635956,u_e477231929247159,3,1,official,principal
1650,1,1,0.8825058341026306,probability_native,0.8825058341026306,u_e477231929247159,3,1,official,principal
323,0,0,0.1981038749217987,probability_native,0.1981038749217987,u_e477231929247159,3,1,official,principal
2339,1,1,0.7885628938674927,probability_native,0.7885628938674927,u_e477231929247159,3,1,official,principal
6664,0,1,0.5728133916854858,probability_native,0.5728133916854858,u_e477231929247159,3,1,official,principal
1197,0,0,0.25623661279678345,probability_native,0.25623661279678345,u_e477231929247159,3,1,official,principal
6288,0,1,0.8855403661727905,probability_native,0.8855403661727905,u_e477231929247159,3,1,official,principal
3786,0,1,0.5795716643333435,probability_native,0.5795716643333435,u_e477231929247159,3,1,official,principal
2013,0,0,0.0709068551659584,probability_native,0.0709068551659584,u_e477231929247159,3,1,official,principal
1922,0,0,0.3212994337081909,probability_native,0.3212994337081909,u_e477231929247159,3,1,official,principal
134,1,1,0.6600098013877869,probability_native,0.6600098013877869,u_e477231929247159,3,1,official,principal
3772,1,1,0.8589354753494263,probability_native,0.8589354753494263,u_e477231929247159,3,1,official,principal
6789,1,1,0.6850484013557434,probability_native,0.6850484013557434,u_e477231929247159,3,1,official,principal
224,0,0,0.10339003056287766,probability_native,0.10339003056287766,u_e477231929247159,3,1,official,principal
2766,0,0,0.3200404942035675,probability_native,0.3200404942035675,u_e477231929247159,3,1,official,principal
2442,1,1,0.8423457741737366,probability_native,0.8423457741737366,u_e477231929247159,3,1,official,principal
594,0,1,0.6902983784675598,probability_native,0.6902983784675598,u_e477231929247159,3,1,official,principal
5532,0,0,0.09198414534330368,probability_native,0.09198414534330368,u_e477231929247159,3,1,official,principal
6162,0,0,0.08496233820915222,probability_native,0.08496233820915222,u_e477231929247159,3,1,official,principal
5409,1,1,0.7551485896110535,probability_native,0.7551485896110535,u_e477231929247159,3,1,official,principal
1452,0,0,0.47057968378067017,probability_native,0.47057968378067017,u_e477231929247159,3,1,official,principal
2588,0,1,0.5481130480766296,probability_native,0.5481130480766296,u_e477231929247159,3,1,official,principal
1029,1,1,0.7110907435417175,probability_native,0.7110907435417175,u_e477231929247159,3,1,official,principal
2685,0,0,0.06143288314342499,probability_native,0.06143288314342499,u_e477231929247159,3,1,official,principal
4375,0,0,0.4602356255054474,probability_native,0.4602356255054474,u_e477231929247159,3,1,official,principal
2615,0,0,0.03497840836644173,probability_native,0.03497840836644173,u_e477231929247159,3,1,official,principal
283,0,0,0.1841990202665329,probability_native,0.1841990202665329,u_e477231929247159,3,1,official,principal
6683,0,0,0.18131017684936523,probability_native,0.18131017684936523,u_e477231929247159,3,1,official,principal
794,0,1,0.5759690403938293,probability_native,0.5759690403938293,u_e477231929247159,3,1,official,principal
3288,0,0,0.049710292369127274,probability_native,0.049710292369127274,u_e477231929247159,3,1,official,principal
1436,1,1,0.8975850343704224,probability_native,0.8975850343704224,u_e477231929247159,3,1,official,principal
5065,0,0,0.08088716864585876,probability_native,0.08088716864585876,u_e477231929247159,3,1,official,principal
1674,0,0,0.05906255170702934,probability_native,0.05906255170702934,u_e477231929247159,3,1,official,principal
5050,1,0,0.15131616592407227,probability_native,0.15131616592407227,u_e477231929247159,3,1,official,principal
7020,0,0,0.3178809583187103,probability_native,0.3178809583187103,u_e477231929247159,3,1,official,principal
2596,0,0,0.341929167509079,probability_native,0.341929167509079,u_e477231929247159,3,1,official,principal
1244,1,0,0.21603456139564514,probability_native,0.21603456139564514,u_e477231929247159,3,1,official,principal
772,1,1,0.6045114398002625,probability_native,0.6045114398002625,u_e477231929247159,3,1,official,principal
2340,0,0,0.18316751718521118,probability_native,0.18316751718521118,u_e477231929247159,3,1,official,principal
1626,0,0,0.37147143483161926,probability_native,0.37147143483161926,u_e477231929247159,3,1,official,principal
3629,0,0,0.07268466055393219,probability_native,0.07268466055393219,u_e477231929247159,3,1,official,principal
6824,1,0,0.2701527178287506,probability_native,0.2701527178287506,u_e477231929247159,3,1,official,principal
7007,0,0,0.049632810056209564,probability_native,0.049632810056209564,u_e477231929247159,3,1,official,principal
6479,1,1,0.732927143573761,probability_native,0.732927143573761,u_e477231929247159,3,1,official,principal
1740,0,0,0.1221066415309906,probability_native,0.1221066415309906,u_e477231929247159,3,1,official,principal
3363,0,0,0.04492884874343872,probability_native,0.04492884874343872,u_e477231929247159,3,1,official,principal
6994,0,0,0.07065174728631973,probability_native,0.07065174728631973,u_e477231929247159,3,1,official,principal
770,0,0,0.24285274744033813,probability_native,0.24285274744033813,u_e477231929247159,3,1,official,principal
1991,0,0,0.2905529737472534,probability_native,0.2905529737472534,u_e477231929247159,3,1,official,principal
4598,0,0,0.3698628842830658,probability_native,0.3698628842830658,u_e477231929247159,3,1,official,principal
6999,1,1,0.621691882610321,probability_native,0.621691882610321,u_e477231929247159,3,1,official,principal
4864,0,1,0.5031068325042725,probability_native,0.5031068325042725,u_e477231929247159,3,1,official,principal
3127,1,0,0.440055251121521,probability_native,0.440055251121521,u_e477231929247159,3,1,official,principal
6468,0,0,0.2074226438999176,probability_native,0.2074226438999176,u_e477231929247159,3,1,official,principal
3559,0,0,0.04942721873521805,probability_native,0.04942721873521805,u_e477231929247159,3,1,official,principal
6063,0,0,0.03508182242512703,probability_native,0.03508182242512703,u_e477231929247159,3,1,official,principal
5791,0,1,0.6990906000137329,probability_native,0.6990906000137329,u_e477231929247159,3,1,official,principal
6752,0,0,0.07351251691579819,probability_native,0.07351251691579819,u_e477231929247159,3,1,official,principal
4103,0,0,0.05541585385799408,probability_native,0.05541585385799408,u_e477231929247159,3,1,official,principal
6639,0,1,0.5751211047172546,probability_native,0.5751211047172546,u_e477231929247159,3,1,official,principal
3650,0,0,0.038952313363552094,probability_native,0.038952313363552094,u_e477231929247159,3,1,official,principal
955,1,1,0.6346009373664856,probability_native,0.6346009373664856,u_e477231929247159,3,1,official,principal
4088,1,1,0.7252402305603027,probability_native,0.7252402305603027,u_e477231929247159,3,1,official,principal
1133,0,0,0.2709702253341675,probability_native,0.2709702253341675,u_e477231929247159,3,1,official,principal
3084,0,0,0.10726858675479889,probability_native,0.10726858675479889,u_e477231929247159,3,1,official,principal
1310,1,1,0.7621405124664307,probability_native,0.7621405124664307,u_e477231929247159,3,1,official,principal
2908,1,1,0.8203559517860413,probability_native,0.8203559517860413,u_e477231929247159,3,1,official,principal
5593,0,0,0.35319390892982483,probability_native,0.35319390892982483,u_e477231929247159,3,1,official,principal
4622,0,1,0.5087019205093384,probability_native,0.5087019205093384,u_e477231929247159,3,1,official,principal
653,0,0,0.2874283194541931,probability_native,0.2874283194541931,u_e477231929247159,3,1,official,principal
2077,1,1,0.8354783058166504,probability_native,0.8354783058166504,u_e477231929247159,3,1,official,principal
4560,0,1,0.6455651521682739,probability_native,0.6455651521682739,u_e477231929247159,3,1,official,principal
3895,0,0,0.03854994848370552,probability_native,0.03854994848370552,u_e477231929247159,3,1,official,principal
6776,0,0,0.1820700764656067,probability_native,0.1820700764656067,u_e477231929247159,3,1,official,principal
5458,1,0,0.3780032694339752,probability_native,0.3780032694339752,u_e477231929247159,3,1,official,principal
5337,0,0,0.3443819284439087,probability_native,0.3443819284439087,u_e477231929247159,3,1,official,principal
6199,1,1,0.5740835070610046,probability_native,0.5740835070610046,u_e477231929247159,3,1,official,principal
601,0,0,0.11440112441778183,probability_native,0.11440112441778183,u_e477231929247159,3,1,official,principal
4265,1,1,0.563890278339386,probability_native,0.563890278339386,u_e477231929247159,3,1,official,principal
5974,0,0,0.24754643440246582,probability_native,0.24754643440246582,u_e477231929247159,3,1,official,principal
3523,0,0,0.04461916908621788,probability_native,0.04461916908621788,u_e477231929247159,3,1,official,principal
1525,0,0,0.2696903645992279,probability_native,0.2696903645992279,u_e477231929247159,3,1,official,principal
5672,0,0,0.19921213388442993,probability_native,0.19921213388442993,u_e477231929247159,3,1,official,principal
52,0,0,0.2506659924983978,probability_native,0.2506659924983978,u_e477231929247159,3,1,official,principal
4626,0,0,0.292074054479599,probability_native,0.292074054479599,u_e477231929247159,3,1,official,principal
5217,0,0,0.35654473304748535,probability_native,0.35654473304748535,u_e477231929247159,3,1,official,principal
5888,1,1,0.6710682511329651,probability_native,0.6710682511329651,u_e477231929247159,3,1,official,principal
786,0,0,0.04139825701713562,probability_native,0.04139825701713562,u_e477231929247159,3,1,official,principal
3059,0,0,0.03460051119327545,probability_native,0.03460051119327545,u_e477231929247159,3,1,official,principal
4456,0,0,0.033315110951662064,probability_native,0.033315110951662064,u_e477231929247159,3,1,official,principal
3486,0,0,0.1564054787158966,probability_native,0.1564054787158966,u_e477231929247159,3,1,official,principal
2310,0,0,0.044445060193538666,probability_native,0.044445060193538666,u_e477231929247159,3,1,official,principal
3335,0,0,0.3220897912979126,probability_native,0.3220897912979126,u_e477231929247159,3,1,official,principal
333,1,1,0.8107375502586365,probability_native,0.8107375502586365,u_e477231929247159,3,1,official,principal
5301,1,1,0.743436336517334,probability_native,0.743436336517334,u_e477231929247159,3,1,official,principal
3489,0,0,0.28569623827934265,probability_native,0.28569623827934265,u_e477231929247159,3,1,official,principal
3640,1,1,0.7912384271621704,probability_native,0.7912384271621704,u_e477231929247159,3,1,official,principal
2659,0,0,0.1039939597249031,probability_native,0.1039939597249031,u_e477231929247159,3,1,official,principal
3543,0,0,0.07603070139884949,probability_native,0.07603070139884949,u_e477231929247159,3,1,official,principal
6289,1,0,0.13361454010009766,probability_native,0.13361454010009766,u_e477231929247159,3,1,official,principal
989,0,0,0.06660639494657516,probability_native,0.06660639494657516,u_e477231929247159,3,1,official,principal
2202,1,1,0.7509422898292542,probability_native,0.7509422898292542,u_e477231929247159,3,1,official,principal
2829,1,1,0.7433559894561768,probability_native,0.7433559894561768,u_e477231929247159,3,1,official,principal
5621,1,1,0.8003308773040771,probability_native,0.8003308773040771,u_e477231929247159,3,1,official,principal
20,1,1,0.8637670874595642,probability_native,0.8637670874595642,u_e477231929247159,3,1,official,principal
2932,0,0,0.474351167678833,probability_native,0.474351167678833,u_e477231929247159,3,1,official,principal
70,0,1,0.642194390296936,probability_native,0.642194390296936,u_e477231929247159,3,1,official,principal
1304,1,1,0.7240647077560425,probability_native,0.7240647077560425,u_e477231929247159,3,1,official,principal
4881,0,0,0.47993168234825134,probability_native,0.47993168234825134,u_e477231929247159,3,1,official,principal
371,1,1,0.8981699347496033,probability_native,0.8981699347496033,u_e477231929247159,3,1,official,principal
5328,0,0,0.10686889290809631,probability_native,0.10686889290809631,u_e477231929247159,3,1,official,principal
1805,0,0,0.03839666768908501,probability_native,0.03839666768908501,u_e477231929247159,3,1,official,principal
1099,0,1,0.5876431465148926,probability_native,0.5876431465148926,u_e477231929247159,3,1,official,principal
268,1,0,0.037108246237039566,probability_native,0.037108246237039566,u_e477231929247159,3,1,official,principal
2162,0,1,0.5917414426803589,probability_native,0.5917414426803589,u_e477231929247159,3,1,official,principal
3453,0,0,0.3051927089691162,probability_native,0.3051927089691162,u_e477231929247159,3,1,official,principal
3892,0,0,0.305402010679245,probability_native,0.305402010679245,u_e477231929247159,3,1,official,principal
199,0,1,0.5573051571846008,probability_native,0.5573051571846008,u_e477231929247159,3,1,official,principal
6232,1,1,0.8977083563804626,probability_native,0.8977083563804626,u_e477231929247159,3,1,official,principal
1985,1,0,0.3749598264694214,probability_native,0.3749598264694214,u_e477231929247159,3,1,official,principal
5535,0,0,0.04711452126502991,probability_native,0.04711452126502991,u_e477231929247159,3,1,official,principal
2362,0,0,0.43667304515838623,probability_native,0.43667304515838623,u_e477231929247159,3,1,official,principal
3200,1,1,0.7324761748313904,probability_native,0.7324761748313904,u_e477231929247159,3,1,official,principal
3400,0,1,0.5625237822532654,probability_native,0.5625237822532654,u_e477231929247159,3,1,official,principal
6153,0,0,0.037518735975027084,probability_native,0.037518735975027084,u_e477231929247159,3,1,official,principal
2779,1,1,0.8461413979530334,probability_native,0.8461413979530334,u_e477231929247159,3,1,official,principal
3513,0,0,0.274944543838501,probability_native,0.274944543838501,u_e477231929247159,3,1,official,principal
489,1,1,0.8897225856781006,probability_native,0.8897225856781006,u_e477231929247159,3,1,official,principal
255,0,0,0.15700988471508026,probability_native,0.15700988471508026,u_e477231929247159,3,1,official,principal
3871,1,1,0.8663204908370972,probability_native,0.8663204908370972,u_e477231929247159,3,1,official,principal
5803,1,1,0.874130368232727,probability_native,0.874130368232727,u_e477231929247159,3,1,official,principal
2875,1,1,0.7555697560310364,probability_native,0.7555697560310364,u_e477231929247159,3,1,official,principal
4563,1,1,0.7980051636695862,probability_native,0.7980051636695862,u_e477231929247159,3,1,official,principal
3740,0,1,0.8332265019416809,probability_native,0.8332265019416809,u_e477231929247159,3,1,official,principal
3103,1,1,0.742838978767395,probability_native,0.742838978767395,u_e477231929247159,3,1,official,principal
1617,0,0,0.2423073798418045,probability_native,0.2423073798418045,u_e477231929247159,3,1,official,principal
5008,0,0,0.06944503635168076,probability_native,0.06944503635168076,u_e477231929247159,3,1,official,principal
5333,1,1,0.7495149970054626,probability_native,0.7495149970054626,u_e477231929247159,3,1,official,principal
5689,0,1,0.7729217410087585,probability_native,0.7729217410087585,u_e477231929247159,3,1,official,principal
3802,0,1,0.5927460789680481,probability_native,0.5927460789680481,u_e477231929247159,3,1,official,principal
1209,0,0,0.43979305028915405,probability_native,0.43979305028915405,u_e477231929247159,3,1,official,principal
2851,0,0,0.03706271946430206,probability_native,0.03706271946430206,u_e477231929247159,3,1,official,principal
356,0,1,0.5884624719619751,probability_native,0.5884624719619751,u_e477231929247159,3,1,official,principal
3881,0,0,0.038291558623313904,probability_native,0.038291558623313904,u_e477231929247159,3,1,official,principal
676,0,0,0.06781464070081711,probability_native,0.06781464070081711,u_e477231929247159,3,1,official,principal
2165,0,0,0.10350475460290909,probability_native,0.10350475460290909,u_e477231929247159,3,1,official,principal
4270,0,0,0.05369101092219353,probability_native,0.05369101092219353,u_e477231929247159,3,1,official,principal
2004,1,1,0.562422513961792,probability_native,0.562422513961792,u_e477231929247159,3,1,official,principal
917,0,0,0.05431094765663147,probability_native,0.05431094765663147,u_e477231929247159,3,1,official,principal
412,0,1,0.7498618960380554,probability_native,0.7498618960380554,u_e477231929247159,3,1,official,principal
3282,0,1,0.5997426509857178,probability_native,0.5997426509857178,u_e477231929247159,3,1,official,principal
5418,0,1,0.6149533987045288,probability_native,0.6149533987045288,u_e477231929247159,3,1,official,principal
3496,0,1,0.5002912878990173,probability_native,0.5002912878990173,u_e477231929247159,3,1,official,principal
1913,0,0,0.47851821780204773,probability_native,0.47851821780204773,u_e477231929247159,3,1,official,principal
2827,0,1,0.7446866631507874,probability_native,0.7446866631507874,u_e477231929247159,3,1,official,principal
6631,0,0,0.28773629665374756,probability_native,0.28773629665374756,u_e477231929247159,3,1,official,principal
2845,0,1,0.8163823485374451,probability_native,0.8163823485374451,u_e477231929247159,3,1,official,principal
5908,1,1,0.5652806758880615,probability_native,0.5652806758880615,u_e477231929247159,3,1,official,principal
1592,1,0,0.45817044377326965,probability_native,0.45817044377326965,u_e477231929247159,3,1,official,principal
4551,0,0,0.3367072641849518,probability_native,0.3367072641849518,u_e477231929247159,3,1,official,principal
4501,0,0,0.057834964245557785,probability_native,0.057834964245557785,u_e477231929247159,3,1,official,principal
363,0,0,0.047318216413259506,probability_native,0.047318216413259506,u_e477231929247159,3,1,official,principal
4542,0,1,0.5540695190429688,probability_native,0.5540695190429688,u_e477231929247159,3,1,official,principal
34,0,1,0.7605939507484436,probability_native,0.7605939507484436,u_e477231929247159,3,1,official,principal
4372,0,1,0.6328549981117249,probability_native,0.6328549981117249,u_e477231929247159,3,1,official,principal
423,0,0,0.0647827535867691,probability_native,0.0647827535867691,u_e477231929247159,3,1,official,principal
1026,1,1,0.8928709030151367,probability_native,0.8928709030151367,u_e477231929247159,3,1,official,principal
913,0,0,0.11358433216810226,probability_native,0.11358433216810226,u_e477231929247159,3,1,official,principal
3332,1,1,0.6927410364151001,probability_native,0.6927410364151001,u_e477231929247159,3,1,official,principal
627,0,0,0.2696036696434021,probability_native,0.2696036696434021,u_e477231929247159,3,1,official,principal
1658,1,1,0.5630016922950745,probability_native,0.5630016922950745,u_e477231929247159,3,1,official,principal
5793,0,1,0.5325363278388977,probability_native,0.5325363278388977,u_e477231929247159,3,1,official,principal
4233,0,0,0.054770730435848236,probability_native,0.054770730435848236,u_e477231929247159,3,1,official,principal
1806,0,0,0.051072243601083755,probability_native,0.051072243601083755,u_e477231929247159,3,1,official,principal
3134,0,0,0.14199119806289673,probability_native,0.14199119806289673,u_e477231929247159,3,1,official,principal
5770,0,0,0.13413505256175995,probability_native,0.13413505256175995,u_e477231929247159,3,1,official,principal
4416,0,0,0.39132970571517944,probability_native,0.39132970571517944,u_e477231929247159,3,1,official,principal
4894,0,0,0.14155273139476776,probability_native,0.14155273139476776,u_e477231929247159,3,1,official,principal
4029,0,0,0.054457347840070724,probability_native,0.054457347840070724,u_e477231929247159,3,1,official,principal
2239,0,0,0.04716615006327629,probability_native,0.04716615006327629,u_e477231929247159,3,1,official,principal
3903,0,0,0.3946266174316406,probability_native,0.3946266174316406,u_e477231929247159,3,1,official,principal
724,1,1,0.7107981443405151,probability_native,0.7107981443405151,u_e477231929247159,3,1,official,principal
3231,0,0,0.34317460656166077,probability_native,0.34317460656166077,u_e477231929247159,3,1,official,principal
2337,1,0,0.4615846276283264,probability_native,0.4615846276283264,u_e477231929247159,3,1,official,principal
876,1,1,0.7002414464950562,probability_native,0.7002414464950562,u_e477231929247159,3,1,official,principal
5755,0,1,0.8024594187736511,probability_native,0.8024594187736511,u_e477231929247159,3,1,official,principal
6477,0,0,0.06819787621498108,probability_native,0.06819787621498108,u_e477231929247159,3,1,official,principal
426,0,1,0.6014171242713928,probability_native,0.6014171242713928,u_e477231929247159,3,1,official,principal
3237,0,0,0.03642265126109123,probability_native,0.03642265126109123,u_e477231929247159,3,1,official,principal
4398,0,0,0.188191220164299,probability_native,0.188191220164299,u_e477231929247159,3,1,official,principal
3473,1,1,0.6688389182090759,probability_native,0.6688389182090759,u_e477231929247159,3,1,official,principal
6187,0,0,0.04819748178124428,probability_native,0.04819748178124428,u_e477231929247159,3,1,official,principal
2950,0,0,0.39116722345352173,probability_native,0.39116722345352173,u_e477231929247159,3,1,official,principal
5398,0,0,0.3763539493083954,probability_native,0.3763539493083954,u_e477231929247159,3,1,official,principal
3546,0,0,0.08538956940174103,probability_native,0.08538956940174103,u_e477231929247159,3,1,official,principal
237,0,1,0.6900492906570435,probability_native,0.6900492906570435,u_e477231929247159,3,1,official,principal
3979,0,0,0.03404207155108452,probability_native,0.03404207155108452,u_e477231929247159,3,1,official,principal
4084,1,1,0.8816742897033691,probability_native,0.8816742897033691,u_e477231929247159,3,1,official,principal
4868,1,1,0.7799229025840759,probability_native,0.7799229025840759,u_e477231929247159,3,1,official,principal
3076,1,0,0.4098195433616638,probability_native,0.4098195433616638,u_e477231929247159,3,1,official,principal
5540,1,1,0.5911247730255127,probability_native,0.5911247730255127,u_e477231929247159,3,1,official,principal
6881,0,0,0.49277469515800476,probability_native,0.49277469515800476,u_e477231929247159,3,1,official,principal
2164,0,0,0.040778741240501404,probability_native,0.040778741240501404,u_e477231929247159,3,1,official,principal
3107,0,0,0.05146240442991257,probability_native,0.05146240442991257,u_e477231929247159,3,1,official,principal
6765,0,0,0.03357542306184769,probability_native,0.03357542306184769,u_e477231929247159,3,1,official,principal
1558,1,1,0.6710091829299927,probability_native,0.6710091829299927,u_e477231929247159,3,1,official,principal
3519,0,1,0.6789376735687256,probability_native,0.6789376735687256,u_e477231929247159,3,1,official,principal
2359,0,0,0.2593874931335449,probability_native,0.2593874931335449,u_e477231929247159,3,1,official,principal
1379,0,0,0.04497369006276131,probability_native,0.04497369006276131,u_e477231929247159,3,1,official,principal
1030,0,0,0.4501446783542633,probability_native,0.4501446783542633,u_e477231929247159,3,1,official,principal
388,0,1,0.5519338250160217,probability_native,0.5519338250160217,u_e477231929247159,3,1,official,principal
1480,0,0,0.13108722865581512,probability_native,0.13108722865581512,u_e477231929247159,3,1,official,principal
2554,0,0,0.4275643825531006,probability_native,0.4275643825531006,u_e477231929247159,3,1,official,principal
4440,0,0,0.12907090783119202,probability_native,0.12907090783119202,u_e477231929247159,3,1,official,principal
496,0,0,0.207972452044487,probability_native,0.207972452044487,u_e477231929247159,3,1,official,principal
4704,0,1,0.608987033367157,probability_native,0.608987033367157,u_e477231929247159,3,1,official,principal
4483,0,0,0.03646434471011162,probability_native,0.03646434471011162,u_e477231929247159,3,1,official,principal
5377,0,1,0.6225301623344421,probability_native,0.6225301623344421,u_e477231929247159,3,1,official,principal
5175,0,0,0.08831050246953964,probability_native,0.08831050246953964,u_e477231929247159,3,1,official,principal
6820,0,0,0.44442984461784363,probability_native,0.44442984461784363,u_e477231929247159,3,1,official,principal
3442,0,1,0.6166252493858337,probability_native,0.6166252493858337,u_e477231929247159,3,1,official,principal
3119,1,1,0.5966042876243591,probability_native,0.5966042876243591,u_e477231929247159,3,1,official,principal
4442,1,1,0.8359766006469727,probability_native,0.8359766006469727,u_e477231929247159,3,1,official,principal
3805,1,1,0.8805232644081116,probability_native,0.8805232644081116,u_e477231929247159,3,1,official,principal
2318,0,0,0.04464597627520561,probability_native,0.04464597627520561,u_e477231929247159,3,1,official,principal
1453,0,1,0.7064685821533203,probability_native,0.7064685821533203,u_e477231929247159,3,1,official,principal
3875,1,0,0.3953329920768738,probability_native,0.3953329920768738,u_e477231929247159,3,1,official,principal
831,0,0,0.051072243601083755,probability_native,0.051072243601083755,u_e477231929247159,3,1,official,principal
100,0,1,0.5652806758880615,probability_native,0.5652806758880615,u_e477231929247159,3,1,official,principal
3863,0,1,0.8275122046470642,probability_native,0.8275122046470642,u_e477231929247159,3,1,official,principal
3342,0,0,0.369911789894104,probability_native,0.369911789894104,u_e477231929247159,3,1,official,principal
312,0,0,0.23689517378807068,probability_native,0.23689517378807068,u_e477231929247159,3,1,official,principal
1852,1,1,0.6525936722755432,probability_native,0.6525936722755432,u_e477231929247159,3,1,official,principal
6209,0,0,0.10549622029066086,probability_native,0.10549622029066086,u_e477231929247159,3,1,official,principal
4202,0,0,0.11400685459375381,probability_native,0.11400685459375381,u_e477231929247159,3,1,official,principal
981,0,0,0.048203736543655396,probability_native,0.048203736543655396,u_e477231929247159,3,1,official,principal
5215,1,0,0.2873697280883789,probability_native,0.2873697280883789,u_e477231929247159,3,1,official,principal
6955,0,1,0.6224936842918396,probability_native,0.6224936842918396,u_e477231929247159,3,1,official,principal
4215,0,0,0.2569822669029236,probability_native,0.2569822669029236,u_e477231929247159,3,1,official,principal
4573,0,0,0.09297431260347366,probability_native,0.09297431260347366,u_e477231929247159,3,1,official,principal
1259,1,0,0.29400205612182617,probability_native,0.29400205612182617,u_e477231929247159,3,1,official,principal
4458,1,1,0.668499767780304,probability_native,0.668499767780304,u_e477231929247159,3,1,official,principal
4419,0,0,0.26229238510131836,probability_native,0.26229238510131836,u_e477231929247159,3,1,official,principal
6588,0,0,0.08226466923952103,probability_native,0.08226466923952103,u_e477231929247159,3,1,official,principal
2125,0,0,0.41372260451316833,probability_native,0.41372260451316833,u_e477231929247159,3,1,official,principal
1781,0,1,0.6800100207328796,probability_native,0.6800100207328796,u_e477231929247159,3,1,official,principal
1279,0,0,0.06953386217355728,probability_native,0.06953386217355728,u_e477231929247159,3,1,official,principal
497,0,0,0.035495612770318985,probability_native,0.035495612770318985,u_e477231929247159,3,1,official,principal
5020,0,0,0.04604296013712883,probability_native,0.04604296013712883,u_e477231929247159,3,1,official,principal
834,1,1,0.8028095364570618,probability_native,0.8028095364570618,u_e477231929247159,3,1,official,principal
2670,0,0,0.12230051308870316,probability_native,0.12230051308870316,u_e477231929247159,3,1,official,principal
995,1,0,0.4545273780822754,probability_native,0.4545273780822754,u_e477231929247159,3,1,official,principal
4329,1,1,0.717628538608551,probability_native,0.717628538608551,u_e477231929247159,3,1,official,principal
1232,1,1,0.651951014995575,probability_native,0.651951014995575,u_e477231929247159,3,1,official,principal
864,1,1,0.6817167401313782,probability_native,0.6817167401313782,u_e477231929247159,3,1,official,principal
3841,1,1,0.7419296503067017,probability_native,0.7419296503067017,u_e477231929247159,3,1,official,principal
2409,0,0,0.28275972604751587,probability_native,0.28275972604751587,u_e477231929247159,3,1,official,principal
4930,0,1,0.755989670753479,probability_native,0.755989670753479,u_e477231929247159,3,1,official,principal
6301,0,0,0.23635727167129517,probability_native,0.23635727167129517,u_e477231929247159,3,1,official,principal
3160,0,0,0.04549800977110863,probability_native,0.04549800977110863,u_e477231929247159,3,1,official,principal
5232,0,0,0.3602777123451233,probability_native,0.3602777123451233,u_e477231929247159,3,1,official,principal
3964,0,0,0.10220757126808167,probability_native,0.10220757126808167,u_e477231929247159,3,1,official,principal
704,0,1,0.5506489872932434,probability_native,0.5506489872932434,u_e477231929247159,3,1,official,principal
1018,0,1,0.7754818797111511,probability_native,0.7754818797111511,u_e477231929247159,3,1,official,principal
1840,1,0,0.13625051081180573,probability_native,0.13625051081180573,u_e477231929247159,3,1,official,principal
5852,1,1,0.694255530834198,probability_native,0.694255530834198,u_e477231929247159,3,1,official,principal
816,1,1,0.8565237522125244,probability_native,0.8565237522125244,u_e477231929247159,3,1,official,principal
1747,1,1,0.859968364238739,probability_native,0.859968364238739,u_e477231929247159,3,1,official,principal
6753,0,0,0.1398715078830719,probability_native,0.1398715078830719,u_e477231929247159,3,1,official,principal
6386,0,0,0.04286026209592819,probability_native,0.04286026209592819,u_e477231929247159,3,1,official,principal
587,0,0,0.14387810230255127,probability_native,0.14387810230255127,u_e477231929247159,3,1,official,principal
6976,0,0,0.0385802797973156,probability_native,0.0385802797973156,u_e477231929247159,3,1,official,principal
6404,0,1,0.7779446244239807,probability_native,0.7779446244239807,u_e477231929247159,3,1,official,principal
3244,0,0,0.4263196289539337,probability_native,0.4263196289539337,u_e477231929247159,3,1,official,principal
2233,0,0,0.16340449452400208,probability_native,0.16340449452400208,u_e477231929247159,3,1,official,principal
5624,0,0,0.3141824007034302,probability_native,0.3141824007034302,u_e477231929247159,3,1,official,principal
3783,0,1,0.719282329082489,probability_native,0.719282329082489,u_e477231929247159,3,1,official,principal
5544,1,0,0.3668655455112457,probability_native,0.3668655455112457,u_e477231929247159,3,1,official,principal
2675,0,0,0.04806111007928848,probability_native,0.04806111007928848,u_e477231929247159,3,1,official,principal
471,1,1,0.8174397945404053,probability_native,0.8174397945404053,u_e477231929247159,3,1,official,principal
5172,0,0,0.03977859020233154,probability_native,0.03977859020233154,u_e477231929247159,3,1,official,principal
5594,0,1,0.726661741733551,probability_native,0.726661741733551,u_e477231929247159,3,1,official,principal
1624,1,0,0.34216856956481934,probability_native,0.34216856956481934,u_e477231929247159,3,1,official,principal
2137,0,0,0.07130242139101028,probability_native,0.07130242139101028,u_e477231929247159,3,1,official,principal
102,0,0,0.18203841149806976,probability_native,0.18203841149806976,u_e477231929247159,3,1,official,principal
741,0,1,0.7185359001159668,probability_native,0.7185359001159668,u_e477231929247159,3,1,official,principal
4001,0,1,0.6495518684387207,probability_native,0.6495518684387207,u_e477231929247159,3,1,official,principal
6634,1,1,0.8435153961181641,probability_native,0.8435153961181641,u_e477231929247159,3,1,official,principal
1120,0,1,0.5243632197380066,probability_native,0.5243632197380066,u_e477231929247159,3,1,official,principal
473,0,0,0.18988420069217682,probability_native,0.18988420069217682,u_e477231929247159,3,1,official,principal
254,0,0,0.23682019114494324,probability_native,0.23682019114494324,u_e477231929247159,3,1,official,principal
752,0,0,0.31634828448295593,probability_native,0.31634828448295593,u_e477231929247159,3,1,official,principal
6396,0,1,0.5497239232063293,probability_native,0.5497239232063293,u_e477231929247159,3,1,official,principal
1098,0,0,0.31484511494636536,probability_native,0.31484511494636536,u_e477231929247159,3,1,official,principal
5629,1,1,0.7036320567131042,probability_native,0.7036320567131042,u_e477231929247159,3,1,official,principal
5274,0,0,0.24871064722537994,probability_native,0.24871064722537994,u_e477231929247159,3,1,official,principal
3311,0,1,0.5200841426849365,probability_native,0.5200841426849365,u_e477231929247159,3,1,official,principal
2569,0,0,0.03571590781211853,probability_native,0.03571590781211853,u_e477231929247159,3,1,official,principal
1302,0,0,0.05265704542398453,probability_native,0.05265704542398453,u_e477231929247159,3,1,official,principal
5255,0,1,0.7532528042793274,probability_native,0.7532528042793274,u_e477231929247159,3,1,official,principal
1007,1,1,0.7591760158538818,probability_native,0.7591760158538818,u_e477231929247159,3,1,official,principal
5940,0,0,0.13724815845489502,probability_native,0.13724815845489502,u_e477231929247159,3,1,official,principal
6992,0,0,0.2576897442340851,probability_native,0.2576897442340851,u_e477231929247159,3,1,official,principal
3057,0,0,0.07142934948205948,probability_native,0.07142934948205948,u_e477231929247159,3,1,official,principal
535,0,1,0.8564119338989258,probability_native,0.8564119338989258,u_e477231929247159,3,1,official,principal
4766,0,0,0.06292552500963211,probability_native,0.06292552500963211,u_e477231929247159,3,1,official,principal
5480,0,1,0.7711935043334961,probability_native,0.7711935043334961,u_e477231929247159,3,1,official,principal
5845,1,1,0.8633158802986145,probability_native,0.8633158802986145,u_e477231929247159,3,1,official,principal
1466,0,1,0.5645356774330139,probability_native,0.5645356774330139,u_e477231929247159,3,1,official,principal
5459,0,1,0.8280924558639526,probability_native,0.8280924558639526,u_e477231929247159,3,1,official,principal
1126,1,1,0.6963198781013489,probability_native,0.6963198781013489,u_e477231929247159,3,1,official,principal
1496,0,0,0.3860618472099304,probability_native,0.3860618472099304,u_e477231929247159,3,1,official,principal
6922,0,1,0.6948979496955872,probability_native,0.6948979496955872,u_e477231929247159,3,1,official,principal
10,0,0,0.3875485956668854,probability_native,0.3875485956668854,u_e477231929247159,3,1,official,principal
3374,1,1,0.637402355670929,probability_native,0.637402355670929,u_e477231929247159,3,1,official,principal
1845,0,0,0.23991893231868744,probability_native,0.23991893231868744,u_e477231929247159,3,1,official,principal
2349,0,0,0.03977539390325546,probability_native,0.03977539390325546,u_e477231929247159,3,1,official,principal
1338,1,1,0.5859177708625793,probability_native,0.5859177708625793,u_e477231929247159,3,1,official,principal
1978,0,0,0.04787673428654671,probability_native,0.04787673428654671,u_e477231929247159,3,1,official,principal
3360,1,1,0.8038750886917114,probability_native,0.8038750886917114,u_e477231929247159,3,1,official,principal
1604,0,0,0.15692049264907837,probability_native,0.15692049264907837,u_e477231929247159,3,1,official,principal
1776,0,0,0.03907604515552521,probability_native,0.03907604515552521,u_e477231929247159,3,1,official,principal
578,0,1,0.5398997664451599,probability_native,0.5398997664451599,u_e477231929247159,3,1,official,principal
2601,0,0,0.04651356488466263,probability_native,0.04651356488466263,u_e477231929247159,3,1,official,principal
2740,1,1,0.6793541312217712,probability_native,0.6793541312217712,u_e477231929247159,3,1,official,principal
2943,0,0,0.08839645981788635,probability_native,0.08839645981788635,u_e477231929247159,3,1,official,principal
1791,0,0,0.1502694934606552,probability_native,0.1502694934606552,u_e477231929247159,3,1,official,principal
4531,1,1,0.7188928127288818,probability_native,0.7188928127288818,u_e477231929247159,3,1,official,principal
6592,0,0,0.12265636026859283,probability_native,0.12265636026859283,u_e477231929247159,3,1,official,principal
6995,0,0,0.061024248600006104,probability_native,0.061024248600006104,u_e477231929247159,3,1,official,principal
4500,0,0,0.41404402256011963,probability_native,0.41404402256011963,u_e477231929247159,3,1,official,principal
338,0,1,0.5577358603477478,probability_native,0.5577358603477478,u_e477231929247159,3,1,official,principal
2758,0,0,0.3092572093009949,probability_native,0.3092572093009949,u_e477231929247159,3,1,official,principal
2856,0,1,0.8156453371047974,probability_native,0.8156453371047974,u_e477231929247159,3,1,official,principal
4179,0,1,0.7528241276741028,probability_native,0.7528241276741028,u_e477231929247159,3,1,official,principal
2832,0,0,0.16021835803985596,probability_native,0.16021835803985596,u_e477231929247159,3,1,official,principal
5075,0,1,0.5700472593307495,probability_native,0.5700472593307495,u_e477231929247159,3,1,official,principal
750,0,0,0.23655016720294952,probability_native,0.23655016720294952,u_e477231929247159,3,1,official,principal
106,0,0,0.2061200588941574,probability_native,0.2061200588941574,u_e477231929247159,3,1,official,principal
3876,0,1,0.8258230090141296,probability_native,0.8258230090141296,u_e477231929247159,3,1,official,principal
2372,0,0,0.034513209015131,probability_native,0.034513209015131,u_e477231929247159,3,1,official,principal
5514,0,1,0.7048982977867126,probability_native,0.7048982977867126,u_e477231929247159,3,1,official,principal
4248,0,0,0.45708656311035156,probability_native,0.45708656311035156,u_e477231929247159,3,1,official,principal
2157,0,1,0.6652603149414062,probability_native,0.6652603149414062,u_e477231929247159,3,1,official,principal
3122,0,0,0.06969945132732391,probability_native,0.06969945132732391,u_e477231929247159,3,1,official,principal
4350,0,0,0.3064936399459839,probability_native,0.3064936399459839,u_e477231929247159,3,1,official,principal
1318,0,0,0.41863933205604553,probability_native,0.41863933205604553,u_e477231929247159,3,1,official,principal
3689,1,1,0.8883979320526123,probability_native,0.8883979320526123,u_e477231929247159,3,1,official,principal
3083,0,0,0.06146438419818878,probability_native,0.06146438419818878,u_e477231929247159,3,1,official,principal
6253,0,0,0.47521138191223145,probability_native,0.47521138191223145,u_e477231929247159,3,1,official,principal
1247,0,0,0.31457629799842834,probability_native,0.31457629799842834,u_e477231929247159,3,1,official,principal
3764,0,0,0.23033460974693298,probability_native,0.23033460974693298,u_e477231929247159,3,1,official,principal
499,1,1,0.8330384492874146,probability_native,0.8330384492874146,u_e477231929247159,3,1,official,principal
3713,1,1,0.586873471736908,probability_native,0.586873471736908,u_e477231929247159,3,1,official,principal
69,0,1,0.7072203755378723,probability_native,0.7072203755378723,u_e477231929247159,3,1,official,principal
996,1,1,0.596634030342102,probability_native,0.596634030342102,u_e477231929247159,3,1,official,principal
6705,0,1,0.5356797575950623,probability_native,0.5356797575950623,u_e477231929247159,3,1,official,principal
6156,0,1,0.5778923630714417,probability_native,0.5778923630714417,u_e477231929247159,3,1,official,principal
3079,1,1,0.5825751423835754,probability_native,0.5825751423835754,u_e477231929247159,3,1,official,principal
6867,0,0,0.036218442022800446,probability_native,0.036218442022800446,u_e477231929247159,3,1,official,principal
2629,1,1,0.7545670866966248,probability_native,0.7545670866966248,u_e477231929247159,3,1,official,principal
2042,0,0,0.30406653881073,probability_native,0.30406653881073,u_e477231929247159,3,1,official,principal
708,0,1,0.5766800045967102,probability_native,0.5766800045967102,u_e477231929247159,3,1,official,principal
3587,1,1,0.8796911239624023,probability_native,0.8796911239624023,u_e477231929247159,3,1,official,principal
1395,1,0,0.3619835376739502,probability_native,0.3619835376739502,u_e477231929247159,3,1,official,principal
6641,1,1,0.5631111860275269,probability_native,0.5631111860275269,u_e477231929247159,3,1,official,principal
844,1,1,0.9072480797767639,probability_native,0.9072480797767639,u_e477231929247159,3,1,official,principal
4992,0,0,0.4167742133140564,probability_native,0.4167742133140564,u_e477231929247159,3,1,official,principal
4272,1,0,0.0357535183429718,probability_native,0.0357535183429718,u_e477231929247159,3,1,official,principal
4773,1,0,0.45035356283187866,probability_native,0.45035356283187866,u_e477231929247159,3,1,official,principal
2636,0,0,0.07580874115228653,probability_native,0.07580874115228653,u_e477231929247159,3,1,official,principal
2806,0,0,0.13981196284294128,probability_native,0.13981196284294128,u_e477231929247159,3,1,official,principal
709,0,0,0.28873923420906067,probability_native,0.28873923420906067,u_e477231929247159,3,1,official,principal
348,0,1,0.6082473993301392,probability_native,0.6082473993301392,u_e477231929247159,3,1,official,principal
444,0,1,0.6211007833480835,probability_native,0.6211007833480835,u_e477231929247159,3,1,official,principal
825,1,1,0.657669723033905,probability_native,0.657669723033905,u_e477231929247159,3,1,official,principal
5567,0,0,0.4100784659385681,probability_native,0.4100784659385681,u_e477231929247159,3,1,official,principal
6231,1,1,0.8947020173072815,probability_native,0.8947020173072815,u_e477231929247159,3,1,official,principal
5722,1,1,0.6683796048164368,probability_native,0.6683796048164368,u_e477231929247159,3,1,official,principal
129,0,0,0.1905832141637802,probability_native,0.1905832141637802,u_e477231929247159,3,1,official,principal
3616,0,0,0.2949315309524536,probability_native,0.2949315309524536,u_e477231929247159,3,1,official,principal
4287,1,0,0.2470109909772873,probability_native,0.2470109909772873,u_e477231929247159,3,1,official,principal
3297,0,0,0.06447996944189072,probability_native,0.06447996944189072,u_e477231929247159,3,1,official,principal
201,0,1,0.7039316296577454,probability_native,0.7039316296577454,u_e477231929247159,3,1,official,principal
4405,1,1,0.7745512127876282,probability_native,0.7745512127876282,u_e477231929247159,3,1,official,principal
3212,0,1,0.655694842338562,probability_native,0.655694842338562,u_e477231929247159,3,1,official,principal
2647,0,0,0.3678429424762726,probability_native,0.3678429424762726,u_e477231929247159,3,1,official,principal
902,1,1,0.6857266426086426,probability_native,0.6857266426086426,u_e477231929247159,3,1,official,principal
450,0,0,0.05703498423099518,probability_native,0.05703498423099518,u_e477231929247159,3,1,official,principal
4349,1,1,0.8451528549194336,probability_native,0.8451528549194336,u_e477231929247159,3,1,official,principal
1661,0,0,0.47313469648361206,probability_native,0.47313469648361206,u_e477231929247159,3,1,official,principal
1506,0,0,0.045198921114206314,probability_native,0.045198921114206314,u_e477231929247159,3,1,official,principal
2678,0,0,0.0558694526553154,probability_native,0.0558694526553154,u_e477231929247159,3,1,official,principal
2480,1,0,0.35118192434310913,probability_native,0.35118192434310913,u_e477231929247159,3,1,official,principal
4821,0,0,0.3020704984664917,probability_native,0.3020704984664917,u_e477231929247159,3,1,official,principal
1155,0,0,0.08490502834320068,probability_native,0.08490502834320068,u_e477231929247159,3,1,official,principal
6821,1,1,0.6508031487464905,probability_native,0.6508031487464905,u_e477231929247159,3,1,official,principal
3951,0,0,0.048047151416540146,probability_native,0.048047151416540146,u_e477231929247159,3,1,official,principal
4760,0,0,0.13986562192440033,probability_native,0.13986562192440033,u_e477231929247159,3,1,official,principal
3749,1,1,0.9079756140708923,probability_native,0.9079756140708923,u_e477231929247159,3,1,official,principal
132,0,0,0.05540148913860321,probability_native,0.05540148913860321,u_e477231929247159,3,1,official,principal
3596,1,1,0.5093267560005188,probability_native,0.5093267560005188,u_e477231929247159,3,1,official,principal
5156,0,0,0.21603509783744812,probability_native,0.21603509783744812,u_e477231929247159,3,1,official,principal
6397,0,0,0.28166571259498596,probability_native,0.28166571259498596,u_e477231929247159,3,1,official,principal
4488,1,1,0.5390886068344116,probability_native,0.5390886068344116,u_e477231929247159,3,1,official,principal
3759,1,1,0.8328244090080261,probability_native,0.8328244090080261,u_e477231929247159,3,1,official,principal
3540,0,0,0.18156692385673523,probability_native,0.18156692385673523,u_e477231929247159,3,1,official,principal
1596,0,1,0.828935444355011,probability_native,0.828935444355011,u_e477231929247159,3,1,official,principal
3329,0,0,0.4077817499637604,probability_native,0.4077817499637604,u_e477231929247159,3,1,official,principal
961,0,0,0.10319369286298752,probability_native,0.10319369286298752,u_e477231929247159,3,1,official,principal
6375,1,1,0.8415608406066895,probability_native,0.8415608406066895,u_e477231929247159,3,1,official,principal
5987,0,0,0.05328364670276642,probability_native,0.05328364670276642,u_e477231929247159,3,1,official,principal
483,0,0,0.30582037568092346,probability_native,0.30582037568092346,u_e477231929247159,3,1,official,principal
5562,0,0,0.28396546840667725,probability_native,0.28396546840667725,u_e477231929247159,3,1,official,principal
3327,0,0,0.42369356751441956,probability_native,0.42369356751441956,u_e477231929247159,3,1,official,principal
3372,0,1,0.5496063828468323,probability_native,0.5496063828468323,u_e477231929247159,3,1,official,principal
5960,0,0,0.21199077367782593,probability_native,0.21199077367782593,u_e477231929247159,3,1,official,principal
2747,0,0,0.24948571622371674,probability_native,0.24948571622371674,u_e477231929247159,3,1,official,principal
4744,0,0,0.043762851506471634,probability_native,0.043762851506471634,u_e477231929247159,3,1,official,principal
1006,1,1,0.7004250288009644,probability_native,0.7004250288009644,u_e477231929247159,3,1,official,principal
4098,1,1,0.6524154543876648,probability_native,0.6524154543876648,u_e477231929247159,3,1,official,principal
5414,1,0,0.4306165277957916,probability_native,0.4306165277957916,u_e477231929247159,3,1,official,principal
314,1,1,0.8520901203155518,probability_native,0.8520901203155518,u_e477231929247159,3,1,official,principal
542,0,1,0.5782070159912109,probability_native,0.5782070159912109,u_e477231929247159,3,1,official,principal
2262,1,1,0.8701627254486084,probability_native,0.8701627254486084,u_e477231929247159,3,1,official,principal
90,0,1,0.5522757172584534,probability_native,0.5522757172584534,u_e477231929247159,3,1,official,principal
3890,1,0,0.37154078483581543,probability_native,0.37154078483581543,u_e477231929247159,3,1,official,principal
730,1,1,0.5723868608474731,probability_native,0.5723868608474731,u_e477231929247159,3,1,official,principal
6899,1,1,0.7547323107719421,probability_native,0.7547323107719421,u_e477231929247159,3,1,official,principal
2211,0,1,0.5603647232055664,probability_native,0.5603647232055664,u_e477231929247159,3,1,official,principal
1308,1,1,0.7391636371612549,probability_native,0.7391636371612549,u_e477231929247159,3,1,official,principal
1025,0,1,0.668302059173584,probability_native,0.668302059173584,u_e477231929247159,3,1,official,principal
4840,0,0,0.4643690586090088,probability_native,0.4643690586090088,u_e477231929247159,3,1,official,principal
1385,0,0,0.2142276018857956,probability_native,0.2142276018857956,u_e477231929247159,3,1,official,principal
6541,0,0,0.05790017545223236,probability_native,0.05790017545223236,u_e477231929247159,3,1,official,principal
3573,0,0,0.14631406962871552,probability_native,0.14631406962871552,u_e477231929247159,3,1,official,principal
3239,0,0,0.46500900387763977,probability_native,0.46500900387763977,u_e477231929247159,3,1,official,principal
898,1,1,0.8125283718109131,probability_native,0.8125283718109131,u_e477231929247159,3,1,official,principal
5242,1,1,0.760665774345398,probability_native,0.760665774345398,u_e477231929247159,3,1,official,principal
1424,0,0,0.05955396592617035,probability_native,0.05955396592617035,u_e477231929247159,3,1,official,principal
