row_id,y_true,y_pred,score_positive,score_type,probability_native,unit_id,outer_fold,replicate,purpose,variant
2986,0,0,0.045229444958016056,probability_native,0.045229444958016056,u_cf856fc359e5527b,1,1,official,principal
5427,0,0,0.3706490255049403,probability_native,0.3706490255049403,u_cf856fc359e5527b,1,1,official,principal
6234,0,0,0.006814897215227712,probability_native,0.006814897215227712,u_cf856fc359e5527b,1,1,official,principal
6937,0,0,0.21896601292655588,probability_native,0.21896601292655588,u_cf856fc359e5527b,1,1,official,principal
6491,1,1,0.7071654882739768,probability_native,0.7071654882739768,u_cf856fc359e5527b,1,1,official,principal
478,1,1,0.66742613242893,probability_native,0.66742613242893,u_cf856fc359e5527b,1,1,official,principal
5704,0,1,0.6815642061019961,probability_native,0.6815642061019961,u_cf856fc359e5527b,1,1,official,principal
4453,1,1,0.8166523612428469,probability_native,0.8166523612428469,u_cf856fc359e5527b,1,1,official,principal
2320,0,0,0.014266331802293744,probability_native,0.014266331802293744,u_cf856fc359e5527b,1,1,official,principal
4437,0,0,0.08543152354550858,probability_native,0.08543152354550858,u_cf856fc359e5527b,1,1,official,principal
3511,0,0,0.006569119643739535,probability_native,0.006569119643739535,u_cf856fc359e5527b,1,1,official,principal
3404,0,0,0.03042913027552576,probability_native,0.03042913027552576,u_cf856fc359e5527b,1,1,official,principal
1565,0,0,0.24229429677665798,probability_native,0.24229429677665798,u_cf856fc359e5527b,1,1,official,principal
1096,0,0,0.22373542542611813,probability_native,0.22373542542611813,u_cf856fc359e5527b,1,1,official,principal
733,0,0,0.017932139071620362,probability_native,0.017932139071620362,u_cf856fc359e5527b,1,1,official,principal
6846,1,1,0.716829987585818,probability_native,0.716829987585818,u_cf856fc359e5527b,1,1,official,principal
6891,0,1,0.5178027619718232,probability_native,0.5178027619718232,u_cf856fc359e5527b,1,1,official,principal
3011,0,0,0.028819424751305018,probability_native,0.028819424751305018,u_cf856fc359e5527b,1,1,official,principal
6009,1,1,0.5533854839333462,probability_native,0.5533854839333462,u_cf856fc359e5527b,1,1,official,principal
4163,0,0,0.01647577413670561,probability_native,0.01647577413670561,u_cf856fc359e5527b,1,1,official,principal
5717,0,0,0.014014727910806912,probability_native,0.014014727910806912,u_cf856fc359e5527b,1,1,official,principal
6803,0,0,0.09439359437310235,probability_native,0.09439359437310235,u_cf856fc359e5527b,1,1,official,principal
1426,0,0,0.08155056016095026,probability_native,0.08155056016095026,u_cf856fc359e5527b,1,1,official,principal
3860,0,0,0.31994803667967386,probability_native,0.31994803667967386,u_cf856fc359e5527b,1,1,official,principal
810,1,0,0.24812304057921916,probability_native,0.24812304057921916,u_cf856fc359e5527b,1,1,official,principal
2936,0,1,0.5617310629482726,probability_native,0.5617310629482726,u_cf856fc359e5527b,1,1,official,principal
2205,0,0,0.4005175782783332,probability_native,0.4005175782783332,u_cf856fc359e5527b,1,1,official,principal
6563,1,1,0.534304201583925,probability_native,0.534304201583925,u_cf856fc359e5527b,1,1,official,principal
2997,1,0,0.33032663115866095,probability_native,0.33032663115866095,u_cf856fc359e5527b,1,1,official,principal
1265,0,0,0.10130075051956848,probability_native,0.10130075051956848,u_cf856fc359e5527b,1,1,official,principal
948,1,1,0.6861971157425233,probability_native,0.6861971157425233,u_cf856fc359e5527b,1,1,official,principal
3521,0,0,0.020096829396437525,probability_native,0.020096829396437525,u_cf856fc359e5527b,1,1,official,principal
6809,1,1,0.697276569237468,probability_native,0.697276569237468,u_cf856fc359e5527b,1,1,official,principal
3563,0,0,0.44009832433076684,probability_native,0.44009832433076684,u_cf856fc359e5527b,1,1,official,principal
393,0,0,0.09870855164787141,probability_native,0.09870855164787141,u_cf856fc359e5527b,1,1,official,principal
2693,0,0,0.0019089294792309227,probability_native,0.0019089294792309227,u_cf856fc359e5527b,1,1,official,principal
3187,0,0,0.44812604759241265,probability_native,0.44812604759241265,u_cf856fc359e5527b,1,1,official,principal
6446,0,0,0.060132975930260534,probability_native,0.060132975930260534,u_cf856fc359e5527b,1,1,official,principal
3633,0,1,0.7116550116270982,probability_native,0.7116550116270982,u_cf856fc359e5527b,1,1,official,principal
5864,0,0,0.006030880874691978,probability_native,0.006030880874691978,u_cf856fc359e5527b,1,1,official,principal
4069,0,0,0.03708100986092958,probability_native,0.03708100986092958,u_cf856fc359e5527b,1,1,official,principal
3383,1,1,0.7125021085272452,probability_native,0.7125021085272452,u_cf856fc359e5527b,1,1,official,principal
6456,0,0,0.03540355835796304,probability_native,0.03540355835796304,u_cf856fc359e5527b,1,1,official,principal
1263,1,0,0.2701253442638966,probability_native,0.2701253442638966,u_cf856fc359e5527b,1,1,official,principal
272,1,0,0.46047622384930165,probability_native,0.46047622384930165,u_cf856fc359e5527b,1,1,official,principal
2070,1,0,0.0858515077841154,probability_native,0.0858515077841154,u_cf856fc359e5527b,1,1,official,principal
4842,1,0,0.3304463241612441,probability_native,0.3304463241612441,u_cf856fc359e5527b,1,1,official,principal
4872,0,0,0.01403071930718406,probability_native,0.01403071930718406,u_cf856fc359e5527b,1,1,official,principal
5272,1,1,0.7527355940763012,probability_native,0.7527355940763012,u_cf856fc359e5527b,1,1,official,principal
3646,0,0,0.11803751397350798,probability_native,0.11803751397350798,u_cf856fc359e5527b,1,1,official,principal
3935,0,0,0.0022091637482794684,probability_native,0.0022091637482794684,u_cf856fc359e5527b,1,1,official,principal
4788,0,0,0.014711106434263294,probability_native,0.014711106434263294,u_cf856fc359e5527b,1,1,official,principal
6124,0,0,0.016954614233738806,probability_native,0.016954614233738806,u_cf856fc359e5527b,1,1,official,principal
736,0,0,0.25713707611083425,probability_native,0.25713707611083425,u_cf856fc359e5527b,1,1,official,principal
5876,1,1,0.7287037600888118,probability_native,0.7287037600888118,u_cf856fc359e5527b,1,1,official,principal
2566,0,0,0.009085071562972969,probability_native,0.009085071562972969,u_cf856fc359e5527b,1,1,official,principal
1400,0,0,0.1489331725178691,probability_native,0.1489331725178691,u_cf856fc359e5527b,1,1,official,principal
1879,1,1,0.6874760708491408,probability_native,0.6874760708491408,u_cf856fc359e5527b,1,1,official,principal
6613,0,0,0.17831364903220961,probability_native,0.17831364903220961,u_cf856fc359e5527b,1,1,official,principal
2793,0,1,0.6403280720723409,probability_native,0.6403280720723409,u_cf856fc359e5527b,1,1,official,principal
5185,0,0,0.027819087583990085,probability_native,0.027819087583990085,u_cf856fc359e5527b,1,1,official,principal
1955,0,0,0.4263760161259093,probability_native,0.4263760161259093,u_cf856fc359e5527b,1,1,official,principal
5161,0,0,0.12678484630289483,probability_native,0.12678484630289483,u_cf856fc359e5527b,1,1,official,principal
4569,1,0,0.178166744978997,probability_native,0.178166744978997,u_cf856fc359e5527b,1,1,official,principal
1722,0,0,0.11436127964998052,probability_native,0.11436127964998052,u_cf856fc359e5527b,1,1,official,principal
2662,1,1,0.7283549839379405,probability_native,0.7283549839379405,u_cf856fc359e5527b,1,1,official,principal
3768,0,0,0.2801571086092572,probability_native,0.2801571086092572,u_cf856fc359e5527b,1,1,official,principal
4926,0,0,0.008460426579023505,probability_native,0.008460426579023505,u_cf856fc359e5527b,1,1,official,principal
439,0,0,0.2544571999577155,probability_native,0.2544571999577155,u_cf856fc359e5527b,1,1,official,principal
416,0,0,0.04240562634359379,probability_native,0.04240562634359379,u_cf856fc359e5527b,1,1,official,principal
3341,0,0,0.08862609356465312,probability_native,0.08862609356465312,u_cf856fc359e5527b,1,1,official,principal
6276,0,0,0.04773188673887096,probability_native,0.04773188673887096,u_cf856fc359e5527b,1,1,official,principal
2502,0,0,0.007216779998353104,probability_native,0.007216779998353104,u_cf856fc359e5527b,1,1,official,principal
5397,1,1,0.6923262343836671,probability_native,0.6923262343836671,u_cf856fc359e5527b,1,1,official,principal
6734,1,0,0.16796456781016245,probability_native,0.16796456781016245,u_cf856fc359e5527b,1,1,official,principal
5992,1,0,0.023140339421165796,probability_native,0.023140339421165796,u_cf856fc359e5527b,1,1,official,principal
4985,0,0,0.01274925555560064,probability_native,0.01274925555560064,u_cf856fc359e5527b,1,1,official,principal
5863,1,1,0.7238830753060642,probability_native,0.7238830753060642,u_cf856fc359e5527b,1,1,official,principal
6801,0,0,0.3110242240821055,probability_native,0.3110242240821055,u_cf856fc359e5527b,1,1,official,principal
3133,0,0,0.027813298699841577,probability_native,0.027813298699841577,u_cf856fc359e5527b,1,1,official,principal
4709,0,0,0.2939813707558998,probability_native,0.2939813707558998,u_cf856fc359e5527b,1,1,official,principal
5553,1,0,0.4600708200014826,probability_native,0.4600708200014826,u_cf856fc359e5527b,1,1,official,principal
6871,0,0,0.3083155697762195,probability_native,0.3083155697762195,u_cf856fc359e5527b,1,1,official,principal
1536,0,0,0.00570406651345472,probability_native,0.00570406651345472,u_cf856fc359e5527b,1,1,official,principal
982,0,0,0.07086939157408828,probability_native,0.07086939157408828,u_cf856fc359e5527b,1,1,official,principal
5325,0,0,0.08785621766448572,probability_native,0.08785621766448572,u_cf856fc359e5527b,1,1,official,principal
1540,0,0,0.13140182680367926,probability_native,0.13140182680367926,u_cf856fc359e5527b,1,1,official,principal
2432,0,0,0.027419803058974637,probability_native,0.027419803058974637,u_cf856fc359e5527b,1,1,official,principal
4921,0,0,0.41571492103737334,probability_native,0.41571492103737334,u_cf856fc359e5527b,1,1,official,principal
6109,0,0,0.38222435756361084,probability_native,0.38222435756361084,u_cf856fc359e5527b,1,1,official,principal
874,0,0,0.11192681818588086,probability_native,0.11192681818588086,u_cf856fc359e5527b,1,1,official,principal
5339,0,0,0.4842182805818986,probability_native,0.4842182805818986,u_cf856fc359e5527b,1,1,official,principal
1923,0,0,0.00733788832504133,probability_native,0.00733788832504133,u_cf856fc359e5527b,1,1,official,principal
1827,0,0,0.1713982821719991,probability_native,0.1713982821719991,u_cf856fc359e5527b,1,1,official,principal
972,0,0,0.009892786613779406,probability_native,0.009892786613779406,u_cf856fc359e5527b,1,1,official,principal
3673,1,1,0.546618181998291,probability_native,0.546618181998291,u_cf856fc359e5527b,1,1,official,principal
5747,0,0,0.07251897699669826,probability_native,0.07251897699669826,u_cf856fc359e5527b,1,1,official,principal
3904,0,0,0.04155635698924184,probability_native,0.04155635698924184,u_cf856fc359e5527b,1,1,official,principal
3987,1,1,0.6714612198972575,probability_native,0.6714612198972575,u_cf856fc359e5527b,1,1,official,principal
555,0,0,0.045432304663941624,probability_native,0.045432304663941624,u_cf856fc359e5527b,1,1,official,principal
2918,0,1,0.5788872883902185,probability_native,0.5788872883902185,u_cf856fc359e5527b,1,1,official,principal
2752,1,0,0.08148391752429793,probability_native,0.08148391752429793,u_cf856fc359e5527b,1,1,official,principal
5457,0,0,0.1519029340739673,probability_native,0.1519029340739673,u_cf856fc359e5527b,1,1,official,principal
6934,0,0,0.05913028033732739,probability_native,0.05913028033732739,u_cf856fc359e5527b,1,1,official,principal
2152,0,1,0.5579697468494789,probability_native,0.5579697468494789,u_cf856fc359e5527b,1,1,official,principal
3921,0,0,0.1460515733433443,probability_native,0.1460515733433443,u_cf856fc359e5527b,1,1,official,principal
2192,0,0,0.01612826909740149,probability_native,0.01612826909740149,u_cf856fc359e5527b,1,1,official,principal
2274,1,0,0.4259284791939689,probability_native,0.4259284791939689,u_cf856fc359e5527b,1,1,official,principal
5401,0,0,0.011777899688986598,probability_native,0.011777899688986598,u_cf856fc359e5527b,1,1,official,principal
3715,0,1,0.7113876011800208,probability_native,0.7113876011800208,u_cf856fc359e5527b,1,1,official,principal
217,0,0,0.010021017244217199,probability_native,0.010021017244217199,u_cf856fc359e5527b,1,1,official,principal
7029,0,1,0.7340281410221008,probability_native,0.7340281410221008,u_cf856fc359e5527b,1,1,official,principal
2232,0,0,0.00816519480274917,probability_native,0.00816519480274917,u_cf856fc359e5527b,1,1,official,principal
5395,1,1,0.6565047746392226,probability_native,0.6565047746392226,u_cf856fc359e5527b,1,1,official,principal
6122,0,0,0.054028863900555384,probability_native,0.054028863900555384,u_cf856fc359e5527b,1,1,official,principal
3012,0,0,0.008426772795567855,probability_native,0.008426772795567855,u_cf856fc359e5527b,1,1,official,principal
941,0,0,0.34129062592996257,probability_native,0.34129062592996257,u_cf856fc359e5527b,1,1,official,principal
4694,0,0,0.13987747199983025,probability_native,0.13987747199983025,u_cf856fc359e5527b,1,1,official,principal
94,0,0,0.09519717497595806,probability_native,0.09519717497595806,u_cf856fc359e5527b,1,1,official,principal
1794,0,0,0.008030261419964125,probability_native,0.008030261419964125,u_cf856fc359e5527b,1,1,official,principal
2256,0,0,0.04309025737802756,probability_native,0.04309025737802756,u_cf856fc359e5527b,1,1,official,principal
4371,0,0,0.06739063348092782,probability_native,0.06739063348092782,u_cf856fc359e5527b,1,1,official,principal
3361,0,0,0.06506783507867736,probability_native,0.06506783507867736,u_cf856fc359e5527b,1,1,official,principal
1619,0,0,0.008227595549035628,probability_native,0.008227595549035628,u_cf856fc359e5527b,1,1,official,principal
6578,0,0,0.10190131843552414,probability_native,0.10190131843552414,u_cf856fc359e5527b,1,1,official,principal
5199,0,0,0.25796808772896906,probability_native,0.25796808772896906,u_cf856fc359e5527b,1,1,official,principal
5490,0,0,0.22773516948355668,probability_native,0.22773516948355668,u_cf856fc359e5527b,1,1,official,principal
2069,1,1,0.7101143318412176,probability_native,0.7101143318412176,u_cf856fc359e5527b,1,1,official,principal
380,0,0,0.10647013921034733,probability_native,0.10647013921034733,u_cf856fc359e5527b,1,1,official,principal
2393,1,0,0.3268734268436385,probability_native,0.3268734268436385,u_cf856fc359e5527b,1,1,official,principal
2811,0,0,0.007660611987883266,probability_native,0.007660611987883266,u_cf856fc359e5527b,1,1,official,principal
6422,0,0,0.03064917136105662,probability_native,0.03064917136105662,u_cf856fc359e5527b,1,1,official,principal
6414,0,0,0.009021900154625546,probability_native,0.009021900154625546,u_cf856fc359e5527b,1,1,official,principal
4935,0,0,0.025051723590723312,probability_native,0.025051723590723312,u_cf856fc359e5527b,1,1,official,principal
4942,1,0,0.47476885023171034,probability_native,0.47476885023171034,u_cf856fc359e5527b,1,1,official,principal
3789,0,0,0.14052707872404813,probability_native,0.14052707872404813,u_cf856fc359e5527b,1,1,official,principal
3583,0,0,0.08042239781818938,probability_native,0.08042239781818938,u_cf856fc359e5527b,1,1,official,principal
1587,0,0,0.005921316452029596,probability_native,0.005921316452029596,u_cf856fc359e5527b,1,1,official,principal
3148,0,0,0.14358340740739672,probability_native,0.14358340740739672,u_cf856fc359e5527b,1,1,official,principal
7028,0,0,0.007372457694546511,probability_native,0.007372457694546511,u_cf856fc359e5527b,1,1,official,principal
3981,0,1,0.7173720296932095,probability_native,0.7173720296932095,u_cf856fc359e5527b,1,1,official,principal
4228,1,1,0.6717285911923131,probability_native,0.6717285911923131,u_cf856fc359e5527b,1,1,official,principal
2321,0,0,0.30524694130399616,probability_native,0.30524694130399616,u_cf856fc359e5527b,1,1,official,principal
1692,0,0,0.08592530107325666,probability_native,0.08592530107325666,u_cf856fc359e5527b,1,1,official,principal
4866,0,0,0.3675254465733544,probability_native,0.3675254465733544,u_cf856fc359e5527b,1,1,official,principal
5570,0,0,0.491620732980243,probability_native,0.491620732980243,u_cf856fc359e5527b,1,1,official,principal
4642,1,0,0.009224452009696021,probability_native,0.009224452009696021,u_cf856fc359e5527b,1,1,official,principal
2277,1,0,0.33550735064509196,probability_native,0.33550735064509196,u_cf856fc359e5527b,1,1,official,principal
6330,0,1,0.5297509445647313,probability_native,0.5297509445647313,u_cf856fc359e5527b,1,1,official,principal
5576,1,1,0.522927710515983,probability_native,0.522927710515983,u_cf856fc359e5527b,1,1,official,principal
6913,0,0,0.12931285709788673,probability_native,0.12931285709788673,u_cf856fc359e5527b,1,1,official,principal
2745,1,1,0.8173108914786588,probability_native,0.8173108914786588,u_cf856fc359e5527b,1,1,official,principal
1874,0,0,0.020131496316563958,probability_native,0.020131496316563958,u_cf856fc359e5527b,1,1,official,principal
2638,1,0,0.14971148614744098,probability_native,0.14971148614744098,u_cf856fc359e5527b,1,1,official,principal
6079,0,0,0.2582088979569694,probability_native,0.2582088979569694,u_cf856fc359e5527b,1,1,official,principal
782,0,0,0.11133313689464368,probability_native,0.11133313689464368,u_cf856fc359e5527b,1,1,official,principal
3602,0,0,0.11706086986856894,probability_native,0.11706086986856894,u_cf856fc359e5527b,1,1,official,principal
6282,0,0,0.03152020139391476,probability_native,0.03152020139391476,u_cf856fc359e5527b,1,1,official,principal
2404,0,0,0.1765465529810042,probability_native,0.1765465529810042,u_cf856fc359e5527b,1,1,official,principal
332,0,0,0.24806043232098052,probability_native,0.24806043232098052,u_cf856fc359e5527b,1,1,official,principal
2127,1,0,0.07759472860126725,probability_native,0.07759472860126725,u_cf856fc359e5527b,1,1,official,principal
6047,0,0,0.392435265514025,probability_native,0.392435265514025,u_cf856fc359e5527b,1,1,official,principal
5038,0,0,0.10060326941999868,probability_native,0.10060326941999868,u_cf856fc359e5527b,1,1,official,principal
2959,0,0,0.3003440479491962,probability_native,0.3003440479491962,u_cf856fc359e5527b,1,1,official,principal
1778,0,0,0.002392854919586404,probability_native,0.002392854919586404,u_cf856fc359e5527b,1,1,official,principal
6896,1,0,0.3621960440393084,probability_native,0.3621960440393084,u_cf856fc359e5527b,1,1,official,principal
5169,0,0,0.09062754964710869,probability_native,0.09062754964710869,u_cf856fc359e5527b,1,1,official,principal
6888,0,1,0.7055809788491396,probability_native,0.7055809788491396,u_cf856fc359e5527b,1,1,official,principal
6055,0,0,0.4952593792992146,probability_native,0.4952593792992146,u_cf856fc359e5527b,1,1,official,principal
6744,0,0,0.0745874342684062,probability_native,0.0745874342684062,u_cf856fc359e5527b,1,1,official,principal
3364,1,1,0.6860892142015401,probability_native,0.6860892142015401,u_cf856fc359e5527b,1,1,official,principal
3226,0,0,0.14487289800362643,probability_native,0.14487289800362643,u_cf856fc359e5527b,1,1,official,principal
6869,1,0,0.031155222703559613,probability_native,0.031155222703559613,u_cf856fc359e5527b,1,1,official,principal
2270,1,1,0.7399054473675925,probability_native,0.7399054473675925,u_cf856fc359e5527b,1,1,official,principal
4173,0,1,0.7179451823472457,probability_native,0.7179451823472457,u_cf856fc359e5527b,1,1,official,principal
3817,0,0,0.004736884878870608,probability_native,0.004736884878870608,u_cf856fc359e5527b,1,1,official,principal
2368,0,0,0.041560254795272186,probability_native,0.041560254795272186,u_cf856fc359e5527b,1,1,official,principal
4916,0,1,0.6524954847746388,probability_native,0.6524954847746388,u_cf856fc359e5527b,1,1,official,principal
2191,1,1,0.8054938816078895,probability_native,0.8054938816078895,u_cf856fc359e5527b,1,1,official,principal
2790,1,0,0.0957370585075841,probability_native,0.0957370585075841,u_cf856fc359e5527b,1,1,official,principal
6660,1,1,0.7042651520122666,probability_native,0.7042651520122666,u_cf856fc359e5527b,1,1,official,principal
5429,0,0,0.007086456090123092,probability_native,0.007086456090123092,u_cf856fc359e5527b,1,1,official,principal
3503,0,0,0.18506627339003748,probability_native,0.18506627339003748,u_cf856fc359e5527b,1,1,official,principal
3310,1,1,0.7368890978395979,probability_native,0.7368890978395979,u_cf856fc359e5527b,1,1,official,principal
6878,1,1,0.7798541590222321,probability_native,0.7798541590222321,u_cf856fc359e5527b,1,1,official,principal
4851,1,1,0.7047847593010726,probability_native,0.7047847593010726,u_cf856fc359e5527b,1,1,official,principal
719,0,0,0.22891964290205746,probability_native,0.22891964290205746,u_cf856fc359e5527b,1,1,official,principal
1500,0,0,0.26805124621809046,probability_native,0.26805124621809046,u_cf856fc359e5527b,1,1,official,principal
4060,0,0,0.021773486694297295,probability_native,0.021773486694297295,u_cf856fc359e5527b,1,1,official,principal
2342,0,0,0.3301103232052119,probability_native,0.3301103232052119,u_cf856fc359e5527b,1,1,official,principal
222,0,0,0.14068096958770007,probability_native,0.14068096958770007,u_cf856fc359e5527b,1,1,official,principal
1323,0,0,0.004166771025629086,probability_native,0.004166771025629086,u_cf856fc359e5527b,1,1,official,principal
3366,0,0,0.44423552481465733,probability_native,0.44423552481465733,u_cf856fc359e5527b,1,1,official,principal
5799,1,1,0.5594026188438224,probability_native,0.5594026188438224,u_cf856fc359e5527b,1,1,official,principal
2825,0,0,0.21640162122314444,probability_native,0.21640162122314444,u_cf856fc359e5527b,1,1,official,principal
3193,0,0,0.03733545151663073,probability_native,0.03733545151663073,u_cf856fc359e5527b,1,1,official,principal
5154,1,1,0.6569845090604874,probability_native,0.6569845090604874,u_cf856fc359e5527b,1,1,official,principal
80,1,1,0.728913656397065,probability_native,0.728913656397065,u_cf856fc359e5527b,1,1,official,principal
54,0,0,0.02060237634276916,probability_native,0.02060237634276916,u_cf856fc359e5527b,1,1,official,principal
6673,0,0,0.4393928382903434,probability_native,0.4393928382903434,u_cf856fc359e5527b,1,1,official,principal
2626,0,0,0.0407326383145193,probability_native,0.0407326383145193,u_cf856fc359e5527b,1,1,official,principal
6947,0,0,0.14899053498909856,probability_native,0.14899053498909856,u_cf856fc359e5527b,1,1,official,principal
5985,0,0,0.039018415466417884,probability_native,0.039018415466417884,u_cf856fc359e5527b,1,1,official,principal
6451,0,0,0.1367001967855016,probability_native,0.1367001967855016,u_cf856fc359e5527b,1,1,official,principal
6364,0,0,0.021144793393573814,probability_native,0.021144793393573814,u_cf856fc359e5527b,1,1,official,principal
2285,1,0,0.28527412470952934,probability_native,0.28527412470952934,u_cf856fc359e5527b,1,1,official,principal
6242,0,0,0.015532106497587846,probability_native,0.015532106497587846,u_cf856fc359e5527b,1,1,official,principal
30,0,0,0.02261968469038815,probability_native,0.02261968469038815,u_cf856fc359e5527b,1,1,official,principal
673,0,0,0.14039219142265574,probability_native,0.14039219142265574,u_cf856fc359e5527b,1,1,official,principal
684,0,1,0.5525640101719259,probability_native,0.5525640101719259,u_cf856fc359e5527b,1,1,official,principal
4424,1,0,0.4936135122558746,probability_native,0.4936135122558746,u_cf856fc359e5527b,1,1,official,principal
1502,0,0,0.05839860938610701,probability_native,0.05839860938610701,u_cf856fc359e5527b,1,1,official,principal
860,0,0,0.03317768026138868,probability_native,0.03317768026138868,u_cf856fc359e5527b,1,1,official,principal
5445,0,0,0.07222221307895409,probability_native,0.07222221307895409,u_cf856fc359e5527b,1,1,official,principal
3827,0,0,0.09590985314982887,probability_native,0.09590985314982887,u_cf856fc359e5527b,1,1,official,principal
5014,0,0,0.14320219179551408,probability_native,0.14320219179551408,u_cf856fc359e5527b,1,1,official,principal
1149,1,1,0.6045919811470548,probability_native,0.6045919811470548,u_cf856fc359e5527b,1,1,official,principal
6990,0,0,0.48245616940016905,probability_native,0.48245616940016905,u_cf856fc359e5527b,1,1,official,principal
1678,0,0,0.08548133289337587,probability_native,0.08548133289337587,u_cf856fc359e5527b,1,1,official,principal
6957,0,1,0.5078591076173528,probability_native,0.5078591076173528,u_cf856fc359e5527b,1,1,official,principal
6575,0,0,0.17306131645234277,probability_native,0.17306131645234277,u_cf856fc359e5527b,1,1,official,principal
2574,1,1,0.5654678316744317,probability_native,0.5654678316744317,u_cf856fc359e5527b,1,1,official,principal
5403,0,0,0.15110223075483928,probability_native,0.15110223075483928,u_cf856fc359e5527b,1,1,official,principal
3947,0,0,0.2181787041137707,probability_native,0.2181787041137707,u_cf856fc359e5527b,1,1,official,principal
1357,0,0,0.3525961920626622,probability_native,0.3525961920626622,u_cf856fc359e5527b,1,1,official,principal
1386,0,0,0.01580789883215218,probability_native,0.01580789883215218,u_cf856fc359e5527b,1,1,official,principal
4701,0,1,0.7509924403928132,probability_native,0.7509924403928132,u_cf856fc359e5527b,1,1,official,principal
3213,0,0,0.04331425506272717,probability_native,0.04331425506272717,u_cf856fc359e5527b,1,1,official,principal
6536,0,0,0.4870323118773611,probability_native,0.4870323118773611,u_cf856fc359e5527b,1,1,official,principal
3406,0,0,0.0289149198062141,probability_native,0.0289149198062141,u_cf856fc359e5527b,1,1,official,principal
1078,0,0,0.06432511319721133,probability_native,0.06432511319721133,u_cf856fc359e5527b,1,1,official,principal
3849,1,0,0.08253821180126744,probability_native,0.08253821180126744,u_cf856fc359e5527b,1,1,official,principal
5307,0,1,0.75909948030955,probability_native,0.75909948030955,u_cf856fc359e5527b,1,1,official,principal
3168,0,0,0.019212893706755798,probability_native,0.019212893706755798,u_cf856fc359e5527b,1,1,official,principal
4159,0,0,0.2627837307859703,probability_native,0.2627837307859703,u_cf856fc359e5527b,1,1,official,principal
3865,0,0,0.2215697092531916,probability_native,0.2215697092531916,u_cf856fc359e5527b,1,1,official,principal
5549,1,1,0.7111916135396374,probability_native,0.7111916135396374,u_cf856fc359e5527b,1,1,official,principal
1647,1,1,0.5778296405086047,probability_native,0.5778296405086047,u_cf856fc359e5527b,1,1,official,principal
1943,0,0,0.4782741400877682,probability_native,0.4782741400877682,u_cf856fc359e5527b,1,1,official,principal
1545,0,0,0.09750935996817477,probability_native,0.09750935996817477,u_cf856fc359e5527b,1,1,official,principal
4980,0,0,0.061680622445191714,probability_native,0.061680622445191714,u_cf856fc359e5527b,1,1,official,principal
6798,0,1,0.5415571277783423,probability_native,0.5415571277783423,u_cf856fc359e5527b,1,1,official,principal
5289,0,0,0.13217628384313326,probability_native,0.13217628384313326,u_cf856fc359e5527b,1,1,official,principal
4463,1,1,0.6898503339452866,probability_native,0.6898503339452866,u_cf856fc359e5527b,1,1,official,principal
6359,0,0,0.11628958412983008,probability_native,0.11628958412983008,u_cf856fc359e5527b,1,1,official,principal
4804,0,0,0.14656970546881606,probability_native,0.14656970546881606,u_cf856fc359e5527b,1,1,official,principal
5182,0,0,0.07965608723329644,probability_native,0.07965608723329644,u_cf856fc359e5527b,1,1,official,principal
136,0,0,0.3474883317698442,probability_native,0.3474883317698442,u_cf856fc359e5527b,1,1,official,principal
3588,0,0,0.4506039827861537,probability_native,0.4506039827861537,u_cf856fc359e5527b,1,1,official,principal
2166,0,0,0.10617321712482725,probability_native,0.10617321712482725,u_cf856fc359e5527b,1,1,official,principal
5111,1,0,0.2087015563069484,probability_native,0.2087015563069484,u_cf856fc359e5527b,1,1,official,principal
4279,0,0,0.10280781371006797,probability_native,0.10280781371006797,u_cf856fc359e5527b,1,1,official,principal
6767,0,0,0.03325913314980773,probability_native,0.03325913314980773,u_cf856fc359e5527b,1,1,official,principal
4321,0,1,0.6167178429205673,probability_native,0.6167178429205673,u_cf856fc359e5527b,1,1,official,principal
1409,0,0,0.37176917395521364,probability_native,0.37176917395521364,u_cf856fc359e5527b,1,1,official,principal
2060,0,0,0.010157439412974019,probability_native,0.010157439412974019,u_cf856fc359e5527b,1,1,official,principal
2462,0,0,0.19817024696949,probability_native,0.19817024696949,u_cf856fc359e5527b,1,1,official,principal
5973,0,0,0.09805551461536681,probability_native,0.09805551461536681,u_cf856fc359e5527b,1,1,official,principal
289,1,0,0.3210079540297112,probability_native,0.3210079540297112,u_cf856fc359e5527b,1,1,official,principal
4342,0,0,0.01503754495608745,probability_native,0.01503754495608745,u_cf856fc359e5527b,1,1,official,principal
2864,0,0,0.3215241345530373,probability_native,0.3215241345530373,u_cf856fc359e5527b,1,1,official,principal
2033,1,0,0.24111984086002397,probability_native,0.24111984086002397,u_cf856fc359e5527b,1,1,official,principal
3605,0,0,0.18331254736703856,probability_native,0.18331254736703856,u_cf856fc359e5527b,1,1,official,principal
280,0,0,0.1975634546070372,probability_native,0.1975634546070372,u_cf856fc359e5527b,1,1,official,principal
1930,0,0,0.2707235707887138,probability_native,0.2707235707887138,u_cf856fc359e5527b,1,1,official,principal
4222,0,0,0.0885341280796939,probability_native,0.0885341280796939,u_cf856fc359e5527b,1,1,official,principal
839,0,0,0.006345434111511627,probability_native,0.006345434111511627,u_cf856fc359e5527b,1,1,official,principal
6275,0,0,0.005702327008055122,probability_native,0.005702327008055122,u_cf856fc359e5527b,1,1,official,principal
506,0,1,0.6095342616967014,probability_native,0.6095342616967014,u_cf856fc359e5527b,1,1,official,principal
5434,0,0,0.36390412948095535,probability_native,0.36390412948095535,u_cf856fc359e5527b,1,1,official,principal
6526,1,0,0.19403117256189203,probability_native,0.19403117256189203,u_cf856fc359e5527b,1,1,official,principal
5295,0,0,0.33648879513365615,probability_native,0.33648879513365615,u_cf856fc359e5527b,1,1,official,principal
2703,1,0,0.49988620494566904,probability_native,0.49988620494566904,u_cf856fc359e5527b,1,1,official,principal
2537,0,0,0.03109192589815052,probability_native,0.03109192589815052,u_cf856fc359e5527b,1,1,official,principal
824,0,0,0.005820467321357947,probability_native,0.005820467321357947,u_cf856fc359e5527b,1,1,official,principal
908,0,0,0.12951186969364836,probability_native,0.12951186969364836,u_cf856fc359e5527b,1,1,official,principal
6823,0,0,0.28792727562436854,probability_native,0.28792727562436854,u_cf856fc359e5527b,1,1,official,principal
3210,0,0,0.012571617142301832,probability_native,0.012571617142301832,u_cf856fc359e5527b,1,1,official,principal
25,0,0,0.10956143700285094,probability_native,0.10956143700285094,u_cf856fc359e5527b,1,1,official,principal
2379,1,1,0.5199193561847514,probability_native,0.5199193561847514,u_cf856fc359e5527b,1,1,official,principal
6078,0,0,0.06820010652480848,probability_native,0.06820010652480848,u_cf856fc359e5527b,1,1,official,principal
6325,1,0,0.316779158044542,probability_native,0.316779158044542,u_cf856fc359e5527b,1,1,official,principal
1257,0,0,0.12474362076392229,probability_native,0.12474362076392229,u_cf856fc359e5527b,1,1,official,principal
6216,0,0,0.005412032270165328,probability_native,0.005412032270165328,u_cf856fc359e5527b,1,1,official,principal
4116,0,0,0.0383848311256231,probability_native,0.0383848311256231,u_cf856fc359e5527b,1,1,official,principal
3746,1,1,0.7160624740680737,probability_native,0.7160624740680737,u_cf856fc359e5527b,1,1,official,principal
6844,0,0,0.29690902040010886,probability_native,0.29690902040010886,u_cf856fc359e5527b,1,1,official,principal
6893,1,0,0.16502269074796005,probability_native,0.16502269074796005,u_cf856fc359e5527b,1,1,official,principal
1524,0,0,0.3009916517156305,probability_native,0.3009916517156305,u_cf856fc359e5527b,1,1,official,principal
2196,0,0,0.08458754760909384,probability_native,0.08458754760909384,u_cf856fc359e5527b,1,1,official,principal
2621,0,0,0.013572577938447062,probability_native,0.013572577938447062,u_cf856fc359e5527b,1,1,official,principal
379,0,0,0.2659932349564116,probability_native,0.2659932349564116,u_cf856fc359e5527b,1,1,official,principal
3929,0,0,0.03776130456347685,probability_native,0.03776130456347685,u_cf856fc359e5527b,1,1,official,principal
7026,1,0,0.3443980070115471,probability_native,0.3443980070115471,u_cf856fc359e5527b,1,1,official,principal
3221,0,1,0.5045226306148838,probability_native,0.5045226306148838,u_cf856fc359e5527b,1,1,official,principal
2366,1,1,0.7239901068499399,probability_native,0.7239901068499399,u_cf856fc359e5527b,1,1,official,principal
6255,0,0,0.12931114237736036,probability_native,0.12931114237736036,u_cf856fc359e5527b,1,1,official,principal
5638,1,0,0.22594251985143243,probability_native,0.22594251985143243,u_cf856fc359e5527b,1,1,official,principal
6606,1,1,0.5627493148024627,probability_native,0.5627493148024627,u_cf856fc359e5527b,1,1,official,principal
1796,0,0,0.35454482904084134,probability_native,0.35454482904084134,u_cf856fc359e5527b,1,1,official,principal
2682,1,0,0.37670405534230406,probability_native,0.37670405534230406,u_cf856fc359e5527b,1,1,official,principal
6517,0,0,0.4014084084713117,probability_native,0.4014084084713117,u_cf856fc359e5527b,1,1,official,principal
1217,0,0,0.015069096915112669,probability_native,0.015069096915112669,u_cf856fc359e5527b,1,1,official,principal
5124,0,0,0.013813459223547996,probability_native,0.013813459223547996,u_cf856fc359e5527b,1,1,official,principal
5856,0,0,0.3367951928892842,probability_native,0.3367951928892842,u_cf856fc359e5527b,1,1,official,principal
5136,0,1,0.7523824423052383,probability_native,0.7523824423052383,u_cf856fc359e5527b,1,1,official,principal
398,0,0,0.3908609271572117,probability_native,0.3908609271572117,u_cf856fc359e5527b,1,1,official,principal
918,0,1,0.5784572415544699,probability_native,0.5784572415544699,u_cf856fc359e5527b,1,1,official,principal
6759,0,0,0.19275191217175455,probability_native,0.19275191217175455,u_cf856fc359e5527b,1,1,official,principal
3562,1,1,0.7756751709816551,probability_native,0.7756751709816551,u_cf856fc359e5527b,1,1,official,principal
3120,0,0,0.004649497069891906,probability_native,0.004649497069891906,u_cf856fc359e5527b,1,1,official,principal
5290,0,0,0.0071364796166295515,probability_native,0.0071364796166295515,u_cf856fc359e5527b,1,1,official,principal
4617,0,0,0.2209653360082007,probability_native,0.2209653360082007,u_cf856fc359e5527b,1,1,official,principal
1642,0,0,0.06813539380579176,probability_native,0.06813539380579176,u_cf856fc359e5527b,1,1,official,principal
5104,0,0,0.022685085498988105,probability_native,0.022685085498988105,u_cf856fc359e5527b,1,1,official,principal
4807,0,0,0.08729370234597589,probability_native,0.08729370234597589,u_cf856fc359e5527b,1,1,official,principal
5800,0,0,0.48832180931216335,probability_native,0.48832180931216335,u_cf856fc359e5527b,1,1,official,principal
3558,0,0,0.35171541635772285,probability_native,0.35171541635772285,u_cf856fc359e5527b,1,1,official,principal
6819,1,0,0.4624431971017195,probability_native,0.4624431971017195,u_cf856fc359e5527b,1,1,official,principal
5644,1,1,0.6046831270359411,probability_native,0.6046831270359411,u_cf856fc359e5527b,1,1,official,principal
4138,1,1,0.7537568325660888,probability_native,0.7537568325660888,u_cf856fc359e5527b,1,1,official,principal
460,0,0,0.13330429336881122,probability_native,0.13330429336881122,u_cf856fc359e5527b,1,1,official,principal
3199,0,0,0.003292150472593815,probability_native,0.003292150472593815,u_cf856fc359e5527b,1,1,official,principal
2332,0,0,0.0526944681312096,probability_native,0.0526944681312096,u_cf856fc359e5527b,1,1,official,principal
5682,0,1,0.6084808474970013,probability_native,0.6084808474970013,u_cf856fc359e5527b,1,1,official,principal
6859,0,0,0.04023552768191201,probability_native,0.04023552768191201,u_cf856fc359e5527b,1,1,official,principal
2418,0,0,0.4827329348917831,probability_native,0.4827329348917831,u_cf856fc359e5527b,1,1,official,principal
6784,0,0,0.12251295476840642,probability_native,0.12251295476840642,u_cf856fc359e5527b,1,1,official,principal
6035,1,0,0.21865428708145523,probability_native,0.21865428708145523,u_cf856fc359e5527b,1,1,official,principal
2929,0,0,0.02697891252082936,probability_native,0.02697891252082936,u_cf856fc359e5527b,1,1,official,principal
2177,0,0,0.04106348026882453,probability_native,0.04106348026882453,u_cf856fc359e5527b,1,1,official,principal
2632,0,0,0.023294588247476558,probability_native,0.023294588247476558,u_cf856fc359e5527b,1,1,official,principal
4787,0,0,0.2238635837212918,probability_native,0.2238635837212918,u_cf856fc359e5527b,1,1,official,principal
1976,1,1,0.8610492556012522,probability_native,0.8610492556012522,u_cf856fc359e5527b,1,1,official,principal
762,1,1,0.6750932125589936,probability_native,0.6750932125589936,u_cf856fc359e5527b,1,1,official,principal
5757,0,0,0.10424336164678019,probability_native,0.10424336164678019,u_cf856fc359e5527b,1,1,official,principal
2977,0,0,0.24828279136056775,probability_native,0.24828279136056775,u_cf856fc359e5527b,1,1,official,principal
2215,0,0,0.00929253097091675,probability_native,0.00929253097091675,u_cf856fc359e5527b,1,1,official,principal
5042,0,0,0.04076825946546831,probability_native,0.04076825946546831,u_cf856fc359e5527b,1,1,official,principal
3572,0,1,0.5591700772992216,probability_native,0.5591700772992216,u_cf856fc359e5527b,1,1,official,principal
565,0,0,0.005141270021433189,probability_native,0.005141270021433189,u_cf856fc359e5527b,1,1,official,principal
4888,0,0,0.2135866931452684,probability_native,0.2135866931452684,u_cf856fc359e5527b,1,1,official,principal
2948,1,1,0.6621614316878269,probability_native,0.6621614316878269,u_cf856fc359e5527b,1,1,official,principal
1979,0,0,0.007448408384630526,probability_native,0.007448408384630526,u_cf856fc359e5527b,1,1,official,principal
2406,1,1,0.7422653489507135,probability_native,0.7422653489507135,u_cf856fc359e5527b,1,1,official,principal
1344,0,0,0.06866514696990901,probability_native,0.06866514696990901,u_cf856fc359e5527b,1,1,official,principal
6953,1,1,0.7852775363301175,probability_native,0.7852775363301175,u_cf856fc359e5527b,1,1,official,principal
6052,0,0,0.019941454154955005,probability_native,0.019941454154955005,u_cf856fc359e5527b,1,1,official,principal
6296,0,0,0.13503731519150414,probability_native,0.13503731519150414,u_cf856fc359e5527b,1,1,official,principal
2309,0,0,0.06545019471879421,probability_native,0.06545019471879421,u_cf856fc359e5527b,1,1,official,principal
6790,0,0,0.004747431764128135,probability_native,0.004747431764128135,u_cf856fc359e5527b,1,1,official,principal
89,0,0,0.303351364890684,probability_native,0.303351364890684,u_cf856fc359e5527b,1,1,official,principal
3594,0,0,0.47450875890990074,probability_native,0.47450875890990074,u_cf856fc359e5527b,1,1,official,principal
3033,0,0,0.0641330585526932,probability_native,0.0641330585526932,u_cf856fc359e5527b,1,1,official,principal
2979,0,0,0.04138394477514323,probability_native,0.04138394477514323,u_cf856fc359e5527b,1,1,official,principal
5893,0,0,0.041719966079148914,probability_native,0.041719966079148914,u_cf856fc359e5527b,1,1,official,principal
2966,0,1,0.6484082530025531,probability_native,0.6484082530025531,u_cf856fc359e5527b,1,1,official,principal
1741,0,0,0.3515429796556695,probability_native,0.3515429796556695,u_cf856fc359e5527b,1,1,official,principal
5126,0,0,0.2631340439805098,probability_native,0.2631340439805098,u_cf856fc359e5527b,1,1,official,principal
2096,1,0,0.24064836968041625,probability_native,0.24064836968041625,u_cf856fc359e5527b,1,1,official,principal
5712,0,0,0.10391589142604933,probability_native,0.10391589142604933,u_cf856fc359e5527b,1,1,official,principal
3289,0,0,0.4075694471236764,probability_native,0.4075694471236764,u_cf856fc359e5527b,1,1,official,principal
1091,0,0,0.12089417360932665,probability_native,0.12089417360932665,u_cf856fc359e5527b,1,1,official,principal
5305,0,0,0.03693238827603298,probability_native,0.03693238827603298,u_cf856fc359e5527b,1,1,official,principal
5391,0,0,0.37316676784682545,probability_native,0.37316676784682545,u_cf856fc359e5527b,1,1,official,principal
5153,0,1,0.5360133184100369,probability_native,0.5360133184100369,u_cf856fc359e5527b,1,1,official,principal
2288,0,1,0.6481228106870903,probability_native,0.6481228106870903,u_cf856fc359e5527b,1,1,official,principal
4035,0,0,0.22599341993562475,probability_native,0.22599341993562475,u_cf856fc359e5527b,1,1,official,principal
937,1,1,0.6354702211425404,probability_native,0.6354702211425404,u_cf856fc359e5527b,1,1,official,principal
2026,0,0,0.09724776525400033,probability_native,0.09724776525400033,u_cf856fc359e5527b,1,1,official,principal
3894,0,0,0.03184064211563892,probability_native,0.03184064211563892,u_cf856fc359e5527b,1,1,official,principal
5165,1,1,0.7202652004447416,probability_native,0.7202652004447416,u_cf856fc359e5527b,1,1,official,principal
947,0,1,0.5374131565114874,probability_native,0.5374131565114874,u_cf856fc359e5527b,1,1,official,principal
3232,0,0,0.03282356756863768,probability_native,0.03282356756863768,u_cf856fc359e5527b,1,1,official,principal
4974,1,0,0.3795952261741204,probability_native,0.3795952261741204,u_cf856fc359e5527b,1,1,official,principal
5152,0,0,0.006768648916763075,probability_native,0.006768648916763075,u_cf856fc359e5527b,1,1,official,principal
6813,1,0,0.013205444014409443,probability_native,0.013205444014409443,u_cf856fc359e5527b,1,1,official,principal
4644,0,0,0.2213671183544311,probability_native,0.2213671183544311,u_cf856fc359e5527b,1,1,official,principal
1226,0,0,0.0029361089283639415,probability_native,0.0029361089283639415,u_cf856fc359e5527b,1,1,official,principal
5210,1,0,0.10150660843013216,probability_native,0.10150660843013216,u_cf856fc359e5527b,1,1,official,principal
5769,0,0,0.05228441508988035,probability_native,0.05228441508988035,u_cf856fc359e5527b,1,1,official,principal
5186,1,1,0.7078570038815307,probability_native,0.7078570038815307,u_cf856fc359e5527b,1,1,official,principal
1372,0,0,0.48124861477979075,probability_native,0.48124861477979075,u_cf856fc359e5527b,1,1,official,principal
3825,0,0,0.004465824423133009,probability_native,0.004465824423133009,u_cf856fc359e5527b,1,1,official,principal
104,1,0,0.06659585984385508,probability_native,0.06659585984385508,u_cf856fc359e5527b,1,1,official,principal
4949,1,1,0.6152288469163468,probability_native,0.6152288469163468,u_cf856fc359e5527b,1,1,official,principal
1233,0,0,0.0025835463575984274,probability_native,0.0025835463575984274,u_cf856fc359e5527b,1,1,official,principal
4634,0,0,0.1912712637539594,probability_native,0.1912712637539594,u_cf856fc359e5527b,1,1,official,principal
739,0,0,0.015887668873326388,probability_native,0.015887668873326388,u_cf856fc359e5527b,1,1,official,principal
1663,1,1,0.5374899549416552,probability_native,0.5374899549416552,u_cf856fc359e5527b,1,1,official,principal
5417,0,0,0.05437869431097214,probability_native,0.05437869431097214,u_cf856fc359e5527b,1,1,official,principal
6357,1,0,0.07519787785614568,probability_native,0.07519787785614568,u_cf856fc359e5527b,1,1,official,principal
59,0,0,0.060932706526491645,probability_native,0.060932706526491645,u_cf856fc359e5527b,1,1,official,principal
4384,1,1,0.5178648447647551,probability_native,0.5178648447647551,u_cf856fc359e5527b,1,1,official,principal
5467,0,0,0.1344970276804186,probability_native,0.1344970276804186,u_cf856fc359e5527b,1,1,official,principal
3754,0,0,0.1868994577113193,probability_native,0.1868994577113193,u_cf856fc359e5527b,1,1,official,principal
6870,0,0,0.3076022121787166,probability_native,0.3076022121787166,u_cf856fc359e5527b,1,1,official,principal
5731,0,0,0.18556230006921778,probability_native,0.18556230006921778,u_cf856fc359e5527b,1,1,official,principal
2100,0,0,0.1533447425886029,probability_native,0.1533447425886029,u_cf856fc359e5527b,1,1,official,principal
5843,0,0,0.26766883923160184,probability_native,0.26766883923160184,u_cf856fc359e5527b,1,1,official,principal
6358,0,0,0.008237153788536268,probability_native,0.008237153788536268,u_cf856fc359e5527b,1,1,official,principal
2947,0,0,0.272494381050378,probability_native,0.272494381050378,u_cf856fc359e5527b,1,1,official,principal
6066,1,1,0.7162079478255788,probability_native,0.7162079478255788,u_cf856fc359e5527b,1,1,official,principal
5599,1,1,0.5340529850065234,probability_native,0.5340529850065234,u_cf856fc359e5527b,1,1,official,principal
5741,1,1,0.7222650713876073,probability_native,0.7222650713876073,u_cf856fc359e5527b,1,1,official,principal
3336,0,0,0.0036872387358450665,probability_native,0.0036872387358450665,u_cf856fc359e5527b,1,1,official,principal
6708,1,1,0.7103785188792572,probability_native,0.7103785188792572,u_cf856fc359e5527b,1,1,official,principal
5454,1,1,0.73634864896949,probability_native,0.73634864896949,u_cf856fc359e5527b,1,1,official,principal
4368,1,1,0.7280387862103513,probability_native,0.7280387862103513,u_cf856fc359e5527b,1,1,official,principal
2953,1,1,0.6243037820175598,probability_native,0.6243037820175598,u_cf856fc359e5527b,1,1,official,principal
3181,0,0,0.011102675137759492,probability_native,0.011102675137759492,u_cf856fc359e5527b,1,1,official,principal
5353,0,0,0.22691789036150675,probability_native,0.22691789036150675,u_cf856fc359e5527b,1,1,official,principal
3919,1,1,0.775943686347114,probability_native,0.775943686347114,u_cf856fc359e5527b,1,1,official,principal
4380,0,0,0.04076511044803254,probability_native,0.04076511044803254,u_cf856fc359e5527b,1,1,official,principal
6007,0,0,0.08497532502750398,probability_native,0.08497532502750398,u_cf856fc359e5527b,1,1,official,principal
4331,0,0,0.002755904557791451,probability_native,0.002755904557791451,u_cf856fc359e5527b,1,1,official,principal
3351,1,0,0.20423832379269868,probability_native,0.20423832379269868,u_cf856fc359e5527b,1,1,official,principal
6962,1,1,0.5708399296045832,probability_native,0.5708399296045832,u_cf856fc359e5527b,1,1,official,principal
5873,0,0,0.45635762531961993,probability_native,0.45635762531961993,u_cf856fc359e5527b,1,1,official,principal
486,0,1,0.740925223068371,probability_native,0.740925223068371,u_cf856fc359e5527b,1,1,official,principal
2378,1,0,0.4158543987427603,probability_native,0.4158543987427603,u_cf856fc359e5527b,1,1,official,principal
2958,0,0,0.18950686503547787,probability_native,0.18950686503547787,u_cf856fc359e5527b,1,1,official,principal
5112,1,0,0.15881992329479094,probability_native,0.15881992329479094,u_cf856fc359e5527b,1,1,official,principal
1013,0,0,0.3754210887657728,probability_native,0.3754210887657728,u_cf856fc359e5527b,1,1,official,principal
6868,1,1,0.7017488127879229,probability_native,0.7017488127879229,u_cf856fc359e5527b,1,1,official,principal
2141,0,0,0.11400801561790062,probability_native,0.11400801561790062,u_cf856fc359e5527b,1,1,official,principal
5306,1,1,0.6435448128670798,probability_native,0.6435448128670798,u_cf856fc359e5527b,1,1,official,principal
540,0,0,0.039926953745281636,probability_native,0.039926953745281636,u_cf856fc359e5527b,1,1,official,principal
2242,0,0,0.024139695950903994,probability_native,0.024139695950903994,u_cf856fc359e5527b,1,1,official,principal
5994,1,1,0.5151589014390681,probability_native,0.5151589014390681,u_cf856fc359e5527b,1,1,official,principal
3257,0,1,0.6075047694555088,probability_native,0.6075047694555088,u_cf856fc359e5527b,1,1,official,principal
5641,0,0,0.02088365145589397,probability_native,0.02088365145589397,u_cf856fc359e5527b,1,1,official,principal
1,0,0,0.0398984721932728,probability_native,0.0398984721932728,u_cf856fc359e5527b,1,1,official,principal
2269,1,1,0.5553002203074914,probability_native,0.5553002203074914,u_cf856fc359e5527b,1,1,official,principal
6617,0,0,0.09114168456192226,probability_native,0.09114168456192226,u_cf856fc359e5527b,1,1,official,principal
4762,0,0,0.30537422426100813,probability_native,0.30537422426100813,u_cf856fc359e5527b,1,1,official,principal
3017,0,0,0.05337873936822401,probability_native,0.05337873936822401,u_cf856fc359e5527b,1,1,official,principal
1203,0,0,0.005047224023360436,probability_native,0.005047224023360436,u_cf856fc359e5527b,1,1,official,principal
410,1,1,0.7149835517328383,probability_native,0.7149835517328383,u_cf856fc359e5527b,1,1,official,principal
1591,0,0,0.09338882621933325,probability_native,0.09338882621933325,u_cf856fc359e5527b,1,1,official,principal
2660,0,0,0.16982837140132814,probability_native,0.16982837140132814,u_cf856fc359e5527b,1,1,official,principal
5426,0,0,0.03625369102025595,probability_native,0.03625369102025595,u_cf856fc359e5527b,1,1,official,principal
877,0,0,0.039575552951936516,probability_native,0.039575552951936516,u_cf856fc359e5527b,1,1,official,principal
1839,0,0,0.0693714419134194,probability_native,0.0693714419134194,u_cf856fc359e5527b,1,1,official,principal
862,1,1,0.5585266987541224,probability_native,0.5585266987541224,u_cf856fc359e5527b,1,1,official,principal
3318,1,0,0.3870235508138836,probability_native,0.3870235508138836,u_cf856fc359e5527b,1,1,official,principal
5537,0,0,0.04637077904175156,probability_native,0.04637077904175156,u_cf856fc359e5527b,1,1,official,principal
1919,1,0,0.3280117110507867,probability_native,0.3280117110507867,u_cf856fc359e5527b,1,1,official,principal
4276,1,0,0.3975077473849465,probability_native,0.3975077473849465,u_cf856fc359e5527b,1,1,official,principal
509,0,0,0.19576722426745843,probability_native,0.19576722426745843,u_cf856fc359e5527b,1,1,official,principal
624,1,0,0.14537106591572824,probability_native,0.14537106591572824,u_cf856fc359e5527b,1,1,official,principal
2151,0,0,0.004373459801502015,probability_native,0.004373459801502015,u_cf856fc359e5527b,1,1,official,principal
2532,0,0,0.22811982093414132,probability_native,0.22811982093414132,u_cf856fc359e5527b,1,1,official,principal
2203,0,0,0.05438812903165526,probability_native,0.05438812903165526,u_cf856fc359e5527b,1,1,official,principal
6736,0,0,0.0028805210890550208,probability_native,0.0028805210890550208,u_cf856fc359e5527b,1,1,official,principal
2912,0,1,0.6139800058813824,probability_native,0.6139800058813824,u_cf856fc359e5527b,1,1,official,principal
1964,0,0,0.01606984197648328,probability_native,0.01606984197648328,u_cf856fc359e5527b,1,1,official,principal
566,0,0,0.23337600876907655,probability_native,0.23337600876907655,u_cf856fc359e5527b,1,1,official,principal
159,0,0,0.03536717037635231,probability_native,0.03536717037635231,u_cf856fc359e5527b,1,1,official,principal
235,1,0,0.4555063848418732,probability_native,0.4555063848418732,u_cf856fc359e5527b,1,1,official,principal
3393,0,0,0.07779828021337597,probability_native,0.07779828021337597,u_cf856fc359e5527b,1,1,official,principal
2183,0,0,0.30420868368310283,probability_native,0.30420868368310283,u_cf856fc359e5527b,1,1,official,principal
1320,0,0,0.12860093336486803,probability_native,0.12860093336486803,u_cf856fc359e5527b,1,1,official,principal
1779,0,1,0.6076630786647323,probability_native,0.6076630786647323,u_cf856fc359e5527b,1,1,official,principal
3696,1,0,0.3537935714607631,probability_native,0.3537935714607631,u_cf856fc359e5527b,1,1,official,principal
6914,1,1,0.6315912930620374,probability_native,0.6315912930620374,u_cf856fc359e5527b,1,1,official,principal
1575,1,0,0.26994223484580165,probability_native,0.26994223484580165,u_cf856fc359e5527b,1,1,official,principal
6553,0,0,0.02075776569041189,probability_native,0.02075776569041189,u_cf856fc359e5527b,1,1,official,principal
2787,0,0,0.0023310119650114232,probability_native,0.0023310119650114232,u_cf856fc359e5527b,1,1,official,principal
6406,0,0,0.32057492725573045,probability_native,0.32057492725573045,u_cf856fc359e5527b,1,1,official,principal
2717,0,0,0.007098845694729014,probability_native,0.007098845694729014,u_cf856fc359e5527b,1,1,official,principal
285,0,0,0.35213723377335526,probability_native,0.35213723377335526,u_cf856fc359e5527b,1,1,official,principal
1274,0,0,0.06908344168230954,probability_native,0.06908344168230954,u_cf856fc359e5527b,1,1,official,principal
31,0,1,0.751765870365834,probability_native,0.751765870365834,u_cf856fc359e5527b,1,1,official,principal
5879,0,0,0.015829346549070172,probability_native,0.015829346549070172,u_cf856fc359e5527b,1,1,official,principal
4987,0,0,0.002907482530515658,probability_native,0.002907482530515658,u_cf856fc359e5527b,1,1,official,principal
1493,0,0,0.4253018876743556,probability_native,0.4253018876743556,u_cf856fc359e5527b,1,1,official,principal
6903,0,0,0.13185649080467057,probability_native,0.13185649080467057,u_cf856fc359e5527b,1,1,official,principal
174,0,0,0.02571359506452686,probability_native,0.02571359506452686,u_cf856fc359e5527b,1,1,official,principal
361,0,0,0.09394410701962536,probability_native,0.09394410701962536,u_cf856fc359e5527b,1,1,official,principal
2882,0,1,0.5281355937441433,probability_native,0.5281355937441433,u_cf856fc359e5527b,1,1,official,principal
3184,0,0,0.021126018664896863,probability_native,0.021126018664896863,u_cf856fc359e5527b,1,1,official,principal
6616,1,1,0.5557857083380634,probability_native,0.5557857083380634,u_cf856fc359e5527b,1,1,official,principal
3328,0,1,0.6949830474748153,probability_native,0.6949830474748153,u_cf856fc359e5527b,1,1,official,principal
4751,1,0,0.17303648703399652,probability_native,0.17303648703399652,u_cf856fc359e5527b,1,1,official,principal
5737,0,0,0.1704358796942895,probability_native,0.1704358796942895,u_cf856fc359e5527b,1,1,official,principal
5009,0,0,0.0837146824603697,probability_native,0.0837146824603697,u_cf856fc359e5527b,1,1,official,principal
4482,1,1,0.7214565762821225,probability_native,0.7214565762821225,u_cf856fc359e5527b,1,1,official,principal
5981,0,0,0.010850498511071475,probability_native,0.010850498511071475,u_cf856fc359e5527b,1,1,official,principal
2619,1,1,0.5872171555373022,probability_native,0.5872171555373022,u_cf856fc359e5527b,1,1,official,principal
109,0,0,0.0016442604811400935,probability_native,0.0016442604811400935,u_cf856fc359e5527b,1,1,official,principal
4182,1,1,0.5762950394272707,probability_native,0.5762950394272707,u_cf856fc359e5527b,1,1,official,principal
2507,0,0,0.005656390085361428,probability_native,0.005656390085361428,u_cf856fc359e5527b,1,1,official,principal
6172,1,1,0.616976965768392,probability_native,0.616976965768392,u_cf856fc359e5527b,1,1,official,principal
5455,0,0,0.15832511731483362,probability_native,0.15832511731483362,u_cf856fc359e5527b,1,1,official,principal
4467,0,0,0.07806664671165121,probability_native,0.07806664671165121,u_cf856fc359e5527b,1,1,official,principal
4167,0,0,0.09481759501401658,probability_native,0.09481759501401658,u_cf856fc359e5527b,1,1,official,principal
4269,1,0,0.3502624541575819,probability_native,0.3502624541575819,u_cf856fc359e5527b,1,1,official,principal
847,0,0,0.10405447553268021,probability_native,0.10405447553268021,u_cf856fc359e5527b,1,1,official,principal
1145,0,0,0.2729756070973758,probability_native,0.2729756070973758,u_cf856fc359e5527b,1,1,official,principal
1971,0,0,0.0649904619678571,probability_native,0.0649904619678571,u_cf856fc359e5527b,1,1,official,principal
5827,0,0,0.46201300451532584,probability_native,0.46201300451532584,u_cf856fc359e5527b,1,1,official,principal
5832,1,0,0.4942696983257142,probability_native,0.4942696983257142,u_cf856fc359e5527b,1,1,official,principal
1349,0,0,0.27564891344768516,probability_native,0.27564891344768516,u_cf856fc359e5527b,1,1,official,principal
77,0,0,0.1728349657278351,probability_native,0.1728349657278351,u_cf856fc359e5527b,1,1,official,principal
1859,1,0,0.3086918294242232,probability_native,0.3086918294242232,u_cf856fc359e5527b,1,1,official,principal
720,0,0,0.08069000632434387,probability_native,0.08069000632434387,u_cf856fc359e5527b,1,1,official,principal
2245,0,0,0.05088737645680957,probability_native,0.05088737645680957,u_cf856fc359e5527b,1,1,official,principal
6699,0,0,0.006160401089738496,probability_native,0.006160401089738496,u_cf856fc359e5527b,1,1,official,principal
572,0,0,0.12295456421735566,probability_native,0.12295456421735566,u_cf856fc359e5527b,1,1,official,principal
7014,0,1,0.5108180986560584,probability_native,0.5108180986560584,u_cf856fc359e5527b,1,1,official,principal
5342,1,0,0.3052203796513439,probability_native,0.3052203796513439,u_cf856fc359e5527b,1,1,official,principal
3733,0,0,0.022549299134400094,probability_native,0.022549299134400094,u_cf856fc359e5527b,1,1,official,principal
1937,0,0,0.02413367973536344,probability_native,0.02413367973536344,u_cf856fc359e5527b,1,1,official,principal
4294,0,0,0.3320215120958345,probability_native,0.3320215120958345,u_cf856fc359e5527b,1,1,official,principal
5861,0,0,0.0104928732616834,probability_native,0.0104928732616834,u_cf856fc359e5527b,1,1,official,principal
994,0,0,0.02484245171238583,probability_native,0.02484245171238583,u_cf856fc359e5527b,1,1,official,principal
4783,0,0,0.029309822872738724,probability_native,0.029309822872738724,u_cf856fc359e5527b,1,1,official,principal
330,0,0,0.01283110066141768,probability_native,0.01283110066141768,u_cf856fc359e5527b,1,1,official,principal
5411,1,1,0.6687278879148899,probability_native,0.6687278879148899,u_cf856fc359e5527b,1,1,official,principal
604,0,0,0.26517208032365797,probability_native,0.26517208032365797,u_cf856fc359e5527b,1,1,official,principal
6607,1,1,0.5685749644397189,probability_native,0.5685749644397189,u_cf856fc359e5527b,1,1,official,principal
6176,1,0,0.4188585604487687,probability_native,0.4188585604487687,u_cf856fc359e5527b,1,1,official,principal
1419,0,0,0.0036417494936804152,probability_native,0.0036417494936804152,u_cf856fc359e5527b,1,1,official,principal
6516,1,0,0.3627359563423159,probability_native,0.3627359563423159,u_cf856fc359e5527b,1,1,official,principal
2777,0,0,0.16258802083189342,probability_native,0.16258802083189342,u_cf856fc359e5527b,1,1,official,principal
3343,0,0,0.05166652371244366,probability_native,0.05166652371244366,u_cf856fc359e5527b,1,1,official,principal
6524,1,1,0.6887102943052849,probability_native,0.6887102943052849,u_cf856fc359e5527b,1,1,official,principal
1167,0,0,0.13119162661929898,probability_native,0.13119162661929898,u_cf856fc359e5527b,1,1,official,principal
2592,0,0,0.13376559446502828,probability_native,0.13376559446502828,u_cf856fc359e5527b,1,1,official,principal
205,0,0,0.1416902770284811,probability_native,0.1416902770284811,u_cf856fc359e5527b,1,1,official,principal
4196,0,0,0.002980527486635834,probability_native,0.002980527486635834,u_cf856fc359e5527b,1,1,official,principal
4356,0,0,0.19094886821903104,probability_native,0.19094886821903104,u_cf856fc359e5527b,1,1,official,principal
3977,0,0,0.03558113536233278,probability_native,0.03558113536233278,u_cf856fc359e5527b,1,1,official,principal
6920,0,0,0.011312794095851,probability_native,0.011312794095851,u_cf856fc359e5527b,1,1,official,principal
1085,1,1,0.644354297088551,probability_native,0.644354297088551,u_cf856fc359e5527b,1,1,official,principal
4952,0,1,0.5890254200289431,probability_native,0.5890254200289431,u_cf856fc359e5527b,1,1,official,principal
5746,1,1,0.5876931287742619,probability_native,0.5876931287742619,u_cf856fc359e5527b,1,1,official,principal
480,0,0,0.02500222895928899,probability_native,0.02500222895928899,u_cf856fc359e5527b,1,1,official,principal
6305,1,1,0.5428562789303643,probability_native,0.5428562789303643,u_cf856fc359e5527b,1,1,official,principal
6651,0,0,0.07735065669221075,probability_native,0.07735065669221075,u_cf856fc359e5527b,1,1,official,principal
5823,0,0,0.11886367026550071,probability_native,0.11886367026550071,u_cf856fc359e5527b,1,1,official,principal
5146,0,1,0.5912974062707413,probability_native,0.5912974062707413,u_cf856fc359e5527b,1,1,official,principal
3842,0,1,0.5610706451290857,probability_native,0.5610706451290857,u_cf856fc359e5527b,1,1,official,principal
2314,0,0,0.00941721708462845,probability_native,0.00941721708462845,u_cf856fc359e5527b,1,1,official,principal
3924,1,0,0.24739399955328492,probability_native,0.24739399955328492,u_cf856fc359e5527b,1,1,official,principal
6450,0,0,0.01292843061755269,probability_native,0.01292843061755269,u_cf856fc359e5527b,1,1,official,principal
3135,1,1,0.5784782746016109,probability_native,0.5784782746016109,u_cf856fc359e5527b,1,1,official,principal
550,0,0,0.047419969879527936,probability_native,0.047419969879527936,u_cf856fc359e5527b,1,1,official,principal
1982,0,0,0.09713473901106881,probability_native,0.09713473901106881,u_cf856fc359e5527b,1,1,official,principal
2158,0,0,0.026427503455654033,probability_native,0.026427503455654033,u_cf856fc359e5527b,1,1,official,principal
2169,0,0,0.01014114204892211,probability_native,0.01014114204892211,u_cf856fc359e5527b,1,1,official,principal
200,0,0,0.2056247367254834,probability_native,0.2056247367254834,u_cf856fc359e5527b,1,1,official,principal
5632,0,0,0.003409067411740575,probability_native,0.003409067411740575,u_cf856fc359e5527b,1,1,official,principal
4189,0,0,0.01414670355707677,probability_native,0.01414670355707677,u_cf856fc359e5527b,1,1,official,principal
1938,0,0,0.18677556844295026,probability_native,0.18677556844295026,u_cf856fc359e5527b,1,1,official,principal
3607,0,0,0.06667550840268825,probability_native,0.06667550840268825,u_cf856fc359e5527b,1,1,official,principal
2916,0,0,0.08397082342689319,probability_native,0.08397082342689319,u_cf856fc359e5527b,1,1,official,principal
5645,0,0,0.03982626589048264,probability_native,0.03982626589048264,u_cf856fc359e5527b,1,1,official,principal
2706,1,1,0.5933912115426575,probability_native,0.5933912115426575,u_cf856fc359e5527b,1,1,official,principal
1668,0,0,0.3701734573647738,probability_native,0.3701734573647738,u_cf856fc359e5527b,1,1,official,principal
6380,0,0,0.4514163848528461,probability_native,0.4514163848528461,u_cf856fc359e5527b,1,1,official,principal
464,0,0,0.04558061253823962,probability_native,0.04558061253823962,u_cf856fc359e5527b,1,1,official,principal
3308,0,0,0.034706449588050615,probability_native,0.034706449588050615,u_cf856fc359e5527b,1,1,official,principal
6341,1,1,0.7084912385159894,probability_native,0.7084912385159894,u_cf856fc359e5527b,1,1,official,principal
2116,1,0,0.4747803639726476,probability_native,0.4747803639726476,u_cf856fc359e5527b,1,1,official,principal
3241,1,0,0.18647910985622315,probability_native,0.18647910985622315,u_cf856fc359e5527b,1,1,official,principal
3645,0,0,0.15042349731755134,probability_native,0.15042349731755134,u_cf856fc359e5527b,1,1,official,principal
5525,0,0,0.0172904629741536,probability_native,0.0172904629741536,u_cf856fc359e5527b,1,1,official,principal
2128,0,0,0.1345273060325446,probability_native,0.1345273060325446,u_cf856fc359e5527b,1,1,official,principal
6797,0,0,0.42056969485746826,probability_native,0.42056969485746826,u_cf856fc359e5527b,1,1,official,principal
6762,1,0,0.16623441884279172,probability_native,0.16623441884279172,u_cf856fc359e5527b,1,1,official,principal
633,0,0,0.06674943268916132,probability_native,0.06674943268916132,u_cf856fc359e5527b,1,1,official,principal
1612,1,0,0.0777285168764375,probability_native,0.0777285168764375,u_cf856fc359e5527b,1,1,official,principal
5904,0,0,0.17626191170004624,probability_native,0.17626191170004624,u_cf856fc359e5527b,1,1,official,principal
6856,0,0,0.004463715985511493,probability_native,0.004463715985511493,u_cf856fc359e5527b,1,1,official,principal
1181,1,0,0.3265514241783124,probability_native,0.3265514241783124,u_cf856fc359e5527b,1,1,official,principal
5495,1,1,0.5447249032401502,probability_native,0.5447249032401502,u_cf856fc359e5527b,1,1,official,principal
6277,1,0,0.1751725484487011,probability_native,0.1751725484487011,u_cf856fc359e5527b,1,1,official,principal
2306,0,1,0.6812789733663909,probability_native,0.6812789733663909,u_cf856fc359e5527b,1,1,official,principal
1094,0,0,0.07596038755507811,probability_native,0.07596038755507811,u_cf856fc359e5527b,1,1,official,principal
2872,0,0,0.013088147419671533,probability_native,0.013088147419671533,u_cf856fc359e5527b,1,1,official,principal
4777,0,0,0.2546496091236247,probability_native,0.2546496091236247,u_cf856fc359e5527b,1,1,official,principal
3189,0,0,0.10011104588480123,probability_native,0.10011104588480123,u_cf856fc359e5527b,1,1,official,principal
4591,0,0,0.21266349731391995,probability_native,0.21266349731391995,u_cf856fc359e5527b,1,1,official,principal
1908,0,0,0.002176542054917798,probability_native,0.002176542054917798,u_cf856fc359e5527b,1,1,official,principal
2560,1,0,0.35369520323644443,probability_native,0.35369520323644443,u_cf856fc359e5527b,1,1,official,principal
4616,0,0,0.23894960954116384,probability_native,0.23894960954116384,u_cf856fc359e5527b,1,1,official,principal
3859,0,0,0.2077404520519392,probability_native,0.2077404520519392,u_cf856fc359e5527b,1,1,official,principal
780,0,0,0.01087400041736921,probability_native,0.01087400041736921,u_cf856fc359e5527b,1,1,official,principal
4720,0,0,0.20832480680288676,probability_native,0.20832480680288676,u_cf856fc359e5527b,1,1,official,principal
858,0,0,0.054852613107513076,probability_native,0.054852613107513076,u_cf856fc359e5527b,1,1,official,principal
1521,0,0,0.04768755118222949,probability_native,0.04768755118222949,u_cf856fc359e5527b,1,1,official,principal
1319,1,0,0.21539768780211413,probability_native,0.21539768780211413,u_cf856fc359e5527b,1,1,official,principal
3161,0,0,0.06209166554151521,probability_native,0.06209166554151521,u_cf856fc359e5527b,1,1,official,principal
4181,0,0,0.4560111489161042,probability_native,0.4560111489161042,u_cf856fc359e5527b,1,1,official,principal
5114,0,0,0.3083932489214212,probability_native,0.3083932489214212,u_cf856fc359e5527b,1,1,official,principal
5064,1,0,0.39427211001932405,probability_native,0.39427211001932405,u_cf856fc359e5527b,1,1,official,principal
1882,0,0,0.1531884873249868,probability_native,0.1531884873249868,u_cf856fc359e5527b,1,1,official,principal
1301,0,0,0.004442022785923874,probability_native,0.004442022785923874,u_cf856fc359e5527b,1,1,official,principal
5366,0,0,0.01321327213928069,probability_native,0.01321327213928069,u_cf856fc359e5527b,1,1,official,principal
677,1,1,0.6684310051813966,probability_native,0.6684310051813966,u_cf856fc359e5527b,1,1,official,principal
1944,1,0,0.3560799105157612,probability_native,0.3560799105157612,u_cf856fc359e5527b,1,1,official,principal
693,1,1,0.700394948071626,probability_native,0.700394948071626,u_cf856fc359e5527b,1,1,official,principal
1914,0,0,0.430989521543483,probability_native,0.430989521543483,u_cf856fc359e5527b,1,1,official,principal
6960,0,1,0.5445916718063748,probability_native,0.5445916718063748,u_cf856fc359e5527b,1,1,official,principal
141,1,0,0.2652230860504164,probability_native,0.2652230860504164,u_cf856fc359e5527b,1,1,official,principal
4515,0,1,0.566547471943156,probability_native,0.566547471943156,u_cf856fc359e5527b,1,1,official,principal
5683,1,0,0.39300617979617625,probability_native,0.39300617979617625,u_cf856fc359e5527b,1,1,official,principal
1542,0,0,0.010796765648042547,probability_native,0.010796765648042547,u_cf856fc359e5527b,1,1,official,principal
5073,0,0,0.2756348948432951,probability_native,0.2756348948432951,u_cf856fc359e5527b,1,1,official,principal
261,1,1,0.759180863714439,probability_native,0.759180863714439,u_cf856fc359e5527b,1,1,official,principal
2658,0,0,0.023799921399976016,probability_native,0.023799921399976016,u_cf856fc359e5527b,1,1,official,principal
5192,0,0,0.0028131259886257694,probability_native,0.0028131259886257694,u_cf856fc359e5527b,1,1,official,principal
2852,0,0,0.00994337461356638,probability_native,0.00994337461356638,u_cf856fc359e5527b,1,1,official,principal
2994,0,0,0.008264845007485295,probability_native,0.008264845007485295,u_cf856fc359e5527b,1,1,official,principal
2839,0,0,0.006582811973201317,probability_native,0.006582811973201317,u_cf856fc359e5527b,1,1,official,principal
1983,0,0,0.09255046150956717,probability_native,0.09255046150956717,u_cf856fc359e5527b,1,1,official,principal
1437,0,0,0.2089075285452862,probability_native,0.2089075285452862,u_cf856fc359e5527b,1,1,official,principal
2901,0,0,0.045093626583146806,probability_native,0.045093626583146806,u_cf856fc359e5527b,1,1,official,principal
220,1,1,0.6701463716293776,probability_native,0.6701463716293776,u_cf856fc359e5527b,1,1,official,principal
759,0,0,0.015673923265124966,probability_native,0.015673923265124966,u_cf856fc359e5527b,1,1,official,principal
2153,0,1,0.5139983852098193,probability_native,0.5139983852098193,u_cf856fc359e5527b,1,1,official,principal
2394,0,0,0.08654863432009079,probability_native,0.08654863432009079,u_cf856fc359e5527b,1,1,official,principal
39,1,1,0.7652549127882471,probability_native,0.7652549127882471,u_cf856fc359e5527b,1,1,official,principal
668,1,0,0.3172959346053268,probability_native,0.3172959346053268,u_cf856fc359e5527b,1,1,official,principal
4772,0,0,0.01012359816820457,probability_native,0.01012359816820457,u_cf856fc359e5527b,1,1,official,principal
2065,0,1,0.5088841425100984,probability_native,0.5088841425100984,u_cf856fc359e5527b,1,1,official,principal
1754,0,0,0.039548044280381486,probability_native,0.039548044280381486,u_cf856fc359e5527b,1,1,official,principal
6756,0,1,0.6242872686529397,probability_native,0.6242872686529397,u_cf856fc359e5527b,1,1,official,principal
2599,0,0,0.006440233923019506,probability_native,0.006440233923019506,u_cf856fc359e5527b,1,1,official,principal
5565,1,1,0.5531759653387707,probability_native,0.5531759653387707,u_cf856fc359e5527b,1,1,official,principal
1132,1,1,0.7032094704107322,probability_native,0.7032094704107322,u_cf856fc359e5527b,1,1,official,principal
2441,0,1,0.6442777696428246,probability_native,0.6442777696428246,u_cf856fc359e5527b,1,1,official,principal
3243,0,0,0.4675221705405454,probability_native,0.4675221705405454,u_cf856fc359e5527b,1,1,official,principal
4260,0,0,0.07555136796755277,probability_native,0.07555136796755277,u_cf856fc359e5527b,1,1,official,principal
432,0,0,0.31364764863123146,probability_native,0.31364764863123146,u_cf856fc359e5527b,1,1,official,principal
4146,1,0,0.48593587947820105,probability_native,0.48593587947820105,u_cf856fc359e5527b,1,1,official,principal
2971,0,0,0.011390025353839307,probability_native,0.011390025353839307,u_cf856fc359e5527b,1,1,official,principal
855,1,0,0.269929336784699,probability_native,0.269929336784699,u_cf856fc359e5527b,1,1,official,principal
1581,0,0,0.23702279454396782,probability_native,0.23702279454396782,u_cf856fc359e5527b,1,1,official,principal
1550,0,1,0.7353528454573031,probability_native,0.7353528454573031,u_cf856fc359e5527b,1,1,official,principal
1715,0,0,0.005880690158106012,probability_native,0.005880690158106012,u_cf856fc359e5527b,1,1,official,principal
732,0,0,0.41512349186009195,probability_native,0.41512349186009195,u_cf856fc359e5527b,1,1,official,principal
239,0,0,0.022945620774532702,probability_native,0.022945620774532702,u_cf856fc359e5527b,1,1,official,principal
1243,1,0,0.38853865178302194,probability_native,0.38853865178302194,u_cf856fc359e5527b,1,1,official,principal
2741,1,1,0.7995834660589243,probability_native,0.7995834660589243,u_cf856fc359e5527b,1,1,official,principal
4421,0,0,0.4139590146240681,probability_native,0.4139590146240681,u_cf856fc359e5527b,1,1,official,principal
6033,1,1,0.6719173723918338,probability_native,0.6719173723918338,u_cf856fc359e5527b,1,1,official,principal
6082,1,0,0.3754059608426782,probability_native,0.3754059608426782,u_cf856fc359e5527b,1,1,official,principal
3219,0,0,0.02008914674036489,probability_native,0.02008914674036489,u_cf856fc359e5527b,1,1,official,principal
3053,0,0,0.06470473827638891,probability_native,0.06470473827638891,u_cf856fc359e5527b,1,1,official,principal
4091,0,0,0.2708463223167343,probability_native,0.2708463223167343,u_cf856fc359e5527b,1,1,official,principal
2751,0,0,0.34355701315267834,probability_native,0.34355701315267834,u_cf856fc359e5527b,1,1,official,principal
5790,0,0,0.311338118249504,probability_native,0.311338118249504,u_cf856fc359e5527b,1,1,official,principal
1463,1,1,0.5935483474926536,probability_native,0.5935483474926536,u_cf856fc359e5527b,1,1,official,principal
3086,0,1,0.5193949127313693,probability_native,0.5193949127313693,u_cf856fc359e5527b,1,1,official,principal
648,1,1,0.7234451956889912,probability_native,0.7234451956889912,u_cf856fc359e5527b,1,1,official,principal
204,0,0,0.21635698359180247,probability_native,0.21635698359180247,u_cf856fc359e5527b,1,1,official,principal
1384,1,1,0.5473346230035896,probability_native,0.5473346230035896,u_cf856fc359e5527b,1,1,official,principal
4746,1,1,0.7300968737080437,probability_native,0.7300968737080437,u_cf856fc359e5527b,1,1,official,principal
3421,0,0,0.019124729108153885,probability_native,0.019124729108153885,u_cf856fc359e5527b,1,1,official,principal
957,0,0,0.25989503610885484,probability_native,0.25989503610885484,u_cf856fc359e5527b,1,1,official,principal
2387,0,1,0.7370850385527272,probability_native,0.7370850385527272,u_cf856fc359e5527b,1,1,official,principal
1679,0,0,0.3436931761576761,probability_native,0.3436931761576761,u_cf856fc359e5527b,1,1,official,principal
4578,0,0,0.3001581132641194,probability_native,0.3001581132641194,u_cf856fc359e5527b,1,1,official,principal
2578,1,1,0.5159705269885694,probability_native,0.5159705269885694,u_cf856fc359e5527b,1,1,official,principal
1148,1,1,0.8365564205550963,probability_native,0.8365564205550963,u_cf856fc359e5527b,1,1,official,principal
4679,0,0,0.011061415981905668,probability_native,0.011061415981905668,u_cf856fc359e5527b,1,1,official,principal
926,1,1,0.7376991960807304,probability_native,0.7376991960807304,u_cf856fc359e5527b,1,1,official,principal
4882,0,0,0.0167607264887034,probability_native,0.0167607264887034,u_cf856fc359e5527b,1,1,official,principal
781,0,0,0.28245284336948007,probability_native,0.28245284336948007,u_cf856fc359e5527b,1,1,official,principal
4102,0,0,0.3100158987999661,probability_native,0.3100158987999661,u_cf856fc359e5527b,1,1,official,principal
6769,0,0,0.005398698279762032,probability_native,0.005398698279762032,u_cf856fc359e5527b,1,1,official,principal
1858,1,0,0.4866488570092363,probability_native,0.4866488570092363,u_cf856fc359e5527b,1,1,official,principal
1183,0,0,0.21976805927103818,probability_native,0.21976805927103818,u_cf856fc359e5527b,1,1,official,principal
4217,0,1,0.6877762090014351,probability_native,0.6877762090014351,u_cf856fc359e5527b,1,1,official,principal
3299,0,0,0.09666167900335242,probability_native,0.09666167900335242,u_cf856fc359e5527b,1,1,official,principal
5663,0,1,0.5840211029997678,probability_native,0.5840211029997678,u_cf856fc359e5527b,1,1,official,principal
5028,0,0,0.03763772365727097,probability_native,0.03763772365727097,u_cf856fc359e5527b,1,1,official,principal
3920,0,0,0.029118426110033603,probability_native,0.029118426110033603,u_cf856fc359e5527b,1,1,official,principal
425,0,0,0.08364497058642142,probability_native,0.08364497058642142,u_cf856fc359e5527b,1,1,official,principal
4846,0,0,0.49584980014844776,probability_native,0.49584980014844776,u_cf856fc359e5527b,1,1,official,principal
6013,0,0,0.32424247692574326,probability_native,0.32424247692574326,u_cf856fc359e5527b,1,1,official,principal
1367,0,0,0.27224225270291363,probability_native,0.27224225270291363,u_cf856fc359e5527b,1,1,official,principal
4366,0,0,0.4670844962339167,probability_native,0.4670844962339167,u_cf856fc359e5527b,1,1,official,principal
2214,1,1,0.6013615500367991,probability_native,0.6013615500367991,u_cf856fc359e5527b,1,1,official,principal
2057,1,0,0.33351855574835004,probability_native,0.33351855574835004,u_cf856fc359e5527b,1,1,official,principal
1974,1,1,0.6865207554516849,probability_native,0.6865207554516849,u_cf856fc359e5527b,1,1,official,principal
5318,0,0,0.015471604393405811,probability_native,0.015471604393405811,u_cf856fc359e5527b,1,1,official,principal
725,0,0,0.2009519860149778,probability_native,0.2009519860149778,u_cf856fc359e5527b,1,1,official,principal
3323,0,0,0.056294394095561376,probability_native,0.056294394095561376,u_cf856fc359e5527b,1,1,official,principal
3403,0,0,0.16338657168773885,probability_native,0.16338657168773885,u_cf856fc359e5527b,1,1,official,principal
5802,0,0,0.14713855648307278,probability_native,0.14713855648307278,u_cf856fc359e5527b,1,1,official,principal
5047,0,0,0.393863091443434,probability_native,0.393863091443434,u_cf856fc359e5527b,1,1,official,principal
3620,0,0,0.3111966264342917,probability_native,0.3111966264342917,u_cf856fc359e5527b,1,1,official,principal
2115,0,0,0.0509155117100476,probability_native,0.0509155117100476,u_cf856fc359e5527b,1,1,official,principal
6099,0,0,0.002537639843708651,probability_native,0.002537639843708651,u_cf856fc359e5527b,1,1,official,principal
5309,0,0,0.003308148011510516,probability_native,0.003308148011510516,u_cf856fc359e5527b,1,1,official,principal
1655,1,0,0.3058725457833824,probability_native,0.3058725457833824,u_cf856fc359e5527b,1,1,official,principal
5191,0,0,0.04805551120394395,probability_native,0.04805551120394395,u_cf856fc359e5527b,1,1,official,principal
6347,0,1,0.5326626271697938,probability_native,0.5326626271697938,u_cf856fc359e5527b,1,1,official,principal
151,1,1,0.7016262776839695,probability_native,0.7016262776839695,u_cf856fc359e5527b,1,1,official,principal
508,1,1,0.598475134868708,probability_native,0.598475134868708,u_cf856fc359e5527b,1,1,official,principal
562,0,0,0.27662467216864955,probability_native,0.27662467216864955,u_cf856fc359e5527b,1,1,official,principal
5772,0,0,0.018274862433946586,probability_native,0.018274862433946586,u_cf856fc359e5527b,1,1,official,principal
1355,0,0,0.23538260878581418,probability_native,0.23538260878581418,u_cf856fc359e5527b,1,1,official,principal
6546,0,0,0.18901771912549795,probability_native,0.18901771912549795,u_cf856fc359e5527b,1,1,official,principal
6441,0,0,0.12270926157567513,probability_native,0.12270926157567513,u_cf856fc359e5527b,1,1,official,principal
5180,0,0,0.011105330242012598,probability_native,0.011105330242012598,u_cf856fc359e5527b,1,1,official,principal
3045,0,0,0.08225217831289205,probability_native,0.08225217831289205,u_cf856fc359e5527b,1,1,official,principal
3204,0,0,0.02048415842317568,probability_native,0.02048415842317568,u_cf856fc359e5527b,1,1,official,principal
2413,0,0,0.05824001414887732,probability_native,0.05824001414887732,u_cf856fc359e5527b,1,1,official,principal
5084,0,0,0.03339769337254946,probability_native,0.03339769337254946,u_cf856fc359e5527b,1,1,official,principal
7010,1,1,0.790780669205837,probability_native,0.790780669205837,u_cf856fc359e5527b,1,1,official,principal
6787,0,0,0.4896817665306464,probability_native,0.4896817665306464,u_cf856fc359e5527b,1,1,official,principal
3962,1,1,0.8014963930943566,probability_native,0.8014963930943566,u_cf856fc359e5527b,1,1,official,principal
4209,0,0,0.06308913789316113,probability_native,0.06308913789316113,u_cf856fc359e5527b,1,1,official,principal
1967,1,0,0.022253167015112683,probability_native,0.022253167015112683,u_cf856fc359e5527b,1,1,official,principal
2087,1,0,0.4767123647671997,probability_native,0.4767123647671997,u_cf856fc359e5527b,1,1,official,principal
3800,0,0,0.020495095442750216,probability_native,0.020495095442750216,u_cf856fc359e5527b,1,1,official,principal
857,1,0,0.3481329214204998,probability_native,0.3481329214204998,u_cf856fc359e5527b,1,1,official,principal
6671,0,0,0.06456584975130492,probability_native,0.06456584975130492,u_cf856fc359e5527b,1,1,official,principal
3527,1,1,0.6946655810513338,probability_native,0.6946655810513338,u_cf856fc359e5527b,1,1,official,principal
2198,0,0,0.12221013419017995,probability_native,0.12221013419017995,u_cf856fc359e5527b,1,1,official,principal
3224,1,1,0.542247930695689,probability_native,0.542247930695689,u_cf856fc359e5527b,1,1,official,principal
1804,0,0,0.04491031672360048,probability_native,0.04491031672360048,u_cf856fc359e5527b,1,1,official,principal
5866,0,0,0.23362037979922362,probability_native,0.23362037979922362,u_cf856fc359e5527b,1,1,official,principal
974,0,0,0.015638533219346037,probability_native,0.015638533219346037,u_cf856fc359e5527b,1,1,official,principal
4406,0,0,0.13777270507267003,probability_native,0.13777270507267003,u_cf856fc359e5527b,1,1,official,principal
5404,0,0,0.14623683892341044,probability_native,0.14623683892341044,u_cf856fc359e5527b,1,1,official,principal
5513,0,0,0.028538211355027432,probability_native,0.028538211355027432,u_cf856fc359e5527b,1,1,official,principal
1194,0,0,0.26329450821314215,probability_native,0.26329450821314215,u_cf856fc359e5527b,1,1,official,principal
4689,0,0,0.23458305574874305,probability_native,0.23458305574874305,u_cf856fc359e5527b,1,1,official,principal
5468,1,1,0.7279124961793991,probability_native,0.7279124961793991,u_cf856fc359e5527b,1,1,official,principal
3816,0,0,0.02259406069977507,probability_native,0.02259406069977507,u_cf856fc359e5527b,1,1,official,principal
4786,0,0,0.11349860349738669,probability_native,0.11349860349738669,u_cf856fc359e5527b,1,1,official,principal
6621,0,0,0.005542112304407928,probability_native,0.005542112304407928,u_cf856fc359e5527b,1,1,official,principal
5380,1,1,0.7326983600537398,probability_native,0.7326983600537398,u_cf856fc359e5527b,1,1,official,principal
0,0,1,0.6030696000385826,probability_native,0.6030696000385826,u_cf856fc359e5527b,1,1,official,principal
360,0,0,0.13459085838045565,probability_native,0.13459085838045565,u_cf856fc359e5527b,1,1,official,principal
4067,0,0,0.010127360104011216,probability_native,0.010127360104011216,u_cf856fc359e5527b,1,1,official,principal
6741,1,1,0.7162868688278046,probability_native,0.7162868688278046,u_cf856fc359e5527b,1,1,official,principal
1484,0,0,0.09959906427554886,probability_native,0.09959906427554886,u_cf856fc359e5527b,1,1,official,principal
2145,0,1,0.5614685811240899,probability_native,0.5614685811240899,u_cf856fc359e5527b,1,1,official,principal
502,0,0,0.018197433380036192,probability_native,0.018197433380036192,u_cf856fc359e5527b,1,1,official,principal
2391,0,1,0.5627192381725953,probability_native,0.5627192381725953,u_cf856fc359e5527b,1,1,official,principal
6841,0,0,0.20176036302938022,probability_native,0.20176036302938022,u_cf856fc359e5527b,1,1,official,principal
735,0,0,0.27193668417789973,probability_native,0.27193668417789973,u_cf856fc359e5527b,1,1,official,principal
1813,0,0,0.4964625826965716,probability_native,0.4964625826965716,u_cf856fc359e5527b,1,1,official,principal
6609,1,0,0.2421344320576579,probability_native,0.2421344320576579,u_cf856fc359e5527b,1,1,official,principal
1667,0,0,0.10016379275264027,probability_native,0.10016379275264027,u_cf856fc359e5527b,1,1,official,principal
2243,0,0,0.44006001373535825,probability_native,0.44006001373535825,u_cf856fc359e5527b,1,1,official,principal
4106,1,1,0.7704331933666949,probability_native,0.7704331933666949,u_cf856fc359e5527b,1,1,official,principal
4779,0,1,0.6715801553327414,probability_native,0.6715801553327414,u_cf856fc359e5527b,1,1,official,principal
5668,0,1,0.5621360577309641,probability_native,0.5621360577309641,u_cf856fc359e5527b,1,1,official,principal
1264,0,0,0.03965622882260158,probability_native,0.03965622882260158,u_cf856fc359e5527b,1,1,official,principal
3,0,0,0.025706065351431738,probability_native,0.025706065351431738,u_cf856fc359e5527b,1,1,official,principal
2705,0,0,0.002804697217300639,probability_native,0.002804697217300639,u_cf856fc359e5527b,1,1,official,principal
3175,1,0,0.47355055239210814,probability_native,0.47355055239210814,u_cf856fc359e5527b,1,1,official,principal
2831,1,1,0.7104440559032987,probability_native,0.7104440559032987,u_cf856fc359e5527b,1,1,official,principal
3677,0,0,0.3836321138171638,probability_native,0.3836321138171638,u_cf856fc359e5527b,1,1,official,principal
4896,0,0,0.22936480788376884,probability_native,0.22936480788376884,u_cf856fc359e5527b,1,1,official,principal
986,0,0,0.25579480411516264,probability_native,0.25579480411516264,u_cf856fc359e5527b,1,1,official,principal
4434,0,0,0.43125514923318164,probability_native,0.43125514923318164,u_cf856fc359e5527b,1,1,official,principal
5865,0,0,0.1809139374150172,probability_native,0.1809139374150172,u_cf856fc359e5527b,1,1,official,principal
4742,0,0,0.0027142852506808323,probability_native,0.0027142852506808323,u_cf856fc359e5527b,1,1,official,principal
4502,1,0,0.47407600999892796,probability_native,0.47407600999892796,u_cf856fc359e5527b,1,1,official,principal
3294,1,1,0.6214385783431124,probability_native,0.6214385783431124,u_cf856fc359e5527b,1,1,official,principal
4237,1,1,0.5677822833326386,probability_native,0.5677822833326386,u_cf856fc359e5527b,1,1,official,principal
2721,1,1,0.7087141325542771,probability_native,0.7087141325542771,u_cf856fc359e5527b,1,1,official,principal
4886,0,0,0.08398885199990679,probability_native,0.08398885199990679,u_cf856fc359e5527b,1,1,official,principal
647,0,0,0.07616804983350114,probability_native,0.07616804983350114,u_cf856fc359e5527b,1,1,official,principal
6601,0,0,0.050257805732272905,probability_native,0.050257805732272905,u_cf856fc359e5527b,1,1,official,principal
6071,0,0,0.04967786765271132,probability_native,0.04967786765271132,u_cf856fc359e5527b,1,1,official,principal
6448,1,0,0.2534578477147811,probability_native,0.2534578477147811,u_cf856fc359e5527b,1,1,official,principal
6811,1,1,0.7337333686378544,probability_native,0.7337333686378544,u_cf856fc359e5527b,1,1,official,principal
91,0,1,0.5513478482161228,probability_native,0.5513478482161228,u_cf856fc359e5527b,1,1,official,principal
2,1,0,0.29199985013372803,probability_native,0.29199985013372803,u_cf856fc359e5527b,1,1,official,principal
6612,1,1,0.5999162317094502,probability_native,0.5999162317094502,u_cf856fc359e5527b,1,1,official,principal
2524,0,0,0.0016149481200136073,probability_native,0.0016149481200136073,u_cf856fc359e5527b,1,1,official,principal
2835,0,0,0.019699149412263497,probability_native,0.019699149412263497,u_cf856fc359e5527b,1,1,official,principal
3637,1,0,0.1376214291117895,probability_native,0.1376214291117895,u_cf856fc359e5527b,1,1,official,principal
2356,0,0,0.10184405271849375,probability_native,0.10184405271849375,u_cf856fc359e5527b,1,1,official,principal
630,1,0,0.38215010318829723,probability_native,0.38215010318829723,u_cf856fc359e5527b,1,1,official,principal
4702,0,0,0.1470708950166389,probability_native,0.1470708950166389,u_cf856fc359e5527b,1,1,official,principal
1057,1,1,0.5494938899944967,probability_native,0.5494938899944967,u_cf856fc359e5527b,1,1,official,principal
1749,0,0,0.44860489187806857,probability_native,0.44860489187806857,u_cf856fc359e5527b,1,1,official,principal
3285,0,0,0.006730836460081831,probability_native,0.006730836460081831,u_cf856fc359e5527b,1,1,official,principal
6248,0,0,0.01949308238330835,probability_native,0.01949308238330835,u_cf856fc359e5527b,1,1,official,principal
6089,1,1,0.8058527938287035,probability_native,0.8058527938287035,u_cf856fc359e5527b,1,1,official,principal
3829,1,1,0.5919541430641031,probability_native,0.5919541430641031,u_cf856fc359e5527b,1,1,official,principal
394,0,1,0.6394911792069846,probability_native,0.6394911792069846,u_cf856fc359e5527b,1,1,official,principal
4623,0,0,0.2505302534098143,probability_native,0.2505302534098143,u_cf856fc359e5527b,1,1,official,principal
76,0,0,0.0531166882677919,probability_native,0.0531166882677919,u_cf856fc359e5527b,1,1,official,principal
920,0,0,0.011553757728534718,probability_native,0.011553757728534718,u_cf856fc359e5527b,1,1,official,principal
4884,0,0,0.41987770358474386,probability_native,0.41987770358474386,u_cf856fc359e5527b,1,1,official,principal
5256,1,0,0.05803073676511457,probability_native,0.05803073676511457,u_cf856fc359e5527b,1,1,official,principal
6343,0,0,0.020894865807376498,probability_native,0.020894865807376498,u_cf856fc359e5527b,1,1,official,principal
1903,0,1,0.7546909509246333,probability_native,0.7546909509246333,u_cf856fc359e5527b,1,1,official,principal
4975,0,0,0.0815200794688044,probability_native,0.0815200794688044,u_cf856fc359e5527b,1,1,official,principal
2630,0,0,0.027197972162905884,probability_native,0.027197972162905884,u_cf856fc359e5527b,1,1,official,principal
5094,0,0,0.07208093813220982,probability_native,0.07208093813220982,u_cf856fc359e5527b,1,1,official,principal
3609,0,0,0.3000108495035485,probability_native,0.3000108495035485,u_cf856fc359e5527b,1,1,official,principal
6837,0,1,0.7503890917015432,probability_native,0.7503890917015432,u_cf856fc359e5527b,1,1,official,principal
6403,0,0,0.0318452041156758,probability_native,0.0318452041156758,u_cf856fc359e5527b,1,1,official,principal
1820,0,0,0.3144955087347822,probability_native,0.3144955087347822,u_cf856fc359e5527b,1,1,official,principal
1602,1,1,0.6030692088941297,probability_native,0.6030692088941297,u_cf856fc359e5527b,1,1,official,principal
1410,1,1,0.8558961338523227,probability_native,0.8558961338523227,u_cf856fc359e5527b,1,1,official,principal
438,0,0,0.3948304086903969,probability_native,0.3948304086903969,u_cf856fc359e5527b,1,1,official,principal
4328,0,0,0.41229892293891424,probability_native,0.41229892293891424,u_cf856fc359e5527b,1,1,official,principal
3912,0,0,0.03463107122728334,probability_native,0.03463107122728334,u_cf856fc359e5527b,1,1,official,principal
5933,1,1,0.8189033148062526,probability_native,0.8189033148062526,u_cf856fc359e5527b,1,1,official,principal
5844,0,1,0.6352192303639854,probability_native,0.6352192303639854,u_cf856fc359e5527b,1,1,official,principal
1267,0,0,0.015533595703094975,probability_native,0.015533595703094975,u_cf856fc359e5527b,1,1,official,principal
4911,0,0,0.015051236247882396,probability_native,0.015051236247882396,u_cf856fc359e5527b,1,1,official,principal
5554,0,0,0.004223086552120666,probability_native,0.004223086552120666,u_cf856fc359e5527b,1,1,official,principal
4420,0,0,0.055150473250697225,probability_native,0.055150473250697225,u_cf856fc359e5527b,1,1,official,principal
1053,1,1,0.573299460386274,probability_native,0.573299460386274,u_cf856fc359e5527b,1,1,official,principal
5944,1,0,0.11736688835009018,probability_native,0.11736688835009018,u_cf856fc359e5527b,1,1,official,principal
3862,0,0,0.002636230457391909,probability_native,0.002636230457391909,u_cf856fc359e5527b,1,1,official,principal
2369,0,0,0.02879824340622311,probability_native,0.02879824340622311,u_cf856fc359e5527b,1,1,official,principal
4452,0,0,0.0065884793135168864,probability_native,0.0065884793135168864,u_cf856fc359e5527b,1,1,official,principal
2559,0,0,0.05604326512934595,probability_native,0.05604326512934595,u_cf856fc359e5527b,1,1,official,principal
3522,0,0,0.017801496371040816,probability_native,0.017801496371040816,u_cf856fc359e5527b,1,1,official,principal
4819,1,0,0.003558680060735697,probability_native,0.003558680060735697,u_cf856fc359e5527b,1,1,official,principal
6535,1,0,0.2733794346530899,probability_native,0.2733794346530899,u_cf856fc359e5527b,1,1,official,principal
1691,0,0,0.0027666686602863208,probability_native,0.0027666686602863208,u_cf856fc359e5527b,1,1,official,principal
892,0,0,0.4682890170973355,probability_native,0.4682890170973355,u_cf856fc359e5527b,1,1,official,principal
1541,0,0,0.0018558363757676174,probability_native,0.0018558363757676174,u_cf856fc359e5527b,1,1,official,principal
1689,0,0,0.39985178618001727,probability_native,0.39985178618001727,u_cf856fc359e5527b,1,1,official,principal
5967,1,1,0.5399334862484411,probability_native,0.5399334862484411,u_cf856fc359e5527b,1,1,official,principal
6909,0,0,0.3193449121043627,probability_native,0.3193449121043627,u_cf856fc359e5527b,1,1,official,principal
5120,1,0,0.15966294629294864,probability_native,0.15966294629294864,u_cf856fc359e5527b,1,1,official,principal
6764,1,1,0.7071654882739768,probability_native,0.7071654882739768,u_cf856fc359e5527b,1,1,official,principal
6259,0,0,0.009365007511639009,probability_native,0.009365007511639009,u_cf856fc359e5527b,1,1,official,principal
229,0,0,0.023121665650315686,probability_native,0.023121665650315686,u_cf856fc359e5527b,1,1,official,principal
6287,1,1,0.6428541418966506,probability_native,0.6428541418966506,u_cf856fc359e5527b,1,1,official,principal
6658,1,1,0.5309831439145678,probability_native,0.5309831439145678,u_cf856fc359e5527b,1,1,official,principal
399,0,0,0.03540187692250102,probability_native,0.03540187692250102,u_cf856fc359e5527b,1,1,official,principal
1830,0,0,0.009454309190592446,probability_native,0.009454309190592446,u_cf856fc359e5527b,1,1,official,principal
4194,0,0,0.004053559841107038,probability_native,0.004053559841107038,u_cf856fc359e5527b,1,1,official,principal
1227,0,0,0.14781842146859153,probability_native,0.14781842146859153,u_cf856fc359e5527b,1,1,official,principal
5236,0,0,0.19893969230170433,probability_native,0.19893969230170433,u_cf856fc359e5527b,1,1,official,principal
1849,1,0,0.3723445324268188,probability_native,0.3723445324268188,u_cf856fc359e5527b,1,1,official,principal
4221,0,0,0.18457955427071226,probability_native,0.18457955427071226,u_cf856fc359e5527b,1,1,official,principal
1134,0,0,0.2372044848428876,probability_native,0.2372044848428876,u_cf856fc359e5527b,1,1,official,principal
4394,0,0,0.2368698886832064,probability_native,0.2368698886832064,u_cf856fc359e5527b,1,1,official,principal
2040,0,0,0.008997819027347543,probability_native,0.008997819027347543,u_cf856fc359e5527b,1,1,official,principal
2097,0,1,0.7504990460364729,probability_native,0.7504990460364729,u_cf856fc359e5527b,1,1,official,principal
6178,0,0,0.007949603369409374,probability_native,0.007949603369409374,u_cf856fc359e5527b,1,1,official,principal
5419,0,0,0.02462349408266727,probability_native,0.02462349408266727,u_cf856fc359e5527b,1,1,official,principal
5257,1,1,0.6564884214305932,probability_native,0.6564884214305932,u_cf856fc359e5527b,1,1,official,principal
2690,1,1,0.6181851623420584,probability_native,0.6181851623420584,u_cf856fc359e5527b,1,1,official,principal
3111,1,0,0.09414008748472821,probability_native,0.09414008748472821,u_cf856fc359e5527b,1,1,official,principal
3870,0,0,0.0714918447194582,probability_native,0.0714918447194582,u_cf856fc359e5527b,1,1,official,principal
615,0,0,0.2987344455327015,probability_native,0.2987344455327015,u_cf856fc359e5527b,1,1,official,principal
4108,0,0,0.029055513842680285,probability_native,0.029055513842680285,u_cf856fc359e5527b,1,1,official,principal
5795,0,0,0.46602161802547054,probability_native,0.46602161802547054,u_cf856fc359e5527b,1,1,official,principal
4752,0,0,0.03948156341262224,probability_native,0.03948156341262224,u_cf856fc359e5527b,1,1,official,principal
2018,1,0,0.42346787050564516,probability_native,0.42346787050564516,u_cf856fc359e5527b,1,1,official,principal
3878,0,0,0.03434742078640468,probability_native,0.03434742078640468,u_cf856fc359e5527b,1,1,official,principal
5090,1,1,0.6105971977540372,probability_native,0.6105971977540372,u_cf856fc359e5527b,1,1,official,principal
6533,0,1,0.6070123076549518,probability_native,0.6070123076549518,u_cf856fc359e5527b,1,1,official,principal
1481,0,0,0.010346414204580748,probability_native,0.010346414204580748,u_cf856fc359e5527b,1,1,official,principal
1046,0,0,0.03506623160377628,probability_native,0.03506623160377628,u_cf856fc359e5527b,1,1,official,principal
6716,1,1,0.7038093537814929,probability_native,0.7038093537814929,u_cf856fc359e5527b,1,1,official,principal
697,1,0,0.4219731896146559,probability_native,0.4219731896146559,u_cf856fc359e5527b,1,1,official,principal
6850,0,0,0.003760060395122641,probability_native,0.003760060395122641,u_cf856fc359e5527b,1,1,official,principal
6721,0,0,0.02276265184906813,probability_native,0.02276265184906813,u_cf856fc359e5527b,1,1,official,principal
4791,0,0,0.16409475214810104,probability_native,0.16409475214810104,u_cf856fc359e5527b,1,1,official,principal
3619,0,0,0.005360536877638572,probability_native,0.005360536877638572,u_cf856fc359e5527b,1,1,official,principal
2047,0,0,0.43676305261516885,probability_native,0.43676305261516885,u_cf856fc359e5527b,1,1,official,principal
5253,0,0,0.15917212065637576,probability_native,0.15917212065637576,u_cf856fc359e5527b,1,1,official,principal
6392,0,0,0.18424709746401896,probability_native,0.18424709746401896,u_cf856fc359e5527b,1,1,official,principal
5880,1,1,0.5636446645416827,probability_native,0.5636446645416827,u_cf856fc359e5527b,1,1,official,principal
5976,0,0,0.17996981870908468,probability_native,0.17996981870908468,u_cf856fc359e5527b,1,1,official,principal
191,1,1,0.6617098138424209,probability_native,0.6617098138424209,u_cf856fc359e5527b,1,1,official,principal
4348,1,0,0.26126644139063443,probability_native,0.26126644139063443,u_cf856fc359e5527b,1,1,official,principal
2720,1,0,0.31808621262453335,probability_native,0.31808621262453335,u_cf856fc359e5527b,1,1,official,principal
600,0,0,0.4021185647400759,probability_native,0.4021185647400759,u_cf856fc359e5527b,1,1,official,principal
4143,1,1,0.6276890175270002,probability_native,0.6276890175270002,u_cf856fc359e5527b,1,1,official,principal
1660,0,0,0.05114098866708986,probability_native,0.05114098866708986,u_cf856fc359e5527b,1,1,official,principal
596,0,0,0.05134031412503709,probability_native,0.05134031412503709,u_cf856fc359e5527b,1,1,official,principal
6549,1,1,0.5222650587919407,probability_native,0.5222650587919407,u_cf856fc359e5527b,1,1,official,principal
3971,1,0,0.021955362161463945,probability_native,0.021955362161463945,u_cf856fc359e5527b,1,1,official,principal
788,0,0,0.14990885684524333,probability_native,0.14990885684524333,u_cf856fc359e5527b,1,1,official,principal
5950,0,1,0.5767047542782404,probability_native,0.5767047542782404,u_cf856fc359e5527b,1,1,official,principal
1686,1,0,0.20326691304676095,probability_native,0.20326691304676095,u_cf856fc359e5527b,1,1,official,principal
6900,0,0,0.26318703464485593,probability_native,0.26318703464485593,u_cf856fc359e5527b,1,1,official,principal
865,1,1,0.5124169154085461,probability_native,0.5124169154085461,u_cf856fc359e5527b,1,1,official,principal
3091,0,0,0.08489201209802917,probability_native,0.08489201209802917,u_cf856fc359e5527b,1,1,official,principal
111,0,0,0.017817013698806672,probability_native,0.017817013698806672,u_cf856fc359e5527b,1,1,official,principal
4283,0,1,0.6985506439544827,probability_native,0.6985506439544827,u_cf856fc359e5527b,1,1,official,principal
44,0,0,0.2928887451975526,probability_native,0.2928887451975526,u_cf856fc359e5527b,1,1,official,principal
4602,0,0,0.004972177537553588,probability_native,0.004972177537553588,u_cf856fc359e5527b,1,1,official,principal
2680,0,0,0.005218538652636192,probability_native,0.005218538652636192,u_cf856fc359e5527b,1,1,official,principal
702,0,1,0.607463277252795,probability_native,0.607463277252795,u_cf856fc359e5527b,1,1,official,principal
6644,0,0,0.20752527083441388,probability_native,0.20752527083441388,u_cf856fc359e5527b,1,1,official,principal
6005,0,0,0.05354339251495392,probability_native,0.05354339251495392,u_cf856fc359e5527b,1,1,official,principal
5729,0,0,0.06483535022193584,probability_native,0.06483535022193584,u_cf856fc359e5527b,1,1,official,principal
5452,0,0,0.05141331437172323,probability_native,0.05141331437172323,u_cf856fc359e5527b,1,1,official,principal
6317,1,1,0.7289079970215981,probability_native,0.7289079970215981,u_cf856fc359e5527b,1,1,official,principal
4197,0,1,0.61977828217745,probability_native,0.61977828217745,u_cf856fc359e5527b,1,1,official,principal
6785,1,0,0.056230656044336975,probability_native,0.056230656044336975,u_cf856fc359e5527b,1,1,official,principal
5598,0,0,0.008799824351560185,probability_native,0.008799824351560185,u_cf856fc359e5527b,1,1,official,principal
1113,1,0,0.43094037296339627,probability_native,0.43094037296339627,u_cf856fc359e5527b,1,1,official,principal
2263,1,0,0.4242899369700701,probability_native,0.4242899369700701,u_cf856fc359e5527b,1,1,official,principal
6880,0,0,0.0023309473932194235,probability_native,0.0023309473932194235,u_cf856fc359e5527b,1,1,official,principal
5738,1,0,0.18231567987477876,probability_native,0.18231567987477876,u_cf856fc359e5527b,1,1,official,principal
4549,0,0,0.36897472133513864,probability_native,0.36897472133513864,u_cf856fc359e5527b,1,1,official,principal
4271,0,0,0.029190169285314083,probability_native,0.029190169285314083,u_cf856fc359e5527b,1,1,official,principal
5266,0,0,0.03524581950751325,probability_native,0.03524581950751325,u_cf856fc359e5527b,1,1,official,principal
1993,1,0,0.43647691181004483,probability_native,0.43647691181004483,u_cf856fc359e5527b,1,1,official,principal
4082,1,0,0.06425676385106395,probability_native,0.06425676385106395,u_cf856fc359e5527b,1,1,official,principal
4997,1,1,0.5046022239597343,probability_native,0.5046022239597343,u_cf856fc359e5527b,1,1,official,principal
63,0,0,0.09430692327768443,probability_native,0.09430692327768443,u_cf856fc359e5527b,1,1,official,principal
5853,0,0,0.10179014143784175,probability_native,0.10179014143784175,u_cf856fc359e5527b,1,1,official,principal
4730,0,0,0.4473260109240944,probability_native,0.4473260109240944,u_cf856fc359e5527b,1,1,official,principal
4225,0,0,0.14654819463454233,probability_native,0.14654819463454233,u_cf856fc359e5527b,1,1,official,principal
368,0,0,0.20170995212608733,probability_native,0.20170995212608733,u_cf856fc359e5527b,1,1,official,principal
2407,1,1,0.6886305072178696,probability_native,0.6886305072178696,u_cf856fc359e5527b,1,1,official,principal
5118,0,0,0.30123130122253355,probability_native,0.30123130122253355,u_cf856fc359e5527b,1,1,official,principal
1912,0,0,0.017283595569452494,probability_native,0.017283595569452494,u_cf856fc359e5527b,1,1,official,principal
4277,0,0,0.20163491518179838,probability_native,0.20163491518179838,u_cf856fc359e5527b,1,1,official,principal
2826,0,0,0.18321946672664177,probability_native,0.18321946672664177,u_cf856fc359e5527b,1,1,official,principal
6883,0,0,0.3472770735626088,probability_native,0.3472770735626088,u_cf856fc359e5527b,1,1,official,principal
3578,0,0,0.09170755533843682,probability_native,0.09170755533843682,u_cf856fc359e5527b,1,1,official,principal
2648,0,0,0.1896512811932522,probability_native,0.1896512811932522,u_cf856fc359e5527b,1,1,official,principal
2458,0,0,0.12224722794389302,probability_native,0.12224722794389302,u_cf856fc359e5527b,1,1,official,principal
2420,0,0,0.3860634005297502,probability_native,0.3860634005297502,u_cf856fc359e5527b,1,1,official,principal
1464,0,0,0.16878750232881903,probability_native,0.16878750232881903,u_cf856fc359e5527b,1,1,official,principal
3121,1,0,0.30194939803927084,probability_native,0.30194939803927084,u_cf856fc359e5527b,1,1,official,principal
6360,1,0,0.24864747291701925,probability_native,0.24864747291701925,u_cf856fc359e5527b,1,1,official,principal
6622,1,0,0.4001726806465833,probability_native,0.4001726806465833,u_cf856fc359e5527b,1,1,official,principal
5649,0,0,0.05742974088130314,probability_native,0.05742974088130314,u_cf856fc359e5527b,1,1,official,principal
4983,1,0,0.3391982248647096,probability_native,0.3391982248647096,u_cf856fc359e5527b,1,1,official,principal
4149,1,0,0.023517043420564508,probability_native,0.023517043420564508,u_cf856fc359e5527b,1,1,official,principal
5405,0,0,0.3142370286341438,probability_native,0.3142370286341438,u_cf856fc359e5527b,1,1,official,principal
944,0,0,0.3016244271140773,probability_native,0.3016244271140773,u_cf856fc359e5527b,1,1,official,principal
5074,0,0,0.011019516389242716,probability_native,0.011019516389242716,u_cf856fc359e5527b,1,1,official,principal
5285,0,0,0.013375336597226046,probability_native,0.013375336597226046,u_cf856fc359e5527b,1,1,official,principal
247,1,1,0.5791690116508516,probability_native,0.5791690116508516,u_cf856fc359e5527b,1,1,official,principal
5451,0,0,0.07433604939966718,probability_native,0.07433604939966718,u_cf856fc359e5527b,1,1,official,principal
147,1,0,0.4648583758484647,probability_native,0.4648583758484647,u_cf856fc359e5527b,1,1,official,principal
4291,0,0,0.029348970650879543,probability_native,0.029348970650879543,u_cf856fc359e5527b,1,1,official,principal
152,0,0,0.14042034267340267,probability_native,0.14042034267340267,u_cf856fc359e5527b,1,1,official,principal
5127,1,0,0.08827974550214057,probability_native,0.08827974550214057,u_cf856fc359e5527b,1,1,official,principal
488,0,0,0.09951971573825405,probability_native,0.09951971573825405,u_cf856fc359e5527b,1,1,official,principal
3999,1,1,0.7193667297111269,probability_native,0.7193667297111269,u_cf856fc359e5527b,1,1,official,principal
5140,0,1,0.7946140466062932,probability_native,0.7946140466062932,u_cf856fc359e5527b,1,1,official,principal
4812,1,0,0.2303097175124846,probability_native,0.2303097175124846,u_cf856fc359e5527b,1,1,official,principal
5744,0,0,0.09307692511879709,probability_native,0.09307692511879709,u_cf856fc359e5527b,1,1,official,principal
4959,1,0,0.21205996760301488,probability_native,0.21205996760301488,u_cf856fc359e5527b,1,1,official,principal
2059,0,1,0.5256335256245998,probability_native,0.5256335256245998,u_cf856fc359e5527b,1,1,official,principal
1680,0,0,0.016966690461691348,probability_native,0.016966690461691348,u_cf856fc359e5527b,1,1,official,principal
4747,0,0,0.02180757213688173,probability_native,0.02180757213688173,u_cf856fc359e5527b,1,1,official,principal
5618,0,0,0.1266484604476621,probability_native,0.1266484604476621,u_cf856fc359e5527b,1,1,official,principal
1434,1,1,0.6491343873873859,probability_native,0.6491343873873859,u_cf856fc359e5527b,1,1,official,principal
899,0,0,0.2853017768009095,probability_native,0.2853017768009095,u_cf856fc359e5527b,1,1,official,principal
1729,0,0,0.05869093779129519,probability_native,0.05869093779129519,u_cf856fc359e5527b,1,1,official,principal
310,0,0,0.24377418817630916,probability_native,0.24377418817630916,u_cf856fc359e5527b,1,1,official,principal
4668,0,0,0.30110885210422234,probability_native,0.30110885210422234,u_cf856fc359e5527b,1,1,official,principal
5261,0,0,0.1383112054055218,probability_native,0.1383112054055218,u_cf856fc359e5527b,1,1,official,principal
5022,0,0,0.019120590743082522,probability_native,0.019120590743082522,u_cf856fc359e5527b,1,1,official,principal
5676,0,0,0.201258795103922,probability_native,0.201258795103922,u_cf856fc359e5527b,1,1,official,principal
2907,1,1,0.6430427865042037,probability_native,0.6430427865042037,u_cf856fc359e5527b,1,1,official,principal
6602,0,0,0.40848966162538614,probability_native,0.40848966162538614,u_cf856fc359e5527b,1,1,official,principal
4389,0,0,0.49337986567138803,probability_native,0.49337986567138803,u_cf856fc359e5527b,1,1,official,principal
4136,0,0,0.01371422728335645,probability_native,0.01371422728335645,u_cf856fc359e5527b,1,1,official,principal
6511,0,0,0.0067910244130845124,probability_native,0.0067910244130845124,u_cf856fc359e5527b,1,1,official,principal
2148,0,0,0.13708977739951822,probability_native,0.13708977739951822,u_cf856fc359e5527b,1,1,official,principal
4691,1,0,0.4726248986162642,probability_native,0.4726248986162642,u_cf856fc359e5527b,1,1,official,principal
711,0,0,0.3972807460571354,probability_native,0.3972807460571354,u_cf856fc359e5527b,1,1,official,principal
5914,0,0,0.08999368935995732,probability_native,0.08999368935995732,u_cf856fc359e5527b,1,1,official,principal
228,0,0,0.432144499286945,probability_native,0.432144499286945,u_cf856fc359e5527b,1,1,official,principal
4450,1,0,0.258006186046849,probability_native,0.258006186046849,u_cf856fc359e5527b,1,1,official,principal
6293,0,0,0.015638673970496248,probability_native,0.015638673970496248,u_cf856fc359e5527b,1,1,official,principal
1212,0,1,0.6540074945642743,probability_native,0.6540074945642743,u_cf856fc359e5527b,1,1,official,principal
4581,0,0,0.0035768373226054487,probability_native,0.0035768373226054487,u_cf856fc359e5527b,1,1,official,principal
5231,1,1,0.8036733915466975,probability_native,0.8036733915466975,u_cf856fc359e5527b,1,1,official,principal
1939,0,0,0.20080340533340732,probability_native,0.20080340533340732,u_cf856fc359e5527b,1,1,official,principal
2847,0,0,0.3934318765988405,probability_native,0.3934318765988405,u_cf856fc359e5527b,1,1,official,principal
6415,0,0,0.06105103630626514,probability_native,0.06105103630626514,u_cf856fc359e5527b,1,1,official,principal
5625,0,0,0.12049681645550496,probability_native,0.12049681645550496,u_cf856fc359e5527b,1,1,official,principal
2124,1,1,0.5777596370438031,probability_native,0.5777596370438031,u_cf856fc359e5527b,1,1,official,principal
176,1,1,0.6473727359665522,probability_native,0.6473727359665522,u_cf856fc359e5527b,1,1,official,principal
6685,0,0,0.11630817066750576,probability_native,0.11630817066750576,u_cf856fc359e5527b,1,1,official,principal
5761,0,0,0.009589389645207547,probability_native,0.009589389645207547,u_cf856fc359e5527b,1,1,official,principal
6733,0,0,0.10953168721919697,probability_native,0.10953168721919697,u_cf856fc359e5527b,1,1,official,principal
2640,0,0,0.38604646597832926,probability_native,0.38604646597832926,u_cf856fc359e5527b,1,1,official,principal
4525,0,0,0.33010575134917064,probability_native,0.33010575134917064,u_cf856fc359e5527b,1,1,official,principal
1182,0,0,0.19308213685067224,probability_native,0.19308213685067224,u_cf856fc359e5527b,1,1,official,principal
528,0,0,0.008811517897009522,probability_native,0.008811517897009522,u_cf856fc359e5527b,1,1,official,principal
2126,0,0,0.3452968541198995,probability_native,0.3452968541198995,u_cf856fc359e5527b,1,1,official,principal
2840,0,0,0.1769007635669127,probability_native,0.1769007635669127,u_cf856fc359e5527b,1,1,official,principal
1610,0,0,0.0048394905984567,probability_native,0.0048394905984567,u_cf856fc359e5527b,1,1,official,principal
6467,0,1,0.6161079468607388,probability_native,0.6161079468607388,u_cf856fc359e5527b,1,1,official,principal
853,0,0,0.3404767896060888,probability_native,0.3404767896060888,u_cf856fc359e5527b,1,1,official,principal
2343,0,0,0.3975893546180023,probability_native,0.3975893546180023,u_cf856fc359e5527b,1,1,official,principal
3141,1,1,0.5608773380341322,probability_native,0.5608773380341322,u_cf856fc359e5527b,1,1,official,principal
2581,0,0,0.12777691980104955,probability_native,0.12777691980104955,u_cf856fc359e5527b,1,1,official,principal
4511,0,0,0.12706913274547893,probability_native,0.12706913274547893,u_cf856fc359e5527b,1,1,official,principal
5472,0,0,0.1491065574914327,probability_native,0.1491065574914327,u_cf856fc359e5527b,1,1,official,principal
4711,0,0,0.027468379070058373,probability_native,0.027468379070058373,u_cf856fc359e5527b,1,1,official,principal
2727,1,1,0.7624643385968449,probability_native,0.7624643385968449,u_cf856fc359e5527b,1,1,official,principal
1116,0,0,0.05444133617976313,probability_native,0.05444133617976313,u_cf856fc359e5527b,1,1,official,principal
6781,1,1,0.5598394418241951,probability_native,0.5598394418241951,u_cf856fc359e5527b,1,1,official,principal
3651,0,0,0.0037066408559373156,probability_native,0.0037066408559373156,u_cf856fc359e5527b,1,1,official,principal
4785,1,1,0.5868081612887474,probability_native,0.5868081612887474,u_cf856fc359e5527b,1,1,official,principal
278,0,1,0.5282115833344475,probability_native,0.5282115833344475,u_cf856fc359e5527b,1,1,official,principal
584,0,0,0.23609556911405125,probability_native,0.23609556911405125,u_cf856fc359e5527b,1,1,official,principal
5469,0,0,0.3425402185919943,probability_native,0.3425402185919943,u_cf856fc359e5527b,1,1,official,principal
6120,0,0,0.3938228769362969,probability_native,0.3938228769362969,u_cf856fc359e5527b,1,1,official,principal
3230,0,0,0.0025990906072900777,probability_native,0.0025990906072900777,u_cf856fc359e5527b,1,1,official,principal
1348,1,1,0.7045165843079185,probability_native,0.7045165843079185,u_cf856fc359e5527b,1,1,official,principal
484,1,1,0.6683604225484082,probability_native,0.6683604225484082,u_cf856fc359e5527b,1,1,official,principal
3170,0,0,0.3908069123915125,probability_native,0.3908069123915125,u_cf856fc359e5527b,1,1,official,principal
2885,0,0,0.05155878465436795,probability_native,0.05155878465436795,u_cf856fc359e5527b,1,1,official,principal
3208,0,0,0.08488997849110151,probability_native,0.08488997849110151,u_cf856fc359e5527b,1,1,official,principal
3491,0,0,0.07203899964217758,probability_native,0.07203899964217758,u_cf856fc359e5527b,1,1,official,principal
1959,0,0,0.3437187093019001,probability_native,0.3437187093019001,u_cf856fc359e5527b,1,1,official,principal
5249,0,0,0.006248056411845385,probability_native,0.006248056411845385,u_cf856fc359e5527b,1,1,official,principal
1239,0,0,0.4099810359776112,probability_native,0.4099810359776112,u_cf856fc359e5527b,1,1,official,principal
6465,0,0,0.0031430802880529083,probability_native,0.0031430802880529083,u_cf856fc359e5527b,1,1,official,principal
1303,0,0,0.0019212495570924272,probability_native,0.0019212495570924272,u_cf856fc359e5527b,1,1,official,principal
2330,0,0,0.23903664427045967,probability_native,0.23903664427045967,u_cf856fc359e5527b,1,1,official,principal
5167,0,0,0.010522816467437935,probability_native,0.010522816467437935,u_cf856fc359e5527b,1,1,official,principal
3710,0,0,0.059567425295015124,probability_native,0.059567425295015124,u_cf856fc359e5527b,1,1,official,principal
1695,0,0,0.05556915776451648,probability_native,0.05556915776451648,u_cf856fc359e5527b,1,1,official,principal
1021,0,0,0.03827585449155364,probability_native,0.03827585449155364,u_cf856fc359e5527b,1,1,official,principal
3788,1,0,0.03594569114427263,probability_native,0.03594569114427263,u_cf856fc359e5527b,1,1,official,principal
4863,0,0,0.0031435901003751925,probability_native,0.0031435901003751925,u_cf856fc359e5527b,1,1,official,principal
4545,0,0,0.3404443063668636,probability_native,0.3404443063668636,u_cf856fc359e5527b,1,1,official,principal
3021,0,0,0.16348633232306575,probability_native,0.16348633232306575,u_cf856fc359e5527b,1,1,official,principal
6552,1,1,0.7010953771961023,probability_native,0.7010953771961023,u_cf856fc359e5527b,1,1,official,principal
3215,0,0,0.42369603106140463,probability_native,0.42369603106140463,u_cf856fc359e5527b,1,1,official,principal
6901,0,0,0.1690543210218176,probability_native,0.1690543210218176,u_cf856fc359e5527b,1,1,official,principal
5148,0,0,0.06698934638477205,probability_native,0.06698934638477205,u_cf856fc359e5527b,1,1,official,principal
5269,0,0,0.38621499426356576,probability_native,0.38621499426356576,u_cf856fc359e5527b,1,1,official,principal
4047,0,0,0.05890879400441979,probability_native,0.05890879400441979,u_cf856fc359e5527b,1,1,official,principal
6008,0,0,0.0661850519148145,probability_native,0.0661850519148145,u_cf856fc359e5527b,1,1,official,principal
240,0,0,0.01258582278029556,probability_native,0.01258582278029556,u_cf856fc359e5527b,1,1,official,principal
2873,1,1,0.6419910709032962,probability_native,0.6419910709032962,u_cf856fc359e5527b,1,1,official,principal
5660,0,0,0.10907184376688375,probability_native,0.10907184376688375,u_cf856fc359e5527b,1,1,official,principal
3114,0,0,0.3184997518580113,probability_native,0.3184997518580113,u_cf856fc359e5527b,1,1,official,principal
4516,0,0,0.011943379334439432,probability_native,0.011943379334439432,u_cf856fc359e5527b,1,1,official,principal
6425,0,0,0.037277298893347514,probability_native,0.037277298893347514,u_cf856fc359e5527b,1,1,official,principal
6458,0,0,0.30230527483474584,probability_native,0.30230527483474584,u_cf856fc359e5527b,1,1,official,principal
3953,1,1,0.6214820609494061,probability_native,0.6214820609494061,u_cf856fc359e5527b,1,1,official,principal
3675,0,0,0.1901629096581329,probability_native,0.1901629096581329,u_cf856fc359e5527b,1,1,official,principal
4425,0,0,0.21255553846515407,probability_native,0.21255553846515407,u_cf856fc359e5527b,1,1,official,principal
5990,0,0,0.49369945399618076,probability_native,0.49369945399618076,u_cf856fc359e5527b,1,1,official,principal
4126,0,0,0.1399643937589223,probability_native,0.1399643937589223,u_cf856fc359e5527b,1,1,official,principal
5288,1,1,0.761364493758374,probability_native,0.761364493758374,u_cf856fc359e5527b,1,1,official,principal
6348,0,0,0.43449803751440463,probability_native,0.43449803751440463,u_cf856fc359e5527b,1,1,official,principal
2422,0,1,0.7157811758532648,probability_native,0.7157811758532648,u_cf856fc359e5527b,1,1,official,principal
975,1,0,0.062868607710803,probability_native,0.062868607710803,u_cf856fc359e5527b,1,1,official,principal
573,1,0,0.18518055746603268,probability_native,0.18518055746603268,u_cf856fc359e5527b,1,1,official,principal
6219,1,1,0.5962128464788384,probability_native,0.5962128464788384,u_cf856fc359e5527b,1,1,official,principal
1043,1,0,0.32997338730518894,probability_native,0.32997338730518894,u_cf856fc359e5527b,1,1,official,principal
2529,1,0,0.04722487451376048,probability_native,0.04722487451376048,u_cf856fc359e5527b,1,1,official,principal
1282,0,1,0.5754065974371464,probability_native,0.5754065974371464,u_cf856fc359e5527b,1,1,official,principal
1340,0,0,0.07104194885645025,probability_native,0.07104194885645025,u_cf856fc359e5527b,1,1,official,principal
6189,0,0,0.009807252228069899,probability_native,0.009807252228069899,u_cf856fc359e5527b,1,1,official,principal
5510,0,0,0.49280196158788186,probability_native,0.49280196158788186,u_cf856fc359e5527b,1,1,official,principal
3354,0,0,0.028662324804090134,probability_native,0.028662324804090134,u_cf856fc359e5527b,1,1,official,principal
905,1,1,0.8171203149904324,probability_native,0.8171203149904324,u_cf856fc359e5527b,1,1,official,principal
2735,0,0,0.3296121805056078,probability_native,0.3296121805056078,u_cf856fc359e5527b,1,1,official,principal
6712,0,0,0.42273708474856325,probability_native,0.42273708474856325,u_cf856fc359e5527b,1,1,official,principal
4333,0,0,0.25610889029622136,probability_native,0.25610889029622136,u_cf856fc359e5527b,1,1,official,principal
1514,0,0,0.0024849531613565278,probability_native,0.0024849531613565278,u_cf856fc359e5527b,1,1,official,principal
6608,1,0,0.07682680266957437,probability_native,0.07682680266957437,u_cf856fc359e5527b,1,1,official,principal
135,0,0,0.013551101939311154,probability_native,0.013551101939311154,u_cf856fc359e5527b,1,1,official,principal
3413,0,1,0.5448006150427469,probability_native,0.5448006150427469,u_cf856fc359e5527b,1,1,official,principal
219,0,1,0.6414801374212101,probability_native,0.6414801374212101,u_cf856fc359e5527b,1,1,official,principal
6754,0,0,0.06251699559348466,probability_native,0.06251699559348466,u_cf856fc359e5527b,1,1,official,principal
6610,0,1,0.6731348272551901,probability_native,0.6731348272551901,u_cf856fc359e5527b,1,1,official,principal
3549,0,0,0.0042871520401532035,probability_native,0.0042871520401532035,u_cf856fc359e5527b,1,1,official,principal
257,0,0,0.12283634060082292,probability_native,0.12283634060082292,u_cf856fc359e5527b,1,1,official,principal
4799,0,0,0.15220836077877722,probability_native,0.15220836077877722,u_cf856fc359e5527b,1,1,official,principal
5248,0,0,0.05109378188529345,probability_native,0.05109378188529345,u_cf856fc359e5527b,1,1,official,principal
3965,0,0,0.36751609696895,probability_native,0.36751609696895,u_cf856fc359e5527b,1,1,official,principal
2942,0,0,0.007881219605194329,probability_native,0.007881219605194329,u_cf856fc359e5527b,1,1,official,principal
5370,0,1,0.6004924313414928,probability_native,0.6004924313414928,u_cf856fc359e5527b,1,1,official,principal
4495,1,1,0.696740757908717,probability_native,0.696740757908717,u_cf856fc359e5527b,1,1,official,principal
3932,1,1,0.7860064467382373,probability_native,0.7860064467382373,u_cf856fc359e5527b,1,1,official,principal
5347,0,0,0.04084898287696768,probability_native,0.04084898287696768,u_cf856fc359e5527b,1,1,official,principal
5531,0,0,0.019974723538734297,probability_native,0.019974723538734297,u_cf856fc359e5527b,1,1,official,principal
1273,0,0,0.31751949114096184,probability_native,0.31751949114096184,u_cf856fc359e5527b,1,1,official,principal
6318,0,0,0.09440217882351148,probability_native,0.09440217882351148,u_cf856fc359e5527b,1,1,official,principal
4284,0,1,0.5376650197661622,probability_native,0.5376650197661622,u_cf856fc359e5527b,1,1,official,principal
1494,1,0,0.09197837880922138,probability_native,0.09197837880922138,u_cf856fc359e5527b,1,1,official,principal
2190,0,0,0.014026429461892748,probability_native,0.014026429461892748,u_cf856fc359e5527b,1,1,official,principal
4808,0,0,0.016255994605963314,probability_native,0.016255994605963314,u_cf856fc359e5527b,1,1,official,principal
5926,0,0,0.2465911535627444,probability_native,0.2465911535627444,u_cf856fc359e5527b,1,1,official,principal
138,0,0,0.004610000966273393,probability_native,0.004610000966273393,u_cf856fc359e5527b,1,1,official,principal
1371,1,1,0.7892440588354183,probability_native,0.7892440588354183,u_cf856fc359e5527b,1,1,official,principal
5357,0,0,0.0035560639592354315,probability_native,0.0035560639592354315,u_cf856fc359e5527b,1,1,official,principal
1009,0,0,0.07742325939520413,probability_native,0.07742325939520413,u_cf856fc359e5527b,1,1,official,principal
3995,1,0,0.2576463085128891,probability_native,0.2576463085128891,u_cf856fc359e5527b,1,1,official,principal
3483,0,0,0.47529384053662727,probability_native,0.47529384053662727,u_cf856fc359e5527b,1,1,official,principal
5815,1,1,0.7630652125337417,probability_native,0.7630652125337417,u_cf856fc359e5527b,1,1,official,principal
1812,0,0,0.4246551721629399,probability_native,0.4246551721629399,u_cf856fc359e5527b,1,1,official,principal
5493,1,1,0.7961619285739125,probability_native,0.7961619285739125,u_cf856fc359e5527b,1,1,official,principal
3663,0,1,0.722764578415763,probability_native,0.722764578415763,u_cf856fc359e5527b,1,1,official,principal
3654,0,0,0.3679362580323211,probability_native,0.3679362580323211,u_cf856fc359e5527b,1,1,official,principal
568,1,1,0.6599346744284719,probability_native,0.6599346744284719,u_cf856fc359e5527b,1,1,official,principal
5586,0,0,0.036795183716844065,probability_native,0.036795183716844065,u_cf856fc359e5527b,1,1,official,principal
1656,0,0,0.20027903473201464,probability_native,0.20027903473201464,u_cf856fc359e5527b,1,1,official,principal
4257,0,0,0.3983693498419428,probability_native,0.3983693498419428,u_cf856fc359e5527b,1,1,official,principal
304,0,0,0.31599540692011246,probability_native,0.31599540692011246,u_cf856fc359e5527b,1,1,official,principal
5239,0,0,0.06664117898556841,probability_native,0.06664117898556841,u_cf856fc359e5527b,1,1,official,principal
2624,0,0,0.19283856993592197,probability_native,0.19283856993592197,u_cf856fc359e5527b,1,1,official,principal
4586,0,0,0.03186430805586907,probability_native,0.03186430805586907,u_cf856fc359e5527b,1,1,official,principal
939,0,0,0.11707064151888628,probability_native,0.11707064151888628,u_cf856fc359e5527b,1,1,official,principal
4915,0,0,0.35094889613215996,probability_native,0.35094889613215996,u_cf856fc359e5527b,1,1,official,principal
5846,0,1,0.6736496315651596,probability_native,0.6736496315651596,u_cf856fc359e5527b,1,1,official,principal
4036,0,0,0.12014719074178361,probability_native,0.12014719074178361,u_cf856fc359e5527b,1,1,official,principal
6235,1,0,0.2373370540651696,probability_native,0.2373370540651696,u_cf856fc359e5527b,1,1,official,principal
4314,1,1,0.7045476475355325,probability_native,0.7045476475355325,u_cf856fc359e5527b,1,1,official,principal
2545,0,0,0.01837091948521651,probability_native,0.01837091948521651,u_cf856fc359e5527b,1,1,official,principal
6006,0,0,0.20557513082691845,probability_native,0.20557513082691845,u_cf856fc359e5527b,1,1,official,principal
1492,1,1,0.7232146793526141,probability_native,0.7232146793526141,u_cf856fc359e5527b,1,1,official,principal
4332,0,0,0.007023452723224642,probability_native,0.007023452723224642,u_cf856fc359e5527b,1,1,official,principal
4093,0,0,0.46350283905468603,probability_native,0.46350283905468603,u_cf856fc359e5527b,1,1,official,principal
6696,0,1,0.6557157054907207,probability_native,0.6557157054907207,u_cf856fc359e5527b,1,1,official,principal
