row_id,y_true,y_pred,score_positive,score_type,probability_native,unit_id,outer_fold,replicate,purpose,variant
3738,0,0,0.475699782371521,probability_native,0.475699782371521,u_0aa7cc794c8e08f3,0,0,official,principal
4860,0,0,0.026139765977859497,probability_native,0.026139765977859497,u_0aa7cc794c8e08f3,0,0,official,principal
2645,0,0,0.4817795157432556,probability_native,0.4817795157432556,u_0aa7cc794c8e08f3,0,0,official,principal
5767,0,0,0.046271853148937225,probability_native,0.046271853148937225,u_0aa7cc794c8e08f3,0,0,official,principal
2414,0,0,0.09412720799446106,probability_native,0.09412720799446106,u_0aa7cc794c8e08f3,0,0,official,principal
577,0,1,0.8088588714599609,probability_native,0.8088588714599609,u_0aa7cc794c8e08f3,0,0,official,principal
1201,0,1,0.5175256729125977,probability_native,0.5175256729125977,u_0aa7cc794c8e08f3,0,0,official,principal
7004,0,1,0.5556908249855042,probability_native,0.5556908249855042,u_0aa7cc794c8e08f3,0,0,official,principal
5338,0,0,0.059226296842098236,probability_native,0.059226296842098236,u_0aa7cc794c8e08f3,0,0,official,principal
6773,1,1,0.7917526364326477,probability_native,0.7917526364326477,u_0aa7cc794c8e08f3,0,0,official,principal
1118,0,0,0.34070050716400146,probability_native,0.34070050716400146,u_0aa7cc794c8e08f3,0,0,official,principal
1797,0,0,0.03129614144563675,probability_native,0.03129614144563675,u_0aa7cc794c8e08f3,0,0,official,principal
2823,0,0,0.054639752954244614,probability_native,0.054639752954244614,u_0aa7cc794c8e08f3,0,0,official,principal
593,0,0,0.27060356736183167,probability_native,0.27060356736183167,u_0aa7cc794c8e08f3,0,0,official,principal
6353,0,0,0.2818416953086853,probability_native,0.2818416953086853,u_0aa7cc794c8e08f3,0,0,official,principal
2197,0,0,0.30574163794517517,probability_native,0.30574163794517517,u_0aa7cc794c8e08f3,0,0,official,principal
2085,1,1,0.7752323746681213,probability_native,0.7752323746681213,u_0aa7cc794c8e08f3,0,0,official,principal
6139,0,0,0.2543456256389618,probability_native,0.2543456256389618,u_0aa7cc794c8e08f3,0,0,official,principal
6494,0,0,0.24318256974220276,probability_native,0.24318256974220276,u_0aa7cc794c8e08f3,0,0,official,principal
6808,0,0,0.2770230770111084,probability_native,0.2770230770111084,u_0aa7cc794c8e08f3,0,0,official,principal
282,0,0,0.49041497707366943,probability_native,0.49041497707366943,u_0aa7cc794c8e08f3,0,0,official,principal
592,0,0,0.03442351147532463,probability_native,0.03442351147532463,u_0aa7cc794c8e08f3,0,0,official,principal
3931,0,0,0.18951690196990967,probability_native,0.18951690196990967,u_0aa7cc794c8e08f3,0,0,official,principal
3868,1,0,0.4005787670612335,probability_native,0.4005787670612335,u_0aa7cc794c8e08f3,0,0,official,principal
4889,0,0,0.17137585580348969,probability_native,0.17137585580348969,u_0aa7cc794c8e08f3,0,0,official,principal
1515,0,0,0.297853946685791,probability_native,0.297853946685791,u_0aa7cc794c8e08f3,0,0,official,principal
149,0,0,0.23156452178955078,probability_native,0.23156452178955078,u_0aa7cc794c8e08f3,0,0,official,principal
871,0,0,0.24931831657886505,probability_native,0.24931831657886505,u_0aa7cc794c8e08f3,0,0,official,principal
403,0,0,0.04581746086478233,probability_native,0.04581746086478233,u_0aa7cc794c8e08f3,0,0,official,principal
6048,1,1,0.7917526364326477,probability_native,0.7917526364326477,u_0aa7cc794c8e08f3,0,0,official,principal
1369,0,0,0.2213200479745865,probability_native,0.2213200479745865,u_0aa7cc794c8e08f3,0,0,official,principal
4700,0,1,0.6778227090835571,probability_native,0.6778227090835571,u_0aa7cc794c8e08f3,0,0,official,principal
1337,0,0,0.04119053855538368,probability_native,0.04119053855538368,u_0aa7cc794c8e08f3,0,0,official,principal
6826,0,0,0.35699716210365295,probability_native,0.35699716210365295,u_0aa7cc794c8e08f3,0,0,official,principal
1736,1,0,0.49789366126060486,probability_native,0.49789366126060486,u_0aa7cc794c8e08f3,0,0,official,principal
6688,0,0,0.03789396211504936,probability_native,0.03789396211504936,u_0aa7cc794c8e08f3,0,0,official,principal
1870,0,1,0.7526408433914185,probability_native,0.7526408433914185,u_0aa7cc794c8e08f3,0,0,official,principal
1969,0,0,0.10203224420547485,probability_native,0.10203224420547485,u_0aa7cc794c8e08f3,0,0,official,principal
4198,0,0,0.022985748946666718,probability_native,0.022985748946666718,u_0aa7cc794c8e08f3,0,0,official,principal
4409,0,0,0.011230292730033398,probability_native,0.011230292730033398,u_0aa7cc794c8e08f3,0,0,official,principal
4684,1,0,0.30973970890045166,probability_native,0.30973970890045166,u_0aa7cc794c8e08f3,0,0,official,principal
2782,0,0,0.049759216606616974,probability_native,0.049759216606616974,u_0aa7cc794c8e08f3,0,0,official,principal
6971,1,1,0.5218731760978699,probability_native,0.5218731760978699,u_0aa7cc794c8e08f3,0,0,official,principal
5709,0,0,0.09050796180963516,probability_native,0.09050796180963516,u_0aa7cc794c8e08f3,0,0,official,principal
6618,0,0,0.3416386842727661,probability_native,0.3416386842727661,u_0aa7cc794c8e08f3,0,0,official,principal
5277,1,1,0.7793923616409302,probability_native,0.7793923616409302,u_0aa7cc794c8e08f3,0,0,official,principal
1563,0,1,0.7330003380775452,probability_native,0.7330003380775452,u_0aa7cc794c8e08f3,0,0,official,principal
1490,0,0,0.14257638156414032,probability_native,0.14257638156414032,u_0aa7cc794c8e08f3,0,0,official,principal
2491,0,0,0.10757573693990707,probability_native,0.10757573693990707,u_0aa7cc794c8e08f3,0,0,official,principal
1266,0,1,0.7756926417350769,probability_native,0.7756926417350769,u_0aa7cc794c8e08f3,0,0,official,principal
6982,0,0,0.01920248195528984,probability_native,0.01920248195528984,u_0aa7cc794c8e08f3,0,0,official,principal
2388,0,1,0.8172286152839661,probability_native,0.8172286152839661,u_0aa7cc794c8e08f3,0,0,official,principal
3581,0,0,0.013445131480693817,probability_native,0.013445131480693817,u_0aa7cc794c8e08f3,0,0,official,principal
1869,0,0,0.013224862515926361,probability_native,0.013224862515926361,u_0aa7cc794c8e08f3,0,0,official,principal
5538,1,1,0.8796247243881226,probability_native,0.8796247243881226,u_0aa7cc794c8e08f3,0,0,official,principal
4978,1,1,0.8116191029548645,probability_native,0.8116191029548645,u_0aa7cc794c8e08f3,0,0,official,principal
5982,0,0,0.07480991631746292,probability_native,0.07480991631746292,u_0aa7cc794c8e08f3,0,0,official,principal
5097,0,0,0.2813242971897125,probability_native,0.2813242971897125,u_0aa7cc794c8e08f3,0,0,official,principal
1483,0,0,0.057672809809446335,probability_native,0.057672809809446335,u_0aa7cc794c8e08f3,0,0,official,principal
1423,1,1,0.8522782325744629,probability_native,0.8522782325744629,u_0aa7cc794c8e08f3,0,0,official,principal
4599,0,0,0.10452476143836975,probability_native,0.10452476143836975,u_0aa7cc794c8e08f3,0,0,official,principal
2295,1,1,0.8127977848052979,probability_native,0.8127977848052979,u_0aa7cc794c8e08f3,0,0,official,principal
244,0,1,0.5010507702827454,probability_native,0.5010507702827454,u_0aa7cc794c8e08f3,0,0,official,principal
5476,1,1,0.7749747037887573,probability_native,0.7749747037887573,u_0aa7cc794c8e08f3,0,0,official,principal
2546,0,0,0.2550477981567383,probability_native,0.2550477981567383,u_0aa7cc794c8e08f3,0,0,official,principal
6630,0,1,0.7987238168716431,probability_native,0.7987238168716431,u_0aa7cc794c8e08f3,0,0,official,principal
6224,0,0,0.09140593558549881,probability_native,0.09140593558549881,u_0aa7cc794c8e08f3,0,0,official,principal
4045,1,1,0.592652440071106,probability_native,0.592652440071106,u_0aa7cc794c8e08f3,0,0,official,principal
1086,1,1,0.678484320640564,probability_native,0.678484320640564,u_0aa7cc794c8e08f3,0,0,official,principal
1710,0,1,0.8006266355514526,probability_native,0.8006266355514526,u_0aa7cc794c8e08f3,0,0,official,principal
6677,0,0,0.38036882877349854,probability_native,0.38036882877349854,u_0aa7cc794c8e08f3,0,0,official,principal
5046,0,1,0.696535050868988,probability_native,0.696535050868988,u_0aa7cc794c8e08f3,0,0,official,principal
4490,0,0,0.21778039634227753,probability_native,0.21778039634227753,u_0aa7cc794c8e08f3,0,0,official,principal
3492,0,1,0.517291784286499,probability_native,0.517291784286499,u_0aa7cc794c8e08f3,0,0,official,principal
5155,0,0,0.35978662967681885,probability_native,0.35978662967681885,u_0aa7cc794c8e08f3,0,0,official,principal
623,0,0,0.03992035984992981,probability_native,0.03992035984992981,u_0aa7cc794c8e08f3,0,0,official,principal
3976,1,1,0.6915673017501831,probability_native,0.6915673017501831,u_0aa7cc794c8e08f3,0,0,official,principal
3279,0,0,0.041223421692848206,probability_native,0.041223421692848206,u_0aa7cc794c8e08f3,0,0,official,principal
3889,0,0,0.06211790069937706,probability_native,0.06211790069937706,u_0aa7cc794c8e08f3,0,0,official,principal
6319,0,0,0.3156430125236511,probability_native,0.3156430125236511,u_0aa7cc794c8e08f3,0,0,official,principal
6554,1,1,0.8180208206176758,probability_native,0.8180208206176758,u_0aa7cc794c8e08f3,0,0,official,principal
1248,1,1,0.6682150959968567,probability_native,0.6682150959968567,u_0aa7cc794c8e08f3,0,0,official,principal
6890,0,0,0.35281503200531006,probability_native,0.35281503200531006,u_0aa7cc794c8e08f3,0,0,official,principal
6717,1,1,0.6542977690696716,probability_native,0.6542977690696716,u_0aa7cc794c8e08f3,0,0,official,principal
6471,0,0,0.048132576048374176,probability_native,0.048132576048374176,u_0aa7cc794c8e08f3,0,0,official,principal
3073,0,0,0.06198946014046669,probability_native,0.06198946014046669,u_0aa7cc794c8e08f3,0,0,official,principal
2163,1,1,0.7978247404098511,probability_native,0.7978247404098511,u_0aa7cc794c8e08f3,0,0,official,principal
2822,1,0,0.08657422661781311,probability_native,0.08657422661781311,u_0aa7cc794c8e08f3,0,0,official,principal
3139,1,1,0.5159794688224792,probability_native,0.5159794688224792,u_0aa7cc794c8e08f3,0,0,official,principal
4504,0,0,0.05346854776144028,probability_native,0.05346854776144028,u_0aa7cc794c8e08f3,0,0,official,principal
6394,0,0,0.1430862993001938,probability_native,0.1430862993001938,u_0aa7cc794c8e08f3,0,0,official,principal
3939,1,1,0.7954232692718506,probability_native,0.7954232692718506,u_0aa7cc794c8e08f3,0,0,official,principal
5367,0,0,0.029963087290525436,probability_native,0.029963087290525436,u_0aa7cc794c8e08f3,0,0,official,principal
1313,1,1,0.6411805152893066,probability_native,0.6411805152893066,u_0aa7cc794c8e08f3,0,0,official,principal
6177,1,1,0.6021799445152283,probability_native,0.6021799445152283,u_0aa7cc794c8e08f3,0,0,official,principal
2301,0,1,0.8219227194786072,probability_native,0.8219227194786072,u_0aa7cc794c8e08f3,0,0,official,principal
5087,0,0,0.3569774031639099,probability_native,0.3569774031639099,u_0aa7cc794c8e08f3,0,0,official,principal
1704,1,1,0.8797622919082642,probability_native,0.8797622919082642,u_0aa7cc794c8e08f3,0,0,official,principal
3843,1,1,0.7802939414978027,probability_native,0.7802939414978027,u_0aa7cc794c8e08f3,0,0,official,principal
943,0,0,0.01570098102092743,probability_native,0.01570098102092743,u_0aa7cc794c8e08f3,0,0,official,principal
4736,0,0,0.01459268294274807,probability_native,0.01459268294274807,u_0aa7cc794c8e08f3,0,0,official,principal
41,0,0,0.028081014752388,probability_native,0.028081014752388,u_0aa7cc794c8e08f3,0,0,official,principal
5351,1,0,0.4965612590312958,probability_native,0.4965612590312958,u_0aa7cc794c8e08f3,0,0,official,principal
4607,0,1,0.6345247626304626,probability_native,0.6345247626304626,u_0aa7cc794c8e08f3,0,0,official,principal
6495,1,1,0.8702723383903503,probability_native,0.8702723383903503,u_0aa7cc794c8e08f3,0,0,official,principal
5238,0,0,0.10333777219057083,probability_native,0.10333777219057083,u_0aa7cc794c8e08f3,0,0,official,principal
4973,0,0,0.46529653668403625,probability_native,0.46529653668403625,u_0aa7cc794c8e08f3,0,0,official,principal
6274,0,0,0.48672690987586975,probability_native,0.48672690987586975,u_0aa7cc794c8e08f3,0,0,official,principal
5633,0,0,0.2843177616596222,probability_native,0.2843177616596222,u_0aa7cc794c8e08f3,0,0,official,principal
5622,1,1,0.6029344797134399,probability_native,0.6029344797134399,u_0aa7cc794c8e08f3,0,0,official,principal
1676,0,1,0.7756926417350769,probability_native,0.7756926417350769,u_0aa7cc794c8e08f3,0,0,official,principal
833,0,1,0.5750474333763123,probability_native,0.5750474333763123,u_0aa7cc794c8e08f3,0,0,official,principal
4584,0,0,0.03694901242852211,probability_native,0.03694901242852211,u_0aa7cc794c8e08f3,0,0,official,principal
4330,1,1,0.6859566569328308,probability_native,0.6859566569328308,u_0aa7cc794c8e08f3,0,0,official,principal
1641,0,0,0.022052718326449394,probability_native,0.022052718326449394,u_0aa7cc794c8e08f3,0,0,official,principal
4051,0,0,0.09510262310504913,probability_native,0.09510262310504913,u_0aa7cc794c8e08f3,0,0,official,principal
6527,1,0,0.46961548924446106,probability_native,0.46961548924446106,u_0aa7cc794c8e08f3,0,0,official,principal
5486,0,0,0.052880216389894485,probability_native,0.052880216389894485,u_0aa7cc794c8e08f3,0,0,official,principal
4205,0,0,0.047696664929389954,probability_native,0.047696664929389954,u_0aa7cc794c8e08f3,0,0,official,principal
6064,1,1,0.7733138799667358,probability_native,0.7733138799667358,u_0aa7cc794c8e08f3,0,0,official,principal
6094,0,0,0.030108684673905373,probability_native,0.030108684673905373,u_0aa7cc794c8e08f3,0,0,official,principal
3730,1,1,0.5676870942115784,probability_native,0.5676870942115784,u_0aa7cc794c8e08f3,0,0,official,principal
740,0,0,0.04138905182480812,probability_native,0.04138905182480812,u_0aa7cc794c8e08f3,0,0,official,principal
6145,0,0,0.012762815691530704,probability_native,0.012762815691530704,u_0aa7cc794c8e08f3,0,0,official,principal
6236,0,1,0.6242920756340027,probability_native,0.6242920756340027,u_0aa7cc794c8e08f3,0,0,official,principal
4544,1,1,0.8772756457328796,probability_native,0.8772756457328796,u_0aa7cc794c8e08f3,0,0,official,principal
4902,0,0,0.12116136401891708,probability_native,0.12116136401891708,u_0aa7cc794c8e08f3,0,0,official,principal
1478,1,1,0.7628381848335266,probability_native,0.7628381848335266,u_0aa7cc794c8e08f3,0,0,official,principal
749,0,0,0.18752512335777283,probability_native,0.18752512335777283,u_0aa7cc794c8e08f3,0,0,official,principal
4164,0,0,0.0616132952272892,probability_native,0.0616132952272892,u_0aa7cc794c8e08f3,0,0,official,principal
3153,0,0,0.2951515316963196,probability_native,0.2951515316963196,u_0aa7cc794c8e08f3,0,0,official,principal
4399,0,0,0.3095730245113373,probability_native,0.3095730245113373,u_0aa7cc794c8e08f3,0,0,official,principal
6370,1,0,0.496844083070755,probability_native,0.496844083070755,u_0aa7cc794c8e08f3,0,0,official,principal
716,0,0,0.030365988612174988,probability_native,0.030365988612174988,u_0aa7cc794c8e08f3,0,0,official,principal
33,0,1,0.5526770949363708,probability_native,0.5526770949363708,u_0aa7cc794c8e08f3,0,0,official,principal
1694,1,1,0.8176657557487488,probability_native,0.8176657557487488,u_0aa7cc794c8e08f3,0,0,official,principal
6313,1,1,0.8560259342193604,probability_native,0.8560259342193604,u_0aa7cc794c8e08f3,0,0,official,principal
5315,1,1,0.8141347765922546,probability_native,0.8141347765922546,u_0aa7cc794c8e08f3,0,0,official,principal
4034,0,0,0.39952123165130615,probability_native,0.39952123165130615,u_0aa7cc794c8e08f3,0,0,official,principal
6311,0,1,0.5967925786972046,probability_native,0.5967925786972046,u_0aa7cc794c8e08f3,0,0,official,principal
6025,0,0,0.16111043095588684,probability_native,0.16111043095588684,u_0aa7cc794c8e08f3,0,0,official,principal
6596,0,0,0.07224377244710922,probability_native,0.07224377244710922,u_0aa7cc794c8e08f3,0,0,official,principal
3774,0,0,0.2850898206233978,probability_native,0.2850898206233978,u_0aa7cc794c8e08f3,0,0,official,principal
2439,0,0,0.0515533871948719,probability_native,0.0515533871948719,u_0aa7cc794c8e08f3,0,0,official,principal
3274,0,1,0.6035658717155457,probability_native,0.6035658717155457,u_0aa7cc794c8e08f3,0,0,official,principal
5989,1,1,0.8919426202774048,probability_native,0.8919426202774048,u_0aa7cc794c8e08f3,0,0,official,principal
1721,1,1,0.5830211639404297,probability_native,0.5830211639404297,u_0aa7cc794c8e08f3,0,0,official,principal
3147,0,1,0.5906365513801575,probability_native,0.5906365513801575,u_0aa7cc794c8e08f3,0,0,official,principal
5346,0,0,0.061639100313186646,probability_native,0.061639100313186646,u_0aa7cc794c8e08f3,0,0,official,principal
193,0,0,0.04865993559360504,probability_native,0.04865993559360504,u_0aa7cc794c8e08f3,0,0,official,principal
2039,1,1,0.7260662317276001,probability_native,0.7260662317276001,u_0aa7cc794c8e08f3,0,0,official,principal
2307,0,0,0.20317643880844116,probability_native,0.20317643880844116,u_0aa7cc794c8e08f3,0,0,official,principal
5885,0,0,0.05088246986269951,probability_native,0.05088246986269951,u_0aa7cc794c8e08f3,0,0,official,principal
6661,0,0,0.01897125132381916,probability_native,0.01897125132381916,u_0aa7cc794c8e08f3,0,0,official,principal
4647,0,0,0.44984322786331177,probability_native,0.44984322786331177,u_0aa7cc794c8e08f3,0,0,official,principal
4313,0,0,0.36387935280799866,probability_native,0.36387935280799866,u_0aa7cc794c8e08f3,0,0,official,principal
5479,0,1,0.7098971009254456,probability_native,0.7098971009254456,u_0aa7cc794c8e08f3,0,0,official,principal
6815,0,0,0.006280937697738409,probability_native,0.006280937697738409,u_0aa7cc794c8e08f3,0,0,official,principal
6892,0,0,0.22104179859161377,probability_native,0.22104179859161377,u_0aa7cc794c8e08f3,0,0,official,principal
5541,1,0,0.34338071942329407,probability_native,0.34338071942329407,u_0aa7cc794c8e08f3,0,0,official,principal
1884,0,0,0.07027237862348557,probability_native,0.07027237862348557,u_0aa7cc794c8e08f3,0,0,official,principal
5437,1,0,0.4536876380443573,probability_native,0.4536876380443573,u_0aa7cc794c8e08f3,0,0,official,principal
5142,0,0,0.14732135832309723,probability_native,0.14732135832309723,u_0aa7cc794c8e08f3,0,0,official,principal
4127,0,0,0.03305773064494133,probability_native,0.03305773064494133,u_0aa7cc794c8e08f3,0,0,official,principal
4597,1,1,0.7712305784225464,probability_native,0.7712305784225464,u_0aa7cc794c8e08f3,0,0,official,principal
3830,1,1,0.8709777593612671,probability_native,0.8709777593612671,u_0aa7cc794c8e08f3,0,0,official,principal
226,0,0,0.10954554378986359,probability_native,0.10954554378986359,u_0aa7cc794c8e08f3,0,0,official,principal
6760,1,1,0.5198302865028381,probability_native,0.5198302865028381,u_0aa7cc794c8e08f3,0,0,official,principal
6933,1,1,0.8702723383903503,probability_native,0.8702723383903503,u_0aa7cc794c8e08f3,0,0,official,principal
5015,0,0,0.2236797958612442,probability_native,0.2236797958612442,u_0aa7cc794c8e08f3,0,0,official,principal
6566,0,0,0.11245894432067871,probability_native,0.11245894432067871,u_0aa7cc794c8e08f3,0,0,official,principal
6799,0,0,0.21061888337135315,probability_native,0.21061888337135315,u_0aa7cc794c8e08f3,0,0,official,principal
2062,0,0,0.044373929500579834,probability_native,0.044373929500579834,u_0aa7cc794c8e08f3,0,0,official,principal
6928,0,0,0.08634611964225769,probability_native,0.08634611964225769,u_0aa7cc794c8e08f3,0,0,official,principal
3653,0,0,0.05546874180436134,probability_native,0.05546874180436134,u_0aa7cc794c8e08f3,0,0,official,principal
6670,0,0,0.16620777547359467,probability_native,0.16620777547359467,u_0aa7cc794c8e08f3,0,0,official,principal
4681,1,1,0.8685150146484375,probability_native,0.8685150146484375,u_0aa7cc794c8e08f3,0,0,official,principal
3621,1,1,0.5714452862739563,probability_native,0.5714452862739563,u_0aa7cc794c8e08f3,0,0,official,principal
2975,0,1,0.5189206004142761,probability_native,0.5189206004142761,u_0aa7cc794c8e08f3,0,0,official,principal
500,0,0,0.16881166398525238,probability_native,0.16881166398525238,u_0aa7cc794c8e08f3,0,0,official,principal
355,1,1,0.7571671605110168,probability_native,0.7571671605110168,u_0aa7cc794c8e08f3,0,0,official,principal
6260,0,0,0.060410529375076294,probability_native,0.060410529375076294,u_0aa7cc794c8e08f3,0,0,official,principal
632,0,0,0.010080755688250065,probability_native,0.010080755688250065,u_0aa7cc794c8e08f3,0,0,official,principal
3077,0,0,0.03633350878953934,probability_native,0.03633350878953934,u_0aa7cc794c8e08f3,0,0,official,principal
6565,0,1,0.6093257665634155,probability_native,0.6093257665634155,u_0aa7cc794c8e08f3,0,0,official,principal
382,0,0,0.017167028039693832,probability_native,0.017167028039693832,u_0aa7cc794c8e08f3,0,0,official,principal
6531,0,0,0.28109779953956604,probability_native,0.28109779953956604,u_0aa7cc794c8e08f3,0,0,official,principal
2952,0,0,0.11612479388713837,probability_native,0.11612479388713837,u_0aa7cc794c8e08f3,0,0,official,principal
1110,0,0,0.03215731307864189,probability_native,0.03215731307864189,u_0aa7cc794c8e08f3,0,0,official,principal
2105,1,1,0.7812968492507935,probability_native,0.7812968492507935,u_0aa7cc794c8e08f3,0,0,official,principal
570,0,0,0.01748914271593094,probability_native,0.01748914271593094,u_0aa7cc794c8e08f3,0,0,official,principal
4910,1,0,0.08239423483610153,probability_native,0.08239423483610153,u_0aa7cc794c8e08f3,0,0,official,principal
1673,1,0,0.37302014231681824,probability_native,0.37302014231681824,u_0aa7cc794c8e08f3,0,0,official,principal
3434,0,0,0.16003820300102234,probability_native,0.16003820300102234,u_0aa7cc794c8e08f3,0,0,official,principal
3326,1,0,0.12401886284351349,probability_native,0.12401886284351349,u_0aa7cc794c8e08f3,0,0,official,principal
3097,0,0,0.2939668595790863,probability_native,0.2939668595790863,u_0aa7cc794c8e08f3,0,0,official,principal
238,1,1,0.8118086457252502,probability_native,0.8118086457252502,u_0aa7cc794c8e08f3,0,0,official,principal
3258,0,1,0.8127977848052979,probability_native,0.8127977848052979,u_0aa7cc794c8e08f3,0,0,official,principal
1632,1,0,0.4309864044189453,probability_native,0.4309864044189453,u_0aa7cc794c8e08f3,0,0,official,principal
1949,0,0,0.08788085728883743,probability_native,0.08788085728883743,u_0aa7cc794c8e08f3,0,0,official,principal
6861,1,1,0.6991798281669617,probability_native,0.6991798281669617,u_0aa7cc794c8e08f3,0,0,official,principal
1743,0,0,0.033955249935388565,probability_native,0.033955249935388565,u_0aa7cc794c8e08f3,0,0,official,principal
4621,0,1,0.596330463886261,probability_native,0.596330463886261,u_0aa7cc794c8e08f3,0,0,official,principal
6312,1,0,0.1926911622285843,probability_native,0.1926911622285843,u_0aa7cc794c8e08f3,0,0,official,principal
5907,0,1,0.7526408433914185,probability_native,0.7526408433914185,u_0aa7cc794c8e08f3,0,0,official,principal
3072,0,0,0.09741955995559692,probability_native,0.09741955995559692,u_0aa7cc794c8e08f3,0,0,official,principal
6026,0,0,0.12565620243549347,probability_native,0.12565620243549347,u_0aa7cc794c8e08f3,0,0,official,principal
1164,0,0,0.01841968670487404,probability_native,0.01841968670487404,u_0aa7cc794c8e08f3,0,0,official,principal
2514,1,1,0.7121378779411316,probability_native,0.7121378779411316,u_0aa7cc794c8e08f3,0,0,official,principal
2133,1,1,0.8683935403823853,probability_native,0.8683935403823853,u_0aa7cc794c8e08f3,0,0,official,principal
2384,0,1,0.5623282194137573,probability_native,0.5623282194137573,u_0aa7cc794c8e08f3,0,0,official,principal
2208,1,1,0.9012683033943176,probability_native,0.9012683033943176,u_0aa7cc794c8e08f3,0,0,official,principal
1826,0,1,0.6848313212394714,probability_native,0.6848313212394714,u_0aa7cc794c8e08f3,0,0,official,principal
2025,0,0,0.0432923287153244,probability_native,0.0432923287153244,u_0aa7cc794c8e08f3,0,0,official,principal
3456,0,0,0.060331087559461594,probability_native,0.060331087559461594,u_0aa7cc794c8e08f3,0,0,official,principal
3943,0,1,0.748997151851654,probability_native,0.748997151851654,u_0aa7cc794c8e08f3,0,0,official,principal
2889,0,0,0.04617225378751755,probability_native,0.04617225378751755,u_0aa7cc794c8e08f3,0,0,official,principal
4861,0,0,0.19155815243721008,probability_native,0.19155815243721008,u_0aa7cc794c8e08f3,0,0,official,principal
4663,1,1,0.8619646430015564,probability_native,0.8619646430015564,u_0aa7cc794c8e08f3,0,0,official,principal
803,0,0,0.049027085304260254,probability_native,0.049027085304260254,u_0aa7cc794c8e08f3,0,0,official,principal
5983,0,1,0.5998574495315552,probability_native,0.5998574495315552,u_0aa7cc794c8e08f3,0,0,official,principal
4041,0,0,0.06752435117959976,probability_native,0.06752435117959976,u_0aa7cc794c8e08f3,0,0,official,principal
815,0,1,0.5854079723358154,probability_native,0.5854079723358154,u_0aa7cc794c8e08f3,0,0,official,principal
4938,1,1,0.580518364906311,probability_native,0.580518364906311,u_0aa7cc794c8e08f3,0,0,official,principal
4936,0,0,0.40609225630760193,probability_native,0.40609225630760193,u_0aa7cc794c8e08f3,0,0,official,principal
5961,0,1,0.6251320838928223,probability_native,0.6251320838928223,u_0aa7cc794c8e08f3,0,0,official,principal
6352,0,1,0.6369845867156982,probability_native,0.6369845867156982,u_0aa7cc794c8e08f3,0,0,official,principal
5440,0,0,0.263958215713501,probability_native,0.263958215713501,u_0aa7cc794c8e08f3,0,0,official,principal
2281,1,0,0.4536017179489136,probability_native,0.4536017179489136,u_0aa7cc794c8e08f3,0,0,official,principal
6498,1,1,0.840756893157959,probability_native,0.840756893157959,u_0aa7cc794c8e08f3,0,0,official,principal
3384,1,1,0.7748548984527588,probability_native,0.7748548984527588,u_0aa7cc794c8e08f3,0,0,official,principal
5848,0,0,0.02148168906569481,probability_native,0.02148168906569481,u_0aa7cc794c8e08f3,0,0,official,principal
6218,0,0,0.10292535275220871,probability_native,0.10292535275220871,u_0aa7cc794c8e08f3,0,0,official,principal
6278,0,0,0.1985938847064972,probability_native,0.1985938847064972,u_0aa7cc794c8e08f3,0,0,official,principal
2515,0,0,0.14874482154846191,probability_native,0.14874482154846191,u_0aa7cc794c8e08f3,0,0,official,principal
4007,0,0,0.040386490523815155,probability_native,0.040386490523815155,u_0aa7cc794c8e08f3,0,0,official,principal
2813,0,0,0.03918905556201935,probability_native,0.03918905556201935,u_0aa7cc794c8e08f3,0,0,official,principal
4929,0,0,0.11225524544715881,probability_native,0.11225524544715881,u_0aa7cc794c8e08f3,0,0,official,principal
3959,0,0,0.21890519559383392,probability_native,0.21890519559383392,u_0aa7cc794c8e08f3,0,0,official,principal
4509,1,1,0.7898465394973755,probability_native,0.7898465394973755,u_0aa7cc794c8e08f3,0,0,official,principal
2973,1,1,0.5741641521453857,probability_native,0.5741641521453857,u_0aa7cc794c8e08f3,0,0,official,principal
1129,0,1,0.5366655588150024,probability_native,0.5366655588150024,u_0aa7cc794c8e08f3,0,0,official,principal
2380,0,0,0.38889434933662415,probability_native,0.38889434933662415,u_0aa7cc794c8e08f3,0,0,official,principal
1365,1,0,0.3476744294166565,probability_native,0.3476744294166565,u_0aa7cc794c8e08f3,0,0,official,principal
3778,0,1,0.6116195321083069,probability_native,0.6116195321083069,u_0aa7cc794c8e08f3,0,0,official,principal
2041,0,0,0.08868452161550522,probability_native,0.08868452161550522,u_0aa7cc794c8e08f3,0,0,official,principal
5463,1,1,0.688985288143158,probability_native,0.688985288143158,u_0aa7cc794c8e08f3,0,0,official,principal
5258,1,0,0.3544982671737671,probability_native,0.3544982671737671,u_0aa7cc794c8e08f3,0,0,official,principal
5813,0,0,0.08383174985647202,probability_native,0.08383174985647202,u_0aa7cc794c8e08f3,0,0,official,principal
723,1,1,0.7351372241973877,probability_native,0.7351372241973877,u_0aa7cc794c8e08f3,0,0,official,principal
4924,1,1,0.8176657557487488,probability_native,0.8176657557487488,u_0aa7cc794c8e08f3,0,0,official,principal
6205,1,1,0.5267245769500732,probability_native,0.5267245769500732,u_0aa7cc794c8e08f3,0,0,official,principal
2106,0,0,0.06774069368839264,probability_native,0.06774069368839264,u_0aa7cc794c8e08f3,0,0,official,principal
3520,0,0,0.14440962672233582,probability_native,0.14440962672233582,u_0aa7cc794c8e08f3,0,0,official,principal
1210,1,1,0.6926786303520203,probability_native,0.6926786303520203,u_0aa7cc794c8e08f3,0,0,official,principal
971,0,0,0.38396012783050537,probability_native,0.38396012783050537,u_0aa7cc794c8e08f3,0,0,official,principal
4764,1,1,0.7548558115959167,probability_native,0.7548558115959167,u_0aa7cc794c8e08f3,0,0,official,principal
6488,1,1,0.8683935403823853,probability_native,0.8683935403823853,u_0aa7cc794c8e08f3,0,0,official,principal
5435,0,0,0.13618271052837372,probability_native,0.13618271052837372,u_0aa7cc794c8e08f3,0,0,official,principal
4062,1,1,0.8180208206176758,probability_native,0.8180208206176758,u_0aa7cc794c8e08f3,0,0,official,principal
309,0,0,0.14235778152942657,probability_native,0.14235778152942657,u_0aa7cc794c8e08f3,0,0,official,principal
5687,0,0,0.10159732401371002,probability_native,0.10159732401371002,u_0aa7cc794c8e08f3,0,0,official,principal
1569,0,0,0.34482893347740173,probability_native,0.34482893347740173,u_0aa7cc794c8e08f3,0,0,official,principal
4775,1,1,0.5514544248580933,probability_native,0.5514544248580933,u_0aa7cc794c8e08f3,0,0,official,principal
2803,0,0,0.04426746070384979,probability_native,0.04426746070384979,u_0aa7cc794c8e08f3,0,0,official,principal
2271,0,1,0.7443782687187195,probability_native,0.7443782687187195,u_0aa7cc794c8e08f3,0,0,official,principal
6714,0,1,0.7219613790512085,probability_native,0.7219613790512085,u_0aa7cc794c8e08f3,0,0,official,principal
1498,1,1,0.6851354241371155,probability_native,0.6851354241371155,u_0aa7cc794c8e08f3,0,0,official,principal
5596,0,0,0.034072354435920715,probability_native,0.034072354435920715,u_0aa7cc794c8e08f3,0,0,official,principal
6738,0,1,0.5526770949363708,probability_native,0.5526770949363708,u_0aa7cc794c8e08f3,0,0,official,principal
3095,0,1,0.7267651557922363,probability_native,0.7267651557922363,u_0aa7cc794c8e08f3,0,0,official,principal
8,1,1,0.6870788335800171,probability_native,0.6870788335800171,u_0aa7cc794c8e08f3,0,0,official,principal
4816,0,0,0.05216497927904129,probability_native,0.05216497927904129,u_0aa7cc794c8e08f3,0,0,official,principal
2044,0,0,0.1252366602420807,probability_native,0.1252366602420807,u_0aa7cc794c8e08f3,0,0,official,principal
4685,0,0,0.23128895461559296,probability_native,0.23128895461559296,u_0aa7cc794c8e08f3,0,0,official,principal
1915,0,0,0.23982630670070648,probability_native,0.23982630670070648,u_0aa7cc794c8e08f3,0,0,official,principal
1532,0,0,0.1331794261932373,probability_native,0.1331794261932373,u_0aa7cc794c8e08f3,0,0,official,principal
2454,0,0,0.04385462403297424,probability_native,0.04385462403297424,u_0aa7cc794c8e08f3,0,0,official,principal
5977,0,0,0.03854915127158165,probability_native,0.03854915127158165,u_0aa7cc794c8e08f3,0,0,official,principal
2446,1,1,0.6044720411300659,probability_native,0.6044720411300659,u_0aa7cc794c8e08f3,0,0,official,principal
1278,0,0,0.06466162204742432,probability_native,0.06466162204742432,u_0aa7cc794c8e08f3,0,0,official,principal
1911,0,0,0.021538875997066498,probability_native,0.021538875997066498,u_0aa7cc794c8e08f3,0,0,official,principal
2431,1,1,0.6795080900192261,probability_native,0.6795080900192261,u_0aa7cc794c8e08f3,0,0,official,principal
4219,0,0,0.22393067181110382,probability_native,0.22393067181110382,u_0aa7cc794c8e08f3,0,0,official,principal
4417,1,1,0.7778300642967224,probability_native,0.7778300642967224,u_0aa7cc794c8e08f3,0,0,official,principal
411,0,0,0.09677942097187042,probability_native,0.09677942097187042,u_0aa7cc794c8e08f3,0,0,official,principal
612,0,0,0.022716231644153595,probability_native,0.022716231644153595,u_0aa7cc794c8e08f3,0,0,official,principal
2073,0,0,0.16109643876552582,probability_native,0.16109643876552582,u_0aa7cc794c8e08f3,0,0,official,principal
5752,0,0,0.03482738509774208,probability_native,0.03482738509774208,u_0aa7cc794c8e08f3,0,0,official,principal
5164,0,1,0.6259534955024719,probability_native,0.6259534955024719,u_0aa7cc794c8e08f3,0,0,official,principal
2606,0,0,0.47552570700645447,probability_native,0.47552570700645447,u_0aa7cc794c8e08f3,0,0,official,principal
5673,0,0,0.1589874029159546,probability_native,0.1589874029159546,u_0aa7cc794c8e08f3,0,0,official,principal
1876,0,0,0.44575363397598267,probability_native,0.44575363397598267,u_0aa7cc794c8e08f3,0,0,official,principal
2520,0,0,0.021899735555052757,probability_native,0.021899735555052757,u_0aa7cc794c8e08f3,0,0,official,principal
5496,0,0,0.029302190989255905,probability_native,0.029302190989255905,u_0aa7cc794c8e08f3,0,0,official,principal
6249,0,1,0.7841097712516785,probability_native,0.7841097712516785,u_0aa7cc794c8e08f3,0,0,official,principal
5007,0,0,0.1422017514705658,probability_native,0.1422017514705658,u_0aa7cc794c8e08f3,0,0,official,principal
4610,1,0,0.11249572038650513,probability_native,0.11249572038650513,u_0aa7cc794c8e08f3,0,0,official,principal
5354,0,1,0.8545739650726318,probability_native,0.8545739650726318,u_0aa7cc794c8e08f3,0,0,official,principal
2450,0,0,0.05970289185643196,probability_native,0.05970289185643196,u_0aa7cc794c8e08f3,0,0,official,principal
3795,0,1,0.8085897564888,probability_native,0.8085897564888,u_0aa7cc794c8e08f3,0,0,official,principal
5820,0,0,0.122451551258564,probability_native,0.122451551258564,u_0aa7cc794c8e08f3,0,0,official,principal
4244,0,0,0.0210794098675251,probability_native,0.0210794098675251,u_0aa7cc794c8e08f3,0,0,official,principal
5228,0,1,0.5565334558486938,probability_native,0.5565334558486938,u_0aa7cc794c8e08f3,0,0,official,principal
5724,1,1,0.8233208060264587,probability_native,0.8233208060264587,u_0aa7cc794c8e08f3,0,0,official,principal
3164,0,1,0.7264935970306396,probability_native,0.7264935970306396,u_0aa7cc794c8e08f3,0,0,official,principal
5626,0,0,0.2997649013996124,probability_native,0.2997649013996124,u_0aa7cc794c8e08f3,0,0,official,principal
2757,0,0,0.07591984421014786,probability_native,0.07591984421014786,u_0aa7cc794c8e08f3,0,0,official,principal
5387,0,0,0.4713076055049896,probability_native,0.4713076055049896,u_0aa7cc794c8e08f3,0,0,official,principal
3782,0,1,0.7850014567375183,probability_native,0.7850014567375183,u_0aa7cc794c8e08f3,0,0,official,principal
2598,0,1,0.8161495327949524,probability_native,0.8161495327949524,u_0aa7cc794c8e08f3,0,0,official,principal
5421,0,0,0.03668440878391266,probability_native,0.03668440878391266,u_0aa7cc794c8e08f3,0,0,official,principal
4044,0,0,0.06586083024740219,probability_native,0.06586083024740219,u_0aa7cc794c8e08f3,0,0,official,principal
6042,0,0,0.05754222720861435,probability_native,0.05754222720861435,u_0aa7cc794c8e08f3,0,0,official,principal
1799,1,1,0.8139910697937012,probability_native,0.8139910697937012,u_0aa7cc794c8e08f3,0,0,official,principal
4583,0,0,0.027893811464309692,probability_native,0.027893811464309692,u_0aa7cc794c8e08f3,0,0,official,principal
2809,0,0,0.3091685473918915,probability_native,0.3091685473918915,u_0aa7cc794c8e08f3,0,0,official,principal
210,1,1,0.6411342024803162,probability_native,0.6411342024803162,u_0aa7cc794c8e08f3,0,0,official,principal
2272,0,1,0.7575472593307495,probability_native,0.7575472593307495,u_0aa7cc794c8e08f3,0,0,official,principal
4688,0,1,0.5510897636413574,probability_native,0.5510897636413574,u_0aa7cc794c8e08f3,0,0,official,principal
3096,0,0,0.03800087049603462,probability_native,0.03800087049603462,u_0aa7cc794c8e08f3,0,0,official,principal
5176,0,0,0.13506311178207397,probability_native,0.13506311178207397,u_0aa7cc794c8e08f3,0,0,official,principal
5061,0,0,0.06040851026773453,probability_native,0.06040851026773453,u_0aa7cc794c8e08f3,0,0,official,principal
2540,0,0,0.16124965250492096,probability_native,0.16124965250492096,u_0aa7cc794c8e08f3,0,0,official,principal
4612,0,0,0.024300631135702133,probability_native,0.024300631135702133,u_0aa7cc794c8e08f3,0,0,official,principal
878,0,0,0.07392345368862152,probability_native,0.07392345368862152,u_0aa7cc794c8e08f3,0,0,official,principal
5464,0,0,0.05699775740504265,probability_native,0.05699775740504265,u_0aa7cc794c8e08f3,0,0,official,principal
3353,0,1,0.678888738155365,probability_native,0.678888738155365,u_0aa7cc794c8e08f3,0,0,official,principal
6687,1,1,0.7682517170906067,probability_native,0.7682517170906067,u_0aa7cc794c8e08f3,0,0,official,principal
5244,0,1,0.5594671368598938,probability_native,0.5594671368598938,u_0aa7cc794c8e08f3,0,0,official,principal
698,0,0,0.20283165574073792,probability_native,0.20283165574073792,u_0aa7cc794c8e08f3,0,0,official,principal
2722,0,0,0.019381556659936905,probability_native,0.019381556659936905,u_0aa7cc794c8e08f3,0,0,official,principal
3698,0,1,0.560945451259613,probability_native,0.560945451259613,u_0aa7cc794c8e08f3,0,0,official,principal
3500,0,0,0.46175891160964966,probability_native,0.46175891160964966,u_0aa7cc794c8e08f3,0,0,official,principal
2067,0,0,0.41889864206314087,probability_native,0.41889864206314087,u_0aa7cc794c8e08f3,0,0,official,principal
1312,0,0,0.1577448546886444,probability_native,0.1577448546886444,u_0aa7cc794c8e08f3,0,0,official,principal
4514,0,1,0.7146126627922058,probability_native,0.7146126627922058,u_0aa7cc794c8e08f3,0,0,official,principal
5378,0,0,0.020097846165299416,probability_native,0.020097846165299416,u_0aa7cc794c8e08f3,0,0,official,principal
1968,0,0,0.35805070400238037,probability_native,0.35805070400238037,u_0aa7cc794c8e08f3,0,0,official,principal
5646,1,0,0.3303941488265991,probability_native,0.3303941488265991,u_0aa7cc794c8e08f3,0,0,official,principal
2883,0,0,0.02508999966084957,probability_native,0.02508999966084957,u_0aa7cc794c8e08f3,0,0,official,principal
1252,0,1,0.5434776544570923,probability_native,0.5434776544570923,u_0aa7cc794c8e08f3,0,0,official,principal
5051,0,0,0.4383908808231354,probability_native,0.4383908808231354,u_0aa7cc794c8e08f3,0,0,official,principal
827,0,0,0.12376474589109421,probability_native,0.12376474589109421,u_0aa7cc794c8e08f3,0,0,official,principal
6030,1,0,0.431396484375,probability_native,0.431396484375,u_0aa7cc794c8e08f3,0,0,official,principal
890,0,0,0.22903074324131012,probability_native,0.22903074324131012,u_0aa7cc794c8e08f3,0,0,official,principal
590,0,0,0.08302103728055954,probability_native,0.08302103728055954,u_0aa7cc794c8e08f3,0,0,official,principal
793,0,0,0.021014658734202385,probability_native,0.021014658734202385,u_0aa7cc794c8e08f3,0,0,official,principal
6059,0,0,0.08225169032812119,probability_native,0.08225169032812119,u_0aa7cc794c8e08f3,0,0,official,principal
5158,0,0,0.02365649677813053,probability_native,0.02365649677813053,u_0aa7cc794c8e08f3,0,0,official,principal
2209,0,0,0.3475364148616791,probability_native,0.3475364148616791,u_0aa7cc794c8e08f3,0,0,official,principal
887,0,0,0.31262362003326416,probability_native,0.31262362003326416,u_0aa7cc794c8e08f3,0,0,official,principal
1382,0,0,0.04003039747476578,probability_native,0.04003039747476578,u_0aa7cc794c8e08f3,0,0,official,principal
3997,0,0,0.06645998358726501,probability_native,0.06645998358726501,u_0aa7cc794c8e08f3,0,0,official,principal
3631,1,1,0.7191686630249023,probability_native,0.7191686630249023,u_0aa7cc794c8e08f3,0,0,official,principal
3008,0,0,0.09467414766550064,probability_native,0.09467414766550064,u_0aa7cc794c8e08f3,0,0,official,principal
2408,0,0,0.021783944219350815,probability_native,0.021783944219350815,u_0aa7cc794c8e08f3,0,0,official,principal
435,0,0,0.2669200003147125,probability_native,0.2669200003147125,u_0aa7cc794c8e08f3,0,0,official,principal
329,0,1,0.6091901659965515,probability_native,0.6091901659965515,u_0aa7cc794c8e08f3,0,0,official,principal
17,0,0,0.06955382227897644,probability_native,0.06955382227897644,u_0aa7cc794c8e08f3,0,0,official,principal
5466,0,0,0.10431981086730957,probability_native,0.10431981086730957,u_0aa7cc794c8e08f3,0,0,official,principal
1795,1,1,0.5327556133270264,probability_native,0.5327556133270264,u_0aa7cc794c8e08f3,0,0,official,principal
4957,0,0,0.37275823950767517,probability_native,0.37275823950767517,u_0aa7cc794c8e08f3,0,0,official,principal
419,1,1,0.8134530782699585,probability_native,0.8134530782699585,u_0aa7cc794c8e08f3,0,0,official,principal
6818,0,0,0.10854118317365646,probability_native,0.10854118317365646,u_0aa7cc794c8e08f3,0,0,official,principal
264,0,0,0.14784827828407288,probability_native,0.14784827828407288,u_0aa7cc794c8e08f3,0,0,official,principal
6625,1,1,0.8121641278266907,probability_native,0.8121641278266907,u_0aa7cc794c8e08f3,0,0,official,principal
5260,0,1,0.619346022605896,probability_native,0.619346022605896,u_0aa7cc794c8e08f3,0,0,official,principal
3370,0,0,0.15886613726615906,probability_native,0.15886613726615906,u_0aa7cc794c8e08f3,0,0,official,principal
5089,0,1,0.616921067237854,probability_native,0.616921067237854,u_0aa7cc794c8e08f3,0,0,official,principal
5145,0,0,0.056385647505521774,probability_native,0.056385647505521774,u_0aa7cc794c8e08f3,0,0,official,principal
4485,0,0,0.03839343041181564,probability_native,0.03839343041181564,u_0aa7cc794c8e08f3,0,0,official,principal
6135,0,0,0.06055554747581482,probability_native,0.06055554747581482,u_0aa7cc794c8e08f3,0,0,official,principal
326,0,1,0.7124049663543701,probability_native,0.7124049663543701,u_0aa7cc794c8e08f3,0,0,official,principal
1633,0,1,0.7458749413490295,probability_native,0.7458749413490295,u_0aa7cc794c8e08f3,0,0,official,principal
728,1,0,0.2244490683078766,probability_native,0.2244490683078766,u_0aa7cc794c8e08f3,0,0,official,principal
4988,0,0,0.03983037546277046,probability_native,0.03983037546277046,u_0aa7cc794c8e08f3,0,0,official,principal
6068,1,0,0.4771270751953125,probability_native,0.4771270751953125,u_0aa7cc794c8e08f3,0,0,official,principal
2891,1,1,0.8796247243881226,probability_native,0.8796247243881226,u_0aa7cc794c8e08f3,0,0,official,principal
1965,1,0,0.2647975981235504,probability_native,0.2647975981235504,u_0aa7cc794c8e08f3,0,0,official,principal
4714,0,0,0.029255781322717667,probability_native,0.029255781322717667,u_0aa7cc794c8e08f3,0,0,official,principal
6484,0,0,0.15022921562194824,probability_native,0.15022921562194824,u_0aa7cc794c8e08f3,0,0,official,principal
1137,0,0,0.01676482893526554,probability_native,0.01676482893526554,u_0aa7cc794c8e08f3,0,0,official,principal
1393,0,1,0.5485846400260925,probability_native,0.5485846400260925,u_0aa7cc794c8e08f3,0,0,official,principal
2945,0,1,0.5868654847145081,probability_native,0.5868654847145081,u_0aa7cc794c8e08f3,0,0,official,principal
424,0,0,0.25631457567214966,probability_native,0.25631457567214966,u_0aa7cc794c8e08f3,0,0,official,principal
5605,0,0,0.32861602306365967,probability_native,0.32861602306365967,u_0aa7cc794c8e08f3,0,0,official,principal
628,0,0,0.1435684710741043,probability_native,0.1435684710741043,u_0aa7cc794c8e08f3,0,0,official,principal
4243,0,0,0.1372176557779312,probability_native,0.1372176557779312,u_0aa7cc794c8e08f3,0,0,official,principal
206,0,0,0.013025295920670033,probability_native,0.013025295920670033,u_0aa7cc794c8e08f3,0,0,official,principal
4031,0,0,0.11173781007528305,probability_native,0.11173781007528305,u_0aa7cc794c8e08f3,0,0,official,principal
2667,0,0,0.04991934075951576,probability_native,0.04991934075951576,u_0aa7cc794c8e08f3,0,0,official,principal
4129,0,0,0.4348406195640564,probability_native,0.4348406195640564,u_0aa7cc794c8e08f3,0,0,official,principal
3635,0,0,0.03859037905931473,probability_native,0.03859037905931473,u_0aa7cc794c8e08f3,0,0,official,principal
3601,0,0,0.0687643364071846,probability_native,0.0687643364071846,u_0aa7cc794c8e08f3,0,0,official,principal
334,1,1,0.7303038239479065,probability_native,0.7303038239479065,u_0aa7cc794c8e08f3,0,0,official,principal
6041,0,0,0.30456721782684326,probability_native,0.30456721782684326,u_0aa7cc794c8e08f3,0,0,official,principal
2799,0,0,0.026002105325460434,probability_native,0.026002105325460434,u_0aa7cc794c8e08f3,0,0,official,principal
2730,0,0,0.3703988492488861,probability_native,0.3703988492488861,u_0aa7cc794c8e08f3,0,0,official,principal
1042,0,1,0.5968473553657532,probability_native,0.5968473553657532,u_0aa7cc794c8e08f3,0,0,official,principal
5938,0,1,0.5534512996673584,probability_native,0.5534512996673584,u_0aa7cc794c8e08f3,0,0,official,principal
3429,0,0,0.03730301931500435,probability_native,0.03730301931500435,u_0aa7cc794c8e08f3,0,0,official,principal
6272,0,0,0.10682258754968643,probability_native,0.10682258754968643,u_0aa7cc794c8e08f3,0,0,official,principal
5117,0,0,0.0538690984249115,probability_native,0.0538690984249115,u_0aa7cc794c8e08f3,0,0,official,principal
3589,0,0,0.25127309560775757,probability_native,0.25127309560775757,u_0aa7cc794c8e08f3,0,0,official,principal
1977,0,1,0.6979354023933411,probability_native,0.6979354023933411,u_0aa7cc794c8e08f3,0,0,official,principal
2497,0,0,0.2899549603462219,probability_native,0.2899549603462219,u_0aa7cc794c8e08f3,0,0,official,principal
5783,1,1,0.8849664926528931,probability_native,0.8849664926528931,u_0aa7cc794c8e08f3,0,0,official,principal
4822,0,0,0.03713133931159973,probability_native,0.03713133931159973,u_0aa7cc794c8e08f3,0,0,official,principal
3828,0,0,0.029782772064208984,probability_native,0.029782772064208984,u_0aa7cc794c8e08f3,0,0,official,principal
1173,1,1,0.6554107666015625,probability_native,0.6554107666015625,u_0aa7cc794c8e08f3,0,0,official,principal
6865,0,0,0.09565813094377518,probability_native,0.09565813094377518,u_0aa7cc794c8e08f3,0,0,official,principal
2056,0,0,0.33340582251548767,probability_native,0.33340582251548767,u_0aa7cc794c8e08f3,0,0,official,principal
6036,0,0,0.15651434659957886,probability_native,0.15651434659957886,u_0aa7cc794c8e08f3,0,0,official,principal
1235,0,0,0.2274797111749649,probability_native,0.2274797111749649,u_0aa7cc794c8e08f3,0,0,official,principal
6252,0,0,0.1774735301733017,probability_native,0.1774735301733017,u_0aa7cc794c8e08f3,0,0,official,principal
5278,0,0,0.3153478503227234,probability_native,0.3153478503227234,u_0aa7cc794c8e08f3,0,0,official,principal
2876,0,0,0.08938535302877426,probability_native,0.08938535302877426,u_0aa7cc794c8e08f3,0,0,official,principal
6926,1,1,0.5275833606719971,probability_native,0.5275833606719971,u_0aa7cc794c8e08f3,0,0,official,principal
1862,0,0,0.34030765295028687,probability_native,0.34030765295028687,u_0aa7cc794c8e08f3,0,0,official,principal
43,0,0,0.03411759436130524,probability_native,0.03411759436130524,u_0aa7cc794c8e08f3,0,0,official,principal
1984,1,1,0.6039589643478394,probability_native,0.6039589643478394,u_0aa7cc794c8e08f3,0,0,official,principal
3826,0,0,0.19426646828651428,probability_native,0.19426646828651428,u_0aa7cc794c8e08f3,0,0,official,principal
6186,1,0,0.26529890298843384,probability_native,0.26529890298843384,u_0aa7cc794c8e08f3,0,0,official,principal
6113,0,0,0.493818998336792,probability_native,0.493818998336792,u_0aa7cc794c8e08f3,0,0,official,principal
127,0,0,0.031700119376182556,probability_native,0.031700119376182556,u_0aa7cc794c8e08f3,0,0,official,principal
5004,0,1,0.5981383323669434,probability_native,0.5981383323669434,u_0aa7cc794c8e08f3,0,0,official,principal
1784,1,0,0.30456721782684326,probability_native,0.30456721782684326,u_0aa7cc794c8e08f3,0,0,official,principal
2354,0,0,0.06059025228023529,probability_native,0.06059025228023529,u_0aa7cc794c8e08f3,0,0,official,principal
299,1,1,0.6536278128623962,probability_native,0.6536278128623962,u_0aa7cc794c8e08f3,0,0,official,principal
5069,1,1,0.7812968492507935,probability_native,0.7812968492507935,u_0aa7cc794c8e08f3,0,0,official,principal
3989,0,1,0.5192787647247314,probability_native,0.5192787647247314,u_0aa7cc794c8e08f3,0,0,official,principal
2223,1,1,0.7046976685523987,probability_native,0.7046976685523987,u_0aa7cc794c8e08f3,0,0,official,principal
5929,0,0,0.41884931921958923,probability_native,0.41884931921958923,u_0aa7cc794c8e08f3,0,0,official,principal
3348,0,0,0.44086259603500366,probability_native,0.44086259603500366,u_0aa7cc794c8e08f3,0,0,official,principal
837,1,1,0.7000196576118469,probability_native,0.7000196576118469,u_0aa7cc794c8e08f3,0,0,official,principal
801,1,1,0.8331946730613708,probability_native,0.8331946730613708,u_0aa7cc794c8e08f3,0,0,official,principal
5497,1,0,0.18220600485801697,probability_native,0.18220600485801697,u_0aa7cc794c8e08f3,0,0,official,principal
2815,1,1,0.7155397534370422,probability_native,0.7155397534370422,u_0aa7cc794c8e08f3,0,0,official,principal
5548,0,0,0.037344977259635925,probability_native,0.037344977259635925,u_0aa7cc794c8e08f3,0,0,official,principal
5246,1,1,0.8381422758102417,probability_native,0.8381422758102417,u_0aa7cc794c8e08f3,0,0,official,principal
2250,0,0,0.06298239529132843,probability_native,0.06298239529132843,u_0aa7cc794c8e08f3,0,0,official,principal
1249,1,1,0.7000196576118469,probability_native,0.7000196576118469,u_0aa7cc794c8e08f3,0,0,official,principal
4529,0,0,0.38677576184272766,probability_native,0.38677576184272766,u_0aa7cc794c8e08f3,0,0,official,principal
5874,1,1,0.8816176652908325,probability_native,0.8816176652908325,u_0aa7cc794c8e08f3,0,0,official,principal
6543,0,0,0.03675706312060356,probability_native,0.03675706312060356,u_0aa7cc794c8e08f3,0,0,official,principal
3597,0,0,0.4844704568386078,probability_native,0.4844704568386078,u_0aa7cc794c8e08f3,0,0,official,principal
934,0,0,0.16249191761016846,probability_native,0.16249191761016846,u_0aa7cc794c8e08f3,0,0,official,principal
96,0,0,0.023110613226890564,probability_native,0.023110613226890564,u_0aa7cc794c8e08f3,0,0,official,principal
5276,0,0,0.04079360142350197,probability_native,0.04079360142350197,u_0aa7cc794c8e08f3,0,0,official,principal
173,1,0,0.37117040157318115,probability_native,0.37117040157318115,u_0aa7cc794c8e08f3,0,0,official,principal
1986,0,0,0.07287328690290451,probability_native,0.07287328690290451,u_0aa7cc794c8e08f3,0,0,official,principal
1940,0,0,0.06044599413871765,probability_native,0.06044599413871765,u_0aa7cc794c8e08f3,0,0,official,principal
4839,1,1,0.739601731300354,probability_native,0.739601731300354,u_0aa7cc794c8e08f3,0,0,official,principal
4000,0,1,0.7889995574951172,probability_native,0.7889995574951172,u_0aa7cc794c8e08f3,0,0,official,principal
1527,0,0,0.015421156771481037,probability_native,0.015421156771481037,u_0aa7cc794c8e08f3,0,0,official,principal
5903,0,0,0.059743549674749374,probability_native,0.059743549674749374,u_0aa7cc794c8e08f3,0,0,official,principal
186,0,0,0.32955965399742126,probability_native,0.32955965399742126,u_0aa7cc794c8e08f3,0,0,official,principal
4964,1,1,0.5281534790992737,probability_native,0.5281534790992737,u_0aa7cc794c8e08f3,0,0,official,principal
4595,0,0,0.03166705742478371,probability_native,0.03166705742478371,u_0aa7cc794c8e08f3,0,0,official,principal
1562,0,0,0.26168251037597656,probability_native,0.26168251037597656,u_0aa7cc794c8e08f3,0,0,official,principal
4698,1,0,0.09350511431694031,probability_native,0.09350511431694031,u_0aa7cc794c8e08f3,0,0,official,principal
5040,0,0,0.33350706100463867,probability_native,0.33350706100463867,u_0aa7cc794c8e08f3,0,0,official,principal
3756,1,1,0.7509967088699341,probability_native,0.7509967088699341,u_0aa7cc794c8e08f3,0,0,official,principal
5870,1,0,0.3727618157863617,probability_native,0.3727618157863617,u_0aa7cc794c8e08f3,0,0,official,principal
5024,0,0,0.02325712889432907,probability_native,0.02325712889432907,u_0aa7cc794c8e08f3,0,0,official,principal
6629,0,0,0.028468359261751175,probability_native,0.028468359261751175,u_0aa7cc794c8e08f3,0,0,official,principal
6350,0,0,0.36035996675491333,probability_native,0.36035996675491333,u_0aa7cc794c8e08f3,0,0,official,principal
2501,0,0,0.031195133924484253,probability_native,0.031195133924484253,u_0aa7cc794c8e08f3,0,0,official,principal
2795,1,1,0.8421027064323425,probability_native,0.8421027064323425,u_0aa7cc794c8e08f3,0,0,official,principal
4334,0,1,0.5459300875663757,probability_native,0.5459300875663757,u_0aa7cc794c8e08f3,0,0,official,principal
5708,0,1,0.6346251964569092,probability_native,0.6346251964569092,u_0aa7cc794c8e08f3,0,0,official,principal
5702,1,0,0.2207724153995514,probability_native,0.2207724153995514,u_0aa7cc794c8e08f3,0,0,official,principal
3025,0,0,0.02595164254307747,probability_native,0.02595164254307747,u_0aa7cc794c8e08f3,0,0,official,principal
2756,1,1,0.5485846400260925,probability_native,0.5485846400260925,u_0aa7cc794c8e08f3,0,0,official,principal
241,0,0,0.0978812500834465,probability_native,0.0978812500834465,u_0aa7cc794c8e08f3,0,0,official,principal
117,1,1,0.755928635597229,probability_native,0.755928635597229,u_0aa7cc794c8e08f3,0,0,official,principal
3684,0,1,0.5122268795967102,probability_native,0.5122268795967102,u_0aa7cc794c8e08f3,0,0,official,principal
3685,0,0,0.11078140139579773,probability_native,0.11078140139579773,u_0aa7cc794c8e08f3,0,0,official,principal
1429,0,0,0.028440315276384354,probability_native,0.028440315276384354,u_0aa7cc794c8e08f3,0,0,official,principal
5330,1,1,0.6260567307472229,probability_native,0.6260567307472229,u_0aa7cc794c8e08f3,0,0,official,principal
252,1,1,0.7151790857315063,probability_native,0.7151790857315063,u_0aa7cc794c8e08f3,0,0,official,principal
4188,1,1,0.7042467594146729,probability_native,0.7042467594146729,u_0aa7cc794c8e08f3,0,0,official,principal
6961,1,1,0.5128706693649292,probability_native,0.5128706693649292,u_0aa7cc794c8e08f3,0,0,official,principal
2410,0,0,0.4717155396938324,probability_native,0.4717155396938324,u_0aa7cc794c8e08f3,0,0,official,principal
71,0,0,0.10087563842535019,probability_native,0.10087563842535019,u_0aa7cc794c8e08f3,0,0,official,principal
3917,1,1,0.8204699754714966,probability_native,0.8204699754714966,u_0aa7cc794c8e08f3,0,0,official,principal
6241,1,1,0.7253147959709167,probability_native,0.7253147959709167,u_0aa7cc794c8e08f3,0,0,official,principal
4335,0,1,0.7698387503623962,probability_native,0.7698387503623962,u_0aa7cc794c8e08f3,0,0,official,principal
5267,0,0,0.10846550762653351,probability_native,0.10846550762653351,u_0aa7cc794c8e08f3,0,0,official,principal
5947,1,0,0.034460339695215225,probability_native,0.034460339695215225,u_0aa7cc794c8e08f3,0,0,official,principal
1482,0,1,0.8388944268226624,probability_native,0.8388944268226624,u_0aa7cc794c8e08f3,0,0,official,principal
3222,0,1,0.5822021961212158,probability_native,0.5822021961212158,u_0aa7cc794c8e08f3,0,0,official,principal
6923,0,0,0.08534163981676102,probability_native,0.08534163981676102,u_0aa7cc794c8e08f3,0,0,official,principal
2587,0,0,0.03516656905412674,probability_native,0.03516656905412674,u_0aa7cc794c8e08f3,0,0,official,principal
5771,0,0,0.19522689282894135,probability_native,0.19522689282894135,u_0aa7cc794c8e08f3,0,0,official,principal
99,1,1,0.7146573662757874,probability_native,0.7146573662757874,u_0aa7cc794c8e08f3,0,0,official,principal
6464,0,0,0.2534525394439697,probability_native,0.2534525394439697,u_0aa7cc794c8e08f3,0,0,official,principal
1356,0,1,0.7738798260688782,probability_native,0.7738798260688782,u_0aa7cc794c8e08f3,0,0,official,principal
6989,0,0,0.12111459672451019,probability_native,0.12111459672451019,u_0aa7cc794c8e08f3,0,0,official,principal
2492,1,0,0.4395345449447632,probability_native,0.4395345449447632,u_0aa7cc794c8e08f3,0,0,official,principal
1981,1,1,0.5110309720039368,probability_native,0.5110309720039368,u_0aa7cc794c8e08f3,0,0,official,principal
3833,0,0,0.453689306974411,probability_native,0.453689306974411,u_0aa7cc794c8e08f3,0,0,official,principal
1138,0,0,0.33233481645584106,probability_native,0.33233481645584106,u_0aa7cc794c8e08f3,0,0,official,principal
2746,0,0,0.024068422615528107,probability_native,0.024068422615528107,u_0aa7cc794c8e08f3,0,0,official,principal
2336,1,1,0.5772993564605713,probability_native,0.5772993564605713,u_0aa7cc794c8e08f3,0,0,official,principal
6338,0,1,0.617003321647644,probability_native,0.617003321647644,u_0aa7cc794c8e08f3,0,0,official,principal
5171,0,0,0.3240392208099365,probability_native,0.3240392208099365,u_0aa7cc794c8e08f3,0,0,official,principal
2395,0,1,0.5091752409934998,probability_native,0.5091752409934998,u_0aa7cc794c8e08f3,0,0,official,principal
2738,0,0,0.04125503823161125,probability_native,0.04125503823161125,u_0aa7cc794c8e08f3,0,0,official,principal
1066,0,0,0.03914785385131836,probability_native,0.03914785385131836,u_0aa7cc794c8e08f3,0,0,official,principal
1342,0,0,0.07972756028175354,probability_native,0.07972756028175354,u_0aa7cc794c8e08f3,0,0,official,principal
4547,0,1,0.5058542490005493,probability_native,0.5058542490005493,u_0aa7cc794c8e08f3,0,0,official,principal
1666,0,0,0.08657100051641464,probability_native,0.08657100051641464,u_0aa7cc794c8e08f3,0,0,official,principal
2668,1,0,0.43385785818099976,probability_native,0.43385785818099976,u_0aa7cc794c8e08f3,0,0,official,principal
2119,0,0,0.06046869233250618,probability_native,0.06046869233250618,u_0aa7cc794c8e08f3,0,0,official,principal
534,1,1,0.8995029330253601,probability_native,0.8995029330253601,u_0aa7cc794c8e08f3,0,0,official,principal
2937,0,0,0.3584887385368347,probability_native,0.3584887385368347,u_0aa7cc794c8e08f3,0,0,official,principal
3352,1,1,0.8638343214988708,probability_native,0.8638343214988708,u_0aa7cc794c8e08f3,0,0,official,principal
561,0,1,0.5069061517715454,probability_native,0.5069061517715454,u_0aa7cc794c8e08f3,0,0,official,principal
1215,1,1,0.8119004964828491,probability_native,0.8119004964828491,u_0aa7cc794c8e08f3,0,0,official,principal
3144,0,0,0.2101588398218155,probability_native,0.2101588398218155,u_0aa7cc794c8e08f3,0,0,official,principal
4522,0,0,0.051901765167713165,probability_native,0.051901765167713165,u_0aa7cc794c8e08f3,0,0,official,principal
2692,0,0,0.4426124095916748,probability_native,0.4426124095916748,u_0aa7cc794c8e08f3,0,0,official,principal
5420,0,0,0.12292405217885971,probability_native,0.12292405217885971,u_0aa7cc794c8e08f3,0,0,official,principal
3639,0,0,0.41680917143821716,probability_native,0.41680917143821716,u_0aa7cc794c8e08f3,0,0,official,principal
243,0,0,0.30923551321029663,probability_native,0.30923551321029663,u_0aa7cc794c8e08f3,0,0,official,principal
1281,0,0,0.0757647380232811,probability_native,0.0757647380232811,u_0aa7cc794c8e08f3,0,0,official,principal
6243,0,0,0.01918283849954605,probability_native,0.01918283849954605,u_0aa7cc794c8e08f3,0,0,official,principal
4903,1,1,0.8520498275756836,probability_native,0.8520498275756836,u_0aa7cc794c8e08f3,0,0,official,principal
6591,1,1,0.7322596907615662,probability_native,0.7322596907615662,u_0aa7cc794c8e08f3,0,0,official,principal
3238,0,0,0.020215431228280067,probability_native,0.020215431228280067,u_0aa7cc794c8e08f3,0,0,official,principal
6095,0,0,0.3795735538005829,probability_native,0.3795735538005829,u_0aa7cc794c8e08f3,0,0,official,principal
646,1,1,0.7526408433914185,probability_native,0.7526408433914185,u_0aa7cc794c8e08f3,0,0,official,principal
6983,0,0,0.24060845375061035,probability_native,0.24060845375061035,u_0aa7cc794c8e08f3,0,0,official,principal
757,0,0,0.3457883596420288,probability_native,0.3457883596420288,u_0aa7cc794c8e08f3,0,0,official,principal
6737,0,0,0.21898560225963593,probability_native,0.21898560225963593,u_0aa7cc794c8e08f3,0,0,official,principal
242,0,0,0.09404616802930832,probability_native,0.09404616802930832,u_0aa7cc794c8e08f3,0,0,official,principal
3256,0,0,0.04866346716880798,probability_native,0.04866346716880798,u_0aa7cc794c8e08f3,0,0,official,principal
6925,0,0,0.05354277789592743,probability_native,0.05354277789592743,u_0aa7cc794c8e08f3,0,0,official,principal
1927,1,0,0.47452884912490845,probability_native,0.47452884912490845,u_0aa7cc794c8e08f3,0,0,official,principal
6001,0,1,0.7478910684585571,probability_native,0.7478910684585571,u_0aa7cc794c8e08f3,0,0,official,principal
4643,0,1,0.6582671999931335,probability_native,0.6582671999931335,u_0aa7cc794c8e08f3,0,0,official,principal
4110,0,0,0.029305066913366318,probability_native,0.029305066913366318,u_0aa7cc794c8e08f3,0,0,official,principal
611,1,0,0.16750767827033997,probability_native,0.16750767827033997,u_0aa7cc794c8e08f3,0,0,official,principal
4917,0,0,0.1513054370880127,probability_native,0.1513054370880127,u_0aa7cc794c8e08f3,0,0,official,principal
4937,0,0,0.0894813984632492,probability_native,0.0894813984632492,u_0aa7cc794c8e08f3,0,0,official,principal
2392,0,1,0.6174982190132141,probability_native,0.6174982190132141,u_0aa7cc794c8e08f3,0,0,official,principal
3378,0,0,0.014987622387707233,probability_native,0.014987622387707233,u_0aa7cc794c8e08f3,0,0,official,principal
345,0,1,0.8898943066596985,probability_native,0.8898943066596985,u_0aa7cc794c8e08f3,0,0,official,principal
3356,1,0,0.48976433277130127,probability_native,0.48976433277130127,u_0aa7cc794c8e08f3,0,0,official,principal
6508,1,1,0.705022931098938,probability_native,0.705022931098938,u_0aa7cc794c8e08f3,0,0,official,principal
1503,0,0,0.4632718563079834,probability_native,0.4632718563079834,u_0aa7cc794c8e08f3,0,0,official,principal
2611,1,1,0.8078868389129639,probability_native,0.8078868389129639,u_0aa7cc794c8e08f3,0,0,official,principal
6580,0,0,0.08832819759845734,probability_native,0.08832819759845734,u_0aa7cc794c8e08f3,0,0,official,principal
3093,0,0,0.07558135688304901,probability_native,0.07558135688304901,u_0aa7cc794c8e08f3,0,0,official,principal
3385,1,1,0.877407431602478,probability_native,0.877407431602478,u_0aa7cc794c8e08f3,0,0,official,principal
5428,1,1,0.7637537717819214,probability_native,0.7637537717819214,u_0aa7cc794c8e08f3,0,0,official,principal
5602,0,0,0.1604568362236023,probability_native,0.1604568362236023,u_0aa7cc794c8e08f3,0,0,official,principal
6439,0,0,0.4222487509250641,probability_native,0.4222487509250641,u_0aa7cc794c8e08f3,0,0,official,principal
167,0,0,0.022052718326449394,probability_native,0.022052718326449394,u_0aa7cc794c8e08f3,0,0,official,principal
2862,1,1,0.8250011205673218,probability_native,0.8250011205673218,u_0aa7cc794c8e08f3,0,0,official,principal
756,0,0,0.036334726959466934,probability_native,0.036334726959466934,u_0aa7cc794c8e08f3,0,0,official,principal
4005,1,1,0.6515684723854065,probability_native,0.6515684723854065,u_0aa7cc794c8e08f3,0,0,official,principal
2316,0,0,0.2880978286266327,probability_native,0.2880978286266327,u_0aa7cc794c8e08f3,0,0,official,principal
5296,0,0,0.07120206207036972,probability_native,0.07120206207036972,u_0aa7cc794c8e08f3,0,0,official,principal
2863,0,1,0.7000196576118469,probability_native,0.7000196576118469,u_0aa7cc794c8e08f3,0,0,official,principal
2461,0,0,0.05156929790973663,probability_native,0.05156929790973663,u_0aa7cc794c8e08f3,0,0,official,principal
705,1,0,0.30386051535606384,probability_native,0.30386051535606384,u_0aa7cc794c8e08f3,0,0,official,principal
1229,0,0,0.035869792103767395,probability_native,0.035869792103767395,u_0aa7cc794c8e08f3,0,0,official,principal
2689,0,0,0.0612872838973999,probability_native,0.0612872838973999,u_0aa7cc794c8e08f3,0,0,official,principal
6895,0,0,0.034250907599925995,probability_native,0.034250907599925995,u_0aa7cc794c8e08f3,0,0,official,principal
6461,0,0,0.4330175518989563,probability_native,0.4330175518989563,u_0aa7cc794c8e08f3,0,0,official,principal
5099,1,0,0.11880876868963242,probability_native,0.11880876868963242,u_0aa7cc794c8e08f3,0,0,official,principal
4712,0,0,0.33372512459754944,probability_native,0.33372512459754944,u_0aa7cc794c8e08f3,0,0,official,principal
274,1,1,0.781367838382721,probability_native,0.781367838382721,u_0aa7cc794c8e08f3,0,0,official,principal
5368,1,1,0.8235142230987549,probability_native,0.8235142230987549,u_0aa7cc794c8e08f3,0,0,official,principal
1223,1,1,0.862051784992218,probability_native,0.862051784992218,u_0aa7cc794c8e08f3,0,0,official,principal
3444,0,0,0.08467505872249603,probability_native,0.08467505872249603,u_0aa7cc794c8e08f3,0,0,official,principal
6163,0,1,0.7689189910888672,probability_native,0.7689189910888672,u_0aa7cc794c8e08f3,0,0,official,principal
1742,1,1,0.754214882850647,probability_native,0.754214882850647,u_0aa7cc794c8e08f3,0,0,official,principal
5750,1,1,0.7721356153488159,probability_native,0.7721356153488159,u_0aa7cc794c8e08f3,0,0,official,principal
4435,0,1,0.5962710380554199,probability_native,0.5962710380554199,u_0aa7cc794c8e08f3,0,0,official,principal
6046,0,1,0.744482159614563,probability_native,0.744482159614563,u_0aa7cc794c8e08f3,0,0,official,principal
5088,0,0,0.019815292209386826,probability_native,0.019815292209386826,u_0aa7cc794c8e08f3,0,0,official,principal
5416,0,0,0.37124836444854736,probability_native,0.37124836444854736,u_0aa7cc794c8e08f3,0,0,official,principal
459,0,1,0.8915044069290161,probability_native,0.8915044069290161,u_0aa7cc794c8e08f3,0,0,official,principal
6295,0,0,0.021783944219350815,probability_native,0.021783944219350815,u_0aa7cc794c8e08f3,0,0,official,principal
2941,0,0,0.04185923933982849,probability_native,0.04185923933982849,u_0aa7cc794c8e08f3,0,0,official,principal
2284,0,0,0.36989057064056396,probability_native,0.36989057064056396,u_0aa7cc794c8e08f3,0,0,official,principal
3608,1,1,0.5627923607826233,probability_native,0.5627923607826233,u_0aa7cc794c8e08f3,0,0,official,principal
6742,0,0,0.05908466875553131,probability_native,0.05908466875553131,u_0aa7cc794c8e08f3,0,0,official,principal
2628,0,1,0.6009950041770935,probability_native,0.6009950041770935,u_0aa7cc794c8e08f3,0,0,official,principal
2713,0,1,0.617003321647644,probability_native,0.617003321647644,u_0aa7cc794c8e08f3,0,0,official,principal
1800,0,1,0.7526408433914185,probability_native,0.7526408433914185,u_0aa7cc794c8e08f3,0,0,official,principal
2469,0,0,0.061455752700567245,probability_native,0.061455752700567245,u_0aa7cc794c8e08f3,0,0,official,principal
3321,0,0,0.03213956952095032,probability_native,0.03213956952095032,u_0aa7cc794c8e08f3,0,0,official,principal
823,0,0,0.49695920944213867,probability_native,0.49695920944213867,u_0aa7cc794c8e08f3,0,0,official,principal
952,0,0,0.15543495118618011,probability_native,0.15543495118618011,u_0aa7cc794c8e08f3,0,0,official,principal
1198,0,0,0.04893016442656517,probability_native,0.04893016442656517,u_0aa7cc794c8e08f3,0,0,official,principal
3758,0,1,0.6065717935562134,probability_native,0.6065717935562134,u_0aa7cc794c8e08f3,0,0,official,principal
1361,1,1,0.7500962615013123,probability_native,0.7500962615013123,u_0aa7cc794c8e08f3,0,0,official,principal
2575,0,0,0.08976594358682632,probability_native,0.08976594358682632,u_0aa7cc794c8e08f3,0,0,official,principal
81,0,0,0.3497771918773651,probability_native,0.3497771918773651,u_0aa7cc794c8e08f3,0,0,official,principal
56,0,0,0.22303645312786102,probability_native,0.22303645312786102,u_0aa7cc794c8e08f3,0,0,official,principal
5461,0,0,0.04626048356294632,probability_native,0.04626048356294632,u_0aa7cc794c8e08f3,0,0,official,principal
3116,0,0,0.20035631954669952,probability_native,0.20035631954669952,u_0aa7cc794c8e08f3,0,0,official,principal
4767,0,0,0.21612782776355743,probability_native,0.21612782776355743,u_0aa7cc794c8e08f3,0,0,official,principal
114,0,0,0.0756545215845108,probability_native,0.0756545215845108,u_0aa7cc794c8e08f3,0,0,official,principal
5005,1,0,0.21970653533935547,probability_native,0.21970653533935547,u_0aa7cc794c8e08f3,0,0,official,principal
5591,1,1,0.8612425923347473,probability_native,0.8612425923347473,u_0aa7cc794c8e08f3,0,0,official,principal
1786,1,0,0.31865164637565613,probability_native,0.31865164637565613,u_0aa7cc794c8e08f3,0,0,official,principal
836,0,0,0.0456208810210228,probability_native,0.0456208810210228,u_0aa7cc794c8e08f3,0,0,official,principal
2273,0,0,0.051901765167713165,probability_native,0.051901765167713165,u_0aa7cc794c8e08f3,0,0,official,principal
2114,0,0,0.15912534296512604,probability_native,0.15912534296512604,u_0aa7cc794c8e08f3,0,0,official,principal
395,0,0,0.04971864074468613,probability_native,0.04971864074468613,u_0aa7cc794c8e08f3,0,0,official,principal
6758,0,0,0.15866461396217346,probability_native,0.15866461396217346,u_0aa7cc794c8e08f3,0,0,official,principal
6700,0,0,0.15098606050014496,probability_native,0.15098606050014496,u_0aa7cc794c8e08f3,0,0,official,principal
1413,0,0,0.022878436371684074,probability_native,0.022878436371684074,u_0aa7cc794c8e08f3,0,0,official,principal
5685,0,0,0.03344767913222313,probability_native,0.03344767913222313,u_0aa7cc794c8e08f3,0,0,official,principal
3858,0,0,0.1297207772731781,probability_native,0.1297207772731781,u_0aa7cc794c8e08f3,0,0,official,principal
6129,0,0,0.4520740807056427,probability_native,0.4520740807056427,u_0aa7cc794c8e08f3,0,0,official,principal
4968,0,0,0.1119443029165268,probability_native,0.1119443029165268,u_0aa7cc794c8e08f3,0,0,official,principal
5550,0,0,0.06995975971221924,probability_native,0.06995975971221924,u_0aa7cc794c8e08f3,0,0,official,principal
4262,1,0,0.47901463508605957,probability_native,0.47901463508605957,u_0aa7cc794c8e08f3,0,0,official,principal
4641,0,1,0.7005347013473511,probability_native,0.7005347013473511,u_0aa7cc794c8e08f3,0,0,official,principal
4944,0,0,0.25142431259155273,probability_native,0.25142431259155273,u_0aa7cc794c8e08f3,0,0,official,principal
6897,0,0,0.29227781295776367,probability_native,0.29227781295776367,u_0aa7cc794c8e08f3,0,0,official,principal
5292,0,0,0.07752206921577454,probability_native,0.07752206921577454,u_0aa7cc794c8e08f3,0,0,official,principal
4590,0,0,0.07086630910634995,probability_native,0.07086630910634995,u_0aa7cc794c8e08f3,0,0,official,principal
1425,0,1,0.5261914134025574,probability_native,0.5261914134025574,u_0aa7cc794c8e08f3,0,0,official,principal
6442,0,0,0.04585270211100578,probability_native,0.04585270211100578,u_0aa7cc794c8e08f3,0,0,official,principal
86,0,0,0.1368638575077057,probability_native,0.1368638575077057,u_0aa7cc794c8e08f3,0,0,official,principal
6807,0,0,0.07170392572879791,probability_native,0.07170392572879791,u_0aa7cc794c8e08f3,0,0,official,principal
639,1,1,0.867796778678894,probability_native,0.867796778678894,u_0aa7cc794c8e08f3,0,0,official,principal
6020,0,0,0.07235106825828552,probability_native,0.07235106825828552,u_0aa7cc794c8e08f3,0,0,official,principal
1300,0,0,0.12102562934160233,probability_native,0.12102562934160233,u_0aa7cc794c8e08f3,0,0,official,principal
2661,0,0,0.026552971452474594,probability_native,0.026552971452474594,u_0aa7cc794c8e08f3,0,0,official,principal
5658,0,1,0.799979567527771,probability_native,0.799979567527771,u_0aa7cc794c8e08f3,0,0,official,principal
3407,0,0,0.03988853469491005,probability_native,0.03988853469491005,u_0aa7cc794c8e08f3,0,0,official,principal
4002,0,0,0.010100498795509338,probability_native,0.010100498795509338,u_0aa7cc794c8e08f3,0,0,official,principal
3066,0,1,0.7658775448799133,probability_native,0.7658775448799133,u_0aa7cc794c8e08f3,0,0,official,principal
2893,1,0,0.2887645661830902,probability_native,0.2887645661830902,u_0aa7cc794c8e08f3,0,0,official,principal
4649,0,0,0.0681845173239708,probability_native,0.0681845173239708,u_0aa7cc794c8e08f3,0,0,official,principal
5932,1,1,0.8560377955436707,probability_native,0.8560377955436707,u_0aa7cc794c8e08f3,0,0,official,principal
2061,1,0,0.4565407633781433,probability_native,0.4565407633781433,u_0aa7cc794c8e08f3,0,0,official,principal
5739,0,0,0.12331992387771606,probability_native,0.12331992387771606,u_0aa7cc794c8e08f3,0,0,official,principal
5945,0,0,0.2060299813747406,probability_native,0.2060299813747406,u_0aa7cc794c8e08f3,0,0,official,principal
547,0,0,0.337159126996994,probability_native,0.337159126996994,u_0aa7cc794c8e08f3,0,0,official,principal
4966,0,0,0.20960457623004913,probability_native,0.20960457623004913,u_0aa7cc794c8e08f3,0,0,official,principal
5901,1,1,0.5032563805580139,probability_native,0.5032563805580139,u_0aa7cc794c8e08f3,0,0,official,principal
88,0,0,0.028952550143003464,probability_native,0.028952550143003464,u_0aa7cc794c8e08f3,0,0,official,principal
4451,0,1,0.6495698690414429,probability_native,0.6495698690414429,u_0aa7cc794c8e08f3,0,0,official,principal
5441,1,0,0.021215258166193962,probability_native,0.021215258166193962,u_0aa7cc794c8e08f3,0,0,official,principal
3502,0,0,0.32642102241516113,probability_native,0.32642102241516113,u_0aa7cc794c8e08f3,0,0,official,principal
6936,1,1,0.7907759547233582,probability_native,0.7907759547233582,u_0aa7cc794c8e08f3,0,0,official,principal
1268,1,0,0.42173975706100464,probability_native,0.42173975706100464,u_0aa7cc794c8e08f3,0,0,official,principal
1211,1,0,0.4692278206348419,probability_native,0.4692278206348419,u_0aa7cc794c8e08f3,0,0,official,principal
549,0,0,0.15794558823108673,probability_native,0.15794558823108673,u_0aa7cc794c8e08f3,0,0,official,principal
5251,1,1,0.764224648475647,probability_native,0.764224648475647,u_0aa7cc794c8e08f3,0,0,official,principal
67,0,0,0.0548890084028244,probability_native,0.0548890084028244,u_0aa7cc794c8e08f3,0,0,official,principal
3275,0,0,0.042132630944252014,probability_native,0.042132630944252014,u_0aa7cc794c8e08f3,0,0,official,principal
897,0,0,0.35769394040107727,probability_native,0.35769394040107727,u_0aa7cc794c8e08f3,0,0,official,principal
50,0,1,0.676241934299469,probability_native,0.676241934299469,u_0aa7cc794c8e08f3,0,0,official,principal
2171,0,1,0.6508191227912903,probability_native,0.6508191227912903,u_0aa7cc794c8e08f3,0,0,official,principal
3660,0,0,0.28723326325416565,probability_native,0.28723326325416565,u_0aa7cc794c8e08f3,0,0,official,principal
5604,0,1,0.751960277557373,probability_native,0.751960277557373,u_0aa7cc794c8e08f3,0,0,official,principal
6405,0,0,0.3221668303012848,probability_native,0.3221668303012848,u_0aa7cc794c8e08f3,0,0,official,principal
1293,0,0,0.19454960525035858,probability_native,0.19454960525035858,u_0aa7cc794c8e08f3,0,0,official,principal
5546,0,0,0.2967272102832794,probability_native,0.2967272102832794,u_0aa7cc794c8e08f3,0,0,official,principal
4204,0,1,0.8209452033042908,probability_native,0.8209452033042908,u_0aa7cc794c8e08f3,0,0,official,principal
3262,1,0,0.48627153038978577,probability_native,0.48627153038978577,u_0aa7cc794c8e08f3,0,0,official,principal
1055,0,0,0.05566931515932083,probability_native,0.05566931515932083,u_0aa7cc794c8e08f3,0,0,official,principal
467,0,0,0.22109076380729675,probability_native,0.22109076380729675,u_0aa7cc794c8e08f3,0,0,official,principal
1390,0,0,0.01041453331708908,probability_native,0.01041453331708908,u_0aa7cc794c8e08f3,0,0,official,principal
3612,0,1,0.7777663469314575,probability_native,0.7777663469314575,u_0aa7cc794c8e08f3,0,0,official,principal
4558,1,1,0.7485214471817017,probability_native,0.7485214471817017,u_0aa7cc794c8e08f3,0,0,official,principal
4086,0,0,0.00919159222394228,probability_native,0.00919159222394228,u_0aa7cc794c8e08f3,0,0,official,principal
3819,0,0,0.13138817250728607,probability_native,0.13138817250728607,u_0aa7cc794c8e08f3,0,0,official,principal
4493,0,0,0.029240721836686134,probability_native,0.029240721836686134,u_0aa7cc794c8e08f3,0,0,official,principal
2135,0,0,0.4436812996864319,probability_native,0.4436812996864319,u_0aa7cc794c8e08f3,0,0,official,principal
166,1,1,0.764224648475647,probability_native,0.764224648475647,u_0aa7cc794c8e08f3,0,0,official,principal
6087,0,0,0.13176849484443665,probability_native,0.13176849484443665,u_0aa7cc794c8e08f3,0,0,official,principal
3295,0,0,0.006302939727902412,probability_native,0.006302939727902412,u_0aa7cc794c8e08f3,0,0,official,principal
998,0,0,0.02275509014725685,probability_native,0.02275509014725685,u_0aa7cc794c8e08f3,0,0,official,principal
2374,0,0,0.35389700531959534,probability_native,0.35389700531959534,u_0aa7cc794c8e08f3,0,0,official,principal
5688,0,0,0.03542747721076012,probability_native,0.03542747721076012,u_0aa7cc794c8e08f3,0,0,official,principal
6916,0,0,0.024738715961575508,probability_native,0.024738715961575508,u_0aa7cc794c8e08f3,0,0,official,principal
5518,1,0,0.4675965905189514,probability_native,0.4675965905189514,u_0aa7cc794c8e08f3,0,0,official,principal
5742,0,0,0.07383791357278824,probability_native,0.07383791357278824,u_0aa7cc794c8e08f3,0,0,official,principal
614,0,0,0.06405775249004364,probability_native,0.06405775249004364,u_0aa7cc794c8e08f3,0,0,official,principal
515,1,0,0.46684369444847107,probability_native,0.46684369444847107,u_0aa7cc794c8e08f3,0,0,official,principal
4312,0,0,0.034225400537252426,probability_native,0.034225400537252426,u_0aa7cc794c8e08f3,0,0,official,principal
1758,0,0,0.0315832793712616,probability_native,0.0315832793712616,u_0aa7cc794c8e08f3,0,0,official,principal
3416,0,0,0.3418351113796234,probability_native,0.3418351113796234,u_0aa7cc794c8e08f3,0,0,official,principal
6413,1,0,0.49449118971824646,probability_native,0.49449118971824646,u_0aa7cc794c8e08f3,0,0,official,principal
6722,0,0,0.3006461560726166,probability_native,0.3006461560726166,u_0aa7cc794c8e08f3,0,0,official,principal
171,1,1,0.8328790664672852,probability_native,0.8328790664672852,u_0aa7cc794c8e08f3,0,0,official,principal
2483,1,0,0.4340735375881195,probability_native,0.4340735375881195,u_0aa7cc794c8e08f3,0,0,official,principal
2555,0,1,0.5800157785415649,probability_native,0.5800157785415649,u_0aa7cc794c8e08f3,0,0,official,principal
1507,0,0,0.03344729170203209,probability_native,0.03344729170203209,u_0aa7cc794c8e08f3,0,0,official,principal
5447,0,1,0.5526652336120605,probability_native,0.5526652336120605,u_0aa7cc794c8e08f3,0,0,official,principal
5920,0,1,0.7187306880950928,probability_native,0.7187306880950928,u_0aa7cc794c8e08f3,0,0,official,principal
5340,0,0,0.1165614128112793,probability_native,0.1165614128112793,u_0aa7cc794c8e08f3,0,0,official,principal
1570,0,0,0.024718372151255608,probability_native,0.024718372151255608,u_0aa7cc794c8e08f3,0,0,official,principal
5320,0,0,0.015140197239816189,probability_native,0.015140197239816189,u_0aa7cc794c8e08f3,0,0,official,principal
6080,1,1,0.6213799118995667,probability_native,0.6213799118995667,u_0aa7cc794c8e08f3,0,0,official,principal
6949,0,0,0.10014104098081589,probability_native,0.10014104098081589,u_0aa7cc794c8e08f3,0,0,official,principal
3049,1,0,0.3842927813529968,probability_native,0.3842927813529968,u_0aa7cc794c8e08f3,0,0,official,principal
5265,0,0,0.27030205726623535,probability_native,0.27030205726623535,u_0aa7cc794c8e08f3,0,0,official,principal
2769,1,0,0.1532704085111618,probability_native,0.1532704085111618,u_0aa7cc794c8e08f3,0,0,official,principal
1161,1,1,0.6476345062255859,probability_native,0.6476345062255859,u_0aa7cc794c8e08f3,0,0,official,principal
359,0,0,0.2946937680244446,probability_native,0.2946937680244446,u_0aa7cc794c8e08f3,0,0,official,principal
6198,0,0,0.02860289067029953,probability_native,0.02860289067029953,u_0aa7cc794c8e08f3,0,0,official,principal
4336,0,0,0.06651657074689865,probability_native,0.06651657074689865,u_0aa7cc794c8e08f3,0,0,official,principal
518,1,0,0.3349095582962036,probability_native,0.3349095582962036,u_0aa7cc794c8e08f3,0,0,official,principal
2570,1,1,0.633776068687439,probability_native,0.633776068687439,u_0aa7cc794c8e08f3,0,0,official,principal
4657,0,0,0.2931766211986542,probability_native,0.2931766211986542,u_0aa7cc794c8e08f3,0,0,official,principal
3264,0,1,0.6779401898384094,probability_native,0.6779401898384094,u_0aa7cc794c8e08f3,0,0,official,principal
4611,0,0,0.023921124637126923,probability_native,0.023921124637126923,u_0aa7cc794c8e08f3,0,0,official,principal
3529,0,1,0.8167330622673035,probability_native,0.8167330622673035,u_0aa7cc794c8e08f3,0,0,official,principal
482,0,1,0.7738110423088074,probability_native,0.7738110423088074,u_0aa7cc794c8e08f3,0,0,official,principal
3941,0,0,0.2905307710170746,probability_native,0.2905307710170746,u_0aa7cc794c8e08f3,0,0,official,principal
5299,1,1,0.5500474572181702,probability_native,0.5500474572181702,u_0aa7cc794c8e08f3,0,0,official,principal
2965,1,0,0.3421025574207306,probability_native,0.3421025574207306,u_0aa7cc794c8e08f3,0,0,official,principal
5835,0,0,0.023713471367955208,probability_native,0.023713471367955208,u_0aa7cc794c8e08f3,0,0,official,principal
2879,1,1,0.7286991477012634,probability_native,0.7286991477012634,u_0aa7cc794c8e08f3,0,0,official,principal
2335,0,1,0.5032007098197937,probability_native,0.5032007098197937,u_0aa7cc794c8e08f3,0,0,official,principal
2363,0,1,0.8141347765922546,probability_native,0.8141347765922546,u_0aa7cc794c8e08f3,0,0,official,principal
2129,1,1,0.8915044069290161,probability_native,0.8915044069290161,u_0aa7cc794c8e08f3,0,0,official,principal
3591,1,1,0.5687574148178101,probability_native,0.5687574148178101,u_0aa7cc794c8e08f3,0,0,official,principal
1652,0,0,0.2089642882347107,probability_native,0.2089642882347107,u_0aa7cc794c8e08f3,0,0,official,principal
4258,1,0,0.2824282944202423,probability_native,0.2824282944202423,u_0aa7cc794c8e08f3,0,0,official,principal
1753,0,0,0.01900961436331272,probability_native,0.01900961436331272,u_0aa7cc794c8e08f3,0,0,official,principal
6387,0,0,0.19333022832870483,probability_native,0.19333022832870483,u_0aa7cc794c8e08f3,0,0,official,principal
3695,0,1,0.6542971730232239,probability_native,0.6542971730232239,u_0aa7cc794c8e08f3,0,0,official,principal
322,0,1,0.8141347765922546,probability_native,0.8141347765922546,u_0aa7cc794c8e08f3,0,0,official,principal
6562,1,1,0.8384853005409241,probability_native,0.8384853005409241,u_0aa7cc794c8e08f3,0,0,official,principal
758,1,0,0.4838846027851105,probability_native,0.4838846027851105,u_0aa7cc794c8e08f3,0,0,official,principal
4318,0,0,0.18412208557128906,probability_native,0.18412208557128906,u_0aa7cc794c8e08f3,0,0,official,principal
6027,0,0,0.029302190989255905,probability_native,0.029302190989255905,u_0aa7cc794c8e08f3,0,0,official,principal
6652,0,0,0.034775007516145706,probability_native,0.034775007516145706,u_0aa7cc794c8e08f3,0,0,official,principal
1687,0,0,0.08235076814889908,probability_native,0.08235076814889908,u_0aa7cc794c8e08f3,0,0,official,principal
5780,0,0,0.03426164388656616,probability_native,0.03426164388656616,u_0aa7cc794c8e08f3,0,0,official,principal
3680,1,0,0.4095185101032257,probability_native,0.4095185101032257,u_0aa7cc794c8e08f3,0,0,official,principal
3203,0,0,0.013680152595043182,probability_native,0.013680152595043182,u_0aa7cc794c8e08f3,0,0,official,principal
6709,0,0,0.3682061433792114,probability_native,0.3682061433792114,u_0aa7cc794c8e08f3,0,0,official,principal
225,0,0,0.22024039924144745,probability_native,0.22024039924144745,u_0aa7cc794c8e08f3,0,0,official,principal
6550,1,1,0.7748196125030518,probability_native,0.7748196125030518,u_0aa7cc794c8e08f3,0,0,official,principal
5978,0,0,0.21172720193862915,probability_native,0.21172720193862915,u_0aa7cc794c8e08f3,0,0,official,principal
92,0,0,0.04468424990773201,probability_native,0.04468424990773201,u_0aa7cc794c8e08f3,0,0,official,principal
281,0,0,0.4241456687450409,probability_native,0.4241456687450409,u_0aa7cc794c8e08f3,0,0,official,principal
6558,1,0,0.15794558823108673,probability_native,0.15794558823108673,u_0aa7cc794c8e08f3,0,0,official,principal
4652,0,0,0.08518101274967194,probability_native,0.08518101274967194,u_0aa7cc794c8e08f3,0,0,official,principal
5833,0,0,0.28799909353256226,probability_native,0.28799909353256226,u_0aa7cc794c8e08f3,0,0,official,principal
5280,0,0,0.2505563199520111,probability_native,0.2505563199520111,u_0aa7cc794c8e08f3,0,0,official,principal
5203,0,0,0.46408677101135254,probability_native,0.46408677101135254,u_0aa7cc794c8e08f3,0,0,official,principal
5252,0,0,0.4849017262458801,probability_native,0.4849017262458801,u_0aa7cc794c8e08f3,0,0,official,principal
5137,0,0,0.49648672342300415,probability_native,0.49648672342300415,u_0aa7cc794c8e08f3,0,0,official,principal
7039,0,0,0.16844867169857025,probability_native,0.16844867169857025,u_0aa7cc794c8e08f3,0,0,official,principal
5986,0,1,0.7081373929977417,probability_native,0.7081373929977417,u_0aa7cc794c8e08f3,0,0,official,principal
1761,0,0,0.049463964998722076,probability_native,0.049463964998722076,u_0aa7cc794c8e08f3,0,0,official,principal
351,0,0,0.10714436322450638,probability_native,0.10714436322450638,u_0aa7cc794c8e08f3,0,0,official,principal
3296,0,0,0.29653194546699524,probability_native,0.29653194546699524,u_0aa7cc794c8e08f3,0,0,official,principal
2364,0,1,0.7865539193153381,probability_native,0.7865539193153381,u_0aa7cc794c8e08f3,0,0,official,principal
3192,0,0,0.03658665716648102,probability_native,0.03658665716648102,u_0aa7cc794c8e08f3,0,0,official,principal
5151,0,0,0.31587478518486023,probability_native,0.31587478518486023,u_0aa7cc794c8e08f3,0,0,official,principal
3847,0,0,0.25532010197639465,probability_native,0.25532010197639465,u_0aa7cc794c8e08f3,0,0,official,principal
1690,0,0,0.23885802924633026,probability_native,0.23885802924633026,u_0aa7cc794c8e08f3,0,0,official,principal
1234,0,0,0.20337273180484772,probability_native,0.20337273180484772,u_0aa7cc794c8e08f3,0,0,official,principal
2053,1,0,0.4564431607723236,probability_native,0.4564431607723236,u_0aa7cc794c8e08f3,0,0,official,principal
5620,0,0,0.14880278706550598,probability_native,0.14880278706550598,u_0aa7cc794c8e08f3,0,0,official,principal
5811,0,0,0.0814487561583519,probability_native,0.0814487561583519,u_0aa7cc794c8e08f3,0,0,official,principal
366,0,0,0.3137439787387848,probability_native,0.3137439787387848,u_0aa7cc794c8e08f3,0,0,official,principal
2452,1,1,0.6116763949394226,probability_native,0.6116763949394226,u_0aa7cc794c8e08f3,0,0,official,principal
3548,0,0,0.07997561246156693,probability_native,0.07997561246156693,u_0aa7cc794c8e08f3,0,0,official,principal
3801,1,1,0.6381384134292603,probability_native,0.6381384134292603,u_0aa7cc794c8e08f3,0,0,official,principal
3344,1,1,0.7703931927680969,probability_native,0.7703931927680969,u_0aa7cc794c8e08f3,0,0,official,principal
2834,0,0,0.04251543805003166,probability_native,0.04251543805003166,u_0aa7cc794c8e08f3,0,0,official,principal
1998,1,1,0.6778082251548767,probability_native,0.6778082251548767,u_0aa7cc794c8e08f3,0,0,official,principal
1608,0,0,0.10391108691692352,probability_native,0.10391108691692352,u_0aa7cc794c8e08f3,0,0,official,principal
3533,0,0,0.1525091975927353,probability_native,0.1525091975927353,u_0aa7cc794c8e08f3,0,0,official,principal
5200,0,0,0.42634502053260803,probability_native,0.42634502053260803,u_0aa7cc794c8e08f3,0,0,official,principal
970,1,1,0.8397665619850159,probability_native,0.8397665619850159,u_0aa7cc794c8e08f3,0,0,official,principal
4286,0,1,0.7847966551780701,probability_native,0.7847966551780701,u_0aa7cc794c8e08f3,0,0,official,principal
5898,0,0,0.039887696504592896,probability_native,0.039887696504592896,u_0aa7cc794c8e08f3,0,0,official,principal
1629,0,0,0.04066303372383118,probability_native,0.04066303372383118,u_0aa7cc794c8e08f3,0,0,official,principal
5021,0,0,0.11064717918634415,probability_native,0.11064717918634415,u_0aa7cc794c8e08f3,0,0,official,principal
5636,1,1,0.5262501835823059,probability_native,0.5262501835823059,u_0aa7cc794c8e08f3,0,0,official,principal
1432,0,0,0.13890264928340912,probability_native,0.13890264928340912,u_0aa7cc794c8e08f3,0,0,official,principal
4211,1,1,0.6316055059432983,probability_native,0.6316055059432983,u_0aa7cc794c8e08f3,0,0,official,principal
1780,1,0,0.04474319517612457,probability_native,0.04474319517612457,u_0aa7cc794c8e08f3,0,0,official,principal
5575,0,0,0.0438687689602375,probability_native,0.0438687689602375,u_0aa7cc794c8e08f3,0,0,official,principal
62,0,0,0.020245296880602837,probability_native,0.020245296880602837,u_0aa7cc794c8e08f3,0,0,official,principal
1031,0,0,0.2202104777097702,probability_native,0.2202104777097702,u_0aa7cc794c8e08f3,0,0,official,principal
3439,1,0,0.1874813586473465,probability_native,0.1874813586473465,u_0aa7cc794c8e08f3,0,0,official,principal
3902,0,1,0.617480993270874,probability_native,0.617480993270874,u_0aa7cc794c8e08f3,0,0,official,principal
6212,0,0,0.33084923028945923,probability_native,0.33084923028945923,u_0aa7cc794c8e08f3,0,0,official,principal
65,0,1,0.6380248069763184,probability_native,0.6380248069763184,u_0aa7cc794c8e08f3,0,0,official,principal
2459,0,0,0.32397863268852234,probability_native,0.32397863268852234,u_0aa7cc794c8e08f3,0,0,official,principal
6233,0,0,0.3495393693447113,probability_native,0.3495393693447113,u_0aa7cc794c8e08f3,0,0,official,principal
4875,1,0,0.3228374719619751,probability_native,0.3228374719619751,u_0aa7cc794c8e08f3,0,0,official,principal
3415,1,0,0.36627477407455444,probability_native,0.36627477407455444,u_0aa7cc794c8e08f3,0,0,official,principal
5796,0,0,0.03804321587085724,probability_native,0.03804321587085724,u_0aa7cc794c8e08f3,0,0,official,principal
3725,1,1,0.8209021091461182,probability_native,0.8209021091461182,u_0aa7cc794c8e08f3,0,0,official,principal
521,0,1,0.5328221321105957,probability_native,0.5328221321105957,u_0aa7cc794c8e08f3,0,0,official,principal
3648,0,0,0.437587708234787,probability_native,0.437587708234787,u_0aa7cc794c8e08f3,0,0,official,principal
6757,1,0,0.11172807216644287,probability_native,0.11172807216644287,u_0aa7cc794c8e08f3,0,0,official,principal
340,0,0,0.1493084728717804,probability_native,0.1493084728717804,u_0aa7cc794c8e08f3,0,0,official,principal
4899,1,1,0.6112011075019836,probability_native,0.6112011075019836,u_0aa7cc794c8e08f3,0,0,official,principal
4383,0,0,0.06464666873216629,probability_native,0.06464666873216629,u_0aa7cc794c8e08f3,0,0,official,principal
3796,1,1,0.6096484065055847,probability_native,0.6096484065055847,u_0aa7cc794c8e08f3,0,0,official,principal
4021,1,1,0.5206767916679382,probability_native,0.5206767916679382,u_0aa7cc794c8e08f3,0,0,official,principal
434,0,0,0.10466460138559341,probability_native,0.10466460138559341,u_0aa7cc794c8e08f3,0,0,official,principal
4625,0,1,0.7487425804138184,probability_native,0.7487425804138184,u_0aa7cc794c8e08f3,0,0,official,principal
4800,1,1,0.9054838418960571,probability_native,0.9054838418960571,u_0aa7cc794c8e08f3,0,0,official,principal
98,0,0,0.04108629375696182,probability_native,0.04108629375696182,u_0aa7cc794c8e08f3,0,0,official,principal
4410,0,1,0.616146445274353,probability_native,0.616146445274353,u_0aa7cc794c8e08f3,0,0,official,principal
6381,0,0,0.4131757318973541,probability_native,0.4131757318973541,u_0aa7cc794c8e08f3,0,0,official,principal
1291,1,1,0.6069257259368896,probability_native,0.6069257259368896,u_0aa7cc794c8e08f3,0,0,official,principal
526,0,0,0.046421170234680176,probability_native,0.046421170234680176,u_0aa7cc794c8e08f3,0,0,official,principal
5101,0,0,0.4259997308254242,probability_native,0.4259997308254242,u_0aa7cc794c8e08f3,0,0,official,principal
822,0,1,0.5868109464645386,probability_native,0.5868109464645386,u_0aa7cc794c8e08f3,0,0,official,principal
2788,0,0,0.054685078561306,probability_native,0.054685078561306,u_0aa7cc794c8e08f3,0,0,official,principal
3641,0,0,0.08418236672878265,probability_native,0.08418236672878265,u_0aa7cc794c8e08f3,0,0,official,principal
5732,0,1,0.6637759804725647,probability_native,0.6637759804725647,u_0aa7cc794c8e08f3,0,0,official,principal
4809,0,1,0.6000250577926636,probability_native,0.6000250577926636,u_0aa7cc794c8e08f3,0,0,official,principal
712,0,0,0.045301519334316254,probability_native,0.045301519334316254,u_0aa7cc794c8e08f3,0,0,official,principal
6854,0,0,0.3568923771381378,probability_native,0.3568923771381378,u_0aa7cc794c8e08f3,0,0,official,principal
2567,1,1,0.6295680403709412,probability_native,0.6295680403709412,u_0aa7cc794c8e08f3,0,0,official,principal
5341,1,1,0.8488107323646545,probability_native,0.8488107323646545,u_0aa7cc794c8e08f3,0,0,official,principal
3424,1,1,0.8500685095787048,probability_native,0.8500685095787048,u_0aa7cc794c8e08f3,0,0,official,principal
2468,1,1,0.6962822675704956,probability_native,0.6962822675704956,u_0aa7cc794c8e08f3,0,0,official,principal
5970,0,1,0.8052049875259399,probability_native,0.8052049875259399,u_0aa7cc794c8e08f3,0,0,official,principal
692,0,0,0.032812297344207764,probability_native,0.032812297344207764,u_0aa7cc794c8e08f3,0,0,official,principal
5857,1,1,0.6166561841964722,probability_native,0.6166561841964722,u_0aa7cc794c8e08f3,0,0,official,principal
4109,1,1,0.7532217502593994,probability_native,0.7532217502593994,u_0aa7cc794c8e08f3,0,0,official,principal
1074,0,1,0.5526770949363708,probability_native,0.5526770949363708,u_0aa7cc794c8e08f3,0,0,official,principal
4229,0,0,0.0612872838973999,probability_native,0.0612872838973999,u_0aa7cc794c8e08f3,0,0,official,principal
5475,1,0,0.20085300505161285,probability_native,0.20085300505161285,u_0aa7cc794c8e08f3,0,0,official,principal
2226,0,0,0.0245563555508852,probability_native,0.0245563555508852,u_0aa7cc794c8e08f3,0,0,official,principal
4358,0,0,0.3849140703678131,probability_native,0.3849140703678131,u_0aa7cc794c8e08f3,0,0,official,principal
475,1,1,0.6699997782707214,probability_native,0.6699997782707214,u_0aa7cc794c8e08f3,0,0,official,principal
7013,0,1,0.5107243061065674,probability_native,0.5107243061065674,u_0aa7cc794c8e08f3,0,0,official,principal
6037,0,0,0.4591118097305298,probability_native,0.4591118097305298,u_0aa7cc794c8e08f3,0,0,official,principal
2478,0,1,0.5099851489067078,probability_native,0.5099851489067078,u_0aa7cc794c8e08f3,0,0,official,principal
32,0,0,0.03053332306444645,probability_native,0.03053332306444645,u_0aa7cc794c8e08f3,0,0,official,principal
3804,0,1,0.7228098511695862,probability_native,0.7228098511695862,u_0aa7cc794c8e08f3,0,0,official,principal
3585,0,0,0.11567042768001556,probability_native,0.11567042768001556,u_0aa7cc794c8e08f3,0,0,official,principal
2266,0,0,0.2441977560520172,probability_native,0.2441977560520172,u_0aa7cc794c8e08f3,0,0,official,principal
4006,0,0,0.01607191376388073,probability_native,0.01607191376388073,u_0aa7cc794c8e08f3,0,0,official,principal
3731,0,1,0.8249871730804443,probability_native,0.8249871730804443,u_0aa7cc794c8e08f3,0,0,official,principal
5505,0,0,0.1001107469201088,probability_native,0.1001107469201088,u_0aa7cc794c8e08f3,0,0,official,principal
1942,0,0,0.023534659296274185,probability_native,0.023534659296274185,u_0aa7cc794c8e08f3,0,0,official,principal
5951,0,0,0.4488086998462677,probability_native,0.4488086998462677,u_0aa7cc794c8e08f3,0,0,official,principal
2109,0,0,0.04684627801179886,probability_native,0.04684627801179886,u_0aa7cc794c8e08f3,0,0,official,principal
1157,0,0,0.2634159326553345,probability_native,0.2634159326553345,u_0aa7cc794c8e08f3,0,0,official,principal
694,0,0,0.10586383938789368,probability_native,0.10586383938789368,u_0aa7cc794c8e08f3,0,0,official,principal
4170,0,0,0.05447661876678467,probability_native,0.05447661876678467,u_0aa7cc794c8e08f3,0,0,official,principal
988,0,0,0.06834422796964645,probability_native,0.06834422796964645,u_0aa7cc794c8e08f3,0,0,official,principal
2807,0,0,0.0939607247710228,probability_native,0.0939607247710228,u_0aa7cc794c8e08f3,0,0,official,principal
977,0,1,0.7236095070838928,probability_native,0.7236095070838928,u_0aa7cc794c8e08f3,0,0,official,principal
1474,0,0,0.447062611579895,probability_native,0.447062611579895,u_0aa7cc794c8e08f3,0,0,official,principal
455,0,1,0.759250819683075,probability_native,0.759250819683075,u_0aa7cc794c8e08f3,0,0,official,principal
256,0,0,0.07070041447877884,probability_native,0.07070041447877884,u_0aa7cc794c8e08f3,0,0,official,principal
637,0,0,0.018021242693066597,probability_native,0.018021242693066597,u_0aa7cc794c8e08f3,0,0,official,principal
6822,1,1,0.5232827067375183,probability_native,0.5232827067375183,u_0aa7cc794c8e08f3,0,0,official,principal
3196,0,0,0.18556931614875793,probability_native,0.18556931614875793,u_0aa7cc794c8e08f3,0,0,official,principal
2019,1,0,0.4049607515335083,probability_native,0.4049607515335083,u_0aa7cc794c8e08f3,0,0,official,principal
498,1,1,0.5204808712005615,probability_native,0.5204808712005615,u_0aa7cc794c8e08f3,0,0,official,principal
1963,0,1,0.6747657060623169,probability_native,0.6747657060623169,u_0aa7cc794c8e08f3,0,0,official,principal
4124,0,1,0.8336457014083862,probability_native,0.8336457014083862,u_0aa7cc794c8e08f3,0,0,official,principal
1842,0,0,0.49647557735443115,probability_native,0.49647557735443115,u_0aa7cc794c8e08f3,0,0,official,principal
1571,0,0,0.46319839358329773,probability_native,0.46319839358329773,u_0aa7cc794c8e08f3,0,0,official,principal
1933,0,0,0.10780681669712067,probability_native,0.10780681669712067,u_0aa7cc794c8e08f3,0,0,official,principal
1297,0,1,0.7812968492507935,probability_native,0.7812968492507935,u_0aa7cc794c8e08f3,0,0,official,principal
3333,0,0,0.03566136956214905,probability_native,0.03566136956214905,u_0aa7cc794c8e08f3,0,0,official,principal
6016,1,0,0.30640172958374023,probability_native,0.30640172958374023,u_0aa7cc794c8e08f3,0,0,official,principal
5503,0,0,0.04251543805003166,probability_native,0.04251543805003166,u_0aa7cc794c8e08f3,0,0,official,principal
1888,0,0,0.09238552302122116,probability_native,0.09238552302122116,u_0aa7cc794c8e08f3,0,0,official,principal
4745,0,1,0.7816532850265503,probability_native,0.7816532850265503,u_0aa7cc794c8e08f3,0,0,official,principal
6713,0,1,0.6788183450698853,probability_native,0.6788183450698853,u_0aa7cc794c8e08f3,0,0,official,principal
5740,0,0,0.019182313233613968,probability_native,0.019182313233613968,u_0aa7cc794c8e08f3,0,0,official,principal
2871,1,1,0.8414177894592285,probability_native,0.8414177894592285,u_0aa7cc794c8e08f3,0,0,official,principal
4608,0,0,0.13541266322135925,probability_native,0.13541266322135925,u_0aa7cc794c8e08f3,0,0,official,principal
5033,0,1,0.5638813972473145,probability_native,0.5638813972473145,u_0aa7cc794c8e08f3,0,0,official,principal
2216,0,0,0.4136257469654083,probability_native,0.4136257469654083,u_0aa7cc794c8e08f3,0,0,official,principal
3314,0,0,0.2364794760942459,probability_native,0.2364794760942459,u_0aa7cc794c8e08f3,0,0,official,principal
1240,0,0,0.2104349285364151,probability_native,0.2104349285364151,u_0aa7cc794c8e08f3,0,0,official,principal
320,1,0,0.08777886629104614,probability_native,0.08777886629104614,u_0aa7cc794c8e08f3,0,0,official,principal
2058,0,0,0.016846446320414543,probability_native,0.016846446320414543,u_0aa7cc794c8e08f3,0,0,official,principal
1628,0,1,0.6733852624893188,probability_native,0.6733852624893188,u_0aa7cc794c8e08f3,0,0,official,principal
1726,0,0,0.3838355541229248,probability_native,0.3838355541229248,u_0aa7cc794c8e08f3,0,0,official,principal
413,0,0,0.4811711013317108,probability_native,0.4811711013317108,u_0aa7cc794c8e08f3,0,0,official,principal
5373,0,0,0.18253420293331146,probability_native,0.18253420293331146,u_0aa7cc794c8e08f3,0,0,official,principal
3973,0,0,0.09146672487258911,probability_native,0.09146672487258911,u_0aa7cc794c8e08f3,0,0,official,principal
3381,0,0,0.15320496261119843,probability_native,0.15320496261119843,u_0aa7cc794c8e08f3,0,0,official,principal
1601,0,0,0.4577219486236572,probability_native,0.4577219486236572,u_0aa7cc794c8e08f3,0,0,official,principal
6568,0,0,0.0602620467543602,probability_native,0.0602620467543602,u_0aa7cc794c8e08f3,0,0,official,principal
2853,0,0,0.2600984275341034,probability_native,0.2600984275341034,u_0aa7cc794c8e08f3,0,0,official,principal
820,0,1,0.6529765725135803,probability_native,0.6529765725135803,u_0aa7cc794c8e08f3,0,0,official,principal
1538,1,1,0.7907801270484924,probability_native,0.7907801270484924,u_0aa7cc794c8e08f3,0,0,official,principal
3507,0,0,0.30808165669441223,probability_native,0.30808165669441223,u_0aa7cc794c8e08f3,0,0,official,principal
6223,1,1,0.773252010345459,probability_native,0.773252010345459,u_0aa7cc794c8e08f3,0,0,official,principal
3373,1,1,0.81026291847229,probability_native,0.81026291847229,u_0aa7cc794c8e08f3,0,0,official,principal
5765,1,0,0.21747036278247833,probability_native,0.21747036278247833,u_0aa7cc794c8e08f3,0,0,official,principal
2055,0,0,0.4255264103412628,probability_native,0.4255264103412628,u_0aa7cc794c8e08f3,0,0,official,principal
1698,0,0,0.07046541571617126,probability_native,0.07046541571617126,u_0aa7cc794c8e08f3,0,0,official,principal
5568,0,0,0.21934731304645538,probability_native,0.21934731304645538,u_0aa7cc794c8e08f3,0,0,official,principal
1124,0,0,0.40368419885635376,probability_native,0.40368419885635376,u_0aa7cc794c8e08f3,0,0,official,principal
2140,1,0,0.3755547106266022,probability_native,0.3755547106266022,u_0aa7cc794c8e08f3,0,0,official,principal
4240,1,1,0.849116861820221,probability_native,0.849116861820221,u_0aa7cc794c8e08f3,0,0,official,principal
5345,1,1,0.500091552734375,probability_native,0.500091552734375,u_0aa7cc794c8e08f3,0,0,official,principal
710,1,1,0.5020285248756409,probability_native,0.5020285248756409,u_0aa7cc794c8e08f3,0,0,official,principal
1011,0,0,0.013592023402452469,probability_native,0.013592023402452469,u_0aa7cc794c8e08f3,0,0,official,principal
4208,0,0,0.14982108771800995,probability_native,0.14982108771800995,u_0aa7cc794c8e08f3,0,0,official,principal
4245,0,0,0.023510338738560677,probability_native,0.023510338738560677,u_0aa7cc794c8e08f3,0,0,official,principal
3700,1,0,0.2652912735939026,probability_native,0.2652912735939026,u_0aa7cc794c8e08f3,0,0,official,principal
3627,0,0,0.06658027321100235,probability_native,0.06658027321100235,u_0aa7cc794c8e08f3,0,0,official,principal
4971,0,0,0.21051211655139923,probability_native,0.21051211655139923,u_0aa7cc794c8e08f3,0,0,official,principal
3728,0,0,0.13501116633415222,probability_native,0.13501116633415222,u_0aa7cc794c8e08f3,0,0,official,principal
2634,1,1,0.809729278087616,probability_native,0.809729278087616,u_0aa7cc794c8e08f3,0,0,official,principal
2082,0,0,0.11522896587848663,probability_native,0.11522896587848663,u_0aa7cc794c8e08f3,0,0,official,principal
1716,0,1,0.5720385909080505,probability_native,0.5720385909080505,u_0aa7cc794c8e08f3,0,0,official,principal
3068,0,0,0.24592101573944092,probability_native,0.24592101573944092,u_0aa7cc794c8e08f3,0,0,official,principal
494,0,1,0.5526770949363708,probability_native,0.5526770949363708,u_0aa7cc794c8e08f3,0,0,official,principal
4304,0,0,0.03466794639825821,probability_native,0.03466794639825821,u_0aa7cc794c8e08f3,0,0,official,principal
5139,0,0,0.027797967195510864,probability_native,0.027797967195510864,u_0aa7cc794c8e08f3,0,0,official,principal
4412,0,0,0.06193200498819351,probability_native,0.06193200498819351,u_0aa7cc794c8e08f3,0,0,official,principal
4671,1,1,0.7560722231864929,probability_native,0.7560722231864929,u_0aa7cc794c8e08f3,0,0,official,principal
2719,0,0,0.03131376951932907,probability_native,0.03131376951932907,u_0aa7cc794c8e08f3,0,0,official,principal
1177,0,0,0.06673887372016907,probability_native,0.06673887372016907,u_0aa7cc794c8e08f3,0,0,official,principal
55,1,1,0.8443359732627869,probability_native,0.8443359732627869,u_0aa7cc794c8e08f3,0,0,official,principal
1135,0,0,0.062397439032793045,probability_native,0.062397439032793045,u_0aa7cc794c8e08f3,0,0,official,principal
5308,0,0,0.04625409469008446,probability_native,0.04625409469008446,u_0aa7cc794c8e08f3,0,0,official,principal
4697,0,1,0.6084811091423035,probability_native,0.6084811091423035,u_0aa7cc794c8e08f3,0,0,official,principal
1326,0,0,0.05813750624656677,probability_native,0.05813750624656677,u_0aa7cc794c8e08f3,0,0,official,principal
3697,0,0,0.3674358129501343,probability_native,0.3674358129501343,u_0aa7cc794c8e08f3,0,0,official,principal
5589,1,0,0.03632238879799843,probability_native,0.03632238879799843,u_0aa7cc794c8e08f3,0,0,official,principal
4192,0,0,0.060990117490291595,probability_native,0.060990117490291595,u_0aa7cc794c8e08f3,0,0,official,principal
5174,1,1,0.7835513353347778,probability_native,0.7835513353347778,u_0aa7cc794c8e08f3,0,0,official,principal
6354,0,0,0.0917125791311264,probability_native,0.0917125791311264,u_0aa7cc794c8e08f3,0,0,official,principal
551,0,0,0.0432923287153244,probability_native,0.0432923287153244,u_0aa7cc794c8e08f3,0,0,official,principal
6662,0,0,0.04758261889219284,probability_native,0.04758261889219284,u_0aa7cc794c8e08f3,0,0,official,principal
1370,0,0,0.04955180734395981,probability_native,0.04955180734395981,u_0aa7cc794c8e08f3,0,0,official,principal
2928,0,0,0.03300914540886879,probability_native,0.03300914540886879,u_0aa7cc794c8e08f3,0,0,official,principal
3270,0,1,0.820040762424469,probability_native,0.820040762424469,u_0aa7cc794c8e08f3,0,0,official,principal
2328,0,1,0.5227034091949463,probability_native,0.5227034091949463,u_0aa7cc794c8e08f3,0,0,official,principal
5836,0,0,0.1130635216832161,probability_native,0.1130635216832161,u_0aa7cc794c8e08f3,0,0,official,principal
925,0,0,0.08178585022687912,probability_native,0.08178585022687912,u_0aa7cc794c8e08f3,0,0,official,principal
1819,0,0,0.02004937082529068,probability_native,0.02004937082529068,u_0aa7cc794c8e08f3,0,0,official,principal
546,1,0,0.39043164253234863,probability_native,0.39043164253234863,u_0aa7cc794c8e08f3,0,0,official,principal
2101,1,0,0.34028053283691406,probability_native,0.34028053283691406,u_0aa7cc794c8e08f3,0,0,official,principal
828,1,0,0.17429275810718536,probability_native,0.17429275810718536,u_0aa7cc794c8e08f3,0,0,official,principal
335,1,0,0.1082388386130333,probability_native,0.1082388386130333,u_0aa7cc794c8e08f3,0,0,official,principal
4,1,1,0.8225863575935364,probability_native,0.8225863575935364,u_0aa7cc794c8e08f3,0,0,official,principal
6421,0,0,0.032688599079847336,probability_native,0.032688599079847336,u_0aa7cc794c8e08f3,0,0,official,principal
5785,0,0,0.03473910316824913,probability_native,0.03473910316824913,u_0aa7cc794c8e08f3,0,0,official,principal
5243,0,0,0.34633901715278625,probability_native,0.34633901715278625,u_0aa7cc794c8e08f3,0,0,official,principal
6372,0,0,0.05971299856901169,probability_native,0.05971299856901169,u_0aa7cc794c8e08f3,0,0,official,principal
6542,1,1,0.6359948515892029,probability_native,0.6359948515892029,u_0aa7cc794c8e08f3,0,0,official,principal
2048,1,1,0.6671960949897766,probability_native,0.6671960949897766,u_0aa7cc794c8e08f3,0,0,official,principal
440,0,1,0.5989767909049988,probability_native,0.5989767909049988,u_0aa7cc794c8e08f3,0,0,official,principal
4913,0,0,0.028187694028019905,probability_native,0.028187694028019905,u_0aa7cc794c8e08f3,0,0,official,principal
3233,0,1,0.6864656805992126,probability_native,0.6864656805992126,u_0aa7cc794c8e08f3,0,0,official,principal
2476,0,0,0.04647020995616913,probability_native,0.04647020995616913,u_0aa7cc794c8e08f3,0,0,official,principal
1535,0,0,0.3169325292110443,probability_native,0.3169325292110443,u_0aa7cc794c8e08f3,0,0,official,principal
4418,1,0,0.04545293003320694,probability_native,0.04545293003320694,u_0aa7cc794c8e08f3,0,0,official,principal
2027,0,0,0.05989274010062218,probability_native,0.05989274010062218,u_0aa7cc794c8e08f3,0,0,official,principal
3532,1,1,0.609112024307251,probability_native,0.609112024307251,u_0aa7cc794c8e08f3,0,0,official,principal
3254,0,1,0.7871917486190796,probability_native,0.7871917486190796,u_0aa7cc794c8e08f3,0,0,official,principal
2933,0,0,0.0336812362074852,probability_native,0.0336812362074852,u_0aa7cc794c8e08f3,0,0,official,principal
3060,0,0,0.18161308765411377,probability_native,0.18161308765411377,u_0aa7cc794c8e08f3,0,0,official,principal
108,0,0,0.36832088232040405,probability_native,0.36832088232040405,u_0aa7cc794c8e08f3,0,0,official,principal
1332,0,0,0.03918905556201935,probability_native,0.03918905556201935,u_0aa7cc794c8e08f3,0,0,official,principal
4580,0,0,0.012849907390773296,probability_native,0.012849907390773296,u_0aa7cc794c8e08f3,0,0,official,principal
5751,0,0,0.030239103361964226,probability_native,0.030239103361964226,u_0aa7cc794c8e08f3,0,0,official,principal
2160,0,0,0.011457125656306744,probability_native,0.011457125656306744,u_0aa7cc794c8e08f3,0,0,official,principal
6060,0,1,0.8114417791366577,probability_native,0.8114417791366577,u_0aa7cc794c8e08f3,0,0,official,principal
5201,0,0,0.21808475255966187,probability_native,0.21808475255966187,u_0aa7cc794c8e08f3,0,0,official,principal
505,1,1,0.7676572203636169,probability_native,0.7676572203636169,u_0aa7cc794c8e08f3,0,0,official,principal
4476,1,1,0.5485846400260925,probability_native,0.5485846400260925,u_0aa7cc794c8e08f3,0,0,official,principal
97,1,0,0.30808165669441223,probability_native,0.30808165669441223,u_0aa7cc794c8e08f3,0,0,official,principal
512,1,1,0.8566973209381104,probability_native,0.8566973209381104,u_0aa7cc794c8e08f3,0,0,official,principal
2326,0,0,0.10834280401468277,probability_native,0.10834280401468277,u_0aa7cc794c8e08f3,0,0,official,principal
4961,0,0,0.35951435565948486,probability_native,0.35951435565948486,u_0aa7cc794c8e08f3,0,0,official,principal
4981,1,1,0.6498333811759949,probability_native,0.6498333811759949,u_0aa7cc794c8e08f3,0,0,official,principal
6918,1,0,0.33538344502449036,probability_native,0.33538344502449036,u_0aa7cc794c8e08f3,0,0,official,principal
1311,0,0,0.13442488014698029,probability_native,0.13442488014698029,u_0aa7cc794c8e08f3,0,0,official,principal
4104,0,1,0.5352473258972168,probability_native,0.5352473258972168,u_0aa7cc794c8e08f3,0,0,official,principal
3005,0,0,0.20061920583248138,probability_native,0.20061920583248138,u_0aa7cc794c8e08f3,0,0,official,principal
4794,0,0,0.35389700531959534,probability_native,0.35389700531959534,u_0aa7cc794c8e08f3,0,0,official,principal
3055,1,0,0.2816091477870941,probability_native,0.2816091477870941,u_0aa7cc794c8e08f3,0,0,official,principal
1662,1,1,0.8259051442146301,probability_native,0.8259051442146301,u_0aa7cc794c8e08f3,0,0,official,principal
2857,0,0,0.027920594438910484,probability_native,0.027920594438910484,u_0aa7cc794c8e08f3,0,0,official,principal
2174,0,0,0.058850277215242386,probability_native,0.058850277215242386,u_0aa7cc794c8e08f3,0,0,official,principal
6390,0,0,0.33335018157958984,probability_native,0.33335018157958984,u_0aa7cc794c8e08f3,0,0,official,principal
362,0,0,0.0802692249417305,probability_native,0.0802692249417305,u_0aa7cc794c8e08f3,0,0,official,principal
4624,1,1,0.8568093180656433,probability_native,0.8568093180656433,u_0aa7cc794c8e08f3,0,0,official,principal
46,0,1,0.5383923053741455,probability_native,0.5383923053741455,u_0aa7cc794c8e08f3,0,0,official,principal
236,0,0,0.12496128678321838,probability_native,0.12496128678321838,u_0aa7cc794c8e08f3,0,0,official,principal
3460,0,0,0.456746906042099,probability_native,0.456746906042099,u_0aa7cc794c8e08f3,0,0,official,principal
2910,0,0,0.03292398527264595,probability_native,0.03292398527264595,u_0aa7cc794c8e08f3,0,0,official,principal
5135,0,1,0.5603384375572205,probability_native,0.5603384375572205,u_0aa7cc794c8e08f3,0,0,official,principal
6340,0,0,0.48968690633773804,probability_native,0.48968690633773804,u_0aa7cc794c8e08f3,0,0,official,principal
95,1,1,0.7215558886528015,probability_native,0.7215558886528015,u_0aa7cc794c8e08f3,0,0,official,principal
3853,0,0,0.39906442165374756,probability_native,0.39906442165374756,u_0aa7cc794c8e08f3,0,0,official,principal
5157,0,0,0.026149125769734383,probability_native,0.026149125769734383,u_0aa7cc794c8e08f3,0,0,official,principal
6366,0,0,0.05039788782596588,probability_native,0.05039788782596588,u_0aa7cc794c8e08f3,0,0,official,principal
5023,1,1,0.8683935403823853,probability_native,0.8683935403823853,u_0aa7cc794c8e08f3,0,0,official,principal
2898,0,0,0.12379294633865356,probability_native,0.12379294633865356,u_0aa7cc794c8e08f3,0,0,official,principal
4241,1,0,0.10121892392635345,probability_native,0.10121892392635345,u_0aa7cc794c8e08f3,0,0,official,principal
1082,0,0,0.19426646828651428,probability_native,0.19426646828651428,u_0aa7cc794c8e08f3,0,0,official,principal
3760,0,1,0.7236467599868774,probability_native,0.7236467599868774,u_0aa7cc794c8e08f3,0,0,official,principal
1427,0,0,0.4879889488220215,probability_native,0.4879889488220215,u_0aa7cc794c8e08f3,0,0,official,principal
1071,1,1,0.6248482465744019,probability_native,0.6248482465744019,u_0aa7cc794c8e08f3,0,0,official,principal
2944,0,0,0.2689429819583893,probability_native,0.2689429819583893,u_0aa7cc794c8e08f3,0,0,official,principal
919,0,0,0.39463353157043457,probability_native,0.39463353157043457,u_0aa7cc794c8e08f3,0,0,official,principal
5271,0,0,0.24770081043243408,probability_native,0.24770081043243408,u_0aa7cc794c8e08f3,0,0,official,principal
4967,1,1,0.7036792635917664,probability_native,0.7036792635917664,u_0aa7cc794c8e08f3,0,0,official,principal
3452,0,1,0.7526408433914185,probability_native,0.7526408433914185,u_0aa7cc794c8e08f3,0,0,official,principal
7032,1,1,0.8915044069290161,probability_native,0.8915044069290161,u_0aa7cc794c8e08f3,0,0,official,principal
1455,0,0,0.13465096056461334,probability_native,0.13465096056461334,u_0aa7cc794c8e08f3,0,0,official,principal
3330,1,1,0.7770463228225708,probability_native,0.7770463228225708,u_0aa7cc794c8e08f3,0,0,official,principal
2429,0,0,0.10851659625768661,probability_native,0.10851659625768661,u_0aa7cc794c8e08f3,0,0,official,principal
2187,0,0,0.15783290565013885,probability_native,0.15783290565013885,u_0aa7cc794c8e08f3,0,0,official,principal
5776,0,0,0.018639791756868362,probability_native,0.018639791756868362,u_0aa7cc794c8e08f3,0,0,official,principal
6449,0,1,0.5020285248756409,probability_native,0.5020285248756409,u_0aa7cc794c8e08f3,0,0,official,principal
3247,0,0,0.1200447753071785,probability_native,0.1200447753071785,u_0aa7cc794c8e08f3,0,0,official,principal
4499,1,1,0.6437498927116394,probability_native,0.6437498927116394,u_0aa7cc794c8e08f3,0,0,official,principal
927,1,1,0.7358810901641846,probability_native,0.7358810901641846,u_0aa7cc794c8e08f3,0,0,official,principal
5343,0,0,0.02906261384487152,probability_native,0.02906261384487152,u_0aa7cc794c8e08f3,0,0,official,principal
7040,0,0,0.37852853536605835,probability_native,0.37852853536605835,u_0aa7cc794c8e08f3,0,0,official,principal
2925,0,0,0.1735202819108963,probability_native,0.1735202819108963,u_0aa7cc794c8e08f3,0,0,official,principal
6698,0,0,0.25376784801483154,probability_native,0.25376784801483154,u_0aa7cc794c8e08f3,0,0,official,principal
6582,0,0,0.08710651099681854,probability_native,0.08710651099681854,u_0aa7cc794c8e08f3,0,0,official,principal
2784,1,1,0.7169390320777893,probability_native,0.7169390320777893,u_0aa7cc794c8e08f3,0,0,official,principal
3990,0,1,0.8438510894775391,probability_native,0.8438510894775391,u_0aa7cc794c8e08f3,0,0,official,principal
3223,0,0,0.4831967055797577,probability_native,0.4831967055797577,u_0aa7cc794c8e08f3,0,0,official,principal
2176,0,0,0.02517356351017952,probability_native,0.02517356351017952,u_0aa7cc794c8e08f3,0,0,official,principal
160,0,0,0.29537221789360046,probability_native,0.29537221789360046,u_0aa7cc794c8e08f3,0,0,official,principal
806,0,0,0.17155946791172028,probability_native,0.17155946791172028,u_0aa7cc794c8e08f3,0,0,official,principal
1708,1,1,0.6321315169334412,probability_native,0.6321315169334412,u_0aa7cc794c8e08f3,0,0,official,principal
5925,0,0,0.2877601385116577,probability_native,0.2877601385116577,u_0aa7cc794c8e08f3,0,0,official,principal
3539,1,1,0.579646646976471,probability_native,0.579646646976471,u_0aa7cc794c8e08f3,0,0,official,principal
5760,0,1,0.7003099918365479,probability_native,0.7003099918365479,u_0aa7cc794c8e08f3,0,0,official,principal
7025,0,1,0.5946219563484192,probability_native,0.5946219563484192,u_0aa7cc794c8e08f3,0,0,official,principal
4979,0,0,0.028662677854299545,probability_native,0.028662677854299545,u_0aa7cc794c8e08f3,0,0,official,principal
258,1,1,0.6349843740463257,probability_native,0.6349843740463257,u_0aa7cc794c8e08f3,0,0,official,principal
2313,0,0,0.30467918515205383,probability_native,0.30467918515205383,u_0aa7cc794c8e08f3,0,0,official,principal
4768,0,0,0.01297710370272398,probability_native,0.01297710370272398,u_0aa7cc794c8e08f3,0,0,official,principal
6401,1,0,0.4055284857749939,probability_native,0.4055284857749939,u_0aa7cc794c8e08f3,0,0,official,principal
1889,0,0,0.35331156849861145,probability_native,0.35331156849861145,u_0aa7cc794c8e08f3,0,0,official,principal
3914,0,0,0.06501642614603043,probability_native,0.06501642614603043,u_0aa7cc794c8e08f3,0,0,official,principal
5220,0,0,0.05288056284189224,probability_native,0.05288056284189224,u_0aa7cc794c8e08f3,0,0,official,principal
1924,0,0,0.4341546595096588,probability_native,0.4341546595096588,u_0aa7cc794c8e08f3,0,0,official,principal
3458,1,1,0.6093438863754272,probability_native,0.6093438863754272,u_0aa7cc794c8e08f3,0,0,official,principal
3901,0,0,0.27227717638015747,probability_native,0.27227717638015747,u_0aa7cc794c8e08f3,0,0,official,principal
6743,0,0,0.4376959800720215,probability_native,0.4376959800720215,u_0aa7cc794c8e08f3,0,0,official,principal
5758,0,0,0.06995975971221924,probability_native,0.06995975971221924,u_0aa7cc794c8e08f3,0,0,official,principal
392,0,1,0.7517824172973633,probability_native,0.7517824172973633,u_0aa7cc794c8e08f3,0,0,official,principal
6528,0,0,0.01819237880408764,probability_native,0.01819237880408764,u_0aa7cc794c8e08f3,0,0,official,principal
5664,1,1,0.7269444465637207,probability_native,0.7269444465637207,u_0aa7cc794c8e08f3,0,0,official,principal
2818,1,0,0.26858019828796387,probability_native,0.26858019828796387,u_0aa7cc794c8e08f3,0,0,official,principal
2411,0,0,0.07902593165636063,probability_native,0.07902593165636063,u_0aa7cc794c8e08f3,0,0,official,principal
5781,0,1,0.5986546277999878,probability_native,0.5986546277999878,u_0aa7cc794c8e08f3,0,0,official,principal
5949,0,0,0.2458907961845398,probability_native,0.2458907961845398,u_0aa7cc794c8e08f3,0,0,official,principal
1659,0,0,0.03070288524031639,probability_native,0.03070288524031639,u_0aa7cc794c8e08f3,0,0,official,principal
347,0,0,0.029067467898130417,probability_native,0.029067467898130417,u_0aa7cc794c8e08f3,0,0,official,principal
4142,0,0,0.036810796707868576,probability_native,0.036810796707868576,u_0aa7cc794c8e08f3,0,0,official,principal
2417,0,0,0.3419475555419922,probability_native,0.3419475555419922,u_0aa7cc794c8e08f3,0,0,official,principal
373,0,0,0.19229035079479218,probability_native,0.19229035079479218,u_0aa7cc794c8e08f3,0,0,official,principal
6921,0,0,0.455439954996109,probability_native,0.455439954996109,u_0aa7cc794c8e08f3,0,0,official,principal
5543,0,0,0.4679594933986664,probability_native,0.4679594933986664,u_0aa7cc794c8e08f3,0,0,official,principal
4032,0,0,0.47528740763664246,probability_native,0.47528740763664246,u_0aa7cc794c8e08f3,0,0,official,principal
6261,0,0,0.02364424616098404,probability_native,0.02364424616098404,u_0aa7cc794c8e08f3,0,0,official,principal
2623,0,1,0.5631617307662964,probability_native,0.5631617307662964,u_0aa7cc794c8e08f3,0,0,official,principal
6843,1,1,0.5192614793777466,probability_native,0.5192614793777466,u_0aa7cc794c8e08f3,0,0,official,principal
1618,1,1,0.7159498333930969,probability_native,0.7159498333930969,u_0aa7cc794c8e08f3,0,0,official,principal
6917,0,0,0.029283929616212845,probability_native,0.029283929616212845,u_0aa7cc794c8e08f3,0,0,official,principal
1605,0,0,0.04214269667863846,probability_native,0.04214269667863846,u_0aa7cc794c8e08f3,0,0,official,principal
6963,0,1,0.7431630492210388,probability_native,0.7431630492210388,u_0aa7cc794c8e08f3,0,0,official,principal
6493,0,0,0.2426786571741104,probability_native,0.2426786571741104,u_0aa7cc794c8e08f3,0,0,official,principal
3000,1,1,0.843026876449585,probability_native,0.843026876449585,u_0aa7cc794c8e08f3,0,0,official,principal
1665,0,1,0.8462488651275635,probability_native,0.8462488651275635,u_0aa7cc794c8e08f3,0,0,official,principal
4232,1,1,0.8209021091461182,probability_native,0.8209021091461182,u_0aa7cc794c8e08f3,0,0,official,principal
812,0,0,0.06645091623067856,probability_native,0.06645091623067856,u_0aa7cc794c8e08f3,0,0,official,principal
5850,1,0,0.3974667191505432,probability_native,0.3974667191505432,u_0aa7cc794c8e08f3,0,0,official,principal
5227,0,1,0.8275222778320312,probability_native,0.8275222778320312,u_0aa7cc794c8e08f3,0,0,official,principal
992,0,0,0.028950519859790802,probability_native,0.028950519859790802,u_0aa7cc794c8e08f3,0,0,official,principal
5782,1,1,0.8683935403823853,probability_native,0.8683935403823853,u_0aa7cc794c8e08f3,0,0,official,principal
5144,0,1,0.6818427443504333,probability_native,0.6818427443504333,u_0aa7cc794c8e08f3,0,0,official,principal
5506,0,1,0.5526770949363708,probability_native,0.5526770949363708,u_0aa7cc794c8e08f3,0,0,official,principal
5693,0,0,0.06241336464881897,probability_native,0.06241336464881897,u_0aa7cc794c8e08f3,0,0,official,principal
6540,0,0,0.1383822113275528,probability_native,0.1383822113275528,u_0aa7cc794c8e08f3,0,0,official,principal
3396,0,0,0.10243872553110123,probability_native,0.10243872553110123,u_0aa7cc794c8e08f3,0,0,official,principal
1551,0,0,0.05159442499279976,probability_native,0.05159442499279976,u_0aa7cc794c8e08f3,0,0,official,principal
3873,0,0,0.01951497793197632,probability_native,0.01951497793197632,u_0aa7cc794c8e08f3,0,0,official,principal
6649,0,0,0.1965668797492981,probability_native,0.1965668797492981,u_0aa7cc794c8e08f3,0,0,official,principal
316,0,0,0.02732711099088192,probability_native,0.02732711099088192,u_0aa7cc794c8e08f3,0,0,official,principal
5894,1,1,0.6061301827430725,probability_native,0.6061301827430725,u_0aa7cc794c8e08f3,0,0,official,principal
341,0,0,0.015631215646862984,probability_native,0.015631215646862984,u_0aa7cc794c8e08f3,0,0,official,principal
1471,0,0,0.4182080924510956,probability_native,0.4182080924510956,u_0aa7cc794c8e08f3,0,0,official,principal
3488,0,1,0.5436002612113953,probability_native,0.5436002612113953,u_0aa7cc794c8e08f3,0,0,official,principal
7012,0,0,0.07870651036500931,probability_native,0.07870651036500931,u_0aa7cc794c8e08f3,0,0,official,principal
2052,0,1,0.6861267685890198,probability_native,0.6861267685890198,u_0aa7cc794c8e08f3,0,0,official,principal
5916,0,0,0.06807956844568253,probability_native,0.06807956844568253,u_0aa7cc794c8e08f3,0,0,official,principal
5293,0,0,0.1540883630514145,probability_native,0.1540883630514145,u_0aa7cc794c8e08f3,0,0,official,principal
6084,0,1,0.6606222987174988,probability_native,0.6606222987174988,u_0aa7cc794c8e08f3,0,0,official,principal
4246,0,0,0.2874826192855835,probability_native,0.2874826192855835,u_0aa7cc794c8e08f3,0,0,official,principal
1093,0,0,0.04620939493179321,probability_native,0.04620939493179321,u_0aa7cc794c8e08f3,0,0,official,principal
6695,0,0,0.006346915848553181,probability_native,0.006346915848553181,u_0aa7cc794c8e08f3,0,0,official,principal
2220,0,0,0.021226007491350174,probability_native,0.021226007491350174,u_0aa7cc794c8e08f3,0,0,official,principal
4369,1,1,0.6207793951034546,probability_native,0.6207793951034546,u_0aa7cc794c8e08f3,0,0,official,principal
2071,0,0,0.045883022248744965,probability_native,0.045883022248744965,u_0aa7cc794c8e08f3,0,0,official,principal
863,1,1,0.8303537368774414,probability_native,0.8303537368774414,u_0aa7cc794c8e08f3,0,0,official,principal
544,1,0,0.23089194297790527,probability_native,0.23089194297790527,u_0aa7cc794c8e08f3,0,0,official,principal
5830,0,0,0.04704992473125458,probability_native,0.04704992473125458,u_0aa7cc794c8e08f3,0,0,official,principal
313,0,1,0.8170910477638245,probability_native,0.8170910477638245,u_0aa7cc794c8e08f3,0,0,official,principal
649,0,0,0.34807103872299194,probability_native,0.34807103872299194,u_0aa7cc794c8e08f3,0,0,official,principal
5388,1,0,0.4734041094779968,probability_native,0.4734041094779968,u_0aa7cc794c8e08f3,0,0,official,principal
161,1,1,0.5028688311576843,probability_native,0.5028688311576843,u_0aa7cc794c8e08f3,0,0,official,principal
3331,0,0,0.17534779012203217,probability_native,0.17534779012203217,u_0aa7cc794c8e08f3,0,0,official,principal
5189,0,1,0.7326022386550903,probability_native,0.7326022386550903,u_0aa7cc794c8e08f3,0,0,official,principal
4532,1,1,0.7547500729560852,probability_native,0.7547500729560852,u_0aa7cc794c8e08f3,0,0,official,principal
4635,0,0,0.022890279069542885,probability_native,0.022890279069542885,u_0aa7cc794c8e08f3,0,0,official,principal
3194,1,0,0.252765417098999,probability_native,0.252765417098999,u_0aa7cc794c8e08f3,0,0,official,principal
