row_id,y_true,y_pred,score_positive,score_type,probability_native,unit_id,outer_fold,replicate,purpose,variant
2666,0,0,-1.5107964399797598,decision_function,,u_d85b7ade90cc7fec,3,0,official,principal
189,0,0,-0.7278969955776871,decision_function,,u_d85b7ade90cc7fec,3,0,official,principal
2257,0,0,-1.3556454669625164,decision_function,,u_d85b7ade90cc7fec,3,0,official,principal
2641,0,0,-0.24973995858590126,decision_function,,u_d85b7ade90cc7fec,3,0,official,principal
328,0,1,0.36485877570930025,decision_function,,u_d85b7ade90cc7fec,3,0,official,principal
6321,1,0,-1.0139367589425607,decision_function,,u_d85b7ade90cc7fec,3,0,official,principal
785,1,1,0.1497935830011703,decision_function,,u_d85b7ade90cc7fec,3,0,official,principal
3253,0,1,0.05929064879292967,decision_function,,u_d85b7ade90cc7fec,3,0,official,principal
4097,0,0,-0.7961617585009944,decision_function,,u_d85b7ade90cc7fec,3,0,official,principal
2444,1,1,1.1345231081235625,decision_function,,u_d85b7ade90cc7fec,3,0,official,principal
5442,0,0,-1.7222897375989303,decision_function,,u_d85b7ade90cc7fec,3,0,official,principal
2399,0,1,0.5258627111491949,decision_function,,u_d85b7ade90cc7fec,3,0,official,principal
6746,1,0,-0.2817590748515564,decision_function,,u_d85b7ade90cc7fec,3,0,official,principal
4319,0,0,-1.0650652551184612,decision_function,,u_d85b7ade90cc7fec,3,0,official,principal
155,0,1,0.7557084557258922,decision_function,,u_d85b7ade90cc7fec,3,0,official,principal
5840,0,0,-1.5525137353798377,decision_function,,u_d85b7ade90cc7fec,3,0,official,principal
1491,0,0,-0.4666858576350418,decision_function,,u_d85b7ade90cc7fec,3,0,official,principal
3457,0,0,-0.18931929414713822,decision_function,,u_d85b7ade90cc7fec,3,0,official,principal
5229,1,1,0.3464362924478719,decision_function,,u_d85b7ade90cc7fec,3,0,official,principal
777,1,1,1.4750374377667457,decision_function,,u_d85b7ade90cc7fec,3,0,official,principal
3218,0,0,-1.3905291075363833,decision_function,,u_d85b7ade90cc7fec,3,0,official,principal
6437,0,0,-0.811477552727855,decision_function,,u_d85b7ade90cc7fec,3,0,official,principal
1019,0,0,-0.6197973095692095,decision_function,,u_d85b7ade90cc7fec,3,0,official,principal
830,1,0,-0.6332881966531718,decision_function,,u_d85b7ade90cc7fec,3,0,official,principal
5993,0,1,0.9955706974071432,decision_function,,u_d85b7ade90cc7fec,3,0,official,principal
6627,0,0,-1.955164317118374,decision_function,,u_d85b7ade90cc7fec,3,0,official,principal
2247,0,0,-1.5413919920181378,decision_function,,u_d85b7ade90cc7fec,3,0,official,principal
556,0,0,-0.4063713994258714,decision_function,,u_d85b7ade90cc7fec,3,0,official,principal
4820,0,0,-0.8548158326968524,decision_function,,u_d85b7ade90cc7fec,3,0,official,principal
3908,0,0,-0.7301288177445426,decision_function,,u_d85b7ade90cc7fec,3,0,official,principal
3567,1,1,0.351173391286139,decision_function,,u_d85b7ade90cc7fec,3,0,official,principal
2833,0,0,-1.5390611627568287,decision_function,,u_d85b7ade90cc7fec,3,0,official,principal
4536,1,1,1.3533497059100823,decision_function,,u_d85b7ade90cc7fec,3,0,official,principal
3780,0,0,-1.4355276037314546,decision_function,,u_d85b7ade90cc7fec,3,0,official,principal
6576,0,0,-0.4746229682556563,decision_function,,u_d85b7ade90cc7fec,3,0,official,principal
4432,0,0,-1.1264031853266978,decision_function,,u_d85b7ade90cc7fec,3,0,official,principal
1428,1,1,0.9542513192043256,decision_function,,u_d85b7ade90cc7fec,3,0,official,principal
5777,0,0,-2.184662088440289,decision_function,,u_d85b7ade90cc7fec,3,0,official,principal
6031,0,0,-0.010499714733924526,decision_function,,u_d85b7ade90cc7fec,3,0,official,principal
4909,0,0,-1.2824564570127177,decision_function,,u_d85b7ade90cc7fec,3,0,official,principal
2195,0,0,-1.239657932649608,decision_function,,u_d85b7ade90cc7fec,3,0,official,principal
3815,1,1,1.3976828659839053,decision_function,,u_d85b7ade90cc7fec,3,0,official,principal
4200,0,0,-1.7337645002985993,decision_function,,u_d85b7ade90cc7fec,3,0,official,principal
5851,0,0,-0.08925767802773532,decision_function,,u_d85b7ade90cc7fec,3,0,official,principal
1097,1,1,0.5901599173243333,decision_function,,u_d85b7ade90cc7fec,3,0,official,principal
6480,0,0,-0.41175303656002715,decision_function,,u_d85b7ade90cc7fec,3,0,official,principal
2749,0,0,-0.5476543678303348,decision_function,,u_d85b7ade90cc7fec,3,0,official,principal
859,0,0,-1.889805465388388,decision_function,,u_d85b7ade90cc7fec,3,0,official,principal
4357,0,0,-0.8111964221956234,decision_function,,u_d85b7ade90cc7fec,3,0,official,principal
6806,0,0,-1.5404006810487276,decision_function,,u_d85b7ade90cc7fec,3,0,official,principal
1950,1,0,-0.436817255445774,decision_function,,u_d85b7ade90cc7fec,3,0,official,principal
6100,1,1,0.9085729603956163,decision_function,,u_d85b7ade90cc7fec,3,0,official,principal
6729,0,0,-1.4112359092702342,decision_function,,u_d85b7ade90cc7fec,3,0,official,principal
1205,1,1,1.479944216357447,decision_function,,u_d85b7ade90cc7fec,3,0,official,principal
2078,0,0,-0.6639320931515,decision_function,,u_d85b7ade90cc7fec,3,0,official,principal
5473,0,1,0.22149223998310252,decision_function,,u_d85b7ade90cc7fec,3,0,official,principal
5714,1,1,1.4668028703044829,decision_function,,u_d85b7ade90cc7fec,3,0,official,principal
6335,0,1,0.6622823624579264,decision_function,,u_d85b7ade90cc7fec,3,0,official,principal
6635,0,0,-1.2584024806119454,decision_function,,u_d85b7ade90cc7fec,3,0,official,principal
246,0,0,-0.7687050770268559,decision_function,,u_d85b7ade90cc7fec,3,0,official,principal
3292,0,1,0.5140571933607254,decision_function,,u_d85b7ade90cc7fec,3,0,official,principal
543,1,1,1.0928354716294935,decision_function,,u_d85b7ade90cc7fec,3,0,official,principal
5424,0,0,-0.8987453235669762,decision_function,,u_d85b7ade90cc7fec,3,0,official,principal
4364,0,0,-1.5523118207997688,decision_function,,u_d85b7ade90cc7fec,3,0,official,principal
669,0,0,-1.647979947510256,decision_function,,u_d85b7ade90cc7fec,3,0,official,principal
27,1,1,0.23336466715951265,decision_function,,u_d85b7ade90cc7fec,3,0,official,principal
3681,1,1,0.7740167109177751,decision_function,,u_d85b7ade90cc7fec,3,0,official,principal
6873,0,0,-1.6540940043583658,decision_function,,u_d85b7ade90cc7fec,3,0,official,principal
7030,0,0,-0.20434861400800564,decision_function,,u_d85b7ade90cc7fec,3,0,official,principal
2909,0,0,-0.9693279432423537,decision_function,,u_d85b7ade90cc7fec,3,0,official,principal
4123,0,1,0.026660577598623725,decision_function,,u_d85b7ade90cc7fec,3,0,official,principal
4780,0,1,0.5358524889875276,decision_function,,u_d85b7ade90cc7fec,3,0,official,principal
5611,0,0,-0.06459531578108457,decision_function,,u_d85b7ade90cc7fec,3,0,official,principal
7037,0,0,-1.7851320324236157,decision_function,,u_d85b7ade90cc7fec,3,0,official,principal
6724,1,0,-1.4999872800409428,decision_function,,u_d85b7ade90cc7fec,3,0,official,principal
3259,0,1,0.5587521434102849,decision_function,,u_d85b7ade90cc7fec,3,0,official,principal
5608,0,0,-0.9429845327468991,decision_function,,u_d85b7ade90cc7fec,3,0,official,principal
829,0,0,-0.1674678073826279,decision_function,,u_d85b7ade90cc7fec,3,0,official,principal
5264,0,0,-1.215429484837408,decision_function,,u_d85b7ade90cc7fec,3,0,official,principal
1077,1,0,-0.09014485202234224,decision_function,,u_d85b7ade90cc7fec,3,0,official,principal
188,0,0,-0.648693539939066,decision_function,,u_d85b7ade90cc7fec,3,0,official,principal
4426,0,1,0.042616972370800976,decision_function,,u_d85b7ade90cc7fec,3,0,official,principal
1941,0,1,0.3732515632091371,decision_function,,u_d85b7ade90cc7fec,3,0,official,principal
1917,0,0,-1.8092463199934627,decision_function,,u_d85b7ade90cc7fec,3,0,official,principal
2193,0,0,-1.7091857633785121,decision_function,,u_d85b7ade90cc7fec,3,0,official,principal
5784,0,1,0.4261826318333395,decision_function,,u_d85b7ade90cc7fec,3,0,official,principal
357,0,0,-0.44291227035384184,decision_function,,u_d85b7ade90cc7fec,3,0,official,principal
1228,0,0,-0.08686666743152427,decision_function,,u_d85b7ade90cc7fec,3,0,official,principal
1853,1,1,0.5508568685455104,decision_function,,u_d85b7ade90cc7fec,3,0,official,principal
208,1,1,0.8208463354049307,decision_function,,u_d85b7ade90cc7fec,3,0,official,principal
2323,1,1,0.6631659263952934,decision_function,,u_d85b7ade90cc7fec,3,0,official,principal
1572,1,1,0.6828755744004968,decision_function,,u_d85b7ade90cc7fec,3,0,official,principal
814,0,0,-0.28650339419091386,decision_function,,u_d85b7ade90cc7fec,3,0,official,principal
4013,0,1,0.3897554781344599,decision_function,,u_d85b7ade90cc7fec,3,0,official,principal
659,0,0,-1.1574179155647306,decision_function,,u_d85b7ade90cc7fec,3,0,official,principal
6968,1,1,0.8338473842073284,decision_function,,u_d85b7ade90cc7fec,3,0,official,principal
5326,1,0,-0.26792210746136536,decision_function,,u_d85b7ade90cc7fec,3,0,official,principal
2390,0,0,-0.7187074395751661,decision_function,,u_d85b7ade90cc7fec,3,0,official,principal
301,1,1,1.9460404171928782,decision_function,,u_d85b7ade90cc7fec,3,0,official,principal
3129,0,0,-0.9083239108491679,decision_function,,u_d85b7ade90cc7fec,3,0,official,principal
4487,0,0,-0.9852262220286737,decision_function,,u_d85b7ade90cc7fec,3,0,official,principal
695,0,0,-0.21374063146546174,decision_function,,u_d85b7ade90cc7fec,3,0,official,principal
3397,0,0,-1.186993098714408,decision_function,,u_d85b7ade90cc7fec,3,0,official,principal
5768,0,0,-0.06981249398141953,decision_function,,u_d85b7ade90cc7fec,3,0,official,principal
2542,0,0,-0.6281418654908749,decision_function,,u_d85b7ade90cc7fec,3,0,official,principal
6848,0,1,0.44840871608838095,decision_function,,u_d85b7ade90cc7fec,3,0,official,principal
2998,0,1,1.252127521972788,decision_function,,u_d85b7ade90cc7fec,3,0,official,principal
1339,1,0,-0.4581643037644447,decision_function,,u_d85b7ade90cc7fec,3,0,official,principal
5331,0,0,-1.3560676090593968,decision_function,,u_d85b7ade90cc7fec,3,0,official,principal
4813,0,1,0.2932813512023038,decision_function,,u_d85b7ade90cc7fec,3,0,official,principal
5559,0,1,0.45011146008361314,decision_function,,u_d85b7ade90cc7fec,3,0,official,principal
1725,0,1,1.5732662683502958,decision_function,,u_d85b7ade90cc7fec,3,0,official,principal
2639,1,1,0.22872387909010716,decision_function,,u_d85b7ade90cc7fec,3,0,official,principal
6667,1,1,1.3535834457775258,decision_function,,u_d85b7ade90cc7fec,3,0,official,principal
7027,0,0,-0.03969272450903749,decision_function,,u_d85b7ade90cc7fec,3,0,official,principal
3582,0,1,1.4563332236485353,decision_function,,u_d85b7ade90cc7fec,3,0,official,principal
5303,0,0,-0.5477196731923278,decision_function,,u_d85b7ade90cc7fec,3,0,official,principal
1638,0,0,-1.1526672618185176,decision_function,,u_d85b7ade90cc7fec,3,0,official,principal
1394,0,0,-0.5846204322842024,decision_function,,u_d85b7ade90cc7fec,3,0,official,principal
799,1,0,-0.13792938138986344,decision_function,,u_d85b7ade90cc7fec,3,0,official,principal
4592,0,0,-1.331302780207913,decision_function,,u_d85b7ade90cc7fec,3,0,official,principal
6290,1,0,-0.6517482605257882,decision_function,,u_d85b7ade90cc7fec,3,0,official,principal
4370,0,0,-0.6967032044393254,decision_function,,u_d85b7ade90cc7fec,3,0,official,principal
1614,0,0,-1.6095501797110328,decision_function,,u_d85b7ade90cc7fec,3,0,official,principal
5841,1,0,-0.5326374316170563,decision_function,,u_d85b7ade90cc7fec,3,0,official,principal
5485,0,1,0.2477820994058979,decision_function,,u_d85b7ade90cc7fec,3,0,official,principal
2762,0,1,0.035462698564598716,decision_function,,u_d85b7ade90cc7fec,3,0,official,principal
1431,0,0,-0.740634820508557,decision_function,,u_d85b7ade90cc7fec,3,0,official,principal
1487,0,0,-0.03447296022359636,decision_function,,u_d85b7ade90cc7fec,3,0,official,principal
1159,1,1,1.5789816987747731,decision_function,,u_d85b7ade90cc7fec,3,0,official,principal
6672,0,0,-1.28241565650631,decision_function,,u_d85b7ade90cc7fec,3,0,official,principal
2584,0,0,-1.1153482246644593,decision_function,,u_d85b7ade90cc7fec,3,0,official,principal
3417,0,0,-0.36861283714870907,decision_function,,u_d85b7ade90cc7fec,3,0,official,principal
4950,1,1,1.4706649278230557,decision_function,,u_d85b7ade90cc7fec,3,0,official,principal
3501,0,0,-1.512596737898161,decision_function,,u_d85b7ade90cc7fec,3,0,official,principal
4507,0,0,-0.09298976628051747,decision_function,,u_d85b7ade90cc7fec,3,0,official,principal
1063,0,0,-0.2604548747292944,decision_function,,u_d85b7ade90cc7fec,3,0,official,principal
5603,1,1,0.17063199234646853,decision_function,,u_d85b7ade90cc7fec,3,0,official,principal
4117,0,0,-1.1604689764126526,decision_function,,u_d85b7ade90cc7fec,3,0,official,principal
263,0,0,-0.7753065313036455,decision_function,,u_d85b7ade90cc7fec,3,0,official,principal
4897,0,0,-0.23933394552067833,decision_function,,u_d85b7ade90cc7fec,3,0,official,principal
6474,0,0,-0.8194636134273093,decision_function,,u_d85b7ade90cc7fec,3,0,official,principal
4081,1,1,1.3562787550878885,decision_function,,u_d85b7ade90cc7fec,3,0,official,principal
6204,0,1,0.19691796668497408,decision_function,,u_d85b7ade90cc7fec,3,0,official,principal
790,0,0,-1.7919698410180953,decision_function,,u_d85b7ade90cc7fec,3,0,official,principal
1287,0,1,0.5851077884476885,decision_function,,u_d85b7ade90cc7fec,3,0,official,principal
1709,0,0,-0.2677212636709403,decision_function,,u_d85b7ade90cc7fec,3,0,official,principal
6420,0,1,0.16809102786265284,decision_function,,u_d85b7ade90cc7fec,3,0,official,principal
2504,1,1,1.2378123557031218,decision_function,,u_d85b7ade90cc7fec,3,0,official,principal
2989,0,0,-0.3304028738633209,decision_function,,u_d85b7ade90cc7fec,3,0,official,principal
4252,0,1,0.18169354317409403,decision_function,,u_d85b7ade90cc7fec,3,0,official,principal
2287,1,0,-0.7483070219582305,decision_function,,u_d85b7ade90cc7fec,3,0,official,principal
1645,1,1,0.7606974109279776,decision_function,,u_d85b7ade90cc7fec,3,0,official,principal
4880,0,0,-1.7233142729291104,decision_function,,u_d85b7ade90cc7fec,3,0,official,principal
5335,0,0,-1.1281749301906876,decision_function,,u_d85b7ade90cc7fec,3,0,official,principal
1822,1,1,0.33114099267005304,decision_function,,u_d85b7ade90cc7fec,3,0,official,principal
3471,0,0,-1.4357430870678414,decision_function,,u_d85b7ade90cc7fec,3,0,official,principal
5665,0,0,-0.2325028288574933,decision_function,,u_d85b7ade90cc7fec,3,0,official,principal
4150,0,1,1.6663495387254368,decision_function,,u_d85b7ade90cc7fec,3,0,official,principal
2371,0,1,0.31862800242024414,decision_function,,u_d85b7ade90cc7fec,3,0,official,principal
1787,0,1,0.01870683532902917,decision_function,,u_d85b7ade90cc7fec,3,0,official,principal
525,0,0,-0.5982892247459798,decision_function,,u_d85b7ade90cc7fec,3,0,official,principal
6281,0,0,-0.8724105991389356,decision_function,,u_d85b7ade90cc7fec,3,0,official,principal
15,0,0,-1.6766324528314303,decision_function,,u_d85b7ade90cc7fec,3,0,official,principal
5162,0,0,-0.6846122807581123,decision_function,,u_d85b7ade90cc7fec,3,0,official,principal
4207,0,0,-0.2941980572994978,decision_function,,u_d85b7ade90cc7fec,3,0,official,principal
5085,0,0,-0.05228340168666501,decision_function,,u_d85b7ade90cc7fec,3,0,official,principal
3866,0,0,-1.1351582377181253,decision_function,,u_d85b7ade90cc7fec,3,0,official,principal
722,1,1,1.4867053012701639,decision_function,,u_d85b7ade90cc7fec,3,0,official,principal
1352,0,0,-1.9575957566407844,decision_function,,u_d85b7ade90cc7fec,3,0,official,principal
2348,0,0,-1.4996144407133243,decision_function,,u_d85b7ade90cc7fec,3,0,official,principal
3752,0,0,-1.0956897999485666,decision_function,,u_d85b7ade90cc7fec,3,0,official,principal
5448,0,0,-0.4805037934713585,decision_function,,u_d85b7ade90cc7fec,3,0,official,principal
3418,0,0,-0.2306910704794356,decision_function,,u_d85b7ade90cc7fec,3,0,official,principal
3325,1,1,1.6007225547499349,decision_function,,u_d85b7ade90cc7fec,3,0,official,principal
5109,0,0,-2.2519382090855835,decision_function,,u_d85b7ade90cc7fec,3,0,official,principal
5130,1,1,0.38437264927901915,decision_function,,u_d85b7ade90cc7fec,3,0,official,principal
2824,0,0,-1.99043090883599,decision_function,,u_d85b7ade90cc7fec,3,0,official,principal
120,0,0,-0.5479127199440753,decision_function,,u_d85b7ade90cc7fec,3,0,official,principal
66,0,0,-0.10830046885584999,decision_function,,u_d85b7ade90cc7fec,3,0,official,principal
6978,0,0,-1.7886481414089315,decision_function,,u_d85b7ade90cc7fec,3,0,official,principal
466,0,0,-0.4855790955448822,decision_function,,u_d85b7ade90cc7fec,3,0,official,principal
2400,0,1,0.2172459436682621,decision_function,,u_d85b7ade90cc7fec,3,0,official,principal
6704,0,0,-0.2922016616716845,decision_function,,u_d85b7ade90cc7fec,3,0,official,principal
4901,1,1,1.2894820984749484,decision_function,,u_d85b7ade90cc7fec,3,0,official,principal
5733,0,0,-2.223471079958916,decision_function,,u_d85b7ade90cc7fec,3,0,official,principal
1559,0,0,-0.4616430899350147,decision_function,,u_d85b7ade90cc7fec,3,0,official,principal
5805,0,0,-0.0673398003740685,decision_function,,u_d85b7ade90cc7fec,3,0,official,principal
4659,0,0,-0.9894346242899081,decision_function,,u_d85b7ade90cc7fec,3,0,official,principal
585,1,1,1.8208664352955048,decision_function,,u_d85b7ade90cc7fec,3,0,official,principal
2024,0,1,0.8625231718935942,decision_function,,u_d85b7ade90cc7fec,3,0,official,principal
3026,1,1,1.2218144153174288,decision_function,,u_d85b7ade90cc7fec,3,0,official,principal
4707,0,0,-0.653623536505061,decision_function,,u_d85b7ade90cc7fec,3,0,official,principal
6000,0,0,-1.970671789183231,decision_function,,u_d85b7ade90cc7fec,3,0,official,principal
1723,0,0,-1.0146647519716234,decision_function,,u_d85b7ade90cc7fec,3,0,official,principal
5282,1,1,1.7529187088389955,decision_function,,u_d85b7ade90cc7fec,3,0,official,principal
1064,0,0,-0.820131990213259,decision_function,,u_d85b7ade90cc7fec,3,0,official,principal
162,0,1,1.3208817008154974,decision_function,,u_d85b7ade90cc7fec,3,0,official,principal
5931,1,1,1.4285172441234983,decision_function,,u_d85b7ade90cc7fec,3,0,official,principal
3051,0,0,-1.9975457884662582,decision_function,,u_d85b7ade90cc7fec,3,0,official,principal
2571,0,1,0.00319523856871351,decision_function,,u_d85b7ade90cc7fec,3,0,official,principal
3983,1,1,0.7416448689664012,decision_function,,u_d85b7ade90cc7fec,3,0,official,principal
327,1,1,1.5184044585314018,decision_function,,u_d85b7ade90cc7fec,3,0,official,principal
3477,0,1,1.0556494130745422,decision_function,,u_d85b7ade90cc7fec,3,0,official,principal
2049,0,0,-0.6697865588280404,decision_function,,u_d85b7ade90cc7fec,3,0,official,principal
6092,0,0,-1.4767308770509282,decision_function,,u_d85b7ade90cc7fec,3,0,official,principal
6061,0,0,-0.1328595832334888,decision_function,,u_d85b7ade90cc7fec,3,0,official,principal
4009,0,0,-1.427449465132935,decision_function,,u_d85b7ade90cc7fec,3,0,official,principal
3284,0,1,0.6377756752984036,decision_function,,u_d85b7ade90cc7fec,3,0,official,principal
5221,0,0,-0.27655967798566383,decision_function,,u_d85b7ade90cc7fec,3,0,official,principal
1997,0,0,-0.8953580978085942,decision_function,,u_d85b7ade90cc7fec,3,0,official,principal
4465,0,1,0.13065717131501242,decision_function,,u_d85b7ade90cc7fec,3,0,official,principal
5184,0,0,-1.1431258778605666,decision_function,,u_d85b7ade90cc7fec,3,0,official,principal
5240,0,0,-0.8180585813061498,decision_function,,u_d85b7ade90cc7fec,3,0,official,principal
2536,1,0,-1.0734750856541186,decision_function,,u_d85b7ade90cc7fec,3,0,official,principal
5322,0,0,-0.30221505408950244,decision_function,,u_d85b7ade90cc7fec,3,0,official,principal
2035,0,0,-0.41231281756912475,decision_function,,u_d85b7ade90cc7fec,3,0,official,principal
2484,0,0,-0.8441495574816313,decision_function,,u_d85b7ade90cc7fec,3,0,official,principal
6548,0,0,-0.8654255039568928,decision_function,,u_d85b7ade90cc7fec,3,0,official,principal
3300,0,0,-1.5901432480325375,decision_function,,u_d85b7ade90cc7fec,3,0,official,principal
5580,0,0,-1.6463003089671564,decision_function,,u_d85b7ade90cc7fec,3,0,official,principal
569,0,0,-0.43605169829419066,decision_function,,u_d85b7ade90cc7fec,3,0,official,principal
1147,0,1,1.0430859712602556,decision_function,,u_d85b7ade90cc7fec,3,0,official,principal
3779,1,0,-1.9223309376501696,decision_function,,u_d85b7ade90cc7fec,3,0,official,principal
4717,0,1,0.08160856679388107,decision_function,,u_d85b7ade90cc7fec,3,0,official,principal
6430,0,0,-0.9514270979615889,decision_function,,u_d85b7ade90cc7fec,3,0,official,principal
2618,0,0,-1.0524300021293933,decision_function,,u_d85b7ade90cc7fec,3,0,official,principal
2001,0,0,-0.5175034705565925,decision_function,,u_d85b7ade90cc7fec,3,0,official,principal
4575,0,0,-0.3967620826083167,decision_function,,u_d85b7ade90cc7fec,3,0,official,principal
6930,1,1,0.9572861739985801,decision_function,,u_d85b7ade90cc7fec,3,0,official,principal
6966,0,0,-1.2339975153738356,decision_function,,u_d85b7ade90cc7fec,3,0,official,principal
530,0,0,-1.1133794202812513,decision_function,,u_d85b7ade90cc7fec,3,0,official,principal
3775,1,1,0.9309149875546681,decision_function,,u_d85b7ade90cc7fec,3,0,official,principal
4404,0,1,0.9027352075230595,decision_function,,u_d85b7ade90cc7fec,3,0,official,principal
5436,0,1,0.006384741310517361,decision_function,,u_d85b7ade90cc7fec,3,0,official,principal
3662,1,1,0.38115478785426427,decision_function,,u_d85b7ade90cc7fec,3,0,official,principal
3626,0,0,-0.37180854141830055,decision_function,,u_d85b7ade90cc7fec,3,0,official,principal
2531,0,0,-1.8293688571734796,decision_function,,u_d85b7ade90cc7fec,3,0,official,principal
640,0,0,-2.0707308096789534,decision_function,,u_d85b7ade90cc7fec,3,0,official,principal
3880,0,0,-0.3899708639551056,decision_function,,u_d85b7ade90cc7fec,3,0,official,principal
5779,1,0,-0.19218426852392978,decision_function,,u_d85b7ade90cc7fec,3,0,official,principal
3530,0,1,0.14937248824165805,decision_function,,u_d85b7ade90cc7fec,3,0,official,principal
7015,0,1,0.4082120643344922,decision_function,,u_d85b7ade90cc7fec,3,0,official,principal
5930,0,0,-1.3225683601644964,decision_function,,u_d85b7ade90cc7fec,3,0,official,principal
5695,0,0,-1.41696570096205,decision_function,,u_d85b7ade90cc7fec,3,0,official,principal
6927,0,0,-0.5008866973659335,decision_function,,u_d85b7ade90cc7fec,3,0,official,principal
914,0,0,-1.876546273376177,decision_function,,u_d85b7ade90cc7fec,3,0,official,principal
1623,0,0,-0.27167621858813373,decision_function,,u_d85b7ade90cc7fec,3,0,official,principal
1353,0,0,-1.581170433425536,decision_function,,u_d85b7ade90cc7fec,3,0,official,principal
3426,1,1,1.359219922795347,decision_function,,u_d85b7ade90cc7fec,3,0,official,principal
2768,0,0,-0.9849508140802987,decision_function,,u_d85b7ade90cc7fec,3,0,official,principal
1833,0,1,0.30377872304528597,decision_function,,u_d85b7ade90cc7fec,3,0,official,principal
3115,1,1,1.0970735782874337,decision_function,,u_d85b7ade90cc7fec,3,0,official,principal
4703,1,1,0.7947587892125252,decision_function,,u_d85b7ade90cc7fec,3,0,official,principal
3391,0,0,-0.5370600914531632,decision_function,,u_d85b7ade90cc7fec,3,0,official,principal
1823,1,1,0.4224770731500309,decision_function,,u_d85b7ade90cc7fec,3,0,official,principal
5699,0,1,0.8794847179743541,decision_function,,u_d85b7ade90cc7fec,3,0,official,principal
4339,0,0,-0.9785057327760165,decision_function,,u_d85b7ade90cc7fec,3,0,official,principal
2325,0,0,-0.04288264344328385,decision_function,,u_d85b7ade90cc7fec,3,0,official,principal
6684,0,0,-0.6630988822766877,decision_function,,u_d85b7ade90cc7fec,3,0,official,principal
372,0,0,-1.1758810133961695,decision_function,,u_d85b7ade90cc7fec,3,0,official,principal
5849,0,0,-1.654416171426437,decision_function,,u_d85b7ade90cc7fec,3,0,official,principal
5489,0,1,0.15797162723868197,decision_function,,u_d85b7ade90cc7fec,3,0,official,principal
6019,0,0,-0.071057220339929,decision_function,,u_d85b7ade90cc7fec,3,0,official,principal
3414,0,0,-1.5250933232436656,decision_function,,u_d85b7ade90cc7fec,3,0,official,principal
2938,0,0,-0.8726805836423497,decision_function,,u_d85b7ade90cc7fec,3,0,official,principal
4519,0,0,-0.6337779598607461,decision_function,,u_d85b7ade90cc7fec,3,0,official,principal
1165,0,0,-1.2953973027290897,decision_function,,u_d85b7ade90cc7fec,3,0,official,principal
1335,1,1,0.4538852924768906,decision_function,,u_d85b7ade90cc7fec,3,0,official,principal
2676,0,0,-1.3212162334186852,decision_function,,u_d85b7ade90cc7fec,3,0,official,principal
1306,1,0,-1.5649399584370682,decision_function,,u_d85b7ade90cc7fec,3,0,official,principal
4618,0,1,1.8701885810978005,decision_function,,u_d85b7ade90cc7fec,3,0,official,principal
3495,1,1,1.6652862228398504,decision_function,,u_d85b7ade90cc7fec,3,0,official,principal
4285,0,0,-1.5888645232776035,decision_function,,u_d85b7ade90cc7fec,3,0,official,principal
1317,0,0,-0.36084263491359436,decision_function,,u_d85b7ade90cc7fec,3,0,official,principal
3435,0,1,0.9795658439583115,decision_function,,u_d85b7ade90cc7fec,3,0,official,principal
3891,0,0,-1.2499794349608684,decision_function,,u_d85b7ade90cc7fec,3,0,official,principal
442,0,0,-0.8476414563116825,decision_function,,u_d85b7ade90cc7fec,3,0,official,principal
2112,0,0,-0.7998824162026216,decision_function,,u_d85b7ade90cc7fec,3,0,official,principal
4731,0,0,-1.312079778557301,decision_function,,u_d85b7ade90cc7fec,3,0,official,principal
1789,0,0,-0.7246304046347216,decision_function,,u_d85b7ade90cc7fec,3,0,official,principal
1582,0,0,-1.5072474772251434,decision_function,,u_d85b7ade90cc7fec,3,0,official,principal
5555,0,0,-2.2044474986631606,decision_function,,u_d85b7ade90cc7fec,3,0,official,principal
4814,1,1,0.9118665624542122,decision_function,,u_d85b7ade90cc7fec,3,0,official,principal
4729,0,0,-1.3637604497116764,decision_function,,u_d85b7ade90cc7fec,3,0,official,principal
5336,0,0,-0.47298204496840923,decision_function,,u_d85b7ade90cc7fec,3,0,official,principal
1222,0,0,-2.018231122893533,decision_function,,u_d85b7ade90cc7fec,3,0,official,principal
854,0,0,-2.088549437213148,decision_function,,u_d85b7ade90cc7fec,3,0,official,principal
2186,0,0,-1.8368535437529956,decision_function,,u_d85b7ade90cc7fec,3,0,official,principal
6935,0,0,-1.0339717766679466,decision_function,,u_d85b7ade90cc7fec,3,0,official,principal
2090,0,0,-1.0024302050052305,decision_function,,u_d85b7ade90cc7fec,3,0,official,principal
1048,0,0,-1.0531199138561202,decision_function,,u_d85b7ade90cc7fec,3,0,official,principal
3080,0,1,0.04049613079187808,decision_function,,u_d85b7ade90cc7fec,3,0,official,principal
5574,0,0,-0.8800657185535968,decision_function,,u_d85b7ade90cc7fec,3,0,official,principal
5063,1,1,0.9643447054361685,decision_function,,u_d85b7ade90cc7fec,3,0,official,principal
5563,0,0,-0.5121610468667527,decision_function,,u_d85b7ade90cc7fec,3,0,official,principal
2605,0,0,-0.6781720673770574,decision_function,,u_d85b7ade90cc7fec,3,0,official,principal
5829,0,0,-0.7466966812787248,decision_function,,u_d85b7ade90cc7fec,3,0,official,principal
5036,1,1,1.0189983024715377,decision_function,,u_d85b7ade90cc7fec,3,0,official,principal
6507,1,0,-0.6257621805194816,decision_function,,u_d85b7ade90cc7fec,3,0,official,principal
2051,0,0,-2.242899500268493,decision_function,,u_d85b7ade90cc7fec,3,0,official,principal
1649,0,0,-0.3868317669436714,decision_function,,u_d85b7ade90cc7fec,3,0,official,principal
5713,0,0,-1.2727895040446875,decision_function,,u_d85b7ade90cc7fec,3,0,official,principal
4125,0,0,-0.4452433710873043,decision_function,,u_d85b7ade90cc7fec,3,0,official,principal
4027,1,1,0.3199867081350818,decision_function,,u_d85b7ade90cc7fec,3,0,official,principal
6559,0,1,0.009303971715451054,decision_function,,u_d85b7ade90cc7fec,3,0,official,principal
6065,0,0,-1.7733273368116684,decision_function,,u_d85b7ade90cc7fec,3,0,official,principal
2416,0,1,0.5144622519517656,decision_function,,u_d85b7ade90cc7fec,3,0,official,principal
2415,1,1,0.3677958502211658,decision_function,,u_d85b7ade90cc7fec,3,0,official,principal
7006,1,1,0.2750924197882638,decision_function,,u_d85b7ade90cc7fec,3,0,official,principal
6567,0,1,1.2518791866045864,decision_function,,u_d85b7ade90cc7fec,3,0,official,principal
6569,0,0,-1.0380720541715278,decision_function,,u_d85b7ade90cc7fec,3,0,official,principal
4118,0,0,-0.37234105339016166,decision_function,,u_d85b7ade90cc7fec,3,0,official,principal
3580,1,1,0.27822573693017705,decision_function,,u_d85b7ade90cc7fec,3,0,official,principal
2643,1,1,0.8398767040897839,decision_function,,u_d85b7ade90cc7fec,3,0,official,principal
5936,0,0,-1.35321186650576,decision_function,,u_d85b7ade90cc7fec,3,0,official,principal
3278,0,0,-1.3157823081199953,decision_function,,u_d85b7ade90cc7fec,3,0,official,principal
3108,0,0,-0.7680218657936704,decision_function,,u_d85b7ade90cc7fec,3,0,official,principal
2817,0,0,-1.591675675588438,decision_function,,u_d85b7ade90cc7fec,3,0,official,principal
1457,0,1,0.21881089008970078,decision_function,,u_d85b7ade90cc7fec,3,0,official,principal
7042,0,0,-1.0320557854835368,decision_function,,u_d85b7ade90cc7fec,3,0,official,principal
5937,1,1,1.582160524141065,decision_function,,u_d85b7ade90cc7fec,3,0,official,principal
776,0,0,-0.041002457374980095,decision_function,,u_d85b7ade90cc7fec,3,0,official,principal
6686,0,0,-1.0959769803268595,decision_function,,u_d85b7ade90cc7fec,3,0,official,principal
2240,0,0,-1.6706338139566381,decision_function,,u_d85b7ade90cc7fec,3,0,official,principal
2597,0,0,-0.7402214029943675,decision_function,,u_d85b7ade90cc7fec,3,0,official,principal
3739,0,0,-0.7512354103843227,decision_function,,u_d85b7ade90cc7fec,3,0,official,principal
6226,0,0,-1.889000980517638,decision_function,,u_d85b7ade90cc7fec,3,0,official,principal
2352,0,0,-0.26116332619071503,decision_function,,u_d85b7ade90cc7fec,3,0,official,principal
1510,0,0,-2.057481825496512,decision_function,,u_d85b7ade90cc7fec,3,0,official,principal
5413,0,1,0.9508627362767614,decision_function,,u_d85b7ade90cc7fec,3,0,official,principal
429,0,0,-1.97588485589091,decision_function,,u_d85b7ade90cc7fec,3,0,official,principal
3009,0,0,-0.06265877427087163,decision_function,,u_d85b7ade90cc7fec,3,0,official,principal
946,0,0,-0.4187824500324657,decision_function,,u_d85b7ade90cc7fec,3,0,official,principal
6693,0,1,0.5773932294344437,decision_function,,u_d85b7ade90cc7fec,3,0,official,principal
6940,0,0,-2.2557125516095047,decision_function,,u_d85b7ade90cc7fec,3,0,official,principal
5350,0,0,-1.4376049277166847,decision_function,,u_d85b7ade90cc7fec,3,0,official,principal
4011,0,0,-1.059623190254347,decision_function,,u_d85b7ade90cc7fec,3,0,official,principal
5666,0,0,-0.9384462693535011,decision_function,,u_d85b7ade90cc7fec,3,0,official,principal
182,1,1,0.8877214687977493,decision_function,,u_d85b7ade90cc7fec,3,0,official,principal
4050,0,1,0.3543907883501789,decision_function,,u_d85b7ade90cc7fec,3,0,official,principal
463,1,1,1.5774648130104587,decision_function,,u_d85b7ade90cc7fec,3,0,official,principal
6215,1,1,1.748791444265079,decision_function,,u_d85b7ade90cc7fec,3,0,official,principal
3094,0,0,-0.7229512328584279,decision_function,,u_d85b7ade90cc7fec,3,0,official,principal
3958,1,1,0.7751851022444041,decision_function,,u_d85b7ade90cc7fec,3,0,official,principal
2331,0,0,-0.8710896852289458,decision_function,,u_d85b7ade90cc7fec,3,0,official,principal
4601,0,1,0.1319549391976469,decision_function,,u_d85b7ade90cc7fec,3,0,official,principal
6213,0,0,-1.2507388622835367,decision_function,,u_d85b7ade90cc7fec,3,0,official,principal
4374,0,0,-1.9491991939073272,decision_function,,u_d85b7ade90cc7fec,3,0,official,principal
215,0,0,-0.8371968796264252,decision_function,,u_d85b7ade90cc7fec,3,0,official,principal
6952,1,1,0.1900354601783747,decision_function,,u_d85b7ade90cc7fec,3,0,official,principal
4075,0,0,-0.784651358778079,decision_function,,u_d85b7ade90cc7fec,3,0,official,principal
4656,0,1,0.4702475895209721,decision_function,,u_d85b7ade90cc7fec,3,0,official,principal
4347,0,0,-0.49158147562422605,decision_function,,u_d85b7ade90cc7fec,3,0,official,principal
2230,0,0,-1.7631911384905503,decision_function,,u_d85b7ade90cc7fec,3,0,official,principal
6515,1,0,-0.2368181014130184,decision_function,,u_d85b7ade90cc7fec,3,0,official,principal
1058,1,1,1.2070826065729785,decision_function,,u_d85b7ade90cc7fec,3,0,official,principal
6997,0,1,0.6304549578603507,decision_function,,u_d85b7ade90cc7fec,3,0,official,principal
248,1,1,0.21870000296182535,decision_function,,u_d85b7ade90cc7fec,3,0,official,principal
2084,1,1,0.6265977697452338,decision_function,,u_d85b7ade90cc7fec,3,0,official,principal
4587,0,1,0.0016729470213163733,decision_function,,u_d85b7ade90cc7fec,3,0,official,principal
6506,1,1,1.3697119419714603,decision_function,,u_d85b7ade90cc7fec,3,0,official,principal
5456,1,1,0.42883450682555413,decision_function,,u_d85b7ade90cc7fec,3,0,official,principal
6310,0,0,-0.875410985211718,decision_function,,u_d85b7ade90cc7fec,3,0,official,principal
5286,1,1,0.9339035319205353,decision_function,,u_d85b7ade90cc7fec,3,0,official,principal
3100,0,0,-0.31432477669640946,decision_function,,u_d85b7ade90cc7fec,3,0,official,principal
3040,1,0,-1.0767515650650687,decision_function,,u_d85b7ade90cc7fec,3,0,official,principal
2327,0,1,0.5961350945630264,decision_function,,u_d85b7ade90cc7fec,3,0,official,principal
3146,1,1,0.7609693683528869,decision_function,,u_d85b7ade90cc7fec,3,0,official,principal
7022,0,0,-0.480910896724667,decision_function,,u_d85b7ade90cc7fec,3,0,official,principal
2445,0,0,-0.33699277108607484,decision_function,,u_d85b7ade90cc7fec,3,0,official,principal
3886,0,0,-0.8745966042556881,decision_function,,u_d85b7ade90cc7fec,3,0,official,principal
1744,0,0,-0.3387809351720865,decision_function,,u_d85b7ade90cc7fec,3,0,official,principal
6573,0,0,-1.3497485326705172,decision_function,,u_d85b7ade90cc7fec,3,0,official,principal
4298,0,1,0.008918671185954574,decision_function,,u_d85b7ade90cc7fec,3,0,official,principal
1828,0,0,-1.1165535587304394,decision_function,,u_d85b7ade90cc7fec,3,0,official,principal
3666,1,0,-0.11780162362961277,decision_function,,u_d85b7ade90cc7fec,3,0,official,principal
6590,1,1,1.372566364888845,decision_function,,u_d85b7ade90cc7fec,3,0,official,principal
4195,0,0,-0.14303439974691556,decision_function,,u_d85b7ade90cc7fec,3,0,official,principal
5654,0,0,-1.2585073586816529,decision_function,,u_d85b7ade90cc7fec,3,0,official,principal
381,1,1,0.11965897170869133,decision_function,,u_d85b7ade90cc7fec,3,0,official,principal
16,0,0,-1.7787670302925065,decision_function,,u_d85b7ade90cc7fec,3,0,official,principal
3013,0,0,-0.09922798286928958,decision_function,,u_d85b7ade90cc7fec,3,0,official,principal
1769,0,0,-0.599886239595619,decision_function,,u_d85b7ade90cc7fec,3,0,official,principal
5910,0,1,0.29121850289925333,decision_function,,u_d85b7ade90cc7fec,3,0,official,principal
3281,0,1,0.06919284445559248,decision_function,,u_d85b7ade90cc7fec,3,0,official,principal
3445,0,0,-0.026327062978098503,decision_function,,u_d85b7ade90cc7fec,3,0,official,principal
3729,0,0,-1.6980411294848752,decision_function,,u_d85b7ade90cc7fec,3,0,official,principal
5321,0,0,-1.3721668317619244,decision_function,,u_d85b7ade90cc7fec,3,0,official,principal
5939,0,0,-0.4911710641784691,decision_function,,u_d85b7ade90cc7fec,3,0,official,principal
6316,0,0,-2.026872534839007,decision_function,,u_d85b7ade90cc7fec,3,0,official,principal
3617,1,1,0.855681996002742,decision_function,,u_d85b7ade90cc7fec,3,0,official,principal
3993,0,0,-1.8307830641080276,decision_function,,u_d85b7ade90cc7fec,3,0,official,principal
5382,0,0,-1.6326584959586454,decision_function,,u_d85b7ade90cc7fec,3,0,official,principal
4261,0,0,-1.3937207902222135,decision_function,,u_d85b7ade90cc7fec,3,0,official,principal
5425,0,1,0.7977969078190261,decision_function,,u_d85b7ade90cc7fec,3,0,official,principal
1711,0,0,-1.8297643787421396,decision_function,,u_d85b7ade90cc7fec,3,0,official,principal
6408,1,0,-0.7692621594213354,decision_function,,u_d85b7ade90cc7fec,3,0,official,principal
3054,0,0,-0.9749500716816137,decision_function,,u_d85b7ade90cc7fec,3,0,official,principal
3268,0,0,-0.6203547154042539,decision_function,,u_d85b7ade90cc7fec,3,0,official,principal
331,0,0,-0.6394330464312332,decision_function,,u_d85b7ade90cc7fec,3,0,official,principal
6337,0,0,-0.9682715888061755,decision_function,,u_d85b7ade90cc7fec,3,0,official,principal
1898,1,1,1.3248486229126246,decision_function,,u_d85b7ade90cc7fec,3,0,official,principal
4793,0,0,-0.5253941146312012,decision_function,,u_d85b7ade90cc7fec,3,0,official,principal
4003,0,0,-1.4533723533629894,decision_function,,u_d85b7ade90cc7fec,3,0,official,principal
6833,0,1,0.8388764649750471,decision_function,,u_d85b7ade90cc7fec,3,0,official,principal
3447,0,0,-0.536251129566412,decision_function,,u_d85b7ade90cc7fec,3,0,official,principal
841,0,0,-1.039155372539191,decision_function,,u_d85b7ade90cc7fec,3,0,official,principal
4346,0,0,-0.9454773481090992,decision_function,,u_d85b7ade90cc7fec,3,0,official,principal
28,0,0,-1.712669363746072,decision_function,,u_d85b7ade90cc7fec,3,0,official,principal
2786,0,0,-1.1342708026032118,decision_function,,u_d85b7ade90cc7fec,3,0,official,principal
307,0,0,-0.7775909018508466,decision_function,,u_d85b7ade90cc7fec,3,0,official,principal
3042,1,0,-0.8376342813140422,decision_function,,u_d85b7ade90cc7fec,3,0,official,principal
4203,0,0,-1.0639849088793296,decision_function,,u_d85b7ade90cc7fec,3,0,official,principal
422,0,0,-0.46593381793668687,decision_function,,u_d85b7ade90cc7fec,3,0,official,principal
6283,1,1,0.9944200323793344,decision_function,,u_d85b7ade90cc7fec,3,0,official,principal
2134,0,0,-0.4586943588787825,decision_function,,u_d85b7ade90cc7fec,3,0,official,principal
6518,1,1,0.5530108771750866,decision_function,,u_d85b7ade90cc7fec,3,0,official,principal
4367,0,0,-1.003176272273044,decision_function,,u_d85b7ade90cc7fec,3,0,official,principal
4053,0,1,0.03119240354181585,decision_function,,u_d85b7ade90cc7fec,3,0,official,principal
6417,1,1,0.11842380189563051,decision_function,,u_d85b7ade90cc7fec,3,0,official,principal
734,0,1,0.37910904299901804,decision_function,,u_d85b7ade90cc7fec,3,0,official,principal
227,1,1,0.2997199165740425,decision_function,,u_d85b7ade90cc7fec,3,0,official,principal
765,0,1,0.323976486734298,decision_function,,u_d85b7ade90cc7fec,3,0,official,principal
5735,0,0,-1.827594125095085,decision_function,,u_d85b7ade90cc7fec,3,0,official,principal
2481,0,0,-1.5915477816888157,decision_function,,u_d85b7ade90cc7fec,3,0,official,principal
3996,0,0,-1.1703759863965253,decision_function,,u_d85b7ade90cc7fec,3,0,official,principal
6692,0,0,-0.5524050942725728,decision_function,,u_d85b7ade90cc7fec,3,0,official,principal
5808,0,0,-0.6921341057480884,decision_function,,u_d85b7ade90cc7fec,3,0,official,principal
3688,0,1,0.15281049852821305,decision_function,,u_d85b7ade90cc7fec,3,0,official,principal
6002,1,1,1.4105004100971785,decision_function,,u_d85b7ade90cc7fec,3,0,official,principal
2121,0,0,-0.4549926620724254,decision_function,,u_d85b7ade90cc7fec,3,0,official,principal
5129,0,1,0.8562985816725797,decision_function,,u_d85b7ade90cc7fec,3,0,official,principal
4927,0,0,-1.3369614730225283,decision_function,,u_d85b7ade90cc7fec,3,0,official,principal
4715,0,0,-1.5032189807072438,decision_function,,u_d85b7ade90cc7fec,3,0,official,principal
5764,0,0,-0.5754543689053829,decision_function,,u_d85b7ade90cc7fec,3,0,official,principal
5348,0,0,-0.6953125311599343,decision_function,,u_d85b7ade90cc7fec,3,0,official,principal
2969,0,0,-1.0532070718029878,decision_function,,u_d85b7ade90cc7fec,3,0,official,principal
5079,0,1,0.7896521523697173,decision_function,,u_d85b7ade90cc7fec,3,0,official,principal
2512,0,0,-0.5622517523125499,decision_function,,u_d85b7ade90cc7fec,3,0,official,principal
1220,0,0,-0.04319989667199975,decision_function,,u_d85b7ade90cc7fec,3,0,official,principal
3676,0,0,-0.7791233966301095,decision_function,,u_d85b7ade90cc7fec,3,0,official,principal
2801,0,0,-0.9803728520603707,decision_function,,u_d85b7ade90cc7fec,3,0,official,principal
6327,0,0,-0.05930173640462699,decision_function,,u_d85b7ade90cc7fec,3,0,official,principal
4376,0,0,-0.07620709474372489,decision_function,,u_d85b7ade90cc7fec,3,0,official,principal
194,0,0,-2.0937523880512146,decision_function,,u_d85b7ade90cc7fec,3,0,official,principal
2586,0,0,-1.495226096092824,decision_function,,u_d85b7ade90cc7fec,3,0,official,principal
5868,0,1,0.4427636747676251,decision_function,,u_d85b7ade90cc7fec,3,0,official,principal
6510,0,0,-1.0118049980225727,decision_function,,u_d85b7ade90cc7fec,3,0,official,principal
6817,0,0,-2.113941664221314,decision_function,,u_d85b7ade90cc7fec,3,0,official,principal
606,0,0,-1.2611376224398203,decision_function,,u_d85b7ade90cc7fec,3,0,official,principal
3032,0,0,-1.0815858712152386,decision_function,,u_d85b7ade90cc7fec,3,0,official,principal
4457,0,0,-0.16073565363453146,decision_function,,u_d85b7ade90cc7fec,3,0,official,principal
4754,0,0,-1.9358115181626077,decision_function,,u_d85b7ade90cc7fec,3,0,official,principal
4278,0,1,0.01176456697737005,decision_function,,u_d85b7ade90cc7fec,3,0,official,principal
1307,0,0,-0.9804463719243705,decision_function,,u_d85b7ade90cc7fec,3,0,official,principal
6857,0,0,-0.05929958953880754,decision_function,,u_d85b7ade90cc7fec,3,0,official,principal
1065,1,1,0.5479749703779855,decision_function,,u_d85b7ade90cc7fec,3,0,official,principal
6482,1,1,1.855545262602375,decision_function,,u_d85b7ade90cc7fec,3,0,official,principal
3518,0,0,-0.4683183459036081,decision_function,,u_d85b7ade90cc7fec,3,0,official,principal
5195,0,0,-1.7987536839373057,decision_function,,u_d85b7ade90cc7fec,3,0,official,principal
3692,0,1,0.5551658072206205,decision_function,,u_d85b7ade90cc7fec,3,0,official,principal
4395,1,0,-0.2712852940099022,decision_function,,u_d85b7ade90cc7fec,3,0,official,principal
6103,0,0,-0.8144637239578634,decision_function,,u_d85b7ade90cc7fec,3,0,official,principal
5138,0,0,-0.415691734694259,decision_function,,u_d85b7ade90cc7fec,3,0,official,principal
3479,1,1,0.4174331634939543,decision_function,,u_d85b7ade90cc7fec,3,0,official,principal
6886,1,1,1.5422007267215079,decision_function,,u_d85b7ade90cc7fec,3,0,official,principal
3888,1,1,0.8579035456169144,decision_function,,u_d85b7ade90cc7fec,3,0,official,principal
5911,0,0,-0.34301943643856925,decision_function,,u_d85b7ade90cc7fec,3,0,official,principal
1920,0,0,-0.5724225180810577,decision_function,,u_d85b7ade90cc7fec,3,0,official,principal
4155,0,0,-1.1218980853252245,decision_function,,u_d85b7ade90cc7fec,3,0,official,principal
3718,0,1,0.055156103378963595,decision_function,,u_d85b7ade90cc7fec,3,0,official,principal
6689,0,0,-1.1246043499914247,decision_function,,u_d85b7ade90cc7fec,3,0,official,principal
5471,0,1,0.7616053174126907,decision_function,,u_d85b7ade90cc7fec,3,0,official,principal
2358,0,0,-1.5099346692301212,decision_function,,u_d85b7ade90cc7fec,3,0,official,principal
6572,0,0,-1.6059668506187883,decision_function,,u_d85b7ade90cc7fec,3,0,official,principal
870,0,0,-1.2914770938726226,decision_function,,u_d85b7ade90cc7fec,3,0,official,principal
6975,0,0,-0.5947339232193953,decision_function,,u_d85b7ade90cc7fec,3,0,official,principal
6793,0,0,-1.2760393837768205,decision_function,,u_d85b7ade90cc7fec,3,0,official,principal
294,0,0,-0.6888944211488014,decision_function,,u_d85b7ade90cc7fec,3,0,official,principal
253,0,0,-0.8910710855408116,decision_function,,u_d85b7ade90cc7fec,3,0,official,principal
5226,0,0,-0.16737940343497615,decision_function,,u_d85b7ade90cc7fec,3,0,official,principal
6876,0,0,-0.7048675227932218,decision_function,,u_d85b7ade90cc7fec,3,0,official,principal
5582,0,0,-1.607870454432311,decision_function,,u_d85b7ade90cc7fec,3,0,official,principal
6141,1,1,0.3561175316603489,decision_function,,u_d85b7ade90cc7fec,3,0,official,principal
3634,0,0,-1.3062498243362404,decision_function,,u_d85b7ade90cc7fec,3,0,official,principal
6929,0,0,-1.1237824222176265,decision_function,,u_d85b7ade90cc7fec,3,0,official,principal
6792,1,0,-1.3953113248759035,decision_function,,u_d85b7ade90cc7fec,3,0,official,principal
1125,1,1,0.8826549214240318,decision_function,,u_d85b7ade90cc7fec,3,0,official,principal
4309,0,1,0.6490862987401427,decision_function,,u_d85b7ade90cc7fec,3,0,official,principal
4263,0,0,-1.3406406797797454,decision_function,,u_d85b7ade90cc7fec,3,0,official,principal
3205,0,0,-1.3587970958864686,decision_function,,u_d85b7ade90cc7fec,3,0,official,principal
2123,0,1,0.6583044338713788,decision_function,,u_d85b7ade90cc7fec,3,0,official,principal
4064,0,1,0.3326293989128788,decision_function,,u_d85b7ade90cc7fec,3,0,official,principal
5438,1,1,1.0790259321355455,decision_function,,u_d85b7ade90cc7fec,3,0,official,principal
3052,0,0,-0.5078447270675006,decision_function,,u_d85b7ade90cc7fec,3,0,official,principal
1684,0,0,-0.6131925201611702,decision_function,,u_d85b7ade90cc7fec,3,0,official,principal
1620,0,0,-0.2726202763680796,decision_function,,u_d85b7ade90cc7fec,3,0,official,principal
6379,1,1,0.8723270010381514,decision_function,,u_d85b7ade90cc7fec,3,0,official,principal
3659,0,0,-1.312713207975758,decision_function,,u_d85b7ade90cc7fec,3,0,official,principal
3872,0,1,0.9325425921689214,decision_function,,u_d85b7ade90cc7fec,3,0,official,principal
2613,1,1,1.0453305896540865,decision_function,,u_d85b7ade90cc7fec,3,0,official,principal
885,0,0,-0.18222493764013126,decision_function,,u_d85b7ade90cc7fec,3,0,official,principal
6706,0,0,-0.46202420202865435,decision_function,,u_d85b7ade90cc7fec,3,0,official,principal
3839,0,0,-0.9184460532182009,decision_function,,u_d85b7ade90cc7fec,3,0,official,principal
2906,0,0,-0.024459159665197183,decision_function,,u_d85b7ade90cc7fec,3,0,official,principal
2635,0,0,-1.8527192082839543,decision_function,,u_d85b7ade90cc7fec,3,0,official,principal
2557,0,1,0.14976414801569593,decision_function,,u_d85b7ade90cc7fec,3,0,official,principal
4130,0,1,0.06016008122245009,decision_function,,u_d85b7ade90cc7fec,3,0,official,principal
1360,1,1,1.7058682479144538,decision_function,,u_d85b7ade90cc7fec,3,0,official,principal
911,0,1,0.6627994854714263,decision_function,,u_d85b7ade90cc7fec,3,0,official,principal
1309,1,1,1.2116359511502794,decision_function,,u_d85b7ade90cc7fec,3,0,official,principal
3180,0,0,-0.4929081463395413,decision_function,,u_d85b7ade90cc7fec,3,0,official,principal
4447,0,0,-0.5545724662331913,decision_function,,u_d85b7ade90cc7fec,3,0,official,principal
6183,0,0,-0.5450910368608036,decision_function,,u_d85b7ade90cc7fec,3,0,official,principal
1701,1,0,-0.9249627598967706,decision_function,,u_d85b7ade90cc7fec,3,0,official,principal
2614,1,0,-1.3823460425054261,decision_function,,u_d85b7ade90cc7fec,3,0,official,principal
1531,0,0,-0.5485022272136587,decision_function,,u_d85b7ade90cc7fec,3,0,official,principal
5116,1,1,1.0879974627852185,decision_function,,u_d85b7ade90cc7fec,3,0,official,principal
1561,1,1,1.4805936057283187,decision_function,,u_d85b7ade90cc7fec,3,0,official,principal
2595,0,0,-1.2435175237406733,decision_function,,u_d85b7ade90cc7fec,3,0,official,principal
2683,1,1,0.772981227213849,decision_function,,u_d85b7ade90cc7fec,3,0,official,principal
5141,0,0,-0.2836738106282086,decision_function,,u_d85b7ade90cc7fec,3,0,official,principal
2016,1,1,1.1663921273802778,decision_function,,u_d85b7ade90cc7fec,3,0,official,principal
5058,0,0,-0.4200747109437498,decision_function,,u_d85b7ade90cc7fec,3,0,official,principal
1767,0,0,-1.3156383590807588,decision_function,,u_d85b7ade90cc7fec,3,0,official,principal
103,0,0,-1.3180687490693304,decision_function,,u_d85b7ade90cc7fec,3,0,official,principal
616,0,1,0.18206241714899463,decision_function,,u_d85b7ade90cc7fec,3,0,official,principal
1931,0,0,-0.5070019037123221,decision_function,,u_d85b7ade90cc7fec,3,0,official,principal
5869,0,0,-0.28310960194686197,decision_function,,u_d85b7ade90cc7fec,3,0,official,principal
4553,0,0,-1.2346430565848272,decision_function,,u_d85b7ade90cc7fec,3,0,official,principal
4517,1,1,1.7141127644254437,decision_function,,u_d85b7ade90cc7fec,3,0,official,principal
5913,0,0,-0.3788938427962223,decision_function,,u_d85b7ade90cc7fec,3,0,official,principal
5383,1,1,0.7776334633934769,decision_function,,u_d85b7ade90cc7fec,3,0,official,principal
789,0,0,-2.082802216551693,decision_function,,u_d85b7ade90cc7fec,3,0,official,principal
6545,1,1,0.7116519977760543,decision_function,,u_d85b7ade90cc7fec,3,0,official,principal
6666,0,1,0.26012677344053636,decision_function,,u_d85b7ade90cc7fec,3,0,official,principal
1732,0,0,-0.4436022855340651,decision_function,,u_d85b7ade90cc7fec,3,0,official,principal
6496,1,1,0.44053008442319697,decision_function,,u_d85b7ade90cc7fec,3,0,official,principal
1719,0,1,1.437730406421754,decision_function,,u_d85b7ade90cc7fec,3,0,official,principal
4806,0,0,-1.8051539789038276,decision_function,,u_d85b7ade90cc7fec,3,0,official,principal
3422,0,0,-1.48381002548639,decision_function,,u_d85b7ade90cc7fec,3,0,official,principal
909,0,0,-0.6143153654216161,decision_function,,u_d85b7ade90cc7fec,3,0,official,principal
5056,0,0,-2.0309234181347087,decision_function,,u_d85b7ade90cc7fec,3,0,official,principal
3592,1,1,0.836562679891028,decision_function,,u_d85b7ade90cc7fec,3,0,official,principal
6555,0,0,-1.0996314531380063,decision_function,,u_d85b7ade90cc7fec,3,0,official,principal
2551,0,0,-0.6318766095636892,decision_function,,u_d85b7ade90cc7fec,3,0,official,principal
4922,0,0,-1.195591554323707,decision_function,,u_d85b7ade90cc7fec,3,0,official,principal
5969,0,0,-0.04780274634385928,decision_function,,u_d85b7ade90cc7fec,3,0,official,principal
3561,1,1,0.6765649564150664,decision_function,,u_d85b7ade90cc7fec,3,0,official,principal
3613,0,0,-0.5306675242872578,decision_function,,u_d85b7ade90cc7fec,3,0,official,principal
2474,0,1,0.5174030506296707,decision_function,,u_d85b7ade90cc7fec,3,0,official,principal
5206,0,0,-1.344432426183662,decision_function,,u_d85b7ade90cc7fec,3,0,official,principal
6594,0,0,-0.060140004296887484,decision_function,,u_d85b7ade90cc7fec,3,0,official,principal
2000,0,1,0.6436113177579348,decision_function,,u_d85b7ade90cc7fec,3,0,official,principal
2113,0,0,-0.44699835481387673,decision_function,,u_d85b7ade90cc7fec,3,0,official,principal
6195,1,1,1.0810452827026154,decision_function,,u_d85b7ade90cc7fec,3,0,official,principal
1396,1,0,-0.5884440131525672,decision_function,,u_d85b7ade90cc7fec,3,0,official,principal
751,0,0,-1.6789155626881729,decision_function,,u_d85b7ade90cc7fec,3,0,official,principal
4479,0,0,-1.406629256975409,decision_function,,u_d85b7ade90cc7fec,3,0,official,principal
3577,1,0,-0.7281080226646857,decision_function,,u_d85b7ade90cc7fec,3,0,official,principal
430,1,0,-1.5506119025656107,decision_function,,u_d85b7ade90cc7fec,3,0,official,principal
2360,0,0,-2.1472412007825357,decision_function,,u_d85b7ade90cc7fec,3,0,official,principal
5273,0,0,-2.182538390448121,decision_function,,u_d85b7ade90cc7fec,3,0,official,principal
6520,1,1,1.5378716853174363,decision_function,,u_d85b7ade90cc7fec,3,0,official,principal
3556,0,0,-1.0593726853738379,decision_function,,u_d85b7ade90cc7fec,3,0,official,principal
916,0,1,0.45550370577920263,decision_function,,u_d85b7ade90cc7fec,3,0,official,principal
1052,0,0,-0.5282482945957141,decision_function,,u_d85b7ade90cc7fec,3,0,official,principal
3137,0,0,-0.3311924229286284,decision_function,,u_d85b7ade90cc7fec,3,0,official,principal
6691,0,0,-1.4222856351800757,decision_function,,u_d85b7ade90cc7fec,3,0,official,principal
4135,0,0,-0.8919585253312324,decision_function,,u_d85b7ade90cc7fec,3,0,official,principal
35,0,0,-1.763391589032155,decision_function,,u_d85b7ade90cc7fec,3,0,official,principal
636,0,0,-0.12592846237258049,decision_function,,u_d85b7ade90cc7fec,3,0,official,principal
3595,1,1,1.1354403820445744,decision_function,,u_d85b7ade90cc7fec,3,0,official,principal
48,0,0,-1.0649371162938093,decision_function,,u_d85b7ade90cc7fec,3,0,official,principal
3475,0,0,-0.9927408826193583,decision_function,,u_d85b7ade90cc7fec,3,0,official,principal
6636,0,0,-0.17692123605885768,decision_function,,u_d85b7ade90cc7fec,3,0,official,principal
5304,0,1,0.6048764477503175,decision_function,,u_d85b7ade90cc7fec,3,0,official,principal
4827,1,1,1.0214766812098472,decision_function,,u_d85b7ade90cc7fec,3,0,official,principal
5816,0,1,0.47736436857568587,decision_function,,u_d85b7ade90cc7fec,3,0,official,principal
4918,0,0,-1.9330800800962404,decision_function,,u_d85b7ade90cc7fec,3,0,official,principal
2403,0,0,-1.729281626385893,decision_function,,u_d85b7ade90cc7fec,3,0,official,principal
4074,1,1,0.431150998014729,decision_function,,u_d85b7ade90cc7fec,3,0,official,principal
1636,0,0,-1.5567759503452954,decision_function,,u_d85b7ade90cc7fec,3,0,official,principal
3250,0,0,-0.7472041057759138,decision_function,,u_d85b7ade90cc7fec,3,0,official,principal
4445,0,0,-1.2782233793806013,decision_function,,u_d85b7ade90cc7fec,3,0,official,principal
1522,1,0,-0.2617846382484156,decision_function,,u_d85b7ade90cc7fec,3,0,official,principal
6266,1,1,0.35168567883583957,decision_function,,u_d85b7ade90cc7fec,3,0,official,principal
901,1,1,0.9307595541161575,decision_function,,u_d85b7ade90cc7fec,3,0,official,principal
1872,0,0,-1.6362301148811869,decision_function,,u_d85b7ade90cc7fec,3,0,official,principal
6751,0,0,-1.7329925665965216,decision_function,,u_d85b7ade90cc7fec,3,0,official,principal
1450,0,0,-0.5075014736532661,decision_function,,u_d85b7ade90cc7fec,3,0,official,principal
3643,0,0,-1.8966961977786228,decision_function,,u_d85b7ade90cc7fec,3,0,official,principal
6646,0,0,-1.9418213200695025,decision_function,,u_d85b7ade90cc7fec,3,0,official,principal
1095,0,1,1.525244663767883,decision_function,,u_d85b7ade90cc7fec,3,0,official,principal
4566,0,0,-0.6896116825001253,decision_function,,u_d85b7ade90cc7fec,3,0,official,principal
6106,1,1,0.2388187408228315,decision_function,,u_d85b7ade90cc7fec,3,0,official,principal
1936,0,0,-1.4722565988764043,decision_function,,u_d85b7ade90cc7fec,3,0,official,principal
446,1,1,0.7060841084076628,decision_function,,u_d85b7ade90cc7fec,3,0,official,principal
808,1,1,0.6918185890733641,decision_function,,u_d85b7ade90cc7fec,3,0,official,principal
575,0,0,-1.4602717254533317,decision_function,,u_d85b7ade90cc7fec,3,0,official,principal
2347,0,0,-0.9734363955309668,decision_function,,u_d85b7ade90cc7fec,3,0,official,principal
1817,0,0,-0.8675773912978131,decision_function,,u_d85b7ade90cc7fec,3,0,official,principal
5481,1,1,1.6436833996134925,decision_function,,u_d85b7ade90cc7fec,3,0,official,principal
5726,0,0,-1.461526033156456,decision_function,,u_d85b7ade90cc7fec,3,0,official,principal
2739,0,0,-0.8953194087165032,decision_function,,u_d85b7ade90cc7fec,3,0,official,principal
7005,0,0,-1.2962033483074262,decision_function,,u_d85b7ade90cc7fec,3,0,official,principal
3338,1,1,1.0995079318216663,decision_function,,u_d85b7ade90cc7fec,3,0,official,principal
2495,0,0,-1.3099635538548484,decision_function,,u_d85b7ade90cc7fec,3,0,official,principal
3082,0,0,-1.6330154969063024,decision_function,,u_d85b7ade90cc7fec,3,0,official,principal
3655,0,0,-1.0619414715055993,decision_function,,u_d85b7ade90cc7fec,3,0,official,principal
6200,0,0,-2.092507854233296,decision_function,,u_d85b7ade90cc7fec,3,0,official,principal
4122,0,0,-1.9733236589449183,decision_function,,u_d85b7ade90cc7fec,3,0,official,principal
3980,1,1,1.04512526065883,decision_function,,u_d85b7ade90cc7fec,3,0,official,principal
4503,1,1,0.9219795015277903,decision_function,,u_d85b7ade90cc7fec,3,0,official,principal
1934,1,1,1.0291025445735416,decision_function,,u_d85b7ade90cc7fec,3,0,official,principal
4956,1,1,1.2767997013461814,decision_function,,u_d85b7ade90cc7fec,3,0,official,principal
3125,0,0,-0.5289072301982233,decision_function,,u_d85b7ade90cc7fec,3,0,official,principal
4941,1,0,-0.22753527877802115,decision_function,,u_d85b7ade90cc7fec,3,0,official,principal
1814,0,0,-1.109491884757548,decision_function,,u_d85b7ade90cc7fec,3,0,official,principal
5384,0,1,0.46864190568046005,decision_function,,u_d85b7ade90cc7fec,3,0,official,principal
4107,0,0,-1.216051086429741,decision_function,,u_d85b7ade90cc7fec,3,0,official,principal
1407,0,0,-0.38959030696271546,decision_function,,u_d85b7ade90cc7fec,3,0,official,principal
938,0,0,-0.9655146073573054,decision_function,,u_d85b7ade90cc7fec,3,0,official,principal
2032,1,1,1.0315154968541076,decision_function,,u_d85b7ade90cc7fec,3,0,official,principal
4174,1,0,-0.892062273156358,decision_function,,u_d85b7ade90cc7fec,3,0,official,principal
2732,0,0,-0.6797848136368265,decision_function,,u_d85b7ade90cc7fec,3,0,official,principal
3481,0,1,0.6284103373924406,decision_function,,u_d85b7ade90cc7fec,3,0,official,principal
6911,0,0,-1.6727344748857618,decision_function,,u_d85b7ade90cc7fec,3,0,official,principal
2496,0,0,-1.097877948477772,decision_function,,u_d85b7ade90cc7fec,3,0,official,principal
5941,0,0,-0.5514181367823373,decision_function,,u_d85b7ade90cc7fec,3,0,official,principal
2842,0,0,-0.16250611956226313,decision_function,,u_d85b7ade90cc7fec,3,0,official,principal
124,0,0,-0.7157122468393828,decision_function,,u_d85b7ade90cc7fec,3,0,official,principal
1866,0,0,-1.0977408334690744,decision_function,,u_d85b7ade90cc7fec,3,0,official,principal
1208,1,1,1.5208853138062024,decision_function,,u_d85b7ade90cc7fec,3,0,official,principal
6795,0,0,-0.3672451727708388,decision_function,,u_d85b7ade90cc7fec,3,0,official,principal
3610,1,1,1.2165737683088194,decision_function,,u_d85b7ade90cc7fec,3,0,official,principal
339,1,1,0.027370129831093992,decision_function,,u_d85b7ade90cc7fec,3,0,official,principal
6863,0,0,-1.213553608315217,decision_function,,u_d85b7ade90cc7fec,3,0,official,principal
1449,0,0,-0.31602962004199986,decision_function,,u_d85b7ade90cc7fec,3,0,official,principal
3963,0,0,-2.0947208091569935,decision_function,,u_d85b7ade90cc7fec,3,0,official,principal
214,0,1,0.9926928206867929,decision_function,,u_d85b7ade90cc7fec,3,0,official,principal
1090,0,0,-0.7532290221786708,decision_function,,u_d85b7ade90cc7fec,3,0,official,principal
2494,1,0,-0.05326878227703902,decision_function,,u_d85b7ade90cc7fec,3,0,official,principal
5018,0,0,-2.3457341686384297,decision_function,,u_d85b7ade90cc7fec,3,0,official,principal
5875,0,0,-1.691877645397857,decision_function,,u_d85b7ade90cc7fec,3,0,official,principal
2185,1,0,-0.2504325353127804,decision_function,,u_d85b7ade90cc7fec,3,0,official,principal
4520,1,0,-0.5823275910617249,decision_function,,u_d85b7ade90cc7fec,3,0,official,principal
6368,1,1,1.943889295601542,decision_function,,u_d85b7ade90cc7fec,3,0,official,principal
2895,0,0,-1.1960440605132725,decision_function,,u_d85b7ade90cc7fec,3,0,official,principal
729,0,0,-1.362039857586803,decision_function,,u_d85b7ade90cc7fec,3,0,official,principal
6791,1,1,0.5290825181561807,decision_function,,u_d85b7ade90cc7fec,3,0,official,principal
1771,1,1,1.5904253884694979,decision_function,,u_d85b7ade90cc7fec,3,0,official,principal
4797,0,0,-1.4809524783486876,decision_function,,u_d85b7ade90cc7fec,3,0,official,principal
6877,1,1,0.7631394091455939,decision_function,,u_d85b7ade90cc7fec,3,0,official,principal
1717,0,0,-2.2097690469621623,decision_function,,u_d85b7ade90cc7fec,3,0,official,principal
2008,1,1,0.7429135454424562,decision_function,,u_d85b7ade90cc7fec,3,0,official,principal
6096,0,1,1.5453693569283293,decision_function,,u_d85b7ade90cc7fec,3,0,official,principal
1103,0,0,-0.354265968735771,decision_function,,u_d85b7ade90cc7fec,3,0,official,principal
6830,0,0,-1.1173137008151912,decision_function,,u_d85b7ade90cc7fec,3,0,official,principal
1713,0,0,-1.113839283601751,decision_function,,u_d85b7ade90cc7fec,3,0,official,principal
3854,0,0,-0.3611539705599962,decision_function,,u_d85b7ade90cc7fec,3,0,official,principal
2228,0,0,-0.7526058147950186,decision_function,,u_d85b7ade90cc7fec,3,0,official,principal
137,0,0,-2.139582013545482,decision_function,,u_d85b7ade90cc7fec,3,0,official,principal
2548,0,1,0.9584975403638312,decision_function,,u_d85b7ade90cc7fec,3,0,official,principal
5872,1,1,1.2194034751394243,decision_function,,u_d85b7ade90cc7fec,3,0,official,principal
370,0,0,-1.5751608757432094,decision_function,,u_d85b7ade90cc7fec,3,0,official,principal
3347,0,0,-1.327590595231383,decision_function,,u_d85b7ade90cc7fec,3,0,official,principal
2985,0,0,-0.24567363798392305,decision_function,,u_d85b7ade90cc7fec,3,0,official,principal
5312,1,1,0.013475530384818635,decision_function,,u_d85b7ade90cc7fec,3,0,official,principal
5579,1,0,-1.833668581764359,decision_function,,u_d85b7ade90cc7fec,3,0,official,principal
2617,1,0,-0.1879829605189235,decision_function,,u_d85b7ade90cc7fec,3,0,official,principal
4905,0,0,-1.7485092100568693,decision_function,,u_d85b7ade90cc7fec,3,0,official,principal
4431,0,1,0.9389505561557123,decision_function,,u_d85b7ade90cc7fec,3,0,official,principal
3301,1,1,1.5377184100715302,decision_function,,u_d85b7ade90cc7fec,3,0,official,principal
1246,0,1,0.16348126083210102,decision_function,,u_d85b7ade90cc7fec,3,0,official,principal
5862,0,1,0.3761944904433503,decision_function,,u_d85b7ade90cc7fec,3,0,official,principal
2353,0,1,1.5343149517887007,decision_function,,u_d85b7ade90cc7fec,3,0,official,principal
5698,1,1,0.7623097823052098,decision_function,,u_d85b7ade90cc7fec,3,0,official,principal
5474,0,1,1.6313783970393987,decision_function,,u_d85b7ade90cc7fec,3,0,official,principal
773,1,1,0.8300030159625702,decision_function,,u_d85b7ade90cc7fec,3,0,official,principal
2535,0,0,-1.3665025861045872,decision_function,,u_d85b7ade90cc7fec,3,0,official,principal
5890,0,0,-1.5068557186143594,decision_function,,u_d85b7ade90cc7fec,3,0,official,principal
4999,0,0,-1.2019893780361495,decision_function,,u_d85b7ade90cc7fec,3,0,official,principal
6710,0,0,-1.6400339508920725,decision_function,,u_d85b7ade90cc7fec,3,0,official,principal
4811,1,1,0.4173826341015745,decision_function,,u_d85b7ade90cc7fec,3,0,official,principal
3063,0,1,0.8796196872385458,decision_function,,u_d85b7ade90cc7fec,3,0,official,principal
4561,0,1,0.2759882158127376,decision_function,,u_d85b7ade90cc7fec,3,0,official,principal
1650,1,1,1.0354584710424188,decision_function,,u_d85b7ade90cc7fec,3,0,official,principal
323,0,0,-0.7381365287511796,decision_function,,u_d85b7ade90cc7fec,3,0,official,principal
2339,1,1,1.4657518440559765,decision_function,,u_d85b7ade90cc7fec,3,0,official,principal
6664,0,1,0.1945629822442989,decision_function,,u_d85b7ade90cc7fec,3,0,official,principal
1197,0,0,-0.5372854505345676,decision_function,,u_d85b7ade90cc7fec,3,0,official,principal
6288,0,1,1.340058289273,decision_function,,u_d85b7ade90cc7fec,3,0,official,principal
3786,0,1,0.33997044999997095,decision_function,,u_d85b7ade90cc7fec,3,0,official,principal
2013,0,0,-1.5541485938854958,decision_function,,u_d85b7ade90cc7fec,3,0,official,principal
1922,0,1,0.07967299900739433,decision_function,,u_d85b7ade90cc7fec,3,0,official,principal
134,1,1,0.49566880976087746,decision_function,,u_d85b7ade90cc7fec,3,0,official,principal
3772,1,1,1.449023906062347,decision_function,,u_d85b7ade90cc7fec,3,0,official,principal
6789,1,0,-0.1799649628215373,decision_function,,u_d85b7ade90cc7fec,3,0,official,principal
224,0,0,-0.6723868131433365,decision_function,,u_d85b7ade90cc7fec,3,0,official,principal
2766,0,0,-0.7559786742787361,decision_function,,u_d85b7ade90cc7fec,3,0,official,principal
2442,1,1,1.6235357247173468,decision_function,,u_d85b7ade90cc7fec,3,0,official,principal
594,0,1,0.184986939096488,decision_function,,u_d85b7ade90cc7fec,3,0,official,principal
5532,0,0,-1.3488950423563737,decision_function,,u_d85b7ade90cc7fec,3,0,official,principal
6162,0,0,-0.8191056776741216,decision_function,,u_d85b7ade90cc7fec,3,0,official,principal
5409,1,1,1.0807752088054199,decision_function,,u_d85b7ade90cc7fec,3,0,official,principal
1452,0,0,-0.49197662225493655,decision_function,,u_d85b7ade90cc7fec,3,0,official,principal
2588,0,1,0.21311233920113182,decision_function,,u_d85b7ade90cc7fec,3,0,official,principal
1029,1,1,0.6941471086990822,decision_function,,u_d85b7ade90cc7fec,3,0,official,principal
2685,0,0,-1.4323460692413064,decision_function,,u_d85b7ade90cc7fec,3,0,official,principal
4375,0,0,-1.0894836756998845,decision_function,,u_d85b7ade90cc7fec,3,0,official,principal
2615,0,0,-1.5701899373830384,decision_function,,u_d85b7ade90cc7fec,3,0,official,principal
283,0,0,-1.463465133434105,decision_function,,u_d85b7ade90cc7fec,3,0,official,principal
6683,0,0,-0.7416574582830382,decision_function,,u_d85b7ade90cc7fec,3,0,official,principal
794,0,1,0.3266609636650848,decision_function,,u_d85b7ade90cc7fec,3,0,official,principal
3288,0,0,-1.1241189272252194,decision_function,,u_d85b7ade90cc7fec,3,0,official,principal
1436,1,1,1.6704447453190097,decision_function,,u_d85b7ade90cc7fec,3,0,official,principal
5065,0,0,-0.764398868213846,decision_function,,u_d85b7ade90cc7fec,3,0,official,principal
1674,0,0,-1.2154879126394225,decision_function,,u_d85b7ade90cc7fec,3,0,official,principal
5050,1,0,-0.8665294039548302,decision_function,,u_d85b7ade90cc7fec,3,0,official,principal
7020,0,0,-0.21080490118496753,decision_function,,u_d85b7ade90cc7fec,3,0,official,principal
2596,0,0,-0.47619081271359087,decision_function,,u_d85b7ade90cc7fec,3,0,official,principal
1244,1,0,-0.6896706081428976,decision_function,,u_d85b7ade90cc7fec,3,0,official,principal
772,1,0,-0.46202420202865435,decision_function,,u_d85b7ade90cc7fec,3,0,official,principal
2340,0,0,-1.4769971815769174,decision_function,,u_d85b7ade90cc7fec,3,0,official,principal
1626,0,0,-0.4974314057162216,decision_function,,u_d85b7ade90cc7fec,3,0,official,principal
3629,0,0,-0.8265796076811013,decision_function,,u_d85b7ade90cc7fec,3,0,official,principal
6824,1,0,-0.46004326062292633,decision_function,,u_d85b7ade90cc7fec,3,0,official,principal
7007,0,0,-1.4714897233656947,decision_function,,u_d85b7ade90cc7fec,3,0,official,principal
6479,1,1,0.5660545221956974,decision_function,,u_d85b7ade90cc7fec,3,0,official,principal
1740,0,0,-1.0758966260075065,decision_function,,u_d85b7ade90cc7fec,3,0,official,principal
3363,0,0,-1.0738296949258408,decision_function,,u_d85b7ade90cc7fec,3,0,official,principal
6994,0,0,-1.3551650961179218,decision_function,,u_d85b7ade90cc7fec,3,0,official,principal
770,0,0,-0.4167266816844787,decision_function,,u_d85b7ade90cc7fec,3,0,official,principal
1991,0,0,-1.0502426678650405,decision_function,,u_d85b7ade90cc7fec,3,0,official,principal
4598,0,0,-0.30678243179350895,decision_function,,u_d85b7ade90cc7fec,3,0,official,principal
6999,1,1,0.06211470543649811,decision_function,,u_d85b7ade90cc7fec,3,0,official,principal
4864,0,0,-0.9896997270371755,decision_function,,u_d85b7ade90cc7fec,3,0,official,principal
3127,1,1,0.10929790151966046,decision_function,,u_d85b7ade90cc7fec,3,0,official,principal
6468,0,0,-0.09013785079229286,decision_function,,u_d85b7ade90cc7fec,3,0,official,principal
3559,0,0,-1.294703170429345,decision_function,,u_d85b7ade90cc7fec,3,0,official,principal
6063,0,0,-1.9886637706156343,decision_function,,u_d85b7ade90cc7fec,3,0,official,principal
5791,0,1,0.019509710532886748,decision_function,,u_d85b7ade90cc7fec,3,0,official,principal
6752,0,0,-0.61782797349124,decision_function,,u_d85b7ade90cc7fec,3,0,official,principal
4103,0,0,-1.0133749849561244,decision_function,,u_d85b7ade90cc7fec,3,0,official,principal
6639,0,0,-0.679013323493963,decision_function,,u_d85b7ade90cc7fec,3,0,official,principal
3650,0,0,-1.536655481066482,decision_function,,u_d85b7ade90cc7fec,3,0,official,principal
955,1,1,0.08465027747239451,decision_function,,u_d85b7ade90cc7fec,3,0,official,principal
4088,1,1,1.0418162606525125,decision_function,,u_d85b7ade90cc7fec,3,0,official,principal
1133,0,0,-0.5970080645551571,decision_function,,u_d85b7ade90cc7fec,3,0,official,principal
3084,0,0,-0.6638767618576191,decision_function,,u_d85b7ade90cc7fec,3,0,official,principal
1310,1,1,0.9349495349027139,decision_function,,u_d85b7ade90cc7fec,3,0,official,principal
2908,1,1,1.09662231046862,decision_function,,u_d85b7ade90cc7fec,3,0,official,principal
5593,0,0,-0.9296510392239226,decision_function,,u_d85b7ade90cc7fec,3,0,official,principal
4622,0,0,-0.17149893144954365,decision_function,,u_d85b7ade90cc7fec,3,0,official,principal
653,0,0,-0.6512062398754753,decision_function,,u_d85b7ade90cc7fec,3,0,official,principal
2077,1,1,1.1000897733848627,decision_function,,u_d85b7ade90cc7fec,3,0,official,principal
4560,0,1,0.9284387038510762,decision_function,,u_d85b7ade90cc7fec,3,0,official,principal
3895,0,0,-1.838639935006345,decision_function,,u_d85b7ade90cc7fec,3,0,official,principal
6776,0,0,-1.2767053791753697,decision_function,,u_d85b7ade90cc7fec,3,0,official,principal
5458,1,1,0.1134951582409951,decision_function,,u_d85b7ade90cc7fec,3,0,official,principal
5337,0,0,-0.4296525463050116,decision_function,,u_d85b7ade90cc7fec,3,0,official,principal
6199,1,1,0.42339520822083143,decision_function,,u_d85b7ade90cc7fec,3,0,official,principal
601,0,0,-0.7711177148878502,decision_function,,u_d85b7ade90cc7fec,3,0,official,principal
4265,1,0,-0.3806693000088892,decision_function,,u_d85b7ade90cc7fec,3,0,official,principal
5974,0,0,-0.5745525926088755,decision_function,,u_d85b7ade90cc7fec,3,0,official,principal
3523,0,0,-1.6334061155083095,decision_function,,u_d85b7ade90cc7fec,3,0,official,principal
1525,0,0,-0.7353989308940413,decision_function,,u_d85b7ade90cc7fec,3,0,official,principal
5672,0,0,-0.9752839300007147,decision_function,,u_d85b7ade90cc7fec,3,0,official,principal
52,0,0,-0.14847617784445466,decision_function,,u_d85b7ade90cc7fec,3,0,official,principal
4626,0,0,-0.07472909973515407,decision_function,,u_d85b7ade90cc7fec,3,0,official,principal
5217,0,0,-0.23680142802363224,decision_function,,u_d85b7ade90cc7fec,3,0,official,principal
5888,1,1,0.3914123288733158,decision_function,,u_d85b7ade90cc7fec,3,0,official,principal
786,0,0,-1.9274564207515437,decision_function,,u_d85b7ade90cc7fec,3,0,official,principal
3059,0,0,-1.7808510623645886,decision_function,,u_d85b7ade90cc7fec,3,0,official,principal
4456,0,0,-1.7660600646854387,decision_function,,u_d85b7ade90cc7fec,3,0,official,principal
3486,0,0,-0.7693991305861604,decision_function,,u_d85b7ade90cc7fec,3,0,official,principal
2310,0,0,-1.6218831808481728,decision_function,,u_d85b7ade90cc7fec,3,0,official,principal
3335,0,0,-0.18347902253004134,decision_function,,u_d85b7ade90cc7fec,3,0,official,principal
333,1,1,1.3149009812902401,decision_function,,u_d85b7ade90cc7fec,3,0,official,principal
5301,1,1,0.7889484999522416,decision_function,,u_d85b7ade90cc7fec,3,0,official,principal
3489,0,0,-0.5797971470267839,decision_function,,u_d85b7ade90cc7fec,3,0,official,principal
3640,1,1,1.01887980666205,decision_function,,u_d85b7ade90cc7fec,3,0,official,principal
2659,0,0,-1.570361617505978,decision_function,,u_d85b7ade90cc7fec,3,0,official,principal
3543,0,0,-1.6027713596791844,decision_function,,u_d85b7ade90cc7fec,3,0,official,principal
6289,1,0,-1.429021429492078,decision_function,,u_d85b7ade90cc7fec,3,0,official,principal
989,0,0,-1.6522754906932948,decision_function,,u_d85b7ade90cc7fec,3,0,official,principal
2202,1,1,0.9751240834527313,decision_function,,u_d85b7ade90cc7fec,3,0,official,principal
2829,1,1,1.3739600428520211,decision_function,,u_d85b7ade90cc7fec,3,0,official,principal
5621,1,1,0.9797718372569073,decision_function,,u_d85b7ade90cc7fec,3,0,official,principal
20,1,1,1.1485567813698958,decision_function,,u_d85b7ade90cc7fec,3,0,official,principal
2932,0,0,-0.013817727443261818,decision_function,,u_d85b7ade90cc7fec,3,0,official,principal
70,0,0,-0.01560564532694897,decision_function,,u_d85b7ade90cc7fec,3,0,official,principal
1304,1,1,1.1693762785541402,decision_function,,u_d85b7ade90cc7fec,3,0,official,principal
4881,0,0,-0.11349433759853422,decision_function,,u_d85b7ade90cc7fec,3,0,official,principal
371,1,1,1.6502369365571592,decision_function,,u_d85b7ade90cc7fec,3,0,official,principal
5328,0,0,-1.572985164298598,decision_function,,u_d85b7ade90cc7fec,3,0,official,principal
1805,0,0,-2.1484972361769,decision_function,,u_d85b7ade90cc7fec,3,0,official,principal
1099,0,1,0.11393020288213607,decision_function,,u_d85b7ade90cc7fec,3,0,official,principal
268,1,0,-1.8736713576185657,decision_function,,u_d85b7ade90cc7fec,3,0,official,principal
2162,0,1,0.14853961494956214,decision_function,,u_d85b7ade90cc7fec,3,0,official,principal
3453,0,0,-0.3856276488469237,decision_function,,u_d85b7ade90cc7fec,3,0,official,principal
3892,0,0,-0.8267607793169072,decision_function,,u_d85b7ade90cc7fec,3,0,official,principal
199,0,0,-0.5876857338789874,decision_function,,u_d85b7ade90cc7fec,3,0,official,principal
6232,1,1,1.749485819319218,decision_function,,u_d85b7ade90cc7fec,3,0,official,principal
1985,1,0,-0.3958184420575954,decision_function,,u_d85b7ade90cc7fec,3,0,official,principal
5535,0,0,-1.2233411153137537,decision_function,,u_d85b7ade90cc7fec,3,0,official,principal
2362,0,0,-0.4920006583735229,decision_function,,u_d85b7ade90cc7fec,3,0,official,principal
3200,1,1,0.2714453053628356,decision_function,,u_d85b7ade90cc7fec,3,0,official,principal
3400,0,1,0.6088025037027003,decision_function,,u_d85b7ade90cc7fec,3,0,official,principal
6153,0,0,-1.7230080390418059,decision_function,,u_d85b7ade90cc7fec,3,0,official,principal
2779,1,1,1.4332121586429423,decision_function,,u_d85b7ade90cc7fec,3,0,official,principal
3513,0,0,-0.7492644552471782,decision_function,,u_d85b7ade90cc7fec,3,0,official,principal
489,1,1,1.3351881239814032,decision_function,,u_d85b7ade90cc7fec,3,0,official,principal
255,0,0,-1.1117460951484217,decision_function,,u_d85b7ade90cc7fec,3,0,official,principal
3871,1,1,1.4781822962300486,decision_function,,u_d85b7ade90cc7fec,3,0,official,principal
5803,1,1,1.3022247123345292,decision_function,,u_d85b7ade90cc7fec,3,0,official,principal
2875,1,1,1.1026231856077418,decision_function,,u_d85b7ade90cc7fec,3,0,official,principal
4563,1,1,0.8892783937606057,decision_function,,u_d85b7ade90cc7fec,3,0,official,principal
3740,0,1,1.1592684364308197,decision_function,,u_d85b7ade90cc7fec,3,0,official,principal
3103,1,1,0.3807999696221418,decision_function,,u_d85b7ade90cc7fec,3,0,official,principal
1617,0,0,-0.11025474168191518,decision_function,,u_d85b7ade90cc7fec,3,0,official,principal
5008,0,0,-0.8736479456467893,decision_function,,u_d85b7ade90cc7fec,3,0,official,principal
5333,1,1,0.9547800393772687,decision_function,,u_d85b7ade90cc7fec,3,0,official,principal
5689,0,1,1.2034694852730914,decision_function,,u_d85b7ade90cc7fec,3,0,official,principal
3802,0,0,-0.46098936529553824,decision_function,,u_d85b7ade90cc7fec,3,0,official,principal
1209,0,0,-0.551643297966727,decision_function,,u_d85b7ade90cc7fec,3,0,official,principal
2851,0,0,-1.594334391564765,decision_function,,u_d85b7ade90cc7fec,3,0,official,principal
356,0,1,0.5725455646456397,decision_function,,u_d85b7ade90cc7fec,3,0,official,principal
3881,0,0,-2.0756289819707563,decision_function,,u_d85b7ade90cc7fec,3,0,official,principal
676,0,0,-1.552447527406172,decision_function,,u_d85b7ade90cc7fec,3,0,official,principal
2165,0,0,-1.0050958437665247,decision_function,,u_d85b7ade90cc7fec,3,0,official,principal
4270,0,0,-1.2865281370641308,decision_function,,u_d85b7ade90cc7fec,3,0,official,principal
2004,1,1,0.6823303376064391,decision_function,,u_d85b7ade90cc7fec,3,0,official,principal
917,0,0,-1.6099425115906878,decision_function,,u_d85b7ade90cc7fec,3,0,official,principal
412,0,1,0.7476740232412671,decision_function,,u_d85b7ade90cc7fec,3,0,official,principal
3282,0,0,-0.7949972623646563,decision_function,,u_d85b7ade90cc7fec,3,0,official,principal
5418,0,1,0.7462903922357611,decision_function,,u_d85b7ade90cc7fec,3,0,official,principal
3496,0,0,-0.037315601709138835,decision_function,,u_d85b7ade90cc7fec,3,0,official,principal
1913,0,0,-0.42660219796113164,decision_function,,u_d85b7ade90cc7fec,3,0,official,principal
2827,0,1,0.39194428676495674,decision_function,,u_d85b7ade90cc7fec,3,0,official,principal
6631,0,0,-0.31816118545688066,decision_function,,u_d85b7ade90cc7fec,3,0,official,principal
2845,0,1,1.0232333777895286,decision_function,,u_d85b7ade90cc7fec,3,0,official,principal
5908,1,0,-0.458324192155215,decision_function,,u_d85b7ade90cc7fec,3,0,official,principal
1592,1,0,-0.12256703165577287,decision_function,,u_d85b7ade90cc7fec,3,0,official,principal
4551,0,0,-0.6444468049404267,decision_function,,u_d85b7ade90cc7fec,3,0,official,principal
4501,0,0,-1.5175787480136078,decision_function,,u_d85b7ade90cc7fec,3,0,official,principal
363,0,0,-1.3513286883495272,decision_function,,u_d85b7ade90cc7fec,3,0,official,principal
4542,0,1,0.20661857888849933,decision_function,,u_d85b7ade90cc7fec,3,0,official,principal
34,0,1,0.4316751796160838,decision_function,,u_d85b7ade90cc7fec,3,0,official,principal
4372,0,0,-0.301769082706145,decision_function,,u_d85b7ade90cc7fec,3,0,official,principal
423,0,0,-1.6929067151184443,decision_function,,u_d85b7ade90cc7fec,3,0,official,principal
1026,1,1,1.8388805481212984,decision_function,,u_d85b7ade90cc7fec,3,0,official,principal
913,0,0,-1.027415428243315,decision_function,,u_d85b7ade90cc7fec,3,0,official,principal
3332,1,1,0.19428006561431865,decision_function,,u_d85b7ade90cc7fec,3,0,official,principal
627,0,0,-0.8711925128654048,decision_function,,u_d85b7ade90cc7fec,3,0,official,principal
1658,1,0,-0.5747673190867048,decision_function,,u_d85b7ade90cc7fec,3,0,official,principal
5793,0,1,0.16654702156165357,decision_function,,u_d85b7ade90cc7fec,3,0,official,principal
4233,0,0,-0.9219219247043816,decision_function,,u_d85b7ade90cc7fec,3,0,official,principal
1806,0,0,-1.5293123816197274,decision_function,,u_d85b7ade90cc7fec,3,0,official,principal
3134,0,0,-1.280467755079035,decision_function,,u_d85b7ade90cc7fec,3,0,official,principal
5770,0,0,-1.3196411376312298,decision_function,,u_d85b7ade90cc7fec,3,0,official,principal
4416,0,1,0.5019281524029731,decision_function,,u_d85b7ade90cc7fec,3,0,official,principal
4894,0,0,-0.8788465615950876,decision_function,,u_d85b7ade90cc7fec,3,0,official,principal
4029,0,0,-1.7663454716091205,decision_function,,u_d85b7ade90cc7fec,3,0,official,principal
2239,0,0,-2.1672874023225823,decision_function,,u_d85b7ade90cc7fec,3,0,official,principal
3903,0,0,-0.5615876870272016,decision_function,,u_d85b7ade90cc7fec,3,0,official,principal
724,1,1,1.115088003676761,decision_function,,u_d85b7ade90cc7fec,3,0,official,principal
3231,0,0,-0.28070069469099834,decision_function,,u_d85b7ade90cc7fec,3,0,official,principal
2337,1,0,-0.19552753650767618,decision_function,,u_d85b7ade90cc7fec,3,0,official,principal
876,1,1,0.6595996910519355,decision_function,,u_d85b7ade90cc7fec,3,0,official,principal
5755,0,1,1.1951211401640982,decision_function,,u_d85b7ade90cc7fec,3,0,official,principal
6477,0,0,-0.8598841097747759,decision_function,,u_d85b7ade90cc7fec,3,0,official,principal
426,0,0,-0.11308022962262954,decision_function,,u_d85b7ade90cc7fec,3,0,official,principal
3237,0,0,-1.9324647570403655,decision_function,,u_d85b7ade90cc7fec,3,0,official,principal
4398,0,0,-1.9113082946494793,decision_function,,u_d85b7ade90cc7fec,3,0,official,principal
3473,1,1,0.198838364403644,decision_function,,u_d85b7ade90cc7fec,3,0,official,principal
6187,0,0,-1.0314536102719059,decision_function,,u_d85b7ade90cc7fec,3,0,official,principal
2950,0,1,0.09459282037173478,decision_function,,u_d85b7ade90cc7fec,3,0,official,principal
5398,0,0,-0.4846433642640806,decision_function,,u_d85b7ade90cc7fec,3,0,official,principal
3546,0,0,-1.4632040687622574,decision_function,,u_d85b7ade90cc7fec,3,0,official,principal
237,0,1,1.0005110150092278,decision_function,,u_d85b7ade90cc7fec,3,0,official,principal
3979,0,0,-1.8578322139109704,decision_function,,u_d85b7ade90cc7fec,3,0,official,principal
4084,1,1,1.2138131111735626,decision_function,,u_d85b7ade90cc7fec,3,0,official,principal
4868,1,1,0.8349508894644664,decision_function,,u_d85b7ade90cc7fec,3,0,official,principal
3076,1,1,0.21446118943182846,decision_function,,u_d85b7ade90cc7fec,3,0,official,principal
5540,1,0,-0.6296401448645883,decision_function,,u_d85b7ade90cc7fec,3,0,official,principal
6881,0,0,-0.36932864409282473,decision_function,,u_d85b7ade90cc7fec,3,0,official,principal
2164,0,0,-1.6377964419270121,decision_function,,u_d85b7ade90cc7fec,3,0,official,principal
3107,0,0,-1.2521914012255806,decision_function,,u_d85b7ade90cc7fec,3,0,official,principal
6765,0,0,-1.8148505931310035,decision_function,,u_d85b7ade90cc7fec,3,0,official,principal
1558,1,1,0.8161638038420531,decision_function,,u_d85b7ade90cc7fec,3,0,official,principal
3519,0,1,0.7396117132332007,decision_function,,u_d85b7ade90cc7fec,3,0,official,principal
2359,0,0,-0.32929132405383355,decision_function,,u_d85b7ade90cc7fec,3,0,official,principal
1379,0,0,-1.801789067195684,decision_function,,u_d85b7ade90cc7fec,3,0,official,principal
1030,0,0,-0.32287006189733425,decision_function,,u_d85b7ade90cc7fec,3,0,official,principal
388,0,1,0.2041372402902768,decision_function,,u_d85b7ade90cc7fec,3,0,official,principal
1480,0,0,-1.1817071252704947,decision_function,,u_d85b7ade90cc7fec,3,0,official,principal
2554,0,1,0.0848754289848459,decision_function,,u_d85b7ade90cc7fec,3,0,official,principal
4440,0,0,-0.2914110943021089,decision_function,,u_d85b7ade90cc7fec,3,0,official,principal
496,0,0,-0.9373421891501335,decision_function,,u_d85b7ade90cc7fec,3,0,official,principal
4704,0,1,0.3989867640848199,decision_function,,u_d85b7ade90cc7fec,3,0,official,principal
4483,0,0,-2.0151574679035926,decision_function,,u_d85b7ade90cc7fec,3,0,official,principal
5377,0,1,0.7590364516906092,decision_function,,u_d85b7ade90cc7fec,3,0,official,principal
5175,0,0,-1.1886457601404445,decision_function,,u_d85b7ade90cc7fec,3,0,official,principal
6820,0,0,-0.400034574867968,decision_function,,u_d85b7ade90cc7fec,3,0,official,principal
3442,0,1,0.34786502323605695,decision_function,,u_d85b7ade90cc7fec,3,0,official,principal
3119,1,1,0.563714691501348,decision_function,,u_d85b7ade90cc7fec,3,0,official,principal
4442,1,1,1.4621490722655197,decision_function,,u_d85b7ade90cc7fec,3,0,official,principal
3805,1,1,1.564617577410642,decision_function,,u_d85b7ade90cc7fec,3,0,official,principal
2318,0,0,-1.5409574062140692,decision_function,,u_d85b7ade90cc7fec,3,0,official,principal
1453,0,1,0.8505996298299034,decision_function,,u_d85b7ade90cc7fec,3,0,official,principal
3875,1,1,0.17837572371012933,decision_function,,u_d85b7ade90cc7fec,3,0,official,principal
831,0,0,-1.5715760516656354,decision_function,,u_d85b7ade90cc7fec,3,0,official,principal
100,0,0,-0.458324192155215,decision_function,,u_d85b7ade90cc7fec,3,0,official,principal
3863,0,1,1.26999241352516,decision_function,,u_d85b7ade90cc7fec,3,0,official,principal
3342,0,0,-1.0635358349220407,decision_function,,u_d85b7ade90cc7fec,3,0,official,principal
312,0,0,-0.7741223369962934,decision_function,,u_d85b7ade90cc7fec,3,0,official,principal
1852,1,1,0.14414082856283983,decision_function,,u_d85b7ade90cc7fec,3,0,official,principal
6209,0,0,-0.49477193998015534,decision_function,,u_d85b7ade90cc7fec,3,0,official,principal
4202,0,0,-0.9448008169760966,decision_function,,u_d85b7ade90cc7fec,3,0,official,principal
981,0,0,-1.670704766916963,decision_function,,u_d85b7ade90cc7fec,3,0,official,principal
5215,1,0,-0.5844789143869037,decision_function,,u_d85b7ade90cc7fec,3,0,official,principal
6955,0,1,0.5789858750124723,decision_function,,u_d85b7ade90cc7fec,3,0,official,principal
4215,0,0,-0.6939625580384459,decision_function,,u_d85b7ade90cc7fec,3,0,official,principal
4573,0,0,-1.9214876265940037,decision_function,,u_d85b7ade90cc7fec,3,0,official,principal
1259,1,0,-0.3738955617321642,decision_function,,u_d85b7ade90cc7fec,3,0,official,principal
4458,1,1,0.42679021384025106,decision_function,,u_d85b7ade90cc7fec,3,0,official,principal
4419,0,0,-0.8295325837354126,decision_function,,u_d85b7ade90cc7fec,3,0,official,principal
6588,0,0,-1.2216364302513478,decision_function,,u_d85b7ade90cc7fec,3,0,official,principal
2125,0,0,-0.9843007641259235,decision_function,,u_d85b7ade90cc7fec,3,0,official,principal
1781,0,0,-0.02306842054083147,decision_function,,u_d85b7ade90cc7fec,3,0,official,principal
1279,0,0,-0.9493415434921347,decision_function,,u_d85b7ade90cc7fec,3,0,official,principal
497,0,0,-2.069109995413249,decision_function,,u_d85b7ade90cc7fec,3,0,official,principal
5020,0,0,-1.2382637293837853,decision_function,,u_d85b7ade90cc7fec,3,0,official,principal
834,1,1,1.574746155124222,decision_function,,u_d85b7ade90cc7fec,3,0,official,principal
2670,0,0,-0.9393363037449444,decision_function,,u_d85b7ade90cc7fec,3,0,official,principal
995,1,0,-0.3388357172550386,decision_function,,u_d85b7ade90cc7fec,3,0,official,principal
4329,1,1,0.5465435242148804,decision_function,,u_d85b7ade90cc7fec,3,0,official,principal
1232,1,1,0.209999424323984,decision_function,,u_d85b7ade90cc7fec,3,0,official,principal
864,1,1,0.8575772952350547,decision_function,,u_d85b7ade90cc7fec,3,0,official,principal
3841,1,1,0.920622061719522,decision_function,,u_d85b7ade90cc7fec,3,0,official,principal
2409,0,0,-0.6659339985268076,decision_function,,u_d85b7ade90cc7fec,3,0,official,principal
4930,0,1,0.40115711609523275,decision_function,,u_d85b7ade90cc7fec,3,0,official,principal
6301,0,0,-0.7209065933795726,decision_function,,u_d85b7ade90cc7fec,3,0,official,principal
3160,0,0,-2.216831287889006,decision_function,,u_d85b7ade90cc7fec,3,0,official,principal
5232,0,0,-0.6542054936576599,decision_function,,u_d85b7ade90cc7fec,3,0,official,principal
3964,0,0,-1.531874126689282,decision_function,,u_d85b7ade90cc7fec,3,0,official,principal
704,0,1,0.05111160443322871,decision_function,,u_d85b7ade90cc7fec,3,0,official,principal
1018,0,1,0.7081441039877447,decision_function,,u_d85b7ade90cc7fec,3,0,official,principal
1840,1,0,-1.3690670965632004,decision_function,,u_d85b7ade90cc7fec,3,0,official,principal
5852,1,1,1.016975189094828,decision_function,,u_d85b7ade90cc7fec,3,0,official,principal
816,1,1,1.2042284729152086,decision_function,,u_d85b7ade90cc7fec,3,0,official,principal
1747,1,1,1.149335878883208,decision_function,,u_d85b7ade90cc7fec,3,0,official,principal
6753,0,0,-1.5694375956312143,decision_function,,u_d85b7ade90cc7fec,3,0,official,principal
6386,0,0,-1.764081430076962,decision_function,,u_d85b7ade90cc7fec,3,0,official,principal
587,0,0,-1.0462729266449218,decision_function,,u_d85b7ade90cc7fec,3,0,official,principal
6976,0,0,-1.4764415954794883,decision_function,,u_d85b7ade90cc7fec,3,0,official,principal
6404,0,0,-0.24965993031114864,decision_function,,u_d85b7ade90cc7fec,3,0,official,principal
3244,0,1,0.10936706121786943,decision_function,,u_d85b7ade90cc7fec,3,0,official,principal
2233,0,0,-1.136453353758117,decision_function,,u_d85b7ade90cc7fec,3,0,official,principal
5624,0,0,-0.15800541991852313,decision_function,,u_d85b7ade90cc7fec,3,0,official,principal
3783,0,0,-0.04560782632068283,decision_function,,u_d85b7ade90cc7fec,3,0,official,principal
5544,1,0,-0.43285450345823007,decision_function,,u_d85b7ade90cc7fec,3,0,official,principal
2675,0,0,-1.7037476160206508,decision_function,,u_d85b7ade90cc7fec,3,0,official,principal
471,1,1,1.023803888816803,decision_function,,u_d85b7ade90cc7fec,3,0,official,principal
5172,0,0,-1.7676484318359045,decision_function,,u_d85b7ade90cc7fec,3,0,official,principal
5594,0,1,0.8730262700914126,decision_function,,u_d85b7ade90cc7fec,3,0,official,principal
1624,1,0,-0.08478730761038511,decision_function,,u_d85b7ade90cc7fec,3,0,official,principal
2137,0,0,-0.6588445197346855,decision_function,,u_d85b7ade90cc7fec,3,0,official,principal
102,0,0,-0.4173911938850924,decision_function,,u_d85b7ade90cc7fec,3,0,official,principal
741,0,1,1.0616198611918823,decision_function,,u_d85b7ade90cc7fec,3,0,official,principal
4001,0,0,-0.3871993401400131,decision_function,,u_d85b7ade90cc7fec,3,0,official,principal
6634,1,1,0.9218043551815851,decision_function,,u_d85b7ade90cc7fec,3,0,official,principal
1120,0,1,0.22730983480758926,decision_function,,u_d85b7ade90cc7fec,3,0,official,principal
473,0,0,-0.7985014564717765,decision_function,,u_d85b7ade90cc7fec,3,0,official,principal
254,0,0,-0.365519679033083,decision_function,,u_d85b7ade90cc7fec,3,0,official,principal
752,0,0,-0.07605246981942837,decision_function,,u_d85b7ade90cc7fec,3,0,official,principal
6396,0,1,0.3973600173723544,decision_function,,u_d85b7ade90cc7fec,3,0,official,principal
1098,0,0,-1.4672290901963099,decision_function,,u_d85b7ade90cc7fec,3,0,official,principal
5629,1,0,-0.2556819707774147,decision_function,,u_d85b7ade90cc7fec,3,0,official,principal
5274,0,0,-0.8201593488779984,decision_function,,u_d85b7ade90cc7fec,3,0,official,principal
3311,0,0,-0.41304087869614103,decision_function,,u_d85b7ade90cc7fec,3,0,official,principal
2569,0,0,-2.1219573034910706,decision_function,,u_d85b7ade90cc7fec,3,0,official,principal
1302,0,0,-1.1204365285628455,decision_function,,u_d85b7ade90cc7fec,3,0,official,principal
5255,0,1,0.7366485545176944,decision_function,,u_d85b7ade90cc7fec,3,0,official,principal
1007,1,1,0.9898182923353678,decision_function,,u_d85b7ade90cc7fec,3,0,official,principal
5940,0,0,-1.1349444743507617,decision_function,,u_d85b7ade90cc7fec,3,0,official,principal
6992,0,0,-1.186128540588089,decision_function,,u_d85b7ade90cc7fec,3,0,official,principal
3057,0,0,-1.069924209652779,decision_function,,u_d85b7ade90cc7fec,3,0,official,principal
535,0,1,1.3365867985145707,decision_function,,u_d85b7ade90cc7fec,3,0,official,principal
4766,0,0,-1.2937732853676094,decision_function,,u_d85b7ade90cc7fec,3,0,official,principal
5480,0,1,0.4613680043454065,decision_function,,u_d85b7ade90cc7fec,3,0,official,principal
5845,1,1,1.479220661249342,decision_function,,u_d85b7ade90cc7fec,3,0,official,principal
1466,0,1,0.168046392995435,decision_function,,u_d85b7ade90cc7fec,3,0,official,principal
5459,0,1,1.3088116100556777,decision_function,,u_d85b7ade90cc7fec,3,0,official,principal
1126,1,1,0.5900927208426405,decision_function,,u_d85b7ade90cc7fec,3,0,official,principal
1496,0,1,0.15421220997297858,decision_function,,u_d85b7ade90cc7fec,3,0,official,principal
6922,0,1,0.5348231603866538,decision_function,,u_d85b7ade90cc7fec,3,0,official,principal
10,0,0,-0.23351246176043272,decision_function,,u_d85b7ade90cc7fec,3,0,official,principal
3374,1,1,0.04649411615215726,decision_function,,u_d85b7ade90cc7fec,3,0,official,principal
1845,0,0,-1.3633089450443447,decision_function,,u_d85b7ade90cc7fec,3,0,official,principal
2349,0,0,-1.625484838066519,decision_function,,u_d85b7ade90cc7fec,3,0,official,principal
1338,1,0,-0.45899048975058643,decision_function,,u_d85b7ade90cc7fec,3,0,official,principal
1978,0,0,-1.5248032907118976,decision_function,,u_d85b7ade90cc7fec,3,0,official,principal
3360,1,1,1.194981841239504,decision_function,,u_d85b7ade90cc7fec,3,0,official,principal
1604,0,0,-1.3870092403592051,decision_function,,u_d85b7ade90cc7fec,3,0,official,principal
1776,0,0,-1.5382170104185087,decision_function,,u_d85b7ade90cc7fec,3,0,official,principal
578,0,1,0.6251606472784812,decision_function,,u_d85b7ade90cc7fec,3,0,official,principal
2601,0,0,-1.2349678164325897,decision_function,,u_d85b7ade90cc7fec,3,0,official,principal
2740,1,1,0.16910961201340435,decision_function,,u_d85b7ade90cc7fec,3,0,official,principal
2943,0,0,-1.1182988906589786,decision_function,,u_d85b7ade90cc7fec,3,0,official,principal
1791,0,0,-1.1612616243115461,decision_function,,u_d85b7ade90cc7fec,3,0,official,principal
4531,1,1,0.7616352402498918,decision_function,,u_d85b7ade90cc7fec,3,0,official,principal
6592,0,0,-0.8034380663229554,decision_function,,u_d85b7ade90cc7fec,3,0,official,principal
6995,0,0,-1.6591260463974336,decision_function,,u_d85b7ade90cc7fec,3,0,official,principal
4500,0,0,-1.3477969241629983,decision_function,,u_d85b7ade90cc7fec,3,0,official,principal
338,0,1,0.30700408428839077,decision_function,,u_d85b7ade90cc7fec,3,0,official,principal
2758,0,0,-0.5266126980156352,decision_function,,u_d85b7ade90cc7fec,3,0,official,principal
2856,0,1,0.9502741584260435,decision_function,,u_d85b7ade90cc7fec,3,0,official,principal
4179,0,1,0.9318237127082936,decision_function,,u_d85b7ade90cc7fec,3,0,official,principal
2832,0,0,-1.1224420033137903,decision_function,,u_d85b7ade90cc7fec,3,0,official,principal
5075,0,1,0.43468209430620863,decision_function,,u_d85b7ade90cc7fec,3,0,official,principal
750,0,0,-0.3903066526780322,decision_function,,u_d85b7ade90cc7fec,3,0,official,principal
106,0,0,-0.8887727084831283,decision_function,,u_d85b7ade90cc7fec,3,0,official,principal
3876,0,1,1.2428407581831105,decision_function,,u_d85b7ade90cc7fec,3,0,official,principal
2372,0,0,-2.093691446172011,decision_function,,u_d85b7ade90cc7fec,3,0,official,principal
5514,0,1,0.2728594626241414,decision_function,,u_d85b7ade90cc7fec,3,0,official,principal
4248,0,0,-0.5001135877061695,decision_function,,u_d85b7ade90cc7fec,3,0,official,principal
2157,0,0,-0.24053485464055036,decision_function,,u_d85b7ade90cc7fec,3,0,official,principal
3122,0,0,-2.0097670457518806,decision_function,,u_d85b7ade90cc7fec,3,0,official,principal
4350,0,0,-0.3438898880875253,decision_function,,u_d85b7ade90cc7fec,3,0,official,principal
1318,0,1,0.7031582719917415,decision_function,,u_d85b7ade90cc7fec,3,0,official,principal
3689,1,1,1.5574733384866482,decision_function,,u_d85b7ade90cc7fec,3,0,official,principal
3083,0,0,-2.0737887867533633,decision_function,,u_d85b7ade90cc7fec,3,0,official,principal
6253,0,0,-0.5270801910758892,decision_function,,u_d85b7ade90cc7fec,3,0,official,principal
1247,0,0,-0.25902078321252897,decision_function,,u_d85b7ade90cc7fec,3,0,official,principal
3764,0,0,-0.49813750218947384,decision_function,,u_d85b7ade90cc7fec,3,0,official,principal
499,1,1,0.7991421003710053,decision_function,,u_d85b7ade90cc7fec,3,0,official,principal
3713,1,1,0.5639378987699215,decision_function,,u_d85b7ade90cc7fec,3,0,official,principal
69,0,1,0.6023347449571006,decision_function,,u_d85b7ade90cc7fec,3,0,official,principal
996,1,1,0.14231773913719103,decision_function,,u_d85b7ade90cc7fec,3,0,official,principal
6705,0,1,0.03271626806176342,decision_function,,u_d85b7ade90cc7fec,3,0,official,principal
6156,0,1,0.4234234464150075,decision_function,,u_d85b7ade90cc7fec,3,0,official,principal
3079,1,1,0.6892037127812798,decision_function,,u_d85b7ade90cc7fec,3,0,official,principal
6867,0,0,-1.9699808448654137,decision_function,,u_d85b7ade90cc7fec,3,0,official,principal
2629,1,1,0.6453450423965943,decision_function,,u_d85b7ade90cc7fec,3,0,official,principal
2042,0,0,-0.3313071755087301,decision_function,,u_d85b7ade90cc7fec,3,0,official,principal
708,0,1,0.23625121142064387,decision_function,,u_d85b7ade90cc7fec,3,0,official,principal
3587,1,1,1.308630973396404,decision_function,,u_d85b7ade90cc7fec,3,0,official,principal
1395,1,0,-0.0440121248926133,decision_function,,u_d85b7ade90cc7fec,3,0,official,principal
6641,1,1,0.2620634622772644,decision_function,,u_d85b7ade90cc7fec,3,0,official,principal
844,1,1,1.708326636778119,decision_function,,u_d85b7ade90cc7fec,3,0,official,principal
4992,0,0,-0.8082459156921391,decision_function,,u_d85b7ade90cc7fec,3,0,official,principal
4272,1,0,-1.5238386345301032,decision_function,,u_d85b7ade90cc7fec,3,0,official,principal
4773,1,0,-0.6259170398512968,decision_function,,u_d85b7ade90cc7fec,3,0,official,principal
2636,0,0,-1.1300423927068475,decision_function,,u_d85b7ade90cc7fec,3,0,official,principal
2806,0,0,-0.7254318724975417,decision_function,,u_d85b7ade90cc7fec,3,0,official,principal
709,0,0,-0.3406354650730843,decision_function,,u_d85b7ade90cc7fec,3,0,official,principal
348,0,1,0.6170202274075256,decision_function,,u_d85b7ade90cc7fec,3,0,official,principal
444,0,1,0.36564014866691896,decision_function,,u_d85b7ade90cc7fec,3,0,official,principal
825,1,1,0.47044126111749773,decision_function,,u_d85b7ade90cc7fec,3,0,official,principal
5567,0,0,-0.8348721358324338,decision_function,,u_d85b7ade90cc7fec,3,0,official,principal
6231,1,1,1.0846982845158595,decision_function,,u_d85b7ade90cc7fec,3,0,official,principal
5722,1,1,0.5370901230764942,decision_function,,u_d85b7ade90cc7fec,3,0,official,principal
129,0,0,-0.8924076791424278,decision_function,,u_d85b7ade90cc7fec,3,0,official,principal
3616,0,0,-1.3801348722187323,decision_function,,u_d85b7ade90cc7fec,3,0,official,principal
4287,1,0,-0.7056182119767079,decision_function,,u_d85b7ade90cc7fec,3,0,official,principal
3297,0,0,-1.138701709929442,decision_function,,u_d85b7ade90cc7fec,3,0,official,principal
201,0,1,0.3631468474204722,decision_function,,u_d85b7ade90cc7fec,3,0,official,principal
4405,1,1,0.7236007227440302,decision_function,,u_d85b7ade90cc7fec,3,0,official,principal
3212,0,1,0.28448130177617403,decision_function,,u_d85b7ade90cc7fec,3,0,official,principal
2647,0,0,-0.19960359791507243,decision_function,,u_d85b7ade90cc7fec,3,0,official,principal
902,1,1,0.7853794059451289,decision_function,,u_d85b7ade90cc7fec,3,0,official,principal
450,0,0,-1.928550907831538,decision_function,,u_d85b7ade90cc7fec,3,0,official,principal
4349,1,1,1.404803284774015,decision_function,,u_d85b7ade90cc7fec,3,0,official,principal
1661,0,0,-0.1342886509939556,decision_function,,u_d85b7ade90cc7fec,3,0,official,principal
1506,0,0,-1.2574945426656319,decision_function,,u_d85b7ade90cc7fec,3,0,official,principal
2678,0,0,-1.346931660517926,decision_function,,u_d85b7ade90cc7fec,3,0,official,principal
2480,1,1,0.10922931594561613,decision_function,,u_d85b7ade90cc7fec,3,0,official,principal
4821,0,0,-0.9988363763371011,decision_function,,u_d85b7ade90cc7fec,3,0,official,principal
1155,0,0,-1.8183396121525184,decision_function,,u_d85b7ade90cc7fec,3,0,official,principal
6821,1,1,0.8688395210728819,decision_function,,u_d85b7ade90cc7fec,3,0,official,principal
3951,0,0,-2.030421289475531,decision_function,,u_d85b7ade90cc7fec,3,0,official,principal
4760,0,0,-1.5577139121335883,decision_function,,u_d85b7ade90cc7fec,3,0,official,principal
3749,1,1,1.985749738308045,decision_function,,u_d85b7ade90cc7fec,3,0,official,principal
132,0,0,-1.6928299617168396,decision_function,,u_d85b7ade90cc7fec,3,0,official,principal
3596,1,1,0.22096200887207984,decision_function,,u_d85b7ade90cc7fec,3,0,official,principal
5156,0,0,-0.7772108574633058,decision_function,,u_d85b7ade90cc7fec,3,0,official,principal
6397,0,0,-1.1209199338688078,decision_function,,u_d85b7ade90cc7fec,3,0,official,principal
4488,1,0,-0.14778484402494563,decision_function,,u_d85b7ade90cc7fec,3,0,official,principal
3759,1,1,1.0705040475586867,decision_function,,u_d85b7ade90cc7fec,3,0,official,principal
3540,0,0,-1.4755477021511043,decision_function,,u_d85b7ade90cc7fec,3,0,official,principal
1596,0,1,1.2408093601447938,decision_function,,u_d85b7ade90cc7fec,3,0,official,principal
3329,0,0,-0.14201464684902831,decision_function,,u_d85b7ade90cc7fec,3,0,official,principal
961,0,0,-0.8023355710199019,decision_function,,u_d85b7ade90cc7fec,3,0,official,principal
6375,1,1,0.8645153388371205,decision_function,,u_d85b7ade90cc7fec,3,0,official,principal
5987,0,0,-0.8931034896638235,decision_function,,u_d85b7ade90cc7fec,3,0,official,principal
483,0,0,-1.052315304182168,decision_function,,u_d85b7ade90cc7fec,3,0,official,principal
5562,0,0,-0.2846787823090451,decision_function,,u_d85b7ade90cc7fec,3,0,official,principal
3327,0,0,-0.7246787445814059,decision_function,,u_d85b7ade90cc7fec,3,0,official,principal
3372,0,0,-0.09474912399885482,decision_function,,u_d85b7ade90cc7fec,3,0,official,principal
5960,0,0,-0.34275846573713253,decision_function,,u_d85b7ade90cc7fec,3,0,official,principal
2747,0,0,-0.28213096798324344,decision_function,,u_d85b7ade90cc7fec,3,0,official,principal
4744,0,0,-1.4291486774316184,decision_function,,u_d85b7ade90cc7fec,3,0,official,principal
1006,1,1,1.0488183476207753,decision_function,,u_d85b7ade90cc7fec,3,0,official,principal
4098,1,0,-0.18021947759314838,decision_function,,u_d85b7ade90cc7fec,3,0,official,principal
5414,1,0,-0.8641826384080522,decision_function,,u_d85b7ade90cc7fec,3,0,official,principal
314,1,1,1.440446407506016,decision_function,,u_d85b7ade90cc7fec,3,0,official,principal
542,0,0,-0.4666858576350418,decision_function,,u_d85b7ade90cc7fec,3,0,official,principal
2262,1,1,1.4524845013057288,decision_function,,u_d85b7ade90cc7fec,3,0,official,principal
90,0,0,-0.15689930827627552,decision_function,,u_d85b7ade90cc7fec,3,0,official,principal
3890,1,0,-0.7370018715419645,decision_function,,u_d85b7ade90cc7fec,3,0,official,principal
730,1,1,0.20243994941746446,decision_function,,u_d85b7ade90cc7fec,3,0,official,principal
6899,1,1,0.5130243155049734,decision_function,,u_d85b7ade90cc7fec,3,0,official,principal
2211,0,0,-0.44390342009573003,decision_function,,u_d85b7ade90cc7fec,3,0,official,principal
1308,1,1,1.4214681860880705,decision_function,,u_d85b7ade90cc7fec,3,0,official,principal
1025,0,0,-0.828788409715297,decision_function,,u_d85b7ade90cc7fec,3,0,official,principal
4840,0,0,-0.6515337674628174,decision_function,,u_d85b7ade90cc7fec,3,0,official,principal
1385,0,0,-0.6735516042643145,decision_function,,u_d85b7ade90cc7fec,3,0,official,principal
6541,0,0,-1.2062901478868842,decision_function,,u_d85b7ade90cc7fec,3,0,official,principal
3573,0,0,-0.8430147194254942,decision_function,,u_d85b7ade90cc7fec,3,0,official,principal
3239,0,0,-0.0657592543938077,decision_function,,u_d85b7ade90cc7fec,3,0,official,principal
898,1,1,0.6555312176691432,decision_function,,u_d85b7ade90cc7fec,3,0,official,principal
5242,1,1,1.1394035158251297,decision_function,,u_d85b7ade90cc7fec,3,0,official,principal
1424,0,0,-1.841038149288996,decision_function,,u_d85b7ade90cc7fec,3,0,official,principal
