row_id,y_true,y_pred,score_positive,score_type,probability_native,unit_id,outer_fold,replicate,purpose,variant
2986,0,0,0.257430557859366,probability_native,0.257430557859366,u_362c1a44b63a6717,1,0,official,principal
5427,0,1,0.5713048110678874,probability_native,0.5713048110678874,u_362c1a44b63a6717,1,0,official,principal
6234,0,0,0.11975573262670854,probability_native,0.11975573262670854,u_362c1a44b63a6717,1,0,official,principal
6937,0,0,0.38815044191902887,probability_native,0.38815044191902887,u_362c1a44b63a6717,1,0,official,principal
6491,1,1,0.8189573689912151,probability_native,0.8189573689912151,u_362c1a44b63a6717,1,0,official,principal
478,1,1,0.8335158823238903,probability_native,0.8335158823238903,u_362c1a44b63a6717,1,0,official,principal
5704,0,1,0.8060022560387324,probability_native,0.8060022560387324,u_362c1a44b63a6717,1,0,official,principal
4453,1,1,0.8695861972886697,probability_native,0.8695861972886697,u_362c1a44b63a6717,1,0,official,principal
2320,0,0,0.13129814252210165,probability_native,0.13129814252210165,u_362c1a44b63a6717,1,0,official,principal
4437,0,0,0.33249012758861407,probability_native,0.33249012758861407,u_362c1a44b63a6717,1,0,official,principal
3511,0,0,0.10345274654468803,probability_native,0.10345274654468803,u_362c1a44b63a6717,1,0,official,principal
3404,0,0,0.20057253802010525,probability_native,0.20057253802010525,u_362c1a44b63a6717,1,0,official,principal
1565,0,1,0.507132772921439,probability_native,0.507132772921439,u_362c1a44b63a6717,1,0,official,principal
1096,0,1,0.5474161732261694,probability_native,0.5474161732261694,u_362c1a44b63a6717,1,0,official,principal
733,0,0,0.1321783411756582,probability_native,0.1321783411756582,u_362c1a44b63a6717,1,0,official,principal
6846,1,1,0.8004087916168332,probability_native,0.8004087916168332,u_362c1a44b63a6717,1,0,official,principal
6891,0,1,0.6032128826863513,probability_native,0.6032128826863513,u_362c1a44b63a6717,1,0,official,principal
3011,0,0,0.21221586917008298,probability_native,0.21221586917008298,u_362c1a44b63a6717,1,0,official,principal
6009,1,1,0.6903737208944914,probability_native,0.6903737208944914,u_362c1a44b63a6717,1,0,official,principal
4163,0,0,0.1277991899142462,probability_native,0.1277991899142462,u_362c1a44b63a6717,1,0,official,principal
5717,0,0,0.13523672132581346,probability_native,0.13523672132581346,u_362c1a44b63a6717,1,0,official,principal
6803,0,0,0.3100550582641065,probability_native,0.3100550582641065,u_362c1a44b63a6717,1,0,official,principal
1426,0,0,0.2626776149080626,probability_native,0.2626776149080626,u_362c1a44b63a6717,1,0,official,principal
3860,0,0,0.4655288815678934,probability_native,0.4655288815678934,u_362c1a44b63a6717,1,0,official,principal
810,1,0,0.4880922808030512,probability_native,0.4880922808030512,u_362c1a44b63a6717,1,0,official,principal
2936,0,1,0.6671577262036065,probability_native,0.6671577262036065,u_362c1a44b63a6717,1,0,official,principal
2205,0,1,0.7153783210384017,probability_native,0.7153783210384017,u_362c1a44b63a6717,1,0,official,principal
6563,1,1,0.6964868056046707,probability_native,0.6964868056046707,u_362c1a44b63a6717,1,0,official,principal
2997,1,1,0.5393749753568271,probability_native,0.5393749753568271,u_362c1a44b63a6717,1,0,official,principal
1265,0,0,0.33597091249373967,probability_native,0.33597091249373967,u_362c1a44b63a6717,1,0,official,principal
948,1,1,0.7974916786121354,probability_native,0.7974916786121354,u_362c1a44b63a6717,1,0,official,principal
3521,0,0,0.1480402334256719,probability_native,0.1480402334256719,u_362c1a44b63a6717,1,0,official,principal
6809,1,1,0.8132907013988927,probability_native,0.8132907013988927,u_362c1a44b63a6717,1,0,official,principal
3563,0,1,0.6621005366399857,probability_native,0.6621005366399857,u_362c1a44b63a6717,1,0,official,principal
393,0,0,0.31157686203461726,probability_native,0.31157686203461726,u_362c1a44b63a6717,1,0,official,principal
2693,0,0,0.061540338772793884,probability_native,0.061540338772793884,u_362c1a44b63a6717,1,0,official,principal
3187,0,1,0.6557906572200934,probability_native,0.6557906572200934,u_362c1a44b63a6717,1,0,official,principal
6446,0,0,0.2600891966923269,probability_native,0.2600891966923269,u_362c1a44b63a6717,1,0,official,principal
3633,0,1,0.8501521272657994,probability_native,0.8501521272657994,u_362c1a44b63a6717,1,0,official,principal
5864,0,0,0.11113905605717966,probability_native,0.11113905605717966,u_362c1a44b63a6717,1,0,official,principal
4069,0,0,0.22456615832174007,probability_native,0.22456615832174007,u_362c1a44b63a6717,1,0,official,principal
3383,1,1,0.8137112132400488,probability_native,0.8137112132400488,u_362c1a44b63a6717,1,0,official,principal
6456,0,0,0.23815398474392477,probability_native,0.23815398474392477,u_362c1a44b63a6717,1,0,official,principal
1263,1,0,0.48013081735214896,probability_native,0.48013081735214896,u_362c1a44b63a6717,1,0,official,principal
272,1,1,0.56182729749474,probability_native,0.56182729749474,u_362c1a44b63a6717,1,0,official,principal
2070,1,0,0.2932820021178994,probability_native,0.2932820021178994,u_362c1a44b63a6717,1,0,official,principal
4842,1,1,0.6030953932726687,probability_native,0.6030953932726687,u_362c1a44b63a6717,1,0,official,principal
4872,0,0,0.1380433251093499,probability_native,0.1380433251093499,u_362c1a44b63a6717,1,0,official,principal
5272,1,1,0.8534266398740773,probability_native,0.8534266398740773,u_362c1a44b63a6717,1,0,official,principal
3646,0,0,0.41315251743981074,probability_native,0.41315251743981074,u_362c1a44b63a6717,1,0,official,principal
3935,0,0,0.06077251176051925,probability_native,0.06077251176051925,u_362c1a44b63a6717,1,0,official,principal
4788,0,0,0.14803163148783433,probability_native,0.14803163148783433,u_362c1a44b63a6717,1,0,official,principal
6124,0,0,0.12195599258243567,probability_native,0.12195599258243567,u_362c1a44b63a6717,1,0,official,principal
736,0,1,0.5507201452028947,probability_native,0.5507201452028947,u_362c1a44b63a6717,1,0,official,principal
5876,1,1,0.8717071960317309,probability_native,0.8717071960317309,u_362c1a44b63a6717,1,0,official,principal
2566,0,0,0.10845043059190902,probability_native,0.10845043059190902,u_362c1a44b63a6717,1,0,official,principal
1400,0,0,0.3599464627322609,probability_native,0.3599464627322609,u_362c1a44b63a6717,1,0,official,principal
1879,1,1,0.8172008881559405,probability_native,0.8172008881559405,u_362c1a44b63a6717,1,0,official,principal
6613,0,0,0.4098045941613536,probability_native,0.4098045941613536,u_362c1a44b63a6717,1,0,official,principal
2793,0,1,0.7901548062104149,probability_native,0.7901548062104149,u_362c1a44b63a6717,1,0,official,principal
5185,0,0,0.1874542601384545,probability_native,0.1874542601384545,u_362c1a44b63a6717,1,0,official,principal
1955,0,1,0.5971427249049086,probability_native,0.5971427249049086,u_362c1a44b63a6717,1,0,official,principal
5161,0,0,0.38147405763464043,probability_native,0.38147405763464043,u_362c1a44b63a6717,1,0,official,principal
4569,1,0,0.4305370471169522,probability_native,0.4305370471169522,u_362c1a44b63a6717,1,0,official,principal
1722,0,0,0.3417166875585577,probability_native,0.3417166875585577,u_362c1a44b63a6717,1,0,official,principal
2662,1,1,0.769524546553876,probability_native,0.769524546553876,u_362c1a44b63a6717,1,0,official,principal
3768,0,0,0.44958534852782717,probability_native,0.44958534852782717,u_362c1a44b63a6717,1,0,official,principal
4926,0,0,0.1192495912751761,probability_native,0.1192495912751761,u_362c1a44b63a6717,1,0,official,principal
439,0,1,0.5076696767196185,probability_native,0.5076696767196185,u_362c1a44b63a6717,1,0,official,principal
416,0,0,0.22487414465469607,probability_native,0.22487414465469607,u_362c1a44b63a6717,1,0,official,principal
3341,0,0,0.30790842943501595,probability_native,0.30790842943501595,u_362c1a44b63a6717,1,0,official,principal
6276,0,0,0.23712457709439738,probability_native,0.23712457709439738,u_362c1a44b63a6717,1,0,official,principal
2502,0,0,0.09510156777597123,probability_native,0.09510156777597123,u_362c1a44b63a6717,1,0,official,principal
5397,1,1,0.835193352669103,probability_native,0.835193352669103,u_362c1a44b63a6717,1,0,official,principal
6734,1,0,0.4465337355103324,probability_native,0.4465337355103324,u_362c1a44b63a6717,1,0,official,principal
5992,1,0,0.12409565856870752,probability_native,0.12409565856870752,u_362c1a44b63a6717,1,0,official,principal
4985,0,0,0.1174382867653816,probability_native,0.1174382867653816,u_362c1a44b63a6717,1,0,official,principal
5863,1,1,0.8407067048310104,probability_native,0.8407067048310104,u_362c1a44b63a6717,1,0,official,principal
6801,0,1,0.5961813194979952,probability_native,0.5961813194979952,u_362c1a44b63a6717,1,0,official,principal
3133,0,0,0.15677009723174465,probability_native,0.15677009723174465,u_362c1a44b63a6717,1,0,official,principal
4709,0,1,0.5590544548524157,probability_native,0.5590544548524157,u_362c1a44b63a6717,1,0,official,principal
5553,1,1,0.6840332299868367,probability_native,0.6840332299868367,u_362c1a44b63a6717,1,0,official,principal
6871,0,0,0.4937758347678414,probability_native,0.4937758347678414,u_362c1a44b63a6717,1,0,official,principal
1536,0,0,0.09135181844469815,probability_native,0.09135181844469815,u_362c1a44b63a6717,1,0,official,principal
982,0,0,0.31957026529152854,probability_native,0.31957026529152854,u_362c1a44b63a6717,1,0,official,principal
5325,0,0,0.34062714463704585,probability_native,0.34062714463704585,u_362c1a44b63a6717,1,0,official,principal
1540,0,0,0.32390298003357054,probability_native,0.32390298003357054,u_362c1a44b63a6717,1,0,official,principal
2432,0,0,0.21747874170910195,probability_native,0.21747874170910195,u_362c1a44b63a6717,1,0,official,principal
4921,0,1,0.583073076517237,probability_native,0.583073076517237,u_362c1a44b63a6717,1,0,official,principal
6109,0,1,0.5855526095371009,probability_native,0.5855526095371009,u_362c1a44b63a6717,1,0,official,principal
874,0,0,0.4126232835337019,probability_native,0.4126232835337019,u_362c1a44b63a6717,1,0,official,principal
5339,0,1,0.6548297696545471,probability_native,0.6548297696545471,u_362c1a44b63a6717,1,0,official,principal
1923,0,0,0.1175009717110652,probability_native,0.1175009717110652,u_362c1a44b63a6717,1,0,official,principal
1827,0,0,0.3612637940426132,probability_native,0.3612637940426132,u_362c1a44b63a6717,1,0,official,principal
972,0,0,0.1393919384965595,probability_native,0.1393919384965595,u_362c1a44b63a6717,1,0,official,principal
3673,1,1,0.7261460236731893,probability_native,0.7261460236731893,u_362c1a44b63a6717,1,0,official,principal
5747,0,0,0.33619017782060684,probability_native,0.33619017782060684,u_362c1a44b63a6717,1,0,official,principal
3904,0,0,0.1981102104993982,probability_native,0.1981102104993982,u_362c1a44b63a6717,1,0,official,principal
3987,1,1,0.8046004620678912,probability_native,0.8046004620678912,u_362c1a44b63a6717,1,0,official,principal
555,0,0,0.21749468659576623,probability_native,0.21749468659576623,u_362c1a44b63a6717,1,0,official,principal
2918,0,1,0.656317159886498,probability_native,0.656317159886498,u_362c1a44b63a6717,1,0,official,principal
2752,1,0,0.2223792024916958,probability_native,0.2223792024916958,u_362c1a44b63a6717,1,0,official,principal
5457,0,0,0.41351575279014813,probability_native,0.41351575279014813,u_362c1a44b63a6717,1,0,official,principal
6934,0,0,0.25612903162843076,probability_native,0.25612903162843076,u_362c1a44b63a6717,1,0,official,principal
2152,0,1,0.7338506255299782,probability_native,0.7338506255299782,u_362c1a44b63a6717,1,0,official,principal
3921,0,0,0.3806418758916954,probability_native,0.3806418758916954,u_362c1a44b63a6717,1,0,official,principal
2192,0,0,0.20084588915747034,probability_native,0.20084588915747034,u_362c1a44b63a6717,1,0,official,principal
2274,1,1,0.66011100117486,probability_native,0.66011100117486,u_362c1a44b63a6717,1,0,official,principal
5401,0,0,0.15185544712428253,probability_native,0.15185544712428253,u_362c1a44b63a6717,1,0,official,principal
3715,0,1,0.8345670128675091,probability_native,0.8345670128675091,u_362c1a44b63a6717,1,0,official,principal
217,0,0,0.11120688724936056,probability_native,0.11120688724936056,u_362c1a44b63a6717,1,0,official,principal
7029,0,1,0.7912112980537248,probability_native,0.7912112980537248,u_362c1a44b63a6717,1,0,official,principal
2232,0,0,0.1141136014936689,probability_native,0.1141136014936689,u_362c1a44b63a6717,1,0,official,principal
5395,1,1,0.801682829273302,probability_native,0.801682829273302,u_362c1a44b63a6717,1,0,official,principal
6122,0,0,0.2554297024081475,probability_native,0.2554297024081475,u_362c1a44b63a6717,1,0,official,principal
3012,0,0,0.11016147677975185,probability_native,0.11016147677975185,u_362c1a44b63a6717,1,0,official,principal
941,0,0,0.4949672164182989,probability_native,0.4949672164182989,u_362c1a44b63a6717,1,0,official,principal
4694,0,0,0.35895290479603637,probability_native,0.35895290479603637,u_362c1a44b63a6717,1,0,official,principal
94,0,0,0.31801814714665577,probability_native,0.31801814714665577,u_362c1a44b63a6717,1,0,official,principal
1794,0,0,0.08621082494008972,probability_native,0.08621082494008972,u_362c1a44b63a6717,1,0,official,principal
2256,0,0,0.2525859356871425,probability_native,0.2525859356871425,u_362c1a44b63a6717,1,0,official,principal
4371,0,0,0.2808639602822749,probability_native,0.2808639602822749,u_362c1a44b63a6717,1,0,official,principal
3361,0,0,0.24136705339608108,probability_native,0.24136705339608108,u_362c1a44b63a6717,1,0,official,principal
1619,0,0,0.10926193698834924,probability_native,0.10926193698834924,u_362c1a44b63a6717,1,0,official,principal
6578,0,0,0.3496280262296915,probability_native,0.3496280262296915,u_362c1a44b63a6717,1,0,official,principal
5199,0,1,0.545529374393324,probability_native,0.545529374393324,u_362c1a44b63a6717,1,0,official,principal
5490,0,1,0.5471189664021362,probability_native,0.5471189664021362,u_362c1a44b63a6717,1,0,official,principal
2069,1,1,0.8534300396458151,probability_native,0.8534300396458151,u_362c1a44b63a6717,1,0,official,principal
380,0,0,0.39339462152191057,probability_native,0.39339462152191057,u_362c1a44b63a6717,1,0,official,principal
2393,1,1,0.5499496174013832,probability_native,0.5499496174013832,u_362c1a44b63a6717,1,0,official,principal
2811,0,0,0.10793678258904081,probability_native,0.10793678258904081,u_362c1a44b63a6717,1,0,official,principal
6422,0,0,0.1991579490461878,probability_native,0.1991579490461878,u_362c1a44b63a6717,1,0,official,principal
6414,0,0,0.1185082840514883,probability_native,0.1185082840514883,u_362c1a44b63a6717,1,0,official,principal
4935,0,0,0.1872621269266052,probability_native,0.1872621269266052,u_362c1a44b63a6717,1,0,official,principal
4942,1,1,0.681894907890966,probability_native,0.681894907890966,u_362c1a44b63a6717,1,0,official,principal
3789,0,0,0.36448448684997203,probability_native,0.36448448684997203,u_362c1a44b63a6717,1,0,official,principal
3583,0,0,0.2431897023101477,probability_native,0.2431897023101477,u_362c1a44b63a6717,1,0,official,principal
1587,0,0,0.10545766462187223,probability_native,0.10545766462187223,u_362c1a44b63a6717,1,0,official,principal
3148,0,0,0.35923477126297537,probability_native,0.35923477126297537,u_362c1a44b63a6717,1,0,official,principal
7028,0,0,0.10779500333277169,probability_native,0.10779500333277169,u_362c1a44b63a6717,1,0,official,principal
3981,0,1,0.8355187627718154,probability_native,0.8355187627718154,u_362c1a44b63a6717,1,0,official,principal
4228,1,1,0.7820401395956352,probability_native,0.7820401395956352,u_362c1a44b63a6717,1,0,official,principal
2321,0,1,0.5278697319294513,probability_native,0.5278697319294513,u_362c1a44b63a6717,1,0,official,principal
1692,0,0,0.2638200290101462,probability_native,0.2638200290101462,u_362c1a44b63a6717,1,0,official,principal
4866,0,1,0.6603181021620459,probability_native,0.6603181021620459,u_362c1a44b63a6717,1,0,official,principal
5570,0,1,0.6597510527524689,probability_native,0.6597510527524689,u_362c1a44b63a6717,1,0,official,principal
4642,1,0,0.12135599801388307,probability_native,0.12135599801388307,u_362c1a44b63a6717,1,0,official,principal
2277,1,1,0.505176577179774,probability_native,0.505176577179774,u_362c1a44b63a6717,1,0,official,principal
6330,0,1,0.6645349639222289,probability_native,0.6645349639222289,u_362c1a44b63a6717,1,0,official,principal
5576,1,1,0.6968656973905469,probability_native,0.6968656973905469,u_362c1a44b63a6717,1,0,official,principal
6913,0,0,0.3113701750019044,probability_native,0.3113701750019044,u_362c1a44b63a6717,1,0,official,principal
2745,1,1,0.8926404852891651,probability_native,0.8926404852891651,u_362c1a44b63a6717,1,0,official,principal
1874,0,0,0.1961030185538079,probability_native,0.1961030185538079,u_362c1a44b63a6717,1,0,official,principal
2638,1,0,0.4346836360479169,probability_native,0.4346836360479169,u_362c1a44b63a6717,1,0,official,principal
6079,0,1,0.5054163884312223,probability_native,0.5054163884312223,u_362c1a44b63a6717,1,0,official,principal
782,0,0,0.34396594754774323,probability_native,0.34396594754774323,u_362c1a44b63a6717,1,0,official,principal
3602,0,0,0.38016181701280044,probability_native,0.38016181701280044,u_362c1a44b63a6717,1,0,official,principal
6282,0,0,0.22290472988396845,probability_native,0.22290472988396845,u_362c1a44b63a6717,1,0,official,principal
2404,0,0,0.4233242095318411,probability_native,0.4233242095318411,u_362c1a44b63a6717,1,0,official,principal
332,0,1,0.5134092070753227,probability_native,0.5134092070753227,u_362c1a44b63a6717,1,0,official,principal
2127,1,0,0.29774235345129735,probability_native,0.29774235345129735,u_362c1a44b63a6717,1,0,official,principal
6047,0,1,0.6504179465251407,probability_native,0.6504179465251407,u_362c1a44b63a6717,1,0,official,principal
5038,0,0,0.354714910609788,probability_native,0.354714910609788,u_362c1a44b63a6717,1,0,official,principal
2959,0,1,0.5478430698192843,probability_native,0.5478430698192843,u_362c1a44b63a6717,1,0,official,principal
1778,0,0,0.055317517663074786,probability_native,0.055317517663074786,u_362c1a44b63a6717,1,0,official,principal
6896,1,1,0.568244717881302,probability_native,0.568244717881302,u_362c1a44b63a6717,1,0,official,principal
5169,0,0,0.34458514085599273,probability_native,0.34458514085599273,u_362c1a44b63a6717,1,0,official,principal
6888,0,1,0.8256830545452337,probability_native,0.8256830545452337,u_362c1a44b63a6717,1,0,official,principal
6055,0,1,0.7222689976928387,probability_native,0.7222689976928387,u_362c1a44b63a6717,1,0,official,principal
6744,0,0,0.2622040957134571,probability_native,0.2622040957134571,u_362c1a44b63a6717,1,0,official,principal
3364,1,1,0.790924218753526,probability_native,0.790924218753526,u_362c1a44b63a6717,1,0,official,principal
3226,0,0,0.37853511936259754,probability_native,0.37853511936259754,u_362c1a44b63a6717,1,0,official,principal
6869,1,0,0.19360439899510803,probability_native,0.19360439899510803,u_362c1a44b63a6717,1,0,official,principal
2270,1,1,0.8692539296227926,probability_native,0.8692539296227926,u_362c1a44b63a6717,1,0,official,principal
4173,0,1,0.834731209383593,probability_native,0.834731209383593,u_362c1a44b63a6717,1,0,official,principal
3817,0,0,0.09366147155372571,probability_native,0.09366147155372571,u_362c1a44b63a6717,1,0,official,principal
2368,0,0,0.21396062659567602,probability_native,0.21396062659567602,u_362c1a44b63a6717,1,0,official,principal
4916,0,1,0.7856936663674638,probability_native,0.7856936663674638,u_362c1a44b63a6717,1,0,official,principal
2191,1,1,0.9034923787117869,probability_native,0.9034923787117869,u_362c1a44b63a6717,1,0,official,principal
2790,1,0,0.4041272610089491,probability_native,0.4041272610089491,u_362c1a44b63a6717,1,0,official,principal
6660,1,1,0.8113825191075722,probability_native,0.8113825191075722,u_362c1a44b63a6717,1,0,official,principal
5429,0,0,0.08995064080367587,probability_native,0.08995064080367587,u_362c1a44b63a6717,1,0,official,principal
3503,0,0,0.42346012303718905,probability_native,0.42346012303718905,u_362c1a44b63a6717,1,0,official,principal
3310,1,1,0.8454016949656081,probability_native,0.8454016949656081,u_362c1a44b63a6717,1,0,official,principal
6878,1,1,0.8716586635439156,probability_native,0.8716586635439156,u_362c1a44b63a6717,1,0,official,principal
4851,1,1,0.8393487881584171,probability_native,0.8393487881584171,u_362c1a44b63a6717,1,0,official,principal
719,0,0,0.42579233775847214,probability_native,0.42579233775847214,u_362c1a44b63a6717,1,0,official,principal
1500,0,0,0.44342876725056546,probability_native,0.44342876725056546,u_362c1a44b63a6717,1,0,official,principal
4060,0,0,0.1654670406182682,probability_native,0.1654670406182682,u_362c1a44b63a6717,1,0,official,principal
2342,0,1,0.5850280639550883,probability_native,0.5850280639550883,u_362c1a44b63a6717,1,0,official,principal
222,0,0,0.43099441702769964,probability_native,0.43099441702769964,u_362c1a44b63a6717,1,0,official,principal
1323,0,0,0.09274067074173838,probability_native,0.09274067074173838,u_362c1a44b63a6717,1,0,official,principal
3366,0,1,0.6949259439012564,probability_native,0.6949259439012564,u_362c1a44b63a6717,1,0,official,principal
5799,1,1,0.6633107048125954,probability_native,0.6633107048125954,u_362c1a44b63a6717,1,0,official,principal
2825,0,1,0.5058754864969632,probability_native,0.5058754864969632,u_362c1a44b63a6717,1,0,official,principal
3193,0,0,0.2307934430878971,probability_native,0.2307934430878971,u_362c1a44b63a6717,1,0,official,principal
5154,1,1,0.7761754288192414,probability_native,0.7761754288192414,u_362c1a44b63a6717,1,0,official,principal
80,1,1,0.835211352669506,probability_native,0.835211352669506,u_362c1a44b63a6717,1,0,official,principal
54,0,0,0.1562029928269198,probability_native,0.1562029928269198,u_362c1a44b63a6717,1,0,official,principal
6673,0,1,0.6741484528148061,probability_native,0.6741484528148061,u_362c1a44b63a6717,1,0,official,principal
2626,0,0,0.18441511975458144,probability_native,0.18441511975458144,u_362c1a44b63a6717,1,0,official,principal
6947,0,0,0.36024130647429625,probability_native,0.36024130647429625,u_362c1a44b63a6717,1,0,official,principal
5985,0,0,0.20622876827785985,probability_native,0.20622876827785985,u_362c1a44b63a6717,1,0,official,principal
6451,0,0,0.3677045053466268,probability_native,0.3677045053466268,u_362c1a44b63a6717,1,0,official,principal
6364,0,0,0.20848526139384768,probability_native,0.20848526139384768,u_362c1a44b63a6717,1,0,official,principal
2285,1,0,0.45782538161964803,probability_native,0.45782538161964803,u_362c1a44b63a6717,1,0,official,principal
6242,0,0,0.116935565305224,probability_native,0.116935565305224,u_362c1a44b63a6717,1,0,official,principal
30,0,0,0.17486397152887176,probability_native,0.17486397152887176,u_362c1a44b63a6717,1,0,official,principal
673,0,0,0.3830043259881662,probability_native,0.3830043259881662,u_362c1a44b63a6717,1,0,official,principal
684,0,1,0.7241024148504606,probability_native,0.7241024148504606,u_362c1a44b63a6717,1,0,official,principal
4424,1,1,0.5746957906735384,probability_native,0.5746957906735384,u_362c1a44b63a6717,1,0,official,principal
1502,0,0,0.2872978206806419,probability_native,0.2872978206806419,u_362c1a44b63a6717,1,0,official,principal
860,0,0,0.21181521743516435,probability_native,0.21181521743516435,u_362c1a44b63a6717,1,0,official,principal
5445,0,0,0.29368931910436685,probability_native,0.29368931910436685,u_362c1a44b63a6717,1,0,official,principal
3827,0,0,0.3380770140757878,probability_native,0.3380770140757878,u_362c1a44b63a6717,1,0,official,principal
5014,0,0,0.3256343467686671,probability_native,0.3256343467686671,u_362c1a44b63a6717,1,0,official,principal
1149,1,1,0.7611590954788441,probability_native,0.7611590954788441,u_362c1a44b63a6717,1,0,official,principal
6990,0,1,0.6675122332583763,probability_native,0.6675122332583763,u_362c1a44b63a6717,1,0,official,principal
1678,0,0,0.27818261711317,probability_native,0.27818261711317,u_362c1a44b63a6717,1,0,official,principal
6957,0,1,0.7387576629583715,probability_native,0.7387576629583715,u_362c1a44b63a6717,1,0,official,principal
6575,0,0,0.4029151436505272,probability_native,0.4029151436505272,u_362c1a44b63a6717,1,0,official,principal
2574,1,1,0.7428073436244235,probability_native,0.7428073436244235,u_362c1a44b63a6717,1,0,official,principal
5403,0,0,0.39441720516416595,probability_native,0.39441720516416595,u_362c1a44b63a6717,1,0,official,principal
3947,0,0,0.4933691192642825,probability_native,0.4933691192642825,u_362c1a44b63a6717,1,0,official,principal
1357,0,1,0.5691292914105323,probability_native,0.5691292914105323,u_362c1a44b63a6717,1,0,official,principal
1386,0,0,0.15643681304949164,probability_native,0.15643681304949164,u_362c1a44b63a6717,1,0,official,principal
4701,0,1,0.85480639306741,probability_native,0.85480639306741,u_362c1a44b63a6717,1,0,official,principal
3213,0,0,0.16834604038925113,probability_native,0.16834604038925113,u_362c1a44b63a6717,1,0,official,principal
6536,0,1,0.5439040945776187,probability_native,0.5439040945776187,u_362c1a44b63a6717,1,0,official,principal
3406,0,0,0.2001896064422685,probability_native,0.2001896064422685,u_362c1a44b63a6717,1,0,official,principal
1078,0,0,0.33524488264195806,probability_native,0.33524488264195806,u_362c1a44b63a6717,1,0,official,principal
3849,1,0,0.34738430440950363,probability_native,0.34738430440950363,u_362c1a44b63a6717,1,0,official,principal
5307,0,1,0.8582523621833762,probability_native,0.8582523621833762,u_362c1a44b63a6717,1,0,official,principal
3168,0,0,0.16578377443386463,probability_native,0.16578377443386463,u_362c1a44b63a6717,1,0,official,principal
4159,0,0,0.49291726561796717,probability_native,0.49291726561796717,u_362c1a44b63a6717,1,0,official,principal
3865,0,0,0.4112147151165722,probability_native,0.4112147151165722,u_362c1a44b63a6717,1,0,official,principal
5549,1,1,0.8456735826101068,probability_native,0.8456735826101068,u_362c1a44b63a6717,1,0,official,principal
1647,1,1,0.7445256684444042,probability_native,0.7445256684444042,u_362c1a44b63a6717,1,0,official,principal
1943,0,1,0.6673742336953247,probability_native,0.6673742336953247,u_362c1a44b63a6717,1,0,official,principal
1545,0,0,0.3828478993672093,probability_native,0.3828478993672093,u_362c1a44b63a6717,1,0,official,principal
4980,0,0,0.3137448017823954,probability_native,0.3137448017823954,u_362c1a44b63a6717,1,0,official,principal
6798,0,1,0.7087102600959789,probability_native,0.7087102600959789,u_362c1a44b63a6717,1,0,official,principal
5289,0,0,0.3327036689822309,probability_native,0.3327036689822309,u_362c1a44b63a6717,1,0,official,principal
4463,1,1,0.8167686525861881,probability_native,0.8167686525861881,u_362c1a44b63a6717,1,0,official,principal
6359,0,0,0.31393655083596134,probability_native,0.31393655083596134,u_362c1a44b63a6717,1,0,official,principal
4804,0,0,0.4141681133726339,probability_native,0.4141681133726339,u_362c1a44b63a6717,1,0,official,principal
5182,0,0,0.3103681838596976,probability_native,0.3103681838596976,u_362c1a44b63a6717,1,0,official,principal
136,0,1,0.6073667531264253,probability_native,0.6073667531264253,u_362c1a44b63a6717,1,0,official,principal
3588,0,1,0.6604136494315563,probability_native,0.6604136494315563,u_362c1a44b63a6717,1,0,official,principal
2166,0,0,0.3420227343589378,probability_native,0.3420227343589378,u_362c1a44b63a6717,1,0,official,principal
5111,1,0,0.4494169342594237,probability_native,0.4494169342594237,u_362c1a44b63a6717,1,0,official,principal
4279,0,0,0.3346766092708078,probability_native,0.3346766092708078,u_362c1a44b63a6717,1,0,official,principal
6767,0,0,0.18456392747725522,probability_native,0.18456392747725522,u_362c1a44b63a6717,1,0,official,principal
4321,0,1,0.7809927954546653,probability_native,0.7809927954546653,u_362c1a44b63a6717,1,0,official,principal
1409,0,1,0.585276560309717,probability_native,0.585276560309717,u_362c1a44b63a6717,1,0,official,principal
2060,0,0,0.10949265441781206,probability_native,0.10949265441781206,u_362c1a44b63a6717,1,0,official,principal
2462,0,1,0.5279177035771857,probability_native,0.5279177035771857,u_362c1a44b63a6717,1,0,official,principal
5973,0,0,0.3765137908626192,probability_native,0.3765137908626192,u_362c1a44b63a6717,1,0,official,principal
289,1,1,0.5738842380940555,probability_native,0.5738842380940555,u_362c1a44b63a6717,1,0,official,principal
4342,0,0,0.1768616805822078,probability_native,0.1768616805822078,u_362c1a44b63a6717,1,0,official,principal
2864,0,1,0.6134911779769873,probability_native,0.6134911779769873,u_362c1a44b63a6717,1,0,official,principal
2033,1,0,0.48380287641974196,probability_native,0.48380287641974196,u_362c1a44b63a6717,1,0,official,principal
3605,0,0,0.4816802766976047,probability_native,0.4816802766976047,u_362c1a44b63a6717,1,0,official,principal
280,0,0,0.4619861978888346,probability_native,0.4619861978888346,u_362c1a44b63a6717,1,0,official,principal
1930,0,1,0.5538370806844269,probability_native,0.5538370806844269,u_362c1a44b63a6717,1,0,official,principal
4222,0,0,0.3424803892724908,probability_native,0.3424803892724908,u_362c1a44b63a6717,1,0,official,principal
839,0,0,0.1136837727777122,probability_native,0.1136837727777122,u_362c1a44b63a6717,1,0,official,principal
6275,0,0,0.08762254469276282,probability_native,0.08762254469276282,u_362c1a44b63a6717,1,0,official,principal
506,0,1,0.7088678055545553,probability_native,0.7088678055545553,u_362c1a44b63a6717,1,0,official,principal
5434,0,1,0.5841817189101483,probability_native,0.5841817189101483,u_362c1a44b63a6717,1,0,official,principal
6526,1,0,0.4635727536489778,probability_native,0.4635727536489778,u_362c1a44b63a6717,1,0,official,principal
5295,0,1,0.5325785151560609,probability_native,0.5325785151560609,u_362c1a44b63a6717,1,0,official,principal
2703,1,1,0.6731159587564154,probability_native,0.6731159587564154,u_362c1a44b63a6717,1,0,official,principal
2537,0,0,0.1725758995090373,probability_native,0.1725758995090373,u_362c1a44b63a6717,1,0,official,principal
824,0,0,0.11186316834929964,probability_native,0.11186316834929964,u_362c1a44b63a6717,1,0,official,principal
908,0,0,0.339155050878266,probability_native,0.339155050878266,u_362c1a44b63a6717,1,0,official,principal
6823,0,1,0.5878240821854213,probability_native,0.5878240821854213,u_362c1a44b63a6717,1,0,official,principal
3210,0,0,0.10264323841878703,probability_native,0.10264323841878703,u_362c1a44b63a6717,1,0,official,principal
25,0,0,0.38532195447480977,probability_native,0.38532195447480977,u_362c1a44b63a6717,1,0,official,principal
2379,1,1,0.7217487668465266,probability_native,0.7217487668465266,u_362c1a44b63a6717,1,0,official,principal
6078,0,0,0.29462975412519604,probability_native,0.29462975412519604,u_362c1a44b63a6717,1,0,official,principal
6325,1,1,0.5962844022830109,probability_native,0.5962844022830109,u_362c1a44b63a6717,1,0,official,principal
1257,0,0,0.3653096972500915,probability_native,0.3653096972500915,u_362c1a44b63a6717,1,0,official,principal
6216,0,0,0.07907103556658134,probability_native,0.07907103556658134,u_362c1a44b63a6717,1,0,official,principal
4116,0,0,0.22177544564356888,probability_native,0.22177544564356888,u_362c1a44b63a6717,1,0,official,principal
3746,1,1,0.8146052086167647,probability_native,0.8146052086167647,u_362c1a44b63a6717,1,0,official,principal
6844,0,1,0.5348788423278058,probability_native,0.5348788423278058,u_362c1a44b63a6717,1,0,official,principal
6893,1,0,0.42735063926690275,probability_native,0.42735063926690275,u_362c1a44b63a6717,1,0,official,principal
1524,0,0,0.4600827733351374,probability_native,0.4600827733351374,u_362c1a44b63a6717,1,0,official,principal
2196,0,0,0.27229422755100124,probability_native,0.27229422755100124,u_362c1a44b63a6717,1,0,official,principal
2621,0,0,0.1410409889731797,probability_native,0.1410409889731797,u_362c1a44b63a6717,1,0,official,principal
379,0,1,0.593349130786454,probability_native,0.593349130786454,u_362c1a44b63a6717,1,0,official,principal
3929,0,0,0.23160546286904485,probability_native,0.23160546286904485,u_362c1a44b63a6717,1,0,official,principal
7026,1,1,0.6026769245396895,probability_native,0.6026769245396895,u_362c1a44b63a6717,1,0,official,principal
3221,0,1,0.6147861955902405,probability_native,0.6147861955902405,u_362c1a44b63a6717,1,0,official,principal
2366,1,1,0.8481153442406849,probability_native,0.8481153442406849,u_362c1a44b63a6717,1,0,official,principal
6255,0,0,0.3253256245319708,probability_native,0.3253256245319708,u_362c1a44b63a6717,1,0,official,principal
5638,1,0,0.4859006337140099,probability_native,0.4859006337140099,u_362c1a44b63a6717,1,0,official,principal
6606,1,1,0.702818924261096,probability_native,0.702818924261096,u_362c1a44b63a6717,1,0,official,principal
1796,0,1,0.5762896238423865,probability_native,0.5762896238423865,u_362c1a44b63a6717,1,0,official,principal
2682,1,1,0.5868856188712117,probability_native,0.5868856188712117,u_362c1a44b63a6717,1,0,official,principal
6517,0,1,0.6367548902680551,probability_native,0.6367548902680551,u_362c1a44b63a6717,1,0,official,principal
1217,0,0,0.1361326195661082,probability_native,0.1361326195661082,u_362c1a44b63a6717,1,0,official,principal
5124,0,0,0.1482255323543736,probability_native,0.1482255323543736,u_362c1a44b63a6717,1,0,official,principal
5856,0,1,0.5713129842691952,probability_native,0.5713129842691952,u_362c1a44b63a6717,1,0,official,principal
5136,0,1,0.8209577424863961,probability_native,0.8209577424863961,u_362c1a44b63a6717,1,0,official,principal
398,0,1,0.586947160052972,probability_native,0.586947160052972,u_362c1a44b63a6717,1,0,official,principal
918,0,1,0.7362813766771413,probability_native,0.7362813766771413,u_362c1a44b63a6717,1,0,official,principal
6759,0,0,0.4575051902564752,probability_native,0.4575051902564752,u_362c1a44b63a6717,1,0,official,principal
3562,1,1,0.8795902294993423,probability_native,0.8795902294993423,u_362c1a44b63a6717,1,0,official,principal
3120,0,0,0.09221877598989858,probability_native,0.09221877598989858,u_362c1a44b63a6717,1,0,official,principal
5290,0,0,0.07681107666548194,probability_native,0.07681107666548194,u_362c1a44b63a6717,1,0,official,principal
4617,0,1,0.5004823533337311,probability_native,0.5004823533337311,u_362c1a44b63a6717,1,0,official,principal
1642,0,0,0.2547021086545806,probability_native,0.2547021086545806,u_362c1a44b63a6717,1,0,official,principal
5104,0,0,0.19962156165769246,probability_native,0.19962156165769246,u_362c1a44b63a6717,1,0,official,principal
4807,0,0,0.40883514417843725,probability_native,0.40883514417843725,u_362c1a44b63a6717,1,0,official,principal
5800,0,1,0.6755397224708385,probability_native,0.6755397224708385,u_362c1a44b63a6717,1,0,official,principal
3558,0,1,0.5830336355911885,probability_native,0.5830336355911885,u_362c1a44b63a6717,1,0,official,principal
6819,1,1,0.6335846888397072,probability_native,0.6335846888397072,u_362c1a44b63a6717,1,0,official,principal
5644,1,1,0.7727809542244611,probability_native,0.7727809542244611,u_362c1a44b63a6717,1,0,official,principal
4138,1,1,0.8613208377690987,probability_native,0.8613208377690987,u_362c1a44b63a6717,1,0,official,principal
460,0,0,0.3377543910810833,probability_native,0.3377543910810833,u_362c1a44b63a6717,1,0,official,principal
3199,0,0,0.08034495318141373,probability_native,0.08034495318141373,u_362c1a44b63a6717,1,0,official,principal
2332,0,0,0.2730825192244675,probability_native,0.2730825192244675,u_362c1a44b63a6717,1,0,official,principal
5682,0,1,0.6663767388673039,probability_native,0.6663767388673039,u_362c1a44b63a6717,1,0,official,principal
6859,0,0,0.16781990245253528,probability_native,0.16781990245253528,u_362c1a44b63a6717,1,0,official,principal
2418,0,1,0.7184145119871046,probability_native,0.7184145119871046,u_362c1a44b63a6717,1,0,official,principal
6784,0,0,0.35934920320565517,probability_native,0.35934920320565517,u_362c1a44b63a6717,1,0,official,principal
6035,1,0,0.4756010976146207,probability_native,0.4756010976146207,u_362c1a44b63a6717,1,0,official,principal
2929,0,0,0.13230202338759842,probability_native,0.13230202338759842,u_362c1a44b63a6717,1,0,official,principal
2177,0,0,0.2467456699834928,probability_native,0.2467456699834928,u_362c1a44b63a6717,1,0,official,principal
2632,0,0,0.2132495839698775,probability_native,0.2132495839698775,u_362c1a44b63a6717,1,0,official,principal
4787,0,0,0.47686082316926426,probability_native,0.47686082316926426,u_362c1a44b63a6717,1,0,official,principal
1976,1,1,0.910835726325006,probability_native,0.910835726325006,u_362c1a44b63a6717,1,0,official,principal
762,1,1,0.8047097603624765,probability_native,0.8047097603624765,u_362c1a44b63a6717,1,0,official,principal
5757,0,0,0.3342836027799037,probability_native,0.3342836027799037,u_362c1a44b63a6717,1,0,official,principal
2977,0,0,0.48127650803332966,probability_native,0.48127650803332966,u_362c1a44b63a6717,1,0,official,principal
2215,0,0,0.0980224955980794,probability_native,0.0980224955980794,u_362c1a44b63a6717,1,0,official,principal
5042,0,0,0.20908792304511198,probability_native,0.20908792304511198,u_362c1a44b63a6717,1,0,official,principal
3572,0,1,0.7486077698319095,probability_native,0.7486077698319095,u_362c1a44b63a6717,1,0,official,principal
565,0,0,0.07914270363358372,probability_native,0.07914270363358372,u_362c1a44b63a6717,1,0,official,principal
4888,0,1,0.5426301285809928,probability_native,0.5426301285809928,u_362c1a44b63a6717,1,0,official,principal
2948,1,1,0.7722527499086034,probability_native,0.7722527499086034,u_362c1a44b63a6717,1,0,official,principal
1979,0,0,0.12823794607529784,probability_native,0.12823794607529784,u_362c1a44b63a6717,1,0,official,principal
2406,1,1,0.8740325283272632,probability_native,0.8740325283272632,u_362c1a44b63a6717,1,0,official,principal
1344,0,0,0.26096427009215956,probability_native,0.26096427009215956,u_362c1a44b63a6717,1,0,official,principal
6953,1,1,0.8507127323499346,probability_native,0.8507127323499346,u_362c1a44b63a6717,1,0,official,principal
6052,0,0,0.19540647459676289,probability_native,0.19540647459676289,u_362c1a44b63a6717,1,0,official,principal
6296,0,0,0.375843894784484,probability_native,0.375843894784484,u_362c1a44b63a6717,1,0,official,principal
2309,0,0,0.3158009220641287,probability_native,0.3158009220641287,u_362c1a44b63a6717,1,0,official,principal
6790,0,0,0.10608676969662956,probability_native,0.10608676969662956,u_362c1a44b63a6717,1,0,official,principal
89,0,0,0.42477717763203876,probability_native,0.42477717763203876,u_362c1a44b63a6717,1,0,official,principal
3594,0,1,0.6173441806734833,probability_native,0.6173441806734833,u_362c1a44b63a6717,1,0,official,principal
3033,0,0,0.2930143673183009,probability_native,0.2930143673183009,u_362c1a44b63a6717,1,0,official,principal
2979,0,0,0.2618403550089306,probability_native,0.2618403550089306,u_362c1a44b63a6717,1,0,official,principal
5893,0,0,0.27625739549588063,probability_native,0.27625739549588063,u_362c1a44b63a6717,1,0,official,principal
2966,0,1,0.7617456898908133,probability_native,0.7617456898908133,u_362c1a44b63a6717,1,0,official,principal
1741,0,1,0.6457128751526516,probability_native,0.6457128751526516,u_362c1a44b63a6717,1,0,official,principal
5126,0,0,0.43832061273781336,probability_native,0.43832061273781336,u_362c1a44b63a6717,1,0,official,principal
2096,1,0,0.48957169633918374,probability_native,0.48957169633918374,u_362c1a44b63a6717,1,0,official,principal
5712,0,0,0.3683998410144021,probability_native,0.3683998410144021,u_362c1a44b63a6717,1,0,official,principal
3289,0,1,0.5954108814987695,probability_native,0.5954108814987695,u_362c1a44b63a6717,1,0,official,principal
1091,0,0,0.4538475487900821,probability_native,0.4538475487900821,u_362c1a44b63a6717,1,0,official,principal
5305,0,0,0.28015547616200615,probability_native,0.28015547616200615,u_362c1a44b63a6717,1,0,official,principal
5391,0,1,0.5595908056793374,probability_native,0.5595908056793374,u_362c1a44b63a6717,1,0,official,principal
5153,0,1,0.7306333547673411,probability_native,0.7306333547673411,u_362c1a44b63a6717,1,0,official,principal
2288,0,1,0.7964432476109374,probability_native,0.7964432476109374,u_362c1a44b63a6717,1,0,official,principal
4035,0,0,0.41920231368195304,probability_native,0.41920231368195304,u_362c1a44b63a6717,1,0,official,principal
937,1,1,0.7695317435163862,probability_native,0.7695317435163862,u_362c1a44b63a6717,1,0,official,principal
2026,0,0,0.3212205311980716,probability_native,0.3212205311980716,u_362c1a44b63a6717,1,0,official,principal
3894,0,0,0.18818232178640343,probability_native,0.18818232178640343,u_362c1a44b63a6717,1,0,official,principal
5165,1,1,0.8440373176123437,probability_native,0.8440373176123437,u_362c1a44b63a6717,1,0,official,principal
947,0,1,0.6946350586783367,probability_native,0.6946350586783367,u_362c1a44b63a6717,1,0,official,principal
3232,0,0,0.18265767345188538,probability_native,0.18265767345188538,u_362c1a44b63a6717,1,0,official,principal
4974,1,1,0.5375843116071516,probability_native,0.5375843116071516,u_362c1a44b63a6717,1,0,official,principal
5152,0,0,0.11020163295506753,probability_native,0.11020163295506753,u_362c1a44b63a6717,1,0,official,principal
6813,1,0,0.10684944189504803,probability_native,0.10684944189504803,u_362c1a44b63a6717,1,0,official,principal
4644,0,0,0.48928819552182184,probability_native,0.48928819552182184,u_362c1a44b63a6717,1,0,official,principal
1226,0,0,0.07043413026881702,probability_native,0.07043413026881702,u_362c1a44b63a6717,1,0,official,principal
5210,1,0,0.32104080595580936,probability_native,0.32104080595580936,u_362c1a44b63a6717,1,0,official,principal
5769,0,0,0.2372870207603985,probability_native,0.2372870207603985,u_362c1a44b63a6717,1,0,official,principal
5186,1,1,0.7828060372118717,probability_native,0.7828060372118717,u_362c1a44b63a6717,1,0,official,principal
1372,0,1,0.6848710394498994,probability_native,0.6848710394498994,u_362c1a44b63a6717,1,0,official,principal
3825,0,0,0.07960517741899713,probability_native,0.07960517741899713,u_362c1a44b63a6717,1,0,official,principal
104,1,0,0.29115669085957757,probability_native,0.29115669085957757,u_362c1a44b63a6717,1,0,official,principal
4949,1,1,0.7131513570692264,probability_native,0.7131513570692264,u_362c1a44b63a6717,1,0,official,principal
1233,0,0,0.06260282183880576,probability_native,0.06260282183880576,u_362c1a44b63a6717,1,0,official,principal
4634,0,0,0.4390148098269427,probability_native,0.4390148098269427,u_362c1a44b63a6717,1,0,official,principal
739,0,0,0.15963579277038503,probability_native,0.15963579277038503,u_362c1a44b63a6717,1,0,official,principal
1663,1,1,0.6695134508987982,probability_native,0.6695134508987982,u_362c1a44b63a6717,1,0,official,principal
5417,0,0,0.33168809159692497,probability_native,0.33168809159692497,u_362c1a44b63a6717,1,0,official,principal
6357,1,0,0.2585983512764036,probability_native,0.2585983512764036,u_362c1a44b63a6717,1,0,official,principal
59,0,0,0.27952714971506065,probability_native,0.27952714971506065,u_362c1a44b63a6717,1,0,official,principal
4384,1,1,0.7232866422775515,probability_native,0.7232866422775515,u_362c1a44b63a6717,1,0,official,principal
5467,0,0,0.33331450126168716,probability_native,0.33331450126168716,u_362c1a44b63a6717,1,0,official,principal
3754,0,0,0.41413371282642253,probability_native,0.41413371282642253,u_362c1a44b63a6717,1,0,official,principal
6870,0,1,0.5254262691836444,probability_native,0.5254262691836444,u_362c1a44b63a6717,1,0,official,principal
5731,0,0,0.4312326249690257,probability_native,0.4312326249690257,u_362c1a44b63a6717,1,0,official,principal
2100,0,0,0.3516600598961569,probability_native,0.3516600598961569,u_362c1a44b63a6717,1,0,official,principal
5843,0,1,0.5923447289576746,probability_native,0.5923447289576746,u_362c1a44b63a6717,1,0,official,principal
6358,0,0,0.10649319370521974,probability_native,0.10649319370521974,u_362c1a44b63a6717,1,0,official,principal
2947,0,0,0.4855998765495125,probability_native,0.4855998765495125,u_362c1a44b63a6717,1,0,official,principal
6066,1,1,0.8404507824682399,probability_native,0.8404507824682399,u_362c1a44b63a6717,1,0,official,principal
5599,1,1,0.7300556603586217,probability_native,0.7300556603586217,u_362c1a44b63a6717,1,0,official,principal
5741,1,1,0.8341421800875767,probability_native,0.8341421800875767,u_362c1a44b63a6717,1,0,official,principal
3336,0,0,0.07451635083189918,probability_native,0.07451635083189918,u_362c1a44b63a6717,1,0,official,principal
6708,1,1,0.8216359188199152,probability_native,0.8216359188199152,u_362c1a44b63a6717,1,0,official,principal
5454,1,1,0.8436648046266977,probability_native,0.8436648046266977,u_362c1a44b63a6717,1,0,official,principal
4368,1,1,0.8593462769560336,probability_native,0.8593462769560336,u_362c1a44b63a6717,1,0,official,principal
2953,1,1,0.775856913170906,probability_native,0.775856913170906,u_362c1a44b63a6717,1,0,official,principal
3181,0,0,0.12275415459268697,probability_native,0.12275415459268697,u_362c1a44b63a6717,1,0,official,principal
5353,0,1,0.5023443023883192,probability_native,0.5023443023883192,u_362c1a44b63a6717,1,0,official,principal
3919,1,1,0.8527341494059782,probability_native,0.8527341494059782,u_362c1a44b63a6717,1,0,official,principal
4380,0,0,0.24954244905587647,probability_native,0.24954244905587647,u_362c1a44b63a6717,1,0,official,principal
6007,0,0,0.2727687981048496,probability_native,0.2727687981048496,u_362c1a44b63a6717,1,0,official,principal
4331,0,0,0.07312188312302974,probability_native,0.07312188312302974,u_362c1a44b63a6717,1,0,official,principal
3351,1,0,0.4638541141589417,probability_native,0.4638541141589417,u_362c1a44b63a6717,1,0,official,principal
6962,1,1,0.7727721996106812,probability_native,0.7727721996106812,u_362c1a44b63a6717,1,0,official,principal
5873,0,1,0.6896330149173526,probability_native,0.6896330149173526,u_362c1a44b63a6717,1,0,official,principal
486,0,1,0.8462643375841302,probability_native,0.8462643375841302,u_362c1a44b63a6717,1,0,official,principal
2378,1,1,0.6364866600930116,probability_native,0.6364866600930116,u_362c1a44b63a6717,1,0,official,principal
2958,0,0,0.418825639643105,probability_native,0.418825639643105,u_362c1a44b63a6717,1,0,official,principal
5112,1,0,0.3885727375571113,probability_native,0.3885727375571113,u_362c1a44b63a6717,1,0,official,principal
1013,0,1,0.6322750548021455,probability_native,0.6322750548021455,u_362c1a44b63a6717,1,0,official,principal
6868,1,1,0.838976034039974,probability_native,0.838976034039974,u_362c1a44b63a6717,1,0,official,principal
2141,0,0,0.34749508458750333,probability_native,0.34749508458750333,u_362c1a44b63a6717,1,0,official,principal
5306,1,1,0.750946643225746,probability_native,0.750946643225746,u_362c1a44b63a6717,1,0,official,principal
540,0,0,0.18884897834801845,probability_native,0.18884897834801845,u_362c1a44b63a6717,1,0,official,principal
2242,0,0,0.1768613612035044,probability_native,0.1768613612035044,u_362c1a44b63a6717,1,0,official,principal
5994,1,1,0.679154356354029,probability_native,0.679154356354029,u_362c1a44b63a6717,1,0,official,principal
3257,0,1,0.7477194597106984,probability_native,0.7477194597106984,u_362c1a44b63a6717,1,0,official,principal
5641,0,0,0.16873954542361802,probability_native,0.16873954542361802,u_362c1a44b63a6717,1,0,official,principal
1,0,0,0.2378097487292162,probability_native,0.2378097487292162,u_362c1a44b63a6717,1,0,official,principal
2269,1,1,0.723524520413354,probability_native,0.723524520413354,u_362c1a44b63a6717,1,0,official,principal
6617,0,0,0.32880566525275373,probability_native,0.32880566525275373,u_362c1a44b63a6717,1,0,official,principal
4762,0,1,0.5486017302385859,probability_native,0.5486017302385859,u_362c1a44b63a6717,1,0,official,principal
3017,0,0,0.2822284794508265,probability_native,0.2822284794508265,u_362c1a44b63a6717,1,0,official,principal
1203,0,0,0.09038816501260198,probability_native,0.09038816501260198,u_362c1a44b63a6717,1,0,official,principal
410,1,1,0.8521742017606495,probability_native,0.8521742017606495,u_362c1a44b63a6717,1,0,official,principal
1591,0,0,0.3247465980930729,probability_native,0.3247465980930729,u_362c1a44b63a6717,1,0,official,principal
2660,0,0,0.45344259416503196,probability_native,0.45344259416503196,u_362c1a44b63a6717,1,0,official,principal
5426,0,0,0.27144183274222855,probability_native,0.27144183274222855,u_362c1a44b63a6717,1,0,official,principal
877,0,0,0.17385529151666562,probability_native,0.17385529151666562,u_362c1a44b63a6717,1,0,official,principal
1839,0,0,0.3677706616967899,probability_native,0.3677706616967899,u_362c1a44b63a6717,1,0,official,principal
862,1,1,0.7483982520028952,probability_native,0.7483982520028952,u_362c1a44b63a6717,1,0,official,principal
3318,1,0,0.4827224459800329,probability_native,0.4827224459800329,u_362c1a44b63a6717,1,0,official,principal
5537,0,0,0.2539616556318284,probability_native,0.2539616556318284,u_362c1a44b63a6717,1,0,official,principal
1919,1,1,0.5730107166459597,probability_native,0.5730107166459597,u_362c1a44b63a6717,1,0,official,principal
4276,1,1,0.6363619772349237,probability_native,0.6363619772349237,u_362c1a44b63a6717,1,0,official,principal
509,0,0,0.4192859777846335,probability_native,0.4192859777846335,u_362c1a44b63a6717,1,0,official,principal
624,1,0,0.39797350196871545,probability_native,0.39797350196871545,u_362c1a44b63a6717,1,0,official,principal
2151,0,0,0.09838660489885759,probability_native,0.09838660489885759,u_362c1a44b63a6717,1,0,official,principal
2532,0,1,0.577062493488542,probability_native,0.577062493488542,u_362c1a44b63a6717,1,0,official,principal
2203,0,0,0.18326869325719852,probability_native,0.18326869325719852,u_362c1a44b63a6717,1,0,official,principal
6736,0,0,0.07163370884231517,probability_native,0.07163370884231517,u_362c1a44b63a6717,1,0,official,principal
2912,0,1,0.7539566979740983,probability_native,0.7539566979740983,u_362c1a44b63a6717,1,0,official,principal
1964,0,0,0.13872942741095062,probability_native,0.13872942741095062,u_362c1a44b63a6717,1,0,official,principal
566,0,1,0.5948550843121511,probability_native,0.5948550843121511,u_362c1a44b63a6717,1,0,official,principal
159,0,0,0.2762866026974667,probability_native,0.2762866026974667,u_362c1a44b63a6717,1,0,official,principal
235,1,1,0.656424357793033,probability_native,0.656424357793033,u_362c1a44b63a6717,1,0,official,principal
3393,0,0,0.3469972307955077,probability_native,0.3469972307955077,u_362c1a44b63a6717,1,0,official,principal
2183,0,1,0.5755330811049117,probability_native,0.5755330811049117,u_362c1a44b63a6717,1,0,official,principal
1320,0,0,0.37588624911497287,probability_native,0.37588624911497287,u_362c1a44b63a6717,1,0,official,principal
1779,0,1,0.8090089727162761,probability_native,0.8090089727162761,u_362c1a44b63a6717,1,0,official,principal
3696,1,1,0.6013744090756135,probability_native,0.6013744090756135,u_362c1a44b63a6717,1,0,official,principal
6914,1,1,0.7456637761920794,probability_native,0.7456637761920794,u_362c1a44b63a6717,1,0,official,principal
1575,1,0,0.4651528047169451,probability_native,0.4651528047169451,u_362c1a44b63a6717,1,0,official,principal
6553,0,0,0.16485753101142372,probability_native,0.16485753101142372,u_362c1a44b63a6717,1,0,official,principal
2787,0,0,0.055681437621406614,probability_native,0.055681437621406614,u_362c1a44b63a6717,1,0,official,principal
6406,0,0,0.49698424400444047,probability_native,0.49698424400444047,u_362c1a44b63a6717,1,0,official,principal
2717,0,0,0.09221954012964176,probability_native,0.09221954012964176,u_362c1a44b63a6717,1,0,official,principal
285,0,1,0.6324256726386261,probability_native,0.6324256726386261,u_362c1a44b63a6717,1,0,official,principal
1274,0,0,0.30786638858483034,probability_native,0.30786638858483034,u_362c1a44b63a6717,1,0,official,principal
31,0,1,0.8629520168997193,probability_native,0.8629520168997193,u_362c1a44b63a6717,1,0,official,principal
5879,0,0,0.18406946903144109,probability_native,0.18406946903144109,u_362c1a44b63a6717,1,0,official,principal
4987,0,0,0.07012986658956294,probability_native,0.07012986658956294,u_362c1a44b63a6717,1,0,official,principal
1493,0,1,0.6650714626597118,probability_native,0.6650714626597118,u_362c1a44b63a6717,1,0,official,principal
6903,0,0,0.42927373214328224,probability_native,0.42927373214328224,u_362c1a44b63a6717,1,0,official,principal
174,0,0,0.20474919219285578,probability_native,0.20474919219285578,u_362c1a44b63a6717,1,0,official,principal
361,0,0,0.4359910579013845,probability_native,0.4359910579013845,u_362c1a44b63a6717,1,0,official,principal
2882,0,1,0.74826702142026,probability_native,0.74826702142026,u_362c1a44b63a6717,1,0,official,principal
3184,0,0,0.16105393612114327,probability_native,0.16105393612114327,u_362c1a44b63a6717,1,0,official,principal
6616,1,1,0.7240511861084392,probability_native,0.7240511861084392,u_362c1a44b63a6717,1,0,official,principal
3328,0,1,0.8211966850785112,probability_native,0.8211966850785112,u_362c1a44b63a6717,1,0,official,principal
4751,1,0,0.38093229662445344,probability_native,0.38093229662445344,u_362c1a44b63a6717,1,0,official,principal
5737,0,0,0.4929028009417093,probability_native,0.4929028009417093,u_362c1a44b63a6717,1,0,official,principal
5009,0,0,0.25554333010609936,probability_native,0.25554333010609936,u_362c1a44b63a6717,1,0,official,principal
4482,1,1,0.8208032425315791,probability_native,0.8208032425315791,u_362c1a44b63a6717,1,0,official,principal
5981,0,0,0.14162943973253153,probability_native,0.14162943973253153,u_362c1a44b63a6717,1,0,official,principal
2619,1,1,0.7667980007163848,probability_native,0.7667980007163848,u_362c1a44b63a6717,1,0,official,principal
109,0,0,0.04792284796897405,probability_native,0.04792284796897405,u_362c1a44b63a6717,1,0,official,principal
4182,1,1,0.7360539591307257,probability_native,0.7360539591307257,u_362c1a44b63a6717,1,0,official,principal
2507,0,0,0.11171485146211661,probability_native,0.11171485146211661,u_362c1a44b63a6717,1,0,official,principal
6172,1,1,0.7681432814181679,probability_native,0.7681432814181679,u_362c1a44b63a6717,1,0,official,principal
5455,0,0,0.3914643362056682,probability_native,0.3914643362056682,u_362c1a44b63a6717,1,0,official,principal
4467,0,0,0.2862432809232205,probability_native,0.2862432809232205,u_362c1a44b63a6717,1,0,official,principal
4167,0,0,0.34496251884782736,probability_native,0.34496251884782736,u_362c1a44b63a6717,1,0,official,principal
4269,1,1,0.5722557482069867,probability_native,0.5722557482069867,u_362c1a44b63a6717,1,0,official,principal
847,0,0,0.24948817267264004,probability_native,0.24948817267264004,u_362c1a44b63a6717,1,0,official,principal
1145,0,1,0.5342132747902731,probability_native,0.5342132747902731,u_362c1a44b63a6717,1,0,official,principal
1971,0,0,0.3031446621360089,probability_native,0.3031446621360089,u_362c1a44b63a6717,1,0,official,principal
5827,0,1,0.6163609105651882,probability_native,0.6163609105651882,u_362c1a44b63a6717,1,0,official,principal
5832,1,1,0.6910450979096276,probability_native,0.6910450979096276,u_362c1a44b63a6717,1,0,official,principal
1349,0,0,0.47070714845985384,probability_native,0.47070714845985384,u_362c1a44b63a6717,1,0,official,principal
77,0,0,0.41030438741420716,probability_native,0.41030438741420716,u_362c1a44b63a6717,1,0,official,principal
1859,1,1,0.5627934324836661,probability_native,0.5627934324836661,u_362c1a44b63a6717,1,0,official,principal
720,0,0,0.2899817480242568,probability_native,0.2899817480242568,u_362c1a44b63a6717,1,0,official,principal
2245,0,0,0.24267004263110958,probability_native,0.24267004263110958,u_362c1a44b63a6717,1,0,official,principal
6699,0,0,0.11742851024017292,probability_native,0.11742851024017292,u_362c1a44b63a6717,1,0,official,principal
572,0,0,0.42104199109086293,probability_native,0.42104199109086293,u_362c1a44b63a6717,1,0,official,principal
7014,0,1,0.6823860123382761,probability_native,0.6823860123382761,u_362c1a44b63a6717,1,0,official,principal
5342,1,1,0.5913884959598572,probability_native,0.5913884959598572,u_362c1a44b63a6717,1,0,official,principal
3733,0,0,0.15985616917562795,probability_native,0.15985616917562795,u_362c1a44b63a6717,1,0,official,principal
1937,0,0,0.19203104234229582,probability_native,0.19203104234229582,u_362c1a44b63a6717,1,0,official,principal
4294,0,1,0.6481438896553294,probability_native,0.6481438896553294,u_362c1a44b63a6717,1,0,official,principal
5861,0,0,0.13710297905759858,probability_native,0.13710297905759858,u_362c1a44b63a6717,1,0,official,principal
994,0,0,0.22164949533634912,probability_native,0.22164949533634912,u_362c1a44b63a6717,1,0,official,principal
4783,0,0,0.18015732261309406,probability_native,0.18015732261309406,u_362c1a44b63a6717,1,0,official,principal
330,0,0,0.15211930166860363,probability_native,0.15211930166860363,u_362c1a44b63a6717,1,0,official,principal
5411,1,1,0.7209529095558003,probability_native,0.7209529095558003,u_362c1a44b63a6717,1,0,official,principal
604,0,1,0.5645725533842513,probability_native,0.5645725533842513,u_362c1a44b63a6717,1,0,official,principal
6607,1,1,0.6431148434862617,probability_native,0.6431148434862617,u_362c1a44b63a6717,1,0,official,principal
6176,1,1,0.6046993891364439,probability_native,0.6046993891364439,u_362c1a44b63a6717,1,0,official,principal
1419,0,0,0.07706561614665958,probability_native,0.07706561614665958,u_362c1a44b63a6717,1,0,official,principal
6516,1,1,0.5952874913025569,probability_native,0.5952874913025569,u_362c1a44b63a6717,1,0,official,principal
2777,0,0,0.4261046498888136,probability_native,0.4261046498888136,u_362c1a44b63a6717,1,0,official,principal
3343,0,0,0.2787016472968271,probability_native,0.2787016472968271,u_362c1a44b63a6717,1,0,official,principal
6524,1,1,0.8069356205184701,probability_native,0.8069356205184701,u_362c1a44b63a6717,1,0,official,principal
1167,0,0,0.4336740616230664,probability_native,0.4336740616230664,u_362c1a44b63a6717,1,0,official,principal
2592,0,0,0.3525779984005518,probability_native,0.3525779984005518,u_362c1a44b63a6717,1,0,official,principal
205,0,0,0.4564017791167965,probability_native,0.4564017791167965,u_362c1a44b63a6717,1,0,official,principal
4196,0,0,0.05884052427706218,probability_native,0.05884052427706218,u_362c1a44b63a6717,1,0,official,principal
4356,0,0,0.4029175481708801,probability_native,0.4029175481708801,u_362c1a44b63a6717,1,0,official,principal
3977,0,0,0.22154738474036886,probability_native,0.22154738474036886,u_362c1a44b63a6717,1,0,official,principal
6920,0,0,0.14150177418316315,probability_native,0.14150177418316315,u_362c1a44b63a6717,1,0,official,principal
1085,1,1,0.7988681311495367,probability_native,0.7988681311495367,u_362c1a44b63a6717,1,0,official,principal
4952,0,1,0.799675489925188,probability_native,0.799675489925188,u_362c1a44b63a6717,1,0,official,principal
5746,1,1,0.7539867971846596,probability_native,0.7539867971846596,u_362c1a44b63a6717,1,0,official,principal
480,0,0,0.19657572406952548,probability_native,0.19657572406952548,u_362c1a44b63a6717,1,0,official,principal
6305,1,1,0.7476699450263244,probability_native,0.7476699450263244,u_362c1a44b63a6717,1,0,official,principal
6651,0,0,0.29452669139030385,probability_native,0.29452669139030385,u_362c1a44b63a6717,1,0,official,principal
5823,0,0,0.3598598051512,probability_native,0.3598598051512,u_362c1a44b63a6717,1,0,official,principal
5146,0,1,0.7533475338941515,probability_native,0.7533475338941515,u_362c1a44b63a6717,1,0,official,principal
3842,0,1,0.6942156138273156,probability_native,0.6942156138273156,u_362c1a44b63a6717,1,0,official,principal
2314,0,0,0.11863074505895597,probability_native,0.11863074505895597,u_362c1a44b63a6717,1,0,official,principal
3924,1,0,0.4386787356481788,probability_native,0.4386787356481788,u_362c1a44b63a6717,1,0,official,principal
6450,0,0,0.14237027017443618,probability_native,0.14237027017443618,u_362c1a44b63a6717,1,0,official,principal
3135,1,1,0.7416336613929639,probability_native,0.7416336613929639,u_362c1a44b63a6717,1,0,official,principal
550,0,0,0.23190830343229868,probability_native,0.23190830343229868,u_362c1a44b63a6717,1,0,official,principal
1982,0,0,0.2971660883230343,probability_native,0.2971660883230343,u_362c1a44b63a6717,1,0,official,principal
2158,0,0,0.2043399434000133,probability_native,0.2043399434000133,u_362c1a44b63a6717,1,0,official,principal
2169,0,0,0.11642117866469544,probability_native,0.11642117866469544,u_362c1a44b63a6717,1,0,official,principal
200,0,1,0.5377870190787751,probability_native,0.5377870190787751,u_362c1a44b63a6717,1,0,official,principal
5632,0,0,0.0815586128564193,probability_native,0.0815586128564193,u_362c1a44b63a6717,1,0,official,principal
4189,0,0,0.09672577506835385,probability_native,0.09672577506835385,u_362c1a44b63a6717,1,0,official,principal
1938,0,0,0.422985753635465,probability_native,0.422985753635465,u_362c1a44b63a6717,1,0,official,principal
3607,0,0,0.3006708436198172,probability_native,0.3006708436198172,u_362c1a44b63a6717,1,0,official,principal
2916,0,0,0.2347830261005975,probability_native,0.2347830261005975,u_362c1a44b63a6717,1,0,official,principal
5645,0,0,0.21294326018346438,probability_native,0.21294326018346438,u_362c1a44b63a6717,1,0,official,principal
2706,1,1,0.7677801472790593,probability_native,0.7677801472790593,u_362c1a44b63a6717,1,0,official,principal
1668,0,1,0.5901610254435332,probability_native,0.5901610254435332,u_362c1a44b63a6717,1,0,official,principal
6380,0,1,0.6111493657299417,probability_native,0.6111493657299417,u_362c1a44b63a6717,1,0,official,principal
464,0,0,0.2533966704327164,probability_native,0.2533966704327164,u_362c1a44b63a6717,1,0,official,principal
3308,0,0,0.23869541428553223,probability_native,0.23869541428553223,u_362c1a44b63a6717,1,0,official,principal
6341,1,1,0.8315647572476744,probability_native,0.8315647572476744,u_362c1a44b63a6717,1,0,official,principal
2116,1,1,0.6714500493831962,probability_native,0.6714500493831962,u_362c1a44b63a6717,1,0,official,principal
3241,1,0,0.4143090707979217,probability_native,0.4143090707979217,u_362c1a44b63a6717,1,0,official,principal
3645,0,0,0.3649700524702968,probability_native,0.3649700524702968,u_362c1a44b63a6717,1,0,official,principal
5525,0,0,0.15332983624966368,probability_native,0.15332983624966368,u_362c1a44b63a6717,1,0,official,principal
2128,0,0,0.3513741407041933,probability_native,0.3513741407041933,u_362c1a44b63a6717,1,0,official,principal
6797,0,1,0.6137010173625691,probability_native,0.6137010173625691,u_362c1a44b63a6717,1,0,official,principal
6762,1,0,0.41310463921155033,probability_native,0.41310463921155033,u_362c1a44b63a6717,1,0,official,principal
633,0,0,0.28889286173499473,probability_native,0.28889286173499473,u_362c1a44b63a6717,1,0,official,principal
1612,1,0,0.27678158364588734,probability_native,0.27678158364588734,u_362c1a44b63a6717,1,0,official,principal
5904,0,0,0.39536757153639773,probability_native,0.39536757153639773,u_362c1a44b63a6717,1,0,official,principal
6856,0,0,0.07973579756638141,probability_native,0.07973579756638141,u_362c1a44b63a6717,1,0,official,principal
1181,1,1,0.6363719230009298,probability_native,0.6363719230009298,u_362c1a44b63a6717,1,0,official,principal
5495,1,1,0.7357682315550012,probability_native,0.7357682315550012,u_362c1a44b63a6717,1,0,official,principal
6277,1,0,0.40252721221863424,probability_native,0.40252721221863424,u_362c1a44b63a6717,1,0,official,principal
2306,0,1,0.8086227947217746,probability_native,0.8086227947217746,u_362c1a44b63a6717,1,0,official,principal
1094,0,0,0.2960111132858725,probability_native,0.2960111132858725,u_362c1a44b63a6717,1,0,official,principal
2872,0,0,0.1458200759326352,probability_native,0.1458200759326352,u_362c1a44b63a6717,1,0,official,principal
4777,0,1,0.5229426353290701,probability_native,0.5229426353290701,u_362c1a44b63a6717,1,0,official,principal
3189,0,0,0.28996101204988695,probability_native,0.28996101204988695,u_362c1a44b63a6717,1,0,official,principal
4591,0,1,0.5101212969339854,probability_native,0.5101212969339854,u_362c1a44b63a6717,1,0,official,principal
1908,0,0,0.06275972466265076,probability_native,0.06275972466265076,u_362c1a44b63a6717,1,0,official,principal
2560,1,1,0.5642497813361247,probability_native,0.5642497813361247,u_362c1a44b63a6717,1,0,official,principal
4616,0,1,0.5100314306550673,probability_native,0.5100314306550673,u_362c1a44b63a6717,1,0,official,principal
3859,0,0,0.47699035697496484,probability_native,0.47699035697496484,u_362c1a44b63a6717,1,0,official,principal
780,0,0,0.12004027711132408,probability_native,0.12004027711132408,u_362c1a44b63a6717,1,0,official,principal
4720,0,0,0.4256411458525486,probability_native,0.4256411458525486,u_362c1a44b63a6717,1,0,official,principal
858,0,0,0.20979550176651893,probability_native,0.20979550176651893,u_362c1a44b63a6717,1,0,official,principal
1521,0,0,0.23798364569455152,probability_native,0.23798364569455152,u_362c1a44b63a6717,1,0,official,principal
1319,1,0,0.4383946173381846,probability_native,0.4383946173381846,u_362c1a44b63a6717,1,0,official,principal
3161,0,0,0.27415769348992924,probability_native,0.27415769348992924,u_362c1a44b63a6717,1,0,official,principal
4181,0,1,0.6078535596986056,probability_native,0.6078535596986056,u_362c1a44b63a6717,1,0,official,principal
5114,0,1,0.5436452545899693,probability_native,0.5436452545899693,u_362c1a44b63a6717,1,0,official,principal
5064,1,1,0.5411808496409396,probability_native,0.5411808496409396,u_362c1a44b63a6717,1,0,official,principal
1882,0,0,0.3918034213270352,probability_native,0.3918034213270352,u_362c1a44b63a6717,1,0,official,principal
1301,0,0,0.07126047538832214,probability_native,0.07126047538832214,u_362c1a44b63a6717,1,0,official,principal
5366,0,0,0.15641802967610935,probability_native,0.15641802967610935,u_362c1a44b63a6717,1,0,official,principal
677,1,1,0.7193616973643346,probability_native,0.7193616973643346,u_362c1a44b63a6717,1,0,official,principal
1944,1,0,0.46203005884215603,probability_native,0.46203005884215603,u_362c1a44b63a6717,1,0,official,principal
693,1,1,0.8077615480216113,probability_native,0.8077615480216113,u_362c1a44b63a6717,1,0,official,principal
1914,0,1,0.6590239905687856,probability_native,0.6590239905687856,u_362c1a44b63a6717,1,0,official,principal
6960,0,1,0.7208992139547691,probability_native,0.7208992139547691,u_362c1a44b63a6717,1,0,official,principal
141,1,1,0.5622024555789031,probability_native,0.5622024555789031,u_362c1a44b63a6717,1,0,official,principal
4515,0,1,0.7462241056800513,probability_native,0.7462241056800513,u_362c1a44b63a6717,1,0,official,principal
5683,1,1,0.5730190186783894,probability_native,0.5730190186783894,u_362c1a44b63a6717,1,0,official,principal
1542,0,0,0.18126253180316554,probability_native,0.18126253180316554,u_362c1a44b63a6717,1,0,official,principal
5073,0,0,0.4853067552061526,probability_native,0.4853067552061526,u_362c1a44b63a6717,1,0,official,principal
261,1,1,0.8806702315531267,probability_native,0.8806702315531267,u_362c1a44b63a6717,1,0,official,principal
2658,0,0,0.18503457160450204,probability_native,0.18503457160450204,u_362c1a44b63a6717,1,0,official,principal
5192,0,0,0.0660964628560337,probability_native,0.0660964628560337,u_362c1a44b63a6717,1,0,official,principal
2852,0,0,0.1344486645029273,probability_native,0.1344486645029273,u_362c1a44b63a6717,1,0,official,principal
2994,0,0,0.08708341552448207,probability_native,0.08708341552448207,u_362c1a44b63a6717,1,0,official,principal
2839,0,0,0.10874983563479745,probability_native,0.10874983563479745,u_362c1a44b63a6717,1,0,official,principal
1983,0,0,0.3454053790183244,probability_native,0.3454053790183244,u_362c1a44b63a6717,1,0,official,principal
1437,0,0,0.42560407000972417,probability_native,0.42560407000972417,u_362c1a44b63a6717,1,0,official,principal
2901,0,0,0.240451522819308,probability_native,0.240451522819308,u_362c1a44b63a6717,1,0,official,principal
220,1,1,0.8052286085644597,probability_native,0.8052286085644597,u_362c1a44b63a6717,1,0,official,principal
759,0,0,0.13107360438379334,probability_native,0.13107360438379334,u_362c1a44b63a6717,1,0,official,principal
2153,0,1,0.6956505412981697,probability_native,0.6956505412981697,u_362c1a44b63a6717,1,0,official,principal
2394,0,0,0.28127932831697366,probability_native,0.28127932831697366,u_362c1a44b63a6717,1,0,official,principal
39,1,1,0.8410517664992042,probability_native,0.8410517664992042,u_362c1a44b63a6717,1,0,official,principal
668,1,1,0.5582964978140944,probability_native,0.5582964978140944,u_362c1a44b63a6717,1,0,official,principal
4772,0,0,0.09405108073268341,probability_native,0.09405108073268341,u_362c1a44b63a6717,1,0,official,principal
2065,0,1,0.681152899366753,probability_native,0.681152899366753,u_362c1a44b63a6717,1,0,official,principal
1754,0,0,0.22405681355267043,probability_native,0.22405681355267043,u_362c1a44b63a6717,1,0,official,principal
6756,0,1,0.7925249431022037,probability_native,0.7925249431022037,u_362c1a44b63a6717,1,0,official,principal
2599,0,0,0.08833874596499532,probability_native,0.08833874596499532,u_362c1a44b63a6717,1,0,official,principal
5565,1,1,0.6409511352004269,probability_native,0.6409511352004269,u_362c1a44b63a6717,1,0,official,principal
1132,1,1,0.8287718288963314,probability_native,0.8287718288963314,u_362c1a44b63a6717,1,0,official,principal
2441,0,1,0.8056145532667323,probability_native,0.8056145532667323,u_362c1a44b63a6717,1,0,official,principal
3243,0,1,0.6152500695578629,probability_native,0.6152500695578629,u_362c1a44b63a6717,1,0,official,principal
4260,0,0,0.3025653379676095,probability_native,0.3025653379676095,u_362c1a44b63a6717,1,0,official,principal
432,0,1,0.5745771227691543,probability_native,0.5745771227691543,u_362c1a44b63a6717,1,0,official,principal
4146,1,1,0.6633527813655286,probability_native,0.6633527813655286,u_362c1a44b63a6717,1,0,official,principal
2971,0,0,0.11598564756429092,probability_native,0.11598564756429092,u_362c1a44b63a6717,1,0,official,principal
855,1,0,0.49905074343210926,probability_native,0.49905074343210926,u_362c1a44b63a6717,1,0,official,principal
1581,0,0,0.4198693713429688,probability_native,0.4198693713429688,u_362c1a44b63a6717,1,0,official,principal
1550,0,1,0.842278348722006,probability_native,0.842278348722006,u_362c1a44b63a6717,1,0,official,principal
1715,0,0,0.09230138196128086,probability_native,0.09230138196128086,u_362c1a44b63a6717,1,0,official,principal
732,0,1,0.6491784919652258,probability_native,0.6491784919652258,u_362c1a44b63a6717,1,0,official,principal
239,0,0,0.20474660880321416,probability_native,0.20474660880321416,u_362c1a44b63a6717,1,0,official,principal
1243,1,1,0.6369275617306064,probability_native,0.6369275617306064,u_362c1a44b63a6717,1,0,official,principal
2741,1,1,0.8925098089790459,probability_native,0.8925098089790459,u_362c1a44b63a6717,1,0,official,principal
4421,0,1,0.5719507056302124,probability_native,0.5719507056302124,u_362c1a44b63a6717,1,0,official,principal
6033,1,1,0.8061691279671732,probability_native,0.8061691279671732,u_362c1a44b63a6717,1,0,official,principal
6082,1,1,0.5520822222541598,probability_native,0.5520822222541598,u_362c1a44b63a6717,1,0,official,principal
3219,0,0,0.1704649364969966,probability_native,0.1704649364969966,u_362c1a44b63a6717,1,0,official,principal
3053,0,0,0.2771316615650906,probability_native,0.2771316615650906,u_362c1a44b63a6717,1,0,official,principal
4091,0,1,0.529397793578254,probability_native,0.529397793578254,u_362c1a44b63a6717,1,0,official,principal
2751,0,0,0.45244749442598414,probability_native,0.45244749442598414,u_362c1a44b63a6717,1,0,official,principal
5790,0,1,0.5046973564652579,probability_native,0.5046973564652579,u_362c1a44b63a6717,1,0,official,principal
1463,1,1,0.7619537437656354,probability_native,0.7619537437656354,u_362c1a44b63a6717,1,0,official,principal
3086,0,1,0.7244198727049681,probability_native,0.7244198727049681,u_362c1a44b63a6717,1,0,official,principal
648,1,1,0.8423153159295761,probability_native,0.8423153159295761,u_362c1a44b63a6717,1,0,official,principal
204,0,0,0.43164150089819014,probability_native,0.43164150089819014,u_362c1a44b63a6717,1,0,official,principal
1384,1,1,0.7147438651846174,probability_native,0.7147438651846174,u_362c1a44b63a6717,1,0,official,principal
4746,1,1,0.8422952944756944,probability_native,0.8422952944756944,u_362c1a44b63a6717,1,0,official,principal
3421,0,0,0.1555989025551398,probability_native,0.1555989025551398,u_362c1a44b63a6717,1,0,official,principal
957,0,1,0.5698912195708814,probability_native,0.5698912195708814,u_362c1a44b63a6717,1,0,official,principal
2387,0,1,0.855039194555561,probability_native,0.855039194555561,u_362c1a44b63a6717,1,0,official,principal
1679,0,1,0.6095354508411227,probability_native,0.6095354508411227,u_362c1a44b63a6717,1,0,official,principal
4578,0,1,0.5789808550892301,probability_native,0.5789808550892301,u_362c1a44b63a6717,1,0,official,principal
2578,1,1,0.7084556526553285,probability_native,0.7084556526553285,u_362c1a44b63a6717,1,0,official,principal
1148,1,1,0.8974684981732782,probability_native,0.8974684981732782,u_362c1a44b63a6717,1,0,official,principal
4679,0,0,0.13365668149261176,probability_native,0.13365668149261176,u_362c1a44b63a6717,1,0,official,principal
926,1,1,0.8447708714044556,probability_native,0.8447708714044556,u_362c1a44b63a6717,1,0,official,principal
4882,0,0,0.13156214400618524,probability_native,0.13156214400618524,u_362c1a44b63a6717,1,0,official,principal
781,0,0,0.49454018258912436,probability_native,0.49454018258912436,u_362c1a44b63a6717,1,0,official,principal
4102,0,1,0.5541035207911362,probability_native,0.5541035207911362,u_362c1a44b63a6717,1,0,official,principal
6769,0,0,0.10254070851206028,probability_native,0.10254070851206028,u_362c1a44b63a6717,1,0,official,principal
1858,1,1,0.6734164526779564,probability_native,0.6734164526779564,u_362c1a44b63a6717,1,0,official,principal
1183,0,0,0.4854907930836205,probability_native,0.4854907930836205,u_362c1a44b63a6717,1,0,official,principal
4217,0,1,0.8090891771562537,probability_native,0.8090891771562537,u_362c1a44b63a6717,1,0,official,principal
3299,0,0,0.29180188442681126,probability_native,0.29180188442681126,u_362c1a44b63a6717,1,0,official,principal
5663,0,1,0.7167741389139077,probability_native,0.7167741389139077,u_362c1a44b63a6717,1,0,official,principal
5028,0,0,0.23524218306198127,probability_native,0.23524218306198127,u_362c1a44b63a6717,1,0,official,principal
3920,0,0,0.19533714550331718,probability_native,0.19533714550331718,u_362c1a44b63a6717,1,0,official,principal
425,0,0,0.32189830771247907,probability_native,0.32189830771247907,u_362c1a44b63a6717,1,0,official,principal
4846,0,1,0.6941641257683376,probability_native,0.6941641257683376,u_362c1a44b63a6717,1,0,official,principal
6013,0,1,0.6035972339625719,probability_native,0.6035972339625719,u_362c1a44b63a6717,1,0,official,principal
1367,0,1,0.5351945791396585,probability_native,0.5351945791396585,u_362c1a44b63a6717,1,0,official,principal
4366,0,1,0.6734840646894082,probability_native,0.6734840646894082,u_362c1a44b63a6717,1,0,official,principal
2214,1,1,0.7937198540174123,probability_native,0.7937198540174123,u_362c1a44b63a6717,1,0,official,principal
2057,1,1,0.5927217718098909,probability_native,0.5927217718098909,u_362c1a44b63a6717,1,0,official,principal
1974,1,1,0.7936065944360214,probability_native,0.7936065944360214,u_362c1a44b63a6717,1,0,official,principal
5318,0,0,0.15266403926877342,probability_native,0.15266403926877342,u_362c1a44b63a6717,1,0,official,principal
725,0,0,0.4813250826900458,probability_native,0.4813250826900458,u_362c1a44b63a6717,1,0,official,principal
3323,0,0,0.23227022659731386,probability_native,0.23227022659731386,u_362c1a44b63a6717,1,0,official,principal
3403,0,0,0.40368011404509596,probability_native,0.40368011404509596,u_362c1a44b63a6717,1,0,official,principal
5802,0,0,0.4318644015253285,probability_native,0.4318644015253285,u_362c1a44b63a6717,1,0,official,principal
5047,0,1,0.5666061938201981,probability_native,0.5666061938201981,u_362c1a44b63a6717,1,0,official,principal
3620,0,1,0.5263601434203544,probability_native,0.5263601434203544,u_362c1a44b63a6717,1,0,official,principal
2115,0,0,0.2805511259044822,probability_native,0.2805511259044822,u_362c1a44b63a6717,1,0,official,principal
6099,0,0,0.06149499974101391,probability_native,0.06149499974101391,u_362c1a44b63a6717,1,0,official,principal
5309,0,0,0.07635882666575222,probability_native,0.07635882666575222,u_362c1a44b63a6717,1,0,official,principal
1655,1,1,0.508216858585989,probability_native,0.508216858585989,u_362c1a44b63a6717,1,0,official,principal
5191,0,0,0.33416340329834254,probability_native,0.33416340329834254,u_362c1a44b63a6717,1,0,official,principal
6347,0,1,0.7064584188849841,probability_native,0.7064584188849841,u_362c1a44b63a6717,1,0,official,principal
151,1,1,0.80178055113626,probability_native,0.80178055113626,u_362c1a44b63a6717,1,0,official,principal
508,1,1,0.7530230303704772,probability_native,0.7530230303704772,u_362c1a44b63a6717,1,0,official,principal
562,0,1,0.5404646931096115,probability_native,0.5404646931096115,u_362c1a44b63a6717,1,0,official,principal
5772,0,0,0.14860755563148176,probability_native,0.14860755563148176,u_362c1a44b63a6717,1,0,official,principal
1355,0,1,0.5093654252605042,probability_native,0.5093654252605042,u_362c1a44b63a6717,1,0,official,principal
6546,0,0,0.4957184926159582,probability_native,0.4957184926159582,u_362c1a44b63a6717,1,0,official,principal
6441,0,0,0.35936917717505973,probability_native,0.35936917717505973,u_362c1a44b63a6717,1,0,official,principal
5180,0,0,0.0951830267784165,probability_native,0.0951830267784165,u_362c1a44b63a6717,1,0,official,principal
3045,0,0,0.36577586472435325,probability_native,0.36577586472435325,u_362c1a44b63a6717,1,0,official,principal
3204,0,0,0.1861512835283508,probability_native,0.1861512835283508,u_362c1a44b63a6717,1,0,official,principal
2413,0,0,0.24779804586619603,probability_native,0.24779804586619603,u_362c1a44b63a6717,1,0,official,principal
5084,0,0,0.2151462978613127,probability_native,0.2151462978613127,u_362c1a44b63a6717,1,0,official,principal
7010,1,1,0.8624014879958088,probability_native,0.8624014879958088,u_362c1a44b63a6717,1,0,official,principal
6787,0,1,0.6669641450171621,probability_native,0.6669641450171621,u_362c1a44b63a6717,1,0,official,principal
3962,1,1,0.8744138308898997,probability_native,0.8744138308898997,u_362c1a44b63a6717,1,0,official,principal
4209,0,0,0.2669323867947289,probability_native,0.2669323867947289,u_362c1a44b63a6717,1,0,official,principal
1967,1,0,0.13761605093208032,probability_native,0.13761605093208032,u_362c1a44b63a6717,1,0,official,principal
2087,1,1,0.5957294768728627,probability_native,0.5957294768728627,u_362c1a44b63a6717,1,0,official,principal
3800,0,0,0.15238308244354662,probability_native,0.15238308244354662,u_362c1a44b63a6717,1,0,official,principal
857,1,1,0.6310423854436243,probability_native,0.6310423854436243,u_362c1a44b63a6717,1,0,official,principal
6671,0,0,0.3059474379891491,probability_native,0.3059474379891491,u_362c1a44b63a6717,1,0,official,principal
3527,1,1,0.8008141317065293,probability_native,0.8008141317065293,u_362c1a44b63a6717,1,0,official,principal
2198,0,0,0.39671805910785235,probability_native,0.39671805910785235,u_362c1a44b63a6717,1,0,official,principal
3224,1,1,0.7483708675736611,probability_native,0.7483708675736611,u_362c1a44b63a6717,1,0,official,principal
1804,0,0,0.2041065459871424,probability_native,0.2041065459871424,u_362c1a44b63a6717,1,0,official,principal
5866,0,0,0.47446996949259124,probability_native,0.47446996949259124,u_362c1a44b63a6717,1,0,official,principal
974,0,0,0.1685396919773596,probability_native,0.1685396919773596,u_362c1a44b63a6717,1,0,official,principal
4406,0,0,0.36984726398255613,probability_native,0.36984726398255613,u_362c1a44b63a6717,1,0,official,principal
5404,0,0,0.4240883716041705,probability_native,0.4240883716041705,u_362c1a44b63a6717,1,0,official,principal
5513,0,0,0.21778962822781575,probability_native,0.21778962822781575,u_362c1a44b63a6717,1,0,official,principal
1194,0,1,0.5587272366689666,probability_native,0.5587272366689666,u_362c1a44b63a6717,1,0,official,principal
4689,0,1,0.50088500767603,probability_native,0.50088500767603,u_362c1a44b63a6717,1,0,official,principal
5468,1,1,0.8404618424206068,probability_native,0.8404618424206068,u_362c1a44b63a6717,1,0,official,principal
3816,0,0,0.22217548229836162,probability_native,0.22217548229836162,u_362c1a44b63a6717,1,0,official,principal
4786,0,0,0.376194197678621,probability_native,0.376194197678621,u_362c1a44b63a6717,1,0,official,principal
6621,0,0,0.09240617390572504,probability_native,0.09240617390572504,u_362c1a44b63a6717,1,0,official,principal
5380,1,1,0.8454969951130733,probability_native,0.8454969951130733,u_362c1a44b63a6717,1,0,official,principal
0,0,1,0.6727087958347938,probability_native,0.6727087958347938,u_362c1a44b63a6717,1,0,official,principal
360,0,0,0.3443285310533751,probability_native,0.3443285310533751,u_362c1a44b63a6717,1,0,official,principal
4067,0,0,0.12996114430977065,probability_native,0.12996114430977065,u_362c1a44b63a6717,1,0,official,principal
6741,1,1,0.8441530940112131,probability_native,0.8441530940112131,u_362c1a44b63a6717,1,0,official,principal
1484,0,0,0.3977876792611292,probability_native,0.3977876792611292,u_362c1a44b63a6717,1,0,official,principal
2145,0,1,0.7185170279581703,probability_native,0.7185170279581703,u_362c1a44b63a6717,1,0,official,principal
502,0,0,0.12705393016479996,probability_native,0.12705393016479996,u_362c1a44b63a6717,1,0,official,principal
2391,0,1,0.7388181994795369,probability_native,0.7388181994795369,u_362c1a44b63a6717,1,0,official,principal
6841,0,0,0.47831229588448004,probability_native,0.47831229588448004,u_362c1a44b63a6717,1,0,official,principal
735,0,0,0.42319338538661994,probability_native,0.42319338538661994,u_362c1a44b63a6717,1,0,official,principal
1813,0,1,0.7519748620632751,probability_native,0.7519748620632751,u_362c1a44b63a6717,1,0,official,principal
6609,1,0,0.48344191293906597,probability_native,0.48344191293906597,u_362c1a44b63a6717,1,0,official,principal
1667,0,0,0.3603210351343112,probability_native,0.3603210351343112,u_362c1a44b63a6717,1,0,official,principal
2243,0,1,0.6176393529759364,probability_native,0.6176393529759364,u_362c1a44b63a6717,1,0,official,principal
4106,1,1,0.8428739266783236,probability_native,0.8428739266783236,u_362c1a44b63a6717,1,0,official,principal
4779,0,1,0.8168255194959575,probability_native,0.8168255194959575,u_362c1a44b63a6717,1,0,official,principal
5668,0,1,0.7370680661787343,probability_native,0.7370680661787343,u_362c1a44b63a6717,1,0,official,principal
1264,0,0,0.22174667834514492,probability_native,0.22174667834514492,u_362c1a44b63a6717,1,0,official,principal
3,0,0,0.15436582785789818,probability_native,0.15436582785789818,u_362c1a44b63a6717,1,0,official,principal
2705,0,0,0.07116788469226012,probability_native,0.07116788469226012,u_362c1a44b63a6717,1,0,official,principal
3175,1,1,0.7180920600557673,probability_native,0.7180920600557673,u_362c1a44b63a6717,1,0,official,principal
2831,1,1,0.8553411116142151,probability_native,0.8553411116142151,u_362c1a44b63a6717,1,0,official,principal
3677,0,0,0.49140130291215084,probability_native,0.49140130291215084,u_362c1a44b63a6717,1,0,official,principal
4896,0,0,0.48372773920570633,probability_native,0.48372773920570633,u_362c1a44b63a6717,1,0,official,principal
986,0,1,0.5139415485072077,probability_native,0.5139415485072077,u_362c1a44b63a6717,1,0,official,principal
4434,0,1,0.654486285448634,probability_native,0.654486285448634,u_362c1a44b63a6717,1,0,official,principal
5865,0,0,0.4094767011236888,probability_native,0.4094767011236888,u_362c1a44b63a6717,1,0,official,principal
4742,0,0,0.07633508107576728,probability_native,0.07633508107576728,u_362c1a44b63a6717,1,0,official,principal
4502,1,1,0.6555738197292552,probability_native,0.6555738197292552,u_362c1a44b63a6717,1,0,official,principal
3294,1,1,0.7346647585886225,probability_native,0.7346647585886225,u_362c1a44b63a6717,1,0,official,principal
4237,1,1,0.775363234581062,probability_native,0.775363234581062,u_362c1a44b63a6717,1,0,official,principal
2721,1,1,0.8389926089115753,probability_native,0.8389926089115753,u_362c1a44b63a6717,1,0,official,principal
4886,0,0,0.3200320935122785,probability_native,0.3200320935122785,u_362c1a44b63a6717,1,0,official,principal
647,0,0,0.3057315881536958,probability_native,0.3057315881536958,u_362c1a44b63a6717,1,0,official,principal
6601,0,0,0.2377329139411772,probability_native,0.2377329139411772,u_362c1a44b63a6717,1,0,official,principal
6071,0,0,0.23939060810655477,probability_native,0.23939060810655477,u_362c1a44b63a6717,1,0,official,principal
6448,1,0,0.4969076974533935,probability_native,0.4969076974533935,u_362c1a44b63a6717,1,0,official,principal
6811,1,1,0.7775894623234053,probability_native,0.7775894623234053,u_362c1a44b63a6717,1,0,official,principal
91,0,1,0.7610056355664861,probability_native,0.7610056355664861,u_362c1a44b63a6717,1,0,official,principal
2,1,1,0.5506517050496373,probability_native,0.5506517050496373,u_362c1a44b63a6717,1,0,official,principal
6612,1,1,0.7322160548966342,probability_native,0.7322160548966342,u_362c1a44b63a6717,1,0,official,principal
2524,0,0,0.049795292223001095,probability_native,0.049795292223001095,u_362c1a44b63a6717,1,0,official,principal
2835,0,0,0.15099318278587506,probability_native,0.15099318278587506,u_362c1a44b63a6717,1,0,official,principal
3637,1,0,0.3651112578224231,probability_native,0.3651112578224231,u_362c1a44b63a6717,1,0,official,principal
2356,0,0,0.34348719248745,probability_native,0.34348719248745,u_362c1a44b63a6717,1,0,official,principal
630,1,1,0.610271227868665,probability_native,0.610271227868665,u_362c1a44b63a6717,1,0,official,principal
4702,0,0,0.42684147691738533,probability_native,0.42684147691738533,u_362c1a44b63a6717,1,0,official,principal
1057,1,1,0.7269427575297164,probability_native,0.7269427575297164,u_362c1a44b63a6717,1,0,official,principal
1749,0,1,0.6525686494138287,probability_native,0.6525686494138287,u_362c1a44b63a6717,1,0,official,principal
3285,0,0,0.09673342452506073,probability_native,0.09673342452506073,u_362c1a44b63a6717,1,0,official,principal
6248,0,0,0.14432368873807552,probability_native,0.14432368873807552,u_362c1a44b63a6717,1,0,official,principal
6089,1,1,0.8911939745829052,probability_native,0.8911939745829052,u_362c1a44b63a6717,1,0,official,principal
3829,1,1,0.7529471225503757,probability_native,0.7529471225503757,u_362c1a44b63a6717,1,0,official,principal
394,0,1,0.7651201136956782,probability_native,0.7651201136956782,u_362c1a44b63a6717,1,0,official,principal
4623,0,0,0.4663818993218876,probability_native,0.4663818993218876,u_362c1a44b63a6717,1,0,official,principal
76,0,0,0.2717910282611603,probability_native,0.2717910282611603,u_362c1a44b63a6717,1,0,official,principal
920,0,0,0.11925474025992819,probability_native,0.11925474025992819,u_362c1a44b63a6717,1,0,official,principal
4884,0,1,0.617239835875539,probability_native,0.617239835875539,u_362c1a44b63a6717,1,0,official,principal
5256,1,0,0.3048803517343444,probability_native,0.3048803517343444,u_362c1a44b63a6717,1,0,official,principal
6343,0,0,0.16614900806724264,probability_native,0.16614900806724264,u_362c1a44b63a6717,1,0,official,principal
1903,0,1,0.8752227877769518,probability_native,0.8752227877769518,u_362c1a44b63a6717,1,0,official,principal
4975,0,0,0.3153917828100992,probability_native,0.3153917828100992,u_362c1a44b63a6717,1,0,official,principal
2630,0,0,0.17921249887066773,probability_native,0.17921249887066773,u_362c1a44b63a6717,1,0,official,principal
5094,0,0,0.2721485655393426,probability_native,0.2721485655393426,u_362c1a44b63a6717,1,0,official,principal
3609,0,1,0.5322820570257782,probability_native,0.5322820570257782,u_362c1a44b63a6717,1,0,official,principal
6837,0,1,0.8649242126968922,probability_native,0.8649242126968922,u_362c1a44b63a6717,1,0,official,principal
6403,0,0,0.19000764676216222,probability_native,0.19000764676216222,u_362c1a44b63a6717,1,0,official,principal
1820,0,1,0.5493831095211895,probability_native,0.5493831095211895,u_362c1a44b63a6717,1,0,official,principal
1602,1,1,0.7679464444128776,probability_native,0.7679464444128776,u_362c1a44b63a6717,1,0,official,principal
1410,1,1,0.9058871004214771,probability_native,0.9058871004214771,u_362c1a44b63a6717,1,0,official,principal
438,0,1,0.6010238020061839,probability_native,0.6010238020061839,u_362c1a44b63a6717,1,0,official,principal
4328,0,1,0.6464631419739806,probability_native,0.6464631419739806,u_362c1a44b63a6717,1,0,official,principal
3912,0,0,0.19001990594683824,probability_native,0.19001990594683824,u_362c1a44b63a6717,1,0,official,principal
5933,1,1,0.9022264669555712,probability_native,0.9022264669555712,u_362c1a44b63a6717,1,0,official,principal
5844,0,1,0.7744974865820095,probability_native,0.7744974865820095,u_362c1a44b63a6717,1,0,official,principal
1267,0,0,0.17085638981715084,probability_native,0.17085638981715084,u_362c1a44b63a6717,1,0,official,principal
4911,0,0,0.14694429544071658,probability_native,0.14694429544071658,u_362c1a44b63a6717,1,0,official,principal
5554,0,0,0.09614641146446204,probability_native,0.09614641146446204,u_362c1a44b63a6717,1,0,official,principal
4420,0,0,0.2752998668959469,probability_native,0.2752998668959469,u_362c1a44b63a6717,1,0,official,principal
1053,1,1,0.654367650786722,probability_native,0.654367650786722,u_362c1a44b63a6717,1,0,official,principal
5944,1,0,0.36813971178024796,probability_native,0.36813971178024796,u_362c1a44b63a6717,1,0,official,principal
3862,0,0,0.058125921307736764,probability_native,0.058125921307736764,u_362c1a44b63a6717,1,0,official,principal
2369,0,0,0.1686065423411053,probability_native,0.1686065423411053,u_362c1a44b63a6717,1,0,official,principal
4452,0,0,0.09206444757766646,probability_native,0.09206444757766646,u_362c1a44b63a6717,1,0,official,principal
2559,0,0,0.25835512854994835,probability_native,0.25835512854994835,u_362c1a44b63a6717,1,0,official,principal
3522,0,0,0.14305947290694535,probability_native,0.14305947290694535,u_362c1a44b63a6717,1,0,official,principal
4819,1,0,0.08299145412189766,probability_native,0.08299145412189766,u_362c1a44b63a6717,1,0,official,principal
6535,1,1,0.6274676989485425,probability_native,0.6274676989485425,u_362c1a44b63a6717,1,0,official,principal
1691,0,0,0.06440870489338138,probability_native,0.06440870489338138,u_362c1a44b63a6717,1,0,official,principal
892,0,1,0.674912642804987,probability_native,0.674912642804987,u_362c1a44b63a6717,1,0,official,principal
1541,0,0,0.06184877044975918,probability_native,0.06184877044975918,u_362c1a44b63a6717,1,0,official,principal
1689,0,1,0.51912608450916,probability_native,0.51912608450916,u_362c1a44b63a6717,1,0,official,principal
5967,1,1,0.6584209210682206,probability_native,0.6584209210682206,u_362c1a44b63a6717,1,0,official,principal
6909,0,1,0.5554887495431681,probability_native,0.5554887495431681,u_362c1a44b63a6717,1,0,official,principal
5120,1,0,0.4710171093708791,probability_native,0.4710171093708791,u_362c1a44b63a6717,1,0,official,principal
6764,1,1,0.8189573689912151,probability_native,0.8189573689912151,u_362c1a44b63a6717,1,0,official,principal
6259,0,0,0.13440175615935226,probability_native,0.13440175615935226,u_362c1a44b63a6717,1,0,official,principal
229,0,0,0.19802796240687903,probability_native,0.19802796240687903,u_362c1a44b63a6717,1,0,official,principal
6287,1,1,0.7631917068251921,probability_native,0.7631917068251921,u_362c1a44b63a6717,1,0,official,principal
6658,1,1,0.7489593202572349,probability_native,0.7489593202572349,u_362c1a44b63a6717,1,0,official,principal
399,0,0,0.19655571689249654,probability_native,0.19655571689249654,u_362c1a44b63a6717,1,0,official,principal
1830,0,0,0.12893687750059196,probability_native,0.12893687750059196,u_362c1a44b63a6717,1,0,official,principal
4194,0,0,0.08874222365565743,probability_native,0.08874222365565743,u_362c1a44b63a6717,1,0,official,principal
1227,0,0,0.44141297189699935,probability_native,0.44141297189699935,u_362c1a44b63a6717,1,0,official,principal
5236,0,1,0.5173917697552791,probability_native,0.5173917697552791,u_362c1a44b63a6717,1,0,official,principal
1849,1,1,0.6387492451031526,probability_native,0.6387492451031526,u_362c1a44b63a6717,1,0,official,principal
4221,0,0,0.41209828254805414,probability_native,0.41209828254805414,u_362c1a44b63a6717,1,0,official,principal
1134,0,1,0.5154202137928175,probability_native,0.5154202137928175,u_362c1a44b63a6717,1,0,official,principal
4394,0,0,0.4959530846541725,probability_native,0.4959530846541725,u_362c1a44b63a6717,1,0,official,principal
2040,0,0,0.10505737787788157,probability_native,0.10505737787788157,u_362c1a44b63a6717,1,0,official,principal
2097,0,1,0.8515188554530801,probability_native,0.8515188554530801,u_362c1a44b63a6717,1,0,official,principal
6178,0,0,0.1350012426399449,probability_native,0.1350012426399449,u_362c1a44b63a6717,1,0,official,principal
5419,0,0,0.1786398741742502,probability_native,0.1786398741742502,u_362c1a44b63a6717,1,0,official,principal
5257,1,1,0.794784083806225,probability_native,0.794784083806225,u_362c1a44b63a6717,1,0,official,principal
2690,1,1,0.7774247641027796,probability_native,0.7774247641027796,u_362c1a44b63a6717,1,0,official,principal
3111,1,0,0.32681044208941684,probability_native,0.32681044208941684,u_362c1a44b63a6717,1,0,official,principal
3870,0,0,0.24717132671379474,probability_native,0.24717132671379474,u_362c1a44b63a6717,1,0,official,principal
615,0,1,0.5012962351967741,probability_native,0.5012962351967741,u_362c1a44b63a6717,1,0,official,principal
4108,0,0,0.2064930422104876,probability_native,0.2064930422104876,u_362c1a44b63a6717,1,0,official,principal
5795,0,1,0.6825067818827664,probability_native,0.6825067818827664,u_362c1a44b63a6717,1,0,official,principal
4752,0,0,0.22913105911375745,probability_native,0.22913105911375745,u_362c1a44b63a6717,1,0,official,principal
2018,1,1,0.6397155087481768,probability_native,0.6397155087481768,u_362c1a44b63a6717,1,0,official,principal
3878,0,0,0.19467402877056164,probability_native,0.19467402877056164,u_362c1a44b63a6717,1,0,official,principal
5090,1,1,0.7828519840913268,probability_native,0.7828519840913268,u_362c1a44b63a6717,1,0,official,principal
6533,0,1,0.7831375990487757,probability_native,0.7831375990487757,u_362c1a44b63a6717,1,0,official,principal
1481,0,0,0.09105708273636674,probability_native,0.09105708273636674,u_362c1a44b63a6717,1,0,official,principal
1046,0,0,0.18248110150438826,probability_native,0.18248110150438826,u_362c1a44b63a6717,1,0,official,principal
6716,1,1,0.786222273825935,probability_native,0.786222273825935,u_362c1a44b63a6717,1,0,official,principal
697,1,1,0.6560564729692057,probability_native,0.6560564729692057,u_362c1a44b63a6717,1,0,official,principal
6850,0,0,0.06883621206125692,probability_native,0.06883621206125692,u_362c1a44b63a6717,1,0,official,principal
6721,0,0,0.19509803874674123,probability_native,0.19509803874674123,u_362c1a44b63a6717,1,0,official,principal
4791,0,0,0.4055758964024759,probability_native,0.4055758964024759,u_362c1a44b63a6717,1,0,official,principal
3619,0,0,0.07870796765762542,probability_native,0.07870796765762542,u_362c1a44b63a6717,1,0,official,principal
2047,0,1,0.7317192300205192,probability_native,0.7317192300205192,u_362c1a44b63a6717,1,0,official,principal
5253,0,1,0.5032718972107487,probability_native,0.5032718972107487,u_362c1a44b63a6717,1,0,official,principal
6392,0,0,0.37197824546867064,probability_native,0.37197824546867064,u_362c1a44b63a6717,1,0,official,principal
5880,1,1,0.6556668131781561,probability_native,0.6556668131781561,u_362c1a44b63a6717,1,0,official,principal
5976,0,0,0.36584873004850993,probability_native,0.36584873004850993,u_362c1a44b63a6717,1,0,official,principal
191,1,1,0.8216068833439625,probability_native,0.8216068833439625,u_362c1a44b63a6717,1,0,official,principal
4348,1,0,0.4858481966371946,probability_native,0.4858481966371946,u_362c1a44b63a6717,1,0,official,principal
2720,1,1,0.5872111643362283,probability_native,0.5872111643362283,u_362c1a44b63a6717,1,0,official,principal
600,0,1,0.6288088989271508,probability_native,0.6288088989271508,u_362c1a44b63a6717,1,0,official,principal
4143,1,1,0.7636773270191003,probability_native,0.7636773270191003,u_362c1a44b63a6717,1,0,official,principal
1660,0,0,0.24505492997753892,probability_native,0.24505492997753892,u_362c1a44b63a6717,1,0,official,principal
596,0,0,0.2566060405974231,probability_native,0.2566060405974231,u_362c1a44b63a6717,1,0,official,principal
6549,1,1,0.7495742916022341,probability_native,0.7495742916022341,u_362c1a44b63a6717,1,0,official,principal
3971,1,0,0.20045752790793403,probability_native,0.20045752790793403,u_362c1a44b63a6717,1,0,official,principal
788,0,0,0.43902970061085145,probability_native,0.43902970061085145,u_362c1a44b63a6717,1,0,official,principal
5950,0,1,0.6411219027379064,probability_native,0.6411219027379064,u_362c1a44b63a6717,1,0,official,principal
1686,1,0,0.4671821599715604,probability_native,0.4671821599715604,u_362c1a44b63a6717,1,0,official,principal
6900,0,1,0.5659260444565116,probability_native,0.5659260444565116,u_362c1a44b63a6717,1,0,official,principal
865,1,1,0.7033449500537235,probability_native,0.7033449500537235,u_362c1a44b63a6717,1,0,official,principal
3091,0,0,0.33960239298888356,probability_native,0.33960239298888356,u_362c1a44b63a6717,1,0,official,principal
111,0,0,0.1275132757826466,probability_native,0.1275132757826466,u_362c1a44b63a6717,1,0,official,principal
4283,0,1,0.8303404969410382,probability_native,0.8303404969410382,u_362c1a44b63a6717,1,0,official,principal
44,0,1,0.5988359045437827,probability_native,0.5988359045437827,u_362c1a44b63a6717,1,0,official,principal
4602,0,0,0.10004647760399314,probability_native,0.10004647760399314,u_362c1a44b63a6717,1,0,official,principal
2680,0,0,0.07899358683405358,probability_native,0.07899358683405358,u_362c1a44b63a6717,1,0,official,principal
702,0,1,0.7490981435901019,probability_native,0.7490981435901019,u_362c1a44b63a6717,1,0,official,principal
6644,0,0,0.4745235021707085,probability_native,0.4745235021707085,u_362c1a44b63a6717,1,0,official,principal
6005,0,0,0.311195774166658,probability_native,0.311195774166658,u_362c1a44b63a6717,1,0,official,principal
5729,0,0,0.24985413741502357,probability_native,0.24985413741502357,u_362c1a44b63a6717,1,0,official,principal
5452,0,0,0.2770852700399706,probability_native,0.2770852700399706,u_362c1a44b63a6717,1,0,official,principal
6317,1,1,0.8324334265832376,probability_native,0.8324334265832376,u_362c1a44b63a6717,1,0,official,principal
4197,0,1,0.7527636244845026,probability_native,0.7527636244845026,u_362c1a44b63a6717,1,0,official,principal
6785,1,0,0.2795259524753052,probability_native,0.2795259524753052,u_362c1a44b63a6717,1,0,official,principal
5598,0,0,0.0966673814416988,probability_native,0.0966673814416988,u_362c1a44b63a6717,1,0,official,principal
1113,1,1,0.5859231547864373,probability_native,0.5859231547864373,u_362c1a44b63a6717,1,0,official,principal
2263,1,1,0.6862650337488118,probability_native,0.6862650337488118,u_362c1a44b63a6717,1,0,official,principal
6880,0,0,0.06003595355994025,probability_native,0.06003595355994025,u_362c1a44b63a6717,1,0,official,principal
5738,1,0,0.41606383825976523,probability_native,0.41606383825976523,u_362c1a44b63a6717,1,0,official,principal
4549,0,1,0.6279581883989244,probability_native,0.6279581883989244,u_362c1a44b63a6717,1,0,official,principal
4271,0,0,0.17809798102843805,probability_native,0.17809798102843805,u_362c1a44b63a6717,1,0,official,principal
5266,0,0,0.190046800287595,probability_native,0.190046800287595,u_362c1a44b63a6717,1,0,official,principal
1993,1,1,0.6624762095756496,probability_native,0.6624762095756496,u_362c1a44b63a6717,1,0,official,principal
4082,1,0,0.27228909262379103,probability_native,0.27228909262379103,u_362c1a44b63a6717,1,0,official,principal
4997,1,1,0.7347429959082925,probability_native,0.7347429959082925,u_362c1a44b63a6717,1,0,official,principal
63,0,0,0.3446746306485651,probability_native,0.3446746306485651,u_362c1a44b63a6717,1,0,official,principal
5853,0,0,0.32030714101820174,probability_native,0.32030714101820174,u_362c1a44b63a6717,1,0,official,principal
4730,0,1,0.6941111245101959,probability_native,0.6941111245101959,u_362c1a44b63a6717,1,0,official,principal
4225,0,0,0.3651207125038719,probability_native,0.3651207125038719,u_362c1a44b63a6717,1,0,official,principal
368,0,0,0.38596689041861987,probability_native,0.38596689041861987,u_362c1a44b63a6717,1,0,official,principal
2407,1,1,0.8143100115077242,probability_native,0.8143100115077242,u_362c1a44b63a6717,1,0,official,principal
5118,0,1,0.5016116734635025,probability_native,0.5016116734635025,u_362c1a44b63a6717,1,0,official,principal
1912,0,0,0.166158669996407,probability_native,0.166158669996407,u_362c1a44b63a6717,1,0,official,principal
4277,0,0,0.45567436141789947,probability_native,0.45567436141789947,u_362c1a44b63a6717,1,0,official,principal
2826,0,0,0.48124022762577373,probability_native,0.48124022762577373,u_362c1a44b63a6717,1,0,official,principal
6883,0,1,0.6036620473879964,probability_native,0.6036620473879964,u_362c1a44b63a6717,1,0,official,principal
3578,0,0,0.31200380684120244,probability_native,0.31200380684120244,u_362c1a44b63a6717,1,0,official,principal
2648,0,0,0.4530483691806982,probability_native,0.4530483691806982,u_362c1a44b63a6717,1,0,official,principal
2458,0,0,0.44132447092177474,probability_native,0.44132447092177474,u_362c1a44b63a6717,1,0,official,principal
2420,0,0,0.47716166205020855,probability_native,0.47716166205020855,u_362c1a44b63a6717,1,0,official,principal
1464,0,0,0.42961739930582715,probability_native,0.42961739930582715,u_362c1a44b63a6717,1,0,official,principal
3121,1,1,0.605151537750388,probability_native,0.605151537750388,u_362c1a44b63a6717,1,0,official,principal
6360,1,0,0.49018189232605974,probability_native,0.49018189232605974,u_362c1a44b63a6717,1,0,official,principal
6622,1,1,0.6641986663920993,probability_native,0.6641986663920993,u_362c1a44b63a6717,1,0,official,principal
5649,0,0,0.23646737809140367,probability_native,0.23646737809140367,u_362c1a44b63a6717,1,0,official,principal
4983,1,1,0.5430132297315119,probability_native,0.5430132297315119,u_362c1a44b63a6717,1,0,official,principal
4149,1,0,0.17261450857269206,probability_native,0.17261450857269206,u_362c1a44b63a6717,1,0,official,principal
5405,0,1,0.5986890191301714,probability_native,0.5986890191301714,u_362c1a44b63a6717,1,0,official,principal
944,0,0,0.4819176088549962,probability_native,0.4819176088549962,u_362c1a44b63a6717,1,0,official,principal
5074,0,0,0.11414116726960008,probability_native,0.11414116726960008,u_362c1a44b63a6717,1,0,official,principal
5285,0,0,0.14663395240140667,probability_native,0.14663395240140667,u_362c1a44b63a6717,1,0,official,principal
247,1,1,0.7769906375501623,probability_native,0.7769906375501623,u_362c1a44b63a6717,1,0,official,principal
5451,0,0,0.22935557071522145,probability_native,0.22935557071522145,u_362c1a44b63a6717,1,0,official,principal
147,1,1,0.699944982447181,probability_native,0.699944982447181,u_362c1a44b63a6717,1,0,official,principal
4291,0,0,0.1828843050474167,probability_native,0.1828843050474167,u_362c1a44b63a6717,1,0,official,principal
152,0,0,0.2921867668932537,probability_native,0.2921867668932537,u_362c1a44b63a6717,1,0,official,principal
5127,1,0,0.31143150811971954,probability_native,0.31143150811971954,u_362c1a44b63a6717,1,0,official,principal
488,0,0,0.40028709087536735,probability_native,0.40028709087536735,u_362c1a44b63a6717,1,0,official,principal
3999,1,1,0.8399423717194082,probability_native,0.8399423717194082,u_362c1a44b63a6717,1,0,official,principal
5140,0,1,0.8793259132118632,probability_native,0.8793259132118632,u_362c1a44b63a6717,1,0,official,principal
4812,1,1,0.5269802053567582,probability_native,0.5269802053567582,u_362c1a44b63a6717,1,0,official,principal
5744,0,0,0.4028719906158818,probability_native,0.4028719906158818,u_362c1a44b63a6717,1,0,official,principal
4959,1,0,0.44114941801945373,probability_native,0.44114941801945373,u_362c1a44b63a6717,1,0,official,principal
2059,0,1,0.6615164998785817,probability_native,0.6615164998785817,u_362c1a44b63a6717,1,0,official,principal
1680,0,0,0.13589266710596853,probability_native,0.13589266710596853,u_362c1a44b63a6717,1,0,official,principal
4747,0,0,0.18977842150742405,probability_native,0.18977842150742405,u_362c1a44b63a6717,1,0,official,principal
5618,0,0,0.35299871786068143,probability_native,0.35299871786068143,u_362c1a44b63a6717,1,0,official,principal
1434,1,1,0.778078521737126,probability_native,0.778078521737126,u_362c1a44b63a6717,1,0,official,principal
899,0,0,0.4701719160641173,probability_native,0.4701719160641173,u_362c1a44b63a6717,1,0,official,principal
1729,0,0,0.22240163057800644,probability_native,0.22240163057800644,u_362c1a44b63a6717,1,0,official,principal
310,0,1,0.5030688853134718,probability_native,0.5030688853134718,u_362c1a44b63a6717,1,0,official,principal
4668,0,1,0.5870203753763017,probability_native,0.5870203753763017,u_362c1a44b63a6717,1,0,official,principal
5261,0,0,0.4853775108419477,probability_native,0.4853775108419477,u_362c1a44b63a6717,1,0,official,principal
5022,0,0,0.12700852788919745,probability_native,0.12700852788919745,u_362c1a44b63a6717,1,0,official,principal
5676,0,0,0.43615014297103716,probability_native,0.43615014297103716,u_362c1a44b63a6717,1,0,official,principal
2907,1,1,0.7587617847093048,probability_native,0.7587617847093048,u_362c1a44b63a6717,1,0,official,principal
6602,0,1,0.593375717416412,probability_native,0.593375717416412,u_362c1a44b63a6717,1,0,official,principal
4389,0,1,0.6946409116084467,probability_native,0.6946409116084467,u_362c1a44b63a6717,1,0,official,principal
4136,0,0,0.14179494544596688,probability_native,0.14179494544596688,u_362c1a44b63a6717,1,0,official,principal
6511,0,0,0.1107528439861898,probability_native,0.1107528439861898,u_362c1a44b63a6717,1,0,official,principal
2148,0,0,0.34481155169109606,probability_native,0.34481155169109606,u_362c1a44b63a6717,1,0,official,principal
4691,1,1,0.6425353968286385,probability_native,0.6425353968286385,u_362c1a44b63a6717,1,0,official,principal
711,0,1,0.616665197622956,probability_native,0.616665197622956,u_362c1a44b63a6717,1,0,official,principal
5914,0,0,0.30366837903666455,probability_native,0.30366837903666455,u_362c1a44b63a6717,1,0,official,principal
228,0,1,0.6258303476670491,probability_native,0.6258303476670491,u_362c1a44b63a6717,1,0,official,principal
4450,1,1,0.5109278518363521,probability_native,0.5109278518363521,u_362c1a44b63a6717,1,0,official,principal
6293,0,0,0.16093784976859388,probability_native,0.16093784976859388,u_362c1a44b63a6717,1,0,official,principal
1212,0,1,0.7957725267166654,probability_native,0.7957725267166654,u_362c1a44b63a6717,1,0,official,principal
4581,0,0,0.08220313343079484,probability_native,0.08220313343079484,u_362c1a44b63a6717,1,0,official,principal
5231,1,1,0.86930556190696,probability_native,0.86930556190696,u_362c1a44b63a6717,1,0,official,principal
1939,0,0,0.4440963354691115,probability_native,0.4440963354691115,u_362c1a44b63a6717,1,0,official,principal
2847,0,1,0.5974595816844908,probability_native,0.5974595816844908,u_362c1a44b63a6717,1,0,official,principal
6415,0,0,0.2518309466508895,probability_native,0.2518309466508895,u_362c1a44b63a6717,1,0,official,principal
5625,0,0,0.38876634559297135,probability_native,0.38876634559297135,u_362c1a44b63a6717,1,0,official,principal
2124,1,1,0.6439540401456562,probability_native,0.6439540401456562,u_362c1a44b63a6717,1,0,official,principal
176,1,1,0.7678369462684512,probability_native,0.7678369462684512,u_362c1a44b63a6717,1,0,official,principal
6685,0,0,0.35047262266588175,probability_native,0.35047262266588175,u_362c1a44b63a6717,1,0,official,principal
5761,0,0,0.08423730147742413,probability_native,0.08423730147742413,u_362c1a44b63a6717,1,0,official,principal
6733,0,0,0.3360450400351614,probability_native,0.3360450400351614,u_362c1a44b63a6717,1,0,official,principal
2640,0,1,0.6552956447169149,probability_native,0.6552956447169149,u_362c1a44b63a6717,1,0,official,principal
4525,0,1,0.5599252313373125,probability_native,0.5599252313373125,u_362c1a44b63a6717,1,0,official,principal
1182,0,0,0.3759584618071124,probability_native,0.3759584618071124,u_362c1a44b63a6717,1,0,official,principal
528,0,0,0.11578788439316498,probability_native,0.11578788439316498,u_362c1a44b63a6717,1,0,official,principal
2126,0,1,0.5641032632935165,probability_native,0.5641032632935165,u_362c1a44b63a6717,1,0,official,principal
2840,0,0,0.39576763410835236,probability_native,0.39576763410835236,u_362c1a44b63a6717,1,0,official,principal
1610,0,0,0.0808805220917426,probability_native,0.0808805220917426,u_362c1a44b63a6717,1,0,official,principal
6467,0,1,0.75859768732974,probability_native,0.75859768732974,u_362c1a44b63a6717,1,0,official,principal
853,0,1,0.6344041215836207,probability_native,0.6344041215836207,u_362c1a44b63a6717,1,0,official,principal
2343,0,1,0.6195863128640361,probability_native,0.6195863128640361,u_362c1a44b63a6717,1,0,official,principal
3141,1,1,0.7841900696636175,probability_native,0.7841900696636175,u_362c1a44b63a6717,1,0,official,principal
2581,0,0,0.3593540028195219,probability_native,0.3593540028195219,u_362c1a44b63a6717,1,0,official,principal
4511,0,0,0.47651709490629923,probability_native,0.47651709490629923,u_362c1a44b63a6717,1,0,official,principal
5472,0,0,0.4104289942881399,probability_native,0.4104289942881399,u_362c1a44b63a6717,1,0,official,principal
4711,0,0,0.18813871085903794,probability_native,0.18813871085903794,u_362c1a44b63a6717,1,0,official,principal
2727,1,1,0.8571446947459482,probability_native,0.8571446947459482,u_362c1a44b63a6717,1,0,official,principal
1116,0,0,0.29333484957165856,probability_native,0.29333484957165856,u_362c1a44b63a6717,1,0,official,principal
6781,1,1,0.7332557535329963,probability_native,0.7332557535329963,u_362c1a44b63a6717,1,0,official,principal
3651,0,0,0.09500616585449624,probability_native,0.09500616585449624,u_362c1a44b63a6717,1,0,official,principal
4785,1,1,0.760065564630044,probability_native,0.760065564630044,u_362c1a44b63a6717,1,0,official,principal
278,0,1,0.661928145736143,probability_native,0.661928145736143,u_362c1a44b63a6717,1,0,official,principal
584,0,0,0.47721738985558554,probability_native,0.47721738985558554,u_362c1a44b63a6717,1,0,official,principal
5469,0,1,0.5704889781840524,probability_native,0.5704889781840524,u_362c1a44b63a6717,1,0,official,principal
6120,0,1,0.6607174547617476,probability_native,0.6607174547617476,u_362c1a44b63a6717,1,0,official,principal
3230,0,0,0.05984310352953527,probability_native,0.05984310352953527,u_362c1a44b63a6717,1,0,official,principal
1348,1,1,0.8240536926921976,probability_native,0.8240536926921976,u_362c1a44b63a6717,1,0,official,principal
484,1,1,0.79714719924473,probability_native,0.79714719924473,u_362c1a44b63a6717,1,0,official,principal
3170,0,1,0.6766902295836728,probability_native,0.6766902295836728,u_362c1a44b63a6717,1,0,official,principal
2885,0,0,0.2742661321317703,probability_native,0.2742661321317703,u_362c1a44b63a6717,1,0,official,principal
3208,0,0,0.3293375650597865,probability_native,0.3293375650597865,u_362c1a44b63a6717,1,0,official,principal
3491,0,0,0.3476872315305627,probability_native,0.3476872315305627,u_362c1a44b63a6717,1,0,official,principal
1959,0,0,0.47325006098144085,probability_native,0.47325006098144085,u_362c1a44b63a6717,1,0,official,principal
5249,0,0,0.07273697252982286,probability_native,0.07273697252982286,u_362c1a44b63a6717,1,0,official,principal
1239,0,1,0.6307016058284712,probability_native,0.6307016058284712,u_362c1a44b63a6717,1,0,official,principal
6465,0,0,0.06857572072340545,probability_native,0.06857572072340545,u_362c1a44b63a6717,1,0,official,principal
1303,0,0,0.056531773537368865,probability_native,0.056531773537368865,u_362c1a44b63a6717,1,0,official,principal
2330,0,0,0.4878402687103936,probability_native,0.4878402687103936,u_362c1a44b63a6717,1,0,official,principal
5167,0,0,0.13627756040839983,probability_native,0.13627756040839983,u_362c1a44b63a6717,1,0,official,principal
3710,0,0,0.25876675975394664,probability_native,0.25876675975394664,u_362c1a44b63a6717,1,0,official,principal
1695,0,0,0.2759583595173437,probability_native,0.2759583595173437,u_362c1a44b63a6717,1,0,official,principal
1021,0,0,0.20700081997626313,probability_native,0.20700081997626313,u_362c1a44b63a6717,1,0,official,principal
3788,1,0,0.2348078835578965,probability_native,0.2348078835578965,u_362c1a44b63a6717,1,0,official,principal
4863,0,0,0.06970782195632137,probability_native,0.06970782195632137,u_362c1a44b63a6717,1,0,official,principal
4545,0,1,0.5852380510159596,probability_native,0.5852380510159596,u_362c1a44b63a6717,1,0,official,principal
3021,0,0,0.39143342822498006,probability_native,0.39143342822498006,u_362c1a44b63a6717,1,0,official,principal
6552,1,1,0.842557652626364,probability_native,0.842557652626364,u_362c1a44b63a6717,1,0,official,principal
3215,0,1,0.6236837914560457,probability_native,0.6236837914560457,u_362c1a44b63a6717,1,0,official,principal
6901,0,0,0.4668549227496093,probability_native,0.4668549227496093,u_362c1a44b63a6717,1,0,official,principal
5148,0,0,0.3063289393829928,probability_native,0.3063289393829928,u_362c1a44b63a6717,1,0,official,principal
5269,0,1,0.6403797724266981,probability_native,0.6403797724266981,u_362c1a44b63a6717,1,0,official,principal
4047,0,0,0.2673005129726275,probability_native,0.2673005129726275,u_362c1a44b63a6717,1,0,official,principal
6008,0,0,0.27605427127788085,probability_native,0.27605427127788085,u_362c1a44b63a6717,1,0,official,principal
240,0,0,0.1395319903577376,probability_native,0.1395319903577376,u_362c1a44b63a6717,1,0,official,principal
2873,1,1,0.7756108903352371,probability_native,0.7756108903352371,u_362c1a44b63a6717,1,0,official,principal
5660,0,0,0.3928607598354645,probability_native,0.3928607598354645,u_362c1a44b63a6717,1,0,official,principal
3114,0,1,0.625354612443873,probability_native,0.625354612443873,u_362c1a44b63a6717,1,0,official,principal
4516,0,0,0.11041624614236532,probability_native,0.11041624614236532,u_362c1a44b63a6717,1,0,official,principal
6425,0,0,0.1600222189864858,probability_native,0.1600222189864858,u_362c1a44b63a6717,1,0,official,principal
6458,0,1,0.5565507346275206,probability_native,0.5565507346275206,u_362c1a44b63a6717,1,0,official,principal
3953,1,1,0.7845697005482967,probability_native,0.7845697005482967,u_362c1a44b63a6717,1,0,official,principal
3675,0,0,0.42157527274421397,probability_native,0.42157527274421397,u_362c1a44b63a6717,1,0,official,principal
4425,0,0,0.4393971747401605,probability_native,0.4393971747401605,u_362c1a44b63a6717,1,0,official,principal
5990,0,1,0.6938428515878798,probability_native,0.6938428515878798,u_362c1a44b63a6717,1,0,official,principal
4126,0,0,0.3376005029336241,probability_native,0.3376005029336241,u_362c1a44b63a6717,1,0,official,principal
5288,1,1,0.8580741243646424,probability_native,0.8580741243646424,u_362c1a44b63a6717,1,0,official,principal
6348,0,1,0.6314129301927183,probability_native,0.6314129301927183,u_362c1a44b63a6717,1,0,official,principal
2422,0,1,0.8447968872861275,probability_native,0.8447968872861275,u_362c1a44b63a6717,1,0,official,principal
975,1,0,0.2682678684539573,probability_native,0.2682678684539573,u_362c1a44b63a6717,1,0,official,principal
573,1,0,0.4149029897384022,probability_native,0.4149029897384022,u_362c1a44b63a6717,1,0,official,principal
6219,1,1,0.6672417556971338,probability_native,0.6672417556971338,u_362c1a44b63a6717,1,0,official,principal
1043,1,1,0.56054891373672,probability_native,0.56054891373672,u_362c1a44b63a6717,1,0,official,principal
2529,1,0,0.2477357100120645,probability_native,0.2477357100120645,u_362c1a44b63a6717,1,0,official,principal
1282,0,1,0.7338089572701758,probability_native,0.7338089572701758,u_362c1a44b63a6717,1,0,official,principal
1340,0,0,0.3094622538986655,probability_native,0.3094622538986655,u_362c1a44b63a6717,1,0,official,principal
6189,0,0,0.10828940845937002,probability_native,0.10828940845937002,u_362c1a44b63a6717,1,0,official,principal
5510,0,1,0.7181963004316225,probability_native,0.7181963004316225,u_362c1a44b63a6717,1,0,official,principal
3354,0,0,0.1472147367318096,probability_native,0.1472147367318096,u_362c1a44b63a6717,1,0,official,principal
905,1,1,0.8957694231007147,probability_native,0.8957694231007147,u_362c1a44b63a6717,1,0,official,principal
2735,0,1,0.5476828617671606,probability_native,0.5476828617671606,u_362c1a44b63a6717,1,0,official,principal
6712,0,1,0.633797081843059,probability_native,0.633797081843059,u_362c1a44b63a6717,1,0,official,principal
4333,0,0,0.49288586431051046,probability_native,0.49288586431051046,u_362c1a44b63a6717,1,0,official,principal
1514,0,0,0.06266944057143806,probability_native,0.06266944057143806,u_362c1a44b63a6717,1,0,official,principal
6608,1,0,0.35155941354834125,probability_native,0.35155941354834125,u_362c1a44b63a6717,1,0,official,principal
135,0,0,0.17285755977655376,probability_native,0.17285755977655376,u_362c1a44b63a6717,1,0,official,principal
3413,0,1,0.6759103502199629,probability_native,0.6759103502199629,u_362c1a44b63a6717,1,0,official,principal
219,0,1,0.7976853391961258,probability_native,0.7976853391961258,u_362c1a44b63a6717,1,0,official,principal
6754,0,0,0.3580898315321463,probability_native,0.3580898315321463,u_362c1a44b63a6717,1,0,official,principal
6610,0,1,0.7983840550090652,probability_native,0.7983840550090652,u_362c1a44b63a6717,1,0,official,principal
3549,0,0,0.08924638269846247,probability_native,0.08924638269846247,u_362c1a44b63a6717,1,0,official,principal
257,0,0,0.3364224635403465,probability_native,0.3364224635403465,u_362c1a44b63a6717,1,0,official,principal
4799,0,0,0.3988714696805467,probability_native,0.3988714696805467,u_362c1a44b63a6717,1,0,official,principal
5248,0,0,0.3424426147370425,probability_native,0.3424426147370425,u_362c1a44b63a6717,1,0,official,principal
3965,0,1,0.6437556657364122,probability_native,0.6437556657364122,u_362c1a44b63a6717,1,0,official,principal
2942,0,0,0.13895873920951848,probability_native,0.13895873920951848,u_362c1a44b63a6717,1,0,official,principal
5370,0,1,0.7521550681157491,probability_native,0.7521550681157491,u_362c1a44b63a6717,1,0,official,principal
4495,1,1,0.8208781143503955,probability_native,0.8208781143503955,u_362c1a44b63a6717,1,0,official,principal
3932,1,1,0.8592122200284564,probability_native,0.8592122200284564,u_362c1a44b63a6717,1,0,official,principal
5347,0,0,0.21041638483079717,probability_native,0.21041638483079717,u_362c1a44b63a6717,1,0,official,principal
5531,0,0,0.10659140713707306,probability_native,0.10659140713707306,u_362c1a44b63a6717,1,0,official,principal
1273,0,1,0.5364627894609413,probability_native,0.5364627894609413,u_362c1a44b63a6717,1,0,official,principal
6318,0,0,0.310977233317787,probability_native,0.310977233317787,u_362c1a44b63a6717,1,0,official,principal
4284,0,1,0.7462747153094474,probability_native,0.7462747153094474,u_362c1a44b63a6717,1,0,official,principal
1494,1,0,0.3221701548079703,probability_native,0.3221701548079703,u_362c1a44b63a6717,1,0,official,principal
2190,0,0,0.1252584322395176,probability_native,0.1252584322395176,u_362c1a44b63a6717,1,0,official,principal
4808,0,0,0.18322455319767134,probability_native,0.18322455319767134,u_362c1a44b63a6717,1,0,official,principal
5926,0,1,0.5299463469062476,probability_native,0.5299463469062476,u_362c1a44b63a6717,1,0,official,principal
138,0,0,0.0919705120895404,probability_native,0.0919705120895404,u_362c1a44b63a6717,1,0,official,principal
1371,1,1,0.8797162273028782,probability_native,0.8797162273028782,u_362c1a44b63a6717,1,0,official,principal
5357,0,0,0.0761555050149091,probability_native,0.0761555050149091,u_362c1a44b63a6717,1,0,official,principal
1009,0,0,0.38541470179554327,probability_native,0.38541470179554327,u_362c1a44b63a6717,1,0,official,principal
3995,1,1,0.5199039448530678,probability_native,0.5199039448530678,u_362c1a44b63a6717,1,0,official,principal
3483,0,1,0.6696321728537902,probability_native,0.6696321728537902,u_362c1a44b63a6717,1,0,official,principal
5815,1,1,0.8610964496031404,probability_native,0.8610964496031404,u_362c1a44b63a6717,1,0,official,principal
1812,0,1,0.7319462836868481,probability_native,0.7319462836868481,u_362c1a44b63a6717,1,0,official,principal
5493,1,1,0.8670320641973724,probability_native,0.8670320641973724,u_362c1a44b63a6717,1,0,official,principal
3663,0,1,0.8140615562391739,probability_native,0.8140615562391739,u_362c1a44b63a6717,1,0,official,principal
3654,0,1,0.58612178945465,probability_native,0.58612178945465,u_362c1a44b63a6717,1,0,official,principal
568,1,1,0.773712713430497,probability_native,0.773712713430497,u_362c1a44b63a6717,1,0,official,principal
5586,0,0,0.2113682122092045,probability_native,0.2113682122092045,u_362c1a44b63a6717,1,0,official,principal
1656,0,0,0.4181841384566306,probability_native,0.4181841384566306,u_362c1a44b63a6717,1,0,official,principal
4257,0,1,0.5857386093369591,probability_native,0.5857386093369591,u_362c1a44b63a6717,1,0,official,principal
304,0,1,0.5386438153668159,probability_native,0.5386438153668159,u_362c1a44b63a6717,1,0,official,principal
5239,0,0,0.22466380613407314,probability_native,0.22466380613407314,u_362c1a44b63a6717,1,0,official,principal
2624,0,0,0.4493289902680256,probability_native,0.4493289902680256,u_362c1a44b63a6717,1,0,official,principal
4586,0,0,0.19978524660157343,probability_native,0.19978524660157343,u_362c1a44b63a6717,1,0,official,principal
939,0,0,0.3371042243402647,probability_native,0.3371042243402647,u_362c1a44b63a6717,1,0,official,principal
4915,0,0,0.49611389308273085,probability_native,0.49611389308273085,u_362c1a44b63a6717,1,0,official,principal
5846,0,1,0.8055925920125334,probability_native,0.8055925920125334,u_362c1a44b63a6717,1,0,official,principal
4036,0,0,0.340205957282546,probability_native,0.340205957282546,u_362c1a44b63a6717,1,0,official,principal
6235,1,0,0.3960511466285805,probability_native,0.3960511466285805,u_362c1a44b63a6717,1,0,official,principal
4314,1,1,0.8428462298317795,probability_native,0.8428462298317795,u_362c1a44b63a6717,1,0,official,principal
2545,0,0,0.14667003489428976,probability_native,0.14667003489428976,u_362c1a44b63a6717,1,0,official,principal
6006,0,0,0.37935006629431656,probability_native,0.37935006629431656,u_362c1a44b63a6717,1,0,official,principal
1492,1,1,0.8320581147541928,probability_native,0.8320581147541928,u_362c1a44b63a6717,1,0,official,principal
4332,0,0,0.09564765197493495,probability_native,0.09564765197493495,u_362c1a44b63a6717,1,0,official,principal
4093,0,1,0.6517217383389274,probability_native,0.6517217383389274,u_362c1a44b63a6717,1,0,official,principal
6696,0,1,0.8177029188963076,probability_native,0.8177029188963076,u_362c1a44b63a6717,1,0,official,principal
