row_id,y_true,y_pred,score_positive,score_type,probability_native,unit_id,outer_fold,replicate,purpose,variant
2666,0,0,0.16962658713763037,probability_native,0.16962658713763037,u_b13adb0eaac753a2,3,0,official,principal
189,0,0,0.3349771810529269,probability_native,0.3349771810529269,u_b13adb0eaac753a2,3,0,official,principal
2257,0,0,0.24205971256135803,probability_native,0.24205971256135803,u_b13adb0eaac753a2,3,0,official,principal
2641,0,0,0.4808822153128422,probability_native,0.4808822153128422,u_b13adb0eaac753a2,3,0,official,principal
328,0,1,0.5607888664437746,probability_native,0.5607888664437746,u_b13adb0eaac753a2,3,0,official,principal
6321,1,0,0.2768914429271401,probability_native,0.2768914429271401,u_b13adb0eaac753a2,3,0,official,principal
785,1,1,0.6121493348884224,probability_native,0.6121493348884224,u_b13adb0eaac753a2,3,0,official,principal
3253,0,1,0.5391535059763733,probability_native,0.5391535059763733,u_b13adb0eaac753a2,3,0,official,principal
4097,0,0,0.3418886555861121,probability_native,0.3418886555861121,u_b13adb0eaac753a2,3,0,official,principal
2444,1,1,0.7804912965161894,probability_native,0.7804912965161894,u_b13adb0eaac753a2,3,0,official,principal
5442,0,0,0.11389988791028374,probability_native,0.11389988791028374,u_b13adb0eaac753a2,3,0,official,principal
2399,0,1,0.6368077650573216,probability_native,0.6368077650573216,u_b13adb0eaac753a2,3,0,official,principal
6746,1,0,0.47194995901063236,probability_native,0.47194995901063236,u_b13adb0eaac753a2,3,0,official,principal
4319,0,0,0.3093486310706082,probability_native,0.3093486310706082,u_b13adb0eaac753a2,3,0,official,principal
155,0,1,0.6884907523155716,probability_native,0.6884907523155716,u_b13adb0eaac753a2,3,0,official,principal
5840,0,0,0.17452494670796817,probability_native,0.17452494670796817,u_b13adb0eaac753a2,3,0,official,principal
1491,0,0,0.4288604349257611,probability_native,0.4288604349257611,u_b13adb0eaac753a2,3,0,official,principal
3457,0,0,0.4781805118382993,probability_native,0.4781805118382993,u_b13adb0eaac753a2,3,0,official,principal
5229,1,1,0.6334536146520239,probability_native,0.6334536146520239,u_b13adb0eaac753a2,3,0,official,principal
777,1,1,0.8311863217287337,probability_native,0.8311863217287337,u_b13adb0eaac753a2,3,0,official,principal
3218,0,0,0.2429153347169746,probability_native,0.2429153347169746,u_b13adb0eaac753a2,3,0,official,principal
6437,0,0,0.2707293192245542,probability_native,0.2707293192245542,u_b13adb0eaac753a2,3,0,official,principal
1019,0,0,0.35424578560015124,probability_native,0.35424578560015124,u_b13adb0eaac753a2,3,0,official,principal
830,1,0,0.42569154345835614,probability_native,0.42569154345835614,u_b13adb0eaac753a2,3,0,official,principal
5993,0,1,0.7673069122307429,probability_native,0.7673069122307429,u_b13adb0eaac753a2,3,0,official,principal
6627,0,0,0.1314042701211759,probability_native,0.1314042701211759,u_b13adb0eaac753a2,3,0,official,principal
2247,0,0,0.1524263920225276,probability_native,0.1524263920225276,u_b13adb0eaac753a2,3,0,official,principal
556,0,0,0.4442643778609206,probability_native,0.4442643778609206,u_b13adb0eaac753a2,3,0,official,principal
4820,0,0,0.2625150120816757,probability_native,0.2625150120816757,u_b13adb0eaac753a2,3,0,official,principal
3908,0,0,0.328179258188141,probability_native,0.328179258188141,u_b13adb0eaac753a2,3,0,official,principal
3567,1,1,0.6121600511176802,probability_native,0.6121600511176802,u_b13adb0eaac753a2,3,0,official,principal
2833,0,0,0.15184694650633962,probability_native,0.15184694650633962,u_b13adb0eaac753a2,3,0,official,principal
4536,1,1,0.801885285378309,probability_native,0.801885285378309,u_b13adb0eaac753a2,3,0,official,principal
3780,0,0,0.15581938245861152,probability_native,0.15581938245861152,u_b13adb0eaac753a2,3,0,official,principal
6576,0,0,0.4261236441475716,probability_native,0.4261236441475716,u_b13adb0eaac753a2,3,0,official,principal
4432,0,0,0.2121139358758763,probability_native,0.2121139358758763,u_b13adb0eaac753a2,3,0,official,principal
1428,1,1,0.7254181199187646,probability_native,0.7254181199187646,u_b13adb0eaac753a2,3,0,official,principal
5777,0,0,0.09133305795668462,probability_native,0.09133305795668462,u_b13adb0eaac753a2,3,0,official,principal
6031,0,0,0.47817530225766713,probability_native,0.47817530225766713,u_b13adb0eaac753a2,3,0,official,principal
4909,0,0,0.20995068930521057,probability_native,0.20995068930521057,u_b13adb0eaac753a2,3,0,official,principal
2195,0,0,0.256514276978947,probability_native,0.256514276978947,u_b13adb0eaac753a2,3,0,official,principal
3815,1,1,0.8015876052629879,probability_native,0.8015876052629879,u_b13adb0eaac753a2,3,0,official,principal
4200,0,0,0.13031259968802988,probability_native,0.13031259968802988,u_b13adb0eaac753a2,3,0,official,principal
5851,0,1,0.5663436997068216,probability_native,0.5663436997068216,u_b13adb0eaac753a2,3,0,official,principal
1097,1,1,0.6850220239333773,probability_native,0.6850220239333773,u_b13adb0eaac753a2,3,0,official,principal
6480,0,0,0.42860533083625907,probability_native,0.42860533083625907,u_b13adb0eaac753a2,3,0,official,principal
2749,0,0,0.43415185193629624,probability_native,0.43415185193629624,u_b13adb0eaac753a2,3,0,official,principal
859,0,0,0.11362167986397181,probability_native,0.11362167986397181,u_b13adb0eaac753a2,3,0,official,principal
4357,0,0,0.3278557843417175,probability_native,0.3278557843417175,u_b13adb0eaac753a2,3,0,official,principal
6806,0,0,0.15141825209496917,probability_native,0.15141825209496917,u_b13adb0eaac753a2,3,0,official,principal
1950,1,0,0.4106228394902949,probability_native,0.4106228394902949,u_b13adb0eaac753a2,3,0,official,principal
6100,1,1,0.7325328077577471,probability_native,0.7325328077577471,u_b13adb0eaac753a2,3,0,official,principal
6729,0,0,0.1701636103633872,probability_native,0.1701636103633872,u_b13adb0eaac753a2,3,0,official,principal
1205,1,1,0.8198754167970822,probability_native,0.8198754167970822,u_b13adb0eaac753a2,3,0,official,principal
2078,0,0,0.39216138995495226,probability_native,0.39216138995495226,u_b13adb0eaac753a2,3,0,official,principal
5473,0,1,0.5523938320891952,probability_native,0.5523938320891952,u_b13adb0eaac753a2,3,0,official,principal
5714,1,1,0.8319432630028852,probability_native,0.8319432630028852,u_b13adb0eaac753a2,3,0,official,principal
6335,0,1,0.6693764469267022,probability_native,0.6693764469267022,u_b13adb0eaac753a2,3,0,official,principal
6635,0,0,0.2634151170759198,probability_native,0.2634151170759198,u_b13adb0eaac753a2,3,0,official,principal
246,0,0,0.3645362691492976,probability_native,0.3645362691492976,u_b13adb0eaac753a2,3,0,official,principal
3292,0,1,0.6482733120909715,probability_native,0.6482733120909715,u_b13adb0eaac753a2,3,0,official,principal
543,1,1,0.7658757177926541,probability_native,0.7658757177926541,u_b13adb0eaac753a2,3,0,official,principal
5424,0,0,0.2665951459339078,probability_native,0.2665951459339078,u_b13adb0eaac753a2,3,0,official,principal
4364,0,0,0.15664958931641373,probability_native,0.15664958931641373,u_b13adb0eaac753a2,3,0,official,principal
669,0,0,0.1431654241315209,probability_native,0.1431654241315209,u_b13adb0eaac753a2,3,0,official,principal
27,1,1,0.5884716208983315,probability_native,0.5884716208983315,u_b13adb0eaac753a2,3,0,official,principal
3681,1,1,0.7019898271764985,probability_native,0.7019898271764985,u_b13adb0eaac753a2,3,0,official,principal
6873,0,0,0.15061205670902203,probability_native,0.15061205670902203,u_b13adb0eaac753a2,3,0,official,principal
7030,0,0,0.47348662497961463,probability_native,0.47348662497961463,u_b13adb0eaac753a2,3,0,official,principal
2909,0,0,0.31307256109487025,probability_native,0.31307256109487025,u_b13adb0eaac753a2,3,0,official,principal
4123,0,1,0.5175351991028496,probability_native,0.5175351991028496,u_b13adb0eaac753a2,3,0,official,principal
4780,0,1,0.6623586935628408,probability_native,0.6623586935628408,u_b13adb0eaac753a2,3,0,official,principal
5611,0,0,0.4936932739295119,probability_native,0.4936932739295119,u_b13adb0eaac753a2,3,0,official,principal
7037,0,0,0.10487676407936009,probability_native,0.10487676407936009,u_b13adb0eaac753a2,3,0,official,principal
6724,1,0,0.1584266675931687,probability_native,0.1584266675931687,u_b13adb0eaac753a2,3,0,official,principal
3259,0,1,0.6593597813490728,probability_native,0.6593597813490728,u_b13adb0eaac753a2,3,0,official,principal
5608,0,0,0.3270984713377239,probability_native,0.3270984713377239,u_b13adb0eaac753a2,3,0,official,principal
829,0,0,0.4464894207644302,probability_native,0.4464894207644302,u_b13adb0eaac753a2,3,0,official,principal
5264,0,0,0.20956677907884444,probability_native,0.20956677907884444,u_b13adb0eaac753a2,3,0,official,principal
1077,1,1,0.533181262490858,probability_native,0.533181262490858,u_b13adb0eaac753a2,3,0,official,principal
188,0,0,0.3969786388377147,probability_native,0.3969786388377147,u_b13adb0eaac753a2,3,0,official,principal
4426,0,1,0.5450043197631917,probability_native,0.5450043197631917,u_b13adb0eaac753a2,3,0,official,principal
1941,0,1,0.6304054620331027,probability_native,0.6304054620331027,u_b13adb0eaac753a2,3,0,official,principal
1917,0,0,0.13512713488294126,probability_native,0.13512713488294126,u_b13adb0eaac753a2,3,0,official,principal
2193,0,0,0.1610656028431419,probability_native,0.1610656028431419,u_b13adb0eaac753a2,3,0,official,principal
5784,0,1,0.6218199833517973,probability_native,0.6218199833517973,u_b13adb0eaac753a2,3,0,official,principal
357,0,0,0.3736206418554216,probability_native,0.3736206418554216,u_b13adb0eaac753a2,3,0,official,principal
1228,0,0,0.4918633560188804,probability_native,0.4918633560188804,u_b13adb0eaac753a2,3,0,official,principal
1853,1,1,0.6521162461925312,probability_native,0.6521162461925312,u_b13adb0eaac753a2,3,0,official,principal
208,1,1,0.7236773209862661,probability_native,0.7236773209862661,u_b13adb0eaac753a2,3,0,official,principal
2323,1,1,0.6815816866424096,probability_native,0.6815816866424096,u_b13adb0eaac753a2,3,0,official,principal
1572,1,1,0.6767427410309046,probability_native,0.6767427410309046,u_b13adb0eaac753a2,3,0,official,principal
814,0,0,0.47135359011180494,probability_native,0.47135359011180494,u_b13adb0eaac753a2,3,0,official,principal
4013,0,1,0.6025958593068881,probability_native,0.6025958593068881,u_b13adb0eaac753a2,3,0,official,principal
659,0,0,0.2486478827798648,probability_native,0.2486478827798648,u_b13adb0eaac753a2,3,0,official,principal
6968,1,1,0.6964271211787927,probability_native,0.6964271211787927,u_b13adb0eaac753a2,3,0,official,principal
5326,1,0,0.44146796844550606,probability_native,0.44146796844550606,u_b13adb0eaac753a2,3,0,official,principal
2390,0,0,0.38146895174440715,probability_native,0.38146895174440715,u_b13adb0eaac753a2,3,0,official,principal
301,1,1,0.8844045343823622,probability_native,0.8844045343823622,u_b13adb0eaac753a2,3,0,official,principal
3129,0,0,0.33654138142100565,probability_native,0.33654138142100565,u_b13adb0eaac753a2,3,0,official,principal
4487,0,0,0.33073571419702746,probability_native,0.33073571419702746,u_b13adb0eaac753a2,3,0,official,principal
695,0,0,0.4670714893647113,probability_native,0.4670714893647113,u_b13adb0eaac753a2,3,0,official,principal
3397,0,0,0.21673629911119868,probability_native,0.21673629911119868,u_b13adb0eaac753a2,3,0,official,principal
5768,0,1,0.5300179518288691,probability_native,0.5300179518288691,u_b13adb0eaac753a2,3,0,official,principal
2542,0,0,0.3940354067023925,probability_native,0.3940354067023925,u_b13adb0eaac753a2,3,0,official,principal
6848,0,1,0.6503560539311394,probability_native,0.6503560539311394,u_b13adb0eaac753a2,3,0,official,principal
2998,0,1,0.797095188250694,probability_native,0.797095188250694,u_b13adb0eaac753a2,3,0,official,principal
1339,1,0,0.42453227034307944,probability_native,0.42453227034307944,u_b13adb0eaac753a2,3,0,official,principal
5331,0,0,0.18070685593281738,probability_native,0.18070685593281738,u_b13adb0eaac753a2,3,0,official,principal
4813,0,1,0.607963363872532,probability_native,0.607963363872532,u_b13adb0eaac753a2,3,0,official,principal
5559,0,1,0.6079690405456744,probability_native,0.6079690405456744,u_b13adb0eaac753a2,3,0,official,principal
1725,0,1,0.8370266784440445,probability_native,0.8370266784440445,u_b13adb0eaac753a2,3,0,official,principal
2639,1,1,0.5522407852635273,probability_native,0.5522407852635273,u_b13adb0eaac753a2,3,0,official,principal
6667,1,1,0.7993491722974654,probability_native,0.7993491722974654,u_b13adb0eaac753a2,3,0,official,principal
7027,0,1,0.5543620442076391,probability_native,0.5543620442076391,u_b13adb0eaac753a2,3,0,official,principal
3582,0,1,0.8191411437423383,probability_native,0.8191411437423383,u_b13adb0eaac753a2,3,0,official,principal
5303,0,0,0.3665313817922511,probability_native,0.3665313817922511,u_b13adb0eaac753a2,3,0,official,principal
1638,0,0,0.2079886432136621,probability_native,0.2079886432136621,u_b13adb0eaac753a2,3,0,official,principal
1394,0,0,0.419519961389761,probability_native,0.419519961389761,u_b13adb0eaac753a2,3,0,official,principal
799,1,1,0.5149403066306458,probability_native,0.5149403066306458,u_b13adb0eaac753a2,3,0,official,principal
4592,0,0,0.21937442575840324,probability_native,0.21937442575840324,u_b13adb0eaac753a2,3,0,official,principal
6290,1,0,0.29966971604391496,probability_native,0.29966971604391496,u_b13adb0eaac753a2,3,0,official,principal
4370,0,0,0.4049368485940601,probability_native,0.4049368485940601,u_b13adb0eaac753a2,3,0,official,principal
1614,0,0,0.13592889888280144,probability_native,0.13592889888280144,u_b13adb0eaac753a2,3,0,official,principal
5841,1,0,0.36259592287637177,probability_native,0.36259592287637177,u_b13adb0eaac753a2,3,0,official,principal
5485,0,1,0.5815598448237104,probability_native,0.5815598448237104,u_b13adb0eaac753a2,3,0,official,principal
2762,0,1,0.522488020771954,probability_native,0.522488020771954,u_b13adb0eaac753a2,3,0,official,principal
1431,0,0,0.3424989354316133,probability_native,0.3424989354316133,u_b13adb0eaac753a2,3,0,official,principal
1487,0,1,0.557865421367528,probability_native,0.557865421367528,u_b13adb0eaac753a2,3,0,official,principal
1159,1,1,0.8335407640750873,probability_native,0.8335407640750873,u_b13adb0eaac753a2,3,0,official,principal
6672,0,0,0.20103024719503257,probability_native,0.20103024719503257,u_b13adb0eaac753a2,3,0,official,principal
2584,0,0,0.24786606474556327,probability_native,0.24786606474556327,u_b13adb0eaac753a2,3,0,official,principal
3417,0,0,0.4467482321608041,probability_native,0.4467482321608041,u_b13adb0eaac753a2,3,0,official,principal
4950,1,1,0.8281091740299733,probability_native,0.8281091740299733,u_b13adb0eaac753a2,3,0,official,principal
3501,0,0,0.15447033088728335,probability_native,0.15447033088728335,u_b13adb0eaac753a2,3,0,official,principal
4507,0,1,0.5163547673210215,probability_native,0.5163547673210215,u_b13adb0eaac753a2,3,0,official,principal
1063,0,0,0.48209603575208815,probability_native,0.48209603575208815,u_b13adb0eaac753a2,3,0,official,principal
5603,1,1,0.5517121576779863,probability_native,0.5517121576779863,u_b13adb0eaac753a2,3,0,official,principal
4117,0,0,0.23549095823260366,probability_native,0.23549095823260366,u_b13adb0eaac753a2,3,0,official,principal
263,0,0,0.2829110455298465,probability_native,0.2829110455298465,u_b13adb0eaac753a2,3,0,official,principal
4897,0,0,0.4353817284854199,probability_native,0.4353817284854199,u_b13adb0eaac753a2,3,0,official,principal
6474,0,0,0.299293747868834,probability_native,0.299293747868834,u_b13adb0eaac753a2,3,0,official,principal
4081,1,1,0.7977388707030004,probability_native,0.7977388707030004,u_b13adb0eaac753a2,3,0,official,principal
6204,0,1,0.5430334098171484,probability_native,0.5430334098171484,u_b13adb0eaac753a2,3,0,official,principal
790,0,0,0.12314801034258896,probability_native,0.12314801034258896,u_b13adb0eaac753a2,3,0,official,principal
1287,0,1,0.6775696106397182,probability_native,0.6775696106397182,u_b13adb0eaac753a2,3,0,official,principal
1709,0,0,0.39891913736333423,probability_native,0.39891913736333423,u_b13adb0eaac753a2,3,0,official,principal
6420,0,1,0.5665541226772455,probability_native,0.5665541226772455,u_b13adb0eaac753a2,3,0,official,principal
2504,1,1,0.7896584883681246,probability_native,0.7896584883681246,u_b13adb0eaac753a2,3,0,official,principal
2989,0,0,0.45188676582668624,probability_native,0.45188676582668624,u_b13adb0eaac753a2,3,0,official,principal
4252,0,1,0.5460319197404793,probability_native,0.5460319197404793,u_b13adb0eaac753a2,3,0,official,principal
2287,1,0,0.31742013785828715,probability_native,0.31742013785828715,u_b13adb0eaac753a2,3,0,official,principal
1645,1,1,0.6785890947705453,probability_native,0.6785890947705453,u_b13adb0eaac753a2,3,0,official,principal
4880,0,0,0.1287610276444604,probability_native,0.1287610276444604,u_b13adb0eaac753a2,3,0,official,principal
5335,0,0,0.2791062301806993,probability_native,0.2791062301806993,u_b13adb0eaac753a2,3,0,official,principal
1822,1,1,0.588447248645397,probability_native,0.588447248645397,u_b13adb0eaac753a2,3,0,official,principal
3471,0,0,0.22163769972991343,probability_native,0.22163769972991343,u_b13adb0eaac753a2,3,0,official,principal
5665,0,0,0.4177151316127885,probability_native,0.4177151316127885,u_b13adb0eaac753a2,3,0,official,principal
4150,0,1,0.8523061545601326,probability_native,0.8523061545601326,u_b13adb0eaac753a2,3,0,official,principal
2371,0,1,0.5942026737003914,probability_native,0.5942026737003914,u_b13adb0eaac753a2,3,0,official,principal
1787,0,1,0.5668382197125815,probability_native,0.5668382197125815,u_b13adb0eaac753a2,3,0,official,principal
525,0,0,0.4216724024165726,probability_native,0.4216724024165726,u_b13adb0eaac753a2,3,0,official,principal
6281,0,0,0.3645481486889788,probability_native,0.3645481486889788,u_b13adb0eaac753a2,3,0,official,principal
15,0,0,0.16379504823460184,probability_native,0.16379504823460184,u_b13adb0eaac753a2,3,0,official,principal
5162,0,0,0.37902200332374175,probability_native,0.37902200332374175,u_b13adb0eaac753a2,3,0,official,principal
4207,0,0,0.4353270691091974,probability_native,0.4353270691091974,u_b13adb0eaac753a2,3,0,official,principal
5085,0,0,0.46177460785059277,probability_native,0.46177460785059277,u_b13adb0eaac753a2,3,0,official,principal
3866,0,0,0.22477449838231806,probability_native,0.22477449838231806,u_b13adb0eaac753a2,3,0,official,principal
722,1,1,0.8190778622579052,probability_native,0.8190778622579052,u_b13adb0eaac753a2,3,0,official,principal
1352,0,0,0.10854912062208362,probability_native,0.10854912062208362,u_b13adb0eaac753a2,3,0,official,principal
2348,0,0,0.17349402289135582,probability_native,0.17349402289135582,u_b13adb0eaac753a2,3,0,official,principal
3752,0,0,0.20991168745966735,probability_native,0.20991168745966735,u_b13adb0eaac753a2,3,0,official,principal
5448,0,0,0.443993566983737,probability_native,0.443993566983737,u_b13adb0eaac753a2,3,0,official,principal
3418,0,1,0.5077157839726558,probability_native,0.5077157839726558,u_b13adb0eaac753a2,3,0,official,principal
3325,1,1,0.8400601292933989,probability_native,0.8400601292933989,u_b13adb0eaac753a2,3,0,official,principal
5109,0,0,0.08762574664860089,probability_native,0.08762574664860089,u_b13adb0eaac753a2,3,0,official,principal
5130,1,1,0.591004857344439,probability_native,0.591004857344439,u_b13adb0eaac753a2,3,0,official,principal
2824,0,0,0.09669313041587489,probability_native,0.09669313041587489,u_b13adb0eaac753a2,3,0,official,principal
120,0,0,0.40672757648917646,probability_native,0.40672757648917646,u_b13adb0eaac753a2,3,0,official,principal
66,0,1,0.5050632709978066,probability_native,0.5050632709978066,u_b13adb0eaac753a2,3,0,official,principal
6978,0,0,0.13320403073909723,probability_native,0.13320403073909723,u_b13adb0eaac753a2,3,0,official,principal
466,0,0,0.36950586331906077,probability_native,0.36950586331906077,u_b13adb0eaac753a2,3,0,official,principal
2400,0,1,0.6078949504670199,probability_native,0.6078949504670199,u_b13adb0eaac753a2,3,0,official,principal
6704,0,0,0.4882414433285566,probability_native,0.4882414433285566,u_b13adb0eaac753a2,3,0,official,principal
4901,1,1,0.7990883855391693,probability_native,0.7990883855391693,u_b13adb0eaac753a2,3,0,official,principal
5733,0,0,0.07418382980826099,probability_native,0.07418382980826099,u_b13adb0eaac753a2,3,0,official,principal
1559,0,0,0.42958580265285523,probability_native,0.42958580265285523,u_b13adb0eaac753a2,3,0,official,principal
5805,0,1,0.5245889766899406,probability_native,0.5245889766899406,u_b13adb0eaac753a2,3,0,official,principal
4659,0,0,0.24760602373679055,probability_native,0.24760602373679055,u_b13adb0eaac753a2,3,0,official,principal
585,1,1,0.8673098798467345,probability_native,0.8673098798467345,u_b13adb0eaac753a2,3,0,official,principal
2024,0,1,0.7701285428645207,probability_native,0.7701285428645207,u_b13adb0eaac753a2,3,0,official,principal
3026,1,1,0.77305317453309,probability_native,0.77305317453309,u_b13adb0eaac753a2,3,0,official,principal
4707,0,0,0.42250781514738245,probability_native,0.42250781514738245,u_b13adb0eaac753a2,3,0,official,principal
6000,0,0,0.13638848257962138,probability_native,0.13638848257962138,u_b13adb0eaac753a2,3,0,official,principal
1723,0,0,0.2564817483451782,probability_native,0.2564817483451782,u_b13adb0eaac753a2,3,0,official,principal
5282,1,1,0.8594836868703785,probability_native,0.8594836868703785,u_b13adb0eaac753a2,3,0,official,principal
1064,0,0,0.3578408416689813,probability_native,0.3578408416689813,u_b13adb0eaac753a2,3,0,official,principal
162,0,1,0.7913597935078271,probability_native,0.7913597935078271,u_b13adb0eaac753a2,3,0,official,principal
5931,1,1,0.8349018772530303,probability_native,0.8349018772530303,u_b13adb0eaac753a2,3,0,official,principal
3051,0,0,0.11805812969721032,probability_native,0.11805812969721032,u_b13adb0eaac753a2,3,0,official,principal
2571,0,0,0.47332596697952123,probability_native,0.47332596697952123,u_b13adb0eaac753a2,3,0,official,principal
3983,1,1,0.6745380821485344,probability_native,0.6745380821485344,u_b13adb0eaac753a2,3,0,official,principal
327,1,1,0.82212080317695,probability_native,0.82212080317695,u_b13adb0eaac753a2,3,0,official,principal
3477,0,1,0.7363917432566557,probability_native,0.7363917432566557,u_b13adb0eaac753a2,3,0,official,principal
2049,0,0,0.3429184256373258,probability_native,0.3429184256373258,u_b13adb0eaac753a2,3,0,official,principal
6092,0,0,0.16817935394149003,probability_native,0.16817935394149003,u_b13adb0eaac753a2,3,0,official,principal
6061,0,0,0.45529901322108535,probability_native,0.45529901322108535,u_b13adb0eaac753a2,3,0,official,principal
4009,0,0,0.18987457265846824,probability_native,0.18987457265846824,u_b13adb0eaac753a2,3,0,official,principal
3284,0,1,0.6575135069444835,probability_native,0.6575135069444835,u_b13adb0eaac753a2,3,0,official,principal
5221,0,0,0.4949603023290917,probability_native,0.4949603023290917,u_b13adb0eaac753a2,3,0,official,principal
1997,0,0,0.2641436047052576,probability_native,0.2641436047052576,u_b13adb0eaac753a2,3,0,official,principal
4465,0,1,0.5638925972422976,probability_native,0.5638925972422976,u_b13adb0eaac753a2,3,0,official,principal
5184,0,0,0.20981184226452299,probability_native,0.20981184226452299,u_b13adb0eaac753a2,3,0,official,principal
5240,0,0,0.2955432018899308,probability_native,0.2955432018899308,u_b13adb0eaac753a2,3,0,official,principal
2536,1,0,0.3035964377458949,probability_native,0.3035964377458949,u_b13adb0eaac753a2,3,0,official,principal
5322,0,0,0.4811228017086466,probability_native,0.4811228017086466,u_b13adb0eaac753a2,3,0,official,principal
2035,0,0,0.4059922484471793,probability_native,0.4059922484471793,u_b13adb0eaac753a2,3,0,official,principal
2484,0,0,0.3339668326467073,probability_native,0.3339668326467073,u_b13adb0eaac753a2,3,0,official,principal
6548,0,0,0.31370277002611935,probability_native,0.31370277002611935,u_b13adb0eaac753a2,3,0,official,principal
3300,0,0,0.19380409289646935,probability_native,0.19380409289646935,u_b13adb0eaac753a2,3,0,official,principal
5580,0,0,0.1845706505658289,probability_native,0.1845706505658289,u_b13adb0eaac753a2,3,0,official,principal
569,0,0,0.43684075213346846,probability_native,0.43684075213346846,u_b13adb0eaac753a2,3,0,official,principal
1147,0,1,0.7436425771535261,probability_native,0.7436425771535261,u_b13adb0eaac753a2,3,0,official,principal
3779,1,0,0.1216892061420959,probability_native,0.1216892061420959,u_b13adb0eaac753a2,3,0,official,principal
4717,0,1,0.5863828721764174,probability_native,0.5863828721764174,u_b13adb0eaac753a2,3,0,official,principal
6430,0,0,0.30015764103530423,probability_native,0.30015764103530423,u_b13adb0eaac753a2,3,0,official,principal
2618,0,0,0.2987823960543392,probability_native,0.2987823960543392,u_b13adb0eaac753a2,3,0,official,principal
2001,0,0,0.4133823928904717,probability_native,0.4133823928904717,u_b13adb0eaac753a2,3,0,official,principal
4575,0,0,0.44823088155628804,probability_native,0.44823088155628804,u_b13adb0eaac753a2,3,0,official,principal
6930,1,1,0.721467476798708,probability_native,0.721467476798708,u_b13adb0eaac753a2,3,0,official,principal
6966,0,0,0.2512399728176448,probability_native,0.2512399728176448,u_b13adb0eaac753a2,3,0,official,principal
530,0,0,0.2107138734093539,probability_native,0.2107138734093539,u_b13adb0eaac753a2,3,0,official,principal
3775,1,1,0.7390998848850726,probability_native,0.7390998848850726,u_b13adb0eaac753a2,3,0,official,principal
4404,0,1,0.7411830749047039,probability_native,0.7411830749047039,u_b13adb0eaac753a2,3,0,official,principal
5436,0,1,0.5307403331284302,probability_native,0.5307403331284302,u_b13adb0eaac753a2,3,0,official,principal
3662,1,1,0.6072120868319163,probability_native,0.6072120868319163,u_b13adb0eaac753a2,3,0,official,principal
3626,0,0,0.4307809237326668,probability_native,0.4307809237326668,u_b13adb0eaac753a2,3,0,official,principal
2531,0,0,0.09744142287060148,probability_native,0.09744142287060148,u_b13adb0eaac753a2,3,0,official,principal
640,0,0,0.08877545979996304,probability_native,0.08877545979996304,u_b13adb0eaac753a2,3,0,official,principal
3880,0,0,0.4550204427245232,probability_native,0.4550204427245232,u_b13adb0eaac753a2,3,0,official,principal
5779,1,1,0.5048522540382435,probability_native,0.5048522540382435,u_b13adb0eaac753a2,3,0,official,principal
3530,0,1,0.5527155441225269,probability_native,0.5527155441225269,u_b13adb0eaac753a2,3,0,official,principal
7015,0,1,0.6154001477862537,probability_native,0.6154001477862537,u_b13adb0eaac753a2,3,0,official,principal
5930,0,0,0.1755958485421341,probability_native,0.1755958485421341,u_b13adb0eaac753a2,3,0,official,principal
5695,0,0,0.16596957501308188,probability_native,0.16596957501308188,u_b13adb0eaac753a2,3,0,official,principal
6927,0,0,0.42353953573969316,probability_native,0.42353953573969316,u_b13adb0eaac753a2,3,0,official,principal
914,0,0,0.09777980994627447,probability_native,0.09777980994627447,u_b13adb0eaac753a2,3,0,official,principal
1623,0,0,0.4139292950001046,probability_native,0.4139292950001046,u_b13adb0eaac753a2,3,0,official,principal
1353,0,0,0.1656919228586934,probability_native,0.1656919228586934,u_b13adb0eaac753a2,3,0,official,principal
3426,1,1,0.8028752282586826,probability_native,0.8028752282586826,u_b13adb0eaac753a2,3,0,official,principal
2768,0,0,0.327718205184376,probability_native,0.327718205184376,u_b13adb0eaac753a2,3,0,official,principal
1833,0,1,0.6065348355452342,probability_native,0.6065348355452342,u_b13adb0eaac753a2,3,0,official,principal
3115,1,1,0.7664990811698184,probability_native,0.7664990811698184,u_b13adb0eaac753a2,3,0,official,principal
4703,1,1,0.6858847829806536,probability_native,0.6858847829806536,u_b13adb0eaac753a2,3,0,official,principal
3391,0,0,0.4159105944623345,probability_native,0.4159105944623345,u_b13adb0eaac753a2,3,0,official,principal
1823,1,1,0.6275398828335079,probability_native,0.6275398828335079,u_b13adb0eaac753a2,3,0,official,principal
5699,0,1,0.7413231316148363,probability_native,0.7413231316148363,u_b13adb0eaac753a2,3,0,official,principal
4339,0,0,0.31591488719672917,probability_native,0.31591488719672917,u_b13adb0eaac753a2,3,0,official,principal
2325,0,1,0.5010324111192664,probability_native,0.5010324111192664,u_b13adb0eaac753a2,3,0,official,principal
6684,0,0,0.36751430902696075,probability_native,0.36751430902696075,u_b13adb0eaac753a2,3,0,official,principal
372,0,0,0.21219645277527258,probability_native,0.21219645277527258,u_b13adb0eaac753a2,3,0,official,principal
5849,0,0,0.12216660108362258,probability_native,0.12216660108362258,u_b13adb0eaac753a2,3,0,official,principal
5489,0,1,0.5418690565143551,probability_native,0.5418690565143551,u_b13adb0eaac753a2,3,0,official,principal
6019,0,1,0.5368861323867183,probability_native,0.5368861323867183,u_b13adb0eaac753a2,3,0,official,principal
3414,0,0,0.15076654360968106,probability_native,0.15076654360968106,u_b13adb0eaac753a2,3,0,official,principal
2938,0,0,0.3586199366627947,probability_native,0.3586199366627947,u_b13adb0eaac753a2,3,0,official,principal
4519,0,0,0.41394927972802836,probability_native,0.41394927972802836,u_b13adb0eaac753a2,3,0,official,principal
1165,0,0,0.2563204099246112,probability_native,0.2563204099246112,u_b13adb0eaac753a2,3,0,official,principal
1335,1,1,0.6247880730330625,probability_native,0.6247880730330625,u_b13adb0eaac753a2,3,0,official,principal
2676,0,0,0.24620872339049024,probability_native,0.24620872339049024,u_b13adb0eaac753a2,3,0,official,principal
1306,1,0,0.23511517625401854,probability_native,0.23511517625401854,u_b13adb0eaac753a2,3,0,official,principal
4618,0,1,0.8848421496334221,probability_native,0.8848421496334221,u_b13adb0eaac753a2,3,0,official,principal
3495,1,1,0.8457736445175752,probability_native,0.8457736445175752,u_b13adb0eaac753a2,3,0,official,principal
4285,0,0,0.16470507780879926,probability_native,0.16470507780879926,u_b13adb0eaac753a2,3,0,official,principal
1317,0,0,0.4511968778358134,probability_native,0.4511968778358134,u_b13adb0eaac753a2,3,0,official,principal
3435,0,1,0.7398133878840683,probability_native,0.7398133878840683,u_b13adb0eaac753a2,3,0,official,principal
3891,0,0,0.24744819858697054,probability_native,0.24744819858697054,u_b13adb0eaac753a2,3,0,official,principal
442,0,0,0.36880198645905365,probability_native,0.36880198645905365,u_b13adb0eaac753a2,3,0,official,principal
2112,0,0,0.3428015866357141,probability_native,0.3428015866357141,u_b13adb0eaac753a2,3,0,official,principal
4731,0,0,0.25695695830637016,probability_native,0.25695695830637016,u_b13adb0eaac753a2,3,0,official,principal
1789,0,0,0.3119878498837368,probability_native,0.3119878498837368,u_b13adb0eaac753a2,3,0,official,principal
1582,0,0,0.20369507209402177,probability_native,0.20369507209402177,u_b13adb0eaac753a2,3,0,official,principal
5555,0,0,0.076000981412549,probability_native,0.076000981412549,u_b13adb0eaac753a2,3,0,official,principal
4814,1,1,0.7197894374854683,probability_native,0.7197894374854683,u_b13adb0eaac753a2,3,0,official,principal
4729,0,0,0.16743739115647444,probability_native,0.16743739115647444,u_b13adb0eaac753a2,3,0,official,principal
5336,0,0,0.43453321460145766,probability_native,0.43453321460145766,u_b13adb0eaac753a2,3,0,official,principal
1222,0,0,0.10727209856018499,probability_native,0.10727209856018499,u_b13adb0eaac753a2,3,0,official,principal
854,0,0,0.08543306388935064,probability_native,0.08543306388935064,u_b13adb0eaac753a2,3,0,official,principal
2186,0,0,0.11649536738057567,probability_native,0.11649536738057567,u_b13adb0eaac753a2,3,0,official,principal
6935,0,0,0.25384221299168713,probability_native,0.25384221299168713,u_b13adb0eaac753a2,3,0,official,principal
2090,0,0,0.2320228771842222,probability_native,0.2320228771842222,u_b13adb0eaac753a2,3,0,official,principal
1048,0,0,0.28869086590821386,probability_native,0.28869086590821386,u_b13adb0eaac753a2,3,0,official,principal
3080,0,1,0.5322934938041454,probability_native,0.5322934938041454,u_b13adb0eaac753a2,3,0,official,principal
5574,0,0,0.29250215028493015,probability_native,0.29250215028493015,u_b13adb0eaac753a2,3,0,official,principal
5063,1,1,0.7405790623744639,probability_native,0.7405790623744639,u_b13adb0eaac753a2,3,0,official,principal
5563,0,0,0.41519767472101904,probability_native,0.41519767472101904,u_b13adb0eaac753a2,3,0,official,principal
2605,0,0,0.3070161542205356,probability_native,0.3070161542205356,u_b13adb0eaac753a2,3,0,official,principal
5829,0,0,0.37415715786405285,probability_native,0.37415715786405285,u_b13adb0eaac753a2,3,0,official,principal
5036,1,1,0.7355979505386745,probability_native,0.7355979505386745,u_b13adb0eaac753a2,3,0,official,principal
6507,1,0,0.3652250984081179,probability_native,0.3652250984081179,u_b13adb0eaac753a2,3,0,official,principal
2051,0,0,0.0734022828853688,probability_native,0.0734022828853688,u_b13adb0eaac753a2,3,0,official,principal
1649,0,0,0.4146822478623796,probability_native,0.4146822478623796,u_b13adb0eaac753a2,3,0,official,principal
5713,0,0,0.21834715998923104,probability_native,0.21834715998923104,u_b13adb0eaac753a2,3,0,official,principal
4125,0,0,0.4147705315880416,probability_native,0.4147705315880416,u_b13adb0eaac753a2,3,0,official,principal
4027,1,1,0.546618759860551,probability_native,0.546618759860551,u_b13adb0eaac753a2,3,0,official,principal
6559,0,1,0.516833600657913,probability_native,0.516833600657913,u_b13adb0eaac753a2,3,0,official,principal
6065,0,0,0.1216067092308491,probability_native,0.1216067092308491,u_b13adb0eaac753a2,3,0,official,principal
2416,0,1,0.6859932701187477,probability_native,0.6859932701187477,u_b13adb0eaac753a2,3,0,official,principal
2415,1,1,0.5959043756650123,probability_native,0.5959043756650123,u_b13adb0eaac753a2,3,0,official,principal
7006,1,1,0.6129947283982312,probability_native,0.6129947283982312,u_b13adb0eaac753a2,3,0,official,principal
6567,0,1,0.7982480180656284,probability_native,0.7982480180656284,u_b13adb0eaac753a2,3,0,official,principal
6569,0,0,0.25110115412673617,probability_native,0.25110115412673617,u_b13adb0eaac753a2,3,0,official,principal
4118,0,0,0.4345536158533365,probability_native,0.4345536158533365,u_b13adb0eaac753a2,3,0,official,principal
3580,1,1,0.5996990545943189,probability_native,0.5996990545943189,u_b13adb0eaac753a2,3,0,official,principal
2643,1,1,0.6940524643688747,probability_native,0.6940524643688747,u_b13adb0eaac753a2,3,0,official,principal
5936,0,0,0.16804831176457516,probability_native,0.16804831176457516,u_b13adb0eaac753a2,3,0,official,principal
3278,0,0,0.1868636733542825,probability_native,0.1868636733542825,u_b13adb0eaac753a2,3,0,official,principal
3108,0,0,0.38636977897449193,probability_native,0.38636977897449193,u_b13adb0eaac753a2,3,0,official,principal
2817,0,0,0.14306930331459405,probability_native,0.14306930331459405,u_b13adb0eaac753a2,3,0,official,principal
1457,0,1,0.6099061156782957,probability_native,0.6099061156782957,u_b13adb0eaac753a2,3,0,official,principal
7042,0,0,0.25560363467544106,probability_native,0.25560363467544106,u_b13adb0eaac753a2,3,0,official,principal
5937,1,1,0.8287785095658753,probability_native,0.8287785095658753,u_b13adb0eaac753a2,3,0,official,principal
776,0,1,0.5238227645337042,probability_native,0.5238227645337042,u_b13adb0eaac753a2,3,0,official,principal
6686,0,0,0.24295265755601866,probability_native,0.24295265755601866,u_b13adb0eaac753a2,3,0,official,principal
2240,0,0,0.1442513501898268,probability_native,0.1442513501898268,u_b13adb0eaac753a2,3,0,official,principal
2597,0,0,0.38863478449428346,probability_native,0.38863478449428346,u_b13adb0eaac753a2,3,0,official,principal
3739,0,0,0.3682600866678096,probability_native,0.3682600866678096,u_b13adb0eaac753a2,3,0,official,principal
6226,0,0,0.10756637999369831,probability_native,0.10756637999369831,u_b13adb0eaac753a2,3,0,official,principal
2352,0,0,0.4617267658638491,probability_native,0.4617267658638491,u_b13adb0eaac753a2,3,0,official,principal
1510,0,0,0.10671978576254997,probability_native,0.10671978576254997,u_b13adb0eaac753a2,3,0,official,principal
5413,0,1,0.7458387699678329,probability_native,0.7458387699678329,u_b13adb0eaac753a2,3,0,official,principal
429,0,0,0.12922777621892753,probability_native,0.12922777621892753,u_b13adb0eaac753a2,3,0,official,principal
3009,0,1,0.514676587050265,probability_native,0.514676587050265,u_b13adb0eaac753a2,3,0,official,principal
946,0,0,0.42221993786515616,probability_native,0.42221993786515616,u_b13adb0eaac753a2,3,0,official,principal
6693,0,1,0.6382333543564439,probability_native,0.6382333543564439,u_b13adb0eaac753a2,3,0,official,principal
6940,0,0,0.07995789060610135,probability_native,0.07995789060610135,u_b13adb0eaac753a2,3,0,official,principal
5350,0,0,0.18151510824753844,probability_native,0.18151510824753844,u_b13adb0eaac753a2,3,0,official,principal
4011,0,0,0.22280145096324688,probability_native,0.22280145096324688,u_b13adb0eaac753a2,3,0,official,principal
5666,0,0,0.3271251473581289,probability_native,0.3271251473581289,u_b13adb0eaac753a2,3,0,official,principal
182,1,1,0.7398758816025717,probability_native,0.7398758816025717,u_b13adb0eaac753a2,3,0,official,principal
4050,0,1,0.6124973637936365,probability_native,0.6124973637936365,u_b13adb0eaac753a2,3,0,official,principal
463,1,1,0.8519931586412016,probability_native,0.8519931586412016,u_b13adb0eaac753a2,3,0,official,principal
6215,1,1,0.8698913835202888,probability_native,0.8698913835202888,u_b13adb0eaac753a2,3,0,official,principal
3094,0,0,0.3627872494310962,probability_native,0.3627872494310962,u_b13adb0eaac753a2,3,0,official,principal
3958,1,1,0.6890006247719921,probability_native,0.6890006247719921,u_b13adb0eaac753a2,3,0,official,principal
2331,0,0,0.3197497800854085,probability_native,0.3197497800854085,u_b13adb0eaac753a2,3,0,official,principal
4601,0,1,0.5685032884502483,probability_native,0.5685032884502483,u_b13adb0eaac753a2,3,0,official,principal
6213,0,0,0.2063631462402745,probability_native,0.2063631462402745,u_b13adb0eaac753a2,3,0,official,principal
4374,0,0,0.091606425925754,probability_native,0.091606425925754,u_b13adb0eaac753a2,3,0,official,principal
215,0,0,0.30816238225652126,probability_native,0.30816238225652126,u_b13adb0eaac753a2,3,0,official,principal
6952,1,1,0.5916563512277704,probability_native,0.5916563512277704,u_b13adb0eaac753a2,3,0,official,principal
4075,0,0,0.31222783195379744,probability_native,0.31222783195379744,u_b13adb0eaac753a2,3,0,official,principal
4656,0,1,0.6103894512516924,probability_native,0.6103894512516924,u_b13adb0eaac753a2,3,0,official,principal
4347,0,0,0.3704258538525831,probability_native,0.3704258538525831,u_b13adb0eaac753a2,3,0,official,principal
2230,0,0,0.126857213335695,probability_native,0.126857213335695,u_b13adb0eaac753a2,3,0,official,principal
6515,1,0,0.40984761089405397,probability_native,0.40984761089405397,u_b13adb0eaac753a2,3,0,official,principal
1058,1,1,0.7924565757359233,probability_native,0.7924565757359233,u_b13adb0eaac753a2,3,0,official,principal
6997,0,1,0.6576919325110582,probability_native,0.6576919325110582,u_b13adb0eaac753a2,3,0,official,principal
248,1,1,0.5741144641293129,probability_native,0.5741144641293129,u_b13adb0eaac753a2,3,0,official,principal
2084,1,1,0.6874793454258383,probability_native,0.6874793454258383,u_b13adb0eaac753a2,3,0,official,principal
4587,0,1,0.521534392366997,probability_native,0.521534392366997,u_b13adb0eaac753a2,3,0,official,principal
6506,1,1,0.7995951392399204,probability_native,0.7995951392399204,u_b13adb0eaac753a2,3,0,official,principal
5456,1,1,0.6021513892825389,probability_native,0.6021513892825389,u_b13adb0eaac753a2,3,0,official,principal
6310,0,0,0.29351935614272456,probability_native,0.29351935614272456,u_b13adb0eaac753a2,3,0,official,principal
5286,1,1,0.7251380104691594,probability_native,0.7251380104691594,u_b13adb0eaac753a2,3,0,official,principal
3100,0,0,0.4410075901876645,probability_native,0.4410075901876645,u_b13adb0eaac753a2,3,0,official,principal
3040,1,0,0.24700732467741093,probability_native,0.24700732467741093,u_b13adb0eaac753a2,3,0,official,principal
2327,0,1,0.653477459546433,probability_native,0.653477459546433,u_b13adb0eaac753a2,3,0,official,principal
3146,1,1,0.7184548168475389,probability_native,0.7184548168475389,u_b13adb0eaac753a2,3,0,official,principal
7022,0,0,0.4484470772361956,probability_native,0.4484470772361956,u_b13adb0eaac753a2,3,0,official,principal
2445,0,0,0.43598258338762014,probability_native,0.43598258338762014,u_b13adb0eaac753a2,3,0,official,principal
3886,0,0,0.34907328236707935,probability_native,0.34907328236707935,u_b13adb0eaac753a2,3,0,official,principal
1744,0,0,0.4932196263827679,probability_native,0.4932196263827679,u_b13adb0eaac753a2,3,0,official,principal
6573,0,0,0.2399154080529162,probability_native,0.2399154080529162,u_b13adb0eaac753a2,3,0,official,principal
4298,0,1,0.5304915117713784,probability_native,0.5304915117713784,u_b13adb0eaac753a2,3,0,official,principal
1828,0,0,0.2738555802093703,probability_native,0.2738555802093703,u_b13adb0eaac753a2,3,0,official,principal
3666,1,0,0.4660854954556904,probability_native,0.4660854954556904,u_b13adb0eaac753a2,3,0,official,principal
6590,1,1,0.8005225776303356,probability_native,0.8005225776303356,u_b13adb0eaac753a2,3,0,official,principal
4195,0,0,0.4509904927197784,probability_native,0.4509904927197784,u_b13adb0eaac753a2,3,0,official,principal
5654,0,0,0.2322029380186006,probability_native,0.2322029380186006,u_b13adb0eaac753a2,3,0,official,principal
381,1,1,0.5816028450563399,probability_native,0.5816028450563399,u_b13adb0eaac753a2,3,0,official,principal
16,0,0,0.15877355115179811,probability_native,0.15877355115179811,u_b13adb0eaac753a2,3,0,official,principal
3013,0,1,0.5106173602882642,probability_native,0.5106173602882642,u_b13adb0eaac753a2,3,0,official,principal
1769,0,0,0.3747053456161204,probability_native,0.3747053456161204,u_b13adb0eaac753a2,3,0,official,principal
5910,0,1,0.6214131505693812,probability_native,0.6214131505693812,u_b13adb0eaac753a2,3,0,official,principal
3281,0,0,0.49749343559613696,probability_native,0.49749343559613696,u_b13adb0eaac753a2,3,0,official,principal
3445,0,1,0.5468207871014023,probability_native,0.5468207871014023,u_b13adb0eaac753a2,3,0,official,principal
3729,0,0,0.11834664311431889,probability_native,0.11834664311431889,u_b13adb0eaac753a2,3,0,official,principal
5321,0,0,0.24478404844911353,probability_native,0.24478404844911353,u_b13adb0eaac753a2,3,0,official,principal
5939,0,0,0.4007923917117663,probability_native,0.4007923917117663,u_b13adb0eaac753a2,3,0,official,principal
6316,0,0,0.09408988531895926,probability_native,0.09408988531895926,u_b13adb0eaac753a2,3,0,official,principal
3617,1,1,0.695552440469335,probability_native,0.695552440469335,u_b13adb0eaac753a2,3,0,official,principal
3993,0,0,0.1207394086057443,probability_native,0.1207394086057443,u_b13adb0eaac753a2,3,0,official,principal
5382,0,0,0.18106077672481016,probability_native,0.18106077672481016,u_b13adb0eaac753a2,3,0,official,principal
4261,0,0,0.21922982983667608,probability_native,0.21922982983667608,u_b13adb0eaac753a2,3,0,official,principal
5425,0,1,0.7234631428778565,probability_native,0.7234631428778565,u_b13adb0eaac753a2,3,0,official,principal
1711,0,0,0.0975677889356544,probability_native,0.0975677889356544,u_b13adb0eaac753a2,3,0,official,principal
6408,1,0,0.3025933491568267,probability_native,0.3025933491568267,u_b13adb0eaac753a2,3,0,official,principal
3054,0,0,0.33066531772331886,probability_native,0.33066531772331886,u_b13adb0eaac753a2,3,0,official,principal
3268,0,0,0.41611118392791,probability_native,0.41611118392791,u_b13adb0eaac753a2,3,0,official,principal
331,0,0,0.39244570904170073,probability_native,0.39244570904170073,u_b13adb0eaac753a2,3,0,official,principal
6337,0,0,0.327914735092136,probability_native,0.327914735092136,u_b13adb0eaac753a2,3,0,official,principal
1898,1,1,0.8076976225822557,probability_native,0.8076976225822557,u_b13adb0eaac753a2,3,0,official,principal
4793,0,0,0.4259954933161656,probability_native,0.4259954933161656,u_b13adb0eaac753a2,3,0,official,principal
4003,0,0,0.1669890929198617,probability_native,0.1669890929198617,u_b13adb0eaac753a2,3,0,official,principal
6833,0,1,0.731357579880833,probability_native,0.731357579880833,u_b13adb0eaac753a2,3,0,official,principal
3447,0,0,0.43299975244156325,probability_native,0.43299975244156325,u_b13adb0eaac753a2,3,0,official,principal
841,0,0,0.2373094211077597,probability_native,0.2373094211077597,u_b13adb0eaac753a2,3,0,official,principal
4346,0,0,0.27942526350883423,probability_native,0.27942526350883423,u_b13adb0eaac753a2,3,0,official,principal
28,0,0,0.14204695228986952,probability_native,0.14204695228986952,u_b13adb0eaac753a2,3,0,official,principal
2786,0,0,0.30336708004970453,probability_native,0.30336708004970453,u_b13adb0eaac753a2,3,0,official,principal
307,0,0,0.31003212208204683,probability_native,0.31003212208204683,u_b13adb0eaac753a2,3,0,official,principal
3042,1,0,0.3052345900500064,probability_native,0.3052345900500064,u_b13adb0eaac753a2,3,0,official,principal
4203,0,0,0.3144130399314523,probability_native,0.3144130399314523,u_b13adb0eaac753a2,3,0,official,principal
422,0,0,0.4759159570374205,probability_native,0.4759159570374205,u_b13adb0eaac753a2,3,0,official,principal
6283,1,1,0.7602893412351038,probability_native,0.7602893412351038,u_b13adb0eaac753a2,3,0,official,principal
2134,0,0,0.43090053758420366,probability_native,0.43090053758420366,u_b13adb0eaac753a2,3,0,official,principal
6518,1,1,0.6592157915870581,probability_native,0.6592157915870581,u_b13adb0eaac753a2,3,0,official,principal
4367,0,0,0.30158244796538497,probability_native,0.30158244796538497,u_b13adb0eaac753a2,3,0,official,principal
4053,0,1,0.5545103103994515,probability_native,0.5545103103994515,u_b13adb0eaac753a2,3,0,official,principal
6417,1,1,0.5069506612316431,probability_native,0.5069506612316431,u_b13adb0eaac753a2,3,0,official,principal
734,0,1,0.6212650450162095,probability_native,0.6212650450162095,u_b13adb0eaac753a2,3,0,official,principal
227,1,1,0.6049859216629383,probability_native,0.6049859216629383,u_b13adb0eaac753a2,3,0,official,principal
765,0,1,0.5785168876922914,probability_native,0.5785168876922914,u_b13adb0eaac753a2,3,0,official,principal
5735,0,0,0.11541676841411955,probability_native,0.11541676841411955,u_b13adb0eaac753a2,3,0,official,principal
2481,0,0,0.13573593310000343,probability_native,0.13573593310000343,u_b13adb0eaac753a2,3,0,official,principal
3996,0,0,0.22433321919629592,probability_native,0.22433321919629592,u_b13adb0eaac753a2,3,0,official,principal
6692,0,0,0.3743915825380412,probability_native,0.3743915825380412,u_b13adb0eaac753a2,3,0,official,principal
5808,0,0,0.32234877658746186,probability_native,0.32234877658746186,u_b13adb0eaac753a2,3,0,official,principal
3688,0,1,0.580061498800102,probability_native,0.580061498800102,u_b13adb0eaac753a2,3,0,official,principal
6002,1,1,0.8101970157002919,probability_native,0.8101970157002919,u_b13adb0eaac753a2,3,0,official,principal
2121,0,0,0.43914078277659035,probability_native,0.43914078277659035,u_b13adb0eaac753a2,3,0,official,principal
5129,0,1,0.7152097208450298,probability_native,0.7152097208450298,u_b13adb0eaac753a2,3,0,official,principal
4927,0,0,0.19002521591560242,probability_native,0.19002521591560242,u_b13adb0eaac753a2,3,0,official,principal
4715,0,0,0.16983882117925317,probability_native,0.16983882117925317,u_b13adb0eaac753a2,3,0,official,principal
5764,0,0,0.34283245927790684,probability_native,0.34283245927790684,u_b13adb0eaac753a2,3,0,official,principal
5348,0,0,0.36060351926555956,probability_native,0.36060351926555956,u_b13adb0eaac753a2,3,0,official,principal
2969,0,0,0.2533363728324848,probability_native,0.2533363728324848,u_b13adb0eaac753a2,3,0,official,principal
5079,0,1,0.7311980897521778,probability_native,0.7311980897521778,u_b13adb0eaac753a2,3,0,official,principal
2512,0,0,0.4074609643190183,probability_native,0.4074609643190183,u_b13adb0eaac753a2,3,0,official,principal
1220,0,1,0.5242702020032466,probability_native,0.5242702020032466,u_b13adb0eaac753a2,3,0,official,principal
3676,0,0,0.3867180906559644,probability_native,0.3867180906559644,u_b13adb0eaac753a2,3,0,official,principal
2801,0,0,0.3213790779628986,probability_native,0.3213790779628986,u_b13adb0eaac753a2,3,0,official,principal
6327,0,1,0.5576834305150965,probability_native,0.5576834305150965,u_b13adb0eaac753a2,3,0,official,principal
4376,0,1,0.5476484435758012,probability_native,0.5476484435758012,u_b13adb0eaac753a2,3,0,official,principal
194,0,0,0.08857406765644732,probability_native,0.08857406765644732,u_b13adb0eaac753a2,3,0,official,principal
2586,0,0,0.1826000256248481,probability_native,0.1826000256248481,u_b13adb0eaac753a2,3,0,official,principal
5868,0,1,0.6153753019676703,probability_native,0.6153753019676703,u_b13adb0eaac753a2,3,0,official,principal
6510,0,0,0.2574217095307836,probability_native,0.2574217095307836,u_b13adb0eaac753a2,3,0,official,principal
6817,0,0,0.08288779223642187,probability_native,0.08288779223642187,u_b13adb0eaac753a2,3,0,official,principal
606,0,0,0.2181906759122374,probability_native,0.2181906759122374,u_b13adb0eaac753a2,3,0,official,principal
3032,0,0,0.242572309672623,probability_native,0.242572309672623,u_b13adb0eaac753a2,3,0,official,principal
4457,0,0,0.48952373221788437,probability_native,0.48952373221788437,u_b13adb0eaac753a2,3,0,official,principal
4754,0,0,0.10029527224527099,probability_native,0.10029527224527099,u_b13adb0eaac753a2,3,0,official,principal
4278,0,1,0.5637363572185428,probability_native,0.5637363572185428,u_b13adb0eaac753a2,3,0,official,principal
1307,0,0,0.3260269830576118,probability_native,0.3260269830576118,u_b13adb0eaac753a2,3,0,official,principal
6857,0,1,0.5084525011455444,probability_native,0.5084525011455444,u_b13adb0eaac753a2,3,0,official,principal
1065,1,1,0.6522248929180892,probability_native,0.6522248929180892,u_b13adb0eaac753a2,3,0,official,principal
6482,1,1,0.8811931122396579,probability_native,0.8811931122396579,u_b13adb0eaac753a2,3,0,official,principal
3518,0,0,0.43572671659028067,probability_native,0.43572671659028067,u_b13adb0eaac753a2,3,0,official,principal
5195,0,0,0.13144861136530683,probability_native,0.13144861136530683,u_b13adb0eaac753a2,3,0,official,principal
3692,0,1,0.6703927460872051,probability_native,0.6703927460872051,u_b13adb0eaac753a2,3,0,official,principal
4395,1,0,0.46179793722233686,probability_native,0.46179793722233686,u_b13adb0eaac753a2,3,0,official,principal
6103,0,0,0.3366572402371327,probability_native,0.3366572402371327,u_b13adb0eaac753a2,3,0,official,principal
5138,0,0,0.38659570741658966,probability_native,0.38659570741658966,u_b13adb0eaac753a2,3,0,official,principal
3479,1,1,0.6080387329809018,probability_native,0.6080387329809018,u_b13adb0eaac753a2,3,0,official,principal
6886,1,1,0.8497131758125974,probability_native,0.8497131758125974,u_b13adb0eaac753a2,3,0,official,principal
3888,1,1,0.7302443655264185,probability_native,0.7302443655264185,u_b13adb0eaac753a2,3,0,official,principal
5911,0,0,0.45203883320108235,probability_native,0.45203883320108235,u_b13adb0eaac753a2,3,0,official,principal
1920,0,0,0.3686765092040011,probability_native,0.3686765092040011,u_b13adb0eaac753a2,3,0,official,principal
4155,0,0,0.24816417078459985,probability_native,0.24816417078459985,u_b13adb0eaac753a2,3,0,official,principal
3718,0,1,0.5170921768637147,probability_native,0.5170921768637147,u_b13adb0eaac753a2,3,0,official,principal
6689,0,0,0.29700242038105723,probability_native,0.29700242038105723,u_b13adb0eaac753a2,3,0,official,principal
5471,0,1,0.6689085908651106,probability_native,0.6689085908651106,u_b13adb0eaac753a2,3,0,official,principal
2358,0,0,0.18861150843702637,probability_native,0.18861150843702637,u_b13adb0eaac753a2,3,0,official,principal
6572,0,0,0.1581581361793769,probability_native,0.1581581361793769,u_b13adb0eaac753a2,3,0,official,principal
870,0,0,0.19149772415553717,probability_native,0.19149772415553717,u_b13adb0eaac753a2,3,0,official,principal
6975,0,0,0.3417256769112502,probability_native,0.3417256769112502,u_b13adb0eaac753a2,3,0,official,principal
6793,0,0,0.21411743997723104,probability_native,0.21411743997723104,u_b13adb0eaac753a2,3,0,official,principal
294,0,0,0.3654076428794111,probability_native,0.3654076428794111,u_b13adb0eaac753a2,3,0,official,principal
253,0,0,0.3727162504719786,probability_native,0.3727162504719786,u_b13adb0eaac753a2,3,0,official,principal
5226,0,0,0.47065171453824334,probability_native,0.47065171453824334,u_b13adb0eaac753a2,3,0,official,principal
6876,0,0,0.37890375380861346,probability_native,0.37890375380861346,u_b13adb0eaac753a2,3,0,official,principal
5582,0,0,0.13976381054118692,probability_native,0.13976381054118692,u_b13adb0eaac753a2,3,0,official,principal
6141,1,1,0.614937584690321,probability_native,0.614937584690321,u_b13adb0eaac753a2,3,0,official,principal
3634,0,0,0.23018249619526987,probability_native,0.23018249619526987,u_b13adb0eaac753a2,3,0,official,principal
6929,0,0,0.26008613483369336,probability_native,0.26008613483369336,u_b13adb0eaac753a2,3,0,official,principal
6792,1,0,0.2134958889521269,probability_native,0.2134958889521269,u_b13adb0eaac753a2,3,0,official,principal
1125,1,1,0.7431153822389179,probability_native,0.7431153822389179,u_b13adb0eaac753a2,3,0,official,principal
4309,0,1,0.6556017844127313,probability_native,0.6556017844127313,u_b13adb0eaac753a2,3,0,official,principal
4263,0,0,0.20315346054595812,probability_native,0.20315346054595812,u_b13adb0eaac753a2,3,0,official,principal
3205,0,0,0.20374462552891906,probability_native,0.20374462552891906,u_b13adb0eaac753a2,3,0,official,principal
2123,0,1,0.6706814008759876,probability_native,0.6706814008759876,u_b13adb0eaac753a2,3,0,official,principal
4064,0,1,0.6068106418834311,probability_native,0.6068106418834311,u_b13adb0eaac753a2,3,0,official,principal
5438,1,1,0.7683499491717455,probability_native,0.7683499491717455,u_b13adb0eaac753a2,3,0,official,principal
3052,0,0,0.36558422618236813,probability_native,0.36558422618236813,u_b13adb0eaac753a2,3,0,official,principal
1684,0,0,0.3525360320255866,probability_native,0.3525360320255866,u_b13adb0eaac753a2,3,0,official,principal
1620,0,0,0.44545566116824625,probability_native,0.44545566116824625,u_b13adb0eaac753a2,3,0,official,principal
6379,1,1,0.7300881450811912,probability_native,0.7300881450811912,u_b13adb0eaac753a2,3,0,official,principal
3659,0,0,0.27994457580112775,probability_native,0.27994457580112775,u_b13adb0eaac753a2,3,0,official,principal
3872,0,1,0.761178689584279,probability_native,0.761178689584279,u_b13adb0eaac753a2,3,0,official,principal
2613,1,1,0.7604228597093579,probability_native,0.7604228597093579,u_b13adb0eaac753a2,3,0,official,principal
885,0,0,0.48741841298362965,probability_native,0.48741841298362965,u_b13adb0eaac753a2,3,0,official,principal
6706,0,0,0.430050205608937,probability_native,0.430050205608937,u_b13adb0eaac753a2,3,0,official,principal
3839,0,0,0.3083425332774572,probability_native,0.3083425332774572,u_b13adb0eaac753a2,3,0,official,principal
2906,0,0,0.49597052911319717,probability_native,0.49597052911319717,u_b13adb0eaac753a2,3,0,official,principal
2635,0,0,0.1116523741556969,probability_native,0.1116523741556969,u_b13adb0eaac753a2,3,0,official,principal
2557,0,1,0.5699096893537214,probability_native,0.5699096893537214,u_b13adb0eaac753a2,3,0,official,principal
4130,0,1,0.5374922513635432,probability_native,0.5374922513635432,u_b13adb0eaac753a2,3,0,official,principal
1360,1,1,0.8558856505583997,probability_native,0.8558856505583997,u_b13adb0eaac753a2,3,0,official,principal
911,0,1,0.7013568820955838,probability_native,0.7013568820955838,u_b13adb0eaac753a2,3,0,official,principal
1309,1,1,0.7746080900417877,probability_native,0.7746080900417877,u_b13adb0eaac753a2,3,0,official,principal
3180,0,0,0.42081428264093335,probability_native,0.42081428264093335,u_b13adb0eaac753a2,3,0,official,principal
4447,0,0,0.39666252059699025,probability_native,0.39666252059699025,u_b13adb0eaac753a2,3,0,official,principal
6183,0,0,0.3877608748272513,probability_native,0.3877608748272513,u_b13adb0eaac753a2,3,0,official,principal
1701,1,0,0.3329356377505174,probability_native,0.3329356377505174,u_b13adb0eaac753a2,3,0,official,principal
2614,1,0,0.21795580341348128,probability_native,0.21795580341348128,u_b13adb0eaac753a2,3,0,official,principal
1531,0,0,0.3486784019943843,probability_native,0.3486784019943843,u_b13adb0eaac753a2,3,0,official,principal
5116,1,1,0.7707982851154848,probability_native,0.7707982851154848,u_b13adb0eaac753a2,3,0,official,principal
1561,1,1,0.8199778362102647,probability_native,0.8199778362102647,u_b13adb0eaac753a2,3,0,official,principal
2595,0,0,0.19018071876475007,probability_native,0.19018071876475007,u_b13adb0eaac753a2,3,0,official,principal
2683,1,1,0.6959353770904533,probability_native,0.6959353770904533,u_b13adb0eaac753a2,3,0,official,principal
5141,0,0,0.4578486150357231,probability_native,0.4578486150357231,u_b13adb0eaac753a2,3,0,official,principal
2016,1,1,0.7793297689842187,probability_native,0.7793297689842187,u_b13adb0eaac753a2,3,0,official,principal
5058,0,0,0.3905393574829617,probability_native,0.3905393574829617,u_b13adb0eaac753a2,3,0,official,principal
1767,0,0,0.20660406938014886,probability_native,0.20660406938014886,u_b13adb0eaac753a2,3,0,official,principal
103,0,0,0.23043227421587736,probability_native,0.23043227421587736,u_b13adb0eaac753a2,3,0,official,principal
616,0,1,0.5394822005543302,probability_native,0.5394822005543302,u_b13adb0eaac753a2,3,0,official,principal
1931,0,0,0.4460330446906213,probability_native,0.4460330446906213,u_b13adb0eaac753a2,3,0,official,principal
5869,0,0,0.4991914818453922,probability_native,0.4991914818453922,u_b13adb0eaac753a2,3,0,official,principal
4553,0,0,0.22953400724948386,probability_native,0.22953400724948386,u_b13adb0eaac753a2,3,0,official,principal
4517,1,1,0.8591328190843179,probability_native,0.8591328190843179,u_b13adb0eaac753a2,3,0,official,principal
5913,0,0,0.4539557197751734,probability_native,0.4539557197751734,u_b13adb0eaac753a2,3,0,official,principal
5383,1,1,0.6862591303613387,probability_native,0.6862591303613387,u_b13adb0eaac753a2,3,0,official,principal
789,0,0,0.1029755481383443,probability_native,0.1029755481383443,u_b13adb0eaac753a2,3,0,official,principal
6545,1,1,0.7034668790412073,probability_native,0.7034668790412073,u_b13adb0eaac753a2,3,0,official,principal
6666,0,1,0.6097774731626756,probability_native,0.6097774731626756,u_b13adb0eaac753a2,3,0,official,principal
1732,0,0,0.4625879059735217,probability_native,0.4625879059735217,u_b13adb0eaac753a2,3,0,official,principal
6496,1,1,0.6440580592158268,probability_native,0.6440580592158268,u_b13adb0eaac753a2,3,0,official,principal
1719,0,1,0.8432171235980555,probability_native,0.8432171235980555,u_b13adb0eaac753a2,3,0,official,principal
4806,0,0,0.1411325298915662,probability_native,0.1411325298915662,u_b13adb0eaac753a2,3,0,official,principal
3422,0,0,0.15200149889370276,probability_native,0.15200149889370276,u_b13adb0eaac753a2,3,0,official,principal
909,0,0,0.3434399019127069,probability_native,0.3434399019127069,u_b13adb0eaac753a2,3,0,official,principal
5056,0,0,0.1039266953425136,probability_native,0.1039266953425136,u_b13adb0eaac753a2,3,0,official,principal
3592,1,1,0.6974435177464678,probability_native,0.6974435177464678,u_b13adb0eaac753a2,3,0,official,principal
6555,0,0,0.3046678105743075,probability_native,0.3046678105743075,u_b13adb0eaac753a2,3,0,official,principal
2551,0,0,0.37934788138999603,probability_native,0.37934788138999603,u_b13adb0eaac753a2,3,0,official,principal
4922,0,0,0.2326096359128182,probability_native,0.2326096359128182,u_b13adb0eaac753a2,3,0,official,principal
5969,0,1,0.519044121985537,probability_native,0.519044121985537,u_b13adb0eaac753a2,3,0,official,principal
3561,1,1,0.6634160780307604,probability_native,0.6634160780307604,u_b13adb0eaac753a2,3,0,official,principal
3613,0,0,0.3894674172298543,probability_native,0.3894674172298543,u_b13adb0eaac753a2,3,0,official,principal
2474,0,1,0.6595709854127763,probability_native,0.6595709854127763,u_b13adb0eaac753a2,3,0,official,principal
5206,0,0,0.20723997636689206,probability_native,0.20723997636689206,u_b13adb0eaac753a2,3,0,official,principal
6594,0,0,0.4983310209855975,probability_native,0.4983310209855975,u_b13adb0eaac753a2,3,0,official,principal
2000,0,1,0.6820954760633249,probability_native,0.6820954760633249,u_b13adb0eaac753a2,3,0,official,principal
2113,0,0,0.4490124516726424,probability_native,0.4490124516726424,u_b13adb0eaac753a2,3,0,official,principal
6195,1,1,0.7580059769277643,probability_native,0.7580059769277643,u_b13adb0eaac753a2,3,0,official,principal
1396,1,0,0.39883459116329584,probability_native,0.39883459116329584,u_b13adb0eaac753a2,3,0,official,principal
751,0,0,0.14537367668345644,probability_native,0.14537367668345644,u_b13adb0eaac753a2,3,0,official,principal
4479,0,0,0.15851444629761413,probability_native,0.15851444629761413,u_b13adb0eaac753a2,3,0,official,principal
3577,1,0,0.376072210656775,probability_native,0.376072210656775,u_b13adb0eaac753a2,3,0,official,principal
430,1,0,0.1553102061695854,probability_native,0.1553102061695854,u_b13adb0eaac753a2,3,0,official,principal
2360,0,0,0.0834724743243098,probability_native,0.0834724743243098,u_b13adb0eaac753a2,3,0,official,principal
5273,0,0,0.07778340969988917,probability_native,0.07778340969988917,u_b13adb0eaac753a2,3,0,official,principal
6520,1,1,0.8380248132585022,probability_native,0.8380248132585022,u_b13adb0eaac753a2,3,0,official,principal
3556,0,0,0.31894138119136806,probability_native,0.31894138119136806,u_b13adb0eaac753a2,3,0,official,principal
916,0,1,0.6168117803162898,probability_native,0.6168117803162898,u_b13adb0eaac753a2,3,0,official,principal
1052,0,0,0.41551101909712135,probability_native,0.41551101909712135,u_b13adb0eaac753a2,3,0,official,principal
3137,0,0,0.4928536816065172,probability_native,0.4928536816065172,u_b13adb0eaac753a2,3,0,official,principal
6691,0,0,0.22553197737836797,probability_native,0.22553197737836797,u_b13adb0eaac753a2,3,0,official,principal
4135,0,0,0.2833412785536484,probability_native,0.2833412785536484,u_b13adb0eaac753a2,3,0,official,principal
35,0,0,0.14321296087616364,probability_native,0.14321296087616364,u_b13adb0eaac753a2,3,0,official,principal
636,0,0,0.48041921126512394,probability_native,0.48041921126512394,u_b13adb0eaac753a2,3,0,official,principal
3595,1,1,0.7626942322619683,probability_native,0.7626942322619683,u_b13adb0eaac753a2,3,0,official,principal
48,0,0,0.23002483694764986,probability_native,0.23002483694764986,u_b13adb0eaac753a2,3,0,official,principal
3475,0,0,0.3300811226542513,probability_native,0.3300811226542513,u_b13adb0eaac753a2,3,0,official,principal
6636,0,1,0.5298909595663055,probability_native,0.5298909595663055,u_b13adb0eaac753a2,3,0,official,principal
5304,0,1,0.6683058686601275,probability_native,0.6683058686601275,u_b13adb0eaac753a2,3,0,official,principal
4827,1,1,0.743121349935109,probability_native,0.743121349935109,u_b13adb0eaac753a2,3,0,official,principal
5816,0,1,0.6332392468842523,probability_native,0.6332392468842523,u_b13adb0eaac753a2,3,0,official,principal
4918,0,0,0.10562720331478759,probability_native,0.10562720331478759,u_b13adb0eaac753a2,3,0,official,principal
2403,0,0,0.18210300825735637,probability_native,0.18210300825735637,u_b13adb0eaac753a2,3,0,official,principal
4074,1,1,0.6218817950752744,probability_native,0.6218817950752744,u_b13adb0eaac753a2,3,0,official,principal
1636,0,0,0.1927539383748647,probability_native,0.1927539383748647,u_b13adb0eaac753a2,3,0,official,principal
3250,0,0,0.36567959524464355,probability_native,0.36567959524464355,u_b13adb0eaac753a2,3,0,official,principal
4445,0,0,0.21956250349895323,probability_native,0.21956250349895323,u_b13adb0eaac753a2,3,0,official,principal
1522,1,0,0.4660374546909875,probability_native,0.4660374546909875,u_b13adb0eaac753a2,3,0,official,principal
6266,1,1,0.6115202014415883,probability_native,0.6115202014415883,u_b13adb0eaac753a2,3,0,official,principal
901,1,1,0.7558497133822161,probability_native,0.7558497133822161,u_b13adb0eaac753a2,3,0,official,principal
1872,0,0,0.13997997086116165,probability_native,0.13997997086116165,u_b13adb0eaac753a2,3,0,official,principal
6751,0,0,0.12879771203440016,probability_native,0.12879771203440016,u_b13adb0eaac753a2,3,0,official,principal
1450,0,0,0.39696607684710056,probability_native,0.39696607684710056,u_b13adb0eaac753a2,3,0,official,principal
3643,0,0,0.1383503043657799,probability_native,0.1383503043657799,u_b13adb0eaac753a2,3,0,official,principal
6646,0,0,0.14001179373234252,probability_native,0.14001179373234252,u_b13adb0eaac753a2,3,0,official,principal
1095,0,1,0.8340805134829791,probability_native,0.8340805134829791,u_b13adb0eaac753a2,3,0,official,principal
4566,0,0,0.3866442829575723,probability_native,0.3866442829575723,u_b13adb0eaac753a2,3,0,official,principal
6106,1,1,0.5869488969186891,probability_native,0.5869488969186891,u_b13adb0eaac753a2,3,0,official,principal
1936,0,0,0.20674676605488285,probability_native,0.20674676605488285,u_b13adb0eaac753a2,3,0,official,principal
446,1,1,0.6962212435949237,probability_native,0.6962212435949237,u_b13adb0eaac753a2,3,0,official,principal
808,1,1,0.6928380991455821,probability_native,0.6928380991455821,u_b13adb0eaac753a2,3,0,official,principal
575,0,0,0.17451542612267074,probability_native,0.17451542612267074,u_b13adb0eaac753a2,3,0,official,principal
2347,0,0,0.33444355085190214,probability_native,0.33444355085190214,u_b13adb0eaac753a2,3,0,official,principal
1817,0,0,0.29186176848086226,probability_native,0.29186176848086226,u_b13adb0eaac753a2,3,0,official,principal
5481,1,1,0.8426720473147028,probability_native,0.8426720473147028,u_b13adb0eaac753a2,3,0,official,principal
5726,0,0,0.14996723153165697,probability_native,0.14996723153165697,u_b13adb0eaac753a2,3,0,official,principal
2739,0,0,0.34251483526054105,probability_native,0.34251483526054105,u_b13adb0eaac753a2,3,0,official,principal
7005,0,0,0.25373229295436395,probability_native,0.25373229295436395,u_b13adb0eaac753a2,3,0,official,principal
3338,1,1,0.7640945975715251,probability_native,0.7640945975715251,u_b13adb0eaac753a2,3,0,official,principal
2495,0,0,0.22184936177154377,probability_native,0.22184936177154377,u_b13adb0eaac753a2,3,0,official,principal
3082,0,0,0.18478310022049205,probability_native,0.18478310022049205,u_b13adb0eaac753a2,3,0,official,principal
3655,0,0,0.26535172929138,probability_native,0.26535172929138,u_b13adb0eaac753a2,3,0,official,principal
6200,0,0,0.0864866597454068,probability_native,0.0864866597454068,u_b13adb0eaac753a2,3,0,official,principal
4122,0,0,0.15062285124280292,probability_native,0.15062285124280292,u_b13adb0eaac753a2,3,0,official,principal
3980,1,1,0.7753915313760105,probability_native,0.7753915313760105,u_b13adb0eaac753a2,3,0,official,principal
4503,1,1,0.7413216256702525,probability_native,0.7413216256702525,u_b13adb0eaac753a2,3,0,official,principal
1934,1,1,0.7585200658809214,probability_native,0.7585200658809214,u_b13adb0eaac753a2,3,0,official,principal
4956,1,1,0.8034805404990256,probability_native,0.8034805404990256,u_b13adb0eaac753a2,3,0,official,principal
3125,0,0,0.41810184205376805,probability_native,0.41810184205376805,u_b13adb0eaac753a2,3,0,official,principal
4941,1,0,0.47408820241846256,probability_native,0.47408820241846256,u_b13adb0eaac753a2,3,0,official,principal
1814,0,0,0.24074509390697468,probability_native,0.24074509390697468,u_b13adb0eaac753a2,3,0,official,principal
5384,0,1,0.6291803570010308,probability_native,0.6291803570010308,u_b13adb0eaac753a2,3,0,official,principal
4107,0,0,0.20274928955242888,probability_native,0.20274928955242888,u_b13adb0eaac753a2,3,0,official,principal
1407,0,0,0.3718953143817961,probability_native,0.3718953143817961,u_b13adb0eaac753a2,3,0,official,principal
938,0,0,0.33038497020224417,probability_native,0.33038497020224417,u_b13adb0eaac753a2,3,0,official,principal
2032,1,1,0.7607136597992282,probability_native,0.7607136597992282,u_b13adb0eaac753a2,3,0,official,principal
4174,1,0,0.2764123243957507,probability_native,0.2764123243957507,u_b13adb0eaac753a2,3,0,official,principal
2732,0,0,0.37343147676308375,probability_native,0.37343147676308375,u_b13adb0eaac753a2,3,0,official,principal
3481,0,1,0.6658115115211996,probability_native,0.6658115115211996,u_b13adb0eaac753a2,3,0,official,principal
6911,0,0,0.12006673020715422,probability_native,0.12006673020715422,u_b13adb0eaac753a2,3,0,official,principal
2496,0,0,0.238893254955846,probability_native,0.238893254955846,u_b13adb0eaac753a2,3,0,official,principal
5941,0,0,0.35586233043934423,probability_native,0.35586233043934423,u_b13adb0eaac753a2,3,0,official,principal
2842,0,0,0.4961573483883658,probability_native,0.4961573483883658,u_b13adb0eaac753a2,3,0,official,principal
124,0,0,0.36245506819475776,probability_native,0.36245506819475776,u_b13adb0eaac753a2,3,0,official,principal
1866,0,0,0.28750512600774647,probability_native,0.28750512600774647,u_b13adb0eaac753a2,3,0,official,principal
1208,1,1,0.8293884420952055,probability_native,0.8293884420952055,u_b13adb0eaac753a2,3,0,official,principal
6795,0,0,0.4099823616085001,probability_native,0.4099823616085001,u_b13adb0eaac753a2,3,0,official,principal
3610,1,1,0.7931851423066834,probability_native,0.7931851423066834,u_b13adb0eaac753a2,3,0,official,principal
339,1,1,0.5408134452477259,probability_native,0.5408134452477259,u_b13adb0eaac753a2,3,0,official,principal
6863,0,0,0.23843047127998082,probability_native,0.23843047127998082,u_b13adb0eaac753a2,3,0,official,principal
1449,0,0,0.455567179458038,probability_native,0.455567179458038,u_b13adb0eaac753a2,3,0,official,principal
3963,0,0,0.084994435409387,probability_native,0.084994435409387,u_b13adb0eaac753a2,3,0,official,principal
214,0,1,0.7458816517193513,probability_native,0.7458816517193513,u_b13adb0eaac753a2,3,0,official,principal
1090,0,0,0.41429467054892705,probability_native,0.41429467054892705,u_b13adb0eaac753a2,3,0,official,principal
2494,1,1,0.5026810779352584,probability_native,0.5026810779352584,u_b13adb0eaac753a2,3,0,official,principal
5018,0,0,0.06491841640577609,probability_native,0.06491841640577609,u_b13adb0eaac753a2,3,0,official,principal
5875,0,0,0.1440990199450641,probability_native,0.1440990199450641,u_b13adb0eaac753a2,3,0,official,principal
2185,1,0,0.4488694750892369,probability_native,0.4488694750892369,u_b13adb0eaac753a2,3,0,official,principal
4520,1,0,0.4048588575115575,probability_native,0.4048588575115575,u_b13adb0eaac753a2,3,0,official,principal
6368,1,1,0.8864367569744693,probability_native,0.8864367569744693,u_b13adb0eaac753a2,3,0,official,principal
2895,0,0,0.24532029860017607,probability_native,0.24532029860017607,u_b13adb0eaac753a2,3,0,official,principal
729,0,0,0.1817475261121238,probability_native,0.1817475261121238,u_b13adb0eaac753a2,3,0,official,principal
6791,1,1,0.6295415838674945,probability_native,0.6295415838674945,u_b13adb0eaac753a2,3,0,official,principal
1771,1,1,0.8450687435912703,probability_native,0.8450687435912703,u_b13adb0eaac753a2,3,0,official,principal
4797,0,0,0.18545601431712058,probability_native,0.18545601431712058,u_b13adb0eaac753a2,3,0,official,principal
6877,1,1,0.7087296622546578,probability_native,0.7087296622546578,u_b13adb0eaac753a2,3,0,official,principal
1717,0,0,0.07546995935991009,probability_native,0.07546995935991009,u_b13adb0eaac753a2,3,0,official,principal
2008,1,1,0.6953602053214941,probability_native,0.6953602053214941,u_b13adb0eaac753a2,3,0,official,principal
6096,0,1,0.8264436647621988,probability_native,0.8264436647621988,u_b13adb0eaac753a2,3,0,official,principal
1103,0,0,0.4735436842074269,probability_native,0.4735436842074269,u_b13adb0eaac753a2,3,0,official,principal
6830,0,0,0.21283755392835835,probability_native,0.21283755392835835,u_b13adb0eaac753a2,3,0,official,principal
1713,0,0,0.2599448083666969,probability_native,0.2599448083666969,u_b13adb0eaac753a2,3,0,official,principal
3854,0,0,0.44878876950153246,probability_native,0.44878876950153246,u_b13adb0eaac753a2,3,0,official,principal
2228,0,0,0.30336339260754414,probability_native,0.30336339260754414,u_b13adb0eaac753a2,3,0,official,principal
137,0,0,0.08236896020234119,probability_native,0.08236896020234119,u_b13adb0eaac753a2,3,0,official,principal
2548,0,1,0.7310222820240313,probability_native,0.7310222820240313,u_b13adb0eaac753a2,3,0,official,principal
5872,1,1,0.7759110193957341,probability_native,0.7759110193957341,u_b13adb0eaac753a2,3,0,official,principal
370,0,0,0.20169346827087356,probability_native,0.20169346827087356,u_b13adb0eaac753a2,3,0,official,principal
3347,0,0,0.19616251904647913,probability_native,0.19616251904647913,u_b13adb0eaac753a2,3,0,official,principal
2985,0,0,0.4477685082540919,probability_native,0.4477685082540919,u_b13adb0eaac753a2,3,0,official,principal
5312,1,1,0.5398684768042384,probability_native,0.5398684768042384,u_b13adb0eaac753a2,3,0,official,principal
5579,1,0,0.13241811918504298,probability_native,0.13241811918504298,u_b13adb0eaac753a2,3,0,official,principal
2617,1,0,0.47852670066118475,probability_native,0.47852670066118475,u_b13adb0eaac753a2,3,0,official,principal
4905,0,0,0.11188493273007401,probability_native,0.11188493273007401,u_b13adb0eaac753a2,3,0,official,principal
4431,0,1,0.7141858728550131,probability_native,0.7141858728550131,u_b13adb0eaac753a2,3,0,official,principal
3301,1,1,0.8252464501723662,probability_native,0.8252464501723662,u_b13adb0eaac753a2,3,0,official,principal
1246,0,1,0.5709565979102046,probability_native,0.5709565979102046,u_b13adb0eaac753a2,3,0,official,principal
5862,0,1,0.6146069097101499,probability_native,0.6146069097101499,u_b13adb0eaac753a2,3,0,official,principal
2353,0,1,0.8330004773603673,probability_native,0.8330004773603673,u_b13adb0eaac753a2,3,0,official,principal
5698,1,1,0.7342718593726538,probability_native,0.7342718593726538,u_b13adb0eaac753a2,3,0,official,principal
5474,0,1,0.8431738488775538,probability_native,0.8431738488775538,u_b13adb0eaac753a2,3,0,official,principal
773,1,1,0.7180887778530213,probability_native,0.7180887778530213,u_b13adb0eaac753a2,3,0,official,principal
2535,0,0,0.19046408934911702,probability_native,0.19046408934911702,u_b13adb0eaac753a2,3,0,official,principal
5890,0,0,0.15889276521923018,probability_native,0.15889276521923018,u_b13adb0eaac753a2,3,0,official,principal
4999,0,0,0.21608660017093442,probability_native,0.21608660017093442,u_b13adb0eaac753a2,3,0,official,principal
6710,0,0,0.19364568063603765,probability_native,0.19364568063603765,u_b13adb0eaac753a2,3,0,official,principal
4811,1,1,0.6079014724559485,probability_native,0.6079014724559485,u_b13adb0eaac753a2,3,0,official,principal
3063,0,1,0.7231551141648558,probability_native,0.7231551141648558,u_b13adb0eaac753a2,3,0,official,principal
4561,0,1,0.5947492776258704,probability_native,0.5947492776258704,u_b13adb0eaac753a2,3,0,official,principal
1650,1,1,0.7644132534353066,probability_native,0.7644132534353066,u_b13adb0eaac753a2,3,0,official,principal
323,0,0,0.3726753970563919,probability_native,0.3726753970563919,u_b13adb0eaac753a2,3,0,official,principal
2339,1,1,0.8208739178349188,probability_native,0.8208739178349188,u_b13adb0eaac753a2,3,0,official,principal
6664,0,1,0.6252274926337212,probability_native,0.6252274926337212,u_b13adb0eaac753a2,3,0,official,principal
1197,0,0,0.3794840006515105,probability_native,0.3794840006515105,u_b13adb0eaac753a2,3,0,official,principal
6288,0,1,0.8089393144898733,probability_native,0.8089393144898733,u_b13adb0eaac753a2,3,0,official,principal
3786,0,1,0.5829027845091967,probability_native,0.5829027845091967,u_b13adb0eaac753a2,3,0,official,principal
2013,0,0,0.20213304663842746,probability_native,0.20213304663842746,u_b13adb0eaac753a2,3,0,official,principal
1922,0,1,0.5340396180386184,probability_native,0.5340396180386184,u_b13adb0eaac753a2,3,0,official,principal
134,1,1,0.6448846377007499,probability_native,0.6448846377007499,u_b13adb0eaac753a2,3,0,official,principal
3772,1,1,0.8281834599077635,probability_native,0.8281834599077635,u_b13adb0eaac753a2,3,0,official,principal
6789,1,0,0.48060425517123834,probability_native,0.48060425517123834,u_b13adb0eaac753a2,3,0,official,principal
224,0,0,0.38113337209217407,probability_native,0.38113337209217407,u_b13adb0eaac753a2,3,0,official,principal
2766,0,0,0.38513142606307543,probability_native,0.38513142606307543,u_b13adb0eaac753a2,3,0,official,principal
2442,1,1,0.8439878461123431,probability_native,0.8439878461123431,u_b13adb0eaac753a2,3,0,official,principal
594,0,1,0.5797301271037832,probability_native,0.5797301271037832,u_b13adb0eaac753a2,3,0,official,principal
5532,0,0,0.18443644216847963,probability_native,0.18443644216847963,u_b13adb0eaac753a2,3,0,official,principal
6162,0,0,0.24956883759805146,probability_native,0.24956883759805146,u_b13adb0eaac753a2,3,0,official,principal
5409,1,1,0.7629651854639291,probability_native,0.7629651854639291,u_b13adb0eaac753a2,3,0,official,principal
1452,0,0,0.3637875825877887,probability_native,0.3637875825877887,u_b13adb0eaac753a2,3,0,official,principal
2588,0,1,0.5697873134744014,probability_native,0.5697873134744014,u_b13adb0eaac753a2,3,0,official,principal
1029,1,1,0.6900209052391535,probability_native,0.6900209052391535,u_b13adb0eaac753a2,3,0,official,principal
2685,0,0,0.19273345120289362,probability_native,0.19273345120289362,u_b13adb0eaac753a2,3,0,official,principal
4375,0,0,0.32367711807813127,probability_native,0.32367711807813127,u_b13adb0eaac753a2,3,0,official,principal
2615,0,0,0.16433767627862397,probability_native,0.16433767627862397,u_b13adb0eaac753a2,3,0,official,principal
283,0,0,0.17985242305569285,probability_native,0.17985242305569285,u_b13adb0eaac753a2,3,0,official,principal
6683,0,0,0.3526143145225094,probability_native,0.3526143145225094,u_b13adb0eaac753a2,3,0,official,principal
794,0,1,0.606383322979516,probability_native,0.606383322979516,u_b13adb0eaac753a2,3,0,official,principal
3288,0,0,0.23200486691123984,probability_native,0.23200486691123984,u_b13adb0eaac753a2,3,0,official,principal
1436,1,1,0.853450945943747,probability_native,0.853450945943747,u_b13adb0eaac753a2,3,0,official,principal
5065,0,0,0.3425874960415706,probability_native,0.3425874960415706,u_b13adb0eaac753a2,3,0,official,principal
1674,0,0,0.20890003848816202,probability_native,0.20890003848816202,u_b13adb0eaac753a2,3,0,official,principal
5050,1,0,0.276961033865888,probability_native,0.276961033865888,u_b13adb0eaac753a2,3,0,official,principal
7020,0,0,0.45863385069481577,probability_native,0.45863385069481577,u_b13adb0eaac753a2,3,0,official,principal
2596,0,0,0.4288232436985859,probability_native,0.4288232436985859,u_b13adb0eaac753a2,3,0,official,principal
1244,1,0,0.36325433151328335,probability_native,0.36325433151328335,u_b13adb0eaac753a2,3,0,official,principal
772,1,0,0.430050205608937,probability_native,0.430050205608937,u_b13adb0eaac753a2,3,0,official,principal
2340,0,0,0.20230792504430864,probability_native,0.20230792504430864,u_b13adb0eaac753a2,3,0,official,principal
1626,0,0,0.40542168449824045,probability_native,0.40542168449824045,u_b13adb0eaac753a2,3,0,official,principal
3629,0,0,0.2745007878572151,probability_native,0.2745007878572151,u_b13adb0eaac753a2,3,0,official,principal
6824,1,0,0.3824986721801383,probability_native,0.3824986721801383,u_b13adb0eaac753a2,3,0,official,principal
7007,0,0,0.16294111312179133,probability_native,0.16294111312179133,u_b13adb0eaac753a2,3,0,official,principal
6479,1,1,0.6505602106758968,probability_native,0.6505602106758968,u_b13adb0eaac753a2,3,0,official,principal
1740,0,0,0.24821663248232403,probability_native,0.24821663248232403,u_b13adb0eaac753a2,3,0,official,principal
3363,0,0,0.22621196815309427,probability_native,0.22621196815309427,u_b13adb0eaac753a2,3,0,official,principal
6994,0,0,0.21307825745201972,probability_native,0.21307825745201972,u_b13adb0eaac753a2,3,0,official,principal
770,0,0,0.41670184220384887,probability_native,0.41670184220384887,u_b13adb0eaac753a2,3,0,official,principal
1991,0,0,0.32357570263051405,probability_native,0.32357570263051405,u_b13adb0eaac753a2,3,0,official,principal
4598,0,0,0.44942727675636857,probability_native,0.44942727675636857,u_b13adb0eaac753a2,3,0,official,principal
6999,1,1,0.5418824980214073,probability_native,0.5418824980214073,u_b13adb0eaac753a2,3,0,official,principal
4864,0,0,0.33519258909644106,probability_native,0.33519258909644106,u_b13adb0eaac753a2,3,0,official,principal
3127,1,1,0.5106515098973647,probability_native,0.5106515098973647,u_b13adb0eaac753a2,3,0,official,principal
6468,0,1,0.5212556298400721,probability_native,0.5212556298400721,u_b13adb0eaac753a2,3,0,official,principal
3559,0,0,0.19851547112948048,probability_native,0.19851547112948048,u_b13adb0eaac753a2,3,0,official,principal
6063,0,0,0.08633933238294118,probability_native,0.08633933238294118,u_b13adb0eaac753a2,3,0,official,principal
5791,0,1,0.5369534993742152,probability_native,0.5369534993742152,u_b13adb0eaac753a2,3,0,official,principal
6752,0,0,0.3343704640763857,probability_native,0.3343704640763857,u_b13adb0eaac753a2,3,0,official,principal
4103,0,0,0.22971783405407745,probability_native,0.22971783405407745,u_b13adb0eaac753a2,3,0,official,principal
6639,0,0,0.41278954907504445,probability_native,0.41278954907504445,u_b13adb0eaac753a2,3,0,official,principal
3650,0,0,0.13139139615613837,probability_native,0.13139139615613837,u_b13adb0eaac753a2,3,0,official,principal
955,1,1,0.5464304379909948,probability_native,0.5464304379909948,u_b13adb0eaac753a2,3,0,official,principal
4088,1,1,0.7581703600716883,probability_native,0.7581703600716883,u_b13adb0eaac753a2,3,0,official,principal
1133,0,0,0.4054903360431691,probability_native,0.4054903360431691,u_b13adb0eaac753a2,3,0,official,principal
3084,0,0,0.3923210127245585,probability_native,0.3923210127245585,u_b13adb0eaac753a2,3,0,official,principal
1310,1,1,0.7206265481785442,probability_native,0.7206265481785442,u_b13adb0eaac753a2,3,0,official,principal
2908,1,1,0.7655635170868542,probability_native,0.7655635170868542,u_b13adb0eaac753a2,3,0,official,principal
5593,0,0,0.3389795723572251,probability_native,0.3389795723572251,u_b13adb0eaac753a2,3,0,official,principal
4622,0,0,0.46684469629141706,probability_native,0.46684469629141706,u_b13adb0eaac753a2,3,0,official,principal
653,0,0,0.36903669891298946,probability_native,0.36903669891298946,u_b13adb0eaac753a2,3,0,official,principal
2077,1,1,0.7679261864675365,probability_native,0.7679261864675365,u_b13adb0eaac753a2,3,0,official,principal
4560,0,1,0.7571890516978541,probability_native,0.7571890516978541,u_b13adb0eaac753a2,3,0,official,principal
3895,0,0,0.11431504607087245,probability_native,0.11431504607087245,u_b13adb0eaac753a2,3,0,official,principal
6776,0,0,0.18825380282853166,probability_native,0.18825380282853166,u_b13adb0eaac753a2,3,0,official,principal
5458,1,1,0.5444055195581315,probability_native,0.5444055195581315,u_b13adb0eaac753a2,3,0,official,principal
5337,0,0,0.4166777410612701,probability_native,0.4166777410612701,u_b13adb0eaac753a2,3,0,official,principal
6199,1,1,0.624183265975566,probability_native,0.624183265975566,u_b13adb0eaac753a2,3,0,official,principal
601,0,0,0.39261076604002165,probability_native,0.39261076604002165,u_b13adb0eaac753a2,3,0,official,principal
4265,1,0,0.41910410044068386,probability_native,0.41910410044068386,u_b13adb0eaac753a2,3,0,official,principal
5974,0,0,0.37632100521454315,probability_native,0.37632100521454315,u_b13adb0eaac753a2,3,0,official,principal
3523,0,0,0.16732151746355262,probability_native,0.16732151746355262,u_b13adb0eaac753a2,3,0,official,principal
1525,0,0,0.3563664611515482,probability_native,0.3563664611515482,u_b13adb0eaac753a2,3,0,official,principal
5672,0,0,0.320614988737543,probability_native,0.320614988737543,u_b13adb0eaac753a2,3,0,official,principal
52,0,0,0.4625505095376912,probability_native,0.4625505095376912,u_b13adb0eaac753a2,3,0,official,principal
4626,0,0,0.4842537627833402,probability_native,0.4842537627833402,u_b13adb0eaac753a2,3,0,official,principal
5217,0,0,0.45603356956932245,probability_native,0.45603356956932245,u_b13adb0eaac753a2,3,0,official,principal
5888,1,1,0.5986925927075866,probability_native,0.5986925927075866,u_b13adb0eaac753a2,3,0,official,principal
786,0,0,0.10261123647812205,probability_native,0.10261123647812205,u_b13adb0eaac753a2,3,0,official,principal
3059,0,0,0.10635119074486926,probability_native,0.10635119074486926,u_b13adb0eaac753a2,3,0,official,principal
4456,0,0,0.10425079443968226,probability_native,0.10425079443968226,u_b13adb0eaac753a2,3,0,official,principal
3486,0,0,0.3980554939923343,probability_native,0.3980554939923343,u_b13adb0eaac753a2,3,0,official,principal
2310,0,0,0.14672306410221492,probability_native,0.14672306410221492,u_b13adb0eaac753a2,3,0,official,principal
3335,0,0,0.48674490200990567,probability_native,0.48674490200990567,u_b13adb0eaac753a2,3,0,official,principal
333,1,1,0.7869910372169496,probability_native,0.7869910372169496,u_b13adb0eaac753a2,3,0,official,principal
5301,1,1,0.6970563142074386,probability_native,0.6970563142074386,u_b13adb0eaac753a2,3,0,official,principal
3489,0,0,0.42556934831393667,probability_native,0.42556934831393667,u_b13adb0eaac753a2,3,0,official,principal
3640,1,1,0.7572973457629971,probability_native,0.7572973457629971,u_b13adb0eaac753a2,3,0,official,principal
2659,0,0,0.16205854111968937,probability_native,0.16205854111968937,u_b13adb0eaac753a2,3,0,official,principal
3543,0,0,0.1711042956996618,probability_native,0.1711042956996618,u_b13adb0eaac753a2,3,0,official,principal
6289,1,0,0.2096773340819049,probability_native,0.2096773340819049,u_b13adb0eaac753a2,3,0,official,principal
989,0,0,0.18639831693349948,probability_native,0.18639831693349948,u_b13adb0eaac753a2,3,0,official,principal
2202,1,1,0.7322888638008893,probability_native,0.7322888638008893,u_b13adb0eaac753a2,3,0,official,principal
2829,1,1,0.8023832334456357,probability_native,0.8023832334456357,u_b13adb0eaac753a2,3,0,official,principal
5621,1,1,0.7265654288647186,probability_native,0.7265654288647186,u_b13adb0eaac753a2,3,0,official,principal
20,1,1,0.7651501648894207,probability_native,0.7651501648894207,u_b13adb0eaac753a2,3,0,official,principal
2932,0,0,0.49610102591223104,probability_native,0.49610102591223104,u_b13adb0eaac753a2,3,0,official,principal
70,0,1,0.5322778877816924,probability_native,0.5322778877816924,u_b13adb0eaac753a2,3,0,official,principal
1304,1,1,0.7728235389883137,probability_native,0.7728235389883137,u_b13adb0eaac753a2,3,0,official,principal
4881,0,0,0.4941579700282937,probability_native,0.4941579700282937,u_b13adb0eaac753a2,3,0,official,principal
371,1,1,0.8498015101494764,probability_native,0.8498015101494764,u_b13adb0eaac753a2,3,0,official,principal
5328,0,0,0.18485124296339836,probability_native,0.18485124296339836,u_b13adb0eaac753a2,3,0,official,principal
1805,0,0,0.09276841354148853,probability_native,0.09276841354148853,u_b13adb0eaac753a2,3,0,official,principal
1099,0,1,0.535695497282134,probability_native,0.535695497282134,u_b13adb0eaac753a2,3,0,official,principal
268,1,0,0.11079912784770862,probability_native,0.11079912784770862,u_b13adb0eaac753a2,3,0,official,principal
2162,0,1,0.591905201061072,probability_native,0.591905201061072,u_b13adb0eaac753a2,3,0,official,principal
3453,0,0,0.4391649838742061,probability_native,0.4391649838742061,u_b13adb0eaac753a2,3,0,official,principal
3892,0,0,0.32693514239177757,probability_native,0.32693514239177757,u_b13adb0eaac753a2,3,0,official,principal
199,0,0,0.4082007037920243,probability_native,0.4082007037920243,u_b13adb0eaac753a2,3,0,official,principal
6232,1,1,0.8657765913114509,probability_native,0.8657765913114509,u_b13adb0eaac753a2,3,0,official,principal
1985,1,0,0.42208683449881573,probability_native,0.42208683449881573,u_b13adb0eaac753a2,3,0,official,principal
5535,0,0,0.2040027283240064,probability_native,0.2040027283240064,u_b13adb0eaac753a2,3,0,official,principal
2362,0,0,0.3480772734815693,probability_native,0.3480772734815693,u_b13adb0eaac753a2,3,0,official,principal
3200,1,1,0.5980698540866493,probability_native,0.5980698540866493,u_b13adb0eaac753a2,3,0,official,principal
3400,0,1,0.6830712606722757,probability_native,0.6830712606722757,u_b13adb0eaac753a2,3,0,official,principal
6153,0,0,0.11715357206987512,probability_native,0.11715357206987512,u_b13adb0eaac753a2,3,0,official,principal
2779,1,1,0.8171865140266917,probability_native,0.8171865140266917,u_b13adb0eaac753a2,3,0,official,principal
3513,0,0,0.35734411389534604,probability_native,0.35734411389534604,u_b13adb0eaac753a2,3,0,official,principal
489,1,1,0.7985011013939963,probability_native,0.7985011013939963,u_b13adb0eaac753a2,3,0,official,principal
255,0,0,0.20829257731903317,probability_native,0.20829257731903317,u_b13adb0eaac753a2,3,0,official,principal
3871,1,1,0.8389473287827562,probability_native,0.8389473287827562,u_b13adb0eaac753a2,3,0,official,principal
5803,1,1,0.8000029798333328,probability_native,0.8000029798333328,u_b13adb0eaac753a2,3,0,official,principal
2875,1,1,0.7516780535810657,probability_native,0.7516780535810657,u_b13adb0eaac753a2,3,0,official,principal
4563,1,1,0.7285778308836297,probability_native,0.7285778308836297,u_b13adb0eaac753a2,3,0,official,principal
3740,0,1,0.7608551707230349,probability_native,0.7608551707230349,u_b13adb0eaac753a2,3,0,official,principal
3103,1,1,0.6069129904581576,probability_native,0.6069129904581576,u_b13adb0eaac753a2,3,0,official,principal
1617,0,0,0.49104549017025256,probability_native,0.49104549017025256,u_b13adb0eaac753a2,3,0,official,principal
5008,0,0,0.28483810757691524,probability_native,0.28483810757691524,u_b13adb0eaac753a2,3,0,official,principal
5333,1,1,0.7484977421527587,probability_native,0.7484977421527587,u_b13adb0eaac753a2,3,0,official,principal
5689,0,1,0.7885913161657826,probability_native,0.7885913161657826,u_b13adb0eaac753a2,3,0,official,principal
3802,0,0,0.4376037201752019,probability_native,0.4376037201752019,u_b13adb0eaac753a2,3,0,official,principal
1209,0,0,0.41424370165336766,probability_native,0.41424370165336766,u_b13adb0eaac753a2,3,0,official,principal
2851,0,0,0.1588600206043174,probability_native,0.1588600206043174,u_b13adb0eaac753a2,3,0,official,principal
356,0,1,0.6307848986508453,probability_native,0.6307848986508453,u_b13adb0eaac753a2,3,0,official,principal
3881,0,0,0.09849825494701245,probability_native,0.09849825494701245,u_b13adb0eaac753a2,3,0,official,principal
676,0,0,0.19392859487749906,probability_native,0.19392859487749906,u_b13adb0eaac753a2,3,0,official,principal
2165,0,0,0.32233066122213894,probability_native,0.32233066122213894,u_b13adb0eaac753a2,3,0,official,principal
4270,0,0,0.1991937790933241,probability_native,0.1991937790933241,u_b13adb0eaac753a2,3,0,official,principal
2004,1,1,0.6876457396448074,probability_native,0.6876457396448074,u_b13adb0eaac753a2,3,0,official,principal
917,0,0,0.15009359505957606,probability_native,0.15009359505957606,u_b13adb0eaac753a2,3,0,official,principal
412,0,1,0.6628773854000733,probability_native,0.6628773854000733,u_b13adb0eaac753a2,3,0,official,principal
3282,0,0,0.39236931693661276,probability_native,0.39236931693661276,u_b13adb0eaac753a2,3,0,official,principal
5418,0,1,0.6977175520622091,probability_native,0.6977175520622091,u_b13adb0eaac753a2,3,0,official,principal
3496,0,1,0.5252104254571733,probability_native,0.5252104254571733,u_b13adb0eaac753a2,3,0,official,principal
1913,0,0,0.4452569661400665,probability_native,0.4452569661400665,u_b13adb0eaac753a2,3,0,official,principal
2827,0,1,0.6276812772702032,probability_native,0.6276812772702032,u_b13adb0eaac753a2,3,0,official,principal
6631,0,0,0.43638409884830975,probability_native,0.43638409884830975,u_b13adb0eaac753a2,3,0,official,principal
2845,0,1,0.7634982172554173,probability_native,0.7634982172554173,u_b13adb0eaac753a2,3,0,official,principal
5908,1,0,0.438286713023292,probability_native,0.438286713023292,u_b13adb0eaac753a2,3,0,official,principal
1592,1,0,0.46661836266682816,probability_native,0.46661836266682816,u_b13adb0eaac753a2,3,0,official,principal
4551,0,0,0.3663954482943955,probability_native,0.3663954482943955,u_b13adb0eaac753a2,3,0,official,principal
4501,0,0,0.1557418027978055,probability_native,0.1557418027978055,u_b13adb0eaac753a2,3,0,official,principal
363,0,0,0.16587374801504626,probability_native,0.16587374801504626,u_b13adb0eaac753a2,3,0,official,principal
4542,0,1,0.5679188556388339,probability_native,0.5679188556388339,u_b13adb0eaac753a2,3,0,official,principal
34,0,1,0.6352176918946003,probability_native,0.6352176918946003,u_b13adb0eaac753a2,3,0,official,principal
4372,0,0,0.45447070452938554,probability_native,0.45447070452938554,u_b13adb0eaac753a2,3,0,official,principal
423,0,0,0.17650450228438394,probability_native,0.17650450228438394,u_b13adb0eaac753a2,3,0,official,principal
1026,1,1,0.8794626683891456,probability_native,0.8794626683891456,u_b13adb0eaac753a2,3,0,official,principal
913,0,0,0.3217081690545434,probability_native,0.3217081690545434,u_b13adb0eaac753a2,3,0,official,principal
3332,1,1,0.5820944152925156,probability_native,0.5820944152925156,u_b13adb0eaac753a2,3,0,official,principal
627,0,0,0.3638471774855224,probability_native,0.3638471774855224,u_b13adb0eaac753a2,3,0,official,principal
1658,1,0,0.40631706738756945,probability_native,0.40631706738756945,u_b13adb0eaac753a2,3,0,official,principal
5793,0,1,0.5592648076952063,probability_native,0.5592648076952063,u_b13adb0eaac753a2,3,0,official,principal
4233,0,0,0.26675198172520254,probability_native,0.26675198172520254,u_b13adb0eaac753a2,3,0,official,principal
1806,0,0,0.15716099089388114,probability_native,0.15716099089388114,u_b13adb0eaac753a2,3,0,official,principal
3134,0,0,0.22313117505216898,probability_native,0.22313117505216898,u_b13adb0eaac753a2,3,0,official,principal
5770,0,0,0.24174614246881315,probability_native,0.24174614246881315,u_b13adb0eaac753a2,3,0,official,principal
4416,0,1,0.6483065248252786,probability_native,0.6483065248252786,u_b13adb0eaac753a2,3,0,official,principal
4894,0,0,0.3289964609326935,probability_native,0.3289964609326935,u_b13adb0eaac753a2,3,0,official,principal
4029,0,0,0.12882800878591022,probability_native,0.12882800878591022,u_b13adb0eaac753a2,3,0,official,principal
2239,0,0,0.07565056696255047,probability_native,0.07565056696255047,u_b13adb0eaac753a2,3,0,official,principal
3903,0,0,0.38075909447194417,probability_native,0.38075909447194417,u_b13adb0eaac753a2,3,0,official,principal
724,1,1,0.7615555859182332,probability_native,0.7615555859182332,u_b13adb0eaac753a2,3,0,official,principal
3231,0,1,0.50325478288335,probability_native,0.50325478288335,u_b13adb0eaac753a2,3,0,official,principal
2337,1,1,0.5216374635384514,probability_native,0.5216374635384514,u_b13adb0eaac753a2,3,0,official,principal
876,1,1,0.7082722141842511,probability_native,0.7082722141842511,u_b13adb0eaac753a2,3,0,official,principal
5755,0,1,0.7853840683780635,probability_native,0.7853840683780635,u_b13adb0eaac753a2,3,0,official,principal
6477,0,0,0.29840891324990193,probability_native,0.29840891324990193,u_b13adb0eaac753a2,3,0,official,principal
426,0,1,0.547206171592597,probability_native,0.547206171592597,u_b13adb0eaac753a2,3,0,official,principal
3237,0,0,0.09352382331181991,probability_native,0.09352382331181991,u_b13adb0eaac753a2,3,0,official,principal
4398,0,0,0.11294007400957166,probability_native,0.11294007400957166,u_b13adb0eaac753a2,3,0,official,principal
3473,1,1,0.5809487433815169,probability_native,0.5809487433815169,u_b13adb0eaac753a2,3,0,official,principal
6187,0,0,0.2580564275929236,probability_native,0.2580564275929236,u_b13adb0eaac753a2,3,0,official,principal
2950,0,1,0.5453082546124729,probability_native,0.5453082546124729,u_b13adb0eaac753a2,3,0,official,principal
5398,0,0,0.43079486667214467,probability_native,0.43079486667214467,u_b13adb0eaac753a2,3,0,official,principal
3546,0,0,0.1736267090592112,probability_native,0.1736267090592112,u_b13adb0eaac753a2,3,0,official,principal
237,0,1,0.7263404729891201,probability_native,0.7263404729891201,u_b13adb0eaac753a2,3,0,official,principal
3979,0,0,0.09999459443769977,probability_native,0.09999459443769977,u_b13adb0eaac753a2,3,0,official,principal
4084,1,1,0.7942791933111127,probability_native,0.7942791933111127,u_b13adb0eaac753a2,3,0,official,principal
4868,1,1,0.7087784667276085,probability_native,0.7087784667276085,u_b13adb0eaac753a2,3,0,official,principal
3076,1,1,0.5948699944323099,probability_native,0.5948699944323099,u_b13adb0eaac753a2,3,0,official,principal
5540,1,0,0.3860194702739237,probability_native,0.3860194702739237,u_b13adb0eaac753a2,3,0,official,principal
6881,0,0,0.39271321428485084,probability_native,0.39271321428485084,u_b13adb0eaac753a2,3,0,official,principal
2164,0,0,0.15694769430473193,probability_native,0.15694769430473193,u_b13adb0eaac753a2,3,0,official,principal
3107,0,0,0.2200914017711722,probability_native,0.2200914017711722,u_b13adb0eaac753a2,3,0,official,principal
6765,0,0,0.10162643477161126,probability_native,0.10162643477161126,u_b13adb0eaac753a2,3,0,official,principal
1558,1,1,0.7226975357197041,probability_native,0.7226975357197041,u_b13adb0eaac753a2,3,0,official,principal
3519,0,1,0.6798302201898395,probability_native,0.6798302201898395,u_b13adb0eaac753a2,3,0,official,principal
2359,0,0,0.45176852121108574,probability_native,0.45176852121108574,u_b13adb0eaac753a2,3,0,official,principal
1379,0,0,0.11195929572057224,probability_native,0.11195929572057224,u_b13adb0eaac753a2,3,0,official,principal
1030,0,0,0.40446588701410535,probability_native,0.40446588701410535,u_b13adb0eaac753a2,3,0,official,principal
388,0,1,0.5679096077519581,probability_native,0.5679096077519581,u_b13adb0eaac753a2,3,0,official,principal
1480,0,0,0.26002058016140167,probability_native,0.26002058016140167,u_b13adb0eaac753a2,3,0,official,principal
2554,0,1,0.5245663711380734,probability_native,0.5245663711380734,u_b13adb0eaac753a2,3,0,official,principal
4440,0,0,0.3874348834379168,probability_native,0.3874348834379168,u_b13adb0eaac753a2,3,0,official,principal
496,0,0,0.3152035511032227,probability_native,0.3152035511032227,u_b13adb0eaac753a2,3,0,official,principal
4704,0,1,0.6442632136152855,probability_native,0.6442632136152855,u_b13adb0eaac753a2,3,0,official,principal
4483,0,0,0.09246378448070906,probability_native,0.09246378448070906,u_b13adb0eaac753a2,3,0,official,principal
5377,0,1,0.6967862990591023,probability_native,0.6967862990591023,u_b13adb0eaac753a2,3,0,official,principal
5175,0,0,0.27371376477454273,probability_native,0.27371376477454273,u_b13adb0eaac753a2,3,0,official,principal
6820,0,0,0.41784211498220314,probability_native,0.41784211498220314,u_b13adb0eaac753a2,3,0,official,principal
3442,0,1,0.619745717813509,probability_native,0.619745717813509,u_b13adb0eaac753a2,3,0,official,principal
3119,1,1,0.6345565739329471,probability_native,0.6345565739329471,u_b13adb0eaac753a2,3,0,official,principal
4442,1,1,0.8245219866937048,probability_native,0.8245219866937048,u_b13adb0eaac753a2,3,0,official,principal
3805,1,1,0.8334269569091323,probability_native,0.8334269569091323,u_b13adb0eaac753a2,3,0,official,principal
2318,0,0,0.17589008979385706,probability_native,0.17589008979385706,u_b13adb0eaac753a2,3,0,official,principal
1453,0,1,0.731946241945542,probability_native,0.731946241945542,u_b13adb0eaac753a2,3,0,official,principal
3875,1,1,0.6211844866740494,probability_native,0.6211844866740494,u_b13adb0eaac753a2,3,0,official,principal
831,0,0,0.1505853490774093,probability_native,0.1505853490774093,u_b13adb0eaac753a2,3,0,official,principal
100,0,0,0.438286713023292,probability_native,0.438286713023292,u_b13adb0eaac753a2,3,0,official,principal
3863,0,1,0.8092643852755912,probability_native,0.8092643852755912,u_b13adb0eaac753a2,3,0,official,principal
3342,0,0,0.32029397791596986,probability_native,0.32029397791596986,u_b13adb0eaac753a2,3,0,official,principal
312,0,0,0.336418478306584,probability_native,0.336418478306584,u_b13adb0eaac753a2,3,0,official,principal
1852,1,1,0.5665023446670081,probability_native,0.5665023446670081,u_b13adb0eaac753a2,3,0,official,principal
6209,0,0,0.3897279264878532,probability_native,0.3897279264878532,u_b13adb0eaac753a2,3,0,official,principal
4202,0,0,0.3401064650419911,probability_native,0.3401064650419911,u_b13adb0eaac753a2,3,0,official,principal
981,0,0,0.13965037973898864,probability_native,0.13965037973898864,u_b13adb0eaac753a2,3,0,official,principal
5215,1,0,0.3893450784978491,probability_native,0.3893450784978491,u_b13adb0eaac753a2,3,0,official,principal
6955,0,1,0.6325294010576443,probability_native,0.6325294010576443,u_b13adb0eaac753a2,3,0,official,principal
4215,0,0,0.32308545015015755,probability_native,0.32308545015015755,u_b13adb0eaac753a2,3,0,official,principal
4573,0,0,0.09749884690006916,probability_native,0.09749884690006916,u_b13adb0eaac753a2,3,0,official,principal
1259,1,0,0.48795842803545564,probability_native,0.48795842803545564,u_b13adb0eaac753a2,3,0,official,principal
4458,1,1,0.6344577149194367,probability_native,0.6344577149194367,u_b13adb0eaac753a2,3,0,official,principal
4419,0,0,0.33004993282011486,probability_native,0.33004993282011486,u_b13adb0eaac753a2,3,0,official,principal
6588,0,0,0.20800395538235705,probability_native,0.20800395538235705,u_b13adb0eaac753a2,3,0,official,principal
2125,0,0,0.22646485827501034,probability_native,0.22646485827501034,u_b13adb0eaac753a2,3,0,official,principal
1781,0,1,0.562391031127087,probability_native,0.562391031127087,u_b13adb0eaac753a2,3,0,official,principal
1279,0,0,0.3096740650592176,probability_native,0.3096740650592176,u_b13adb0eaac753a2,3,0,official,principal
497,0,0,0.0857831402565669,probability_native,0.0857831402565669,u_b13adb0eaac753a2,3,0,official,principal
5020,0,0,0.18540227851580454,probability_native,0.18540227851580454,u_b13adb0eaac753a2,3,0,official,principal
834,1,1,0.8353507235290448,probability_native,0.8353507235290448,u_b13adb0eaac753a2,3,0,official,principal
2670,0,0,0.31586319349667996,probability_native,0.31586319349667996,u_b13adb0eaac753a2,3,0,official,principal
995,1,0,0.44737026097775556,probability_native,0.44737026097775556,u_b13adb0eaac753a2,3,0,official,principal
4329,1,1,0.6675478616286815,probability_native,0.6675478616286815,u_b13adb0eaac753a2,3,0,official,principal
1232,1,1,0.5727312177597,probability_native,0.5727312177597,u_b13adb0eaac753a2,3,0,official,principal
864,1,1,0.7214001453475902,probability_native,0.7214001453475902,u_b13adb0eaac753a2,3,0,official,principal
3841,1,1,0.7381627918329521,probability_native,0.7381627918329521,u_b13adb0eaac753a2,3,0,official,principal
2409,0,0,0.3922603861891111,probability_native,0.3922603861891111,u_b13adb0eaac753a2,3,0,official,principal
4930,0,1,0.6023340346768554,probability_native,0.6023340346768554,u_b13adb0eaac753a2,3,0,official,principal
6301,0,0,0.3185217608219983,probability_native,0.3185217608219983,u_b13adb0eaac753a2,3,0,official,principal
3160,0,0,0.08159144302629208,probability_native,0.08159144302629208,u_b13adb0eaac753a2,3,0,official,principal
5232,0,0,0.38628380864883244,probability_native,0.38628380864883244,u_b13adb0eaac753a2,3,0,official,principal
3964,0,0,0.17337937717685628,probability_native,0.17337937717685628,u_b13adb0eaac753a2,3,0,official,principal
704,0,1,0.562974131724439,probability_native,0.562974131724439,u_b13adb0eaac753a2,3,0,official,principal
1018,0,1,0.6724305529419765,probability_native,0.6724305529419765,u_b13adb0eaac753a2,3,0,official,principal
1840,1,0,0.20415040620874636,probability_native,0.20415040620874636,u_b13adb0eaac753a2,3,0,official,principal
5852,1,1,0.7299575251339292,probability_native,0.7299575251339292,u_b13adb0eaac753a2,3,0,official,principal
816,1,1,0.7879749323051568,probability_native,0.7879749323051568,u_b13adb0eaac753a2,3,0,official,principal
1747,1,1,0.7681451806766144,probability_native,0.7681451806766144,u_b13adb0eaac753a2,3,0,official,principal
6753,0,0,0.20426849619985396,probability_native,0.20426849619985396,u_b13adb0eaac753a2,3,0,official,principal
6386,0,0,0.12726295987798125,probability_native,0.12726295987798125,u_b13adb0eaac753a2,3,0,official,principal
587,0,0,0.32236061013776013,probability_native,0.32236061013776013,u_b13adb0eaac753a2,3,0,official,principal
6976,0,0,0.16366540143695923,probability_native,0.16366540143695923,u_b13adb0eaac753a2,3,0,official,principal
6404,0,0,0.426241712155021,probability_native,0.426241712155021,u_b13adb0eaac753a2,3,0,official,principal
3244,0,1,0.5360047429355062,probability_native,0.5360047429355062,u_b13adb0eaac753a2,3,0,official,principal
2233,0,0,0.26203059461113465,probability_native,0.26203059461113465,u_b13adb0eaac753a2,3,0,official,principal
5624,0,0,0.4763325739965222,probability_native,0.4763325739965222,u_b13adb0eaac753a2,3,0,official,principal
3783,0,1,0.51576682102117,probability_native,0.51576682102117,u_b13adb0eaac753a2,3,0,official,principal
5544,1,0,0.4301706210112918,probability_native,0.4301706210112918,u_b13adb0eaac753a2,3,0,official,principal
2675,0,0,0.13472588929758283,probability_native,0.13472588929758283,u_b13adb0eaac753a2,3,0,official,principal
471,1,1,0.7457490624976085,probability_native,0.7457490624976085,u_b13adb0eaac753a2,3,0,official,principal
5172,0,0,0.12452824265011442,probability_native,0.12452824265011442,u_b13adb0eaac753a2,3,0,official,principal
5594,0,1,0.7034276341368366,probability_native,0.7034276341368366,u_b13adb0eaac753a2,3,0,official,principal
1624,1,1,0.5268467951774674,probability_native,0.5268467951774674,u_b13adb0eaac753a2,3,0,official,principal
2137,0,0,0.3138794745916223,probability_native,0.3138794745916223,u_b13adb0eaac753a2,3,0,official,principal
102,0,0,0.47335643886309586,probability_native,0.47335643886309586,u_b13adb0eaac753a2,3,0,official,principal
741,0,1,0.7556081940611024,probability_native,0.7556081940611024,u_b13adb0eaac753a2,3,0,official,principal
4001,0,0,0.4075376481665753,probability_native,0.4075376481665753,u_b13adb0eaac753a2,3,0,official,principal
6634,1,1,0.7505857765433687,probability_native,0.7505857765433687,u_b13adb0eaac753a2,3,0,official,principal
1120,0,1,0.5823553587850233,probability_native,0.5823553587850233,u_b13adb0eaac753a2,3,0,official,principal
473,0,0,0.3294600235532211,probability_native,0.3294600235532211,u_b13adb0eaac753a2,3,0,official,principal
254,0,0,0.43321163225674697,probability_native,0.43321163225674697,u_b13adb0eaac753a2,3,0,official,principal
752,0,1,0.5089775162969459,probability_native,0.5089775162969459,u_b13adb0eaac753a2,3,0,official,principal
6396,0,1,0.6154119813995204,probability_native,0.6154119813995204,u_b13adb0eaac753a2,3,0,official,principal
1098,0,0,0.22516980099165432,probability_native,0.22516980099165432,u_b13adb0eaac753a2,3,0,official,principal
5629,1,0,0.48247826446697306,probability_native,0.48247826446697306,u_b13adb0eaac753a2,3,0,official,principal
5274,0,0,0.36428948817568324,probability_native,0.36428948817568324,u_b13adb0eaac753a2,3,0,official,principal
3311,0,0,0.3875612501469608,probability_native,0.3875612501469608,u_b13adb0eaac753a2,3,0,official,principal
2569,0,0,0.08015714051525692,probability_native,0.08015714051525692,u_b13adb0eaac753a2,3,0,official,principal
1302,0,0,0.22378492822908805,probability_native,0.22378492822908805,u_b13adb0eaac753a2,3,0,official,principal
5255,0,1,0.6637000164009539,probability_native,0.6637000164009539,u_b13adb0eaac753a2,3,0,official,principal
1007,1,1,0.7457364300679975,probability_native,0.7457364300679975,u_b13adb0eaac753a2,3,0,official,principal
5940,0,0,0.28517235599278684,probability_native,0.28517235599278684,u_b13adb0eaac753a2,3,0,official,principal
6992,0,0,0.29405024284123416,probability_native,0.29405024284123416,u_b13adb0eaac753a2,3,0,official,principal
3057,0,0,0.2940501591681774,probability_native,0.2940501591681774,u_b13adb0eaac753a2,3,0,official,principal
535,0,1,0.8065582129125644,probability_native,0.8065582129125644,u_b13adb0eaac753a2,3,0,official,principal
4766,0,0,0.21372057282313567,probability_native,0.21372057282313567,u_b13adb0eaac753a2,3,0,official,principal
5480,0,1,0.6199620755837651,probability_native,0.6199620755837651,u_b13adb0eaac753a2,3,0,official,principal
5845,1,1,0.815670828866268,probability_native,0.815670828866268,u_b13adb0eaac753a2,3,0,official,principal
1466,0,1,0.5427333083826036,probability_native,0.5427333083826036,u_b13adb0eaac753a2,3,0,official,principal
5459,0,1,0.7973943277410823,probability_native,0.7973943277410823,u_b13adb0eaac753a2,3,0,official,principal
1126,1,1,0.6828350965167951,probability_native,0.6828350965167951,u_b13adb0eaac753a2,3,0,official,principal
1496,0,1,0.5619517597052516,probability_native,0.5619517597052516,u_b13adb0eaac753a2,3,0,official,principal
6922,0,1,0.6778118173734703,probability_native,0.6778118173734703,u_b13adb0eaac753a2,3,0,official,principal
10,0,0,0.44881235772073036,probability_native,0.44881235772073036,u_b13adb0eaac753a2,3,0,official,principal
3374,1,1,0.5573785632439274,probability_native,0.5573785632439274,u_b13adb0eaac753a2,3,0,official,principal
1845,0,0,0.20891664630816847,probability_native,0.20891664630816847,u_b13adb0eaac753a2,3,0,official,principal
2349,0,0,0.1578407530329721,probability_native,0.1578407530329721,u_b13adb0eaac753a2,3,0,official,principal
1338,1,0,0.43811594278075955,probability_native,0.43811594278075955,u_b13adb0eaac753a2,3,0,official,principal
1978,0,0,0.17195204825739582,probability_native,0.17195204825739582,u_b13adb0eaac753a2,3,0,official,principal
3360,1,1,0.7847217621840495,probability_native,0.7847217621840495,u_b13adb0eaac753a2,3,0,official,principal
1604,0,0,0.25038622461124405,probability_native,0.25038622461124405,u_b13adb0eaac753a2,3,0,official,principal
1776,0,0,0.1287103269518551,probability_native,0.1287103269518551,u_b13adb0eaac753a2,3,0,official,principal
578,0,1,0.674525074560289,probability_native,0.674525074560289,u_b13adb0eaac753a2,3,0,official,principal
2601,0,0,0.20724471850332205,probability_native,0.20724471850332205,u_b13adb0eaac753a2,3,0,official,principal
2740,1,1,0.568479781293485,probability_native,0.568479781293485,u_b13adb0eaac753a2,3,0,official,principal
2943,0,0,0.20883167545123246,probability_native,0.20883167545123246,u_b13adb0eaac753a2,3,0,official,principal
1791,0,0,0.26969773605088126,probability_native,0.26969773605088126,u_b13adb0eaac753a2,3,0,official,principal
4531,1,1,0.6954600711884134,probability_native,0.6954600711884134,u_b13adb0eaac753a2,3,0,official,principal
6592,0,0,0.3618585382325585,probability_native,0.3618585382325585,u_b13adb0eaac753a2,3,0,official,principal
6995,0,0,0.1676431174796098,probability_native,0.1676431174796098,u_b13adb0eaac753a2,3,0,official,principal
4500,0,0,0.2735650108354983,probability_native,0.2735650108354983,u_b13adb0eaac753a2,3,0,official,principal
338,0,1,0.6101177680409922,probability_native,0.6101177680409922,u_b13adb0eaac753a2,3,0,official,principal
2758,0,0,0.41809037518612424,probability_native,0.41809037518612424,u_b13adb0eaac753a2,3,0,official,principal
2856,0,1,0.7245883143454102,probability_native,0.7245883143454102,u_b13adb0eaac753a2,3,0,official,principal
4179,0,1,0.7211590232106371,probability_native,0.7211590232106371,u_b13adb0eaac753a2,3,0,official,principal
2832,0,0,0.2974054867520755,probability_native,0.2974054867520755,u_b13adb0eaac753a2,3,0,official,principal
5075,0,1,0.6184661728822296,probability_native,0.6184661728822296,u_b13adb0eaac753a2,3,0,official,principal
750,0,0,0.42017651206564477,probability_native,0.42017651206564477,u_b13adb0eaac753a2,3,0,official,principal
106,0,0,0.3354701019590101,probability_native,0.3354701019590101,u_b13adb0eaac753a2,3,0,official,principal
3876,0,1,0.8046807492367263,probability_native,0.8046807492367263,u_b13adb0eaac753a2,3,0,official,principal
2372,0,0,0.1089822349957963,probability_native,0.1089822349957963,u_b13adb0eaac753a2,3,0,official,principal
5514,0,1,0.5807074703688271,probability_native,0.5807074703688271,u_b13adb0eaac753a2,3,0,official,principal
4248,0,0,0.40316238558458006,probability_native,0.40316238558458006,u_b13adb0eaac753a2,3,0,official,principal
2157,0,1,0.5168258056524988,probability_native,0.5168258056524988,u_b13adb0eaac753a2,3,0,official,principal
3122,0,0,0.12095726206414868,probability_native,0.12095726206414868,u_b13adb0eaac753a2,3,0,official,principal
4350,0,0,0.39759924105555206,probability_native,0.39759924105555206,u_b13adb0eaac753a2,3,0,official,principal
1318,0,1,0.6909183166356578,probability_native,0.6909183166356578,u_b13adb0eaac753a2,3,0,official,principal
3689,1,1,0.8283259885507497,probability_native,0.8283259885507497,u_b13adb0eaac753a2,3,0,official,principal
3083,0,0,0.11946086373960607,probability_native,0.11946086373960607,u_b13adb0eaac753a2,3,0,official,principal
6253,0,0,0.3439172108375811,probability_native,0.3439172108375811,u_b13adb0eaac753a2,3,0,official,principal
1247,0,1,0.5093299043697077,probability_native,0.5093299043697077,u_b13adb0eaac753a2,3,0,official,principal
3764,0,0,0.43296697735680534,probability_native,0.43296697735680534,u_b13adb0eaac753a2,3,0,official,principal
499,1,1,0.7294211521161518,probability_native,0.7294211521161518,u_b13adb0eaac753a2,3,0,official,principal
3713,1,1,0.6299531079680919,probability_native,0.6299531079680919,u_b13adb0eaac753a2,3,0,official,principal
69,0,1,0.6743990386105677,probability_native,0.6743990386105677,u_b13adb0eaac753a2,3,0,official,principal
996,1,1,0.5270926725095759,probability_native,0.5270926725095759,u_b13adb0eaac753a2,3,0,official,principal
6705,0,1,0.5011622339365818,probability_native,0.5011622339365818,u_b13adb0eaac753a2,3,0,official,principal
6156,0,1,0.6180566694469881,probability_native,0.6180566694469881,u_b13adb0eaac753a2,3,0,official,principal
3079,1,1,0.7004774500379551,probability_native,0.7004774500379551,u_b13adb0eaac753a2,3,0,official,principal
6867,0,0,0.09923611012811422,probability_native,0.09923611012811422,u_b13adb0eaac753a2,3,0,official,principal
2629,1,1,0.6864428071797396,probability_native,0.6864428071797396,u_b13adb0eaac753a2,3,0,official,principal
2042,0,0,0.4538119315812125,probability_native,0.4538119315812125,u_b13adb0eaac753a2,3,0,official,principal
708,0,1,0.5647128494824776,probability_native,0.5647128494824776,u_b13adb0eaac753a2,3,0,official,principal
3587,1,1,0.818392160891452,probability_native,0.818392160891452,u_b13adb0eaac753a2,3,0,official,principal
1395,1,1,0.5240387379990497,probability_native,0.5240387379990497,u_b13adb0eaac753a2,3,0,official,principal
6641,1,1,0.5597048956566179,probability_native,0.5597048956566179,u_b13adb0eaac753a2,3,0,official,principal
844,1,1,0.86132934205727,probability_native,0.86132934205727,u_b13adb0eaac753a2,3,0,official,principal
4992,0,0,0.2837642156374987,probability_native,0.2837642156374987,u_b13adb0eaac753a2,3,0,official,principal
4272,1,0,0.13767888168174042,probability_native,0.13767888168174042,u_b13adb0eaac753a2,3,0,official,principal
4773,1,0,0.3949931692431265,probability_native,0.3949931692431265,u_b13adb0eaac753a2,3,0,official,principal
2636,0,0,0.24032225607595456,probability_native,0.24032225607595456,u_b13adb0eaac753a2,3,0,official,principal
2806,0,0,0.30692048491675156,probability_native,0.30692048491675156,u_b13adb0eaac753a2,3,0,official,principal
709,0,0,0.46770447135793025,probability_native,0.46770447135793025,u_b13adb0eaac753a2,3,0,official,principal
348,0,1,0.6390946393037866,probability_native,0.6390946393037866,u_b13adb0eaac753a2,3,0,official,principal
444,0,1,0.6002640939497308,probability_native,0.6002640939497308,u_b13adb0eaac753a2,3,0,official,principal
825,1,1,0.6491468604984092,probability_native,0.6491468604984092,u_b13adb0eaac753a2,3,0,official,principal
5567,0,0,0.3854386785995727,probability_native,0.3854386785995727,u_b13adb0eaac753a2,3,0,official,principal
6231,1,1,0.7652086200872596,probability_native,0.7652086200872596,u_b13adb0eaac753a2,3,0,official,principal
5722,1,1,0.6555730016629109,probability_native,0.6555730016629109,u_b13adb0eaac753a2,3,0,official,principal
129,0,0,0.3082420380512639,probability_native,0.3082420380512639,u_b13adb0eaac753a2,3,0,official,principal
3616,0,0,0.23954096849642376,probability_native,0.23954096849642376,u_b13adb0eaac753a2,3,0,official,principal
4287,1,0,0.37293874583682,probability_native,0.37293874583682,u_b13adb0eaac753a2,3,0,official,principal
3297,0,0,0.2312854354253915,probability_native,0.2312854354253915,u_b13adb0eaac753a2,3,0,official,principal
201,0,1,0.6121480493203032,probability_native,0.6121480493203032,u_b13adb0eaac753a2,3,0,official,principal
4405,1,1,0.7020639718812404,probability_native,0.7020639718812404,u_b13adb0eaac753a2,3,0,official,principal
3212,0,1,0.5857722885775244,probability_native,0.5857722885775244,u_b13adb0eaac753a2,3,0,official,principal
2647,0,0,0.4747817614928136,probability_native,0.4747817614928136,u_b13adb0eaac753a2,3,0,official,principal
902,1,1,0.7281175472339627,probability_native,0.7281175472339627,u_b13adb0eaac753a2,3,0,official,principal
450,0,0,0.13454105180164702,probability_native,0.13454105180164702,u_b13adb0eaac753a2,3,0,official,principal
4349,1,1,0.8094100825355423,probability_native,0.8094100825355423,u_b13adb0eaac753a2,3,0,official,principal
1661,0,1,0.5062399142170568,probability_native,0.5062399142170568,u_b13adb0eaac753a2,3,0,official,principal
1506,0,0,0.18213815557671098,probability_native,0.18213815557671098,u_b13adb0eaac753a2,3,0,official,principal
2678,0,0,0.2459772470323391,probability_native,0.2459772470323391,u_b13adb0eaac753a2,3,0,official,principal
2480,1,1,0.5382675330890068,probability_native,0.5382675330890068,u_b13adb0eaac753a2,3,0,official,principal
4821,0,0,0.28573762086286714,probability_native,0.28573762086286714,u_b13adb0eaac753a2,3,0,official,principal
1155,0,0,0.12998395347397532,probability_native,0.12998395347397532,u_b13adb0eaac753a2,3,0,official,principal
6821,1,1,0.7246894565405039,probability_native,0.7246894565405039,u_b13adb0eaac753a2,3,0,official,principal
3951,0,0,0.11211000846169171,probability_native,0.11211000846169171,u_b13adb0eaac753a2,3,0,official,principal
4760,0,0,0.20374028384699666,probability_native,0.20374028384699666,u_b13adb0eaac753a2,3,0,official,principal
3749,1,1,0.8913301163757791,probability_native,0.8913301163757791,u_b13adb0eaac753a2,3,0,official,principal
132,0,0,0.1277818642618161,probability_native,0.1277818642618161,u_b13adb0eaac753a2,3,0,official,principal
3596,1,1,0.5964541687561352,probability_native,0.5964541687561352,u_b13adb0eaac753a2,3,0,official,principal
5156,0,0,0.3874588017547062,probability_native,0.3874588017547062,u_b13adb0eaac753a2,3,0,official,principal
6397,0,0,0.28505117379415734,probability_native,0.28505117379415734,u_b13adb0eaac753a2,3,0,official,principal
4488,1,0,0.45229771901694243,probability_native,0.45229771901694243,u_b13adb0eaac753a2,3,0,official,principal
3759,1,1,0.7668645881969008,probability_native,0.7668645881969008,u_b13adb0eaac753a2,3,0,official,principal
3540,0,0,0.18392941304025828,probability_native,0.18392941304025828,u_b13adb0eaac753a2,3,0,official,principal
1596,0,1,0.7732838460745229,probability_native,0.7732838460745229,u_b13adb0eaac753a2,3,0,official,principal
3329,0,0,0.4571400487862592,probability_native,0.4571400487862592,u_b13adb0eaac753a2,3,0,official,principal
961,0,0,0.35357344449636763,probability_native,0.35357344449636763,u_b13adb0eaac753a2,3,0,official,principal
6375,1,1,0.7251920864899459,probability_native,0.7251920864899459,u_b13adb0eaac753a2,3,0,official,principal
5987,0,0,0.28476569716035555,probability_native,0.28476569716035555,u_b13adb0eaac753a2,3,0,official,principal
483,0,0,0.3146962153619323,probability_native,0.3146962153619323,u_b13adb0eaac753a2,3,0,official,principal
5562,0,0,0.40986712287786875,probability_native,0.40986712287786875,u_b13adb0eaac753a2,3,0,official,principal
3327,0,0,0.3873852576031495,probability_native,0.3873852576031495,u_b13adb0eaac753a2,3,0,official,principal
3372,0,1,0.5197826669408793,probability_native,0.5197826669408793,u_b13adb0eaac753a2,3,0,official,principal
5960,0,0,0.4503677955776256,probability_native,0.4503677955776256,u_b13adb0eaac753a2,3,0,official,principal
2747,0,0,0.4574970211635387,probability_native,0.4574970211635387,u_b13adb0eaac753a2,3,0,official,principal
4744,0,0,0.14713937135782879,probability_native,0.14713937135782879,u_b13adb0eaac753a2,3,0,official,principal
1006,1,1,0.7443357840859207,probability_native,0.7443357840859207,u_b13adb0eaac753a2,3,0,official,principal
4098,1,0,0.4879383553470573,probability_native,0.4879383553470573,u_b13adb0eaac753a2,3,0,official,principal
5414,1,0,0.3572627527610815,probability_native,0.3572627527610815,u_b13adb0eaac753a2,3,0,official,principal
314,1,1,0.8211559944353243,probability_native,0.8211559944353243,u_b13adb0eaac753a2,3,0,official,principal
542,0,0,0.4288604349257611,probability_native,0.4288604349257611,u_b13adb0eaac753a2,3,0,official,principal
2262,1,1,0.8183816088108885,probability_native,0.8183816088108885,u_b13adb0eaac753a2,3,0,official,principal
90,0,1,0.5119598088338438,probability_native,0.5119598088338438,u_b13adb0eaac753a2,3,0,official,principal
3890,1,0,0.38125629720217186,probability_native,0.38125629720217186,u_b13adb0eaac753a2,3,0,official,principal
730,1,1,0.5482576985287962,probability_native,0.5482576985287962,u_b13adb0eaac753a2,3,0,official,principal
6899,1,1,0.6393086261672345,probability_native,0.6393086261672345,u_b13adb0eaac753a2,3,0,official,principal
2211,0,0,0.44456410788714845,probability_native,0.44456410788714845,u_b13adb0eaac753a2,3,0,official,principal
1308,1,1,0.813231024327474,probability_native,0.813231024327474,u_b13adb0eaac753a2,3,0,official,principal
1025,0,0,0.3068685270549281,probability_native,0.3068685270549281,u_b13adb0eaac753a2,3,0,official,principal
4840,0,0,0.32314830312355824,probability_native,0.32314830312355824,u_b13adb0eaac753a2,3,0,official,principal
1385,0,0,0.3231933997536404,probability_native,0.3231933997536404,u_b13adb0eaac753a2,3,0,official,principal
6541,0,0,0.21743497647203586,probability_native,0.21743497647203586,u_b13adb0eaac753a2,3,0,official,principal
3573,0,0,0.2979214836655452,probability_native,0.2979214836655452,u_b13adb0eaac753a2,3,0,official,principal
3239,0,0,0.4898249173501501,probability_native,0.4898249173501501,u_b13adb0eaac753a2,3,0,official,principal
898,1,1,0.6882335439007952,probability_native,0.6882335439007952,u_b13adb0eaac753a2,3,0,official,principal
5242,1,1,0.7722302904114539,probability_native,0.7722302904114539,u_b13adb0eaac753a2,3,0,official,principal
1424,0,0,0.15321004441356217,probability_native,0.15321004441356217,u_b13adb0eaac753a2,3,0,official,principal
