row_id,y_true,y_pred,score_positive,score_type,probability_native,unit_id,outer_fold,replicate,purpose,variant
2986,0,0,1.1965796956012172e-10,probability_native,1.1965796956012172e-10,u_048159446b60f8f9,1,1,official,principal
5427,0,1,0.7605910996914812,probability_native,0.7605910996914812,u_048159446b60f8f9,1,1,official,principal
6234,0,0,2.548661225078092e-14,probability_native,2.548661225078092e-14,u_048159446b60f8f9,1,1,official,principal
6937,0,0,0.06688128149690724,probability_native,0.06688128149690724,u_048159446b60f8f9,1,1,official,principal
6491,1,1,0.999501433945122,probability_native,0.999501433945122,u_048159446b60f8f9,1,1,official,principal
478,1,1,0.9990546961947054,probability_native,0.9990546961947054,u_048159446b60f8f9,1,1,official,principal
5704,0,1,0.9993446233918208,probability_native,0.9993446233918208,u_048159446b60f8f9,1,1,official,principal
4453,1,1,0.9995420770491616,probability_native,0.9995420770491616,u_048159446b60f8f9,1,1,official,principal
2320,0,0,2.5158894512079407e-13,probability_native,2.5158894512079407e-13,u_048159446b60f8f9,1,1,official,principal
4437,0,0,1.1596731815646565e-10,probability_native,1.1596731815646565e-10,u_048159446b60f8f9,1,1,official,principal
3511,0,0,2.2824608915941277e-14,probability_native,2.2824608915941277e-14,u_048159446b60f8f9,1,1,official,principal
3404,0,0,0.00021305241343971875,probability_native,0.00021305241343971875,u_048159446b60f8f9,1,1,official,principal
1565,0,1,0.9773303615750023,probability_native,0.9773303615750023,u_048159446b60f8f9,1,1,official,principal
1096,0,0,0.34656936976527936,probability_native,0.34656936976527936,u_048159446b60f8f9,1,1,official,principal
733,0,0,7.373172245446067e-12,probability_native,7.373172245446067e-12,u_048159446b60f8f9,1,1,official,principal
6846,1,1,0.9936906806638103,probability_native,0.9936906806638103,u_048159446b60f8f9,1,1,official,principal
6891,0,1,0.508666899316806,probability_native,0.508666899316806,u_048159446b60f8f9,1,1,official,principal
3011,0,0,1.1553992442785089e-14,probability_native,1.1553992442785089e-14,u_048159446b60f8f9,1,1,official,principal
6009,1,1,0.9962994641585805,probability_native,0.9962994641585805,u_048159446b60f8f9,1,1,official,principal
4163,0,0,5.12037041287379e-05,probability_native,5.12037041287379e-05,u_048159446b60f8f9,1,1,official,principal
5717,0,0,3.007198729565908e-12,probability_native,3.007198729565908e-12,u_048159446b60f8f9,1,1,official,principal
6803,0,0,0.0004984994003653786,probability_native,0.0004984994003653786,u_048159446b60f8f9,1,1,official,principal
1426,0,0,0.012530176117940677,probability_native,0.012530176117940677,u_048159446b60f8f9,1,1,official,principal
3860,0,0,0.03480638612777227,probability_native,0.03480638612777227,u_048159446b60f8f9,1,1,official,principal
810,1,0,0.1695937827042305,probability_native,0.1695937827042305,u_048159446b60f8f9,1,1,official,principal
2936,0,1,0.9578095041330241,probability_native,0.9578095041330241,u_048159446b60f8f9,1,1,official,principal
2205,0,1,0.9875021306030448,probability_native,0.9875021306030448,u_048159446b60f8f9,1,1,official,principal
6563,1,1,0.9730625504074225,probability_native,0.9730625504074225,u_048159446b60f8f9,1,1,official,principal
2997,1,1,0.9833054293313305,probability_native,0.9833054293313305,u_048159446b60f8f9,1,1,official,principal
1265,0,0,0.006129574384389548,probability_native,0.006129574384389548,u_048159446b60f8f9,1,1,official,principal
948,1,1,0.9998455756511078,probability_native,0.9998455756511078,u_048159446b60f8f9,1,1,official,principal
3521,0,0,0.0006720652481626991,probability_native,0.0006720652481626991,u_048159446b60f8f9,1,1,official,principal
6809,1,1,0.9996268023067075,probability_native,0.9996268023067075,u_048159446b60f8f9,1,1,official,principal
3563,0,1,0.9765095317039247,probability_native,0.9765095317039247,u_048159446b60f8f9,1,1,official,principal
393,0,0,0.00016128289429157222,probability_native,0.00016128289429157222,u_048159446b60f8f9,1,1,official,principal
2693,0,0,8.262706255919083e-15,probability_native,8.262706255919083e-15,u_048159446b60f8f9,1,1,official,principal
3187,0,1,0.975194203043869,probability_native,0.975194203043869,u_048159446b60f8f9,1,1,official,principal
6446,0,0,0.004232392652663337,probability_native,0.004232392652663337,u_048159446b60f8f9,1,1,official,principal
3633,0,1,0.9999281289684441,probability_native,0.9999281289684441,u_048159446b60f8f9,1,1,official,principal
5864,0,0,2.721108523730964e-14,probability_native,2.721108523730964e-14,u_048159446b60f8f9,1,1,official,principal
4069,0,0,3.352009498777995e-11,probability_native,3.352009498777995e-11,u_048159446b60f8f9,1,1,official,principal
3383,1,1,0.999195679693888,probability_native,0.999195679693888,u_048159446b60f8f9,1,1,official,principal
6456,0,0,1.164783022879939e-10,probability_native,1.164783022879939e-10,u_048159446b60f8f9,1,1,official,principal
1263,1,1,0.9248079047003344,probability_native,0.9248079047003344,u_048159446b60f8f9,1,1,official,principal
272,1,0,0.3126478662942619,probability_native,0.3126478662942619,u_048159446b60f8f9,1,1,official,principal
2070,1,0,0.07308347529325211,probability_native,0.07308347529325211,u_048159446b60f8f9,1,1,official,principal
4842,1,1,0.9824666160933947,probability_native,0.9824666160933947,u_048159446b60f8f9,1,1,official,principal
4872,0,0,5.242215753832275e-12,probability_native,5.242215753832275e-12,u_048159446b60f8f9,1,1,official,principal
5272,1,1,0.9996889406891226,probability_native,0.9996889406891226,u_048159446b60f8f9,1,1,official,principal
3646,0,0,0.27696732308928457,probability_native,0.27696732308928457,u_048159446b60f8f9,1,1,official,principal
3935,0,0,7.733026701489532e-16,probability_native,7.733026701489532e-16,u_048159446b60f8f9,1,1,official,principal
4788,0,0,2.5740636703438078e-11,probability_native,2.5740636703438078e-11,u_048159446b60f8f9,1,1,official,principal
6124,0,0,3.700501295333021e-05,probability_native,3.700501295333021e-05,u_048159446b60f8f9,1,1,official,principal
736,0,0,0.027842280710352503,probability_native,0.027842280710352503,u_048159446b60f8f9,1,1,official,principal
5876,1,1,0.9999398423847811,probability_native,0.9999398423847811,u_048159446b60f8f9,1,1,official,principal
2566,0,0,3.9096575696909043e-13,probability_native,3.9096575696909043e-13,u_048159446b60f8f9,1,1,official,principal
1400,0,0,4.794300132387672e-05,probability_native,4.794300132387672e-05,u_048159446b60f8f9,1,1,official,principal
1879,1,1,0.999481496662116,probability_native,0.999481496662116,u_048159446b60f8f9,1,1,official,principal
6613,0,0,0.00027711092362828286,probability_native,0.00027711092362828286,u_048159446b60f8f9,1,1,official,principal
2793,0,1,0.9979867403013118,probability_native,0.9979867403013118,u_048159446b60f8f9,1,1,official,principal
5185,0,0,0.00011732988943137893,probability_native,0.00011732988943137893,u_048159446b60f8f9,1,1,official,principal
1955,0,1,0.893287265088731,probability_native,0.893287265088731,u_048159446b60f8f9,1,1,official,principal
5161,0,0,0.38189132359032,probability_native,0.38189132359032,u_048159446b60f8f9,1,1,official,principal
4569,1,0,0.23195831565699745,probability_native,0.23195831565699745,u_048159446b60f8f9,1,1,official,principal
1722,0,0,0.004261806316181736,probability_native,0.004261806316181736,u_048159446b60f8f9,1,1,official,principal
2662,1,1,0.9846813723254638,probability_native,0.9846813723254638,u_048159446b60f8f9,1,1,official,principal
3768,0,1,0.5267082872434538,probability_native,0.5267082872434538,u_048159446b60f8f9,1,1,official,principal
4926,0,0,3.3883084166898605e-12,probability_native,3.3883084166898605e-12,u_048159446b60f8f9,1,1,official,principal
439,0,0,0.31041253498407984,probability_native,0.31041253498407984,u_048159446b60f8f9,1,1,official,principal
416,0,0,5.5168582846182435e-11,probability_native,5.5168582846182435e-11,u_048159446b60f8f9,1,1,official,principal
3341,0,1,0.5831277547117585,probability_native,0.5831277547117585,u_048159446b60f8f9,1,1,official,principal
6276,0,0,2.3466561848552358e-07,probability_native,2.3466561848552358e-07,u_048159446b60f8f9,1,1,official,principal
2502,0,0,1.9149462108551352e-07,probability_native,1.9149462108551352e-07,u_048159446b60f8f9,1,1,official,principal
5397,1,1,0.9995618758928737,probability_native,0.9995618758928737,u_048159446b60f8f9,1,1,official,principal
6734,1,1,0.5165518181939974,probability_native,0.5165518181939974,u_048159446b60f8f9,1,1,official,principal
5992,1,0,1.498717768283838e-05,probability_native,1.498717768283838e-05,u_048159446b60f8f9,1,1,official,principal
4985,0,0,1.0713452829400665e-12,probability_native,1.0713452829400665e-12,u_048159446b60f8f9,1,1,official,principal
5863,1,1,0.9997485602688115,probability_native,0.9997485602688115,u_048159446b60f8f9,1,1,official,principal
6801,0,0,0.20456475331879959,probability_native,0.20456475331879959,u_048159446b60f8f9,1,1,official,principal
3133,0,0,0.0002519746708974531,probability_native,0.0002519746708974531,u_048159446b60f8f9,1,1,official,principal
4709,0,1,0.9881037824537259,probability_native,0.9881037824537259,u_048159446b60f8f9,1,1,official,principal
5553,1,1,0.9429204149227172,probability_native,0.9429204149227172,u_048159446b60f8f9,1,1,official,principal
6871,0,1,0.7206859818402186,probability_native,0.7206859818402186,u_048159446b60f8f9,1,1,official,principal
1536,0,0,5.468523963445073e-13,probability_native,5.468523963445073e-13,u_048159446b60f8f9,1,1,official,principal
982,0,0,0.09459847830896155,probability_native,0.09459847830896155,u_048159446b60f8f9,1,1,official,principal
5325,0,0,9.022371650590942e-06,probability_native,9.022371650590942e-06,u_048159446b60f8f9,1,1,official,principal
1540,0,0,0.049443689812366805,probability_native,0.049443689812366805,u_048159446b60f8f9,1,1,official,principal
2432,0,0,9.146677031729249e-05,probability_native,9.146677031729249e-05,u_048159446b60f8f9,1,1,official,principal
4921,0,0,0.36583118031886414,probability_native,0.36583118031886414,u_048159446b60f8f9,1,1,official,principal
6109,0,1,0.7090148025338023,probability_native,0.7090148025338023,u_048159446b60f8f9,1,1,official,principal
874,0,0,1.8151336430589133e-09,probability_native,1.8151336430589133e-09,u_048159446b60f8f9,1,1,official,principal
5339,0,1,0.9790481104708229,probability_native,0.9790481104708229,u_048159446b60f8f9,1,1,official,principal
1923,0,0,9.180895985856697e-15,probability_native,9.180895985856697e-15,u_048159446b60f8f9,1,1,official,principal
1827,0,0,0.05232123172170743,probability_native,0.05232123172170743,u_048159446b60f8f9,1,1,official,principal
972,0,0,3.5886001365418426e-11,probability_native,3.5886001365418426e-11,u_048159446b60f8f9,1,1,official,principal
3673,1,1,0.9976358155598076,probability_native,0.9976358155598076,u_048159446b60f8f9,1,1,official,principal
5747,0,0,0.0019347465405409833,probability_native,0.0019347465405409833,u_048159446b60f8f9,1,1,official,principal
3904,0,0,8.340468905437304e-06,probability_native,8.340468905437304e-06,u_048159446b60f8f9,1,1,official,principal
3987,1,1,0.9995904313970947,probability_native,0.9995904313970947,u_048159446b60f8f9,1,1,official,principal
555,0,0,0.0014259728587085435,probability_native,0.0014259728587085435,u_048159446b60f8f9,1,1,official,principal
2918,0,1,0.80074373506097,probability_native,0.80074373506097,u_048159446b60f8f9,1,1,official,principal
2752,1,0,0.0011635939697958834,probability_native,0.0011635939697958834,u_048159446b60f8f9,1,1,official,principal
5457,0,0,0.10272663089597697,probability_native,0.10272663089597697,u_048159446b60f8f9,1,1,official,principal
6934,0,0,1.0868143728982733e-11,probability_native,1.0868143728982733e-11,u_048159446b60f8f9,1,1,official,principal
2152,0,1,0.9946170889847517,probability_native,0.9946170889847517,u_048159446b60f8f9,1,1,official,principal
3921,0,0,0.10425437116753908,probability_native,0.10425437116753908,u_048159446b60f8f9,1,1,official,principal
2192,0,0,9.847099458961308e-11,probability_native,9.847099458961308e-11,u_048159446b60f8f9,1,1,official,principal
2274,1,1,0.8815053439367185,probability_native,0.8815053439367185,u_048159446b60f8f9,1,1,official,principal
5401,0,0,4.393000986813485e-14,probability_native,4.393000986813485e-14,u_048159446b60f8f9,1,1,official,principal
3715,0,1,0.9999410824313554,probability_native,0.9999410824313554,u_048159446b60f8f9,1,1,official,principal
217,0,0,1.3160158944000657e-12,probability_native,1.3160158944000657e-12,u_048159446b60f8f9,1,1,official,principal
7029,0,1,0.9978884539594944,probability_native,0.9978884539594944,u_048159446b60f8f9,1,1,official,principal
2232,0,0,1.4955932367948101e-15,probability_native,1.4955932367948101e-15,u_048159446b60f8f9,1,1,official,principal
5395,1,1,0.9904992274114096,probability_native,0.9904992274114096,u_048159446b60f8f9,1,1,official,principal
6122,0,0,3.5665791987958137e-06,probability_native,3.5665791987958137e-06,u_048159446b60f8f9,1,1,official,principal
3012,0,0,4.602387298420638e-13,probability_native,4.602387298420638e-13,u_048159446b60f8f9,1,1,official,principal
941,0,0,0.26946822274798,probability_native,0.26946822274798,u_048159446b60f8f9,1,1,official,principal
4694,0,0,6.145431417520458e-05,probability_native,6.145431417520458e-05,u_048159446b60f8f9,1,1,official,principal
94,0,0,4.917864004898557e-10,probability_native,4.917864004898557e-10,u_048159446b60f8f9,1,1,official,principal
1794,0,0,6.639428786319378e-14,probability_native,6.639428786319378e-14,u_048159446b60f8f9,1,1,official,principal
2256,0,0,0.00011213788402421746,probability_native,0.00011213788402421746,u_048159446b60f8f9,1,1,official,principal
4371,0,0,2.9190117140373515e-06,probability_native,2.9190117140373515e-06,u_048159446b60f8f9,1,1,official,principal
3361,0,0,0.05098276109703113,probability_native,0.05098276109703113,u_048159446b60f8f9,1,1,official,principal
1619,0,0,9.524103459264677e-13,probability_native,9.524103459264677e-13,u_048159446b60f8f9,1,1,official,principal
6578,0,0,0.0004647867982928216,probability_native,0.0004647867982928216,u_048159446b60f8f9,1,1,official,principal
5199,0,0,0.26655243034459714,probability_native,0.26655243034459714,u_048159446b60f8f9,1,1,official,principal
5490,0,1,0.7496438613009737,probability_native,0.7496438613009737,u_048159446b60f8f9,1,1,official,principal
2069,1,1,0.9990684746080746,probability_native,0.9990684746080746,u_048159446b60f8f9,1,1,official,principal
380,0,0,0.06465031472043875,probability_native,0.06465031472043875,u_048159446b60f8f9,1,1,official,principal
2393,1,0,0.02684671926976129,probability_native,0.02684671926976129,u_048159446b60f8f9,1,1,official,principal
2811,0,0,2.9561993748190687e-15,probability_native,2.9561993748190687e-15,u_048159446b60f8f9,1,1,official,principal
6422,0,0,0.010807212753571412,probability_native,0.010807212753571412,u_048159446b60f8f9,1,1,official,principal
6414,0,0,2.4384849729217377e-15,probability_native,2.4384849729217377e-15,u_048159446b60f8f9,1,1,official,principal
4935,0,0,3.227306659561449e-06,probability_native,3.227306659561449e-06,u_048159446b60f8f9,1,1,official,principal
4942,1,1,0.9526264236673974,probability_native,0.9526264236673974,u_048159446b60f8f9,1,1,official,principal
3789,0,0,0.0002075248576991142,probability_native,0.0002075248576991142,u_048159446b60f8f9,1,1,official,principal
3583,0,0,0.00013250389495556077,probability_native,0.00013250389495556077,u_048159446b60f8f9,1,1,official,principal
1587,0,0,1.106410577514096e-14,probability_native,1.106410577514096e-14,u_048159446b60f8f9,1,1,official,principal
3148,0,0,0.22026911183148273,probability_native,0.22026911183148273,u_048159446b60f8f9,1,1,official,principal
7028,0,0,9.166229622587259e-12,probability_native,9.166229622587259e-12,u_048159446b60f8f9,1,1,official,principal
3981,0,1,0.9998865500744025,probability_native,0.9998865500744025,u_048159446b60f8f9,1,1,official,principal
4228,1,1,0.9946357772651004,probability_native,0.9946357772651004,u_048159446b60f8f9,1,1,official,principal
2321,0,1,0.9583935710445386,probability_native,0.9583935710445386,u_048159446b60f8f9,1,1,official,principal
1692,0,0,0.00013955159455409256,probability_native,0.00013955159455409256,u_048159446b60f8f9,1,1,official,principal
4866,0,1,0.9851481879022926,probability_native,0.9851481879022926,u_048159446b60f8f9,1,1,official,principal
5570,0,1,0.9745804202414994,probability_native,0.9745804202414994,u_048159446b60f8f9,1,1,official,principal
4642,1,0,3.02527232607591e-12,probability_native,3.02527232607591e-12,u_048159446b60f8f9,1,1,official,principal
2277,1,1,0.7209905128040359,probability_native,0.7209905128040359,u_048159446b60f8f9,1,1,official,principal
6330,0,1,0.9425772561666593,probability_native,0.9425772561666593,u_048159446b60f8f9,1,1,official,principal
5576,1,1,0.9441691142151866,probability_native,0.9441691142151866,u_048159446b60f8f9,1,1,official,principal
6913,0,0,0.0006371955999712282,probability_native,0.0006371955999712282,u_048159446b60f8f9,1,1,official,principal
2745,1,1,0.9999427560037112,probability_native,0.9999427560037112,u_048159446b60f8f9,1,1,official,principal
1874,0,0,4.900342847970429e-12,probability_native,4.900342847970429e-12,u_048159446b60f8f9,1,1,official,principal
2638,1,0,0.05739042059895442,probability_native,0.05739042059895442,u_048159446b60f8f9,1,1,official,principal
6079,0,1,0.906106736302212,probability_native,0.906106736302212,u_048159446b60f8f9,1,1,official,principal
782,0,0,0.019588874756352594,probability_native,0.019588874756352594,u_048159446b60f8f9,1,1,official,principal
3602,0,1,0.5070245369643499,probability_native,0.5070245369643499,u_048159446b60f8f9,1,1,official,principal
6282,0,0,3.923669537317097e-15,probability_native,3.923669537317097e-15,u_048159446b60f8f9,1,1,official,principal
2404,0,0,0.004074503590024629,probability_native,0.004074503590024629,u_048159446b60f8f9,1,1,official,principal
332,0,0,0.09961742663941686,probability_native,0.09961742663941686,u_048159446b60f8f9,1,1,official,principal
2127,1,0,0.005624973501284803,probability_native,0.005624973501284803,u_048159446b60f8f9,1,1,official,principal
6047,0,1,0.9688260003705659,probability_native,0.9688260003705659,u_048159446b60f8f9,1,1,official,principal
5038,0,0,1.5827872725907952e-05,probability_native,1.5827872725907952e-05,u_048159446b60f8f9,1,1,official,principal
2959,0,0,0.4832348605320491,probability_native,0.4832348605320491,u_048159446b60f8f9,1,1,official,principal
1778,0,0,2.54487787094918e-16,probability_native,2.54487787094918e-16,u_048159446b60f8f9,1,1,official,principal
6896,1,1,0.6544942631877937,probability_native,0.6544942631877937,u_048159446b60f8f9,1,1,official,principal
5169,0,0,0.002697724954278175,probability_native,0.002697724954278175,u_048159446b60f8f9,1,1,official,principal
6888,0,1,0.997512041322354,probability_native,0.997512041322354,u_048159446b60f8f9,1,1,official,principal
6055,0,1,0.9959888323286104,probability_native,0.9959888323286104,u_048159446b60f8f9,1,1,official,principal
6744,0,0,0.0016280925261591122,probability_native,0.0016280925261591122,u_048159446b60f8f9,1,1,official,principal
3364,1,1,0.9950676468109508,probability_native,0.9950676468109508,u_048159446b60f8f9,1,1,official,principal
3226,0,0,0.00023114129098175088,probability_native,0.00023114129098175088,u_048159446b60f8f9,1,1,official,principal
6869,1,0,0.0001871668547348639,probability_native,0.0001871668547348639,u_048159446b60f8f9,1,1,official,principal
2270,1,1,0.9999425486759326,probability_native,0.9999425486759326,u_048159446b60f8f9,1,1,official,principal
4173,0,1,0.999751176971009,probability_native,0.999751176971009,u_048159446b60f8f9,1,1,official,principal
3817,0,0,1.3107125246097094e-14,probability_native,1.3107125246097094e-14,u_048159446b60f8f9,1,1,official,principal
2368,0,0,3.735626636113672e-13,probability_native,3.735626636113672e-13,u_048159446b60f8f9,1,1,official,principal
4916,0,1,0.9983085966767856,probability_native,0.9983085966767856,u_048159446b60f8f9,1,1,official,principal
2191,1,1,0.9999770201400808,probability_native,0.9999770201400808,u_048159446b60f8f9,1,1,official,principal
2790,1,0,1.7101429914903563e-09,probability_native,1.7101429914903563e-09,u_048159446b60f8f9,1,1,official,principal
6660,1,1,0.9989219098741704,probability_native,0.9989219098741704,u_048159446b60f8f9,1,1,official,principal
5429,0,0,4.963171977933474e-13,probability_native,4.963171977933474e-13,u_048159446b60f8f9,1,1,official,principal
3503,0,0,0.08298238250702214,probability_native,0.08298238250702214,u_048159446b60f8f9,1,1,official,principal
3310,1,1,0.9998695980942155,probability_native,0.9998695980942155,u_048159446b60f8f9,1,1,official,principal
6878,1,1,0.9998326103557301,probability_native,0.9998326103557301,u_048159446b60f8f9,1,1,official,principal
4851,1,1,0.9999197350073741,probability_native,0.9999197350073741,u_048159446b60f8f9,1,1,official,principal
719,0,1,0.6338994450353038,probability_native,0.6338994450353038,u_048159446b60f8f9,1,1,official,principal
1500,0,0,0.1767332572541525,probability_native,0.1767332572541525,u_048159446b60f8f9,1,1,official,principal
4060,0,0,7.436966149418719e-12,probability_native,7.436966149418719e-12,u_048159446b60f8f9,1,1,official,principal
2342,0,1,0.762098895271807,probability_native,0.762098895271807,u_048159446b60f8f9,1,1,official,principal
222,0,0,3.2320679246607666e-05,probability_native,3.2320679246607666e-05,u_048159446b60f8f9,1,1,official,principal
1323,0,0,3.056495199432864e-14,probability_native,3.056495199432864e-14,u_048159446b60f8f9,1,1,official,principal
3366,0,1,0.9290774084068613,probability_native,0.9290774084068613,u_048159446b60f8f9,1,1,official,principal
5799,1,1,0.9534303611342871,probability_native,0.9534303611342871,u_048159446b60f8f9,1,1,official,principal
2825,0,0,0.019734153367389727,probability_native,0.019734153367389727,u_048159446b60f8f9,1,1,official,principal
3193,0,0,9.585146703025627e-15,probability_native,9.585146703025627e-15,u_048159446b60f8f9,1,1,official,principal
5154,1,1,0.9817425634596599,probability_native,0.9817425634596599,u_048159446b60f8f9,1,1,official,principal
80,1,1,0.9987905978182332,probability_native,0.9987905978182332,u_048159446b60f8f9,1,1,official,principal
54,0,0,8.458447659805445e-05,probability_native,8.458447659805445e-05,u_048159446b60f8f9,1,1,official,principal
6673,0,1,0.9944083068893009,probability_native,0.9944083068893009,u_048159446b60f8f9,1,1,official,principal
2626,0,0,0.0008525901475698721,probability_native,0.0008525901475698721,u_048159446b60f8f9,1,1,official,principal
6947,0,0,0.0013219916127431377,probability_native,0.0013219916127431377,u_048159446b60f8f9,1,1,official,principal
5985,0,0,0.0015037246451565334,probability_native,0.0015037246451565334,u_048159446b60f8f9,1,1,official,principal
6451,0,0,0.0024913526866969667,probability_native,0.0024913526866969667,u_048159446b60f8f9,1,1,official,principal
6364,0,0,3.742767485205571e-14,probability_native,3.742767485205571e-14,u_048159446b60f8f9,1,1,official,principal
2285,1,1,0.737902265752847,probability_native,0.737902265752847,u_048159446b60f8f9,1,1,official,principal
6242,0,0,3.8214324492651726e-14,probability_native,3.8214324492651726e-14,u_048159446b60f8f9,1,1,official,principal
30,0,0,6.2568572994253136e-12,probability_native,6.2568572994253136e-12,u_048159446b60f8f9,1,1,official,principal
673,0,0,0.0003684427480344741,probability_native,0.0003684427480344741,u_048159446b60f8f9,1,1,official,principal
684,0,1,0.9765032744564979,probability_native,0.9765032744564979,u_048159446b60f8f9,1,1,official,principal
4424,1,0,0.32715846044559127,probability_native,0.32715846044559127,u_048159446b60f8f9,1,1,official,principal
1502,0,0,0.04117921997261606,probability_native,0.04117921997261606,u_048159446b60f8f9,1,1,official,principal
860,0,0,1.1238510950564595e-06,probability_native,1.1238510950564595e-06,u_048159446b60f8f9,1,1,official,principal
5445,0,0,6.85893570689808e-11,probability_native,6.85893570689808e-11,u_048159446b60f8f9,1,1,official,principal
3827,0,0,5.724210156655226e-06,probability_native,5.724210156655226e-06,u_048159446b60f8f9,1,1,official,principal
5014,0,0,0.3386360431381263,probability_native,0.3386360431381263,u_048159446b60f8f9,1,1,official,principal
1149,1,1,0.9526397157207689,probability_native,0.9526397157207689,u_048159446b60f8f9,1,1,official,principal
6990,0,1,0.9879588851646578,probability_native,0.9879588851646578,u_048159446b60f8f9,1,1,official,principal
1678,0,0,0.0005281802651169352,probability_native,0.0005281802651169352,u_048159446b60f8f9,1,1,official,principal
6957,0,1,0.9947806399555298,probability_native,0.9947806399555298,u_048159446b60f8f9,1,1,official,principal
6575,0,0,0.21177901259932344,probability_native,0.21177901259932344,u_048159446b60f8f9,1,1,official,principal
2574,1,1,0.9992050562202421,probability_native,0.9992050562202421,u_048159446b60f8f9,1,1,official,principal
5403,0,0,0.30056427203023084,probability_native,0.30056427203023084,u_048159446b60f8f9,1,1,official,principal
3947,0,0,0.16031304280667405,probability_native,0.16031304280667405,u_048159446b60f8f9,1,1,official,principal
1357,0,1,0.6285497636452113,probability_native,0.6285497636452113,u_048159446b60f8f9,1,1,official,principal
1386,0,0,4.276912815754375e-12,probability_native,4.276912815754375e-12,u_048159446b60f8f9,1,1,official,principal
4701,0,1,0.9998937011535058,probability_native,0.9998937011535058,u_048159446b60f8f9,1,1,official,principal
3213,0,0,9.932388295793218e-06,probability_native,9.932388295793218e-06,u_048159446b60f8f9,1,1,official,principal
6536,0,0,0.1287141230291314,probability_native,0.1287141230291314,u_048159446b60f8f9,1,1,official,principal
3406,0,0,2.8588455170541126e-06,probability_native,2.8588455170541126e-06,u_048159446b60f8f9,1,1,official,principal
1078,0,0,4.2329560137373365e-09,probability_native,4.2329560137373365e-09,u_048159446b60f8f9,1,1,official,principal
3849,1,0,2.690755536860567e-10,probability_native,2.690755536860567e-10,u_048159446b60f8f9,1,1,official,principal
5307,0,1,0.9984214428292383,probability_native,0.9984214428292383,u_048159446b60f8f9,1,1,official,principal
3168,0,0,2.908020734419594e-06,probability_native,2.908020734419594e-06,u_048159446b60f8f9,1,1,official,principal
4159,0,1,0.9668550302386395,probability_native,0.9668550302386395,u_048159446b60f8f9,1,1,official,principal
3865,0,0,0.00010268202193716762,probability_native,0.00010268202193716762,u_048159446b60f8f9,1,1,official,principal
5549,1,1,0.9986220267048399,probability_native,0.9986220267048399,u_048159446b60f8f9,1,1,official,principal
1647,1,1,0.9822109762896822,probability_native,0.9822109762896822,u_048159446b60f8f9,1,1,official,principal
1943,0,1,0.8274891502855177,probability_native,0.8274891502855177,u_048159446b60f8f9,1,1,official,principal
1545,0,0,1.8505700032134738e-09,probability_native,1.8505700032134738e-09,u_048159446b60f8f9,1,1,official,principal
4980,0,0,7.176951328923181e-05,probability_native,7.176951328923181e-05,u_048159446b60f8f9,1,1,official,principal
6798,0,1,0.9892894101400316,probability_native,0.9892894101400316,u_048159446b60f8f9,1,1,official,principal
5289,0,0,0.000767447972665889,probability_native,0.000767447972665889,u_048159446b60f8f9,1,1,official,principal
4463,1,1,0.9994777948243952,probability_native,0.9994777948243952,u_048159446b60f8f9,1,1,official,principal
6359,0,0,0.2506730503396566,probability_native,0.2506730503396566,u_048159446b60f8f9,1,1,official,principal
4804,0,0,0.008086189767485224,probability_native,0.008086189767485224,u_048159446b60f8f9,1,1,official,principal
5182,0,0,3.909224236498894e-06,probability_native,3.909224236498894e-06,u_048159446b60f8f9,1,1,official,principal
136,0,1,0.9709443870083206,probability_native,0.9709443870083206,u_048159446b60f8f9,1,1,official,principal
3588,0,1,0.7554298586807078,probability_native,0.7554298586807078,u_048159446b60f8f9,1,1,official,principal
2166,0,0,0.061503145074434114,probability_native,0.061503145074434114,u_048159446b60f8f9,1,1,official,principal
5111,1,1,0.8460820209864389,probability_native,0.8460820209864389,u_048159446b60f8f9,1,1,official,principal
4279,0,0,0.00022478300610854067,probability_native,0.00022478300610854067,u_048159446b60f8f9,1,1,official,principal
6767,0,0,0.04014386785658018,probability_native,0.04014386785658018,u_048159446b60f8f9,1,1,official,principal
4321,0,1,0.9994935378798772,probability_native,0.9994935378798772,u_048159446b60f8f9,1,1,official,principal
1409,0,1,0.8781094448002078,probability_native,0.8781094448002078,u_048159446b60f8f9,1,1,official,principal
2060,0,0,9.429374197577053e-13,probability_native,9.429374197577053e-13,u_048159446b60f8f9,1,1,official,principal
2462,0,0,0.24848199434043483,probability_native,0.24848199434043483,u_048159446b60f8f9,1,1,official,principal
5973,0,0,1.5485908687813416e-09,probability_native,1.5485908687813416e-09,u_048159446b60f8f9,1,1,official,principal
289,1,1,0.6801490206457598,probability_native,0.6801490206457598,u_048159446b60f8f9,1,1,official,principal
4342,0,0,4.1168400138543933e-10,probability_native,4.1168400138543933e-10,u_048159446b60f8f9,1,1,official,principal
2864,0,1,0.871917680008533,probability_native,0.871917680008533,u_048159446b60f8f9,1,1,official,principal
2033,1,0,0.0008462213742411773,probability_native,0.0008462213742411773,u_048159446b60f8f9,1,1,official,principal
3605,0,1,0.9596978523642855,probability_native,0.9596978523642855,u_048159446b60f8f9,1,1,official,principal
280,0,0,0.23289870865413412,probability_native,0.23289870865413412,u_048159446b60f8f9,1,1,official,principal
1930,0,0,0.016289741385768032,probability_native,0.016289741385768032,u_048159446b60f8f9,1,1,official,principal
4222,0,0,0.0007212115102129165,probability_native,0.0007212115102129165,u_048159446b60f8f9,1,1,official,principal
839,0,0,9.818299816252356e-15,probability_native,9.818299816252356e-15,u_048159446b60f8f9,1,1,official,principal
6275,0,0,3.207412684933149e-12,probability_native,3.207412684933149e-12,u_048159446b60f8f9,1,1,official,principal
506,0,1,0.9562789100091128,probability_native,0.9562789100091128,u_048159446b60f8f9,1,1,official,principal
5434,0,1,0.8248435094939363,probability_native,0.8248435094939363,u_048159446b60f8f9,1,1,official,principal
6526,1,0,0.05256562316765475,probability_native,0.05256562316765475,u_048159446b60f8f9,1,1,official,principal
5295,0,1,0.7526229654350624,probability_native,0.7526229654350624,u_048159446b60f8f9,1,1,official,principal
2703,1,1,0.9224018172224772,probability_native,0.9224018172224772,u_048159446b60f8f9,1,1,official,principal
2537,0,0,2.1233924261552673e-12,probability_native,2.1233924261552673e-12,u_048159446b60f8f9,1,1,official,principal
824,0,0,2.0639732544293213e-14,probability_native,2.0639732544293213e-14,u_048159446b60f8f9,1,1,official,principal
908,0,0,5.046341177105333e-05,probability_native,5.046341177105333e-05,u_048159446b60f8f9,1,1,official,principal
6823,0,1,0.8384986386451464,probability_native,0.8384986386451464,u_048159446b60f8f9,1,1,official,principal
3210,0,0,1.4154481784494024e-05,probability_native,1.4154481784494024e-05,u_048159446b60f8f9,1,1,official,principal
25,0,1,0.5246201804830064,probability_native,0.5246201804830064,u_048159446b60f8f9,1,1,official,principal
2379,1,1,0.9913962316514435,probability_native,0.9913962316514435,u_048159446b60f8f9,1,1,official,principal
6078,0,0,0.0064513606111723945,probability_native,0.0064513606111723945,u_048159446b60f8f9,1,1,official,principal
6325,1,1,0.7122659057096704,probability_native,0.7122659057096704,u_048159446b60f8f9,1,1,official,principal
1257,0,0,0.17798422631914443,probability_native,0.17798422631914443,u_048159446b60f8f9,1,1,official,principal
6216,0,0,7.23881327211013e-14,probability_native,7.23881327211013e-14,u_048159446b60f8f9,1,1,official,principal
4116,0,0,1.146434180537666e-06,probability_native,1.146434180537666e-06,u_048159446b60f8f9,1,1,official,principal
3746,1,1,0.998987145941918,probability_native,0.998987145941918,u_048159446b60f8f9,1,1,official,principal
6844,0,1,0.7370143286944154,probability_native,0.7370143286944154,u_048159446b60f8f9,1,1,official,principal
6893,1,0,0.016317500589276872,probability_native,0.016317500589276872,u_048159446b60f8f9,1,1,official,principal
1524,0,0,0.07782733220399561,probability_native,0.07782733220399561,u_048159446b60f8f9,1,1,official,principal
2196,0,0,1.7283230664410763e-05,probability_native,1.7283230664410763e-05,u_048159446b60f8f9,1,1,official,principal
2621,0,0,2.8577195091893685e-12,probability_native,2.8577195091893685e-12,u_048159446b60f8f9,1,1,official,principal
379,0,1,0.666623988643168,probability_native,0.666623988643168,u_048159446b60f8f9,1,1,official,principal
3929,0,0,0.004857857656167966,probability_native,0.004857857656167966,u_048159446b60f8f9,1,1,official,principal
7026,1,1,0.9415116295989879,probability_native,0.9415116295989879,u_048159446b60f8f9,1,1,official,principal
3221,0,1,0.7068345084930745,probability_native,0.7068345084930745,u_048159446b60f8f9,1,1,official,principal
2366,1,1,0.9999253372762447,probability_native,0.9999253372762447,u_048159446b60f8f9,1,1,official,principal
6255,0,0,0.0014476631104542133,probability_native,0.0014476631104542133,u_048159446b60f8f9,1,1,official,principal
5638,1,0,0.0038555559990813308,probability_native,0.0038555559990813308,u_048159446b60f8f9,1,1,official,principal
6606,1,1,0.9846788190596926,probability_native,0.9846788190596926,u_048159446b60f8f9,1,1,official,principal
1796,0,1,0.5603629180608668,probability_native,0.5603629180608668,u_048159446b60f8f9,1,1,official,principal
2682,1,1,0.7682342158184935,probability_native,0.7682342158184935,u_048159446b60f8f9,1,1,official,principal
6517,0,1,0.8964014623382076,probability_native,0.8964014623382076,u_048159446b60f8f9,1,1,official,principal
1217,0,0,4.510230131688774e-07,probability_native,4.510230131688774e-07,u_048159446b60f8f9,1,1,official,principal
5124,0,0,5.7844305154393954e-15,probability_native,5.7844305154393954e-15,u_048159446b60f8f9,1,1,official,principal
5856,0,1,0.830305098333029,probability_native,0.830305098333029,u_048159446b60f8f9,1,1,official,principal
5136,0,1,0.9991406195461315,probability_native,0.9991406195461315,u_048159446b60f8f9,1,1,official,principal
398,0,1,0.972790957596436,probability_native,0.972790957596436,u_048159446b60f8f9,1,1,official,principal
918,0,1,0.9989552805029791,probability_native,0.9989552805029791,u_048159446b60f8f9,1,1,official,principal
6759,0,0,0.25727050176676547,probability_native,0.25727050176676547,u_048159446b60f8f9,1,1,official,principal
3562,1,1,0.9999479917497021,probability_native,0.9999479917497021,u_048159446b60f8f9,1,1,official,principal
3120,0,0,5.585536392837144e-15,probability_native,5.585536392837144e-15,u_048159446b60f8f9,1,1,official,principal
5290,0,0,1.1119726567631841e-13,probability_native,1.1119726567631841e-13,u_048159446b60f8f9,1,1,official,principal
4617,0,0,0.002669812259760504,probability_native,0.002669812259760504,u_048159446b60f8f9,1,1,official,principal
1642,0,0,5.500747321787108e-05,probability_native,5.500747321787108e-05,u_048159446b60f8f9,1,1,official,principal
5104,0,0,3.855260346771327e-14,probability_native,3.855260346771327e-14,u_048159446b60f8f9,1,1,official,principal
4807,0,0,3.239213816318777e-11,probability_native,3.239213816318777e-11,u_048159446b60f8f9,1,1,official,principal
5800,0,1,0.9882772978807677,probability_native,0.9882772978807677,u_048159446b60f8f9,1,1,official,principal
3558,0,0,0.2585463672317659,probability_native,0.2585463672317659,u_048159446b60f8f9,1,1,official,principal
6819,1,1,0.9939489615260193,probability_native,0.9939489615260193,u_048159446b60f8f9,1,1,official,principal
5644,1,1,0.9959576504912906,probability_native,0.9959576504912906,u_048159446b60f8f9,1,1,official,principal
4138,1,1,0.9996876500576418,probability_native,0.9996876500576418,u_048159446b60f8f9,1,1,official,principal
460,0,0,3.898451069481709e-05,probability_native,3.898451069481709e-05,u_048159446b60f8f9,1,1,official,principal
3199,0,0,2.696497421535909e-14,probability_native,2.696497421535909e-14,u_048159446b60f8f9,1,1,official,principal
2332,0,0,0.001783259210463393,probability_native,0.001783259210463393,u_048159446b60f8f9,1,1,official,principal
5682,0,1,0.8077016711363889,probability_native,0.8077016711363889,u_048159446b60f8f9,1,1,official,principal
6859,0,0,9.872628270390495e-13,probability_native,9.872628270390495e-13,u_048159446b60f8f9,1,1,official,principal
2418,0,1,0.9985862967675074,probability_native,0.9985862967675074,u_048159446b60f8f9,1,1,official,principal
6784,0,0,0.0009737766774440573,probability_native,0.0009737766774440573,u_048159446b60f8f9,1,1,official,principal
6035,1,0,0.10493383625217359,probability_native,0.10493383625217359,u_048159446b60f8f9,1,1,official,principal
2929,0,0,9.831578942885451e-06,probability_native,9.831578942885451e-06,u_048159446b60f8f9,1,1,official,principal
2177,0,0,2.2704111868218097e-11,probability_native,2.2704111868218097e-11,u_048159446b60f8f9,1,1,official,principal
2632,0,0,2.6440112930592966e-10,probability_native,2.6440112930592966e-10,u_048159446b60f8f9,1,1,official,principal
4787,0,0,0.15067482490551046,probability_native,0.15067482490551046,u_048159446b60f8f9,1,1,official,principal
1976,1,1,0.9999809481551446,probability_native,0.9999809481551446,u_048159446b60f8f9,1,1,official,principal
762,1,1,0.998907799966648,probability_native,0.998907799966648,u_048159446b60f8f9,1,1,official,principal
5757,0,0,0.0008314359735601636,probability_native,0.0008314359735601636,u_048159446b60f8f9,1,1,official,principal
2977,0,0,0.0007898343167465479,probability_native,0.0007898343167465479,u_048159446b60f8f9,1,1,official,principal
2215,0,0,1.1884491344954562e-12,probability_native,1.1884491344954562e-12,u_048159446b60f8f9,1,1,official,principal
5042,0,0,3.467998438384443e-07,probability_native,3.467998438384443e-07,u_048159446b60f8f9,1,1,official,principal
3572,0,1,0.9998428515251837,probability_native,0.9998428515251837,u_048159446b60f8f9,1,1,official,principal
565,0,0,1.0931114057049049e-13,probability_native,1.0931114057049049e-13,u_048159446b60f8f9,1,1,official,principal
4888,0,0,0.4080342295297624,probability_native,0.4080342295297624,u_048159446b60f8f9,1,1,official,principal
2948,1,1,0.9994031471769231,probability_native,0.9994031471769231,u_048159446b60f8f9,1,1,official,principal
1979,0,0,2.1314089735615614e-14,probability_native,2.1314089735615614e-14,u_048159446b60f8f9,1,1,official,principal
2406,1,1,0.9997349623161534,probability_native,0.9997349623161534,u_048159446b60f8f9,1,1,official,principal
1344,0,0,6.0312068786696826e-05,probability_native,6.0312068786696826e-05,u_048159446b60f8f9,1,1,official,principal
6953,1,1,0.9999578224268243,probability_native,0.9999578224268243,u_048159446b60f8f9,1,1,official,principal
6052,0,0,3.096069921843227e-11,probability_native,3.096069921843227e-11,u_048159446b60f8f9,1,1,official,principal
6296,0,0,0.004063251570525162,probability_native,0.004063251570525162,u_048159446b60f8f9,1,1,official,principal
2309,0,0,2.8355131056667803e-10,probability_native,2.8355131056667803e-10,u_048159446b60f8f9,1,1,official,principal
6790,0,0,9.739194438252604e-14,probability_native,9.739194438252604e-14,u_048159446b60f8f9,1,1,official,principal
89,0,0,0.09309090218041507,probability_native,0.09309090218041507,u_048159446b60f8f9,1,1,official,principal
3594,0,1,0.8646046563202537,probability_native,0.8646046563202537,u_048159446b60f8f9,1,1,official,principal
3033,0,0,4.7322267395931093e-11,probability_native,4.7322267395931093e-11,u_048159446b60f8f9,1,1,official,principal
2979,0,0,0.1540302995316043,probability_native,0.1540302995316043,u_048159446b60f8f9,1,1,official,principal
5893,0,0,1.4695237889202001e-13,probability_native,1.4695237889202001e-13,u_048159446b60f8f9,1,1,official,principal
2966,0,1,0.9978228116619666,probability_native,0.9978228116619666,u_048159446b60f8f9,1,1,official,principal
1741,0,1,0.9724651544115029,probability_native,0.9724651544115029,u_048159446b60f8f9,1,1,official,principal
5126,0,0,0.3396450805780792,probability_native,0.3396450805780792,u_048159446b60f8f9,1,1,official,principal
2096,1,0,0.003876968618976947,probability_native,0.003876968618976947,u_048159446b60f8f9,1,1,official,principal
5712,0,0,0.0014733119636806305,probability_native,0.0014733119636806305,u_048159446b60f8f9,1,1,official,principal
3289,0,1,0.9434702750850267,probability_native,0.9434702750850267,u_048159446b60f8f9,1,1,official,principal
1091,0,0,0.14307543817480767,probability_native,0.14307543817480767,u_048159446b60f8f9,1,1,official,principal
5305,0,0,4.956425654696604e-10,probability_native,4.956425654696604e-10,u_048159446b60f8f9,1,1,official,principal
5391,0,0,0.02290381896018255,probability_native,0.02290381896018255,u_048159446b60f8f9,1,1,official,principal
5153,0,1,0.9992516928353368,probability_native,0.9992516928353368,u_048159446b60f8f9,1,1,official,principal
2288,0,1,0.9937297820878266,probability_native,0.9937297820878266,u_048159446b60f8f9,1,1,official,principal
4035,0,0,0.3187237369986898,probability_native,0.3187237369986898,u_048159446b60f8f9,1,1,official,principal
937,1,1,0.9976903343942882,probability_native,0.9976903343942882,u_048159446b60f8f9,1,1,official,principal
2026,0,0,0.015341710751636583,probability_native,0.015341710751636583,u_048159446b60f8f9,1,1,official,principal
3894,0,0,5.422279729932739e-13,probability_native,5.422279729932739e-13,u_048159446b60f8f9,1,1,official,principal
5165,1,1,0.9999184979263516,probability_native,0.9999184979263516,u_048159446b60f8f9,1,1,official,principal
947,0,1,0.9774312126622257,probability_native,0.9774312126622257,u_048159446b60f8f9,1,1,official,principal
3232,0,0,0.00018622436297020202,probability_native,0.00018622436297020202,u_048159446b60f8f9,1,1,official,principal
4974,1,0,0.12799255464256112,probability_native,0.12799255464256112,u_048159446b60f8f9,1,1,official,principal
5152,0,0,3.4762230880205154e-15,probability_native,3.4762230880205154e-15,u_048159446b60f8f9,1,1,official,principal
6813,1,0,3.098854412937926e-12,probability_native,3.098854412937926e-12,u_048159446b60f8f9,1,1,official,principal
4644,0,1,0.5202780098314748,probability_native,0.5202780098314748,u_048159446b60f8f9,1,1,official,principal
1226,0,0,8.814312926017174e-15,probability_native,8.814312926017174e-15,u_048159446b60f8f9,1,1,official,principal
5210,1,0,0.012166822541056093,probability_native,0.012166822541056093,u_048159446b60f8f9,1,1,official,principal
5769,0,0,7.309085331994631e-12,probability_native,7.309085331994631e-12,u_048159446b60f8f9,1,1,official,principal
5186,1,1,0.9954383742258494,probability_native,0.9954383742258494,u_048159446b60f8f9,1,1,official,principal
1372,0,1,0.968739180205837,probability_native,0.968739180205837,u_048159446b60f8f9,1,1,official,principal
3825,0,0,1.3648328014962077e-15,probability_native,1.3648328014962077e-15,u_048159446b60f8f9,1,1,official,principal
104,1,0,4.995041053948127e-11,probability_native,4.995041053948127e-11,u_048159446b60f8f9,1,1,official,principal
4949,1,1,0.8451285881165407,probability_native,0.8451285881165407,u_048159446b60f8f9,1,1,official,principal
1233,0,0,2.0578153283884743e-15,probability_native,2.0578153283884743e-15,u_048159446b60f8f9,1,1,official,principal
4634,0,0,0.0009921770602508713,probability_native,0.0009921770602508713,u_048159446b60f8f9,1,1,official,principal
739,0,0,1.4826656272490097e-11,probability_native,1.4826656272490097e-11,u_048159446b60f8f9,1,1,official,principal
1663,1,1,0.9938009517254957,probability_native,0.9938009517254957,u_048159446b60f8f9,1,1,official,principal
5417,0,0,1.7534226522282888e-10,probability_native,1.7534226522282888e-10,u_048159446b60f8f9,1,1,official,principal
6357,1,0,0.008212640335836591,probability_native,0.008212640335836591,u_048159446b60f8f9,1,1,official,principal
59,0,0,1.6707923972558697e-11,probability_native,1.6707923972558697e-11,u_048159446b60f8f9,1,1,official,principal
4384,1,1,0.971049743271786,probability_native,0.971049743271786,u_048159446b60f8f9,1,1,official,principal
5467,0,0,0.005280565987237027,probability_native,0.005280565987237027,u_048159446b60f8f9,1,1,official,principal
3754,0,0,0.00025139635751722695,probability_native,0.00025139635751722695,u_048159446b60f8f9,1,1,official,principal
6870,0,1,0.9755722773661198,probability_native,0.9755722773661198,u_048159446b60f8f9,1,1,official,principal
5731,0,0,0.0007238802706646604,probability_native,0.0007238802706646604,u_048159446b60f8f9,1,1,official,principal
2100,0,0,0.013338115741987054,probability_native,0.013338115741987054,u_048159446b60f8f9,1,1,official,principal
5843,0,1,0.8794045268709019,probability_native,0.8794045268709019,u_048159446b60f8f9,1,1,official,principal
6358,0,0,8.797429407883421e-13,probability_native,8.797429407883421e-13,u_048159446b60f8f9,1,1,official,principal
2947,0,0,0.2244569821000851,probability_native,0.2244569821000851,u_048159446b60f8f9,1,1,official,principal
6066,1,1,0.9992326901311054,probability_native,0.9992326901311054,u_048159446b60f8f9,1,1,official,principal
5599,1,1,0.9027857013803102,probability_native,0.9027857013803102,u_048159446b60f8f9,1,1,official,principal
5741,1,1,0.9995983346451041,probability_native,0.9995983346451041,u_048159446b60f8f9,1,1,official,principal
3336,0,0,1.1614806152364768e-15,probability_native,1.1614806152364768e-15,u_048159446b60f8f9,1,1,official,principal
6708,1,1,0.9999286207430926,probability_native,0.9999286207430926,u_048159446b60f8f9,1,1,official,principal
5454,1,1,0.999846382686697,probability_native,0.999846382686697,u_048159446b60f8f9,1,1,official,principal
4368,1,1,0.999955272646209,probability_native,0.999955272646209,u_048159446b60f8f9,1,1,official,principal
2953,1,1,0.968400686139035,probability_native,0.968400686139035,u_048159446b60f8f9,1,1,official,principal
3181,0,0,2.103498252734674e-12,probability_native,2.103498252734674e-12,u_048159446b60f8f9,1,1,official,principal
5353,0,1,0.7298875813074285,probability_native,0.7298875813074285,u_048159446b60f8f9,1,1,official,principal
3919,1,1,0.9993073548777003,probability_native,0.9993073548777003,u_048159446b60f8f9,1,1,official,principal
4380,0,0,1.2074561831894453e-14,probability_native,1.2074561831894453e-14,u_048159446b60f8f9,1,1,official,principal
6007,0,0,0.001131934807619972,probability_native,0.001131934807619972,u_048159446b60f8f9,1,1,official,principal
4331,0,0,1.9559691586052693e-14,probability_native,1.9559691586052693e-14,u_048159446b60f8f9,1,1,official,principal
3351,1,0,0.4472854022415824,probability_native,0.4472854022415824,u_048159446b60f8f9,1,1,official,principal
6962,1,1,0.9986363866044325,probability_native,0.9986363866044325,u_048159446b60f8f9,1,1,official,principal
5873,0,1,0.9955389677382238,probability_native,0.9955389677382238,u_048159446b60f8f9,1,1,official,principal
486,0,1,0.9996992734774658,probability_native,0.9996992734774658,u_048159446b60f8f9,1,1,official,principal
2378,1,1,0.9957993258295373,probability_native,0.9957993258295373,u_048159446b60f8f9,1,1,official,principal
2958,0,0,0.00011309401758551822,probability_native,0.00011309401758551822,u_048159446b60f8f9,1,1,official,principal
5112,1,0,0.00028040633816538233,probability_native,0.00028040633816538233,u_048159446b60f8f9,1,1,official,principal
1013,0,1,0.9621553586494379,probability_native,0.9621553586494379,u_048159446b60f8f9,1,1,official,principal
6868,1,1,0.999765703233922,probability_native,0.999765703233922,u_048159446b60f8f9,1,1,official,principal
2141,0,0,0.000292234256661199,probability_native,0.000292234256661199,u_048159446b60f8f9,1,1,official,principal
5306,1,1,0.9960659039860453,probability_native,0.9960659039860453,u_048159446b60f8f9,1,1,official,principal
540,0,0,7.122064014614101e-13,probability_native,7.122064014614101e-13,u_048159446b60f8f9,1,1,official,principal
2242,0,0,3.424203190850038e-06,probability_native,3.424203190850038e-06,u_048159446b60f8f9,1,1,official,principal
5994,1,1,0.9869726220549199,probability_native,0.9869726220549199,u_048159446b60f8f9,1,1,official,principal
3257,0,1,0.990782527981557,probability_native,0.990782527981557,u_048159446b60f8f9,1,1,official,principal
5641,0,0,1.910725681298202e-06,probability_native,1.910725681298202e-06,u_048159446b60f8f9,1,1,official,principal
1,0,0,0.0027145637348394637,probability_native,0.0027145637348394637,u_048159446b60f8f9,1,1,official,principal
2269,1,1,0.9763455036976418,probability_native,0.9763455036976418,u_048159446b60f8f9,1,1,official,principal
6617,0,0,0.004412890329820837,probability_native,0.004412890329820837,u_048159446b60f8f9,1,1,official,principal
4762,0,1,0.9616939235991249,probability_native,0.9616939235991249,u_048159446b60f8f9,1,1,official,principal
3017,0,0,0.0004233119109438565,probability_native,0.0004233119109438565,u_048159446b60f8f9,1,1,official,principal
1203,0,0,1.572589041578571e-14,probability_native,1.572589041578571e-14,u_048159446b60f8f9,1,1,official,principal
410,1,1,0.9999172937242562,probability_native,0.9999172937242562,u_048159446b60f8f9,1,1,official,principal
1591,0,0,8.7893813345455e-05,probability_native,8.7893813345455e-05,u_048159446b60f8f9,1,1,official,principal
2660,0,0,0.09025592361313266,probability_native,0.09025592361313266,u_048159446b60f8f9,1,1,official,principal
5426,0,0,4.941953279222995e-10,probability_native,4.941953279222995e-10,u_048159446b60f8f9,1,1,official,principal
877,0,0,9.465296403797234e-05,probability_native,9.465296403797234e-05,u_048159446b60f8f9,1,1,official,principal
1839,0,0,4.01981063147829e-13,probability_native,4.01981063147829e-13,u_048159446b60f8f9,1,1,official,principal
862,1,1,0.9995484524699667,probability_native,0.9995484524699667,u_048159446b60f8f9,1,1,official,principal
3318,1,0,0.1014453993213015,probability_native,0.1014453993213015,u_048159446b60f8f9,1,1,official,principal
5537,0,0,2.7205910764413744e-11,probability_native,2.7205910764413744e-11,u_048159446b60f8f9,1,1,official,principal
1919,1,1,0.6595956891660839,probability_native,0.6595956891660839,u_048159446b60f8f9,1,1,official,principal
4276,1,1,0.8690482557754454,probability_native,0.8690482557754454,u_048159446b60f8f9,1,1,official,principal
509,0,0,0.0002643180402669017,probability_native,0.0002643180402669017,u_048159446b60f8f9,1,1,official,principal
624,1,0,0.0006912257850678217,probability_native,0.0006912257850678217,u_048159446b60f8f9,1,1,official,principal
2151,0,0,6.707052941836255e-14,probability_native,6.707052941836255e-14,u_048159446b60f8f9,1,1,official,principal
2532,0,1,0.7279488910204459,probability_native,0.7279488910204459,u_048159446b60f8f9,1,1,official,principal
2203,0,0,7.350390888761646e-06,probability_native,7.350390888761646e-06,u_048159446b60f8f9,1,1,official,principal
6736,0,0,1.607852299276628e-15,probability_native,1.607852299276628e-15,u_048159446b60f8f9,1,1,official,principal
2912,0,1,0.9994150686294281,probability_native,0.9994150686294281,u_048159446b60f8f9,1,1,official,principal
1964,0,0,0.0006061986750378072,probability_native,0.0006061986750378072,u_048159446b60f8f9,1,1,official,principal
566,0,0,0.07233390940090778,probability_native,0.07233390940090778,u_048159446b60f8f9,1,1,official,principal
159,0,0,5.62387006148335e-13,probability_native,5.62387006148335e-13,u_048159446b60f8f9,1,1,official,principal
235,1,1,0.9000536704243186,probability_native,0.9000536704243186,u_048159446b60f8f9,1,1,official,principal
3393,0,0,2.2017422437394285e-10,probability_native,2.2017422437394285e-10,u_048159446b60f8f9,1,1,official,principal
2183,0,0,0.4405712324815438,probability_native,0.4405712324815438,u_048159446b60f8f9,1,1,official,principal
1320,0,0,0.002967579961253356,probability_native,0.002967579961253356,u_048159446b60f8f9,1,1,official,principal
1779,0,1,0.9976600095179273,probability_native,0.9976600095179273,u_048159446b60f8f9,1,1,official,principal
3696,1,1,0.9080352475928383,probability_native,0.9080352475928383,u_048159446b60f8f9,1,1,official,principal
6914,1,1,0.9988129893994089,probability_native,0.9988129893994089,u_048159446b60f8f9,1,1,official,principal
1575,1,1,0.7936231756055437,probability_native,0.7936231756055437,u_048159446b60f8f9,1,1,official,principal
6553,0,0,4.68235392975067e-12,probability_native,4.68235392975067e-12,u_048159446b60f8f9,1,1,official,principal
2787,0,0,6.132089753996725e-16,probability_native,6.132089753996725e-16,u_048159446b60f8f9,1,1,official,principal
6406,0,0,0.3362445197978587,probability_native,0.3362445197978587,u_048159446b60f8f9,1,1,official,principal
2717,0,0,1.4031502894878496e-13,probability_native,1.4031502894878496e-13,u_048159446b60f8f9,1,1,official,principal
285,0,1,0.5192916372187628,probability_native,0.5192916372187628,u_048159446b60f8f9,1,1,official,principal
1274,0,0,7.416500675214051e-11,probability_native,7.416500675214051e-11,u_048159446b60f8f9,1,1,official,principal
31,0,1,0.9974868552480056,probability_native,0.9974868552480056,u_048159446b60f8f9,1,1,official,principal
5879,0,0,1.6452281091957178e-11,probability_native,1.6452281091957178e-11,u_048159446b60f8f9,1,1,official,principal
4987,0,0,8.585841196977074e-15,probability_native,8.585841196977074e-15,u_048159446b60f8f9,1,1,official,principal
1493,0,1,0.9734592509579549,probability_native,0.9734592509579549,u_048159446b60f8f9,1,1,official,principal
6903,0,0,0.16646414300062162,probability_native,0.16646414300062162,u_048159446b60f8f9,1,1,official,principal
174,0,0,7.397183111470778e-06,probability_native,7.397183111470778e-06,u_048159446b60f8f9,1,1,official,principal
361,0,0,6.560784880209178e-09,probability_native,6.560784880209178e-09,u_048159446b60f8f9,1,1,official,principal
2882,0,1,0.9979596235986845,probability_native,0.9979596235986845,u_048159446b60f8f9,1,1,official,principal
3184,0,0,3.5447098444878167e-12,probability_native,3.5447098444878167e-12,u_048159446b60f8f9,1,1,official,principal
6616,1,1,0.9971748993076316,probability_native,0.9971748993076316,u_048159446b60f8f9,1,1,official,principal
3328,0,1,0.999519854615286,probability_native,0.999519854615286,u_048159446b60f8f9,1,1,official,principal
4751,1,0,0.00014556885120686205,probability_native,0.00014556885120686205,u_048159446b60f8f9,1,1,official,principal
5737,0,0,0.2684697898807491,probability_native,0.2684697898807491,u_048159446b60f8f9,1,1,official,principal
5009,0,0,0.00010087398277051675,probability_native,0.00010087398277051675,u_048159446b60f8f9,1,1,official,principal
4482,1,1,0.9996361858233932,probability_native,0.9996361858233932,u_048159446b60f8f9,1,1,official,principal
5981,0,0,1.0672814370715167e-14,probability_native,1.0672814370715167e-14,u_048159446b60f8f9,1,1,official,principal
2619,1,1,0.9985675560371112,probability_native,0.9985675560371112,u_048159446b60f8f9,1,1,official,principal
109,0,0,1.222699710212427e-16,probability_native,1.222699710212427e-16,u_048159446b60f8f9,1,1,official,principal
4182,1,1,0.9988292138492509,probability_native,0.9988292138492509,u_048159446b60f8f9,1,1,official,principal
2507,0,0,1.5532112443984487e-13,probability_native,1.5532112443984487e-13,u_048159446b60f8f9,1,1,official,principal
6172,1,1,0.998583818704688,probability_native,0.998583818704688,u_048159446b60f8f9,1,1,official,principal
5455,0,0,0.00011350317607042292,probability_native,0.00011350317607042292,u_048159446b60f8f9,1,1,official,principal
4467,0,0,0.005681895790485771,probability_native,0.005681895790485771,u_048159446b60f8f9,1,1,official,principal
4167,0,0,0.035953588529110216,probability_native,0.035953588529110216,u_048159446b60f8f9,1,1,official,principal
4269,1,0,0.381331129093938,probability_native,0.381331129093938,u_048159446b60f8f9,1,1,official,principal
847,0,0,9.349396991379104e-06,probability_native,9.349396991379104e-06,u_048159446b60f8f9,1,1,official,principal
1145,0,1,0.9051395135039909,probability_native,0.9051395135039909,u_048159446b60f8f9,1,1,official,principal
1971,0,0,5.958580956735578e-06,probability_native,5.958580956735578e-06,u_048159446b60f8f9,1,1,official,principal
5827,0,1,0.6865750370176269,probability_native,0.6865750370176269,u_048159446b60f8f9,1,1,official,principal
5832,1,1,0.9910803164696599,probability_native,0.9910803164696599,u_048159446b60f8f9,1,1,official,principal
1349,0,1,0.7681019905904612,probability_native,0.7681019905904612,u_048159446b60f8f9,1,1,official,principal
77,0,0,0.03287560580570222,probability_native,0.03287560580570222,u_048159446b60f8f9,1,1,official,principal
1859,1,1,0.9908559086582055,probability_native,0.9908559086582055,u_048159446b60f8f9,1,1,official,principal
720,0,0,5.358914606860329e-07,probability_native,5.358914606860329e-07,u_048159446b60f8f9,1,1,official,principal
2245,0,0,3.507181603227029e-11,probability_native,3.507181603227029e-11,u_048159446b60f8f9,1,1,official,principal
6699,0,0,4.0189699507538794e-14,probability_native,4.0189699507538794e-14,u_048159446b60f8f9,1,1,official,principal
572,0,0,0.008418176853592415,probability_native,0.008418176853592415,u_048159446b60f8f9,1,1,official,principal
7014,0,1,0.9975019038744344,probability_native,0.9975019038744344,u_048159446b60f8f9,1,1,official,principal
5342,1,1,0.9924829553575939,probability_native,0.9924829553575939,u_048159446b60f8f9,1,1,official,principal
3733,0,0,1.3671867687165231e-12,probability_native,1.3671867687165231e-12,u_048159446b60f8f9,1,1,official,principal
1937,0,0,8.921317052718748e-15,probability_native,8.921317052718748e-15,u_048159446b60f8f9,1,1,official,principal
4294,0,0,0.25287690883832653,probability_native,0.25287690883832653,u_048159446b60f8f9,1,1,official,principal
5861,0,0,3.232843307869441e-14,probability_native,3.232843307869441e-14,u_048159446b60f8f9,1,1,official,principal
994,0,0,3.7271181707208637e-14,probability_native,3.7271181707208637e-14,u_048159446b60f8f9,1,1,official,principal
4783,0,0,0.0027532029316538888,probability_native,0.0027532029316538888,u_048159446b60f8f9,1,1,official,principal
330,0,0,1.3053981326058773e-14,probability_native,1.3053981326058773e-14,u_048159446b60f8f9,1,1,official,principal
5411,1,1,0.964521556551722,probability_native,0.964521556551722,u_048159446b60f8f9,1,1,official,principal
604,0,0,0.11907244237517312,probability_native,0.11907244237517312,u_048159446b60f8f9,1,1,official,principal
6607,1,1,0.629294042179581,probability_native,0.629294042179581,u_048159446b60f8f9,1,1,official,principal
6176,1,1,0.9954553094609356,probability_native,0.9954553094609356,u_048159446b60f8f9,1,1,official,principal
1419,0,0,1.8408243369179688e-15,probability_native,1.8408243369179688e-15,u_048159446b60f8f9,1,1,official,principal
6516,1,1,0.8457791579897708,probability_native,0.8457791579897708,u_048159446b60f8f9,1,1,official,principal
2777,0,0,0.0029632794242554854,probability_native,0.0029632794242554854,u_048159446b60f8f9,1,1,official,principal
3343,0,0,1.3234056660142033e-05,probability_native,1.3234056660142033e-05,u_048159446b60f8f9,1,1,official,principal
6524,1,1,0.9974360342038397,probability_native,0.9974360342038397,u_048159446b60f8f9,1,1,official,principal
1167,0,0,0.05068298949973799,probability_native,0.05068298949973799,u_048159446b60f8f9,1,1,official,principal
2592,0,0,0.0002076133789387656,probability_native,0.0002076133789387656,u_048159446b60f8f9,1,1,official,principal
205,0,0,0.25429487891620417,probability_native,0.25429487891620417,u_048159446b60f8f9,1,1,official,principal
4196,0,0,6.969050729627879e-16,probability_native,6.969050729627879e-16,u_048159446b60f8f9,1,1,official,principal
4356,0,0,0.00022789643377272718,probability_native,0.00022789643377272718,u_048159446b60f8f9,1,1,official,principal
3977,0,0,2.607493637159149e-12,probability_native,2.607493637159149e-12,u_048159446b60f8f9,1,1,official,principal
6920,0,0,4.2069767440410956e-15,probability_native,4.2069767440410956e-15,u_048159446b60f8f9,1,1,official,principal
1085,1,1,0.999865927243581,probability_native,0.999865927243581,u_048159446b60f8f9,1,1,official,principal
4952,0,1,0.9944165275010669,probability_native,0.9944165275010669,u_048159446b60f8f9,1,1,official,principal
5746,1,1,0.979804621991186,probability_native,0.979804621991186,u_048159446b60f8f9,1,1,official,principal
480,0,0,8.894631788922927e-15,probability_native,8.894631788922927e-15,u_048159446b60f8f9,1,1,official,principal
6305,1,1,0.999179923705144,probability_native,0.999179923705144,u_048159446b60f8f9,1,1,official,principal
6651,0,0,0.0439291260065137,probability_native,0.0439291260065137,u_048159446b60f8f9,1,1,official,principal
5823,0,0,0.0005316517046475118,probability_native,0.0005316517046475118,u_048159446b60f8f9,1,1,official,principal
5146,0,1,0.9956112278083741,probability_native,0.9956112278083741,u_048159446b60f8f9,1,1,official,principal
3842,0,1,0.9236654210420616,probability_native,0.9236654210420616,u_048159446b60f8f9,1,1,official,principal
2314,0,0,4.795917349846845e-13,probability_native,4.795917349846845e-13,u_048159446b60f8f9,1,1,official,principal
3924,1,0,0.05224279485161294,probability_native,0.05224279485161294,u_048159446b60f8f9,1,1,official,principal
6450,0,0,5.5058857934315094e-15,probability_native,5.5058857934315094e-15,u_048159446b60f8f9,1,1,official,principal
3135,1,1,0.9992751329757661,probability_native,0.9992751329757661,u_048159446b60f8f9,1,1,official,principal
550,0,0,4.821434418389375e-12,probability_native,4.821434418389375e-12,u_048159446b60f8f9,1,1,official,principal
1982,0,0,3.602466708430463e-05,probability_native,3.602466708430463e-05,u_048159446b60f8f9,1,1,official,principal
2158,0,0,3.369294388257579e-11,probability_native,3.369294388257579e-11,u_048159446b60f8f9,1,1,official,principal
2169,0,0,1.5230987762188334e-12,probability_native,1.5230987762188334e-12,u_048159446b60f8f9,1,1,official,principal
200,0,0,0.02026502656503487,probability_native,0.02026502656503487,u_048159446b60f8f9,1,1,official,principal
5632,0,0,3.790612846387989e-15,probability_native,3.790612846387989e-15,u_048159446b60f8f9,1,1,official,principal
4189,0,0,2.9828302822986833e-06,probability_native,2.9828302822986833e-06,u_048159446b60f8f9,1,1,official,principal
1938,0,0,0.00029293553876190686,probability_native,0.00029293553876190686,u_048159446b60f8f9,1,1,official,principal
3607,0,0,0.0019743226367391798,probability_native,0.0019743226367391798,u_048159446b60f8f9,1,1,official,principal
2916,0,0,0.004114624386904561,probability_native,0.004114624386904561,u_048159446b60f8f9,1,1,official,principal
5645,0,0,0.0006317143992935976,probability_native,0.0006317143992935976,u_048159446b60f8f9,1,1,official,principal
2706,1,1,0.9958674704442041,probability_native,0.9958674704442041,u_048159446b60f8f9,1,1,official,principal
1668,0,1,0.8117701319015589,probability_native,0.8117701319015589,u_048159446b60f8f9,1,1,official,principal
6380,0,1,0.9837384459424472,probability_native,0.9837384459424472,u_048159446b60f8f9,1,1,official,principal
464,0,0,1.7392768353216202e-11,probability_native,1.7392768353216202e-11,u_048159446b60f8f9,1,1,official,principal
3308,0,0,8.792174387096363e-14,probability_native,8.792174387096363e-14,u_048159446b60f8f9,1,1,official,principal
6341,1,1,0.9989042760465825,probability_native,0.9989042760465825,u_048159446b60f8f9,1,1,official,principal
2116,1,1,0.979039553716953,probability_native,0.979039553716953,u_048159446b60f8f9,1,1,official,principal
3241,1,0,0.0002526348104985279,probability_native,0.0002526348104985279,u_048159446b60f8f9,1,1,official,principal
3645,0,0,0.0001906665196361498,probability_native,0.0001906665196361498,u_048159446b60f8f9,1,1,official,principal
5525,0,0,1.3163008640998814e-06,probability_native,1.3163008640998814e-06,u_048159446b60f8f9,1,1,official,principal
2128,0,0,0.020497480698646636,probability_native,0.020497480698646636,u_048159446b60f8f9,1,1,official,principal
6797,0,1,0.9776644885370493,probability_native,0.9776644885370493,u_048159446b60f8f9,1,1,official,principal
6762,1,1,0.5862155523134311,probability_native,0.5862155523134311,u_048159446b60f8f9,1,1,official,principal
633,0,0,4.4897740269944355e-06,probability_native,4.4897740269944355e-06,u_048159446b60f8f9,1,1,official,principal
1612,1,0,0.008409134098855003,probability_native,0.008409134098855003,u_048159446b60f8f9,1,1,official,principal
5904,0,0,0.10825830946319143,probability_native,0.10825830946319143,u_048159446b60f8f9,1,1,official,principal
6856,0,0,8.501259543855296e-16,probability_native,8.501259543855296e-16,u_048159446b60f8f9,1,1,official,principal
1181,1,1,0.9935548900865521,probability_native,0.9935548900865521,u_048159446b60f8f9,1,1,official,principal
5495,1,1,0.9970902551485036,probability_native,0.9970902551485036,u_048159446b60f8f9,1,1,official,principal
6277,1,0,0.00021153363259913984,probability_native,0.00021153363259913984,u_048159446b60f8f9,1,1,official,principal
2306,0,1,0.9994605358830748,probability_native,0.9994605358830748,u_048159446b60f8f9,1,1,official,principal
1094,0,0,0.00582315690597014,probability_native,0.00582315690597014,u_048159446b60f8f9,1,1,official,principal
2872,0,0,7.091869080223762e-14,probability_native,7.091869080223762e-14,u_048159446b60f8f9,1,1,official,principal
4777,0,0,0.2798081788628859,probability_native,0.2798081788628859,u_048159446b60f8f9,1,1,official,principal
3189,0,0,1.762070552383485e-05,probability_native,1.762070552383485e-05,u_048159446b60f8f9,1,1,official,principal
4591,0,0,0.013221965726298912,probability_native,0.013221965726298912,u_048159446b60f8f9,1,1,official,principal
1908,0,0,1.662547342959932e-15,probability_native,1.662547342959932e-15,u_048159446b60f8f9,1,1,official,principal
2560,1,1,0.9733520847428098,probability_native,0.9733520847428098,u_048159446b60f8f9,1,1,official,principal
4616,0,1,0.795879302236346,probability_native,0.795879302236346,u_048159446b60f8f9,1,1,official,principal
3859,0,0,0.2578148067822378,probability_native,0.2578148067822378,u_048159446b60f8f9,1,1,official,principal
780,0,0,8.854761286033209e-13,probability_native,8.854761286033209e-13,u_048159446b60f8f9,1,1,official,principal
4720,0,0,0.21249773927795518,probability_native,0.21249773927795518,u_048159446b60f8f9,1,1,official,principal
858,0,0,0.001985958462092921,probability_native,0.001985958462092921,u_048159446b60f8f9,1,1,official,principal
1521,0,0,0.007277488003928174,probability_native,0.007277488003928174,u_048159446b60f8f9,1,1,official,principal
1319,1,0,0.00016120728106614227,probability_native,0.00016120728106614227,u_048159446b60f8f9,1,1,official,principal
3161,0,0,4.962339394861549e-06,probability_native,4.962339394861549e-06,u_048159446b60f8f9,1,1,official,principal
4181,0,1,0.9647962592776544,probability_native,0.9647962592776544,u_048159446b60f8f9,1,1,official,principal
5114,0,1,0.9923887799822568,probability_native,0.9923887799822568,u_048159446b60f8f9,1,1,official,principal
5064,1,0,0.054856547675256856,probability_native,0.054856547675256856,u_048159446b60f8f9,1,1,official,principal
1882,0,0,0.10971100848616828,probability_native,0.10971100848616828,u_048159446b60f8f9,1,1,official,principal
1301,0,0,1.0645515240978326e-13,probability_native,1.0645515240978326e-13,u_048159446b60f8f9,1,1,official,principal
5366,0,0,5.1901994230776926e-11,probability_native,5.1901994230776926e-11,u_048159446b60f8f9,1,1,official,principal
677,1,1,0.9588441578901856,probability_native,0.9588441578901856,u_048159446b60f8f9,1,1,official,principal
1944,1,0,0.029765295509424684,probability_native,0.029765295509424684,u_048159446b60f8f9,1,1,official,principal
693,1,1,0.9898481633155448,probability_native,0.9898481633155448,u_048159446b60f8f9,1,1,official,principal
1914,0,1,0.9634063762458224,probability_native,0.9634063762458224,u_048159446b60f8f9,1,1,official,principal
6960,0,1,0.9988312268540869,probability_native,0.9988312268540869,u_048159446b60f8f9,1,1,official,principal
141,1,1,0.8308898956097222,probability_native,0.8308898956097222,u_048159446b60f8f9,1,1,official,principal
4515,0,1,0.9966840015631475,probability_native,0.9966840015631475,u_048159446b60f8f9,1,1,official,principal
5683,1,1,0.9499716408803659,probability_native,0.9499716408803659,u_048159446b60f8f9,1,1,official,principal
1542,0,0,1.1242976253621427e-12,probability_native,1.1242976253621427e-12,u_048159446b60f8f9,1,1,official,principal
5073,0,0,0.005497271885641474,probability_native,0.005497271885641474,u_048159446b60f8f9,1,1,official,principal
261,1,1,0.9999314878204455,probability_native,0.9999314878204455,u_048159446b60f8f9,1,1,official,principal
2658,0,0,7.521988493507103e-15,probability_native,7.521988493507103e-15,u_048159446b60f8f9,1,1,official,principal
5192,0,0,1.5203621545676854e-15,probability_native,1.5203621545676854e-15,u_048159446b60f8f9,1,1,official,principal
2852,0,0,4.941945539385875e-12,probability_native,4.941945539385875e-12,u_048159446b60f8f9,1,1,official,principal
2994,0,0,1.2164976117707638e-13,probability_native,1.2164976117707638e-13,u_048159446b60f8f9,1,1,official,principal
2839,0,0,7.493751499090888e-15,probability_native,7.493751499090888e-15,u_048159446b60f8f9,1,1,official,principal
1983,0,0,0.0029114371759030215,probability_native,0.0029114371759030215,u_048159446b60f8f9,1,1,official,principal
1437,0,1,0.558649958776867,probability_native,0.558649958776867,u_048159446b60f8f9,1,1,official,principal
2901,0,0,7.025137471934747e-11,probability_native,7.025137471934747e-11,u_048159446b60f8f9,1,1,official,principal
220,1,1,0.9994559706464446,probability_native,0.9994559706464446,u_048159446b60f8f9,1,1,official,principal
759,0,0,1.950245562227423e-12,probability_native,1.950245562227423e-12,u_048159446b60f8f9,1,1,official,principal
2153,0,1,0.9970160293510505,probability_native,0.9970160293510505,u_048159446b60f8f9,1,1,official,principal
2394,0,0,0.008405392015927868,probability_native,0.008405392015927868,u_048159446b60f8f9,1,1,official,principal
39,1,1,0.9988582219205446,probability_native,0.9988582219205446,u_048159446b60f8f9,1,1,official,principal
668,1,1,0.6810786239389823,probability_native,0.6810786239389823,u_048159446b60f8f9,1,1,official,principal
4772,0,0,4.082434379341346e-05,probability_native,4.082434379341346e-05,u_048159446b60f8f9,1,1,official,principal
2065,0,1,0.9973226797100369,probability_native,0.9973226797100369,u_048159446b60f8f9,1,1,official,principal
1754,0,0,0.0010802451297240773,probability_native,0.0010802451297240773,u_048159446b60f8f9,1,1,official,principal
6756,0,1,0.9994109090694513,probability_native,0.9994109090694513,u_048159446b60f8f9,1,1,official,principal
2599,0,0,6.00101936044956e-13,probability_native,6.00101936044956e-13,u_048159446b60f8f9,1,1,official,principal
5565,1,1,0.894343764362221,probability_native,0.894343764362221,u_048159446b60f8f9,1,1,official,principal
1132,1,1,0.998017384261108,probability_native,0.998017384261108,u_048159446b60f8f9,1,1,official,principal
2441,0,1,0.9980689304359976,probability_native,0.9980689304359976,u_048159446b60f8f9,1,1,official,principal
3243,0,1,0.9310836033807924,probability_native,0.9310836033807924,u_048159446b60f8f9,1,1,official,principal
4260,0,0,0.01022159436270012,probability_native,0.01022159436270012,u_048159446b60f8f9,1,1,official,principal
432,0,1,0.8619367388902093,probability_native,0.8619367388902093,u_048159446b60f8f9,1,1,official,principal
4146,1,1,0.9968340458318782,probability_native,0.9968340458318782,u_048159446b60f8f9,1,1,official,principal
2971,0,0,1.345802622936306e-13,probability_native,1.345802622936306e-13,u_048159446b60f8f9,1,1,official,principal
855,1,0,0.18842712515049068,probability_native,0.18842712515049068,u_048159446b60f8f9,1,1,official,principal
1581,0,0,0.07918080052867171,probability_native,0.07918080052867171,u_048159446b60f8f9,1,1,official,principal
1550,0,1,0.9998416942017285,probability_native,0.9998416942017285,u_048159446b60f8f9,1,1,official,principal
1715,0,0,2.095159757350032e-15,probability_native,2.095159757350032e-15,u_048159446b60f8f9,1,1,official,principal
732,0,1,0.9829918972628838,probability_native,0.9829918972628838,u_048159446b60f8f9,1,1,official,principal
239,0,0,6.643814018298088e-14,probability_native,6.643814018298088e-14,u_048159446b60f8f9,1,1,official,principal
1243,1,1,0.967821703048213,probability_native,0.967821703048213,u_048159446b60f8f9,1,1,official,principal
2741,1,1,0.9999729848946679,probability_native,0.9999729848946679,u_048159446b60f8f9,1,1,official,principal
4421,0,1,0.863276415784371,probability_native,0.863276415784371,u_048159446b60f8f9,1,1,official,principal
6033,1,1,0.9998799841342282,probability_native,0.9998799841342282,u_048159446b60f8f9,1,1,official,principal
6082,1,1,0.9039332402567213,probability_native,0.9039332402567213,u_048159446b60f8f9,1,1,official,principal
3219,0,0,1.1683168075320256e-14,probability_native,1.1683168075320256e-14,u_048159446b60f8f9,1,1,official,principal
3053,0,0,4.458669446132013e-11,probability_native,4.458669446132013e-11,u_048159446b60f8f9,1,1,official,principal
4091,0,1,0.5164894917814562,probability_native,0.5164894917814562,u_048159446b60f8f9,1,1,official,principal
2751,0,0,0.030687113908136384,probability_native,0.030687113908136384,u_048159446b60f8f9,1,1,official,principal
5790,0,1,0.6060457548326613,probability_native,0.6060457548326613,u_048159446b60f8f9,1,1,official,principal
1463,1,1,0.9983052432406726,probability_native,0.9983052432406726,u_048159446b60f8f9,1,1,official,principal
3086,0,1,0.9873136968766815,probability_native,0.9873136968766815,u_048159446b60f8f9,1,1,official,principal
648,1,1,0.9998353159392028,probability_native,0.9998353159392028,u_048159446b60f8f9,1,1,official,principal
204,0,1,0.6581238549404007,probability_native,0.6581238549404007,u_048159446b60f8f9,1,1,official,principal
1384,1,1,0.9979970220920695,probability_native,0.9979970220920695,u_048159446b60f8f9,1,1,official,principal
4746,1,1,0.9996791444032704,probability_native,0.9996791444032704,u_048159446b60f8f9,1,1,official,principal
3421,0,0,4.78112212473052e-12,probability_native,4.78112212473052e-12,u_048159446b60f8f9,1,1,official,principal
957,0,1,0.871523028720919,probability_native,0.871523028720919,u_048159446b60f8f9,1,1,official,principal
2387,0,1,0.9988868013773392,probability_native,0.9988868013773392,u_048159446b60f8f9,1,1,official,principal
1679,0,1,0.8950364885549364,probability_native,0.8950364885549364,u_048159446b60f8f9,1,1,official,principal
4578,0,1,0.7790852016640729,probability_native,0.7790852016640729,u_048159446b60f8f9,1,1,official,principal
2578,1,1,0.9930482978146209,probability_native,0.9930482978146209,u_048159446b60f8f9,1,1,official,principal
1148,1,1,0.9998841721912367,probability_native,0.9998841721912367,u_048159446b60f8f9,1,1,official,principal
4679,0,0,4.557369620191078e-12,probability_native,4.557369620191078e-12,u_048159446b60f8f9,1,1,official,principal
926,1,1,0.9999085002160752,probability_native,0.9999085002160752,u_048159446b60f8f9,1,1,official,principal
4882,0,0,4.449041017842703e-12,probability_native,4.449041017842703e-12,u_048159446b60f8f9,1,1,official,principal
781,0,0,0.15503342802797848,probability_native,0.15503342802797848,u_048159446b60f8f9,1,1,official,principal
4102,0,1,0.7393174897109936,probability_native,0.7393174897109936,u_048159446b60f8f9,1,1,official,principal
6769,0,0,7.0529991746241395e-15,probability_native,7.0529991746241395e-15,u_048159446b60f8f9,1,1,official,principal
1858,1,1,0.990243180602778,probability_native,0.990243180602778,u_048159446b60f8f9,1,1,official,principal
1183,0,0,0.33605342527386484,probability_native,0.33605342527386484,u_048159446b60f8f9,1,1,official,principal
4217,0,1,0.9998358928891049,probability_native,0.9998358928891049,u_048159446b60f8f9,1,1,official,principal
3299,0,0,8.054930899717782e-05,probability_native,8.054930899717782e-05,u_048159446b60f8f9,1,1,official,principal
5663,0,1,0.9929802662172782,probability_native,0.9929802662172782,u_048159446b60f8f9,1,1,official,principal
5028,0,0,5.1670501299602924e-11,probability_native,5.1670501299602924e-11,u_048159446b60f8f9,1,1,official,principal
3920,0,0,2.6504989912354305e-11,probability_native,2.6504989912354305e-11,u_048159446b60f8f9,1,1,official,principal
425,0,1,0.7144703434626869,probability_native,0.7144703434626869,u_048159446b60f8f9,1,1,official,principal
4846,0,1,0.9894877603232142,probability_native,0.9894877603232142,u_048159446b60f8f9,1,1,official,principal
6013,0,1,0.8114600630961353,probability_native,0.8114600630961353,u_048159446b60f8f9,1,1,official,principal
1367,0,1,0.9921608453065193,probability_native,0.9921608453065193,u_048159446b60f8f9,1,1,official,principal
4366,0,1,0.9928057978767728,probability_native,0.9928057978767728,u_048159446b60f8f9,1,1,official,principal
2214,1,1,0.9994151233734362,probability_native,0.9994151233734362,u_048159446b60f8f9,1,1,official,principal
2057,1,1,0.8954476795140377,probability_native,0.8954476795140377,u_048159446b60f8f9,1,1,official,principal
1974,1,1,0.9990830310705893,probability_native,0.9990830310705893,u_048159446b60f8f9,1,1,official,principal
5318,0,0,1.6419339002062887e-12,probability_native,1.6419339002062887e-12,u_048159446b60f8f9,1,1,official,principal
725,0,0,0.0027011635155523035,probability_native,0.0027011635155523035,u_048159446b60f8f9,1,1,official,principal
3323,0,0,2.349494547090377e-05,probability_native,2.349494547090377e-05,u_048159446b60f8f9,1,1,official,principal
3403,0,0,0.00011807741164537884,probability_native,0.00011807741164537884,u_048159446b60f8f9,1,1,official,principal
5802,0,1,0.9376969439532269,probability_native,0.9376969439532269,u_048159446b60f8f9,1,1,official,principal
5047,0,1,0.9280433472544207,probability_native,0.9280433472544207,u_048159446b60f8f9,1,1,official,principal
3620,0,1,0.8677359650473195,probability_native,0.8677359650473195,u_048159446b60f8f9,1,1,official,principal
2115,0,0,2.9128917788355904e-11,probability_native,2.9128917788355904e-11,u_048159446b60f8f9,1,1,official,principal
6099,0,0,1.9774850091377046e-15,probability_native,1.9774850091377046e-15,u_048159446b60f8f9,1,1,official,principal
5309,0,0,1.715684255053961e-15,probability_native,1.715684255053961e-15,u_048159446b60f8f9,1,1,official,principal
1655,1,0,0.16188164365074362,probability_native,0.16188164365074362,u_048159446b60f8f9,1,1,official,principal
5191,0,0,9.887659754031346e-12,probability_native,9.887659754031346e-12,u_048159446b60f8f9,1,1,official,principal
6347,0,1,0.9920494175772404,probability_native,0.9920494175772404,u_048159446b60f8f9,1,1,official,principal
151,1,1,0.9926618750872834,probability_native,0.9926618750872834,u_048159446b60f8f9,1,1,official,principal
508,1,1,0.9838269498176773,probability_native,0.9838269498176773,u_048159446b60f8f9,1,1,official,principal
562,0,0,0.08137845244250368,probability_native,0.08137845244250368,u_048159446b60f8f9,1,1,official,principal
5772,0,0,6.137035185483557e-12,probability_native,6.137035185483557e-12,u_048159446b60f8f9,1,1,official,principal
1355,0,0,0.011158464052400648,probability_native,0.011158464052400648,u_048159446b60f8f9,1,1,official,principal
6546,0,1,0.9181616614153665,probability_native,0.9181616614153665,u_048159446b60f8f9,1,1,official,principal
6441,0,0,0.009777424037797666,probability_native,0.009777424037797666,u_048159446b60f8f9,1,1,official,principal
5180,0,0,1.6199813741735353e-13,probability_native,1.6199813741735353e-13,u_048159446b60f8f9,1,1,official,principal
3045,0,0,0.17290706369962575,probability_native,0.17290706369962575,u_048159446b60f8f9,1,1,official,principal
3204,0,0,3.2344176468669867e-06,probability_native,3.2344176468669867e-06,u_048159446b60f8f9,1,1,official,principal
2413,0,0,4.0142043598883207e-13,probability_native,4.0142043598883207e-13,u_048159446b60f8f9,1,1,official,principal
5084,0,0,1.1649092855755857e-06,probability_native,1.1649092855755857e-06,u_048159446b60f8f9,1,1,official,principal
7010,1,1,0.9998972850440856,probability_native,0.9998972850440856,u_048159446b60f8f9,1,1,official,principal
6787,0,1,0.9007660535129568,probability_native,0.9007660535129568,u_048159446b60f8f9,1,1,official,principal
3962,1,1,0.9999347103746894,probability_native,0.9999347103746894,u_048159446b60f8f9,1,1,official,principal
4209,0,0,0.055579865966278306,probability_native,0.055579865966278306,u_048159446b60f8f9,1,1,official,principal
1967,1,0,5.5114488144551705e-05,probability_native,5.5114488144551705e-05,u_048159446b60f8f9,1,1,official,principal
2087,1,1,0.6243197706181611,probability_native,0.6243197706181611,u_048159446b60f8f9,1,1,official,principal
3800,0,0,1.6147862017080466e-12,probability_native,1.6147862017080466e-12,u_048159446b60f8f9,1,1,official,principal
857,1,1,0.9624747195869571,probability_native,0.9624747195869571,u_048159446b60f8f9,1,1,official,principal
6671,0,0,1.2650739741333952e-10,probability_native,1.2650739741333952e-10,u_048159446b60f8f9,1,1,official,principal
3527,1,1,0.9963044524565293,probability_native,0.9963044524565293,u_048159446b60f8f9,1,1,official,principal
2198,0,0,0.004476855423439107,probability_native,0.004476855423439107,u_048159446b60f8f9,1,1,official,principal
3224,1,1,0.9944840247242571,probability_native,0.9944840247242571,u_048159446b60f8f9,1,1,official,principal
1804,0,0,9.875524505837096e-06,probability_native,9.875524505837096e-06,u_048159446b60f8f9,1,1,official,principal
5866,0,0,0.0008952455715241602,probability_native,0.0008952455715241602,u_048159446b60f8f9,1,1,official,principal
974,0,0,3.483322100632033e-12,probability_native,3.483322100632033e-12,u_048159446b60f8f9,1,1,official,principal
4406,0,0,0.055203388816277496,probability_native,0.055203388816277496,u_048159446b60f8f9,1,1,official,principal
5404,0,0,0.012776368114222445,probability_native,0.012776368114222445,u_048159446b60f8f9,1,1,official,principal
5513,0,0,2.822492367545507e-10,probability_native,2.822492367545507e-10,u_048159446b60f8f9,1,1,official,principal
1194,0,1,0.9553918991356984,probability_native,0.9553918991356984,u_048159446b60f8f9,1,1,official,principal
4689,0,0,0.0060124954269044,probability_native,0.0060124954269044,u_048159446b60f8f9,1,1,official,principal
5468,1,1,0.9997257813031474,probability_native,0.9997257813031474,u_048159446b60f8f9,1,1,official,principal
3816,0,0,1.7358206584489816e-10,probability_native,1.7358206584489816e-10,u_048159446b60f8f9,1,1,official,principal
4786,0,0,2.2176929597689593e-09,probability_native,2.2176929597689593e-09,u_048159446b60f8f9,1,1,official,principal
6621,0,0,9.151442298501462e-16,probability_native,9.151442298501462e-16,u_048159446b60f8f9,1,1,official,principal
5380,1,1,0.9997030267157454,probability_native,0.9997030267157454,u_048159446b60f8f9,1,1,official,principal
0,0,1,0.7992495584078215,probability_native,0.7992495584078215,u_048159446b60f8f9,1,1,official,principal
360,0,0,4.083179002181487e-05,probability_native,4.083179002181487e-05,u_048159446b60f8f9,1,1,official,principal
4067,0,0,6.143407682033059e-12,probability_native,6.143407682033059e-12,u_048159446b60f8f9,1,1,official,principal
6741,1,1,0.9997069463278723,probability_native,0.9997069463278723,u_048159446b60f8f9,1,1,official,principal
1484,0,0,9.099557409662305e-09,probability_native,9.099557409662305e-09,u_048159446b60f8f9,1,1,official,principal
2145,0,1,0.9971598832068995,probability_native,0.9971598832068995,u_048159446b60f8f9,1,1,official,principal
502,0,0,0.00014126673699669116,probability_native,0.00014126673699669116,u_048159446b60f8f9,1,1,official,principal
2391,0,1,0.9968590409471337,probability_native,0.9968590409471337,u_048159446b60f8f9,1,1,official,principal
6841,0,0,0.22747166318868156,probability_native,0.22747166318868156,u_048159446b60f8f9,1,1,official,principal
735,0,0,0.022631413343464222,probability_native,0.022631413343464222,u_048159446b60f8f9,1,1,official,principal
1813,0,1,0.9910349717635086,probability_native,0.9910349717635086,u_048159446b60f8f9,1,1,official,principal
6609,1,0,0.0008379578640484545,probability_native,0.0008379578640484545,u_048159446b60f8f9,1,1,official,principal
1667,0,0,1.1936115626599987e-05,probability_native,1.1936115626599987e-05,u_048159446b60f8f9,1,1,official,principal
2243,0,1,0.9876960473649549,probability_native,0.9876960473649549,u_048159446b60f8f9,1,1,official,principal
4106,1,1,0.999908409147125,probability_native,0.999908409147125,u_048159446b60f8f9,1,1,official,principal
4779,0,1,0.9991996643809151,probability_native,0.9991996643809151,u_048159446b60f8f9,1,1,official,principal
5668,0,1,0.9983206385681958,probability_native,0.9983206385681958,u_048159446b60f8f9,1,1,official,principal
1264,0,0,5.6464129463121615e-12,probability_native,5.6464129463121615e-12,u_048159446b60f8f9,1,1,official,principal
3,0,0,0.0001380188351406364,probability_native,0.0001380188351406364,u_048159446b60f8f9,1,1,official,principal
2705,0,0,9.457187757924401e-15,probability_native,9.457187757924401e-15,u_048159446b60f8f9,1,1,official,principal
3175,1,1,0.997445274537309,probability_native,0.997445274537309,u_048159446b60f8f9,1,1,official,principal
2831,1,1,0.999835714255241,probability_native,0.999835714255241,u_048159446b60f8f9,1,1,official,principal
3677,0,0,0.04782742383557446,probability_native,0.04782742383557446,u_048159446b60f8f9,1,1,official,principal
4896,0,1,0.7361285042692072,probability_native,0.7361285042692072,u_048159446b60f8f9,1,1,official,principal
986,0,1,0.8155237302922996,probability_native,0.8155237302922996,u_048159446b60f8f9,1,1,official,principal
4434,0,1,0.9607874566709929,probability_native,0.9607874566709929,u_048159446b60f8f9,1,1,official,principal
5865,0,0,0.00016141895522893385,probability_native,0.00016141895522893385,u_048159446b60f8f9,1,1,official,principal
4742,0,0,1.0505317826193874e-14,probability_native,1.0505317826193874e-14,u_048159446b60f8f9,1,1,official,principal
4502,1,1,0.9949644474771192,probability_native,0.9949644474771192,u_048159446b60f8f9,1,1,official,principal
3294,1,1,0.9289705893749305,probability_native,0.9289705893749305,u_048159446b60f8f9,1,1,official,principal
4237,1,1,0.9978135745316837,probability_native,0.9978135745316837,u_048159446b60f8f9,1,1,official,principal
2721,1,1,0.9999435201129211,probability_native,0.9999435201129211,u_048159446b60f8f9,1,1,official,principal
4886,0,0,7.085412215916675e-06,probability_native,7.085412215916675e-06,u_048159446b60f8f9,1,1,official,principal
647,0,0,0.015174827344324899,probability_native,0.015174827344324899,u_048159446b60f8f9,1,1,official,principal
6601,0,0,8.584873404253422e-12,probability_native,8.584873404253422e-12,u_048159446b60f8f9,1,1,official,principal
6071,0,0,1.1850983493397784e-11,probability_native,1.1850983493397784e-11,u_048159446b60f8f9,1,1,official,principal
6448,1,0,0.2198748318787515,probability_native,0.2198748318787515,u_048159446b60f8f9,1,1,official,principal
6811,1,1,0.9753470516324041,probability_native,0.9753470516324041,u_048159446b60f8f9,1,1,official,principal
91,0,1,0.9987518188735172,probability_native,0.9987518188735172,u_048159446b60f8f9,1,1,official,principal
2,1,0,0.49974734835079204,probability_native,0.49974734835079204,u_048159446b60f8f9,1,1,official,principal
6612,1,1,0.926223724387949,probability_native,0.926223724387949,u_048159446b60f8f9,1,1,official,principal
2524,0,0,2.7445464074718495e-16,probability_native,2.7445464074718495e-16,u_048159446b60f8f9,1,1,official,principal
2835,0,0,0.0005336364726544216,probability_native,0.0005336364726544216,u_048159446b60f8f9,1,1,official,principal
3637,1,0,0.0002114015714204053,probability_native,0.0002114015714204053,u_048159446b60f8f9,1,1,official,principal
2356,0,0,0.28475831836721455,probability_native,0.28475831836721455,u_048159446b60f8f9,1,1,official,principal
630,1,1,0.831629686110594,probability_native,0.831629686110594,u_048159446b60f8f9,1,1,official,principal
4702,0,0,0.4043272779346125,probability_native,0.4043272779346125,u_048159446b60f8f9,1,1,official,principal
1057,1,1,0.9718832434241225,probability_native,0.9718832434241225,u_048159446b60f8f9,1,1,official,principal
1749,0,1,0.9875560628708401,probability_native,0.9875560628708401,u_048159446b60f8f9,1,1,official,principal
3285,0,0,6.991449121326856e-13,probability_native,6.991449121326856e-13,u_048159446b60f8f9,1,1,official,principal
6248,0,0,1.1053249091812096e-12,probability_native,1.1053249091812096e-12,u_048159446b60f8f9,1,1,official,principal
6089,1,1,0.999916307529442,probability_native,0.999916307529442,u_048159446b60f8f9,1,1,official,principal
3829,1,1,0.9991801147121432,probability_native,0.9991801147121432,u_048159446b60f8f9,1,1,official,principal
394,0,1,0.9996381203358634,probability_native,0.9996381203358634,u_048159446b60f8f9,1,1,official,principal
4623,0,1,0.8676117068025455,probability_native,0.8676117068025455,u_048159446b60f8f9,1,1,official,principal
76,0,0,0.007352584065907976,probability_native,0.007352584065907976,u_048159446b60f8f9,1,1,official,principal
920,0,0,1.1527023912577044e-06,probability_native,1.1527023912577044e-06,u_048159446b60f8f9,1,1,official,principal
4884,0,1,0.9102998259702051,probability_native,0.9102998259702051,u_048159446b60f8f9,1,1,official,principal
5256,1,0,2.0548377058802084e-10,probability_native,2.0548377058802084e-10,u_048159446b60f8f9,1,1,official,principal
6343,0,0,1.5973852115714637e-06,probability_native,1.5973852115714637e-06,u_048159446b60f8f9,1,1,official,principal
1903,0,1,0.999832022655878,probability_native,0.999832022655878,u_048159446b60f8f9,1,1,official,principal
4975,0,0,2.641945461248455e-10,probability_native,2.641945461248455e-10,u_048159446b60f8f9,1,1,official,principal
2630,0,0,8.276154755767749e-12,probability_native,8.276154755767749e-12,u_048159446b60f8f9,1,1,official,principal
5094,0,0,0.014695891444640695,probability_native,0.014695891444640695,u_048159446b60f8f9,1,1,official,principal
3609,0,0,0.4173383959477016,probability_native,0.4173383959477016,u_048159446b60f8f9,1,1,official,principal
6837,0,1,0.9999554272871594,probability_native,0.9999554272871594,u_048159446b60f8f9,1,1,official,principal
6403,0,0,5.861387177263712e-13,probability_native,5.861387177263712e-13,u_048159446b60f8f9,1,1,official,principal
1820,0,1,0.5473986155707132,probability_native,0.5473986155707132,u_048159446b60f8f9,1,1,official,principal
1602,1,1,0.9994044963844118,probability_native,0.9994044963844118,u_048159446b60f8f9,1,1,official,principal
1410,1,1,0.9999809981604287,probability_native,0.9999809981604287,u_048159446b60f8f9,1,1,official,principal
438,0,1,0.9457559630840048,probability_native,0.9457559630840048,u_048159446b60f8f9,1,1,official,principal
4328,0,1,0.9836090555676286,probability_native,0.9836090555676286,u_048159446b60f8f9,1,1,official,principal
3912,0,0,2.3990289283275144e-13,probability_native,2.3990289283275144e-13,u_048159446b60f8f9,1,1,official,principal
5933,1,1,0.9999527849102936,probability_native,0.9999527849102936,u_048159446b60f8f9,1,1,official,principal
5844,0,1,0.9697895479619464,probability_native,0.9697895479619464,u_048159446b60f8f9,1,1,official,principal
1267,0,0,4.160257660384476e-11,probability_native,4.160257660384476e-11,u_048159446b60f8f9,1,1,official,principal
4911,0,0,8.134807598472795e-12,probability_native,8.134807598472795e-12,u_048159446b60f8f9,1,1,official,principal
5554,0,0,2.2497392219026613e-14,probability_native,2.2497392219026613e-14,u_048159446b60f8f9,1,1,official,principal
4420,0,0,0.0008132590450730363,probability_native,0.0008132590450730363,u_048159446b60f8f9,1,1,official,principal
1053,1,1,0.8946751377985522,probability_native,0.8946751377985522,u_048159446b60f8f9,1,1,official,principal
5944,1,0,0.07163207629132068,probability_native,0.07163207629132068,u_048159446b60f8f9,1,1,official,principal
3862,0,0,6.980070698232077e-16,probability_native,6.980070698232077e-16,u_048159446b60f8f9,1,1,official,principal
2369,0,0,2.4811469287958814e-12,probability_native,2.4811469287958814e-12,u_048159446b60f8f9,1,1,official,principal
4452,0,0,1.424136333984166e-13,probability_native,1.424136333984166e-13,u_048159446b60f8f9,1,1,official,principal
2559,0,0,1.3912725858072018e-11,probability_native,1.3912725858072018e-11,u_048159446b60f8f9,1,1,official,principal
3522,0,0,7.129900859983118e-08,probability_native,7.129900859983118e-08,u_048159446b60f8f9,1,1,official,principal
4819,1,0,7.27158554236554e-15,probability_native,7.27158554236554e-15,u_048159446b60f8f9,1,1,official,principal
6535,1,1,0.6650943357573387,probability_native,0.6650943357573387,u_048159446b60f8f9,1,1,official,principal
1691,0,0,3.2159331708653277e-16,probability_native,3.2159331708653277e-16,u_048159446b60f8f9,1,1,official,principal
892,0,1,0.9910800507327334,probability_native,0.9910800507327334,u_048159446b60f8f9,1,1,official,principal
1541,0,0,8.578880709176323e-15,probability_native,8.578880709176323e-15,u_048159446b60f8f9,1,1,official,principal
1689,0,0,0.023522938092083372,probability_native,0.023522938092083372,u_048159446b60f8f9,1,1,official,principal
5967,1,1,0.9067187413687827,probability_native,0.9067187413687827,u_048159446b60f8f9,1,1,official,principal
6909,0,0,0.3464711359941007,probability_native,0.3464711359941007,u_048159446b60f8f9,1,1,official,principal
5120,1,0,0.03939841855256736,probability_native,0.03939841855256736,u_048159446b60f8f9,1,1,official,principal
6764,1,1,0.999501433945122,probability_native,0.999501433945122,u_048159446b60f8f9,1,1,official,principal
6259,0,0,6.1210271581303516e-12,probability_native,6.1210271581303516e-12,u_048159446b60f8f9,1,1,official,principal
229,0,0,2.208330558636346e-12,probability_native,2.208330558636346e-12,u_048159446b60f8f9,1,1,official,principal
6287,1,1,0.9994482607693187,probability_native,0.9994482607693187,u_048159446b60f8f9,1,1,official,principal
6658,1,1,0.9997811350208731,probability_native,0.9997811350208731,u_048159446b60f8f9,1,1,official,principal
399,0,0,3.2437676621429957e-07,probability_native,3.2437676621429957e-07,u_048159446b60f8f9,1,1,official,principal
1830,0,0,9.080826869186784e-15,probability_native,9.080826869186784e-15,u_048159446b60f8f9,1,1,official,principal
4194,0,0,5.023283372290558e-15,probability_native,5.023283372290558e-15,u_048159446b60f8f9,1,1,official,principal
1227,0,0,0.08633019044771603,probability_native,0.08633019044771603,u_048159446b60f8f9,1,1,official,principal
5236,0,1,0.576688514081977,probability_native,0.576688514081977,u_048159446b60f8f9,1,1,official,principal
1849,1,1,0.9856496508247913,probability_native,0.9856496508247913,u_048159446b60f8f9,1,1,official,principal
4221,0,0,0.00010288581151970808,probability_native,0.00010288581151970808,u_048159446b60f8f9,1,1,official,principal
1134,0,1,0.752469121283722,probability_native,0.752469121283722,u_048159446b60f8f9,1,1,official,principal
4394,0,1,0.8681637832070913,probability_native,0.8681637832070913,u_048159446b60f8f9,1,1,official,principal
2040,0,0,8.407711182783489e-13,probability_native,8.407711182783489e-13,u_048159446b60f8f9,1,1,official,principal
2097,0,1,0.9997195043193187,probability_native,0.9997195043193187,u_048159446b60f8f9,1,1,official,principal
6178,0,0,1.1871490924210235e-13,probability_native,1.1871490924210235e-13,u_048159446b60f8f9,1,1,official,principal
5419,0,0,2.4293913994632253e-10,probability_native,2.4293913994632253e-10,u_048159446b60f8f9,1,1,official,principal
5257,1,1,0.9998055588915096,probability_native,0.9998055588915096,u_048159446b60f8f9,1,1,official,principal
2690,1,1,0.9819826517527508,probability_native,0.9819826517527508,u_048159446b60f8f9,1,1,official,principal
3111,1,0,2.7841258528891223e-10,probability_native,2.7841258528891223e-10,u_048159446b60f8f9,1,1,official,principal
3870,0,0,0.0039442840955464424,probability_native,0.0039442840955464424,u_048159446b60f8f9,1,1,official,principal
615,0,1,0.6487571116596512,probability_native,0.6487571116596512,u_048159446b60f8f9,1,1,official,principal
4108,0,0,1.8966350153309464e-06,probability_native,1.8966350153309464e-06,u_048159446b60f8f9,1,1,official,principal
5795,0,1,0.9880484126826399,probability_native,0.9880484126826399,u_048159446b60f8f9,1,1,official,principal
4752,0,0,3.468127896294374e-06,probability_native,3.468127896294374e-06,u_048159446b60f8f9,1,1,official,principal
2018,1,1,0.8731941688124435,probability_native,0.8731941688124435,u_048159446b60f8f9,1,1,official,principal
3878,0,0,6.534774789402773e-13,probability_native,6.534774789402773e-13,u_048159446b60f8f9,1,1,official,principal
5090,1,1,0.9757321273842776,probability_native,0.9757321273842776,u_048159446b60f8f9,1,1,official,principal
6533,0,1,0.9986823231516155,probability_native,0.9986823231516155,u_048159446b60f8f9,1,1,official,principal
1481,0,0,3.365740355851743e-14,probability_native,3.365740355851743e-14,u_048159446b60f8f9,1,1,official,principal
1046,0,0,0.00019026697663845232,probability_native,0.00019026697663845232,u_048159446b60f8f9,1,1,official,principal
6716,1,1,0.9765563880918777,probability_native,0.9765563880918777,u_048159446b60f8f9,1,1,official,principal
697,1,1,0.9167399024958733,probability_native,0.9167399024958733,u_048159446b60f8f9,1,1,official,principal
6850,0,0,5.856634601370395e-13,probability_native,5.856634601370395e-13,u_048159446b60f8f9,1,1,official,principal
6721,0,0,2.447402233809635e-11,probability_native,2.447402233809635e-11,u_048159446b60f8f9,1,1,official,principal
4791,0,0,0.00029960999421057953,probability_native,0.00029960999421057953,u_048159446b60f8f9,1,1,official,principal
3619,0,0,1.4906401564497882e-13,probability_native,1.4906401564497882e-13,u_048159446b60f8f9,1,1,official,principal
2047,0,1,0.9879959999329709,probability_native,0.9879959999329709,u_048159446b60f8f9,1,1,official,principal
5253,0,1,0.7798057056230788,probability_native,0.7798057056230788,u_048159446b60f8f9,1,1,official,principal
6392,0,0,0.24978772211918301,probability_native,0.24978772211918301,u_048159446b60f8f9,1,1,official,principal
5880,1,1,0.8602745413854133,probability_native,0.8602745413854133,u_048159446b60f8f9,1,1,official,principal
5976,0,0,0.19625696490358263,probability_native,0.19625696490358263,u_048159446b60f8f9,1,1,official,principal
191,1,1,0.9987148886514196,probability_native,0.9987148886514196,u_048159446b60f8f9,1,1,official,principal
4348,1,0,0.0008139623262271471,probability_native,0.0008139623262271471,u_048159446b60f8f9,1,1,official,principal
2720,1,1,0.9744979317334456,probability_native,0.9744979317334456,u_048159446b60f8f9,1,1,official,principal
600,0,1,0.8780034197954858,probability_native,0.8780034197954858,u_048159446b60f8f9,1,1,official,principal
4143,1,1,0.9994759316117373,probability_native,0.9994759316117373,u_048159446b60f8f9,1,1,official,principal
1660,0,0,0.0006221261903203764,probability_native,0.0006221261903203764,u_048159446b60f8f9,1,1,official,principal
596,0,0,7.529436562909423e-12,probability_native,7.529436562909423e-12,u_048159446b60f8f9,1,1,official,principal
6549,1,1,0.9964853520414036,probability_native,0.9964853520414036,u_048159446b60f8f9,1,1,official,principal
3971,1,0,5.73572827390476e-14,probability_native,5.73572827390476e-14,u_048159446b60f8f9,1,1,official,principal
788,0,0,0.03521068620294915,probability_native,0.03521068620294915,u_048159446b60f8f9,1,1,official,principal
5950,0,1,0.6163111902243766,probability_native,0.6163111902243766,u_048159446b60f8f9,1,1,official,principal
1686,1,1,0.6081314219914233,probability_native,0.6081314219914233,u_048159446b60f8f9,1,1,official,principal
6900,0,1,0.8355499469598487,probability_native,0.8355499469598487,u_048159446b60f8f9,1,1,official,principal
865,1,1,0.9088829783785655,probability_native,0.9088829783785655,u_048159446b60f8f9,1,1,official,principal
3091,0,0,9.122410413227783e-06,probability_native,9.122410413227783e-06,u_048159446b60f8f9,1,1,official,principal
111,0,0,7.164296827873383e-05,probability_native,7.164296827873383e-05,u_048159446b60f8f9,1,1,official,principal
4283,0,1,0.9998278288208546,probability_native,0.9998278288208546,u_048159446b60f8f9,1,1,official,principal
44,0,1,0.8379260883108763,probability_native,0.8379260883108763,u_048159446b60f8f9,1,1,official,principal
4602,0,0,3.312471371435518e-14,probability_native,3.312471371435518e-14,u_048159446b60f8f9,1,1,official,principal
2680,0,0,1.6001906171293275e-13,probability_native,1.6001906171293275e-13,u_048159446b60f8f9,1,1,official,principal
702,0,1,0.9993382394064093,probability_native,0.9993382394064093,u_048159446b60f8f9,1,1,official,principal
6644,0,0,0.1932318855889971,probability_native,0.1932318855889971,u_048159446b60f8f9,1,1,official,principal
6005,0,0,0.20690590423760866,probability_native,0.20690590423760866,u_048159446b60f8f9,1,1,official,principal
5729,0,0,0.005190641334561675,probability_native,0.005190641334561675,u_048159446b60f8f9,1,1,official,principal
5452,0,0,0.002260998005527241,probability_native,0.002260998005527241,u_048159446b60f8f9,1,1,official,principal
6317,1,1,0.9994840699356403,probability_native,0.9994840699356403,u_048159446b60f8f9,1,1,official,principal
4197,0,1,0.9979895019339003,probability_native,0.9979895019339003,u_048159446b60f8f9,1,1,official,principal
6785,1,0,1.0797547494508828e-11,probability_native,1.0797547494508828e-11,u_048159446b60f8f9,1,1,official,principal
5598,0,0,2.521573890069709e-08,probability_native,2.521573890069709e-08,u_048159446b60f8f9,1,1,official,principal
1113,1,1,0.8616684433330435,probability_native,0.8616684433330435,u_048159446b60f8f9,1,1,official,principal
2263,1,1,0.9044914603266337,probability_native,0.9044914603266337,u_048159446b60f8f9,1,1,official,principal
6880,0,0,1.8211145252240816e-15,probability_native,1.8211145252240816e-15,u_048159446b60f8f9,1,1,official,principal
5738,1,0,0.00026531394482021657,probability_native,0.00026531394482021657,u_048159446b60f8f9,1,1,official,principal
4549,0,1,0.5248452442975885,probability_native,0.5248452442975885,u_048159446b60f8f9,1,1,official,principal
4271,0,0,2.8002092701411095e-07,probability_native,2.8002092701411095e-07,u_048159446b60f8f9,1,1,official,principal
5266,0,0,0.0001574658117406127,probability_native,0.0001574658117406127,u_048159446b60f8f9,1,1,official,principal
1993,1,1,0.9179478248708745,probability_native,0.9179478248708745,u_048159446b60f8f9,1,1,official,principal
4082,1,0,0.005953445459438678,probability_native,0.005953445459438678,u_048159446b60f8f9,1,1,official,principal
4997,1,1,0.9984662206316232,probability_native,0.9984662206316232,u_048159446b60f8f9,1,1,official,principal
63,0,0,0.0009870411760075862,probability_native,0.0009870411760075862,u_048159446b60f8f9,1,1,official,principal
5853,0,0,0.01814289609707931,probability_native,0.01814289609707931,u_048159446b60f8f9,1,1,official,principal
4730,0,1,0.9957135431306177,probability_native,0.9957135431306177,u_048159446b60f8f9,1,1,official,principal
4225,0,0,0.00010741542468310596,probability_native,0.00010741542468310596,u_048159446b60f8f9,1,1,official,principal
368,0,0,0.005206988007293852,probability_native,0.005206988007293852,u_048159446b60f8f9,1,1,official,principal
2407,1,1,0.999029257882061,probability_native,0.999029257882061,u_048159446b60f8f9,1,1,official,principal
5118,0,0,0.4390950039564507,probability_native,0.4390950039564507,u_048159446b60f8f9,1,1,official,principal
1912,0,0,1.197511113322389e-06,probability_native,1.197511113322389e-06,u_048159446b60f8f9,1,1,official,principal
4277,0,0,0.0007748150996706399,probability_native,0.0007748150996706399,u_048159446b60f8f9,1,1,official,principal
2826,0,0,0.2145813194627989,probability_native,0.2145813194627989,u_048159446b60f8f9,1,1,official,principal
6883,0,1,0.735345031608926,probability_native,0.735345031608926,u_048159446b60f8f9,1,1,official,principal
3578,0,0,0.12640777057026847,probability_native,0.12640777057026847,u_048159446b60f8f9,1,1,official,principal
2648,0,1,0.8894426943886661,probability_native,0.8894426943886661,u_048159446b60f8f9,1,1,official,principal
2458,0,0,1.2193388855756145e-09,probability_native,1.2193388855756145e-09,u_048159446b60f8f9,1,1,official,principal
2420,0,0,0.004756028854200082,probability_native,0.004756028854200082,u_048159446b60f8f9,1,1,official,principal
1464,0,0,0.14202108063626057,probability_native,0.14202108063626057,u_048159446b60f8f9,1,1,official,principal
3121,1,1,0.9891774033769409,probability_native,0.9891774033769409,u_048159446b60f8f9,1,1,official,principal
6360,1,0,0.0009163039404117101,probability_native,0.0009163039404117101,u_048159446b60f8f9,1,1,official,principal
6622,1,1,0.9593027861959251,probability_native,0.9593027861959251,u_048159446b60f8f9,1,1,official,principal
5649,0,0,4.737625500439828e-05,probability_native,4.737625500439828e-05,u_048159446b60f8f9,1,1,official,principal
4983,1,1,0.9491351335202745,probability_native,0.9491351335202745,u_048159446b60f8f9,1,1,official,principal
4149,1,0,7.018277776442479e-11,probability_native,7.018277776442479e-11,u_048159446b60f8f9,1,1,official,principal
5405,0,0,0.398703404957269,probability_native,0.398703404957269,u_048159446b60f8f9,1,1,official,principal
944,0,0,0.2475168938271438,probability_native,0.2475168938271438,u_048159446b60f8f9,1,1,official,principal
5074,0,0,7.83323604103543e-08,probability_native,7.83323604103543e-08,u_048159446b60f8f9,1,1,official,principal
5285,0,0,2.9494456494394636e-12,probability_native,2.9494456494394636e-12,u_048159446b60f8f9,1,1,official,principal
247,1,1,0.9998173157630051,probability_native,0.9998173157630051,u_048159446b60f8f9,1,1,official,principal
5451,0,0,0.00039715414075949834,probability_native,0.00039715414075949834,u_048159446b60f8f9,1,1,official,principal
147,1,1,0.9903068238598313,probability_native,0.9903068238598313,u_048159446b60f8f9,1,1,official,principal
4291,0,0,1.571334650726764e-12,probability_native,1.571334650726764e-12,u_048159446b60f8f9,1,1,official,principal
152,0,0,5.122265770958071e-05,probability_native,5.122265770958071e-05,u_048159446b60f8f9,1,1,official,principal
5127,1,0,0.0007059393008357183,probability_native,0.0007059393008357183,u_048159446b60f8f9,1,1,official,principal
488,0,0,1.7262713029177868e-11,probability_native,1.7262713029177868e-11,u_048159446b60f8f9,1,1,official,principal
3999,1,1,0.9999165160664488,probability_native,0.9999165160664488,u_048159446b60f8f9,1,1,official,principal
5140,0,1,0.99983762495294,probability_native,0.99983762495294,u_048159446b60f8f9,1,1,official,principal
4812,1,0,0.4722837888793315,probability_native,0.4722837888793315,u_048159446b60f8f9,1,1,official,principal
5744,0,1,0.5398913478688014,probability_native,0.5398913478688014,u_048159446b60f8f9,1,1,official,principal
4959,1,0,4.053289760415082e-05,probability_native,4.053289760415082e-05,u_048159446b60f8f9,1,1,official,principal
2059,0,1,0.9753023827328184,probability_native,0.9753023827328184,u_048159446b60f8f9,1,1,official,principal
1680,0,0,3.641254087295616e-07,probability_native,3.641254087295616e-07,u_048159446b60f8f9,1,1,official,principal
4747,0,0,6.277975645439093e-06,probability_native,6.277975645439093e-06,u_048159446b60f8f9,1,1,official,principal
5618,0,0,0.00019905572372859597,probability_native,0.00019905572372859597,u_048159446b60f8f9,1,1,official,principal
1434,1,1,0.9857204337920706,probability_native,0.9857204337920706,u_048159446b60f8f9,1,1,official,principal
899,0,0,0.22583569068687143,probability_native,0.22583569068687143,u_048159446b60f8f9,1,1,official,principal
1729,0,0,0.0017758320882720817,probability_native,0.0017758320882720817,u_048159446b60f8f9,1,1,official,principal
310,0,0,0.0024473322970299254,probability_native,0.0024473322970299254,u_048159446b60f8f9,1,1,official,principal
4668,0,0,0.24994593935429427,probability_native,0.24994593935429427,u_048159446b60f8f9,1,1,official,principal
5261,0,0,1.2987980967148582e-08,probability_native,1.2987980967148582e-08,u_048159446b60f8f9,1,1,official,principal
5022,0,0,3.955193005104751e-14,probability_native,3.955193005104751e-14,u_048159446b60f8f9,1,1,official,principal
5676,0,0,0.0003860965077949784,probability_native,0.0003860965077949784,u_048159446b60f8f9,1,1,official,principal
2907,1,1,0.9899634149555269,probability_native,0.9899634149555269,u_048159446b60f8f9,1,1,official,principal
6602,0,0,0.46484658246026533,probability_native,0.46484658246026533,u_048159446b60f8f9,1,1,official,principal
4389,0,1,0.9840397279582211,probability_native,0.9840397279582211,u_048159446b60f8f9,1,1,official,principal
4136,0,0,1.4546725437096049e-06,probability_native,1.4546725437096049e-06,u_048159446b60f8f9,1,1,official,principal
6511,0,0,6.802369492386573e-12,probability_native,6.802369492386573e-12,u_048159446b60f8f9,1,1,official,principal
2148,0,0,4.8506238206374343e-05,probability_native,4.8506238206374343e-05,u_048159446b60f8f9,1,1,official,principal
4691,1,1,0.9855074834645595,probability_native,0.9855074834645595,u_048159446b60f8f9,1,1,official,principal
711,0,1,0.8600172846722275,probability_native,0.8600172846722275,u_048159446b60f8f9,1,1,official,principal
5914,0,0,0.06014084847198397,probability_native,0.06014084847198397,u_048159446b60f8f9,1,1,official,principal
228,0,1,0.8826707541361093,probability_native,0.8826707541361093,u_048159446b60f8f9,1,1,official,principal
4450,1,0,0.38948893773774657,probability_native,0.38948893773774657,u_048159446b60f8f9,1,1,official,principal
6293,0,0,1.2038896915156731e-14,probability_native,1.2038896915156731e-14,u_048159446b60f8f9,1,1,official,principal
1212,0,1,0.9994369674880735,probability_native,0.9994369674880735,u_048159446b60f8f9,1,1,official,principal
4581,0,0,9.321855636012965e-15,probability_native,9.321855636012965e-15,u_048159446b60f8f9,1,1,official,principal
5231,1,1,0.9999092151569143,probability_native,0.9999092151569143,u_048159446b60f8f9,1,1,official,principal
1939,0,0,0.00018859570473325535,probability_native,0.00018859570473325535,u_048159446b60f8f9,1,1,official,principal
2847,0,1,0.9569932214792483,probability_native,0.9569932214792483,u_048159446b60f8f9,1,1,official,principal
6415,0,0,0.004064205958419687,probability_native,0.004064205958419687,u_048159446b60f8f9,1,1,official,principal
5625,0,0,0.001733666401425602,probability_native,0.001733666401425602,u_048159446b60f8f9,1,1,official,principal
2124,1,1,0.745700234079955,probability_native,0.745700234079955,u_048159446b60f8f9,1,1,official,principal
176,1,1,0.9988240881236763,probability_native,0.9988240881236763,u_048159446b60f8f9,1,1,official,principal
6685,0,0,0.17104980287922292,probability_native,0.17104980287922292,u_048159446b60f8f9,1,1,official,principal
5761,0,0,5.813049243121211e-14,probability_native,5.813049243121211e-14,u_048159446b60f8f9,1,1,official,principal
6733,0,0,0.1526808857753575,probability_native,0.1526808857753575,u_048159446b60f8f9,1,1,official,principal
2640,0,1,0.9655187463853284,probability_native,0.9655187463853284,u_048159446b60f8f9,1,1,official,principal
4525,0,1,0.6476140848705847,probability_native,0.6476140848705847,u_048159446b60f8f9,1,1,official,principal
1182,0,0,0.45628505744528386,probability_native,0.45628505744528386,u_048159446b60f8f9,1,1,official,principal
528,0,0,3.388583882073268e-15,probability_native,3.388583882073268e-15,u_048159446b60f8f9,1,1,official,principal
2126,0,1,0.6463447619558633,probability_native,0.6463447619558633,u_048159446b60f8f9,1,1,official,principal
2840,0,0,0.0425820176973552,probability_native,0.0425820176973552,u_048159446b60f8f9,1,1,official,principal
1610,0,0,1.236782903482336e-13,probability_native,1.236782903482336e-13,u_048159446b60f8f9,1,1,official,principal
6467,0,1,0.9986051631001196,probability_native,0.9986051631001196,u_048159446b60f8f9,1,1,official,principal
853,0,1,0.9291641696602889,probability_native,0.9291641696602889,u_048159446b60f8f9,1,1,official,principal
2343,0,1,0.7600493123916459,probability_native,0.7600493123916459,u_048159446b60f8f9,1,1,official,principal
3141,1,1,0.9834601230256899,probability_native,0.9834601230256899,u_048159446b60f8f9,1,1,official,principal
2581,0,0,8.982174685272437e-05,probability_native,8.982174685272437e-05,u_048159446b60f8f9,1,1,official,principal
4511,0,0,0.0651170113290517,probability_native,0.0651170113290517,u_048159446b60f8f9,1,1,official,principal
5472,0,0,0.08000898915188638,probability_native,0.08000898915188638,u_048159446b60f8f9,1,1,official,principal
4711,0,0,2.094980715528311e-06,probability_native,2.094980715528311e-06,u_048159446b60f8f9,1,1,official,principal
2727,1,1,0.9992901307308607,probability_native,0.9992901307308607,u_048159446b60f8f9,1,1,official,principal
1116,0,0,0.00016965446320888587,probability_native,0.00016965446320888587,u_048159446b60f8f9,1,1,official,principal
6781,1,1,0.9917136429007739,probability_native,0.9917136429007739,u_048159446b60f8f9,1,1,official,principal
3651,0,0,1.7507511748948815e-14,probability_native,1.7507511748948815e-14,u_048159446b60f8f9,1,1,official,principal
4785,1,1,0.9991250382019047,probability_native,0.9991250382019047,u_048159446b60f8f9,1,1,official,principal
278,0,1,0.9310605578849034,probability_native,0.9310605578849034,u_048159446b60f8f9,1,1,official,principal
584,0,0,0.0008804013841767091,probability_native,0.0008804013841767091,u_048159446b60f8f9,1,1,official,principal
5469,0,1,0.8804905928475304,probability_native,0.8804905928475304,u_048159446b60f8f9,1,1,official,principal
6120,0,1,0.9819612675265125,probability_native,0.9819612675265125,u_048159446b60f8f9,1,1,official,principal
3230,0,0,5.908559489160592e-16,probability_native,5.908559489160592e-16,u_048159446b60f8f9,1,1,official,principal
1348,1,1,0.9993597785567794,probability_native,0.9993597785567794,u_048159446b60f8f9,1,1,official,principal
484,1,1,0.9956348748003264,probability_native,0.9956348748003264,u_048159446b60f8f9,1,1,official,principal
3170,0,1,0.9143447849414158,probability_native,0.9143447849414158,u_048159446b60f8f9,1,1,official,principal
2885,0,0,1.21390524574854e-11,probability_native,1.21390524574854e-11,u_048159446b60f8f9,1,1,official,principal
3208,0,0,0.0077941782982599095,probability_native,0.0077941782982599095,u_048159446b60f8f9,1,1,official,principal
3491,0,0,0.05677138280055277,probability_native,0.05677138280055277,u_048159446b60f8f9,1,1,official,principal
1959,0,0,0.053394470270104494,probability_native,0.053394470270104494,u_048159446b60f8f9,1,1,official,principal
5249,0,0,2.167266818925632e-14,probability_native,2.167266818925632e-14,u_048159446b60f8f9,1,1,official,principal
1239,0,0,0.3511345194201422,probability_native,0.3511345194201422,u_048159446b60f8f9,1,1,official,principal
6465,0,0,9.705320417820556e-16,probability_native,9.705320417820556e-16,u_048159446b60f8f9,1,1,official,principal
1303,0,0,1.2048344862988004e-15,probability_native,1.2048344862988004e-15,u_048159446b60f8f9,1,1,official,principal
2330,0,1,0.7715607343006075,probability_native,0.7715607343006075,u_048159446b60f8f9,1,1,official,principal
5167,0,0,2.2566457442689604e-12,probability_native,2.2566457442689604e-12,u_048159446b60f8f9,1,1,official,principal
3710,0,0,6.269188879099666e-07,probability_native,6.269188879099666e-07,u_048159446b60f8f9,1,1,official,principal
1695,0,0,0.009323367249371408,probability_native,0.009323367249371408,u_048159446b60f8f9,1,1,official,principal
1021,0,0,0.00041002197559745194,probability_native,0.00041002197559745194,u_048159446b60f8f9,1,1,official,principal
3788,1,0,1.3828679871015203e-11,probability_native,1.3828679871015203e-11,u_048159446b60f8f9,1,1,official,principal
4863,0,0,9.683368166819937e-16,probability_native,9.683368166819937e-16,u_048159446b60f8f9,1,1,official,principal
4545,0,1,0.8506928003784019,probability_native,0.8506928003784019,u_048159446b60f8f9,1,1,official,principal
3021,0,0,0.00024654596823851473,probability_native,0.00024654596823851473,u_048159446b60f8f9,1,1,official,principal
6552,1,1,0.9997810535610524,probability_native,0.9997810535610524,u_048159446b60f8f9,1,1,official,principal
3215,0,1,0.9923149520879785,probability_native,0.9923149520879785,u_048159446b60f8f9,1,1,official,principal
6901,0,0,0.05905564485517594,probability_native,0.05905564485517594,u_048159446b60f8f9,1,1,official,principal
5148,0,0,5.405548704764077e-10,probability_native,5.405548704764077e-10,u_048159446b60f8f9,1,1,official,principal
5269,0,1,0.9198024841491381,probability_native,0.9198024841491381,u_048159446b60f8f9,1,1,official,principal
4047,0,0,3.715498793823914e-11,probability_native,3.715498793823914e-11,u_048159446b60f8f9,1,1,official,principal
6008,0,0,1.1622722996580265e-06,probability_native,1.1622722996580265e-06,u_048159446b60f8f9,1,1,official,principal
240,0,0,1.0802446333727323e-11,probability_native,1.0802446333727323e-11,u_048159446b60f8f9,1,1,official,principal
2873,1,1,0.9982516049377353,probability_native,0.9982516049377353,u_048159446b60f8f9,1,1,official,principal
5660,0,0,0.02487390541204618,probability_native,0.02487390541204618,u_048159446b60f8f9,1,1,official,principal
3114,0,1,0.8572568698247032,probability_native,0.8572568698247032,u_048159446b60f8f9,1,1,official,principal
4516,0,0,4.984580356440545e-13,probability_native,4.984580356440545e-13,u_048159446b60f8f9,1,1,official,principal
6425,0,0,7.443579964039116e-05,probability_native,7.443579964039116e-05,u_048159446b60f8f9,1,1,official,principal
6458,0,1,0.6448528295467626,probability_native,0.6448528295467626,u_048159446b60f8f9,1,1,official,principal
3953,1,1,0.99964436586828,probability_native,0.99964436586828,u_048159446b60f8f9,1,1,official,principal
3675,0,0,0.000281731544308639,probability_native,0.000281731544308639,u_048159446b60f8f9,1,1,official,principal
4425,0,0,0.06900404150642134,probability_native,0.06900404150642134,u_048159446b60f8f9,1,1,official,principal
5990,0,1,0.9921429630864296,probability_native,0.9921429630864296,u_048159446b60f8f9,1,1,official,principal
4126,0,0,2.3026403097534684e-05,probability_native,2.3026403097534684e-05,u_048159446b60f8f9,1,1,official,principal
5288,1,1,0.9997535982495666,probability_native,0.9997535982495666,u_048159446b60f8f9,1,1,official,principal
6348,0,1,0.9580778613293468,probability_native,0.9580778613293468,u_048159446b60f8f9,1,1,official,principal
2422,0,1,0.9999196538877254,probability_native,0.9999196538877254,u_048159446b60f8f9,1,1,official,principal
975,1,0,1.1972814925022407e-10,probability_native,1.1972814925022407e-10,u_048159446b60f8f9,1,1,official,principal
573,1,0,0.00940640605446373,probability_native,0.00940640605446373,u_048159446b60f8f9,1,1,official,principal
6219,1,1,0.792780853425464,probability_native,0.792780853425464,u_048159446b60f8f9,1,1,official,principal
1043,1,1,0.9150985775509172,probability_native,0.9150985775509172,u_048159446b60f8f9,1,1,official,principal
2529,1,0,0.006439733365826531,probability_native,0.006439733365826531,u_048159446b60f8f9,1,1,official,principal
1282,0,1,0.9719326536176047,probability_native,0.9719326536176047,u_048159446b60f8f9,1,1,official,principal
1340,0,0,5.649705529299912e-13,probability_native,5.649705529299912e-13,u_048159446b60f8f9,1,1,official,principal
6189,0,0,6.922541451720773e-14,probability_native,6.922541451720773e-14,u_048159446b60f8f9,1,1,official,principal
5510,0,1,0.9258796973437273,probability_native,0.9258796973437273,u_048159446b60f8f9,1,1,official,principal
3354,0,0,0.00017555621335425803,probability_native,0.00017555621335425803,u_048159446b60f8f9,1,1,official,principal
905,1,1,0.999966189153186,probability_native,0.999966189153186,u_048159446b60f8f9,1,1,official,principal
2735,0,1,0.994862199122933,probability_native,0.994862199122933,u_048159446b60f8f9,1,1,official,principal
6712,0,1,0.9669109312534762,probability_native,0.9669109312534762,u_048159446b60f8f9,1,1,official,principal
4333,0,0,0.18826877722405477,probability_native,0.18826877722405477,u_048159446b60f8f9,1,1,official,principal
1514,0,0,5.503750855418772e-16,probability_native,5.503750855418772e-16,u_048159446b60f8f9,1,1,official,principal
6608,1,0,0.006843530956460922,probability_native,0.006843530956460922,u_048159446b60f8f9,1,1,official,principal
135,0,0,8.072045355773343e-14,probability_native,8.072045355773343e-14,u_048159446b60f8f9,1,1,official,principal
3413,0,1,0.8465622161117623,probability_native,0.8465622161117623,u_048159446b60f8f9,1,1,official,principal
219,0,1,0.9984375703590661,probability_native,0.9984375703590661,u_048159446b60f8f9,1,1,official,principal
6754,0,0,9.575635038812616e-11,probability_native,9.575635038812616e-11,u_048159446b60f8f9,1,1,official,principal
6610,0,1,0.9955390103457823,probability_native,0.9955390103457823,u_048159446b60f8f9,1,1,official,principal
3549,0,0,9.197247647398861e-13,probability_native,9.197247647398861e-13,u_048159446b60f8f9,1,1,official,principal
257,0,0,0.00042501961014448637,probability_native,0.00042501961014448637,u_048159446b60f8f9,1,1,official,principal
4799,0,0,0.0002148230099378982,probability_native,0.0002148230099378982,u_048159446b60f8f9,1,1,official,principal
5248,0,0,2.558009728713391e-12,probability_native,2.558009728713391e-12,u_048159446b60f8f9,1,1,official,principal
3965,0,1,0.869312994087625,probability_native,0.869312994087625,u_048159446b60f8f9,1,1,official,principal
2942,0,0,2.900716468030253e-13,probability_native,2.900716468030253e-13,u_048159446b60f8f9,1,1,official,principal
5370,0,1,0.979517409717952,probability_native,0.979517409717952,u_048159446b60f8f9,1,1,official,principal
4495,1,1,0.9995173062928627,probability_native,0.9995173062928627,u_048159446b60f8f9,1,1,official,principal
3932,1,1,0.9999303588489746,probability_native,0.9999303588489746,u_048159446b60f8f9,1,1,official,principal
5347,0,0,3.2680625996784713e-13,probability_native,3.2680625996784713e-13,u_048159446b60f8f9,1,1,official,principal
5531,0,0,6.317663750940471e-06,probability_native,6.317663750940471e-06,u_048159446b60f8f9,1,1,official,principal
1273,0,1,0.9791854070719131,probability_native,0.9791854070719131,u_048159446b60f8f9,1,1,official,principal
6318,0,0,1.818623124012422e-05,probability_native,1.818623124012422e-05,u_048159446b60f8f9,1,1,official,principal
4284,0,1,0.9996735160153831,probability_native,0.9996735160153831,u_048159446b60f8f9,1,1,official,principal
1494,1,0,1.700363874316409e-06,probability_native,1.700363874316409e-06,u_048159446b60f8f9,1,1,official,principal
2190,0,0,9.753034109464381e-13,probability_native,9.753034109464381e-13,u_048159446b60f8f9,1,1,official,principal
4808,0,0,1.125058803593526e-10,probability_native,1.125058803593526e-10,u_048159446b60f8f9,1,1,official,principal
5926,0,0,0.12618234907875112,probability_native,0.12618234907875112,u_048159446b60f8f9,1,1,official,principal
138,0,0,6.316893858060474e-15,probability_native,6.316893858060474e-15,u_048159446b60f8f9,1,1,official,principal
1371,1,1,0.9999614180956782,probability_native,0.9999614180956782,u_048159446b60f8f9,1,1,official,principal
5357,0,0,3.8500858729236985e-15,probability_native,3.8500858729236985e-15,u_048159446b60f8f9,1,1,official,principal
1009,0,0,0.0005866187772819736,probability_native,0.0005866187772819736,u_048159446b60f8f9,1,1,official,principal
3995,1,1,0.8243310276407311,probability_native,0.8243310276407311,u_048159446b60f8f9,1,1,official,principal
3483,0,1,0.9946929394009557,probability_native,0.9946929394009557,u_048159446b60f8f9,1,1,official,principal
5815,1,1,0.9999608954953205,probability_native,0.9999608954953205,u_048159446b60f8f9,1,1,official,principal
1812,0,1,0.8556693581769828,probability_native,0.8556693581769828,u_048159446b60f8f9,1,1,official,principal
5493,1,1,0.9999298354724081,probability_native,0.9999298354724081,u_048159446b60f8f9,1,1,official,principal
3663,0,1,0.9970407188888468,probability_native,0.9970407188888468,u_048159446b60f8f9,1,1,official,principal
3654,0,1,0.7162578337401285,probability_native,0.7162578337401285,u_048159446b60f8f9,1,1,official,principal
568,1,1,0.9990241927225508,probability_native,0.9990241927225508,u_048159446b60f8f9,1,1,official,principal
5586,0,0,2.6594443954300756e-06,probability_native,2.6594443954300756e-06,u_048159446b60f8f9,1,1,official,principal
1656,0,1,0.7342331424261896,probability_native,0.7342331424261896,u_048159446b60f8f9,1,1,official,principal
4257,0,1,0.9462426614519616,probability_native,0.9462426614519616,u_048159446b60f8f9,1,1,official,principal
304,0,1,0.8169507952590986,probability_native,0.8169507952590986,u_048159446b60f8f9,1,1,official,principal
5239,0,0,2.6271968985695657e-05,probability_native,2.6271968985695657e-05,u_048159446b60f8f9,1,1,official,principal
2624,0,0,0.10468496859443638,probability_native,0.10468496859443638,u_048159446b60f8f9,1,1,official,principal
4586,0,0,4.356065064017418e-13,probability_native,4.356065064017418e-13,u_048159446b60f8f9,1,1,official,principal
939,0,0,0.00020215062404058988,probability_native,0.00020215062404058988,u_048159446b60f8f9,1,1,official,principal
4915,0,0,0.2890325254838346,probability_native,0.2890325254838346,u_048159446b60f8f9,1,1,official,principal
5846,0,1,0.9990222726532186,probability_native,0.9990222726532186,u_048159446b60f8f9,1,1,official,principal
4036,0,0,6.591430732259717e-05,probability_native,6.591430732259717e-05,u_048159446b60f8f9,1,1,official,principal
6235,1,0,0.03920114380432074,probability_native,0.03920114380432074,u_048159446b60f8f9,1,1,official,principal
4314,1,1,0.9999158154685973,probability_native,0.9999158154685973,u_048159446b60f8f9,1,1,official,principal
2545,0,0,0.0001270533071411099,probability_native,0.0001270533071411099,u_048159446b60f8f9,1,1,official,principal
6006,0,0,0.023020880834641332,probability_native,0.023020880834641332,u_048159446b60f8f9,1,1,official,principal
1492,1,1,0.9999141166491552,probability_native,0.9999141166491552,u_048159446b60f8f9,1,1,official,principal
4332,0,0,1.4440949528006526e-12,probability_native,1.4440949528006526e-12,u_048159446b60f8f9,1,1,official,principal
4093,0,1,0.9668954681756433,probability_native,0.9668954681756433,u_048159446b60f8f9,1,1,official,principal
6696,0,1,0.9984495788603017,probability_native,0.9984495788603017,u_048159446b60f8f9,1,1,official,principal
