row_id,y_true,y_pred,score_positive,score_type,probability_native,unit_id,outer_fold,replicate,purpose,variant
3810,0,1,0.43763431880057113,decision_function,,u_ebd837a538517738,2,0,official,principal
3938,0,1,0.12949286792801873,decision_function,,u_ebd837a538517738,2,0,official,principal
2764,0,0,-0.6821847489210342,decision_function,,u_ebd837a538517738,2,0,official,principal
3113,0,1,1.0217025212071875,decision_function,,u_ebd837a538517738,2,0,official,principal
4559,0,0,-0.6013553010635676,decision_function,,u_ebd837a538517738,2,0,official,principal
2935,0,0,-1.6259562457422119,decision_function,,u_ebd837a538517738,2,0,official,principal
1236,1,1,1.5267743084015608,decision_function,,u_ebd837a538517738,2,0,official,principal
6780,0,0,-0.11768213819989737,decision_function,,u_ebd837a538517738,2,0,official,principal
2564,1,0,-0.13576272435014186,decision_function,,u_ebd837a538517738,2,0,official,principal
3128,0,0,-0.786083477541401,decision_function,,u_ebd837a538517738,2,0,official,principal
645,1,1,1.4880659964404015,decision_function,,u_ebd837a538517738,2,0,official,principal
6155,1,0,-0.6879806882389046,decision_function,,u_ebd837a538517738,2,0,official,principal
3716,1,1,1.4258559144423617,decision_function,,u_ebd837a538517738,2,0,official,principal
2455,1,1,1.0570870664476533,decision_function,,u_ebd837a538517738,2,0,official,principal
6812,0,0,-0.2841224314628338,decision_function,,u_ebd837a538517738,2,0,official,principal
2189,0,0,-1.8755195633759987,decision_function,,u_ebd837a538517738,2,0,official,principal
4095,0,1,0.5891443784316133,decision_function,,u_ebd837a538517738,2,0,official,principal
5786,0,0,-1.4804811385609815,decision_function,,u_ebd837a538517738,2,0,official,principal
3948,0,0,-0.7276637892002896,decision_function,,u_ebd837a538517738,2,0,official,principal
5121,0,0,-0.6832953934953152,decision_function,,u_ebd837a538517738,2,0,official,principal
6944,0,0,-0.3607460875890002,decision_function,,u_ebd837a538517738,2,0,official,principal
3552,0,0,-0.9546743656558805,decision_function,,u_ebd837a538517738,2,0,official,principal
3101,0,0,-0.38625088677133584,decision_function,,u_ebd837a538517738,2,0,official,principal
2553,0,1,0.11756276433277857,decision_function,,u_ebd837a538517738,2,0,official,principal
3070,0,0,-0.32515798555440545,decision_function,,u_ebd837a538517738,2,0,official,principal
4690,0,0,-0.33952817247100275,decision_function,,u_ebd837a538517738,2,0,official,principal
537,0,0,-1.0410537573034508,decision_function,,u_ebd837a538517738,2,0,official,principal
6228,0,0,-2.0043370558831,decision_function,,u_ebd837a538517738,2,0,official,principal
465,0,0,-1.3612005659519155,decision_function,,u_ebd837a538517738,2,0,official,principal
1657,0,0,-0.5025646976274669,decision_function,,u_ebd837a538517738,2,0,official,principal
835,0,0,-0.10338443294173588,decision_function,,u_ebd837a538517738,2,0,official,principal
763,0,0,-1.9338167577057797,decision_function,,u_ebd837a538517738,2,0,official,principal
1002,0,1,0.9618697633223492,decision_function,,u_ebd837a538517738,2,0,official,principal
6146,1,1,0.9126479858953527,decision_function,,u_ebd837a538517738,2,0,official,principal
1720,0,1,1.2533337215056828,decision_function,,u_ebd837a538517738,2,0,official,principal
1682,0,0,-1.0467591917808758,decision_function,,u_ebd837a538517738,2,0,official,principal
6715,0,1,1.43360563592024,decision_function,,u_ebd837a538517738,2,0,official,principal
3046,0,0,-0.6468149123399778,decision_function,,u_ebd837a538517738,2,0,official,principal
1957,0,0,-0.5952712773873953,decision_function,,u_ebd837a538517738,2,0,official,principal
3462,1,1,1.2694979723384625,decision_function,,u_ebd837a538517738,2,0,official,principal
2655,1,1,0.7888721873001383,decision_function,,u_ebd837a538517738,2,0,official,principal
6831,1,1,1.5675113207172897,decision_function,,u_ebd837a538517738,2,0,official,principal
5825,1,1,1.4676279322155326,decision_function,,u_ebd837a538517738,2,0,official,principal
5963,0,0,-0.3252078548194651,decision_function,,u_ebd837a538517738,2,0,official,principal
931,0,0,-0.6241749788139939,decision_function,,u_ebd837a538517738,2,0,official,principal
4680,0,1,0.24497260264053522,decision_function,,u_ebd837a538517738,2,0,official,principal
940,0,0,-1.4218499994252651,decision_function,,u_ebd837a538517738,2,0,official,principal
771,1,1,1.5067272290886278,decision_function,,u_ebd837a538517738,2,0,official,principal
2482,0,1,0.8594860994671005,decision_function,,u_ebd837a538517738,2,0,official,principal
1146,0,0,-1.212178199069566,decision_function,,u_ebd837a538517738,2,0,official,principal
3179,0,0,-1.0668936331837944,decision_function,,u_ebd837a538517738,2,0,official,principal
6258,0,0,-0.4468871631253609,decision_function,,u_ebd837a538517738,2,0,official,principal
5934,1,1,1.004776538953904,decision_function,,u_ebd837a538517738,2,0,official,principal
295,0,0,-0.5897153035183678,decision_function,,u_ebd837a538517738,2,0,official,principal
2298,0,0,-0.9082147832108276,decision_function,,u_ebd837a538517738,2,0,official,principal
4756,0,0,-0.5787260933478339,decision_function,,u_ebd837a538517738,2,0,official,principal
1988,1,0,-0.26742239726700134,decision_function,,u_ebd837a538517738,2,0,official,principal
3110,0,0,-0.6359323152888195,decision_function,,u_ebd837a538517738,2,0,official,principal
597,0,1,0.15527689414349044,decision_function,,u_ebd837a538517738,2,0,official,principal
105,0,1,0.054518198475270285,decision_function,,u_ebd837a538517738,2,0,official,principal
60,0,1,0.6155170606251243,decision_function,,u_ebd837a538517738,2,0,official,principal
1109,0,0,-0.45471749515946247,decision_function,,u_ebd837a538517738,2,0,official,principal
1672,0,0,-2.009283942321921,decision_function,,u_ebd837a538517738,2,0,official,principal
2696,0,0,-1.8945177773771325,decision_function,,u_ebd837a538517738,2,0,official,principal
5707,0,1,0.5638532279402597,decision_function,,u_ebd837a538517738,2,0,official,principal
3586,1,0,-0.3056700333980815,decision_function,,u_ebd837a538517738,2,0,official,principal
2538,0,0,-0.4396498732566336,decision_function,,u_ebd837a538517738,2,0,official,principal
221,0,0,-1.8540867798045477,decision_function,,u_ebd837a538517738,2,0,official,principal
3167,0,0,-1.7221646025640778,decision_function,,u_ebd837a538517738,2,0,official,principal
2108,0,0,-0.7558776355358814,decision_function,,u_ebd837a538517738,2,0,official,principal
4565,0,0,-1.8800725300133923,decision_function,,u_ebd837a538517738,2,0,official,principal
6905,0,1,0.37118780397196427,decision_function,,u_ebd837a538517738,2,0,official,principal
5041,0,0,-1.327984954088643,decision_function,,u_ebd837a538517738,2,0,official,principal
718,0,1,0.12998559217109784,decision_function,,u_ebd837a538517738,2,0,official,principal
5408,0,0,-1.6152496946950612,decision_function,,u_ebd837a538517738,2,0,official,principal
2991,0,1,0.2945295148009913,decision_function,,u_ebd837a538517738,2,0,official,principal
5310,0,0,-1.1181348073048842,decision_function,,u_ebd837a538517738,2,0,official,principal
3709,0,1,0.3568705546603299,decision_function,,u_ebd837a538517738,2,0,official,principal
2724,0,0,-1.9524078498467592,decision_function,,u_ebd837a538517738,2,0,official,principal
5361,0,0,-0.8230650843669289,decision_function,,u_ebd837a538517738,2,0,official,principal
2258,0,0,-1.6045000512312029,decision_function,,u_ebd837a538517738,2,0,official,principal
6040,1,1,0.8380307346345905,decision_function,,u_ebd837a538517738,2,0,official,principal
6632,1,0,-0.6707547526851323,decision_function,,u_ebd837a538517738,2,0,official,principal
2903,0,0,-0.5071048882445555,decision_function,,u_ebd837a538517738,2,0,official,principal
1945,0,0,-1.9643926040411301,decision_function,,u_ebd837a538517738,2,0,official,principal
3557,0,1,0.09343022327688388,decision_function,,u_ebd837a538517738,2,0,official,principal
168,1,0,-0.14761996864973065,decision_function,,u_ebd837a538517738,2,0,official,principal
1734,1,1,1.0120675780971877,decision_function,,u_ebd837a538517738,2,0,official,principal
6560,0,0,-1.4521089921201393,decision_function,,u_ebd837a538517738,2,0,official,principal
5957,1,1,1.0335338898911108,decision_function,,u_ebd837a538517738,2,0,official,principal
6514,0,0,-1.378821759979312,decision_function,,u_ebd837a538517738,2,0,official,principal
956,0,0,-1.9215474663014147,decision_function,,u_ebd837a538517738,2,0,official,principal
3614,0,0,-1.6799237851165432,decision_function,,u_ebd837a538517738,2,0,official,principal
3399,0,0,-0.6974104349609433,decision_function,,u_ebd837a538517738,2,0,official,principal
1904,1,0,-0.1104115278306585,decision_function,,u_ebd837a538517738,2,0,official,principal
4735,0,0,-0.7876629281276251,decision_function,,u_ebd837a538517738,2,0,official,principal
1702,1,1,0.8613738784798666,decision_function,,u_ebd837a538517738,2,0,official,principal
2579,0,0,-1.6556606079565082,decision_function,,u_ebd837a538517738,2,0,official,principal
5245,0,0,-1.798572881421197,decision_function,,u_ebd837a538517738,2,0,official,principal
1528,0,1,0.6979898007407523,decision_function,,u_ebd837a538517738,2,0,official,principal
873,1,0,-0.3655016725113875,decision_function,,u_ebd837a538517738,2,0,official,principal
5824,0,0,-1.2931938473707931,decision_function,,u_ebd837a538517738,2,0,official,principal
6504,1,1,1.24587346118803,decision_function,,u_ebd837a538517738,2,0,official,principal
1808,1,1,0.9083850650931335,decision_function,,u_ebd837a538517738,2,0,official,principal
5889,0,0,-0.0020382209939437956,decision_function,,u_ebd837a538517738,2,0,official,principal
2886,0,0,-0.6275538428300634,decision_function,,u_ebd837a538517738,2,0,official,principal
5349,0,0,-1.1477185991293934,decision_function,,u_ebd837a538517738,2,0,official,principal
6438,1,1,1.5475183226377682,decision_function,,u_ebd837a538517738,2,0,official,principal
273,0,1,0.8524944256125417,decision_function,,u_ebd837a538517738,2,0,official,principal
2265,1,1,0.8465834851050504,decision_function,,u_ebd837a538517738,2,0,official,principal
613,0,0,-0.1934326209521478,decision_function,,u_ebd837a538517738,2,0,official,principal
4072,0,1,1.4541376889021,decision_function,,u_ebd837a538517738,2,0,official,principal
1411,0,1,0.7260574652439891,decision_function,,u_ebd837a538517738,2,0,official,principal
5964,0,0,-1.4026998390074104,decision_function,,u_ebd837a538517738,2,0,official,principal
4213,1,1,0.2770499445166166,decision_function,,u_ebd837a538517738,2,0,official,principal
1485,1,1,1.4393400348860343,decision_function,,u_ebd837a538517738,2,0,official,principal
607,0,0,-1.6564094783651355,decision_function,,u_ebd837a538517738,2,0,official,principal
696,0,0,-1.3383334874077635,decision_function,,u_ebd837a538517738,2,0,official,principal
5817,1,1,0.8103931739780472,decision_function,,u_ebd837a538517738,2,0,official,principal
4646,0,1,1.17465114259597,decision_function,,u_ebd837a538517738,2,0,official,principal
6981,0,1,0.5812886331972729,decision_function,,u_ebd837a538517738,2,0,official,principal
3945,1,0,-0.2405066955500968,decision_function,,u_ebd837a538517738,2,0,official,principal
6487,0,0,-0.871352149697677,decision_function,,u_ebd837a538517738,2,0,official,principal
6739,0,1,1.0744829725850582,decision_function,,u_ebd837a538517738,2,0,official,principal
441,0,1,0.06176985036682814,decision_function,,u_ebd837a538517738,2,0,official,principal
5178,0,0,-0.5883397258002183,decision_function,,u_ebd837a538517738,2,0,official,principal
3451,0,0,-0.5577266207830939,decision_function,,u_ebd837a538517738,2,0,official,principal
6056,0,0,-1.6196123587385043,decision_function,,u_ebd837a538517738,2,0,official,principal
190,0,0,-1.1415446909492415,decision_function,,u_ebd837a538517738,2,0,official,principal
930,0,1,0.4429784587089287,decision_function,,u_ebd837a538517738,2,0,official,principal
2434,0,0,-0.8193344945158185,decision_function,,u_ebd837a538517738,2,0,official,principal
3576,0,0,-1.8110061820595436,decision_function,,u_ebd837a538517738,2,0,official,principal
1376,1,1,0.38212627006012967,decision_function,,u_ebd837a538517738,2,0,official,principal
5241,0,0,-0.9926571619203871,decision_function,,u_ebd837a538517738,2,0,official,principal
5766,0,0,-0.7717700682414693,decision_function,,u_ebd837a538517738,2,0,official,principal
6014,0,0,-0.4625967738463791,decision_function,,u_ebd837a538517738,2,0,official,principal
2867,0,0,-1.4135388582299608,decision_function,,u_ebd837a538517738,2,0,official,principal
5500,0,0,-1.7092254571155108,decision_function,,u_ebd837a538517738,2,0,official,principal
826,1,1,1.5045131937747271,decision_function,,u_ebd837a538517738,2,0,official,principal
638,1,0,-0.3341415344233489,decision_function,,u_ebd837a538517738,2,0,official,principal
4446,1,1,1.5570284991432404,decision_function,,u_ebd837a538517738,2,0,official,principal
1516,0,1,1.1333352237030092,decision_function,,u_ebd837a538517738,2,0,official,principal
5017,0,0,-1.4008147052414948,decision_function,,u_ebd837a538517738,2,0,official,principal
207,1,1,1.232212642895557,decision_function,,u_ebd837a538517738,2,0,official,principal
6225,0,0,-1.3098036700301556,decision_function,,u_ebd837a538517738,2,0,official,principal
4769,0,0,-1.3260966357215525,decision_function,,u_ebd837a538517738,2,0,official,principal
4726,0,0,-1.2412295446059742,decision_function,,u_ebd837a538517738,2,0,official,principal
3302,1,1,0.4859478597435627,decision_function,,u_ebd837a538517738,2,0,official,principal
387,0,0,-0.9528367375553901,decision_function,,u_ebd837a538517738,2,0,official,principal
976,1,1,1.464791395880359,decision_function,,u_ebd837a538517738,2,0,official,principal
3425,0,0,-0.012849576780512573,decision_function,,u_ebd837a538517738,2,0,official,principal
2837,1,0,-0.6140456666016739,decision_function,,u_ebd837a538517738,2,0,official,principal
973,1,1,0.11729418495466948,decision_function,,u_ebd837a538517738,2,0,official,principal
2419,0,0,-0.5918170894428965,decision_function,,u_ebd837a538517738,2,0,official,principal
6217,0,0,-1.1714315950486212,decision_function,,u_ebd837a538517738,2,0,official,principal
2370,0,0,-1.0882340082904935,decision_function,,u_ebd837a538517738,2,0,official,principal
3954,0,1,1.536414520168913,decision_function,,u_ebd837a538517738,2,0,official,principal
903,0,0,-0.7930487056124319,decision_function,,u_ebd837a538517738,2,0,official,principal
1863,0,0,-0.9971846060196407,decision_function,,u_ebd837a538517738,2,0,official,principal
4620,0,0,-1.2516369234987426,decision_function,,u_ebd837a538517738,2,0,official,principal
3089,0,0,-1.6787749606107443,decision_function,,u_ebd837a538517738,2,0,official,principal
3668,0,0,-0.3407366735844617,decision_function,,u_ebd837a538517738,2,0,official,principal
271,0,0,-1.2836398274742522,decision_function,,u_ebd837a538517738,2,0,official,principal
1100,0,0,-0.2808819487895079,decision_function,,u_ebd837a538517738,2,0,official,principal
6247,0,0,-0.18492588608849708,decision_function,,u_ebd837a538517738,2,0,official,principal
6703,1,1,1.0938777056919424,decision_function,,u_ebd837a538517738,2,0,official,principal
4628,0,0,-0.4206616949097627,decision_function,,u_ebd837a538517738,2,0,official,principal
6802,0,1,0.8083913136747134,decision_function,,u_ebd837a538517738,2,0,official,principal
2974,1,1,0.3778732333603403,decision_function,,u_ebd837a538517738,2,0,official,principal
4850,0,0,-0.7272226464909823,decision_function,,u_ebd837a538517738,2,0,official,principal
6151,1,1,0.990360798609109,decision_function,,u_ebd837a538517738,2,0,official,principal
5792,1,1,0.6362438541525992,decision_function,,u_ebd837a538517738,2,0,official,principal
4609,0,0,-0.6899108842641781,decision_function,,u_ebd837a538517738,2,0,official,principal
1408,0,0,-0.8599237664332852,decision_function,,u_ebd837a538517738,2,0,official,principal
2525,0,0,-1.320934092458396,decision_function,,u_ebd837a538517738,2,0,official,principal
26,1,1,0.4146109911604572,decision_function,,u_ebd837a538517738,2,0,official,principal
1272,0,0,-0.8556238295572696,decision_function,,u_ebd837a538517738,2,0,official,principal
2625,0,0,-0.15024549616982646,decision_function,,u_ebd837a538517738,2,0,official,principal
5071,0,1,0.7255662275348373,decision_function,,u_ebd837a538517738,2,0,official,principal
574,0,1,0.805196074452958,decision_function,,u_ebd837a538517738,2,0,official,principal
6816,1,1,1.4690965978524861,decision_function,,u_ebd837a538517738,2,0,official,principal
1433,0,0,-0.04611021029442797,decision_function,,u_ebd837a538517738,2,0,official,principal
1404,0,0,-1.3825743483087072,decision_function,,u_ebd837a538517738,2,0,official,principal
1330,0,0,-0.833298688995471,decision_function,,u_ebd837a538517738,2,0,official,principal
4844,0,0,-1.6521516806796244,decision_function,,u_ebd837a538517738,2,0,official,principal
1298,0,0,-0.5834406664209681,decision_function,,u_ebd837a538517738,2,0,official,principal
811,1,0,-0.9718877880513299,decision_function,,u_ebd837a538517738,2,0,official,principal
3861,0,1,0.1308000062177218,decision_function,,u_ebd837a538517738,2,0,official,principal
369,0,0,-1.2214138901105427,decision_function,,u_ebd837a538517738,2,0,official,principal
1202,1,0,-0.4186571633444306,decision_function,,u_ebd837a538517738,2,0,official,principal
6029,0,1,0.5781707659336526,decision_function,,u_ebd837a538517738,2,0,official,principal
4535,1,1,0.9982642888205318,decision_function,,u_ebd837a538517738,2,0,official,principal
6424,1,0,-0.9879254661851922,decision_function,,u_ebd837a538517738,2,0,official,principal
4998,0,0,-0.6010361734851482,decision_function,,u_ebd837a538517738,2,0,official,principal
1810,0,0,-1.4480784920226257,decision_function,,u_ebd837a538517738,2,0,official,principal
3952,0,0,-1.0674952490953618,decision_function,,u_ebd837a538517738,2,0,official,principal
4830,0,0,-1.0432669652449664,decision_function,,u_ebd837a538517738,2,0,official,principal
5327,0,0,-1.53062679234937,decision_function,,u_ebd837a538517738,2,0,official,principal
6400,0,0,-1.7352951454300576,decision_function,,u_ebd837a538517738,2,0,official,principal
292,0,0,-0.5672827975385583,decision_function,,u_ebd837a538517738,2,0,official,principal
6774,0,0,-0.6273672854182276,decision_function,,u_ebd837a538517738,2,0,official,principal
474,1,1,1.193877616855726,decision_function,,u_ebd837a538517738,2,0,official,principal
6306,0,0,-1.0531960701468852,decision_function,,u_ebd837a538517738,2,0,official,principal
6771,0,0,-0.639781969022559,decision_function,,u_ebd837a538517738,2,0,official,principal
4055,0,0,-1.3068389928434831,decision_function,,u_ebd837a538517738,2,0,official,principal
1131,1,1,0.37349136382258674,decision_function,,u_ebd837a538517738,2,0,official,principal
2159,0,0,-1.0004349444242961,decision_function,,u_ebd837a538517738,2,0,official,principal
4972,0,0,-1.8946359406974116,decision_function,,u_ebd837a538517738,2,0,official,principal
6842,0,0,-0.8845169152529961,decision_function,,u_ebd837a538517738,2,0,official,principal
6165,0,1,1.45017651129247,decision_function,,u_ebd837a538517738,2,0,official,principal
1454,0,0,-0.9746259419989557,decision_function,,u_ebd837a538517738,2,0,official,principal
4757,1,1,0.034452582849338276,decision_function,,u_ebd837a538517738,2,0,official,principal
3165,0,0,-1.5059598800470244,decision_function,,u_ebd837a538517738,2,0,official,principal
4066,0,0,-1.502023054228626,decision_function,,u_ebd837a538517738,2,0,official,principal
4101,0,1,0.47277329352951547,decision_function,,u_ebd837a538517738,2,0,official,principal
4891,0,1,0.7419955484405851,decision_function,,u_ebd837a538517738,2,0,official,principal
3555,1,1,1.3077220835187668,decision_function,,u_ebd837a538517738,2,0,official,principal
2733,0,1,0.7156446211808161,decision_function,,u_ebd837a538517738,2,0,official,principal
3229,1,1,1.5286574084734807,decision_function,,u_ebd837a538517738,2,0,official,principal
7038,0,0,-0.5529042589334807,decision_function,,u_ebd837a538517738,2,0,official,principal
3469,0,1,1.449811219790829,decision_function,,u_ebd837a538517738,2,0,official,principal
6333,1,0,-0.24752542051252358,decision_function,,u_ebd837a538517738,2,0,official,principal
6956,0,0,-1.2385788284306782,decision_function,,u_ebd837a538517738,2,0,official,principal
1475,0,0,-0.8807474049880588,decision_function,,u_ebd837a538517738,2,0,official,principal
2794,0,0,-0.3150414123279397,decision_function,,u_ebd837a538517738,2,0,official,principal
4012,1,1,0.530528914254053,decision_function,,u_ebd837a538517738,2,0,official,principal
5794,0,0,-0.8339809863521167,decision_function,,u_ebd837a538517738,2,0,official,principal
3349,1,1,1.5227076305155576,decision_function,,u_ebd837a538517738,2,0,official,principal
3409,0,0,-0.8116323170980833,decision_function,,u_ebd837a538517738,2,0,official,principal
5821,0,0,-1.4233788503055602,decision_function,,u_ebd837a538517738,2,0,official,principal
1170,0,0,-1.0014151121173684,decision_function,,u_ebd837a538517738,2,0,official,principal
4016,0,1,0.2581620796073184,decision_function,,u_ebd837a538517738,2,0,official,principal
1374,0,0,-1.255117534950715,decision_function,,u_ebd837a538517738,2,0,official,principal
5247,1,1,0.9290944194378328,decision_function,,u_ebd837a538517738,2,0,official,principal
2838,0,0,-1.5837773586600465,decision_function,,u_ebd837a538517738,2,0,official,principal
2656,0,0,-0.851758190721772,decision_function,,u_ebd837a538517738,2,0,official,principal
923,0,0,-1.225258829321112,decision_function,,u_ebd837a538517738,2,0,official,principal
1322,0,0,-0.47844497451294116,decision_function,,u_ebd837a538517738,2,0,official,principal
691,0,0,-0.9169095727884339,decision_function,,u_ebd837a538517738,2,0,official,principal
3974,0,0,-0.7904344373117936,decision_function,,u_ebd837a538517738,2,0,official,principal
5313,0,0,-0.2685375417948854,decision_function,,u_ebd837a538517738,2,0,official,principal
4675,1,1,0.12245626562296263,decision_function,,u_ebd837a538517738,2,0,official,principal
2610,1,0,-0.8315836523266433,decision_function,,u_ebd837a538517738,2,0,official,principal
3570,0,0,-1.2641693663826092,decision_function,,u_ebd837a538517738,2,0,official,principal
6256,1,1,0.3009673240809072,decision_function,,u_ebd837a538517738,2,0,official,principal
6626,1,1,1.521360550732676,decision_function,,u_ebd837a538517738,2,0,official,principal
4413,1,1,1.07874557900646,decision_function,,u_ebd837a538517738,2,0,official,principal
1603,1,1,0.371494859420322,decision_function,,u_ebd837a538517738,2,0,official,principal
1724,0,1,1.3748634588326283,decision_function,,u_ebd837a538517738,2,0,official,principal
2302,0,0,-1.583784478531184,decision_function,,u_ebd837a538517738,2,0,official,principal
1871,0,0,-0.07155222364696451,decision_function,,u_ebd837a538517738,2,0,official,principal
443,0,1,0.1225767650396985,decision_function,,u_ebd837a538517738,2,0,official,principal
6320,0,0,-0.4585624834115938,decision_function,,u_ebd837a538517738,2,0,official,principal
4025,1,1,1.1621073391681056,decision_function,,u_ebd837a538517738,2,0,official,principal
6045,0,0,-1.7656942093975942,decision_function,,u_ebd837a538517738,2,0,official,principal
6663,0,1,1.082468943879814,decision_function,,u_ebd837a538517738,2,0,official,principal
1499,0,1,0.003129911458781276,decision_function,,u_ebd837a538517738,2,0,official,principal
599,0,0,-1.6560098606637452,decision_function,,u_ebd837a538517738,2,0,official,principal
1107,0,0,-1.8377561499801345,decision_function,,u_ebd837a538517738,2,0,official,principal
2972,0,0,-1.7641065216195264,decision_function,,u_ebd837a538517738,2,0,official,principal
6669,0,1,0.8940898002154516,decision_function,,u_ebd837a538517738,2,0,official,principal
209,0,0,-0.9889932069839766,decision_function,,u_ebd837a538517738,2,0,official,principal
1315,0,0,-1.2107514958033947,decision_function,,u_ebd837a538517738,2,0,official,principal
1864,0,0,-0.21089029638843326,decision_function,,u_ebd837a538517738,2,0,official,principal
1539,0,1,0.20756644593044604,decision_function,,u_ebd837a538517738,2,0,official,principal
3506,0,1,0.9273119924986297,decision_function,,u_ebd837a538517738,2,0,official,principal
4247,0,0,-1.272429547408596,decision_function,,u_ebd837a538517738,2,0,official,principal
6074,1,1,0.7538873569555478,decision_function,,u_ebd837a538517738,2,0,official,principal
133,1,1,1.0069969961248968,decision_function,,u_ebd837a538517738,2,0,official,principal
4316,0,0,-1.661649628276294,decision_function,,u_ebd837a538517738,2,0,official,principal
1087,0,0,-0.19770837052742524,decision_function,,u_ebd837a538517738,2,0,official,principal
838,0,0,-0.5253046353728691,decision_function,,u_ebd837a538517738,2,0,official,principal
2780,1,0,-1.138771328002507,decision_function,,u_ebd837a538517738,2,0,official,principal
5190,0,1,1.1283651020031078,decision_function,,u_ebd837a538517738,2,0,official,principal
1405,1,1,1.2152494549087711,decision_function,,u_ebd837a538517738,2,0,official,principal
5096,0,0,-1.7506620872145966,decision_function,,u_ebd837a538517738,2,0,official,principal
2781,0,1,0.7526581550829232,decision_function,,u_ebd837a538517738,2,0,official,principal
3820,0,0,-0.719570179821944,decision_function,,u_ebd837a538517738,2,0,official,principal
3035,0,1,1.0187394210598624,decision_function,,u_ebd837a538517738,2,0,official,principal
6766,0,0,-1.3165795877675128,decision_function,,u_ebd837a538517738,2,0,official,principal
5516,1,1,0.2430126022473149,decision_function,,u_ebd837a538517738,2,0,official,principal
706,0,0,-1.7868329046042164,decision_function,,u_ebd837a538517738,2,0,official,principal
1907,0,1,0.47303107888849705,decision_function,,u_ebd837a538517738,2,0,official,principal
3642,0,1,0.9778813302615785,decision_function,,u_ebd837a538517738,2,0,official,principal
2940,1,1,0.06147011602774177,decision_function,,u_ebd837a538517738,2,0,official,principal
3705,0,0,-1.9214250345994226,decision_function,,u_ebd837a538517738,2,0,official,principal
818,1,1,0.8952263133631164,decision_function,,u_ebd837a538517738,2,0,official,principal
511,0,1,0.020530509045192713,decision_function,,u_ebd837a538517738,2,0,official,principal
6943,1,0,-0.1264456465758797,decision_function,,u_ebd837a538517738,2,0,official,principal
6512,0,1,0.3708704101621375,decision_function,,u_ebd837a538517738,2,0,official,principal
3615,1,1,0.7984025937515207,decision_function,,u_ebd837a538517738,2,0,official,principal
169,0,0,-0.6959142414406448,decision_function,,u_ebd837a538517738,2,0,official,principal
4699,0,0,-1.016224616242515,decision_function,,u_ebd837a538517738,2,0,official,principal
3037,0,0,-1.5260680247558276,decision_function,,u_ebd837a538517738,2,0,official,principal
7031,0,0,-1.0926048539168183,decision_function,,u_ebd837a538517738,2,0,official,principal
3345,0,0,-0.6099965894992758,decision_function,,u_ebd837a538517738,2,0,official,principal
1675,1,1,0.9310197600199861,decision_function,,u_ebd837a538517738,2,0,official,principal
1140,0,0,-0.6357253362466221,decision_function,,u_ebd837a538517738,2,0,official,principal
5946,1,0,-1.567440956705897,decision_function,,u_ebd837a538517738,2,0,official,principal
4990,0,0,-0.011313255161418234,decision_function,,u_ebd837a538517738,2,0,official,principal
4789,1,1,0.8426965971676403,decision_function,,u_ebd837a538517738,2,0,official,principal
3575,0,0,-0.4321964963033611,decision_function,,u_ebd837a538517738,2,0,official,principal
589,0,0,-1.4678918619676489,decision_function,,u_ebd837a538517738,2,0,official,principal
4071,0,1,0.47506953635746574,decision_function,,u_ebd837a538517738,2,0,official,principal
4890,0,0,-0.24354441079288242,decision_function,,u_ebd837a538517738,2,0,official,principal
2534,0,0,-1.1638375232654097,decision_function,,u_ebd837a538517738,2,0,official,principal
2836,0,1,0.20807780534347364,decision_function,,u_ebd837a538517738,2,0,official,principal
5847,0,0,-0.41375702166977896,decision_function,,u_ebd837a538517738,2,0,official,principal
5630,1,1,0.6537184872360475,decision_function,,u_ebd837a538517738,2,0,official,principal
1269,0,0,-1.1514095788691934,decision_function,,u_ebd837a538517738,2,0,official,principal
3173,0,0,-1.322980224099422,decision_function,,u_ebd837a538517738,2,0,official,principal
5045,0,0,-0.18541882102963758,decision_function,,u_ebd837a538517738,2,0,official,principal
3260,1,1,0.3225073696044548,decision_function,,u_ebd837a538517738,2,0,official,principal
557,0,0,-1.4051018725647724,decision_function,,u_ebd837a538517738,2,0,official,principal
5223,0,0,-1.719443637398125,decision_function,,u_ebd837a538517738,2,0,official,principal
953,0,0,-0.18280190363685744,decision_function,,u_ebd837a538517738,2,0,official,principal
5060,0,1,0.19626347006336664,decision_function,,u_ebd837a538517738,2,0,official,principal
4939,0,0,-0.6105531242853306,decision_function,,u_ebd837a538517738,2,0,official,principal
4462,1,1,1.3109854983535187,decision_function,,u_ebd837a538517738,2,0,official,principal
3130,0,0,-0.8302698387809719,decision_function,,u_ebd837a538517738,2,0,official,principal
6862,1,1,1.5443080344934623,decision_function,,u_ebd837a538517738,2,0,official,principal
5376,0,0,-1.2268765403573871,decision_function,,u_ebd837a538517738,2,0,official,principal
1089,0,1,0.8413009162691958,decision_function,,u_ebd837a538517738,2,0,official,principal
6476,0,0,-1.785044742752941,decision_function,,u_ebd837a538517738,2,0,official,principal
2251,0,1,0.9698528548778467,decision_function,,u_ebd837a538517738,2,0,official,principal
4662,0,0,-1.1303206300335367,decision_function,,u_ebd837a538517738,2,0,official,principal
1262,0,1,0.5810104207251658,decision_function,,u_ebd837a538517738,2,0,official,principal
5979,0,0,-1.652761575923679,decision_function,,u_ebd837a538517738,2,0,official,principal
2430,0,0,-0.6365448552358484,decision_function,,u_ebd837a538517738,2,0,official,principal
792,0,0,-0.8642376239291759,decision_function,,u_ebd837a538517738,2,0,official,principal
1034,0,0,-1.7298646806473492,decision_function,,u_ebd837a538517738,2,0,official,principal
2068,0,0,-0.6144504538868091,decision_function,,u_ebd837a538517738,2,0,official,principal
1856,1,0,-0.24259606372699677,decision_function,,u_ebd837a538517738,2,0,official,principal
5759,1,1,1.1674919705314695,decision_function,,u_ebd837a538517738,2,0,official,principal
2276,0,1,0.3591730465792988,decision_function,,u_ebd837a538517738,2,0,official,principal
681,0,0,-1.2952215398677425,decision_function,,u_ebd837a538517738,2,0,official,principal
6083,0,0,-1.1455061249550664,decision_function,,u_ebd837a538517738,2,0,official,principal
679,0,0,-0.16475551125750082,decision_function,,u_ebd837a538517738,2,0,official,principal
548,0,0,-0.3588117905334207,decision_function,,u_ebd837a538517738,2,0,official,principal
5213,0,1,1.5233034199466728,decision_function,,u_ebd837a538517738,2,0,official,principal
4477,0,0,-0.5404021206760243,decision_function,,u_ebd837a538517738,2,0,official,principal
1350,0,0,-1.739933778668488,decision_function,,u_ebd837a538517738,2,0,official,principal
78,0,1,0.46577678361236186,decision_function,,u_ebd837a538517738,2,0,official,principal
386,1,1,0.12201155981191159,decision_function,,u_ebd837a538517738,2,0,official,principal
1447,1,1,0.45015131651434037,decision_function,,u_ebd837a538517738,2,0,official,principal
2264,0,0,-1.0964916367028201,decision_function,,u_ebd837a538517738,2,0,official,principal
1627,0,1,0.877233651282711,decision_function,,u_ebd837a538517738,2,0,official,principal
2095,1,1,1.5679897721251792,decision_function,,u_ebd837a538517738,2,0,official,principal
4153,0,0,-1.4199755484169425,decision_function,,u_ebd837a538517738,2,0,official,principal
2449,0,1,0.4418873408261962,decision_function,,u_ebd837a538517738,2,0,official,principal
6675,0,0,-0.7928320092584891,decision_function,,u_ebd837a538517738,2,0,official,principal
4857,0,0,-0.2967445952293105,decision_function,,u_ebd837a538517738,2,0,official,principal
5095,0,0,-1.3394296775333545,decision_function,,u_ebd837a538517738,2,0,official,principal
179,0,0,-1.7080089084291876,decision_function,,u_ebd837a538517738,2,0,official,principal
2644,1,0,-0.016485647892723887,decision_function,,u_ebd837a538517738,2,0,official,principal
665,0,1,1.1276589951434577,decision_function,,u_ebd837a538517738,2,0,official,principal
1553,0,0,-0.17161200729425197,decision_function,,u_ebd837a538517738,2,0,official,principal
1111,1,1,0.7345184578329917,decision_function,,u_ebd837a538517738,2,0,official,principal
6349,0,0,-1.6143836190911962,decision_function,,u_ebd837a538517738,2,0,official,principal
4946,1,1,1.5415351922048353,decision_function,,u_ebd837a538517738,2,0,official,principal
245,0,1,0.971807351747966,decision_function,,u_ebd837a538517738,2,0,official,principal
1850,0,0,-0.4429408884151385,decision_function,,u_ebd837a538517738,2,0,official,principal
1735,0,0,-1.316591985309852,decision_function,,u_ebd837a538517738,2,0,official,principal
6382,0,0,-1.203452961467423,decision_function,,u_ebd837a538517738,2,0,official,principal
6694,0,0,-0.3489872356192625,decision_function,,u_ebd837a538517738,2,0,official,principal
4682,1,1,0.5868647155251256,decision_function,,u_ebd837a538517738,2,0,official,principal
2744,0,0,-0.373305728671072,decision_function,,u_ebd837a538517738,2,0,official,principal
5697,1,0,-0.7572781463070142,decision_function,,u_ebd837a538517738,2,0,official,principal
1373,0,0,-0.7109995955666091,decision_function,,u_ebd837a538517738,2,0,official,principal
1894,0,1,0.05182046710432775,decision_function,,u_ebd837a538517738,2,0,official,principal
2844,1,1,1.4769544475864964,decision_function,,u_ebd837a538517738,2,0,official,principal
6398,1,0,-0.8242503709981089,decision_function,,u_ebd837a538517738,2,0,official,principal
3771,1,1,1.5606904257007126,decision_function,,u_ebd837a538517738,2,0,official,principal
851,0,0,-1.2544748593794204,decision_function,,u_ebd837a538517738,2,0,official,principal
2249,0,1,0.12138029623493996,decision_function,,u_ebd837a538517738,2,0,official,principal
2175,1,1,0.306445901654675,decision_function,,u_ebd837a538517738,2,0,official,principal
5918,0,0,-1.890102545278469,decision_function,,u_ebd837a538517738,2,0,official,principal
6128,0,1,1.2732590232358105,decision_function,,u_ebd837a538517738,2,0,official,principal
2398,0,1,0.22353567815065367,decision_function,,u_ebd837a538517738,2,0,official,principal
6152,1,1,0.7813387391430802,decision_function,,u_ebd837a538517738,2,0,official,principal
5807,0,0,-1.770544202526876,decision_function,,u_ebd837a538517738,2,0,official,principal
131,1,0,-0.2877101922252109,decision_function,,u_ebd837a538517738,2,0,official,principal
1832,1,1,0.16771951375381344,decision_function,,u_ebd837a538517738,2,0,official,principal
513,0,0,-0.2853799018795193,decision_function,,u_ebd837a538517738,2,0,official,principal
5010,0,0,-1.4054660065803453,decision_function,,u_ebd837a538517738,2,0,official,principal
5971,0,0,-1.95004421582387,decision_function,,u_ebd837a538517738,2,0,official,principal
5521,0,0,-0.6152036564507612,decision_function,,u_ebd837a538517738,2,0,official,principal
1785,0,0,-1.5245263971172203,decision_function,,u_ebd837a538517738,2,0,official,principal
5233,1,1,1.0372096640805673,decision_function,,u_ebd837a538517738,2,0,official,principal
5502,1,1,1.0302334588092772,decision_function,,u_ebd837a538517738,2,0,official,principal
663,0,0,-1.406235558412134,decision_function,,u_ebd837a538517738,2,0,official,principal
3717,0,0,-0.3653033389628048,decision_function,,u_ebd837a538517738,2,0,official,principal
1221,0,1,0.28735816810736015,decision_function,,u_ebd837a538517738,2,0,official,principal
5125,1,1,1.5777933289081316,decision_function,,u_ebd837a538517738,2,0,official,principal
3770,0,0,-1.7599727135289054,decision_function,,u_ebd837a538517738,2,0,official,principal
3494,1,1,1.1509264180955256,decision_function,,u_ebd837a538517738,2,0,official,principal
6262,0,0,-0.6668884810102302,decision_function,,u_ebd837a538517738,2,0,official,principal
2987,0,0,-1.5764558431495157,decision_function,,u_ebd837a538517738,2,0,official,principal
1712,0,0,-0.1635477466151367,decision_function,,u_ebd837a538517738,2,0,official,principal
5193,0,0,-1.8964200566710225,decision_function,,u_ebd837a538517738,2,0,official,principal
5527,0,0,-0.8296835068068873,decision_function,,u_ebd837a538517738,2,0,official,principal
4637,0,0,-1.3454987211661271,decision_function,,u_ebd837a538517738,2,0,official,principal
5031,0,1,0.9479359819360884,decision_function,,u_ebd837a538517738,2,0,official,principal
286,0,1,0.5073434496489733,decision_function,,u_ebd837a538517738,2,0,official,principal
6643,0,1,1.1643860588867319,decision_function,,u_ebd837a538517738,2,0,official,principal
4876,1,1,1.0363017763029239,decision_function,,u_ebd837a538517738,2,0,official,principal
1049,1,0,-0.6273672854182276,decision_function,,u_ebd837a538517738,2,0,official,principal
1180,0,0,-0.842707546918644,decision_function,,u_ebd837a538517738,2,0,official,principal
4928,1,1,0.6377487915670768,decision_function,,u_ebd837a538517738,2,0,official,principal
3039,0,0,-1.2923942804658322,decision_function,,u_ebd837a538517738,2,0,official,principal
1508,0,1,0.675206164658446,decision_function,,u_ebd837a538517738,2,0,official,principal
3405,0,0,-0.8465725149313559,decision_function,,u_ebd837a538517738,2,0,official,principal
6171,0,0,-0.09849993693658216,decision_function,,u_ebd837a538517738,2,0,official,principal
3266,0,0,-1.9704043614456457,decision_function,,u_ebd837a538517738,2,0,official,principal
6004,0,0,-1.496689572874541,decision_function,,u_ebd837a538517738,2,0,official,principal
1191,0,0,-1.1791859380958933,decision_function,,u_ebd837a538517738,2,0,official,principal
269,0,0,-1.6896057647059886,decision_function,,u_ebd837a538517738,2,0,official,principal
2110,0,0,-0.2844052268476202,decision_function,,u_ebd837a538517738,2,0,official,principal
1529,0,0,-1.7860519436964062,decision_function,,u_ebd837a538517738,2,0,official,principal
3766,1,1,0.9071863301010801,decision_function,,u_ebd837a538517738,2,0,official,principal
2562,0,0,-1.4963074706945068,decision_function,,u_ebd837a538517738,2,0,official,principal
4833,0,0,-1.429401113014404,decision_function,,u_ebd837a538517738,2,0,official,principal
5160,0,1,1.0023575481947657,decision_function,,u_ebd837a538517738,2,0,official,principal
3942,1,1,0.9267735488017015,decision_function,,u_ebd837a538517738,2,0,official,principal
3387,0,0,-0.718363212795524,decision_function,,u_ebd837a538517738,2,0,official,principal
1015,1,0,-0.43946230729119823,decision_function,,u_ebd837a538517738,2,0,official,principal
1683,0,0,-1.408468372147225,decision_function,,u_ebd837a538517738,2,0,official,principal
3773,1,1,0.14216474820732683,decision_function,,u_ebd837a538517738,2,0,official,principal
3038,0,0,-0.47047479580676244,decision_function,,u_ebd837a538517738,2,0,official,principal
1225,1,1,0.5133413096322783,decision_function,,u_ebd837a538517738,2,0,official,principal
417,0,0,-1.3754221384500627,decision_function,,u_ebd837a538517738,2,0,official,principal
4177,0,0,-0.298854746847554,decision_function,,u_ebd837a538517738,2,0,official,principal
5025,0,1,1.1763777776958362,decision_function,,u_ebd837a538517738,2,0,official,principal
629,1,1,0.030140338690660018,decision_function,,u_ebd837a538517738,2,0,official,principal
1556,1,1,0.8421260286251906,decision_function,,u_ebd837a538517738,2,0,official,principal
3255,0,0,-0.8871331163372531,decision_function,,u_ebd837a538517738,2,0,official,principal
586,0,0,-1.1650295158061206,decision_function,,u_ebd837a538517738,2,0,official,principal
2633,0,0,-1.119041696458645,decision_function,,u_ebd837a538517738,2,0,official,principal
3436,0,0,-1.0494834800543056,decision_function,,u_ebd837a538517738,2,0,official,principal
1047,0,1,0.3117099102865546,decision_function,,u_ebd837a538517738,2,0,official,principal
2260,1,1,0.3901387250003121,decision_function,,u_ebd837a538517738,2,0,official,principal
3027,0,0,-0.470069373400993,decision_function,,u_ebd837a538517738,2,0,official,principal
3322,1,1,1.544100925040035,decision_function,,u_ebd837a538517738,2,0,official,principal
1530,1,1,0.4815258110150211,decision_function,,u_ebd837a538517738,2,0,official,principal
3538,0,0,-1.572166034164396,decision_function,,u_ebd837a538517738,2,0,official,principal
5032,0,1,1.2957873363678147,decision_function,,u_ebd837a538517738,2,0,official,principal
2111,0,0,-1.484576507917657,decision_function,,u_ebd837a538517738,2,0,official,principal
3784,1,1,1.0638666893199786,decision_function,,u_ebd837a538517738,2,0,official,principal
2261,0,0,-0.5265601324568756,decision_function,,u_ebd837a538517738,2,0,official,principal
5314,0,0,-1.8548691817760734,decision_function,,u_ebd837a538517738,2,0,official,principal
3846,0,1,0.6513874835026221,decision_function,,u_ebd837a538517738,2,0,official,principal
532,0,1,1.5758319894260273,decision_function,,u_ebd837a538517738,2,0,official,principal
2934,0,0,-0.9396824622902527,decision_function,,u_ebd837a538517738,2,0,official,principal
5519,0,1,0.0549527792414225,decision_function,,u_ebd837a538517738,2,0,official,principal
5558,0,0,-1.2391309546789036,decision_function,,u_ebd837a538517738,2,0,official,principal
969,1,1,1.691368974623185,decision_function,,u_ebd837a538517738,2,0,official,principal
4391,0,1,0.35576490841475983,decision_function,,u_ebd837a538517738,2,0,official,principal
1816,0,0,-0.6059439130492166,decision_function,,u_ebd837a538517738,2,0,official,principal
4738,1,1,0.9575556008793187,decision_function,,u_ebd837a538517738,2,0,official,principal
1122,1,0,-0.08084618056699672,decision_function,,u_ebd837a538517738,2,0,official,principal
5059,1,1,0.797060280682234,decision_function,,u_ebd837a538517738,2,0,official,principal
5134,1,1,1.2149585985855957,decision_function,,u_ebd837a538517738,2,0,official,principal
4073,1,1,0.35051511887875997,decision_function,,u_ebd837a538517738,2,0,official,principal
3571,0,1,0.24387304719146696,decision_function,,u_ebd837a538517738,2,0,official,principal
68,0,0,-1.7559934788421978,decision_function,,u_ebd837a538517738,2,0,official,principal
1899,0,1,0.7360076464260812,decision_function,,u_ebd837a538517738,2,0,official,principal
1190,0,1,0.13311546986357614,decision_function,,u_ebd837a538517738,2,0,official,principal
6211,1,1,1.1150511154992775,decision_function,,u_ebd837a538517738,2,0,official,principal
6257,1,1,1.3475461000409195,decision_function,,u_ebd837a538517738,2,0,official,principal
6851,0,0,-0.21649876284169062,decision_function,,u_ebd837a538517738,2,0,official,principal
4727,0,0,-1.5295861915896634,decision_function,,u_ebd837a538517738,2,0,official,principal
5998,0,0,-1.429971564909252,decision_function,,u_ebd837a538517738,2,0,official,principal
664,0,0,-1.8414970572356437,decision_function,,u_ebd837a538517738,2,0,official,principal
4672,0,0,-0.09592494643441019,decision_function,,u_ebd837a538517738,2,0,official,principal
1375,0,0,-1.3425706066059995,decision_function,,u_ebd837a538517738,2,0,official,principal
2552,0,0,-1.3783943459048529,decision_function,,u_ebd837a538517738,2,0,official,principal
3367,0,0,-1.1918244830448395,decision_function,,u_ebd837a538517738,2,0,official,principal
1196,0,0,-1.324237762323158,decision_function,,u_ebd837a538517738,2,0,official,principal
6298,0,0,-0.03159527510404625,decision_function,,u_ebd837a538517738,2,0,official,principal
3019,1,0,-0.38698985529347846,decision_function,,u_ebd837a538517738,2,0,official,principal
538,0,0,-0.8742466003673257,decision_function,,u_ebd837a538517738,2,0,official,principal
232,1,1,1.0441114033502434,decision_function,,u_ebd837a538517738,2,0,official,principal
3984,0,0,-1.930291747750484,decision_function,,u_ebd837a538517738,2,0,official,principal
1746,0,0,-1.1768615607712225,decision_function,,u_ebd837a538517738,2,0,official,principal
470,0,0,-0.7095130564241453,decision_function,,u_ebd837a538517738,2,0,official,principal
6470,0,0,-0.1687201395094522,decision_function,,u_ebd837a538517738,2,0,official,principal
3933,0,0,-0.7812726658058979,decision_function,,u_ebd837a538517738,2,0,official,principal
619,0,1,1.048790069637741,decision_function,,u_ebd837a538517738,2,0,official,principal
1932,0,0,-0.5904914392404957,decision_function,,u_ebd837a538517738,2,0,official,principal
6117,0,0,-1.615878042025279,decision_function,,u_ebd837a538517738,2,0,official,principal
5814,0,0,-0.6184580578471235,decision_function,,u_ebd837a538517738,2,0,official,principal
3388,0,0,-1.1993193835040794,decision_function,,u_ebd837a538517738,2,0,official,principal
3925,0,0,-1.096887909321318,decision_function,,u_ebd837a538517738,2,0,official,principal
4940,0,1,1.126333785030103,decision_function,,u_ebd837a538517738,2,0,official,principal
643,0,0,-0.32232652714968785,decision_function,,u_ebd837a538517738,2,0,official,principal
4090,0,0,-0.05795206565404509,decision_function,,u_ebd837a538517738,2,0,official,principal
2103,0,1,1.3319093263036397,decision_function,,u_ebd837a538517738,2,0,official,principal
2750,0,0,-0.6708667544464584,decision_function,,u_ebd837a538517738,2,0,official,principal
2007,1,1,1.5712773177918424,decision_function,,u_ebd837a538517738,2,0,official,principal
3622,0,0,-1.7836871639899263,decision_function,,u_ebd837a538517738,2,0,official,principal
6619,0,0,-0.6586384034923612,decision_function,,u_ebd837a538517738,2,0,official,principal
1456,1,1,1.3067752418743674,decision_function,,u_ebd837a538517738,2,0,official,principal
1905,0,0,-1.3807993893920196,decision_function,,u_ebd837a538517738,2,0,official,principal
6279,0,1,0.2997372020385899,decision_function,,u_ebd837a538517738,2,0,official,principal
1868,0,1,0.6616947893087335,decision_function,,u_ebd837a538517738,2,0,official,principal
2887,1,1,0.609781013690101,decision_function,,u_ebd837a538517738,2,0,official,principal
415,0,1,0.29982356886769734,decision_function,,u_ebd837a538517738,2,0,official,principal
4180,1,1,0.730491632272906,decision_function,,u_ebd837a538517738,2,0,official,principal
4361,0,0,-0.7098534185910158,decision_function,,u_ebd837a538517738,2,0,official,principal
3307,0,0,-0.9452813970248571,decision_function,,u_ebd837a538517738,2,0,official,principal
6980,1,1,0.5968171450618143,decision_function,,u_ebd837a538517738,2,0,official,principal
1112,0,0,-1.3913277699574715,decision_function,,u_ebd837a538517738,2,0,official,principal
6193,0,1,0.4954781943174056,decision_function,,u_ebd837a538517738,2,0,official,principal
4834,0,0,-1.8584826182304093,decision_function,,u_ebd837a538517738,2,0,official,principal
298,0,1,0.28107581269971516,decision_function,,u_ebd837a538517738,2,0,official,principal
6486,1,1,0.17566531039712052,decision_function,,u_ebd837a538517738,2,0,official,principal
1325,1,1,1.4727613160484816,decision_function,,u_ebd837a538517738,2,0,official,principal
251,1,1,0.9827166842827308,decision_function,,u_ebd837a538517738,2,0,official,principal
3657,0,0,-1.270610703480751,decision_function,,u_ebd837a538517738,2,0,official,principal
3015,0,0,-1.2397610668741093,decision_function,,u_ebd837a538517738,2,0,official,principal
738,0,1,0.3597962238712529,decision_function,,u_ebd837a538517738,2,0,official,principal
5170,0,0,-0.6273672854182276,decision_function,,u_ebd837a538517738,2,0,official,principal
6958,0,0,-0.8871920394469777,decision_function,,u_ebd837a538517738,2,0,official,principal
6770,0,1,1.0636962352904544,decision_function,,u_ebd837a538517738,2,0,official,principal
418,1,1,0.512482199395107,decision_function,,u_ebd837a538517738,2,0,official,principal
1176,1,1,0.8982260273676519,decision_function,,u_ebd837a538517738,2,0,official,principal
1486,1,1,0.17169290277233928,decision_function,,u_ebd837a538517738,2,0,official,principal
6269,0,0,-0.5773797483776465,decision_function,,u_ebd837a538517738,2,0,official,principal
1574,0,0,-1.3443369678235375,decision_function,,u_ebd837a538517738,2,0,official,principal
5684,1,0,-0.7678203026325561,decision_function,,u_ebd837a538517738,2,0,official,principal
504,0,0,-1.6940566313603242,decision_function,,u_ebd837a538517738,2,0,official,principal
5358,0,0,-0.9364746420834212,decision_function,,u_ebd837a538517738,2,0,official,principal
1324,1,0,-0.8404416627442053,decision_function,,u_ebd837a538517738,2,0,official,principal
1669,0,1,1.0032968694824593,decision_function,,u_ebd837a538517738,2,0,official,principal
427,0,1,1.0455107547588054,decision_function,,u_ebd837a538517738,2,0,official,principal
2939,1,1,0.6655978984876241,decision_function,,u_ebd837a538517738,2,0,official,principal
1224,1,1,0.43304742704027654,decision_function,,u_ebd837a538517738,2,0,official,principal
2960,1,1,1.1016068201092357,decision_function,,u_ebd837a538517738,2,0,official,principal
2030,0,1,0.05999331407021968,decision_function,,u_ebd837a538517738,2,0,official,principal
3061,1,1,1.1643677119006712,decision_function,,u_ebd837a538517738,2,0,official,principal
3893,0,1,0.7371571887745094,decision_function,,u_ebd837a538517738,2,0,official,principal
1677,0,0,-1.0183279252668593,decision_function,,u_ebd837a538517738,2,0,official,principal
672,1,1,1.2474509057036494,decision_function,,u_ebd837a538517738,2,0,official,principal
2146,0,0,-0.9800552107093331,decision_function,,u_ebd837a538517738,2,0,official,principal
4378,0,0,-1.734247703953578,decision_function,,u_ebd837a538517738,2,0,official,principal
6062,0,0,-0.1376373975464089,decision_function,,u_ebd837a538517738,2,0,official,principal
143,0,0,-1.020621911025929,decision_function,,u_ebd837a538517738,2,0,official,principal
5883,0,0,-0.5445569228066338,decision_function,,u_ebd837a538517738,2,0,official,principal
3136,1,1,1.0998471546064725,decision_function,,u_ebd837a538517738,2,0,official,principal
6250,0,0,-0.9435068419572586,decision_function,,u_ebd837a538517738,2,0,official,principal
4970,0,0,-0.11260824253435553,decision_function,,u_ebd837a538517738,2,0,official,principal
4048,0,0,-1.6854028822726348,decision_function,,u_ebd837a538517738,2,0,official,principal
999,0,1,0.594978121062488,decision_function,,u_ebd837a538517738,2,0,official,principal
4360,0,1,0.7017840693975927,decision_function,,u_ebd837a538517738,2,0,official,principal
2010,1,1,1.2203952537711924,decision_function,,u_ebd837a538517738,2,0,official,principal
1238,1,1,1.5362888416822615,decision_function,,u_ebd837a538517738,2,0,official,principal
2778,0,1,0.33934690796572986,decision_function,,u_ebd837a538517738,2,0,official,principal
4236,0,0,-0.6502083827527172,decision_function,,u_ebd837a538517738,2,0,official,principal
6697,0,0,-0.39534254275533687,decision_function,,u_ebd837a538517738,2,0,official,principal
6049,0,0,-1.7806751441935011,decision_function,,u_ebd837a538517738,2,0,official,principal
1327,1,0,-0.31108071405525106,decision_function,,u_ebd837a538517738,2,0,official,principal
2149,0,1,0.22792064492989383,decision_function,,u_ebd837a538517738,2,0,official,principal
4841,0,1,0.9206742127854288,decision_function,,u_ebd837a538517738,2,0,official,principal
5062,1,0,-0.28264113236827926,decision_function,,u_ebd837a538517738,2,0,official,principal
4043,0,0,-0.9323144195694666,decision_function,,u_ebd837a538517738,2,0,official,principal
421,0,1,1.1160168009031564,decision_function,,u_ebd837a538517738,2,0,official,principal
1811,0,1,0.8679556602155429,decision_function,,u_ebd837a538517738,2,0,official,principal
2955,1,1,1.6305555787996613,decision_function,,u_ebd837a538517738,2,0,official,principal
29,1,1,0.40193666555118124,decision_function,,u_ebd837a538517738,2,0,official,principal
6800,1,0,-0.21251673868969234,decision_function,,u_ebd837a538517738,2,0,official,principal
296,0,0,-0.9947421387747593,decision_function,,u_ebd837a538517738,2,0,official,principal
1005,0,0,-0.0044284258024354095,decision_function,,u_ebd837a538517738,2,0,official,principal
1185,1,1,1.1555919315707162,decision_function,,u_ebd837a538517738,2,0,official,principal
3276,1,1,1.4925312074363792,decision_function,,u_ebd837a538517738,2,0,official,principal
6090,0,0,-1.1075626645267769,decision_function,,u_ebd837a538517738,2,0,official,principal
22,1,0,-0.591267244488333,decision_function,,u_ebd837a538517738,2,0,official,principal
2438,1,1,0.8993887846726527,decision_function,,u_ebd837a538517738,2,0,official,principal
6772,1,0,-0.8901856200963227,decision_function,,u_ebd837a538517738,2,0,official,principal
2312,0,0,-1.2528576851408604,decision_function,,u_ebd837a538517738,2,0,official,principal
146,0,0,-0.9743003007784857,decision_function,,u_ebd837a538517738,2,0,official,principal
4396,1,1,1.040106405588342,decision_function,,u_ebd837a538517738,2,0,official,principal
583,0,0,-0.5014551885106583,decision_function,,u_ebd837a538517738,2,0,official,principal
1960,0,0,-0.3687605355836421,decision_function,,u_ebd837a538517738,2,0,official,principal
2637,0,0,-1.4714193414318322,decision_function,,u_ebd837a538517738,2,0,official,principal
448,0,1,1.366140766425885,decision_function,,u_ebd837a538517738,2,0,official,principal
2761,1,1,1.0048037184393859,decision_function,,u_ebd837a538517738,2,0,official,principal
4489,0,0,-1.3579913633081253,decision_function,,u_ebd837a538517738,2,0,official,principal
2607,1,1,1.477513513683812,decision_function,,u_ebd837a538517738,2,0,official,principal
82,1,1,1.0276377902377594,decision_function,,u_ebd837a538517738,2,0,official,principal
1809,1,1,1.112116009079521,decision_function,,u_ebd837a538517738,2,0,official,principal
5696,1,0,-0.05653274713720097,decision_function,,u_ebd837a538517738,2,0,official,principal
4538,1,1,0.9320099839477463,decision_function,,u_ebd837a538517738,2,0,official,principal
2861,1,1,1.5663878721182831,decision_function,,u_ebd837a538517738,2,0,official,principal
5224,0,1,0.16679032782426806,decision_function,,u_ebd837a538517738,2,0,official,principal
3813,0,0,-0.5698180951474011,decision_function,,u_ebd837a538517738,2,0,official,principal
1080,0,0,-1.0650826172295482,decision_function,,u_ebd837a538517738,2,0,official,principal
2708,1,1,1.3706643687142428,decision_function,,u_ebd837a538517738,2,0,official,principal
3309,0,0,-1.437343590307442,decision_function,,u_ebd837a538517738,2,0,official,principal
6768,0,0,-1.336042029061906,decision_function,,u_ebd837a538517738,2,0,official,principal
1616,0,0,-1.5921007681015487,decision_function,,u_ebd837a538517738,2,0,official,principal
4344,0,0,-0.8387144857836115,decision_function,,u_ebd837a538517738,2,0,official,principal
3722,0,0,-1.2018246158887156,decision_function,,u_ebd837a538517738,2,0,official,principal
1511,0,0,-1.721083301870165,decision_function,,u_ebd837a538517738,2,0,official,principal
3074,0,0,-0.6083204995102645,decision_function,,u_ebd837a538517738,2,0,official,principal
4631,1,1,1.5570418476546513,decision_function,,u_ebd837a538517738,2,0,official,principal
7017,0,0,-1.6588592524624537,decision_function,,u_ebd837a538517738,2,0,official,principal
3832,0,0,-1.0396458160660513,decision_function,,u_ebd837a538517738,2,0,official,principal
4293,1,1,1.0906347459283638,decision_function,,u_ebd837a538517738,2,0,official,principal
1195,0,1,0.7576119423738199,decision_function,,u_ebd837a538517738,2,0,official,principal
1200,0,0,-0.18201585989707392,decision_function,,u_ebd837a538517738,2,0,official,principal
6750,0,0,-1.05207950793073,decision_function,,u_ebd837a538517738,2,0,official,principal
553,0,0,-1.1031648938604044,decision_function,,u_ebd837a538517738,2,0,official,principal
748,0,0,-1.6821059781422436,decision_function,,u_ebd837a538517738,2,0,official,principal
906,0,1,1.081481254400494,decision_function,,u_ebd837a538517738,2,0,official,principal
3923,1,1,1.2933070252863286,decision_function,,u_ebd837a538517738,2,0,official,principal
4115,0,0,-1.4325764450185918,decision_function,,u_ebd837a538517738,2,0,official,principal
1526,0,1,1.154768697973837,decision_function,,u_ebd837a538517738,2,0,official,principal
3022,0,0,-0.6484562420138835,decision_function,,u_ebd837a538517738,2,0,official,principal
707,0,1,0.34541277462841746,decision_function,,u_ebd837a538517738,2,0,official,principal
1041,0,0,-0.9955098886290153,decision_function,,u_ebd837a538517738,2,0,official,principal
662,0,0,-0.5928178610241478,decision_function,,u_ebd837a538517738,2,0,official,principal
1745,0,0,-1.6585140968237202,decision_function,,u_ebd837a538517738,2,0,official,principal
1364,0,0,-1.631970347489082,decision_function,,u_ebd837a538517738,2,0,official,principal
2218,0,0,-1.6486915324115137,decision_function,,u_ebd837a538517738,2,0,official,principal
687,1,1,0.9125737949712656,decision_function,,u_ebd837a538517738,2,0,official,principal
6858,1,1,1.0110152785769055,decision_function,,u_ebd837a538517738,2,0,official,principal
1012,0,1,0.9869941392095938,decision_function,,u_ebd837a538517738,2,0,official,principal
319,0,1,0.28306926456677073,decision_function,,u_ebd837a538517738,2,0,official,principal
635,1,0,-0.19977254869678518,decision_function,,u_ebd837a538517738,2,0,official,principal
1069,0,0,-0.5425482353790068,decision_function,,u_ebd837a538517738,2,0,official,principal
400,0,0,-1.4860777599715274,decision_function,,u_ebd837a538517738,2,0,official,principal
4825,0,1,0.9030565086435418,decision_function,,u_ebd837a538517738,2,0,official,principal
3551,1,1,1.4254290153631506,decision_function,,u_ebd837a538517738,2,0,official,principal
2315,0,0,-0.5660298881870699,decision_function,,u_ebd837a538517738,2,0,official,principal
1966,0,1,0.06395430636780897,decision_function,,u_ebd837a538517738,2,0,official,principal
5443,0,1,0.08527619212815074,decision_function,,u_ebd837a538517738,2,0,official,principal
5324,0,0,-0.8146384847539493,decision_function,,u_ebd837a538517738,2,0,official,principal
6123,0,0,-0.9279915233952656,decision_function,,u_ebd837a538517738,2,0,official,principal
3757,0,0,-1.214795777572979,decision_function,,u_ebd837a538517738,2,0,official,principal
2922,1,1,0.49922924368936084,decision_function,,u_ebd837a538517738,2,0,official,principal
6418,0,0,-0.4099445877657705,decision_function,,u_ebd837a538517738,2,0,official,principal
4172,0,0,-0.629707526678891,decision_function,,u_ebd837a538517738,2,0,official,principal
5887,0,0,-0.09681509420813128,decision_function,,u_ebd837a538517738,2,0,official,principal
846,0,0,-1.588422904684062,decision_function,,u_ebd837a538517738,2,0,official,principal
1213,0,0,-1.9493273247540785,decision_function,,u_ebd837a538517738,2,0,official,principal
3433,0,0,-0.4850613472026707,decision_function,,u_ebd837a538517738,2,0,official,principal
1921,0,0,-1.4212393174147773,decision_function,,u_ebd837a538517738,2,0,official,principal
3599,0,0,-1.2019688923661391,decision_function,,u_ebd837a538517738,2,0,official,principal
4295,0,0,-1.3693593718798636,decision_function,,u_ebd837a538517738,2,0,official,principal
2563,1,1,0.7003575750308733,decision_function,,u_ebd837a538517738,2,0,official,principal
121,0,0,-0.7219961704892912,decision_function,,u_ebd837a538517738,2,0,official,principal
1479,0,0,-0.31256320267751286,decision_function,,u_ebd837a538517738,2,0,official,principal
6126,1,1,1.0093352050256121,decision_function,,u_ebd837a538517738,2,0,official,principal
2859,0,0,-1.201477691120619,decision_function,,u_ebd837a538517738,2,0,official,principal
3131,0,0,-1.4951100071022154,decision_function,,u_ebd837a538517738,2,0,official,principal
6032,1,0,-0.051653382573610684,decision_function,,u_ebd837a538517738,2,0,official,principal
1962,0,1,0.15886357435855036,decision_function,,u_ebd837a538517738,2,0,official,principal
6860,1,1,0.4707158107185252,decision_function,,u_ebd837a538517738,2,0,official,principal
3531,0,0,-1.2867448116225484,decision_function,,u_ebd837a538517738,2,0,official,principal
6038,1,0,-1.2196495318465594,decision_function,,u_ebd837a538517738,2,0,official,principal
5055,0,0,-1.177848565956657,decision_function,,u_ebd837a538517738,2,0,official,principal
6229,0,0,-1.372618617310756,decision_function,,u_ebd837a538517738,2,0,official,principal
1547,1,0,-0.37775865724406305,decision_function,,u_ebd837a538517738,2,0,official,principal
4381,1,1,0.25753663502898816,decision_function,,u_ebd837a538517738,2,0,official,principal
6835,0,0,-0.7379954498103152,decision_function,,u_ebd837a538517738,2,0,official,principal
520,0,0,-0.494392300381602,decision_function,,u_ebd837a538517738,2,0,official,principal
6452,0,1,0.8786859138015657,decision_function,,u_ebd837a538517738,2,0,official,principal
6012,1,1,1.1927231934886318,decision_function,,u_ebd837a538517738,2,0,official,principal
4836,0,0,-0.3200836558962161,decision_function,,u_ebd837a538517738,2,0,official,principal
6597,1,1,0.410907265296403,decision_function,,u_ebd837a538517738,2,0,official,principal
2736,0,0,-0.03493484760660526,decision_function,,u_ebd837a538517738,2,0,official,principal
1075,0,0,-0.552039115780298,decision_function,,u_ebd837a538517738,2,0,official,principal
4063,1,1,1.3011207673202065,decision_function,,u_ebd837a538517738,2,0,official,principal
4494,0,1,1.0427426123489534,decision_function,,u_ebd837a538517738,2,0,official,principal
2031,0,0,-0.12558745544467553,decision_function,,u_ebd837a538517738,2,0,official,principal
468,0,0,-1.7156789515321382,decision_function,,u_ebd837a538517738,2,0,official,principal
6682,0,0,-1.052049824590408,decision_function,,u_ebd837a538517738,2,0,official,principal
2200,0,0,-0.22688619508591046,decision_function,,u_ebd837a538517738,2,0,official,principal
6676,0,0,-0.024099138718885804,decision_function,,u_ebd837a538517738,2,0,official,principal
6326,0,0,-1.1889340866777787,decision_function,,u_ebd837a538517738,2,0,official,principal
2890,1,0,-0.09838854894697846,decision_function,,u_ebd837a538517738,2,0,official,principal
5197,0,0,-0.8361308718804248,decision_function,,u_ebd837a538517738,2,0,official,principal
2322,0,0,-1.7792471275224542,decision_function,,u_ebd837a538517738,2,0,official,principal
1251,1,1,1.0168675127948192,decision_function,,u_ebd837a538517738,2,0,official,principal
4510,0,0,-0.7648289205236395,decision_function,,u_ebd837a538517738,2,0,official,principal
6021,0,0,-0.7116654185195493,decision_function,,u_ebd837a538517738,2,0,official,principal
1017,0,0,-1.6456774265840188,decision_function,,u_ebd837a538517738,2,0,official,principal
6150,0,1,0.6888129130789844,decision_function,,u_ebd837a538517738,2,0,official,principal
4854,0,0,-0.6931525603662858,decision_function,,u_ebd837a538517738,2,0,official,principal
1495,0,0,-0.6031644022167708,decision_function,,u_ebd837a538517738,2,0,official,principal
6067,0,0,-0.48698725934600506,decision_function,,u_ebd837a538517738,2,0,official,principal
2050,0,0,-1.7825187892937528,decision_function,,u_ebd837a538517738,2,0,official,principal
5590,0,0,-0.9297534015319205,decision_function,,u_ebd837a538517738,2,0,official,principal
1422,0,0,-1.2382175153355088,decision_function,,u_ebd837a538517738,2,0,official,principal
5774,0,1,0.39765059503942835,decision_function,,u_ebd837a538517738,2,0,official,principal
3450,0,0,-0.3865899977421864,decision_function,,u_ebd837a538517738,2,0,official,principal
6668,0,1,0.5784015379719241,decision_function,,u_ebd837a538517738,2,0,official,principal
2995,0,1,0.22053610657469447,decision_function,,u_ebd837a538517738,2,0,official,principal
3004,1,1,0.950707298836007,decision_function,,u_ebd837a538517738,2,0,official,principal
3611,0,0,-0.40777125148125387,decision_function,,u_ebd837a538517738,2,0,official,principal
4131,1,0,-0.3142584966374423,decision_function,,u_ebd837a538517738,2,0,official,principal
3455,1,1,1.641119296886755,decision_function,,u_ebd837a538517738,2,0,official,principal
1954,1,1,1.547314613734759,decision_function,,u_ebd837a538517738,2,0,official,principal
5637,0,0,-0.90335095433247,decision_function,,u_ebd837a538517738,2,0,official,principal
6028,1,1,0.10055452307166757,decision_function,,u_ebd837a538517738,2,0,official,principal
4900,1,1,0.9986331389048282,decision_function,,u_ebd837a538517738,2,0,official,principal
5583,1,1,0.7141460155001909,decision_function,,u_ebd837a538517738,2,0,official,principal
1534,0,0,-1.997798825129245,decision_function,,u_ebd837a538517738,2,0,official,principal
1108,0,0,-1.8656417921695416,decision_function,,u_ebd837a538517738,2,0,official,principal
5882,0,0,-0.974736950823829,decision_function,,u_ebd837a538517738,2,0,official,principal
4052,1,1,0.5709585038298739,decision_function,,u_ebd837a538517738,2,0,official,principal
910,1,1,1.1882554394697236,decision_function,,u_ebd837a538517738,2,0,official,principal
3600,1,1,0.1811320968547523,decision_function,,u_ebd837a538517738,2,0,official,principal
3003,1,1,0.5860556816714511,decision_function,,u_ebd837a538517738,2,0,official,principal
6782,0,1,0.29735300885257465,decision_function,,u_ebd837a538517738,2,0,official,principal
703,0,0,-0.3586038229109311,decision_function,,u_ebd837a538517738,2,0,official,principal
6874,0,0,-0.4692782924176915,decision_function,,u_ebd837a538517738,2,0,official,principal
2577,1,1,1.7210577419703634,decision_function,,u_ebd837a538517738,2,0,official,principal
4137,0,0,-0.7276636535729272,decision_function,,u_ebd837a538517738,2,0,official,principal
2821,1,1,1.5376855442344333,decision_function,,u_ebd837a538517738,2,0,official,principal
5701,0,0,-0.24586874688036148,decision_function,,u_ebd837a538517738,2,0,official,principal
5573,1,1,1.4774256861060384,decision_function,,u_ebd837a538517738,2,0,official,principal
3002,0,0,-0.5865882139704114,decision_function,,u_ebd837a538517738,2,0,official,principal
145,0,0,-1.2319419435469103,decision_function,,u_ebd837a538517738,2,0,official,principal
929,0,1,0.01694119824658913,decision_function,,u_ebd837a538517738,2,0,official,principal
3150,0,1,0.1593461311319535,decision_function,,u_ebd837a538517738,2,0,official,principal
1022,0,1,1.3626598984638498,decision_function,,u_ebd837a538517738,2,0,official,principal
6011,0,0,-1.074393522030541,decision_function,,u_ebd837a538517738,2,0,official,principal
3102,1,1,0.09895324394172256,decision_function,,u_ebd837a538517738,2,0,official,principal
2453,0,1,1.5049716758746077,decision_function,,u_ebd837a538517738,2,0,official,principal
1588,0,0,-0.0733407699540653,decision_function,,u_ebd837a538517738,2,0,official,principal
2612,0,0,-0.13136852165431773,decision_function,,u_ebd837a538517738,2,0,official,principal
6489,1,0,-0.3157563172846202,decision_function,,u_ebd837a538517738,2,0,official,principal
116,0,0,-0.964045620807591,decision_function,,u_ebd837a538517738,2,0,official,principal
4351,0,0,-0.7259691411564908,decision_function,,u_ebd837a538517738,2,0,official,principal
1948,1,1,1.208583835331207,decision_function,,u_ebd837a538517738,2,0,official,principal
2225,0,0,-0.1925593649178085,decision_function,,u_ebd837a538517738,2,0,official,principal
6267,1,1,1.4573401322398318,decision_function,,u_ebd837a538517738,2,0,official,principal
3340,1,1,1.32707572414742,decision_function,,u_ebd837a538517738,2,0,official,principal
6051,0,0,-0.899171513174684,decision_function,,u_ebd837a538517738,2,0,official,principal
5996,0,0,-1.7591879139922861,decision_function,,u_ebd837a538517738,2,0,official,principal
567,0,0,-1.8130406833445516,decision_function,,u_ebd837a538517738,2,0,official,principal
6707,0,0,-1.2260955327955978,decision_function,,u_ebd837a538517738,2,0,official,principal
3969,0,1,0.9362264964957749,decision_function,,u_ebd837a538517738,2,0,official,principal
6987,0,1,0.267516571133688,decision_function,,u_ebd837a538517738,2,0,official,principal
2092,0,0,-1.82732188880027,decision_function,,u_ebd837a538517738,2,0,official,principal
2201,0,0,-1.227268668271878,decision_function,,u_ebd837a538517738,2,0,official,principal
1857,0,0,-1.949531645929944,decision_function,,u_ebd837a538517738,2,0,official,principal
545,0,0,-0.03073660882362217,decision_function,,u_ebd837a538517738,2,0,official,principal
231,0,0,-0.6173917171364787,decision_function,,u_ebd837a538517738,2,0,official,principal
4037,0,0,-1.8761351066605108,decision_function,,u_ebd837a538517738,2,0,official,principal
2700,0,0,-0.21418995225612936,decision_function,,u_ebd837a538517738,2,0,official,principal
275,1,1,1.0308654075615447,decision_function,,u_ebd837a538517738,2,0,official,principal
5801,0,1,0.9293819962201384,decision_function,,u_ebd837a538517738,2,0,official,principal
4387,0,0,-0.4111243095040521,decision_function,,u_ebd837a538517738,2,0,official,principal
5980,0,0,-0.7921020541501468,decision_function,,u_ebd837a538517738,2,0,official,principal
5921,0,0,-0.8694550625907267,decision_function,,u_ebd837a538517738,2,0,official,principal
1764,0,0,-1.712101402751085,decision_function,,u_ebd837a538517738,2,0,official,principal
843,0,1,0.11100772367514744,decision_function,,u_ebd837a538517738,2,0,official,principal
3884,0,1,1.0249996474344545,decision_function,,u_ebd837a538517738,2,0,official,principal
2046,0,1,0.002976921536067434,decision_function,,u_ebd837a538517738,2,0,official,principal
983,1,1,1.6495714458904418,decision_function,,u_ebd837a538517738,2,0,official,principal
2865,0,0,-1.1077917492337215,decision_function,,u_ebd837a538517738,2,0,official,principal
5670,1,0,-1.0326280664110041,decision_function,,u_ebd837a538517738,2,0,official,principal
3593,1,1,1.0149702649924959,decision_function,,u_ebd837a538517738,2,0,official,principal
1825,0,1,0.18224472273108794,decision_function,,u_ebd837a538517738,2,0,official,principal
4341,1,1,1.1005629141288489,decision_function,,u_ebd837a538517738,2,0,official,principal
6409,0,0,-1.5510512759025226,decision_function,,u_ebd837a538517738,2,0,official,principal
2523,0,0,-1.7802873844037475,decision_function,,u_ebd837a538517738,2,0,official,principal
2728,0,0,-0.4508186547705296,decision_function,,u_ebd837a538517738,2,0,official,principal
3517,1,0,-1.1995326810853446,decision_function,,u_ebd837a538517738,2,0,official,principal
1973,0,0,-1.3432499282965875,decision_function,,u_ebd837a538517738,2,0,official,principal
6076,0,0,-1.8832573639725299,decision_function,,u_ebd837a538517738,2,0,official,principal
1946,0,0,-0.11797923957219575,decision_function,,u_ebd837a538517738,2,0,official,principal
5659,0,0,-1.4062261611732356,decision_function,,u_ebd837a538517738,2,0,official,principal
2714,0,0,-0.5967051187805698,decision_function,,u_ebd837a538517738,2,0,official,principal
2561,0,0,-1.1684571104017665,decision_function,,u_ebd837a538517738,2,0,official,principal
6908,1,1,0.45150479314683745,decision_function,,u_ebd837a538517738,2,0,official,principal
5035,0,1,0.8680657220459029,decision_function,,u_ebd837a538517738,2,0,official,principal
3171,0,0,-0.9649062825790997,decision_function,,u_ebd837a538517738,2,0,official,principal
6443,0,0,-0.7269985268269313,decision_function,,u_ebd837a538517738,2,0,official,principal
1079,0,1,1.2460948779819494,decision_function,,u_ebd837a538517738,2,0,official,principal
3900,0,0,-1.7118444253714336,decision_function,,u_ebd837a538517738,2,0,official,principal
2988,0,0,-0.739558863808621,decision_function,,u_ebd837a538517738,2,0,official,principal
408,1,0,-0.32025593746434194,decision_function,,u_ebd837a538517738,2,0,official,principal
5909,0,0,-0.5890214388104524,decision_function,,u_ebd837a538517738,2,0,official,principal
6389,0,0,-1.9046545654840166,decision_function,,u_ebd837a538517738,2,0,official,principal
4273,1,1,0.2009528167853044,decision_function,,u_ebd837a538517738,2,0,official,principal
1705,0,0,-0.30190618550714576,decision_function,,u_ebd837a538517738,2,0,official,principal
1054,1,1,0.6575021817093256,decision_function,,u_ebd837a538517738,2,0,official,principal
2224,1,1,1.0735057695955403,decision_function,,u_ebd837a538517738,2,0,official,principal
6887,0,0,-1.5005688627926164,decision_function,,u_ebd837a538517738,2,0,official,principal
670,0,0,-1.6525844522108102,decision_function,,u_ebd837a538517738,2,0,official,principal
5372,0,1,0.3644519703338004,decision_function,,u_ebd837a538517738,2,0,official,principal
2841,0,1,0.516459684782391,decision_function,,u_ebd837a538517738,2,0,official,principal
4951,0,1,1.1752792092314803,decision_function,,u_ebd837a538517738,2,0,official,principal
6840,0,0,-0.42683133944232904,decision_function,,u_ebd837a538517738,2,0,official,principal
1438,0,0,-0.8065101503924827,decision_function,,u_ebd837a538517738,2,0,official,principal
3560,0,1,0.09525926782425709,decision_function,,u_ebd837a538517738,2,0,official,principal
5612,0,0,-1.439783058963307,decision_function,,u_ebd837a538517738,2,0,official,principal
3427,0,1,1.3620996799957625,decision_function,,u_ebd837a538517738,2,0,official,principal
6910,0,0,-0.9652169088303287,decision_function,,u_ebd837a538517738,2,0,official,principal
2184,1,1,1.5615140808910546,decision_function,,u_ebd837a538517738,2,0,official,principal
6210,0,0,-0.9132795033164134,decision_function,,u_ebd837a538517738,2,0,official,principal
1003,0,0,-1.5186541927539783,decision_function,,u_ebd837a538517738,2,0,official,principal
4239,0,0,-1.287506476079701,decision_function,,u_ebd837a538517738,2,0,official,principal
1762,0,1,0.3972571679949236,decision_function,,u_ebd837a538517738,2,0,official,principal
891,1,1,0.05314897865221346,decision_function,,u_ebd837a538517738,2,0,official,principal
4996,0,0,-1.4818630895207132,decision_function,,u_ebd837a538517738,2,0,official,principal
4724,0,0,-1.3797293170475142,decision_function,,u_ebd837a538517738,2,0,official,principal
4077,0,1,1.4630426769670104,decision_function,,u_ebd837a538517738,2,0,official,principal
3163,0,1,0.5386060627123732,decision_function,,u_ebd837a538517738,2,0,official,principal
3431,1,1,1.2850431393209076,decision_function,,u_ebd837a538517738,2,0,official,principal
4105,0,0,-1.1741601503146906,decision_function,,u_ebd837a538517738,2,0,official,principal
6932,0,1,0.6112034147204843,decision_function,,u_ebd837a538517738,2,0,official,principal
349,0,0,-1.0053444960439997,decision_function,,u_ebd837a538517738,2,0,official,principal
495,1,0,-0.26764118823841154,decision_function,,u_ebd837a538517738,2,0,official,principal
795,0,1,0.3927917351524004,decision_function,,u_ebd837a538517738,2,0,official,principal
4388,0,0,-1.1609608548117796,decision_function,,u_ebd837a538517738,2,0,official,principal
5959,0,0,-1.5857723735153244,decision_function,,u_ebd837a538517738,2,0,official,principal
5972,1,1,0.08737972863797494,decision_function,,u_ebd837a538517738,2,0,official,principal
6924,1,1,1.4587947273475597,decision_function,,u_ebd837a538517738,2,0,official,principal
6265,0,1,0.50370580361994,decision_function,,u_ebd837a538517738,2,0,official,principal
1995,1,1,1.4781936145166346,decision_function,,u_ebd837a538517738,2,0,official,principal
4859,0,0,-0.7597743380055366,decision_function,,u_ebd837a538517738,2,0,official,principal
656,0,0,-1.5578342772382718,decision_function,,u_ebd837a538517738,2,0,official,principal
4496,0,0,-1.7946290228260418,decision_function,,u_ebd837a538517738,2,0,official,principal
2754,0,0,-0.30160620588280174,decision_function,,u_ebd837a538517738,2,0,official,principal
4157,0,0,-0.0074188749483257155,decision_function,,u_ebd837a538517738,2,0,official,principal
4433,0,1,1.4911644943598144,decision_function,,u_ebd837a538517738,2,0,official,principal
5906,1,1,1.2143019836085678,decision_function,,u_ebd837a538517738,2,0,official,principal
1218,1,1,0.7275430635038131,decision_function,,u_ebd837a538517738,2,0,official,principal
6525,0,0,-1.8460802745240459,decision_function,,u_ebd837a538517738,2,0,official,principal
3118,0,0,-1.717364300844273,decision_function,,u_ebd837a538517738,2,0,official,principal
6378,1,1,0.644285809447579,decision_function,,u_ebd837a538517738,2,0,official,principal
3487,0,0,-1.781597322979686,decision_function,,u_ebd837a538517738,2,0,official,principal
1580,0,0,-0.07917021184510337,decision_function,,u_ebd837a538517738,2,0,official,principal
5753,0,0,-0.38480869165533316,decision_function,,u_ebd837a538517738,2,0,official,principal
6907,1,0,-0.1272342375600708,decision_function,,u_ebd837a538517738,2,0,official,principal
3687,1,0,-0.16442406267924148,decision_function,,u_ebd837a538517738,2,0,official,principal
6834,0,0,-0.05276914631838148,decision_function,,u_ebd837a538517738,2,0,official,principal
4723,1,1,1.341814008812465,decision_function,,u_ebd837a538517738,2,0,official,principal
6460,1,0,-0.07120474261374476,decision_function,,u_ebd837a538517738,2,0,official,principal
2930,0,0,-1.4657083280053094,decision_function,,u_ebd837a538517738,2,0,official,principal
2848,0,0,-0.7305104502509674,decision_function,,u_ebd837a538517738,2,0,official,principal
2622,0,1,0.12694667563837558,decision_function,,u_ebd837a538517738,2,0,official,principal
1285,1,1,1.5851951363905021,decision_function,,u_ebd837a538517738,2,0,official,principal
1504,0,1,1.0927108840384063,decision_function,,u_ebd837a538517738,2,0,official,principal
960,0,1,0.30678417556307125,decision_function,,u_ebd837a538517738,2,0,official,principal
4385,0,0,-1.0349509188727661,decision_function,,u_ebd837a538517738,2,0,official,principal
3504,0,0,-1.9094357278210288,decision_function,,u_ebd837a538517738,2,0,official,principal
6502,0,0,-1.2927158710747968,decision_function,,u_ebd837a538517738,2,0,official,principal
3071,0,0,-1.1541282345325619,decision_function,,u_ebd837a538517738,2,0,official,principal
57,0,0,-0.5612716814686175,decision_function,,u_ebd837a538517738,2,0,official,principal
2963,0,0,-1.3760331166834718,decision_function,,u_ebd837a538517738,2,0,official,principal
965,1,1,0.629399991150674,decision_function,,u_ebd837a538517738,2,0,official,principal
2828,0,0,-0.8180280625587075,decision_function,,u_ebd837a538517738,2,0,official,principal
4178,0,0,-1.7703489936867758,decision_function,,u_ebd837a538517738,2,0,official,principal
1497,0,0,-0.5508948011261998,decision_function,,u_ebd837a538517738,2,0,official,principal
4242,0,0,-0.6258053365819509,decision_function,,u_ebd837a538517738,2,0,official,principal
5578,0,0,-1.7139414259947519,decision_function,,u_ebd837a538517738,2,0,official,principal
6534,0,0,-0.7454226071417098,decision_function,,u_ebd837a538517738,2,0,official,principal
3010,0,1,0.2770816736732705,decision_function,,u_ebd837a538517738,2,0,official,principal
6745,1,1,0.17115028612705885,decision_function,,u_ebd837a538517738,2,0,official,principal
4636,0,0,-1.749800090501132,decision_function,,u_ebd837a538517738,2,0,official,principal
598,0,0,-0.39625048065460416,decision_function,,u_ebd837a538517738,2,0,official,principal
3395,0,0,-0.8239661395539262,decision_function,,u_ebd837a538517738,2,0,official,principal
2765,0,1,1.233779589487045,decision_function,,u_ebd837a538517738,2,0,official,principal
3386,0,0,-1.07157964808068,decision_function,,u_ebd837a538517738,2,0,official,principal
4187,0,0,-1.5571142667490434,decision_function,,u_ebd837a538517738,2,0,official,principal
3797,0,0,-0.2996942399988285,decision_function,,u_ebd837a538517738,2,0,official,principal
5317,1,1,0.24365726352990014,decision_function,,u_ebd837a538517738,2,0,official,principal
1505,1,1,1.5496988702639607,decision_function,,u_ebd837a538517738,2,0,official,principal
196,0,0,-1.018059961817733,decision_function,,u_ebd837a538517738,2,0,official,principal
6069,0,0,-1.6382240472705758,decision_function,,u_ebd837a538517738,2,0,official,principal
5686,1,1,1.1234904185143961,decision_function,,u_ebd837a538517738,2,0,official,principal
1793,0,0,-1.8956914222294527,decision_function,,u_ebd837a538517738,2,0,official,principal
744,0,1,0.39377241320509115,decision_function,,u_ebd837a538517738,2,0,official,principal
1106,0,0,-0.7925061012625183,decision_function,,u_ebd837a538517738,2,0,official,principal
1952,0,1,0.6155177837866745,decision_function,,u_ebd837a538517738,2,0,official,principal
5113,0,0,-1.3634226112069592,decision_function,,u_ebd837a538517738,2,0,official,principal
5522,1,1,1.1674919705314695,decision_function,,u_ebd837a538517738,2,0,official,principal
1897,1,1,0.1808545344539303,decision_function,,u_ebd837a538517738,2,0,official,principal
1593,0,0,-0.8158639876168476,decision_function,,u_ebd837a538517738,2,0,official,principal
3446,0,0,-0.47205005067390593,decision_function,,u_ebd837a538517738,2,0,official,principal
745,0,0,-0.8967997695812051,decision_function,,u_ebd837a538517738,2,0,official,principal
4251,0,0,-0.932679316206173,decision_function,,u_ebd837a538517738,2,0,official,principal
6463,0,0,-1.3883598582262922,decision_function,,u_ebd837a538517738,2,0,official,principal
5818,0,0,-0.8345043801591336,decision_function,,u_ebd837a538517738,2,0,official,principal
6503,0,0,-1.463601498173135,decision_function,,u_ebd837a538517738,2,0,official,principal
5956,1,1,0.9491072726997554,decision_function,,u_ebd837a538517738,2,0,official,principal
6681,1,1,1.3212409137564614,decision_function,,u_ebd837a538517738,2,0,official,principal
4212,1,1,1.3299404800680659,decision_function,,u_ebd837a538517738,2,0,official,principal
3478,0,1,0.13046439365068518,decision_function,,u_ebd837a538517738,2,0,official,principal
605,0,0,-1.5847165572020403,decision_function,,u_ebd837a538517738,2,0,official,principal
3968,0,0,-1.901362428861804,decision_function,,u_ebd837a538517738,2,0,official,principal
3961,0,1,0.25331707884031474,decision_function,,u_ebd837a538517738,2,0,official,principal
6371,0,0,-1.2532431060493407,decision_function,,u_ebd837a538517738,2,0,official,principal
1634,0,0,-1.2715871039742193,decision_function,,u_ebd837a538517738,2,0,official,principal
5727,0,0,-0.8628319325956091,decision_function,,u_ebd837a538517738,2,0,official,principal
6164,0,0,-0.8736783930974146,decision_function,,u_ebd837a538517738,2,0,official,principal
3636,0,0,-0.9521379177168503,decision_function,,u_ebd837a538517738,2,0,official,principal
997,1,1,1.6964937653629786,decision_function,,u_ebd837a538517738,2,0,official,principal
3334,1,1,0.5993504905982263,decision_function,,u_ebd837a538517738,2,0,official,principal
6237,1,1,1.1353295249356177,decision_function,,u_ebd837a538517738,2,0,official,principal
5108,0,0,-0.34933478325484435,decision_function,,u_ebd837a538517738,2,0,official,principal
6391,0,0,-0.8578107496373943,decision_function,,u_ebd837a538517738,2,0,official,principal
6017,0,1,0.2908592674727992,decision_function,,u_ebd837a538517738,2,0,official,principal
6551,0,0,-0.4751225357610671,decision_function,,u_ebd837a538517738,2,0,official,principal
1961,0,0,-0.9875127816715081,decision_function,,u_ebd837a538517738,2,0,official,principal
964,1,1,0.6206197047373962,decision_function,,u_ebd837a538517738,2,0,official,principal
2511,0,0,-0.038270832025563584,decision_function,,u_ebd837a538517738,2,0,official,principal
6986,1,1,0.25173237231359524,decision_function,,u_ebd837a538517738,2,0,official,principal
306,1,1,0.9742582162283306,decision_function,,u_ebd837a538517738,2,0,official,principal
1576,0,0,-1.3277225459527178,decision_function,,u_ebd837a538517738,2,0,official,principal
3686,1,1,1.0024201692229027,decision_function,,u_ebd837a538517738,2,0,official,principal
1763,0,1,0.8829500675448869,decision_function,,u_ebd837a538517738,2,0,official,principal
4199,1,0,-0.2051323777486177,decision_function,,u_ebd837a538517738,2,0,official,principal
563,0,0,-0.4616803353816338,decision_function,,u_ebd837a538517738,2,0,official,principal
4907,0,0,-1.9156094306672453,decision_function,,u_ebd837a538517738,2,0,official,principal
3159,0,1,1.6955183921002837,decision_function,,u_ebd837a538517738,2,0,official,principal
4299,0,1,0.09776652260584218,decision_function,,u_ebd837a538517738,2,0,official,principal
3661,0,0,-0.6028283095133865,decision_function,,u_ebd837a538517738,2,0,official,principal
5569,1,1,1.1224170738407588,decision_function,,u_ebd837a538517738,2,0,official,principal
6144,0,1,0.8438476686934959,decision_function,,u_ebd837a538517738,2,0,official,principal
3324,0,1,1.0960875452765704,decision_function,,u_ebd837a538517738,2,0,official,principal
378,0,0,-1.327156228390136,decision_function,,u_ebd837a538517738,2,0,official,principal
1399,0,0,-1.3483492935990689,decision_function,,u_ebd837a538517738,2,0,official,principal
6998,0,1,1.3117614164478462,decision_function,,u_ebd837a538517738,2,0,official,principal
3465,0,1,0.9414481381634328,decision_function,,u_ebd837a538517738,2,0,official,principal
5081,0,0,-1.5309218364666504,decision_function,,u_ebd837a538517738,2,0,official,principal
472,0,1,0.659285780672473,decision_function,,u_ebd837a538517738,2,0,official,principal
6561,0,1,1.2812096866802591,decision_function,,u_ebd837a538517738,2,0,official,principal
602,0,0,-0.8395534666491764,decision_function,,u_ebd837a538517738,2,0,official,principal
666,1,1,1.113507643315201,decision_function,,u_ebd837a538517738,2,0,official,principal
1953,1,1,1.2289690234483976,decision_function,,u_ebd837a538517738,2,0,official,principal
2303,1,1,0.6996474485943427,decision_function,,u_ebd837a538517738,2,0,official,principal
6328,0,0,-1.7120402911842587,decision_function,,u_ebd837a538517738,2,0,official,principal
3459,0,0,-1.2004241796624284,decision_function,,u_ebd837a538517738,2,0,official,principal
2924,1,1,1.143750913984455,decision_function,,u_ebd837a538517738,2,0,official,principal
5392,0,0,-1.7314546700694624,decision_function,,u_ebd837a538517738,2,0,official,principal
1174,0,0,-0.13995768790947305,decision_function,,u_ebd837a538517738,2,0,official,principal
4831,0,0,-0.7780045007564967,decision_function,,u_ebd837a538517738,2,0,official,principal
4444,1,0,-0.6530285826080314,decision_function,,u_ebd837a538517738,2,0,official,principal
5016,1,0,-0.7156956919118858,decision_function,,u_ebd837a538517738,2,0,official,principal
2014,0,0,-0.43436145826064443,decision_function,,u_ebd837a538517738,2,0,official,principal
1906,0,0,-1.3405595343599765,decision_function,,u_ebd837a538517738,2,0,official,principal
3261,0,0,-1.7394891411783326,decision_function,,u_ebd837a538517738,2,0,official,principal
3220,0,0,-1.694538098700238,decision_function,,u_ebd837a538517738,2,0,official,principal
688,0,0,-1.2837073363772913,decision_function,,u_ebd837a538517738,2,0,official,principal
721,0,0,-1.907605306980078,decision_function,,u_ebd837a538517738,2,0,official,principal
5647,0,0,-0.41018896420923,decision_function,,u_ebd837a538517738,2,0,official,principal
4481,0,0,-0.44755875725326366,decision_function,,u_ebd837a538517738,2,0,official,principal
4661,0,0,-1.6100886730089503,decision_function,,u_ebd837a538517738,2,0,official,principal
571,0,0,-0.8739307737255273,decision_function,,u_ebd837a538517738,2,0,official,principal
2405,1,1,1.368002432297392,decision_function,,u_ebd837a538517738,2,0,official,principal
4235,0,0,-0.8136779241144891,decision_function,,u_ebd837a538517738,2,0,official,principal
4832,0,0,-1.2889673634449639,decision_function,,u_ebd837a538517738,2,0,official,principal
896,0,0,-1.0991908143919673,decision_function,,u_ebd837a538517738,2,0,official,principal
1402,1,1,0.44522240645415,decision_function,,u_ebd837a538517738,2,0,official,principal
1231,0,0,-0.2707889550843691,decision_function,,u_ebd837a538517738,2,0,official,principal
4695,0,0,-1.5954871025198398,decision_function,,u_ebd837a538517738,2,0,official,principal
2130,1,0,-0.3054744752135764,decision_function,,u_ebd837a538517738,2,0,official,principal
2881,0,0,-0.5902406070237156,decision_function,,u_ebd837a538517738,2,0,official,principal
5528,0,0,-1.3743652881276516,decision_function,,u_ebd837a538517738,2,0,official,principal
3851,0,0,-1.522540363929345,decision_function,,u_ebd837a538517738,2,0,official,principal
2299,0,0,-1.4449175047783394,decision_function,,u_ebd837a538517738,2,0,official,principal
1900,0,0,-1.0441152336961705,decision_function,,u_ebd837a538517738,2,0,official,principal
6167,0,0,-0.19135486354193953,decision_function,,u_ebd837a538517738,2,0,official,principal
2170,0,0,-0.4494801413203505,decision_function,,u_ebd837a538517738,2,0,official,principal
5225,0,0,-0.8574920360716841,decision_function,,u_ebd837a538517738,2,0,official,principal
559,0,1,0.685122471617801,decision_function,,u_ebd837a538517738,2,0,official,principal
4400,0,1,0.46270430058442247,decision_function,,u_ebd837a538517738,2,0,official,principal
5953,0,1,0.4225326442590245,decision_function,,u_ebd837a538517738,2,0,official,principal
1854,1,1,1.0433094239750766,decision_function,,u_ebd837a538517738,2,0,official,principal
5410,0,0,-0.8288230882502969,decision_function,,u_ebd837a538517738,2,0,official,principal
2609,1,1,0.07841228190356586,decision_function,,u_ebd837a538517738,2,0,official,principal
336,1,1,0.14667286569275328,decision_function,,u_ebd837a538517738,2,0,official,principal
1512,0,1,1.2901756348284725,decision_function,,u_ebd837a538517738,2,0,official,principal
1417,0,1,0.3569675644039786,decision_function,,u_ebd837a538517738,2,0,official,principal
1848,0,0,-1.6520663139592204,decision_function,,u_ebd837a538517738,2,0,official,principal
409,1,0,-0.3031072873741276,decision_function,,u_ebd837a538517738,2,0,official,principal
2229,0,1,1.0778888837182152,decision_function,,u_ebd837a538517738,2,0,official,principal
4958,0,0,-0.1801591661314803,decision_function,,u_ebd837a538517738,2,0,official,principal
3883,0,1,1.1147060199535317,decision_function,,u_ebd837a538517738,2,0,official,principal
5027,1,1,1.289174339278591,decision_function,,u_ebd837a538517738,2,0,official,principal
2556,0,0,-0.10073358923010184,decision_function,,u_ebd837a538517738,2,0,official,principal
6638,0,0,-1.7627534494389325,decision_function,,u_ebd837a538517738,2,0,official,principal
2921,1,1,1.6083591123941061,decision_function,,u_ebd837a538517738,2,0,official,principal
5394,0,0,-0.10877735999258964,decision_function,,u_ebd837a538517738,2,0,official,principal
634,0,0,-0.9491646985515942,decision_function,,u_ebd837a538517738,2,0,official,principal
678,0,1,0.9909693757293758,decision_function,,u_ebd837a538517738,2,0,official,principal
1847,0,0,-1.8761892801318143,decision_function,,u_ebd837a538517738,2,0,official,principal
4753,1,1,1.020901276182189,decision_function,,u_ebd837a538517738,2,0,official,principal
3104,0,1,1.4391551932797342,decision_function,,u_ebd837a538517738,2,0,official,principal
4632,1,0,-0.7888690665411384,decision_function,,u_ebd837a538517738,2,0,official,principal
2897,0,0,-1.4514056208428452,decision_function,,u_ebd837a538517738,2,0,official,principal
6010,0,0,-1.3542383030369547,decision_function,,u_ebd837a538517738,2,0,official,principal
3001,0,0,-0.7438796927016125,decision_function,,u_ebd837a538517738,2,0,official,principal
3493,0,1,0.6611144339841373,decision_function,,u_ebd837a538517738,2,0,official,principal
2946,0,0,-0.06438644110175246,decision_function,,u_ebd837a538517738,2,0,official,principal
4049,0,1,0.0190481001573769,decision_function,,u_ebd837a538517738,2,0,official,principal
5275,1,1,0.47362174605842544,decision_function,,u_ebd837a538517738,2,0,official,principal
3691,0,0,-0.9049123073774563,decision_function,,u_ebd837a538517738,2,0,official,principal
2028,0,0,-1.116335382775375,decision_function,,u_ebd837a538517738,2,0,official,principal
2144,0,1,0.3029582728649818,decision_function,,u_ebd837a538517738,2,0,official,principal
93,0,0,-0.5600003059255372,decision_function,,u_ebd837a538517738,2,0,official,principal
6453,1,1,0.7496296716921573,decision_function,,u_ebd837a538517738,2,0,official,principal
5329,1,1,0.10197917083725716,decision_function,,u_ebd837a538517738,2,0,official,principal
4480,1,1,1.12536631411206,decision_function,,u_ebd837a538517738,2,0,official,principal
4145,0,0,-0.40655845178474365,decision_function,,u_ebd837a538517738,2,0,official,principal
2132,0,0,-1.4903126205197994,decision_function,,u_ebd837a538517738,2,0,official,principal
3515,0,0,-0.0876068432937126,decision_function,,u_ebd837a538517738,2,0,official,principal
6194,0,0,-1.2224889738568825,decision_function,,u_ebd837a538517738,2,0,official,principal
6058,0,1,0.423860013811874,decision_function,,u_ebd837a538517738,2,0,official,principal
5561,0,0,-0.22027715145769816,decision_function,,u_ebd837a538517738,2,0,official,principal
305,0,0,-1.770732279277794,decision_function,,u_ebd837a538517738,2,0,official,principal
1204,0,0,-0.3925541285609305,decision_function,,u_ebd837a538517738,2,0,official,principal
3807,1,1,1.1126994907680254,decision_function,,u_ebd837a538517738,2,0,official,principal
1038,0,0,-0.20618483601603327,decision_function,,u_ebd837a538517738,2,0,official,principal
3526,1,1,0.7328019375077814,decision_function,,u_ebd837a538517738,2,0,official,principal
2869,1,1,1.5110507205054535,decision_function,,u_ebd837a538517738,2,0,official,principal
1895,0,0,-1.4907187625427434,decision_function,,u_ebd837a538517738,2,0,official,principal
4377,0,1,0.723826797674368,decision_function,,u_ebd837a538517738,2,0,official,principal
2800,0,0,-1.1227223453586264,decision_function,,u_ebd837a538517738,2,0,official,principal
5083,0,0,-0.9373574185214129,decision_function,,u_ebd837a538517738,2,0,official,principal
5955,0,0,-2.001758668146487,decision_function,,u_ebd837a538517738,2,0,official,principal
21,0,0,-1.137497291391828,decision_function,,u_ebd837a538517738,2,0,official,principal
4965,1,1,0.9975449962618466,decision_function,,u_ebd837a538517738,2,0,official,principal
6605,1,0,-0.8385190922337823,decision_function,,u_ebd837a538517738,2,0,official,principal
842,1,0,-1.2544752139597435,decision_function,,u_ebd837a538517738,2,0,official,principal
122,1,1,1.5147643528688906,decision_function,,u_ebd837a538517738,2,0,official,principal
5294,0,0,-0.9701965059919997,decision_function,,u_ebd837a538517738,2,0,official,principal
1590,0,0,-1.6268215922620413,decision_function,,u_ebd837a538517738,2,0,official,principal
4526,0,1,0.5982826603025924,decision_function,,u_ebd837a538517738,2,0,official,principal
3018,0,0,-1.3113501544087784,decision_function,,u_ebd837a538517738,2,0,official,principal
1533,1,1,0.8109325960311542,decision_function,,u_ebd837a538517738,2,0,official,principal
2767,0,0,-0.2343167504891735,decision_function,,u_ebd837a538517738,2,0,official,principal
1470,0,0,-0.7676439962270809,decision_function,,u_ebd837a538517738,2,0,official,principal
4128,1,0,-0.3500411700325802,decision_function,,u_ebd837a538517738,2,0,official,principal
451,0,1,0.1091191025839513,decision_function,,u_ebd837a538517738,2,0,official,principal
881,0,0,-0.9064162213218423,decision_function,,u_ebd837a538517738,2,0,official,principal
4054,0,1,0.4878717956360705,decision_function,,u_ebd837a538517738,2,0,official,principal
3105,0,0,-0.5360644465412225,decision_function,,u_ebd837a538517738,2,0,official,principal
6440,0,1,1.0448124909695866,decision_function,,u_ebd837a538517738,2,0,official,principal
353,1,1,1.037098149326707,decision_function,,u_ebd837a538517738,2,0,official,principal
4094,0,1,0.8415353763560649,decision_function,,u_ebd837a538517738,2,0,official,principal
886,0,1,1.4165581325661176,decision_function,,u_ebd837a538517738,2,0,official,principal
4795,1,0,-1.813620953514757,decision_function,,u_ebd837a538517738,2,0,official,principal
187,0,1,0.25457414851719373,decision_function,,u_ebd837a538517738,2,0,official,principal
3545,0,1,0.567508412476522,decision_function,,u_ebd837a538517738,2,0,official,principal
3793,0,0,-0.7718242468907333,decision_function,,u_ebd837a538517738,2,0,official,principal
3652,1,1,0.7801166280384029,decision_function,,u_ebd837a538517738,2,0,official,principal
3303,1,1,0.785688020747765,decision_function,,u_ebd837a538517738,2,0,official,principal
2547,0,0,-1.6972919252667777,decision_function,,u_ebd837a538517738,2,0,official,principal
7034,1,0,-0.6923367611261584,decision_function,,u_ebd837a538517738,2,0,official,principal
6855,0,0,-1.2829644853262054,decision_function,,u_ebd837a538517738,2,0,official,principal
6192,0,1,1.037755696011153,decision_function,,u_ebd837a538517738,2,0,official,principal
5390,1,1,1.525568774181429,decision_function,,u_ebd837a538517738,2,0,official,principal
2718,0,0,-1.5964515796416012,decision_function,,u_ebd837a538517738,2,0,official,principal
4869,0,1,0.822013668455422,decision_function,,u_ebd837a538517738,2,0,official,principal
6730,0,0,-1.335327118141849,decision_function,,u_ebd837a538517738,2,0,official,principal
3034,1,1,1.3296945483174976,decision_function,,u_ebd837a538517738,2,0,official,principal
4297,0,0,-1.2934333520662231,decision_function,,u_ebd837a538517738,2,0,official,principal
1980,0,1,1.3230977582271326,decision_function,,u_ebd837a538517738,2,0,official,principal
6240,1,1,1.5926738782713477,decision_function,,u_ebd837a538517738,2,0,official,principal
4906,0,0,-1.12407667835181,decision_function,,u_ebd837a538517738,2,0,official,principal
5259,0,1,0.5479246073602384,decision_function,,u_ebd837a538517738,2,0,official,principal
6473,1,1,1.2761824430822157,decision_function,,u_ebd837a538517738,2,0,official,principal
2855,0,0,-1.6872574970610894,decision_function,,u_ebd837a538517738,2,0,official,principal
4352,0,0,-0.4690816973800411,decision_function,,u_ebd837a538517738,2,0,official,principal
5362,0,0,-1.8938771228899953,decision_function,,u_ebd837a538517738,2,0,official,principal
2489,0,0,-1.4582665848745546,decision_function,,u_ebd837a538517738,2,0,official,principal
377,1,1,0.7132876960101924,decision_function,,u_ebd837a538517738,2,0,official,principal
1168,0,0,-1.0866941992499548,decision_function,,u_ebd837a538517738,2,0,official,principal
3564,0,0,-0.8835957441233317,decision_function,,u_ebd837a538517738,2,0,official,principal
5719,0,0,-1.1515191027328597,decision_function,,u_ebd837a538517738,2,0,official,principal
3840,0,0,-1.2895462433738807,decision_function,,u_ebd837a538517738,2,0,official,principal
5775,0,0,-0.6921613309306978,decision_function,,u_ebd837a538517738,2,0,official,principal
6586,0,0,-1.4571015406399157,decision_function,,u_ebd837a538517738,2,0,official,principal
1403,0,1,1.123451912583511,decision_function,,u_ebd837a538517738,2,0,official,principal
5279,0,0,-1.9289620932075744,decision_function,,u_ebd837a538517738,2,0,official,principal
389,0,1,0.4809474851335851,decision_function,,u_ebd837a538517738,2,0,official,principal
4096,0,1,0.6542105582994833,decision_function,,u_ebd837a538517738,2,0,official,principal
4076,0,0,-1.0349733967337647,decision_function,,u_ebd837a538517738,2,0,official,principal
912,0,0,-0.8465914724583941,decision_function,,u_ebd837a538517738,2,0,official,principal
5291,0,0,-1.1773438762001738,decision_function,,u_ebd837a538517738,2,0,official,principal
6587,0,0,-0.2423366643960655,decision_function,,u_ebd837a538517738,2,0,official,principal
6570,0,1,0.19687903173049304,decision_function,,u_ebd837a538517738,2,0,official,principal
5163,0,0,-0.32487030904919156,decision_function,,u_ebd837a538517738,2,0,official,principal
6294,1,0,-0.5982345158212969,decision_function,,u_ebd837a538517738,2,0,official,principal
3273,1,1,0.37443474960199097,decision_function,,u_ebd837a538517738,2,0,official,principal
406,0,0,-0.7275606678835432,decision_function,,u_ebd837a538517738,2,0,official,principal
318,1,1,1.2068007748418423,decision_function,,u_ebd837a538517738,2,0,official,principal
1010,0,1,0.39290515038812934,decision_function,,u_ebd837a538517738,2,0,official,principal
4943,0,0,-1.7114152614867808,decision_function,,u_ebd837a538517738,2,0,official,principal
6291,0,0,-1.7259424715424623,decision_function,,u_ebd837a538517738,2,0,official,principal
5204,0,1,0.3193576279031546,decision_function,,u_ebd837a538517738,2,0,official,principal
157,0,0,-1.4698313333143331,decision_function,,u_ebd837a538517738,2,0,official,principal
4873,0,0,-0.7399303396874691,decision_function,,u_ebd837a538517738,2,0,official,principal
6579,0,0,-1.6059862481151321,decision_function,,u_ebd837a538517738,2,0,official,principal
6459,0,0,-0.3571403672209834,decision_function,,u_ebd837a538517738,2,0,official,principal
661,0,1,0.030786694738733744,decision_function,,u_ebd837a538517738,2,0,official,principal
2386,0,0,-0.9685451688408131,decision_function,,u_ebd837a538517738,2,0,official,principal
1685,0,1,0.9929406226874034,decision_function,,u_ebd837a538517738,2,0,official,principal
6158,0,1,0.006915010479474071,decision_function,,u_ebd837a538517738,2,0,official,principal
990,0,0,-1.0692483624110813,decision_function,,u_ebd837a538517738,2,0,official,principal
4290,1,1,0.2380028351911031,decision_function,,u_ebd837a538517738,2,0,official,principal
516,0,0,-1.265817701162246,decision_function,,u_ebd837a538517738,2,0,official,principal
6246,0,0,-1.1342054090872442,decision_function,,u_ebd837a538517738,2,0,official,principal
2072,0,0,-1.6559150397321387,decision_function,,u_ebd837a538517738,2,0,official,principal
3806,0,1,1.041689192303788,decision_function,,u_ebd837a538517738,2,0,official,principal
2107,0,1,0.769940676472946,decision_function,,u_ebd837a538517738,2,0,official,principal
6647,0,0,-1.6202949576945407,decision_function,,u_ebd837a538517738,2,0,official,principal
1299,1,1,0.6530452276751846,decision_function,,u_ebd837a538517738,2,0,official,principal
4605,0,0,-1.571982261346942,decision_function,,u_ebd837a538517738,2,0,official,principal
2602,0,0,-0.695402145685029,decision_function,,u_ebd837a538517738,2,0,official,principal
1258,0,0,-1.6717450961197087,decision_function,,u_ebd837a538517738,2,0,official,principal
2241,0,0,-1.6045462163717499,decision_function,,u_ebd837a538517738,2,0,official,principal
6642,0,0,-0.29472573346585657,decision_function,,u_ebd837a538517738,2,0,official,principal
608,0,0,-1.3075005271572202,decision_function,,u_ebd837a538517738,2,0,official,principal
4359,0,1,0.8355495590860402,decision_function,,u_ebd837a538517738,2,0,official,principal
4083,1,0,-0.010665472076292426,decision_function,,u_ebd837a538517738,2,0,official,principal
4250,0,0,-1.2625415971382699,decision_function,,u_ebd837a538517738,2,0,official,principal
6227,1,1,0.297206115750536,decision_function,,u_ebd837a538517738,2,0,official,principal
4673,1,1,0.7620270587698841,decision_function,,u_ebd837a538517738,2,0,official,principal
2710,0,0,-1.450441215714949,decision_function,,u_ebd837a538517738,2,0,official,principal
