row_id,y_true,y_pred,score_positive,score_type,probability_native,unit_id,outer_fold,replicate,purpose,variant
3738,0,0,0.47198912501335144,probability_native,0.47198912501335144,u_a108c98f3f4a604a,0,0,official,principal
4860,0,0,0.028122976422309875,probability_native,0.028122976422309875,u_a108c98f3f4a604a,0,0,official,principal
2645,0,0,0.491973340511322,probability_native,0.491973340511322,u_a108c98f3f4a604a,0,0,official,principal
5767,0,0,0.05708761885762215,probability_native,0.05708761885762215,u_a108c98f3f4a604a,0,0,official,principal
2414,0,0,0.10697295516729355,probability_native,0.10697295516729355,u_a108c98f3f4a604a,0,0,official,principal
577,0,1,0.807599663734436,probability_native,0.807599663734436,u_a108c98f3f4a604a,0,0,official,principal
1201,0,1,0.5315556526184082,probability_native,0.5315556526184082,u_a108c98f3f4a604a,0,0,official,principal
7004,0,1,0.5564776062965393,probability_native,0.5564776062965393,u_a108c98f3f4a604a,0,0,official,principal
5338,0,0,0.06962427496910095,probability_native,0.06962427496910095,u_a108c98f3f4a604a,0,0,official,principal
6773,1,1,0.7790241837501526,probability_native,0.7790241837501526,u_a108c98f3f4a604a,0,0,official,principal
1118,0,0,0.37120315432548523,probability_native,0.37120315432548523,u_a108c98f3f4a604a,0,0,official,principal
1797,0,0,0.03513238951563835,probability_native,0.03513238951563835,u_a108c98f3f4a604a,0,0,official,principal
2823,0,0,0.05210313946008682,probability_native,0.05210313946008682,u_a108c98f3f4a604a,0,0,official,principal
593,0,0,0.29604920744895935,probability_native,0.29604920744895935,u_a108c98f3f4a604a,0,0,official,principal
6353,0,0,0.2926086187362671,probability_native,0.2926086187362671,u_a108c98f3f4a604a,0,0,official,principal
2197,0,0,0.3441493809223175,probability_native,0.3441493809223175,u_a108c98f3f4a604a,0,0,official,principal
2085,1,1,0.7712013125419617,probability_native,0.7712013125419617,u_a108c98f3f4a604a,0,0,official,principal
6139,0,0,0.276457279920578,probability_native,0.276457279920578,u_a108c98f3f4a604a,0,0,official,principal
6494,0,0,0.26834720373153687,probability_native,0.26834720373153687,u_a108c98f3f4a604a,0,0,official,principal
6808,0,0,0.27295610308647156,probability_native,0.27295610308647156,u_a108c98f3f4a604a,0,0,official,principal
282,0,0,0.4911114573478699,probability_native,0.4911114573478699,u_a108c98f3f4a604a,0,0,official,principal
592,0,0,0.04233478009700775,probability_native,0.04233478009700775,u_a108c98f3f4a604a,0,0,official,principal
3931,0,0,0.22390487790107727,probability_native,0.22390487790107727,u_a108c98f3f4a604a,0,0,official,principal
3868,1,0,0.4344503879547119,probability_native,0.4344503879547119,u_a108c98f3f4a604a,0,0,official,principal
4889,0,0,0.17819462716579437,probability_native,0.17819462716579437,u_a108c98f3f4a604a,0,0,official,principal
1515,0,0,0.30774831771850586,probability_native,0.30774831771850586,u_a108c98f3f4a604a,0,0,official,principal
149,0,0,0.26635533571243286,probability_native,0.26635533571243286,u_a108c98f3f4a604a,0,0,official,principal
871,0,0,0.2729547619819641,probability_native,0.2729547619819641,u_a108c98f3f4a604a,0,0,official,principal
403,0,0,0.0549180842936039,probability_native,0.0549180842936039,u_a108c98f3f4a604a,0,0,official,principal
6048,1,1,0.7790241837501526,probability_native,0.7790241837501526,u_a108c98f3f4a604a,0,0,official,principal
1369,0,0,0.25739654898643494,probability_native,0.25739654898643494,u_a108c98f3f4a604a,0,0,official,principal
4700,0,1,0.6805023550987244,probability_native,0.6805023550987244,u_a108c98f3f4a604a,0,0,official,principal
1337,0,0,0.03931736946105957,probability_native,0.03931736946105957,u_a108c98f3f4a604a,0,0,official,principal
6826,0,0,0.3586948812007904,probability_native,0.3586948812007904,u_a108c98f3f4a604a,0,0,official,principal
1736,1,1,0.5163024067878723,probability_native,0.5163024067878723,u_a108c98f3f4a604a,0,0,official,principal
6688,0,0,0.039735011756420135,probability_native,0.039735011756420135,u_a108c98f3f4a604a,0,0,official,principal
1870,0,1,0.7396979331970215,probability_native,0.7396979331970215,u_a108c98f3f4a604a,0,0,official,principal
1969,0,0,0.10975827276706696,probability_native,0.10975827276706696,u_a108c98f3f4a604a,0,0,official,principal
4198,0,0,0.0258126612752676,probability_native,0.0258126612752676,u_a108c98f3f4a604a,0,0,official,principal
4409,0,0,0.013323605991899967,probability_native,0.013323605991899967,u_a108c98f3f4a604a,0,0,official,principal
4684,1,0,0.3152194023132324,probability_native,0.3152194023132324,u_a108c98f3f4a604a,0,0,official,principal
2782,0,0,0.05798289552330971,probability_native,0.05798289552330971,u_a108c98f3f4a604a,0,0,official,principal
6971,1,1,0.5104711055755615,probability_native,0.5104711055755615,u_a108c98f3f4a604a,0,0,official,principal
5709,0,0,0.10156683623790741,probability_native,0.10156683623790741,u_a108c98f3f4a604a,0,0,official,principal
6618,0,0,0.3406042158603668,probability_native,0.3406042158603668,u_a108c98f3f4a604a,0,0,official,principal
5277,1,1,0.7858080863952637,probability_native,0.7858080863952637,u_a108c98f3f4a604a,0,0,official,principal
1563,0,1,0.7494816780090332,probability_native,0.7494816780090332,u_a108c98f3f4a604a,0,0,official,principal
1490,0,0,0.18642312288284302,probability_native,0.18642312288284302,u_a108c98f3f4a604a,0,0,official,principal
2491,0,0,0.1299138367176056,probability_native,0.1299138367176056,u_a108c98f3f4a604a,0,0,official,principal
1266,0,1,0.758883535861969,probability_native,0.758883535861969,u_a108c98f3f4a604a,0,0,official,principal
6982,0,0,0.02757583186030388,probability_native,0.02757583186030388,u_a108c98f3f4a604a,0,0,official,principal
2388,0,1,0.799997866153717,probability_native,0.799997866153717,u_a108c98f3f4a604a,0,0,official,principal
3581,0,0,0.01748279482126236,probability_native,0.01748279482126236,u_a108c98f3f4a604a,0,0,official,principal
1869,0,0,0.017032140865921974,probability_native,0.017032140865921974,u_a108c98f3f4a604a,0,0,official,principal
5538,1,1,0.8695745468139648,probability_native,0.8695745468139648,u_a108c98f3f4a604a,0,0,official,principal
4978,1,1,0.7918092608451843,probability_native,0.7918092608451843,u_a108c98f3f4a604a,0,0,official,principal
5982,0,0,0.08002370595932007,probability_native,0.08002370595932007,u_a108c98f3f4a604a,0,0,official,principal
5097,0,0,0.30224061012268066,probability_native,0.30224061012268066,u_a108c98f3f4a604a,0,0,official,principal
1483,0,0,0.07269023358821869,probability_native,0.07269023358821869,u_a108c98f3f4a604a,0,0,official,principal
1423,1,1,0.8432818055152893,probability_native,0.8432818055152893,u_a108c98f3f4a604a,0,0,official,principal
4599,0,0,0.13353115320205688,probability_native,0.13353115320205688,u_a108c98f3f4a604a,0,0,official,principal
2295,1,1,0.7839587330818176,probability_native,0.7839587330818176,u_a108c98f3f4a604a,0,0,official,principal
244,0,1,0.5315556526184082,probability_native,0.5315556526184082,u_a108c98f3f4a604a,0,0,official,principal
5476,1,1,0.7809771299362183,probability_native,0.7809771299362183,u_a108c98f3f4a604a,0,0,official,principal
2546,0,0,0.2789596915245056,probability_native,0.2789596915245056,u_a108c98f3f4a604a,0,0,official,principal
6630,0,1,0.7826368808746338,probability_native,0.7826368808746338,u_a108c98f3f4a604a,0,0,official,principal
6224,0,0,0.11306804418563843,probability_native,0.11306804418563843,u_a108c98f3f4a604a,0,0,official,principal
4045,1,1,0.5891899466514587,probability_native,0.5891899466514587,u_a108c98f3f4a604a,0,0,official,principal
1086,1,1,0.6572555303573608,probability_native,0.6572555303573608,u_a108c98f3f4a604a,0,0,official,principal
1710,0,1,0.7958817481994629,probability_native,0.7958817481994629,u_a108c98f3f4a604a,0,0,official,principal
6677,0,0,0.3877106010913849,probability_native,0.3877106010913849,u_a108c98f3f4a604a,0,0,official,principal
5046,0,1,0.6846556067466736,probability_native,0.6846556067466736,u_a108c98f3f4a604a,0,0,official,principal
4490,0,0,0.228755384683609,probability_native,0.228755384683609,u_a108c98f3f4a604a,0,0,official,principal
3492,0,1,0.535125195980072,probability_native,0.535125195980072,u_a108c98f3f4a604a,0,0,official,principal
5155,0,0,0.3380719721317291,probability_native,0.3380719721317291,u_a108c98f3f4a604a,0,0,official,principal
623,0,0,0.04168505221605301,probability_native,0.04168505221605301,u_a108c98f3f4a604a,0,0,official,principal
3976,1,1,0.6683615446090698,probability_native,0.6683615446090698,u_a108c98f3f4a604a,0,0,official,principal
3279,0,0,0.048698458820581436,probability_native,0.048698458820581436,u_a108c98f3f4a604a,0,0,official,principal
3889,0,0,0.07089965790510178,probability_native,0.07089965790510178,u_a108c98f3f4a604a,0,0,official,principal
6319,0,0,0.3481694459915161,probability_native,0.3481694459915161,u_a108c98f3f4a604a,0,0,official,principal
6554,1,1,0.8081068992614746,probability_native,0.8081068992614746,u_a108c98f3f4a604a,0,0,official,principal
1248,1,1,0.6785523295402527,probability_native,0.6785523295402527,u_a108c98f3f4a604a,0,0,official,principal
6890,0,0,0.3777335286140442,probability_native,0.3777335286140442,u_a108c98f3f4a604a,0,0,official,principal
6717,1,1,0.6511722207069397,probability_native,0.6511722207069397,u_a108c98f3f4a604a,0,0,official,principal
6471,0,0,0.05696370452642441,probability_native,0.05696370452642441,u_a108c98f3f4a604a,0,0,official,principal
3073,0,0,0.0827995017170906,probability_native,0.0827995017170906,u_a108c98f3f4a604a,0,0,official,principal
2163,1,1,0.7895762324333191,probability_native,0.7895762324333191,u_a108c98f3f4a604a,0,0,official,principal
2822,1,0,0.10889045894145966,probability_native,0.10889045894145966,u_a108c98f3f4a604a,0,0,official,principal
3139,1,1,0.5190096497535706,probability_native,0.5190096497535706,u_a108c98f3f4a604a,0,0,official,principal
4504,0,0,0.0640048012137413,probability_native,0.0640048012137413,u_a108c98f3f4a604a,0,0,official,principal
6394,0,0,0.16297443211078644,probability_native,0.16297443211078644,u_a108c98f3f4a604a,0,0,official,principal
3939,1,1,0.7716280817985535,probability_native,0.7716280817985535,u_a108c98f3f4a604a,0,0,official,principal
5367,0,0,0.04202301800251007,probability_native,0.04202301800251007,u_a108c98f3f4a604a,0,0,official,principal
1313,1,1,0.6583414673805237,probability_native,0.6583414673805237,u_a108c98f3f4a604a,0,0,official,principal
6177,1,1,0.5968087911605835,probability_native,0.5968087911605835,u_a108c98f3f4a604a,0,0,official,principal
2301,0,1,0.8029451370239258,probability_native,0.8029451370239258,u_a108c98f3f4a604a,0,0,official,principal
5087,0,0,0.3656347692012787,probability_native,0.3656347692012787,u_a108c98f3f4a604a,0,0,official,principal
1704,1,1,0.862091064453125,probability_native,0.862091064453125,u_a108c98f3f4a604a,0,0,official,principal
3843,1,1,0.7638996243476868,probability_native,0.7638996243476868,u_a108c98f3f4a604a,0,0,official,principal
943,0,0,0.021739738062024117,probability_native,0.021739738062024117,u_a108c98f3f4a604a,0,0,official,principal
4736,0,0,0.01977493427693844,probability_native,0.01977493427693844,u_a108c98f3f4a604a,0,0,official,principal
41,0,0,0.03946566954255104,probability_native,0.03946566954255104,u_a108c98f3f4a604a,0,0,official,principal
5351,1,0,0.46159234642982483,probability_native,0.46159234642982483,u_a108c98f3f4a604a,0,0,official,principal
4607,0,1,0.6232495903968811,probability_native,0.6232495903968811,u_a108c98f3f4a604a,0,0,official,principal
6495,1,1,0.8553860783576965,probability_native,0.8553860783576965,u_a108c98f3f4a604a,0,0,official,principal
5238,0,0,0.11933053284883499,probability_native,0.11933053284883499,u_a108c98f3f4a604a,0,0,official,principal
4973,0,0,0.43966636061668396,probability_native,0.43966636061668396,u_a108c98f3f4a604a,0,0,official,principal
6274,0,1,0.5145472884178162,probability_native,0.5145472884178162,u_a108c98f3f4a604a,0,0,official,principal
5633,0,0,0.253827303647995,probability_native,0.253827303647995,u_a108c98f3f4a604a,0,0,official,principal
5622,1,1,0.5698716044425964,probability_native,0.5698716044425964,u_a108c98f3f4a604a,0,0,official,principal
1676,0,1,0.7645098567008972,probability_native,0.7645098567008972,u_a108c98f3f4a604a,0,0,official,principal
833,0,1,0.5974735021591187,probability_native,0.5974735021591187,u_a108c98f3f4a604a,0,0,official,principal
4584,0,0,0.046662308275699615,probability_native,0.046662308275699615,u_a108c98f3f4a604a,0,0,official,principal
4330,1,1,0.7123329043388367,probability_native,0.7123329043388367,u_a108c98f3f4a604a,0,0,official,principal
1641,0,0,0.032079584896564484,probability_native,0.032079584896564484,u_a108c98f3f4a604a,0,0,official,principal
4051,0,0,0.13860474526882172,probability_native,0.13860474526882172,u_a108c98f3f4a604a,0,0,official,principal
6527,1,0,0.48958659172058105,probability_native,0.48958659172058105,u_a108c98f3f4a604a,0,0,official,principal
5486,0,0,0.061086803674697876,probability_native,0.061086803674697876,u_a108c98f3f4a604a,0,0,official,principal
4205,0,0,0.060119081288576126,probability_native,0.060119081288576126,u_a108c98f3f4a604a,0,0,official,principal
6064,1,1,0.7643406391143799,probability_native,0.7643406391143799,u_a108c98f3f4a604a,0,0,official,principal
6094,0,0,0.030635681003332138,probability_native,0.030635681003332138,u_a108c98f3f4a604a,0,0,official,principal
3730,1,1,0.5842058062553406,probability_native,0.5842058062553406,u_a108c98f3f4a604a,0,0,official,principal
740,0,0,0.04934994876384735,probability_native,0.04934994876384735,u_a108c98f3f4a604a,0,0,official,principal
6145,0,0,0.016160650178790092,probability_native,0.016160650178790092,u_a108c98f3f4a604a,0,0,official,principal
6236,0,1,0.6327083706855774,probability_native,0.6327083706855774,u_a108c98f3f4a604a,0,0,official,principal
4544,1,1,0.8663688898086548,probability_native,0.8663688898086548,u_a108c98f3f4a604a,0,0,official,principal
4902,0,0,0.13107258081436157,probability_native,0.13107258081436157,u_a108c98f3f4a604a,0,0,official,principal
1478,1,1,0.7658136487007141,probability_native,0.7658136487007141,u_a108c98f3f4a604a,0,0,official,principal
749,0,0,0.2101430892944336,probability_native,0.2101430892944336,u_a108c98f3f4a604a,0,0,official,principal
4164,0,0,0.0836772620677948,probability_native,0.0836772620677948,u_a108c98f3f4a604a,0,0,official,principal
3153,0,0,0.2823278605937958,probability_native,0.2823278605937958,u_a108c98f3f4a604a,0,0,official,principal
4399,0,0,0.3349692225456238,probability_native,0.3349692225456238,u_a108c98f3f4a604a,0,0,official,principal
6370,1,1,0.5236051082611084,probability_native,0.5236051082611084,u_a108c98f3f4a604a,0,0,official,principal
716,0,0,0.0414443202316761,probability_native,0.0414443202316761,u_a108c98f3f4a604a,0,0,official,principal
33,0,1,0.5649038553237915,probability_native,0.5649038553237915,u_a108c98f3f4a604a,0,0,official,principal
1694,1,1,0.7963322997093201,probability_native,0.7963322997093201,u_a108c98f3f4a604a,0,0,official,principal
6313,1,1,0.8553121089935303,probability_native,0.8553121089935303,u_a108c98f3f4a604a,0,0,official,principal
5315,1,1,0.7918092608451843,probability_native,0.7918092608451843,u_a108c98f3f4a604a,0,0,official,principal
4034,0,0,0.4172893762588501,probability_native,0.4172893762588501,u_a108c98f3f4a604a,0,0,official,principal
6311,0,1,0.6047453880310059,probability_native,0.6047453880310059,u_a108c98f3f4a604a,0,0,official,principal
6025,0,0,0.1704840511083603,probability_native,0.1704840511083603,u_a108c98f3f4a604a,0,0,official,principal
6596,0,0,0.094536192715168,probability_native,0.094536192715168,u_a108c98f3f4a604a,0,0,official,principal
3774,0,0,0.32827305793762207,probability_native,0.32827305793762207,u_a108c98f3f4a604a,0,0,official,principal
2439,0,0,0.05855327844619751,probability_native,0.05855327844619751,u_a108c98f3f4a604a,0,0,official,principal
3274,0,1,0.6312990188598633,probability_native,0.6312990188598633,u_a108c98f3f4a604a,0,0,official,principal
5989,1,1,0.8788416981697083,probability_native,0.8788416981697083,u_a108c98f3f4a604a,0,0,official,principal
1721,1,1,0.5901047587394714,probability_native,0.5901047587394714,u_a108c98f3f4a604a,0,0,official,principal
3147,0,1,0.56223464012146,probability_native,0.56223464012146,u_a108c98f3f4a604a,0,0,official,principal
5346,0,0,0.0760093480348587,probability_native,0.0760093480348587,u_a108c98f3f4a604a,0,0,official,principal
193,0,0,0.062321800738573074,probability_native,0.062321800738573074,u_a108c98f3f4a604a,0,0,official,principal
2039,1,1,0.7239553928375244,probability_native,0.7239553928375244,u_a108c98f3f4a604a,0,0,official,principal
2307,0,0,0.22019849717617035,probability_native,0.22019849717617035,u_a108c98f3f4a604a,0,0,official,principal
5885,0,0,0.057384829968214035,probability_native,0.057384829968214035,u_a108c98f3f4a604a,0,0,official,principal
6661,0,0,0.024326860904693604,probability_native,0.024326860904693604,u_a108c98f3f4a604a,0,0,official,principal
4647,0,0,0.44031497836112976,probability_native,0.44031497836112976,u_a108c98f3f4a604a,0,0,official,principal
4313,0,0,0.37563401460647583,probability_native,0.37563401460647583,u_a108c98f3f4a604a,0,0,official,principal
5479,0,1,0.7226090431213379,probability_native,0.7226090431213379,u_a108c98f3f4a604a,0,0,official,principal
6815,0,0,0.009145699441432953,probability_native,0.009145699441432953,u_a108c98f3f4a604a,0,0,official,principal
6892,0,0,0.2308029681444168,probability_native,0.2308029681444168,u_a108c98f3f4a604a,0,0,official,principal
5541,1,0,0.33629530668258667,probability_native,0.33629530668258667,u_a108c98f3f4a604a,0,0,official,principal
1884,0,0,0.07824811339378357,probability_native,0.07824811339378357,u_a108c98f3f4a604a,0,0,official,principal
5437,1,0,0.4807691276073456,probability_native,0.4807691276073456,u_a108c98f3f4a604a,0,0,official,principal
5142,0,0,0.15930986404418945,probability_native,0.15930986404418945,u_a108c98f3f4a604a,0,0,official,principal
4127,0,0,0.032037075608968735,probability_native,0.032037075608968735,u_a108c98f3f4a604a,0,0,official,principal
4597,1,1,0.751990020275116,probability_native,0.751990020275116,u_a108c98f3f4a604a,0,0,official,principal
3830,1,1,0.8700182437896729,probability_native,0.8700182437896729,u_a108c98f3f4a604a,0,0,official,principal
226,0,0,0.13091397285461426,probability_native,0.13091397285461426,u_a108c98f3f4a604a,0,0,official,principal
6760,1,0,0.48443105816841125,probability_native,0.48443105816841125,u_a108c98f3f4a604a,0,0,official,principal
6933,1,1,0.8553860783576965,probability_native,0.8553860783576965,u_a108c98f3f4a604a,0,0,official,principal
5015,0,0,0.24527379870414734,probability_native,0.24527379870414734,u_a108c98f3f4a604a,0,0,official,principal
6566,0,0,0.11923348903656006,probability_native,0.11923348903656006,u_a108c98f3f4a604a,0,0,official,principal
6799,0,0,0.2307714819908142,probability_native,0.2307714819908142,u_a108c98f3f4a604a,0,0,official,principal
2062,0,0,0.04664472118020058,probability_native,0.04664472118020058,u_a108c98f3f4a604a,0,0,official,principal
6928,0,0,0.10735659301280975,probability_native,0.10735659301280975,u_a108c98f3f4a604a,0,0,official,principal
3653,0,0,0.06451614946126938,probability_native,0.06451614946126938,u_a108c98f3f4a604a,0,0,official,principal
6670,0,0,0.17113442718982697,probability_native,0.17113442718982697,u_a108c98f3f4a604a,0,0,official,principal
4681,1,1,0.8564581871032715,probability_native,0.8564581871032715,u_a108c98f3f4a604a,0,0,official,principal
3621,1,1,0.5965986847877502,probability_native,0.5965986847877502,u_a108c98f3f4a604a,0,0,official,principal
2975,0,1,0.5509176850318909,probability_native,0.5509176850318909,u_a108c98f3f4a604a,0,0,official,principal
500,0,0,0.16682122647762299,probability_native,0.16682122647762299,u_a108c98f3f4a604a,0,0,official,principal
355,1,1,0.7390069961547852,probability_native,0.7390069961547852,u_a108c98f3f4a604a,0,0,official,principal
6260,0,0,0.06246543303132057,probability_native,0.06246543303132057,u_a108c98f3f4a604a,0,0,official,principal
632,0,0,0.015010137110948563,probability_native,0.015010137110948563,u_a108c98f3f4a604a,0,0,official,principal
3077,0,0,0.04243878275156021,probability_native,0.04243878275156021,u_a108c98f3f4a604a,0,0,official,principal
6565,0,1,0.6183440685272217,probability_native,0.6183440685272217,u_a108c98f3f4a604a,0,0,official,principal
382,0,0,0.02184343710541725,probability_native,0.02184343710541725,u_a108c98f3f4a604a,0,0,official,principal
6531,0,0,0.31738772988319397,probability_native,0.31738772988319397,u_a108c98f3f4a604a,0,0,official,principal
2952,0,0,0.14777380228042603,probability_native,0.14777380228042603,u_a108c98f3f4a604a,0,0,official,principal
1110,0,0,0.038422923535108566,probability_native,0.038422923535108566,u_a108c98f3f4a604a,0,0,official,principal
2105,1,1,0.7950177788734436,probability_native,0.7950177788734436,u_a108c98f3f4a604a,0,0,official,principal
570,0,0,0.02694629691541195,probability_native,0.02694629691541195,u_a108c98f3f4a604a,0,0,official,principal
4910,1,0,0.09781011939048767,probability_native,0.09781011939048767,u_a108c98f3f4a604a,0,0,official,principal
1673,1,0,0.3980275094509125,probability_native,0.3980275094509125,u_a108c98f3f4a604a,0,0,official,principal
3434,0,0,0.15297290682792664,probability_native,0.15297290682792664,u_a108c98f3f4a604a,0,0,official,principal
3326,1,0,0.1451151967048645,probability_native,0.1451151967048645,u_a108c98f3f4a604a,0,0,official,principal
3097,0,0,0.28763437271118164,probability_native,0.28763437271118164,u_a108c98f3f4a604a,0,0,official,principal
238,1,1,0.8124895691871643,probability_native,0.8124895691871643,u_a108c98f3f4a604a,0,0,official,principal
3258,0,1,0.7839587330818176,probability_native,0.7839587330818176,u_a108c98f3f4a604a,0,0,official,principal
1632,1,0,0.4260311424732208,probability_native,0.4260311424732208,u_a108c98f3f4a604a,0,0,official,principal
1949,0,0,0.08397506177425385,probability_native,0.08397506177425385,u_a108c98f3f4a604a,0,0,official,principal
6861,1,1,0.7038099765777588,probability_native,0.7038099765777588,u_a108c98f3f4a604a,0,0,official,principal
1743,0,0,0.03479655086994171,probability_native,0.03479655086994171,u_a108c98f3f4a604a,0,0,official,principal
4621,0,1,0.5698328018188477,probability_native,0.5698328018188477,u_a108c98f3f4a604a,0,0,official,principal
6312,1,0,0.2021315097808838,probability_native,0.2021315097808838,u_a108c98f3f4a604a,0,0,official,principal
5907,0,1,0.7396979331970215,probability_native,0.7396979331970215,u_a108c98f3f4a604a,0,0,official,principal
3072,0,0,0.11791356652975082,probability_native,0.11791356652975082,u_a108c98f3f4a604a,0,0,official,principal
6026,0,0,0.1466069221496582,probability_native,0.1466069221496582,u_a108c98f3f4a604a,0,0,official,principal
1164,0,0,0.02689969353377819,probability_native,0.02689969353377819,u_a108c98f3f4a604a,0,0,official,principal
2514,1,1,0.7113256454467773,probability_native,0.7113256454467773,u_a108c98f3f4a604a,0,0,official,principal
2133,1,1,0.8553860783576965,probability_native,0.8553860783576965,u_a108c98f3f4a604a,0,0,official,principal
2384,0,1,0.5777463912963867,probability_native,0.5777463912963867,u_a108c98f3f4a604a,0,0,official,principal
2208,1,1,0.8919832110404968,probability_native,0.8919832110404968,u_a108c98f3f4a604a,0,0,official,principal
1826,0,1,0.7031392455101013,probability_native,0.7031392455101013,u_a108c98f3f4a604a,0,0,official,principal
2025,0,0,0.0575922429561615,probability_native,0.0575922429561615,u_a108c98f3f4a604a,0,0,official,principal
3456,0,0,0.07167859375476837,probability_native,0.07167859375476837,u_a108c98f3f4a604a,0,0,official,principal
3943,0,1,0.7302982211112976,probability_native,0.7302982211112976,u_a108c98f3f4a604a,0,0,official,principal
2889,0,0,0.05065907910466194,probability_native,0.05065907910466194,u_a108c98f3f4a604a,0,0,official,principal
4861,0,0,0.2151843011379242,probability_native,0.2151843011379242,u_a108c98f3f4a604a,0,0,official,principal
4663,1,1,0.8597170114517212,probability_native,0.8597170114517212,u_a108c98f3f4a604a,0,0,official,principal
803,0,0,0.059349726885557175,probability_native,0.059349726885557175,u_a108c98f3f4a604a,0,0,official,principal
5983,0,1,0.6065213680267334,probability_native,0.6065213680267334,u_a108c98f3f4a604a,0,0,official,principal
4041,0,0,0.07060429453849792,probability_native,0.07060429453849792,u_a108c98f3f4a604a,0,0,official,principal
815,0,1,0.5637210607528687,probability_native,0.5637210607528687,u_a108c98f3f4a604a,0,0,official,principal
4938,1,1,0.5774704217910767,probability_native,0.5774704217910767,u_a108c98f3f4a604a,0,0,official,principal
4936,0,0,0.4503921568393707,probability_native,0.4503921568393707,u_a108c98f3f4a604a,0,0,official,principal
5961,0,1,0.6123296022415161,probability_native,0.6123296022415161,u_a108c98f3f4a604a,0,0,official,principal
6352,0,1,0.6194932460784912,probability_native,0.6194932460784912,u_a108c98f3f4a604a,0,0,official,principal
5440,0,0,0.30660998821258545,probability_native,0.30660998821258545,u_a108c98f3f4a604a,0,0,official,principal
2281,1,0,0.48177847266197205,probability_native,0.48177847266197205,u_a108c98f3f4a604a,0,0,official,principal
6498,1,1,0.8460584878921509,probability_native,0.8460584878921509,u_a108c98f3f4a604a,0,0,official,principal
3384,1,1,0.7878594398498535,probability_native,0.7878594398498535,u_a108c98f3f4a604a,0,0,official,principal
5848,0,0,0.02420179359614849,probability_native,0.02420179359614849,u_a108c98f3f4a604a,0,0,official,principal
6218,0,0,0.1316613107919693,probability_native,0.1316613107919693,u_a108c98f3f4a604a,0,0,official,principal
6278,0,0,0.18950828909873962,probability_native,0.18950828909873962,u_a108c98f3f4a604a,0,0,official,principal
2515,0,0,0.17293217778205872,probability_native,0.17293217778205872,u_a108c98f3f4a604a,0,0,official,principal
4007,0,0,0.03682458773255348,probability_native,0.03682458773255348,u_a108c98f3f4a604a,0,0,official,principal
2813,0,0,0.03701017051935196,probability_native,0.03701017051935196,u_a108c98f3f4a604a,0,0,official,principal
4929,0,0,0.14015424251556396,probability_native,0.14015424251556396,u_a108c98f3f4a604a,0,0,official,principal
3959,0,0,0.2427806407213211,probability_native,0.2427806407213211,u_a108c98f3f4a604a,0,0,official,principal
4509,1,1,0.7955938577651978,probability_native,0.7955938577651978,u_a108c98f3f4a604a,0,0,official,principal
2973,1,1,0.6104512214660645,probability_native,0.6104512214660645,u_a108c98f3f4a604a,0,0,official,principal
1129,0,1,0.5537077188491821,probability_native,0.5537077188491821,u_a108c98f3f4a604a,0,0,official,principal
2380,0,0,0.4214458465576172,probability_native,0.4214458465576172,u_a108c98f3f4a604a,0,0,official,principal
1365,1,0,0.3905303478240967,probability_native,0.3905303478240967,u_a108c98f3f4a604a,0,0,official,principal
3778,0,1,0.6220466494560242,probability_native,0.6220466494560242,u_a108c98f3f4a604a,0,0,official,principal
2041,0,0,0.08527401089668274,probability_native,0.08527401089668274,u_a108c98f3f4a604a,0,0,official,principal
5463,1,1,0.6740608215332031,probability_native,0.6740608215332031,u_a108c98f3f4a604a,0,0,official,principal
5258,1,0,0.3543959856033325,probability_native,0.3543959856033325,u_a108c98f3f4a604a,0,0,official,principal
5813,0,0,0.0940299853682518,probability_native,0.0940299853682518,u_a108c98f3f4a604a,0,0,official,principal
723,1,1,0.7333905100822449,probability_native,0.7333905100822449,u_a108c98f3f4a604a,0,0,official,principal
4924,1,1,0.7963322997093201,probability_native,0.7963322997093201,u_a108c98f3f4a604a,0,0,official,principal
6205,1,1,0.5442153215408325,probability_native,0.5442153215408325,u_a108c98f3f4a604a,0,0,official,principal
2106,0,0,0.07821796089410782,probability_native,0.07821796089410782,u_a108c98f3f4a604a,0,0,official,principal
3520,0,0,0.15516167879104614,probability_native,0.15516167879104614,u_a108c98f3f4a604a,0,0,official,principal
1210,1,1,0.6927535533905029,probability_native,0.6927535533905029,u_a108c98f3f4a604a,0,0,official,principal
971,0,0,0.41494008898735046,probability_native,0.41494008898735046,u_a108c98f3f4a604a,0,0,official,principal
4764,1,1,0.7440441250801086,probability_native,0.7440441250801086,u_a108c98f3f4a604a,0,0,official,principal
6488,1,1,0.8553860783576965,probability_native,0.8553860783576965,u_a108c98f3f4a604a,0,0,official,principal
5435,0,0,0.1451920121908188,probability_native,0.1451920121908188,u_a108c98f3f4a604a,0,0,official,principal
4062,1,1,0.8081068992614746,probability_native,0.8081068992614746,u_a108c98f3f4a604a,0,0,official,principal
309,0,0,0.16834276914596558,probability_native,0.16834276914596558,u_a108c98f3f4a604a,0,0,official,principal
5687,0,0,0.11528129875659943,probability_native,0.11528129875659943,u_a108c98f3f4a604a,0,0,official,principal
1569,0,0,0.3545731008052826,probability_native,0.3545731008052826,u_a108c98f3f4a604a,0,0,official,principal
4775,1,1,0.5666569471359253,probability_native,0.5666569471359253,u_a108c98f3f4a604a,0,0,official,principal
2803,0,0,0.051400039345026016,probability_native,0.051400039345026016,u_a108c98f3f4a604a,0,0,official,principal
2271,0,1,0.7446674704551697,probability_native,0.7446674704551697,u_a108c98f3f4a604a,0,0,official,principal
6714,0,1,0.7242682576179504,probability_native,0.7242682576179504,u_a108c98f3f4a604a,0,0,official,principal
1498,1,1,0.670468270778656,probability_native,0.670468270778656,u_a108c98f3f4a604a,0,0,official,principal
5596,0,0,0.03488045930862427,probability_native,0.03488045930862427,u_a108c98f3f4a604a,0,0,official,principal
6738,0,1,0.5649038553237915,probability_native,0.5649038553237915,u_a108c98f3f4a604a,0,0,official,principal
3095,0,1,0.727935791015625,probability_native,0.727935791015625,u_a108c98f3f4a604a,0,0,official,principal
8,1,1,0.6885091066360474,probability_native,0.6885091066360474,u_a108c98f3f4a604a,0,0,official,principal
4816,0,0,0.06412293761968613,probability_native,0.06412293761968613,u_a108c98f3f4a604a,0,0,official,principal
2044,0,0,0.150779128074646,probability_native,0.150779128074646,u_a108c98f3f4a604a,0,0,official,principal
4685,0,0,0.25333553552627563,probability_native,0.25333553552627563,u_a108c98f3f4a604a,0,0,official,principal
1915,0,0,0.25198668241500854,probability_native,0.25198668241500854,u_a108c98f3f4a604a,0,0,official,principal
1532,0,0,0.1448594480752945,probability_native,0.1448594480752945,u_a108c98f3f4a604a,0,0,official,principal
2454,0,0,0.05378316342830658,probability_native,0.05378316342830658,u_a108c98f3f4a604a,0,0,official,principal
5977,0,0,0.03477209806442261,probability_native,0.03477209806442261,u_a108c98f3f4a604a,0,0,official,principal
2446,1,1,0.6083915829658508,probability_native,0.6083915829658508,u_a108c98f3f4a604a,0,0,official,principal
1278,0,0,0.07479751110076904,probability_native,0.07479751110076904,u_a108c98f3f4a604a,0,0,official,principal
1911,0,0,0.028606785461306572,probability_native,0.028606785461306572,u_a108c98f3f4a604a,0,0,official,principal
2431,1,1,0.6745089888572693,probability_native,0.6745089888572693,u_a108c98f3f4a604a,0,0,official,principal
4219,0,0,0.2737925052642822,probability_native,0.2737925052642822,u_a108c98f3f4a604a,0,0,official,principal
4417,1,1,0.7453545928001404,probability_native,0.7453545928001404,u_a108c98f3f4a604a,0,0,official,principal
411,0,0,0.11134493350982666,probability_native,0.11134493350982666,u_a108c98f3f4a604a,0,0,official,principal
612,0,0,0.02185855060815811,probability_native,0.02185855060815811,u_a108c98f3f4a604a,0,0,official,principal
2073,0,0,0.16184337437152863,probability_native,0.16184337437152863,u_a108c98f3f4a604a,0,0,official,principal
5752,0,0,0.0342988483607769,probability_native,0.0342988483607769,u_a108c98f3f4a604a,0,0,official,principal
5164,0,1,0.5870731472969055,probability_native,0.5870731472969055,u_a108c98f3f4a604a,0,0,official,principal
2606,0,0,0.48719969391822815,probability_native,0.48719969391822815,u_a108c98f3f4a604a,0,0,official,principal
5673,0,0,0.16321806609630585,probability_native,0.16321806609630585,u_a108c98f3f4a604a,0,0,official,principal
1876,0,0,0.44165727496147156,probability_native,0.44165727496147156,u_a108c98f3f4a604a,0,0,official,principal
2520,0,0,0.0292124692350626,probability_native,0.0292124692350626,u_a108c98f3f4a604a,0,0,official,principal
5496,0,0,0.02889881283044815,probability_native,0.02889881283044815,u_a108c98f3f4a604a,0,0,official,principal
6249,0,1,0.793145477771759,probability_native,0.793145477771759,u_a108c98f3f4a604a,0,0,official,principal
5007,0,0,0.14750851690769196,probability_native,0.14750851690769196,u_a108c98f3f4a604a,0,0,official,principal
4610,1,0,0.1247408390045166,probability_native,0.1247408390045166,u_a108c98f3f4a604a,0,0,official,principal
5354,0,1,0.8342310786247253,probability_native,0.8342310786247253,u_a108c98f3f4a604a,0,0,official,principal
2450,0,0,0.07868295162916183,probability_native,0.07868295162916183,u_a108c98f3f4a604a,0,0,official,principal
3795,0,1,0.8014229536056519,probability_native,0.8014229536056519,u_a108c98f3f4a604a,0,0,official,principal
5820,0,0,0.14421194791793823,probability_native,0.14421194791793823,u_a108c98f3f4a604a,0,0,official,principal
4244,0,0,0.023310363292694092,probability_native,0.023310363292694092,u_a108c98f3f4a604a,0,0,official,principal
5228,0,1,0.5667513608932495,probability_native,0.5667513608932495,u_a108c98f3f4a604a,0,0,official,principal
5724,1,1,0.8097747564315796,probability_native,0.8097747564315796,u_a108c98f3f4a604a,0,0,official,principal
3164,0,1,0.732928454875946,probability_native,0.732928454875946,u_a108c98f3f4a604a,0,0,official,principal
5626,0,0,0.3058551847934723,probability_native,0.3058551847934723,u_a108c98f3f4a604a,0,0,official,principal
2757,0,0,0.0838124006986618,probability_native,0.0838124006986618,u_a108c98f3f4a604a,0,0,official,principal
5387,0,0,0.4882495701313019,probability_native,0.4882495701313019,u_a108c98f3f4a604a,0,0,official,principal
3782,0,1,0.7824913263320923,probability_native,0.7824913263320923,u_a108c98f3f4a604a,0,0,official,principal
2598,0,1,0.8280836343765259,probability_native,0.8280836343765259,u_a108c98f3f4a604a,0,0,official,principal
5421,0,0,0.03858564421534538,probability_native,0.03858564421534538,u_a108c98f3f4a604a,0,0,official,principal
4044,0,0,0.08815766870975494,probability_native,0.08815766870975494,u_a108c98f3f4a604a,0,0,official,principal
6042,0,0,0.06902087479829788,probability_native,0.06902087479829788,u_a108c98f3f4a604a,0,0,official,principal
1799,1,1,0.795960545539856,probability_native,0.795960545539856,u_a108c98f3f4a604a,0,0,official,principal
4583,0,0,0.037620484828948975,probability_native,0.037620484828948975,u_a108c98f3f4a604a,0,0,official,principal
2809,0,0,0.32323333621025085,probability_native,0.32323333621025085,u_a108c98f3f4a604a,0,0,official,principal
210,1,1,0.655815839767456,probability_native,0.655815839767456,u_a108c98f3f4a604a,0,0,official,principal
2272,0,1,0.7256878614425659,probability_native,0.7256878614425659,u_a108c98f3f4a604a,0,0,official,principal
4688,0,1,0.5702513456344604,probability_native,0.5702513456344604,u_a108c98f3f4a604a,0,0,official,principal
3096,0,0,0.05116013064980507,probability_native,0.05116013064980507,u_a108c98f3f4a604a,0,0,official,principal
5176,0,0,0.13874822854995728,probability_native,0.13874822854995728,u_a108c98f3f4a604a,0,0,official,principal
5061,0,0,0.07542846351861954,probability_native,0.07542846351861954,u_a108c98f3f4a604a,0,0,official,principal
2540,0,0,0.16936224699020386,probability_native,0.16936224699020386,u_a108c98f3f4a604a,0,0,official,principal
4612,0,0,0.027717333287000656,probability_native,0.027717333287000656,u_a108c98f3f4a604a,0,0,official,principal
878,0,0,0.09009058773517609,probability_native,0.09009058773517609,u_a108c98f3f4a604a,0,0,official,principal
5464,0,0,0.052361536771059036,probability_native,0.052361536771059036,u_a108c98f3f4a604a,0,0,official,principal
3353,0,1,0.685556948184967,probability_native,0.685556948184967,u_a108c98f3f4a604a,0,0,official,principal
6687,1,1,0.7852924466133118,probability_native,0.7852924466133118,u_a108c98f3f4a604a,0,0,official,principal
5244,0,1,0.5722060203552246,probability_native,0.5722060203552246,u_a108c98f3f4a604a,0,0,official,principal
698,0,0,0.2271946668624878,probability_native,0.2271946668624878,u_a108c98f3f4a604a,0,0,official,principal
2722,0,0,0.026150919497013092,probability_native,0.026150919497013092,u_a108c98f3f4a604a,0,0,official,principal
3698,0,1,0.6107224822044373,probability_native,0.6107224822044373,u_a108c98f3f4a604a,0,0,official,principal
3500,0,1,0.5066134929656982,probability_native,0.5066134929656982,u_a108c98f3f4a604a,0,0,official,principal
2067,0,0,0.42629414796829224,probability_native,0.42629414796829224,u_a108c98f3f4a604a,0,0,official,principal
1312,0,0,0.1587868183851242,probability_native,0.1587868183851242,u_a108c98f3f4a604a,0,0,official,principal
4514,0,1,0.7132450938224792,probability_native,0.7132450938224792,u_a108c98f3f4a604a,0,0,official,principal
5378,0,0,0.026012873277068138,probability_native,0.026012873277068138,u_a108c98f3f4a604a,0,0,official,principal
1968,0,0,0.3831789791584015,probability_native,0.3831789791584015,u_a108c98f3f4a604a,0,0,official,principal
5646,1,0,0.3949100077152252,probability_native,0.3949100077152252,u_a108c98f3f4a604a,0,0,official,principal
2883,0,0,0.02494535781443119,probability_native,0.02494535781443119,u_a108c98f3f4a604a,0,0,official,principal
1252,0,1,0.5545957088470459,probability_native,0.5545957088470459,u_a108c98f3f4a604a,0,0,official,principal
5051,0,0,0.43244659900665283,probability_native,0.43244659900665283,u_a108c98f3f4a604a,0,0,official,principal
827,0,0,0.13468243181705475,probability_native,0.13468243181705475,u_a108c98f3f4a604a,0,0,official,principal
6030,1,0,0.46634891629219055,probability_native,0.46634891629219055,u_a108c98f3f4a604a,0,0,official,principal
890,0,0,0.2485021948814392,probability_native,0.2485021948814392,u_a108c98f3f4a604a,0,0,official,principal
590,0,0,0.10643844306468964,probability_native,0.10643844306468964,u_a108c98f3f4a604a,0,0,official,principal
793,0,0,0.026082903146743774,probability_native,0.026082903146743774,u_a108c98f3f4a604a,0,0,official,principal
6059,0,0,0.09988375753164291,probability_native,0.09988375753164291,u_a108c98f3f4a604a,0,0,official,principal
5158,0,0,0.026863183826208115,probability_native,0.026863183826208115,u_a108c98f3f4a604a,0,0,official,principal
2209,0,0,0.36601439118385315,probability_native,0.36601439118385315,u_a108c98f3f4a604a,0,0,official,principal
887,0,0,0.32322409749031067,probability_native,0.32322409749031067,u_a108c98f3f4a604a,0,0,official,principal
1382,0,0,0.04804007336497307,probability_native,0.04804007336497307,u_a108c98f3f4a604a,0,0,official,principal
3997,0,0,0.08943961560726166,probability_native,0.08943961560726166,u_a108c98f3f4a604a,0,0,official,principal
3631,1,1,0.6981952786445618,probability_native,0.6981952786445618,u_a108c98f3f4a604a,0,0,official,principal
3008,0,0,0.10156683623790741,probability_native,0.10156683623790741,u_a108c98f3f4a604a,0,0,official,principal
2408,0,0,0.02433616667985916,probability_native,0.02433616667985916,u_a108c98f3f4a604a,0,0,official,principal
435,0,0,0.28960126638412476,probability_native,0.28960126638412476,u_a108c98f3f4a604a,0,0,official,principal
329,0,1,0.6132253408432007,probability_native,0.6132253408432007,u_a108c98f3f4a604a,0,0,official,principal
17,0,0,0.06527948379516602,probability_native,0.06527948379516602,u_a108c98f3f4a604a,0,0,official,principal
5466,0,0,0.11475493758916855,probability_native,0.11475493758916855,u_a108c98f3f4a604a,0,0,official,principal
1795,1,1,0.5289778113365173,probability_native,0.5289778113365173,u_a108c98f3f4a604a,0,0,official,principal
4957,0,0,0.3790763020515442,probability_native,0.3790763020515442,u_a108c98f3f4a604a,0,0,official,principal
419,1,1,0.8097747564315796,probability_native,0.8097747564315796,u_a108c98f3f4a604a,0,0,official,principal
6818,0,0,0.14338774979114532,probability_native,0.14338774979114532,u_a108c98f3f4a604a,0,0,official,principal
264,0,0,0.15276162326335907,probability_native,0.15276162326335907,u_a108c98f3f4a604a,0,0,official,principal
6625,1,1,0.8136234879493713,probability_native,0.8136234879493713,u_a108c98f3f4a604a,0,0,official,principal
5260,0,1,0.6009023189544678,probability_native,0.6009023189544678,u_a108c98f3f4a604a,0,0,official,principal
3370,0,0,0.20678122341632843,probability_native,0.20678122341632843,u_a108c98f3f4a604a,0,0,official,principal
5089,0,1,0.6176168322563171,probability_native,0.6176168322563171,u_a108c98f3f4a604a,0,0,official,principal
5145,0,0,0.07092070579528809,probability_native,0.07092070579528809,u_a108c98f3f4a604a,0,0,official,principal
4485,0,0,0.048235416412353516,probability_native,0.048235416412353516,u_a108c98f3f4a604a,0,0,official,principal
6135,0,0,0.06726539134979248,probability_native,0.06726539134979248,u_a108c98f3f4a604a,0,0,official,principal
326,0,1,0.7142567038536072,probability_native,0.7142567038536072,u_a108c98f3f4a604a,0,0,official,principal
1633,0,1,0.7302982211112976,probability_native,0.7302982211112976,u_a108c98f3f4a604a,0,0,official,principal
728,1,0,0.2287616729736328,probability_native,0.2287616729736328,u_a108c98f3f4a604a,0,0,official,principal
4988,0,0,0.06369908154010773,probability_native,0.06369908154010773,u_a108c98f3f4a604a,0,0,official,principal
6068,1,0,0.47655439376831055,probability_native,0.47655439376831055,u_a108c98f3f4a604a,0,0,official,principal
2891,1,1,0.8660184741020203,probability_native,0.8660184741020203,u_a108c98f3f4a604a,0,0,official,principal
1965,1,0,0.26868826150894165,probability_native,0.26868826150894165,u_a108c98f3f4a604a,0,0,official,principal
4714,0,0,0.04105273634195328,probability_native,0.04105273634195328,u_a108c98f3f4a604a,0,0,official,principal
6484,0,0,0.1657300889492035,probability_native,0.1657300889492035,u_a108c98f3f4a604a,0,0,official,principal
1137,0,0,0.01919850893318653,probability_native,0.01919850893318653,u_a108c98f3f4a604a,0,0,official,principal
1393,0,1,0.5649038553237915,probability_native,0.5649038553237915,u_a108c98f3f4a604a,0,0,official,principal
2945,0,1,0.5845820307731628,probability_native,0.5845820307731628,u_a108c98f3f4a604a,0,0,official,principal
424,0,0,0.27435675263404846,probability_native,0.27435675263404846,u_a108c98f3f4a604a,0,0,official,principal
5605,0,0,0.3477352559566498,probability_native,0.3477352559566498,u_a108c98f3f4a604a,0,0,official,principal
628,0,0,0.21317675709724426,probability_native,0.21317675709724426,u_a108c98f3f4a604a,0,0,official,principal
4243,0,0,0.1595567911863327,probability_native,0.1595567911863327,u_a108c98f3f4a604a,0,0,official,principal
206,0,0,0.016205061227083206,probability_native,0.016205061227083206,u_a108c98f3f4a604a,0,0,official,principal
4031,0,0,0.15404313802719116,probability_native,0.15404313802719116,u_a108c98f3f4a604a,0,0,official,principal
2667,0,0,0.06442999839782715,probability_native,0.06442999839782715,u_a108c98f3f4a604a,0,0,official,principal
4129,0,0,0.44110867381095886,probability_native,0.44110867381095886,u_a108c98f3f4a604a,0,0,official,principal
3635,0,0,0.048483606427907944,probability_native,0.048483606427907944,u_a108c98f3f4a604a,0,0,official,principal
3601,0,0,0.07979981601238251,probability_native,0.07979981601238251,u_a108c98f3f4a604a,0,0,official,principal
334,1,1,0.7309948801994324,probability_native,0.7309948801994324,u_a108c98f3f4a604a,0,0,official,principal
6041,0,0,0.29805564880371094,probability_native,0.29805564880371094,u_a108c98f3f4a604a,0,0,official,principal
2799,0,0,0.03861023113131523,probability_native,0.03861023113131523,u_a108c98f3f4a604a,0,0,official,principal
2730,0,0,0.36648741364479065,probability_native,0.36648741364479065,u_a108c98f3f4a604a,0,0,official,principal
1042,0,1,0.6059955954551697,probability_native,0.6059955954551697,u_a108c98f3f4a604a,0,0,official,principal
5938,0,1,0.5732651352882385,probability_native,0.5732651352882385,u_a108c98f3f4a604a,0,0,official,principal
3429,0,0,0.04535135254263878,probability_native,0.04535135254263878,u_a108c98f3f4a604a,0,0,official,principal
6272,0,0,0.13388006389141083,probability_native,0.13388006389141083,u_a108c98f3f4a604a,0,0,official,principal
5117,0,0,0.064902164041996,probability_native,0.064902164041996,u_a108c98f3f4a604a,0,0,official,principal
3589,0,0,0.27406787872314453,probability_native,0.27406787872314453,u_a108c98f3f4a604a,0,0,official,principal
1977,0,1,0.7052540183067322,probability_native,0.7052540183067322,u_a108c98f3f4a604a,0,0,official,principal
2497,0,0,0.2917028069496155,probability_native,0.2917028069496155,u_a108c98f3f4a604a,0,0,official,principal
5783,1,1,0.8726797699928284,probability_native,0.8726797699928284,u_a108c98f3f4a604a,0,0,official,principal
4822,0,0,0.045418236404657364,probability_native,0.045418236404657364,u_a108c98f3f4a604a,0,0,official,principal
3828,0,0,0.03181213140487671,probability_native,0.03181213140487671,u_a108c98f3f4a604a,0,0,official,principal
1173,1,1,0.636218249797821,probability_native,0.636218249797821,u_a108c98f3f4a604a,0,0,official,principal
6865,0,0,0.10876531898975372,probability_native,0.10876531898975372,u_a108c98f3f4a604a,0,0,official,principal
2056,0,0,0.36341583728790283,probability_native,0.36341583728790283,u_a108c98f3f4a604a,0,0,official,principal
6036,0,0,0.182401642203331,probability_native,0.182401642203331,u_a108c98f3f4a604a,0,0,official,principal
1235,0,0,0.2460547536611557,probability_native,0.2460547536611557,u_a108c98f3f4a604a,0,0,official,principal
6252,0,0,0.22413362562656403,probability_native,0.22413362562656403,u_a108c98f3f4a604a,0,0,official,principal
5278,0,0,0.326273113489151,probability_native,0.326273113489151,u_a108c98f3f4a604a,0,0,official,principal
2876,0,0,0.10694114863872528,probability_native,0.10694114863872528,u_a108c98f3f4a604a,0,0,official,principal
6926,1,1,0.574116051197052,probability_native,0.574116051197052,u_a108c98f3f4a604a,0,0,official,principal
1862,0,0,0.3980398178100586,probability_native,0.3980398178100586,u_a108c98f3f4a604a,0,0,official,principal
43,0,0,0.04330822825431824,probability_native,0.04330822825431824,u_a108c98f3f4a604a,0,0,official,principal
1984,1,1,0.6231416463851929,probability_native,0.6231416463851929,u_a108c98f3f4a604a,0,0,official,principal
3826,0,0,0.16762448847293854,probability_native,0.16762448847293854,u_a108c98f3f4a604a,0,0,official,principal
6186,1,0,0.2572556734085083,probability_native,0.2572556734085083,u_a108c98f3f4a604a,0,0,official,principal
6113,0,0,0.4844355583190918,probability_native,0.4844355583190918,u_a108c98f3f4a604a,0,0,official,principal
127,0,0,0.036723505705595016,probability_native,0.036723505705595016,u_a108c98f3f4a604a,0,0,official,principal
5004,0,1,0.6263632774353027,probability_native,0.6263632774353027,u_a108c98f3f4a604a,0,0,official,principal
1784,1,0,0.29805564880371094,probability_native,0.29805564880371094,u_a108c98f3f4a604a,0,0,official,principal
2354,0,0,0.06076303496956825,probability_native,0.06076303496956825,u_a108c98f3f4a604a,0,0,official,principal
299,1,1,0.6370737552642822,probability_native,0.6370737552642822,u_a108c98f3f4a604a,0,0,official,principal
5069,1,1,0.7950177788734436,probability_native,0.7950177788734436,u_a108c98f3f4a604a,0,0,official,principal
3989,0,0,0.4971499443054199,probability_native,0.4971499443054199,u_a108c98f3f4a604a,0,0,official,principal
2223,1,1,0.7113256454467773,probability_native,0.7113256454467773,u_a108c98f3f4a604a,0,0,official,principal
5929,0,0,0.45946380496025085,probability_native,0.45946380496025085,u_a108c98f3f4a604a,0,0,official,principal
3348,0,0,0.4833868145942688,probability_native,0.4833868145942688,u_a108c98f3f4a604a,0,0,official,principal
837,1,1,0.6846556067466736,probability_native,0.6846556067466736,u_a108c98f3f4a604a,0,0,official,principal
801,1,1,0.8183115124702454,probability_native,0.8183115124702454,u_a108c98f3f4a604a,0,0,official,principal
5497,1,0,0.19924160838127136,probability_native,0.19924160838127136,u_a108c98f3f4a604a,0,0,official,principal
2815,1,1,0.7243700623512268,probability_native,0.7243700623512268,u_a108c98f3f4a604a,0,0,official,principal
5548,0,0,0.03682458773255348,probability_native,0.03682458773255348,u_a108c98f3f4a604a,0,0,official,principal
5246,1,1,0.8422364592552185,probability_native,0.8422364592552185,u_a108c98f3f4a604a,0,0,official,principal
2250,0,0,0.07182987034320831,probability_native,0.07182987034320831,u_a108c98f3f4a604a,0,0,official,principal
1249,1,1,0.6846556067466736,probability_native,0.6846556067466736,u_a108c98f3f4a604a,0,0,official,principal
4529,0,0,0.4051707684993744,probability_native,0.4051707684993744,u_a108c98f3f4a604a,0,0,official,principal
5874,1,1,0.8735554814338684,probability_native,0.8735554814338684,u_a108c98f3f4a604a,0,0,official,principal
6543,0,0,0.04592598229646683,probability_native,0.04592598229646683,u_a108c98f3f4a604a,0,0,official,principal
3597,0,0,0.48541006445884705,probability_native,0.48541006445884705,u_a108c98f3f4a604a,0,0,official,principal
934,0,0,0.16020718216896057,probability_native,0.16020718216896057,u_a108c98f3f4a604a,0,0,official,principal
96,0,0,0.030170852318406105,probability_native,0.030170852318406105,u_a108c98f3f4a604a,0,0,official,principal
5276,0,0,0.048955515027046204,probability_native,0.048955515027046204,u_a108c98f3f4a604a,0,0,official,principal
173,1,0,0.39226827025413513,probability_native,0.39226827025413513,u_a108c98f3f4a604a,0,0,official,principal
1986,0,0,0.09291732311248779,probability_native,0.09291732311248779,u_a108c98f3f4a604a,0,0,official,principal
1940,0,0,0.0786723718047142,probability_native,0.0786723718047142,u_a108c98f3f4a604a,0,0,official,principal
4839,1,1,0.7332114577293396,probability_native,0.7332114577293396,u_a108c98f3f4a604a,0,0,official,principal
4000,0,1,0.7871858477592468,probability_native,0.7871858477592468,u_a108c98f3f4a604a,0,0,official,principal
1527,0,0,0.017770182341337204,probability_native,0.017770182341337204,u_a108c98f3f4a604a,0,0,official,principal
5903,0,0,0.07211124897003174,probability_native,0.07211124897003174,u_a108c98f3f4a604a,0,0,official,principal
186,0,0,0.3607846796512604,probability_native,0.3607846796512604,u_a108c98f3f4a604a,0,0,official,principal
4964,1,1,0.5138012170791626,probability_native,0.5138012170791626,u_a108c98f3f4a604a,0,0,official,principal
4595,0,0,0.04502084106206894,probability_native,0.04502084106206894,u_a108c98f3f4a604a,0,0,official,principal
1562,0,0,0.26842477917671204,probability_native,0.26842477917671204,u_a108c98f3f4a604a,0,0,official,principal
4698,1,0,0.1252998560667038,probability_native,0.1252998560667038,u_a108c98f3f4a604a,0,0,official,principal
5040,0,0,0.3425622284412384,probability_native,0.3425622284412384,u_a108c98f3f4a604a,0,0,official,principal
3756,1,1,0.7305511236190796,probability_native,0.7305511236190796,u_a108c98f3f4a604a,0,0,official,principal
5870,1,0,0.3495936095714569,probability_native,0.3495936095714569,u_a108c98f3f4a604a,0,0,official,principal
5024,0,0,0.026727071031928062,probability_native,0.026727071031928062,u_a108c98f3f4a604a,0,0,official,principal
6629,0,0,0.04650181904435158,probability_native,0.04650181904435158,u_a108c98f3f4a604a,0,0,official,principal
6350,0,0,0.3600414991378784,probability_native,0.3600414991378784,u_a108c98f3f4a604a,0,0,official,principal
2501,0,0,0.03532032668590546,probability_native,0.03532032668590546,u_a108c98f3f4a604a,0,0,official,principal
2795,1,1,0.8354531526565552,probability_native,0.8354531526565552,u_a108c98f3f4a604a,0,0,official,principal
4334,0,1,0.5309560894966125,probability_native,0.5309560894966125,u_a108c98f3f4a604a,0,0,official,principal
5708,0,1,0.6446078419685364,probability_native,0.6446078419685364,u_a108c98f3f4a604a,0,0,official,principal
5702,1,0,0.24792411923408508,probability_native,0.24792411923408508,u_a108c98f3f4a604a,0,0,official,principal
3025,0,0,0.02494535781443119,probability_native,0.02494535781443119,u_a108c98f3f4a604a,0,0,official,principal
2756,1,1,0.5649038553237915,probability_native,0.5649038553237915,u_a108c98f3f4a604a,0,0,official,principal
241,0,0,0.13042515516281128,probability_native,0.13042515516281128,u_a108c98f3f4a604a,0,0,official,principal
117,1,1,0.7497936487197876,probability_native,0.7497936487197876,u_a108c98f3f4a604a,0,0,official,principal
3684,0,1,0.5040037631988525,probability_native,0.5040037631988525,u_a108c98f3f4a604a,0,0,official,principal
3685,0,0,0.1251591593027115,probability_native,0.1251591593027115,u_a108c98f3f4a604a,0,0,official,principal
1429,0,0,0.028859229758381844,probability_native,0.028859229758381844,u_a108c98f3f4a604a,0,0,official,principal
5330,1,1,0.6242057681083679,probability_native,0.6242057681083679,u_a108c98f3f4a604a,0,0,official,principal
252,1,1,0.6990628242492676,probability_native,0.6990628242492676,u_a108c98f3f4a604a,0,0,official,principal
4188,1,1,0.7017938494682312,probability_native,0.7017938494682312,u_a108c98f3f4a604a,0,0,official,principal
6961,1,0,0.49987438321113586,probability_native,0.49987438321113586,u_a108c98f3f4a604a,0,0,official,principal
2410,0,1,0.5025147795677185,probability_native,0.5025147795677185,u_a108c98f3f4a604a,0,0,official,principal
71,0,0,0.12234983593225479,probability_native,0.12234983593225479,u_a108c98f3f4a604a,0,0,official,principal
3917,1,1,0.8081068992614746,probability_native,0.8081068992614746,u_a108c98f3f4a604a,0,0,official,principal
6241,1,1,0.7333905100822449,probability_native,0.7333905100822449,u_a108c98f3f4a604a,0,0,official,principal
4335,0,1,0.7742282152175903,probability_native,0.7742282152175903,u_a108c98f3f4a604a,0,0,official,principal
5267,0,0,0.13072943687438965,probability_native,0.13072943687438965,u_a108c98f3f4a604a,0,0,official,principal
5947,1,0,0.039626073092222214,probability_native,0.039626073092222214,u_a108c98f3f4a604a,0,0,official,principal
1482,0,1,0.8417655825614929,probability_native,0.8417655825614929,u_a108c98f3f4a604a,0,0,official,principal
3222,0,1,0.5959720611572266,probability_native,0.5959720611572266,u_a108c98f3f4a604a,0,0,official,principal
6923,0,0,0.10460548102855682,probability_native,0.10460548102855682,u_a108c98f3f4a604a,0,0,official,principal
2587,0,0,0.04357724264264107,probability_native,0.04357724264264107,u_a108c98f3f4a604a,0,0,official,principal
5771,0,0,0.20061007142066956,probability_native,0.20061007142066956,u_a108c98f3f4a604a,0,0,official,principal
99,1,1,0.7313171029090881,probability_native,0.7313171029090881,u_a108c98f3f4a604a,0,0,official,principal
6464,0,0,0.30146127939224243,probability_native,0.30146127939224243,u_a108c98f3f4a604a,0,0,official,principal
1356,0,1,0.7678155899047852,probability_native,0.7678155899047852,u_a108c98f3f4a604a,0,0,official,principal
6989,0,0,0.13645443320274353,probability_native,0.13645443320274353,u_a108c98f3f4a604a,0,0,official,principal
2492,1,0,0.41655433177948,probability_native,0.41655433177948,u_a108c98f3f4a604a,0,0,official,principal
1981,1,1,0.5100426077842712,probability_native,0.5100426077842712,u_a108c98f3f4a604a,0,0,official,principal
3833,0,0,0.46239376068115234,probability_native,0.46239376068115234,u_a108c98f3f4a604a,0,0,official,principal
1138,0,0,0.3580862879753113,probability_native,0.3580862879753113,u_a108c98f3f4a604a,0,0,official,principal
2746,0,0,0.027217108756303787,probability_native,0.027217108756303787,u_a108c98f3f4a604a,0,0,official,principal
2336,1,1,0.5645255446434021,probability_native,0.5645255446434021,u_a108c98f3f4a604a,0,0,official,principal
6338,0,1,0.6295384168624878,probability_native,0.6295384168624878,u_a108c98f3f4a604a,0,0,official,principal
5171,0,0,0.3323177397251129,probability_native,0.3323177397251129,u_a108c98f3f4a604a,0,0,official,principal
2395,0,1,0.5418179035186768,probability_native,0.5418179035186768,u_a108c98f3f4a604a,0,0,official,principal
2738,0,0,0.0508856475353241,probability_native,0.0508856475353241,u_a108c98f3f4a604a,0,0,official,principal
1066,0,0,0.03906766697764397,probability_native,0.03906766697764397,u_a108c98f3f4a604a,0,0,official,principal
1342,0,0,0.08376157283782959,probability_native,0.08376157283782959,u_a108c98f3f4a604a,0,0,official,principal
4547,0,1,0.5205986499786377,probability_native,0.5205986499786377,u_a108c98f3f4a604a,0,0,official,principal
1666,0,0,0.08376157283782959,probability_native,0.08376157283782959,u_a108c98f3f4a604a,0,0,official,principal
2668,1,0,0.4156199097633362,probability_native,0.4156199097633362,u_a108c98f3f4a604a,0,0,official,principal
2119,0,0,0.07725034654140472,probability_native,0.07725034654140472,u_a108c98f3f4a604a,0,0,official,principal
534,1,1,0.8861162066459656,probability_native,0.8861162066459656,u_a108c98f3f4a604a,0,0,official,principal
2937,0,0,0.4076644778251648,probability_native,0.4076644778251648,u_a108c98f3f4a604a,0,0,official,principal
3352,1,1,0.8505064249038696,probability_native,0.8505064249038696,u_a108c98f3f4a604a,0,0,official,principal
561,0,0,0.49758651852607727,probability_native,0.49758651852607727,u_a108c98f3f4a604a,0,0,official,principal
1215,1,1,0.8056135177612305,probability_native,0.8056135177612305,u_a108c98f3f4a604a,0,0,official,principal
3144,0,0,0.2843540608882904,probability_native,0.2843540608882904,u_a108c98f3f4a604a,0,0,official,principal
4522,0,0,0.06369280815124512,probability_native,0.06369280815124512,u_a108c98f3f4a604a,0,0,official,principal
2692,0,0,0.44358083605766296,probability_native,0.44358083605766296,u_a108c98f3f4a604a,0,0,official,principal
5420,0,0,0.1281110942363739,probability_native,0.1281110942363739,u_a108c98f3f4a604a,0,0,official,principal
3639,0,0,0.42172831296920776,probability_native,0.42172831296920776,u_a108c98f3f4a604a,0,0,official,principal
243,0,0,0.34960007667541504,probability_native,0.34960007667541504,u_a108c98f3f4a604a,0,0,official,principal
1281,0,0,0.10992705076932907,probability_native,0.10992705076932907,u_a108c98f3f4a604a,0,0,official,principal
6243,0,0,0.03165383264422417,probability_native,0.03165383264422417,u_a108c98f3f4a604a,0,0,official,principal
4903,1,1,0.8509448766708374,probability_native,0.8509448766708374,u_a108c98f3f4a604a,0,0,official,principal
6591,1,1,0.7417688965797424,probability_native,0.7417688965797424,u_a108c98f3f4a604a,0,0,official,principal
3238,0,0,0.024755092337727547,probability_native,0.024755092337727547,u_a108c98f3f4a604a,0,0,official,principal
6095,0,0,0.3893352448940277,probability_native,0.3893352448940277,u_a108c98f3f4a604a,0,0,official,principal
646,1,1,0.7396979331970215,probability_native,0.7396979331970215,u_a108c98f3f4a604a,0,0,official,principal
6983,0,0,0.2630365788936615,probability_native,0.2630365788936615,u_a108c98f3f4a604a,0,0,official,principal
757,0,0,0.35993698239326477,probability_native,0.35993698239326477,u_a108c98f3f4a604a,0,0,official,principal
6737,0,0,0.24820849299430847,probability_native,0.24820849299430847,u_a108c98f3f4a604a,0,0,official,principal
242,0,0,0.11112931370735168,probability_native,0.11112931370735168,u_a108c98f3f4a604a,0,0,official,principal
3256,0,0,0.06227807700634003,probability_native,0.06227807700634003,u_a108c98f3f4a604a,0,0,official,principal
6925,0,0,0.07356438785791397,probability_native,0.07356438785791397,u_a108c98f3f4a604a,0,0,official,principal
1927,1,0,0.4750051498413086,probability_native,0.4750051498413086,u_a108c98f3f4a604a,0,0,official,principal
6001,0,1,0.7305511236190796,probability_native,0.7305511236190796,u_a108c98f3f4a604a,0,0,official,principal
4643,0,1,0.6503025889396667,probability_native,0.6503025889396667,u_a108c98f3f4a604a,0,0,official,principal
4110,0,0,0.038801297545433044,probability_native,0.038801297545433044,u_a108c98f3f4a604a,0,0,official,principal
611,1,0,0.1953860968351364,probability_native,0.1953860968351364,u_a108c98f3f4a604a,0,0,official,principal
4917,0,0,0.1592092514038086,probability_native,0.1592092514038086,u_a108c98f3f4a604a,0,0,official,principal
4937,0,0,0.11139059066772461,probability_native,0.11139059066772461,u_a108c98f3f4a604a,0,0,official,principal
2392,0,1,0.6271013617515564,probability_native,0.6271013617515564,u_a108c98f3f4a604a,0,0,official,principal
3378,0,0,0.02225821278989315,probability_native,0.02225821278989315,u_a108c98f3f4a604a,0,0,official,principal
345,0,1,0.8776386380195618,probability_native,0.8776386380195618,u_a108c98f3f4a604a,0,0,official,principal
3356,1,0,0.47669869661331177,probability_native,0.47669869661331177,u_a108c98f3f4a604a,0,0,official,principal
6508,1,1,0.7130895256996155,probability_native,0.7130895256996155,u_a108c98f3f4a604a,0,0,official,principal
1503,0,0,0.4483089745044708,probability_native,0.4483089745044708,u_a108c98f3f4a604a,0,0,official,principal
2611,1,1,0.8067873120307922,probability_native,0.8067873120307922,u_a108c98f3f4a604a,0,0,official,principal
6580,0,0,0.10348662734031677,probability_native,0.10348662734031677,u_a108c98f3f4a604a,0,0,official,principal
3093,0,0,0.08252286911010742,probability_native,0.08252286911010742,u_a108c98f3f4a604a,0,0,official,principal
3385,1,1,0.8699830770492554,probability_native,0.8699830770492554,u_a108c98f3f4a604a,0,0,official,principal
5428,1,1,0.7635949850082397,probability_native,0.7635949850082397,u_a108c98f3f4a604a,0,0,official,principal
5602,0,0,0.15424230694770813,probability_native,0.15424230694770813,u_a108c98f3f4a604a,0,0,official,principal
6439,0,0,0.43577319383621216,probability_native,0.43577319383621216,u_a108c98f3f4a604a,0,0,official,principal
167,0,0,0.032079584896564484,probability_native,0.032079584896564484,u_a108c98f3f4a604a,0,0,official,principal
2862,1,1,0.824643611907959,probability_native,0.824643611907959,u_a108c98f3f4a604a,0,0,official,principal
756,0,0,0.03477209806442261,probability_native,0.03477209806442261,u_a108c98f3f4a604a,0,0,official,principal
4005,1,1,0.6546639204025269,probability_native,0.6546639204025269,u_a108c98f3f4a604a,0,0,official,principal
2316,0,0,0.30216139554977417,probability_native,0.30216139554977417,u_a108c98f3f4a604a,0,0,official,principal
5296,0,0,0.08540303260087967,probability_native,0.08540303260087967,u_a108c98f3f4a604a,0,0,official,principal
2863,0,1,0.6846556067466736,probability_native,0.6846556067466736,u_a108c98f3f4a604a,0,0,official,principal
2461,0,0,0.060609906911849976,probability_native,0.060609906911849976,u_a108c98f3f4a604a,0,0,official,principal
705,1,0,0.31977537274360657,probability_native,0.31977537274360657,u_a108c98f3f4a604a,0,0,official,principal
1229,0,0,0.04502816125750542,probability_native,0.04502816125750542,u_a108c98f3f4a604a,0,0,official,principal
2689,0,0,0.08165029436349869,probability_native,0.08165029436349869,u_a108c98f3f4a604a,0,0,official,principal
6895,0,0,0.042573362588882446,probability_native,0.042573362588882446,u_a108c98f3f4a604a,0,0,official,principal
6461,0,0,0.46747025847435,probability_native,0.46747025847435,u_a108c98f3f4a604a,0,0,official,principal
5099,1,0,0.1317194253206253,probability_native,0.1317194253206253,u_a108c98f3f4a604a,0,0,official,principal
4712,0,0,0.3511178195476532,probability_native,0.3511178195476532,u_a108c98f3f4a604a,0,0,official,principal
274,1,1,0.757880687713623,probability_native,0.757880687713623,u_a108c98f3f4a604a,0,0,official,principal
5368,1,1,0.822562038898468,probability_native,0.822562038898468,u_a108c98f3f4a604a,0,0,official,principal
1223,1,1,0.8559367656707764,probability_native,0.8559367656707764,u_a108c98f3f4a604a,0,0,official,principal
3444,0,0,0.092376708984375,probability_native,0.092376708984375,u_a108c98f3f4a604a,0,0,official,principal
6163,0,1,0.7805467247962952,probability_native,0.7805467247962952,u_a108c98f3f4a604a,0,0,official,principal
1742,1,1,0.7710838317871094,probability_native,0.7710838317871094,u_a108c98f3f4a604a,0,0,official,principal
5750,1,1,0.775800347328186,probability_native,0.775800347328186,u_a108c98f3f4a604a,0,0,official,principal
4435,0,1,0.5929336547851562,probability_native,0.5929336547851562,u_a108c98f3f4a604a,0,0,official,principal
6046,0,1,0.7521305084228516,probability_native,0.7521305084228516,u_a108c98f3f4a604a,0,0,official,principal
5088,0,0,0.02151375263929367,probability_native,0.02151375263929367,u_a108c98f3f4a604a,0,0,official,principal
5416,0,0,0.41963905096054077,probability_native,0.41963905096054077,u_a108c98f3f4a604a,0,0,official,principal
459,0,1,0.8776386380195618,probability_native,0.8776386380195618,u_a108c98f3f4a604a,0,0,official,principal
6295,0,0,0.02433616667985916,probability_native,0.02433616667985916,u_a108c98f3f4a604a,0,0,official,principal
2941,0,0,0.055995840579271317,probability_native,0.055995840579271317,u_a108c98f3f4a604a,0,0,official,principal
2284,0,0,0.39211374521255493,probability_native,0.39211374521255493,u_a108c98f3f4a604a,0,0,official,principal
3608,1,1,0.558702826499939,probability_native,0.558702826499939,u_a108c98f3f4a604a,0,0,official,principal
6742,0,0,0.06801052391529083,probability_native,0.06801052391529083,u_a108c98f3f4a604a,0,0,official,principal
2628,0,1,0.6145011186599731,probability_native,0.6145011186599731,u_a108c98f3f4a604a,0,0,official,principal
2713,0,1,0.6295384168624878,probability_native,0.6295384168624878,u_a108c98f3f4a604a,0,0,official,principal
1800,0,1,0.7396979331970215,probability_native,0.7396979331970215,u_a108c98f3f4a604a,0,0,official,principal
2469,0,0,0.07101023942232132,probability_native,0.07101023942232132,u_a108c98f3f4a604a,0,0,official,principal
3321,0,0,0.03386637941002846,probability_native,0.03386637941002846,u_a108c98f3f4a604a,0,0,official,principal
823,0,1,0.5048493146896362,probability_native,0.5048493146896362,u_a108c98f3f4a604a,0,0,official,principal
952,0,0,0.16344259679317474,probability_native,0.16344259679317474,u_a108c98f3f4a604a,0,0,official,principal
1198,0,0,0.051400039345026016,probability_native,0.051400039345026016,u_a108c98f3f4a604a,0,0,official,principal
3758,0,1,0.5973479747772217,probability_native,0.5973479747772217,u_a108c98f3f4a604a,0,0,official,principal
1361,1,1,0.7683913707733154,probability_native,0.7683913707733154,u_a108c98f3f4a604a,0,0,official,principal
2575,0,0,0.13473059237003326,probability_native,0.13473059237003326,u_a108c98f3f4a604a,0,0,official,principal
81,0,0,0.33306893706321716,probability_native,0.33306893706321716,u_a108c98f3f4a604a,0,0,official,principal
56,0,0,0.24859574437141418,probability_native,0.24859574437141418,u_a108c98f3f4a604a,0,0,official,principal
5461,0,0,0.056423258036375046,probability_native,0.056423258036375046,u_a108c98f3f4a604a,0,0,official,principal
3116,0,0,0.20299728214740753,probability_native,0.20299728214740753,u_a108c98f3f4a604a,0,0,official,principal
4767,0,0,0.23172463476657867,probability_native,0.23172463476657867,u_a108c98f3f4a604a,0,0,official,principal
114,0,0,0.09449094533920288,probability_native,0.09449094533920288,u_a108c98f3f4a604a,0,0,official,principal
5005,1,0,0.21760351955890656,probability_native,0.21760351955890656,u_a108c98f3f4a604a,0,0,official,principal
5591,1,1,0.8553121089935303,probability_native,0.8553121089935303,u_a108c98f3f4a604a,0,0,official,principal
1786,1,0,0.3381115794181824,probability_native,0.3381115794181824,u_a108c98f3f4a604a,0,0,official,principal
836,0,0,0.05795229598879814,probability_native,0.05795229598879814,u_a108c98f3f4a604a,0,0,official,principal
2273,0,0,0.06369280815124512,probability_native,0.06369280815124512,u_a108c98f3f4a604a,0,0,official,principal
2114,0,0,0.18140755593776703,probability_native,0.18140755593776703,u_a108c98f3f4a604a,0,0,official,principal
395,0,0,0.062189292162656784,probability_native,0.062189292162656784,u_a108c98f3f4a604a,0,0,official,principal
6758,0,0,0.19695815443992615,probability_native,0.19695815443992615,u_a108c98f3f4a604a,0,0,official,principal
6700,0,0,0.17415446043014526,probability_native,0.17415446043014526,u_a108c98f3f4a604a,0,0,official,principal
1413,0,0,0.028705216944217682,probability_native,0.028705216944217682,u_a108c98f3f4a604a,0,0,official,principal
5685,0,0,0.04532454162836075,probability_native,0.04532454162836075,u_a108c98f3f4a604a,0,0,official,principal
3858,0,0,0.14832526445388794,probability_native,0.14832526445388794,u_a108c98f3f4a604a,0,0,official,principal
6129,0,0,0.4687168598175049,probability_native,0.4687168598175049,u_a108c98f3f4a604a,0,0,official,principal
4968,0,0,0.14184701442718506,probability_native,0.14184701442718506,u_a108c98f3f4a604a,0,0,official,principal
5550,0,0,0.0778994932770729,probability_native,0.0778994932770729,u_a108c98f3f4a604a,0,0,official,principal
4262,1,1,0.5129069089889526,probability_native,0.5129069089889526,u_a108c98f3f4a604a,0,0,official,principal
4641,0,1,0.6744258999824524,probability_native,0.6744258999824524,u_a108c98f3f4a604a,0,0,official,principal
4944,0,0,0.26691702008247375,probability_native,0.26691702008247375,u_a108c98f3f4a604a,0,0,official,principal
6897,0,0,0.3448585867881775,probability_native,0.3448585867881775,u_a108c98f3f4a604a,0,0,official,principal
5292,0,0,0.08727174997329712,probability_native,0.08727174997329712,u_a108c98f3f4a604a,0,0,official,principal
4590,0,0,0.07457158714532852,probability_native,0.07457158714532852,u_a108c98f3f4a604a,0,0,official,principal
1425,0,1,0.5262973308563232,probability_native,0.5262973308563232,u_a108c98f3f4a604a,0,0,official,principal
6442,0,0,0.053494423627853394,probability_native,0.053494423627853394,u_a108c98f3f4a604a,0,0,official,principal
86,0,0,0.1614091396331787,probability_native,0.1614091396331787,u_a108c98f3f4a604a,0,0,official,principal
6807,0,0,0.07325025647878647,probability_native,0.07325025647878647,u_a108c98f3f4a604a,0,0,official,principal
639,1,1,0.8558152914047241,probability_native,0.8558152914047241,u_a108c98f3f4a604a,0,0,official,principal
6020,0,0,0.08097416907548904,probability_native,0.08097416907548904,u_a108c98f3f4a604a,0,0,official,principal
1300,0,0,0.1577351689338684,probability_native,0.1577351689338684,u_a108c98f3f4a604a,0,0,official,principal
2661,0,0,0.033896658569574356,probability_native,0.033896658569574356,u_a108c98f3f4a604a,0,0,official,principal
5658,0,1,0.7790241837501526,probability_native,0.7790241837501526,u_a108c98f3f4a604a,0,0,official,principal
3407,0,0,0.043625231832265854,probability_native,0.043625231832265854,u_a108c98f3f4a604a,0,0,official,principal
4002,0,0,0.014865345321595669,probability_native,0.014865345321595669,u_a108c98f3f4a604a,0,0,official,principal
3066,0,1,0.7416664361953735,probability_native,0.7416664361953735,u_a108c98f3f4a604a,0,0,official,principal
2893,1,0,0.3036274313926697,probability_native,0.3036274313926697,u_a108c98f3f4a604a,0,0,official,principal
4649,0,0,0.08766097575426102,probability_native,0.08766097575426102,u_a108c98f3f4a604a,0,0,official,principal
5932,1,1,0.8546649813652039,probability_native,0.8546649813652039,u_a108c98f3f4a604a,0,0,official,principal
2061,1,0,0.4738290011882782,probability_native,0.4738290011882782,u_a108c98f3f4a604a,0,0,official,principal
5739,0,0,0.13195009529590607,probability_native,0.13195009529590607,u_a108c98f3f4a604a,0,0,official,principal
5945,0,0,0.24257130920886993,probability_native,0.24257130920886993,u_a108c98f3f4a604a,0,0,official,principal
547,0,0,0.3404596447944641,probability_native,0.3404596447944641,u_a108c98f3f4a604a,0,0,official,principal
4966,0,0,0.24141529202461243,probability_native,0.24141529202461243,u_a108c98f3f4a604a,0,0,official,principal
5901,1,1,0.5245671272277832,probability_native,0.5245671272277832,u_a108c98f3f4a604a,0,0,official,principal
88,0,0,0.03257859870791435,probability_native,0.03257859870791435,u_a108c98f3f4a604a,0,0,official,principal
4451,0,1,0.6407356858253479,probability_native,0.6407356858253479,u_a108c98f3f4a604a,0,0,official,principal
5441,1,0,0.029615556821227074,probability_native,0.029615556821227074,u_a108c98f3f4a604a,0,0,official,principal
3502,0,0,0.32677048444747925,probability_native,0.32677048444747925,u_a108c98f3f4a604a,0,0,official,principal
6936,1,1,0.7854322195053101,probability_native,0.7854322195053101,u_a108c98f3f4a604a,0,0,official,principal
1268,1,0,0.43376636505126953,probability_native,0.43376636505126953,u_a108c98f3f4a604a,0,0,official,principal
1211,1,0,0.4781617224216461,probability_native,0.4781617224216461,u_a108c98f3f4a604a,0,0,official,principal
549,0,0,0.16184337437152863,probability_native,0.16184337437152863,u_a108c98f3f4a604a,0,0,official,principal
5251,1,1,0.7558773756027222,probability_native,0.7558773756027222,u_a108c98f3f4a604a,0,0,official,principal
67,0,0,0.07015621662139893,probability_native,0.07015621662139893,u_a108c98f3f4a604a,0,0,official,principal
3275,0,0,0.04163138195872307,probability_native,0.04163138195872307,u_a108c98f3f4a604a,0,0,official,principal
897,0,0,0.4159570634365082,probability_native,0.4159570634365082,u_a108c98f3f4a604a,0,0,official,principal
50,0,1,0.7011743783950806,probability_native,0.7011743783950806,u_a108c98f3f4a604a,0,0,official,principal
2171,0,1,0.6557287573814392,probability_native,0.6557287573814392,u_a108c98f3f4a604a,0,0,official,principal
3660,0,0,0.28591886162757874,probability_native,0.28591886162757874,u_a108c98f3f4a604a,0,0,official,principal
5604,0,1,0.7462520599365234,probability_native,0.7462520599365234,u_a108c98f3f4a604a,0,0,official,principal
6405,0,0,0.32175391912460327,probability_native,0.32175391912460327,u_a108c98f3f4a604a,0,0,official,principal
1293,0,0,0.1944320648908615,probability_native,0.1944320648908615,u_a108c98f3f4a604a,0,0,official,principal
5546,0,0,0.3320111036300659,probability_native,0.3320111036300659,u_a108c98f3f4a604a,0,0,official,principal
4204,0,1,0.8266769647598267,probability_native,0.8266769647598267,u_a108c98f3f4a604a,0,0,official,principal
3262,1,1,0.5066920518875122,probability_native,0.5066920518875122,u_a108c98f3f4a604a,0,0,official,principal
1055,0,0,0.07101023942232132,probability_native,0.07101023942232132,u_a108c98f3f4a604a,0,0,official,principal
467,0,0,0.28943338990211487,probability_native,0.28943338990211487,u_a108c98f3f4a604a,0,0,official,principal
1390,0,0,0.016096802428364754,probability_native,0.016096802428364754,u_a108c98f3f4a604a,0,0,official,principal
3612,0,1,0.7789141535758972,probability_native,0.7789141535758972,u_a108c98f3f4a604a,0,0,official,principal
4558,1,1,0.7397369146347046,probability_native,0.7397369146347046,u_a108c98f3f4a604a,0,0,official,principal
4086,0,0,0.01482552569359541,probability_native,0.01482552569359541,u_a108c98f3f4a604a,0,0,official,principal
3819,0,0,0.1486327201128006,probability_native,0.1486327201128006,u_a108c98f3f4a604a,0,0,official,principal
4493,0,0,0.032249342650175095,probability_native,0.032249342650175095,u_a108c98f3f4a604a,0,0,official,principal
2135,0,0,0.46284958720207214,probability_native,0.46284958720207214,u_a108c98f3f4a604a,0,0,official,principal
166,1,1,0.7628759145736694,probability_native,0.7628759145736694,u_a108c98f3f4a604a,0,0,official,principal
6087,0,0,0.1457211673259735,probability_native,0.1457211673259735,u_a108c98f3f4a604a,0,0,official,principal
3295,0,0,0.00996466539800167,probability_native,0.00996466539800167,u_a108c98f3f4a604a,0,0,official,principal
998,0,0,0.02632478065788746,probability_native,0.02632478065788746,u_a108c98f3f4a604a,0,0,official,principal
2374,0,0,0.37733200192451477,probability_native,0.37733200192451477,u_a108c98f3f4a604a,0,0,official,principal
5688,0,0,0.03547671064734459,probability_native,0.03547671064734459,u_a108c98f3f4a604a,0,0,official,principal
6916,0,0,0.024725059047341347,probability_native,0.024725059047341347,u_a108c98f3f4a604a,0,0,official,principal
5518,1,0,0.47653448581695557,probability_native,0.47653448581695557,u_a108c98f3f4a604a,0,0,official,principal
5742,0,0,0.09044971317052841,probability_native,0.09044971317052841,u_a108c98f3f4a604a,0,0,official,principal
614,0,0,0.07412391155958176,probability_native,0.07412391155958176,u_a108c98f3f4a604a,0,0,official,principal
515,1,0,0.4542641043663025,probability_native,0.4542641043663025,u_a108c98f3f4a604a,0,0,official,principal
4312,0,0,0.04471863433718681,probability_native,0.04471863433718681,u_a108c98f3f4a604a,0,0,official,principal
1758,0,0,0.03276679292321205,probability_native,0.03276679292321205,u_a108c98f3f4a604a,0,0,official,principal
3416,0,0,0.3693195581436157,probability_native,0.3693195581436157,u_a108c98f3f4a604a,0,0,official,principal
6413,1,1,0.5238915681838989,probability_native,0.5238915681838989,u_a108c98f3f4a604a,0,0,official,principal
6722,0,0,0.30971667170524597,probability_native,0.30971667170524597,u_a108c98f3f4a604a,0,0,official,principal
171,1,1,0.8197531700134277,probability_native,0.8197531700134277,u_a108c98f3f4a604a,0,0,official,principal
2483,1,0,0.4644586443901062,probability_native,0.4644586443901062,u_a108c98f3f4a604a,0,0,official,principal
2555,0,1,0.5643910765647888,probability_native,0.5643910765647888,u_a108c98f3f4a604a,0,0,official,principal
1507,0,0,0.03461248055100441,probability_native,0.03461248055100441,u_a108c98f3f4a604a,0,0,official,principal
5447,0,1,0.5778515338897705,probability_native,0.5778515338897705,u_a108c98f3f4a604a,0,0,official,principal
5920,0,1,0.7132450938224792,probability_native,0.7132450938224792,u_a108c98f3f4a604a,0,0,official,principal
5340,0,0,0.13329698145389557,probability_native,0.13329698145389557,u_a108c98f3f4a604a,0,0,official,principal
1570,0,0,0.027217108756303787,probability_native,0.027217108756303787,u_a108c98f3f4a604a,0,0,official,principal
5320,0,0,0.01780352182686329,probability_native,0.01780352182686329,u_a108c98f3f4a604a,0,0,official,principal
6080,1,1,0.5992239713668823,probability_native,0.5992239713668823,u_a108c98f3f4a604a,0,0,official,principal
6949,0,0,0.11156164109706879,probability_native,0.11156164109706879,u_a108c98f3f4a604a,0,0,official,principal
3049,1,0,0.39613077044487,probability_native,0.39613077044487,u_a108c98f3f4a604a,0,0,official,principal
5265,0,0,0.30239054560661316,probability_native,0.30239054560661316,u_a108c98f3f4a604a,0,0,official,principal
2769,1,0,0.1592092514038086,probability_native,0.1592092514038086,u_a108c98f3f4a604a,0,0,official,principal
1161,1,1,0.6207404136657715,probability_native,0.6207404136657715,u_a108c98f3f4a604a,0,0,official,principal
359,0,0,0.29294735193252563,probability_native,0.29294735193252563,u_a108c98f3f4a604a,0,0,official,principal
6198,0,0,0.029258769005537033,probability_native,0.029258769005537033,u_a108c98f3f4a604a,0,0,official,principal
4336,0,0,0.09047097712755203,probability_native,0.09047097712755203,u_a108c98f3f4a604a,0,0,official,principal
518,1,0,0.3411111831665039,probability_native,0.3411111831665039,u_a108c98f3f4a604a,0,0,official,principal
2570,1,1,0.6262118816375732,probability_native,0.6262118816375732,u_a108c98f3f4a604a,0,0,official,principal
4657,0,0,0.31938275694847107,probability_native,0.31938275694847107,u_a108c98f3f4a604a,0,0,official,principal
3264,0,1,0.6816238760948181,probability_native,0.6816238760948181,u_a108c98f3f4a604a,0,0,official,principal
4611,0,0,0.032961439341306686,probability_native,0.032961439341306686,u_a108c98f3f4a604a,0,0,official,principal
3529,0,1,0.8301138281822205,probability_native,0.8301138281822205,u_a108c98f3f4a604a,0,0,official,principal
482,0,1,0.7742282152175903,probability_native,0.7742282152175903,u_a108c98f3f4a604a,0,0,official,principal
3941,0,0,0.2932628095149994,probability_native,0.2932628095149994,u_a108c98f3f4a604a,0,0,official,principal
5299,1,1,0.5494105815887451,probability_native,0.5494105815887451,u_a108c98f3f4a604a,0,0,official,principal
2965,1,0,0.3725767135620117,probability_native,0.3725767135620117,u_a108c98f3f4a604a,0,0,official,principal
5835,0,0,0.027217108756303787,probability_native,0.027217108756303787,u_a108c98f3f4a604a,0,0,official,principal
2879,1,1,0.7479650974273682,probability_native,0.7479650974273682,u_a108c98f3f4a604a,0,0,official,principal
2335,0,1,0.514662504196167,probability_native,0.514662504196167,u_a108c98f3f4a604a,0,0,official,principal
2363,0,1,0.7918092608451843,probability_native,0.7918092608451843,u_a108c98f3f4a604a,0,0,official,principal
2129,1,1,0.8776386380195618,probability_native,0.8776386380195618,u_a108c98f3f4a604a,0,0,official,principal
3591,1,1,0.5898651480674744,probability_native,0.5898651480674744,u_a108c98f3f4a604a,0,0,official,principal
1652,0,0,0.21608595550060272,probability_native,0.21608595550060272,u_a108c98f3f4a604a,0,0,official,principal
4258,1,0,0.26755666732788086,probability_native,0.26755666732788086,u_a108c98f3f4a604a,0,0,official,principal
1753,0,0,0.028621146455407143,probability_native,0.028621146455407143,u_a108c98f3f4a604a,0,0,official,principal
6387,0,0,0.24050581455230713,probability_native,0.24050581455230713,u_a108c98f3f4a604a,0,0,official,principal
3695,0,1,0.6912856698036194,probability_native,0.6912856698036194,u_a108c98f3f4a604a,0,0,official,principal
322,0,1,0.7918092608451843,probability_native,0.7918092608451843,u_a108c98f3f4a604a,0,0,official,principal
6562,1,1,0.8465684652328491,probability_native,0.8465684652328491,u_a108c98f3f4a604a,0,0,official,principal
758,1,1,0.5087754726409912,probability_native,0.5087754726409912,u_a108c98f3f4a604a,0,0,official,principal
4318,0,0,0.20788510143756866,probability_native,0.20788510143756866,u_a108c98f3f4a604a,0,0,official,principal
6027,0,0,0.02889881283044815,probability_native,0.02889881283044815,u_a108c98f3f4a604a,0,0,official,principal
6652,0,0,0.04623293876647949,probability_native,0.04623293876647949,u_a108c98f3f4a604a,0,0,official,principal
1687,0,0,0.08857928216457367,probability_native,0.08857928216457367,u_a108c98f3f4a604a,0,0,official,principal
5780,0,0,0.04347919672727585,probability_native,0.04347919672727585,u_a108c98f3f4a604a,0,0,official,principal
3680,1,0,0.4212668836116791,probability_native,0.4212668836116791,u_a108c98f3f4a604a,0,0,official,principal
3203,0,0,0.02162846177816391,probability_native,0.02162846177816391,u_a108c98f3f4a604a,0,0,official,principal
6709,0,0,0.40021267533302307,probability_native,0.40021267533302307,u_a108c98f3f4a604a,0,0,official,principal
225,0,0,0.22354751825332642,probability_native,0.22354751825332642,u_a108c98f3f4a604a,0,0,official,principal
6550,1,1,0.7627317309379578,probability_native,0.7627317309379578,u_a108c98f3f4a604a,0,0,official,principal
5978,0,0,0.23051926493644714,probability_native,0.23051926493644714,u_a108c98f3f4a604a,0,0,official,principal
92,0,0,0.055109716951847076,probability_native,0.055109716951847076,u_a108c98f3f4a604a,0,0,official,principal
281,0,0,0.4475765526294708,probability_native,0.4475765526294708,u_a108c98f3f4a604a,0,0,official,principal
6558,1,0,0.16184337437152863,probability_native,0.16184337437152863,u_a108c98f3f4a604a,0,0,official,principal
4652,0,0,0.10075817257165909,probability_native,0.10075817257165909,u_a108c98f3f4a604a,0,0,official,principal
5833,0,0,0.3300175666809082,probability_native,0.3300175666809082,u_a108c98f3f4a604a,0,0,official,principal
5280,0,0,0.2879268527030945,probability_native,0.2879268527030945,u_a108c98f3f4a604a,0,0,official,principal
5203,0,0,0.49182382225990295,probability_native,0.49182382225990295,u_a108c98f3f4a604a,0,0,official,principal
5252,0,0,0.4903273284435272,probability_native,0.4903273284435272,u_a108c98f3f4a604a,0,0,official,principal
5137,0,1,0.5088876485824585,probability_native,0.5088876485824585,u_a108c98f3f4a604a,0,0,official,principal
7039,0,0,0.21433304250240326,probability_native,0.21433304250240326,u_a108c98f3f4a604a,0,0,official,principal
5986,0,1,0.6999231576919556,probability_native,0.6999231576919556,u_a108c98f3f4a604a,0,0,official,principal
1761,0,0,0.047900814563035965,probability_native,0.047900814563035965,u_a108c98f3f4a604a,0,0,official,principal
351,0,0,0.11010004580020905,probability_native,0.11010004580020905,u_a108c98f3f4a604a,0,0,official,principal
3296,0,0,0.32358309626579285,probability_native,0.32358309626579285,u_a108c98f3f4a604a,0,0,official,principal
2364,0,1,0.799681544303894,probability_native,0.799681544303894,u_a108c98f3f4a604a,0,0,official,principal
3192,0,0,0.04763026908040047,probability_native,0.04763026908040047,u_a108c98f3f4a604a,0,0,official,principal
5151,0,0,0.35028713941574097,probability_native,0.35028713941574097,u_a108c98f3f4a604a,0,0,official,principal
3847,0,0,0.2747752368450165,probability_native,0.2747752368450165,u_a108c98f3f4a604a,0,0,official,principal
1690,0,0,0.2761911451816559,probability_native,0.2761911451816559,u_a108c98f3f4a604a,0,0,official,principal
1234,0,0,0.22112104296684265,probability_native,0.22112104296684265,u_a108c98f3f4a604a,0,0,official,principal
2053,1,0,0.4937137961387634,probability_native,0.4937137961387634,u_a108c98f3f4a604a,0,0,official,principal
5620,0,0,0.17415446043014526,probability_native,0.17415446043014526,u_a108c98f3f4a604a,0,0,official,principal
5811,0,0,0.09573830664157867,probability_native,0.09573830664157867,u_a108c98f3f4a604a,0,0,official,principal
366,0,0,0.33128857612609863,probability_native,0.33128857612609863,u_a108c98f3f4a604a,0,0,official,principal
2452,1,1,0.6024911999702454,probability_native,0.6024911999702454,u_a108c98f3f4a604a,0,0,official,principal
3548,0,0,0.09406262636184692,probability_native,0.09406262636184692,u_a108c98f3f4a604a,0,0,official,principal
3801,1,1,0.6613270044326782,probability_native,0.6613270044326782,u_a108c98f3f4a604a,0,0,official,principal
3344,1,1,0.751231849193573,probability_native,0.751231849193573,u_a108c98f3f4a604a,0,0,official,principal
2834,0,0,0.04932776093482971,probability_native,0.04932776093482971,u_a108c98f3f4a604a,0,0,official,principal
1998,1,1,0.6712249517440796,probability_native,0.6712249517440796,u_a108c98f3f4a604a,0,0,official,principal
1608,0,0,0.12322505563497543,probability_native,0.12322505563497543,u_a108c98f3f4a604a,0,0,official,principal
3533,0,0,0.1602189540863037,probability_native,0.1602189540863037,u_a108c98f3f4a604a,0,0,official,principal
5200,0,0,0.4630345404148102,probability_native,0.4630345404148102,u_a108c98f3f4a604a,0,0,official,principal
970,1,1,0.8299302458763123,probability_native,0.8299302458763123,u_a108c98f3f4a604a,0,0,official,principal
4286,0,1,0.758703351020813,probability_native,0.758703351020813,u_a108c98f3f4a604a,0,0,official,principal
5898,0,0,0.05371114984154701,probability_native,0.05371114984154701,u_a108c98f3f4a604a,0,0,official,principal
1629,0,0,0.050209518522024155,probability_native,0.050209518522024155,u_a108c98f3f4a604a,0,0,official,principal
5021,0,0,0.10757903754711151,probability_native,0.10757903754711151,u_a108c98f3f4a604a,0,0,official,principal
5636,1,1,0.5098112225532532,probability_native,0.5098112225532532,u_a108c98f3f4a604a,0,0,official,principal
1432,0,0,0.14750851690769196,probability_native,0.14750851690769196,u_a108c98f3f4a604a,0,0,official,principal
4211,1,1,0.62018221616745,probability_native,0.62018221616745,u_a108c98f3f4a604a,0,0,official,principal
1780,1,0,0.0523122102022171,probability_native,0.0523122102022171,u_a108c98f3f4a604a,0,0,official,principal
5575,0,0,0.05698367580771446,probability_native,0.05698367580771446,u_a108c98f3f4a604a,0,0,official,principal
62,0,0,0.02251947484910488,probability_native,0.02251947484910488,u_a108c98f3f4a604a,0,0,official,principal
1031,0,0,0.2552472651004791,probability_native,0.2552472651004791,u_a108c98f3f4a604a,0,0,official,principal
3439,1,0,0.2463516891002655,probability_native,0.2463516891002655,u_a108c98f3f4a604a,0,0,official,principal
3902,0,1,0.5992239713668823,probability_native,0.5992239713668823,u_a108c98f3f4a604a,0,0,official,principal
6212,0,0,0.3246103823184967,probability_native,0.3246103823184967,u_a108c98f3f4a604a,0,0,official,principal
65,0,1,0.6559494137763977,probability_native,0.6559494137763977,u_a108c98f3f4a604a,0,0,official,principal
2459,0,0,0.3373647928237915,probability_native,0.3373647928237915,u_a108c98f3f4a604a,0,0,official,principal
6233,0,0,0.364452600479126,probability_native,0.364452600479126,u_a108c98f3f4a604a,0,0,official,principal
4875,1,0,0.35331642627716064,probability_native,0.35331642627716064,u_a108c98f3f4a604a,0,0,official,principal
3415,1,0,0.40955543518066406,probability_native,0.40955543518066406,u_a108c98f3f4a604a,0,0,official,principal
5796,0,0,0.05055169016122818,probability_native,0.05055169016122818,u_a108c98f3f4a604a,0,0,official,principal
3725,1,1,0.8097747564315796,probability_native,0.8097747564315796,u_a108c98f3f4a604a,0,0,official,principal
521,0,1,0.5315166115760803,probability_native,0.5315166115760803,u_a108c98f3f4a604a,0,0,official,principal
3648,0,0,0.4792647361755371,probability_native,0.4792647361755371,u_a108c98f3f4a604a,0,0,official,principal
6757,1,0,0.12069644778966904,probability_native,0.12069644778966904,u_a108c98f3f4a604a,0,0,official,principal
340,0,0,0.17659473419189453,probability_native,0.17659473419189453,u_a108c98f3f4a604a,0,0,official,principal
4899,1,1,0.6074015498161316,probability_native,0.6074015498161316,u_a108c98f3f4a604a,0,0,official,principal
4383,0,0,0.07834959775209427,probability_native,0.07834959775209427,u_a108c98f3f4a604a,0,0,official,principal
3796,1,1,0.6068041324615479,probability_native,0.6068041324615479,u_a108c98f3f4a604a,0,0,official,principal
4021,1,1,0.5422606468200684,probability_native,0.5422606468200684,u_a108c98f3f4a604a,0,0,official,principal
434,0,0,0.10086248815059662,probability_native,0.10086248815059662,u_a108c98f3f4a604a,0,0,official,principal
4625,0,1,0.7628759145736694,probability_native,0.7628759145736694,u_a108c98f3f4a604a,0,0,official,principal
4800,1,1,0.8888779878616333,probability_native,0.8888779878616333,u_a108c98f3f4a604a,0,0,official,principal
98,0,0,0.03822552412748337,probability_native,0.03822552412748337,u_a108c98f3f4a604a,0,0,official,principal
4410,0,1,0.6254307627677917,probability_native,0.6254307627677917,u_a108c98f3f4a604a,0,0,official,principal
6381,0,0,0.4156199097633362,probability_native,0.4156199097633362,u_a108c98f3f4a604a,0,0,official,principal
1291,1,1,0.6209442019462585,probability_native,0.6209442019462585,u_a108c98f3f4a604a,0,0,official,principal
526,0,0,0.05913418531417847,probability_native,0.05913418531417847,u_a108c98f3f4a604a,0,0,official,principal
5101,0,0,0.4250538945198059,probability_native,0.4250538945198059,u_a108c98f3f4a604a,0,0,official,principal
822,0,1,0.5978314280509949,probability_native,0.5978314280509949,u_a108c98f3f4a604a,0,0,official,principal
2788,0,0,0.06553324311971664,probability_native,0.06553324311971664,u_a108c98f3f4a604a,0,0,official,principal
3641,0,0,0.09465344995260239,probability_native,0.09465344995260239,u_a108c98f3f4a604a,0,0,official,principal
5732,0,1,0.6494253873825073,probability_native,0.6494253873825073,u_a108c98f3f4a604a,0,0,official,principal
4809,0,1,0.622384786605835,probability_native,0.622384786605835,u_a108c98f3f4a604a,0,0,official,principal
712,0,0,0.04664472118020058,probability_native,0.04664472118020058,u_a108c98f3f4a604a,0,0,official,principal
6854,0,0,0.37733200192451477,probability_native,0.37733200192451477,u_a108c98f3f4a604a,0,0,official,principal
2567,1,1,0.669884979724884,probability_native,0.669884979724884,u_a108c98f3f4a604a,0,0,official,principal
5341,1,1,0.8324393630027771,probability_native,0.8324393630027771,u_a108c98f3f4a604a,0,0,official,principal
3424,1,1,0.8429168462753296,probability_native,0.8429168462753296,u_a108c98f3f4a604a,0,0,official,principal
2468,1,1,0.6842897534370422,probability_native,0.6842897534370422,u_a108c98f3f4a604a,0,0,official,principal
5970,0,1,0.7814728617668152,probability_native,0.7814728617668152,u_a108c98f3f4a604a,0,0,official,principal
692,0,0,0.04063751921057701,probability_native,0.04063751921057701,u_a108c98f3f4a604a,0,0,official,principal
5857,1,1,0.6239541172981262,probability_native,0.6239541172981262,u_a108c98f3f4a604a,0,0,official,principal
4109,1,1,0.7349953055381775,probability_native,0.7349953055381775,u_a108c98f3f4a604a,0,0,official,principal
1074,0,1,0.5649038553237915,probability_native,0.5649038553237915,u_a108c98f3f4a604a,0,0,official,principal
4229,0,0,0.08165029436349869,probability_native,0.08165029436349869,u_a108c98f3f4a604a,0,0,official,principal
5475,1,0,0.23347808420658112,probability_native,0.23347808420658112,u_a108c98f3f4a604a,0,0,official,principal
2226,0,0,0.02922341227531433,probability_native,0.02922341227531433,u_a108c98f3f4a604a,0,0,official,principal
4358,0,0,0.4030969440937042,probability_native,0.4030969440937042,u_a108c98f3f4a604a,0,0,official,principal
475,1,1,0.6618131995201111,probability_native,0.6618131995201111,u_a108c98f3f4a604a,0,0,official,principal
7013,0,1,0.5406591296195984,probability_native,0.5406591296195984,u_a108c98f3f4a604a,0,0,official,principal
6037,0,0,0.48444652557373047,probability_native,0.48444652557373047,u_a108c98f3f4a604a,0,0,official,principal
2478,0,1,0.5131397843360901,probability_native,0.5131397843360901,u_a108c98f3f4a604a,0,0,official,principal
32,0,0,0.03939167782664299,probability_native,0.03939167782664299,u_a108c98f3f4a604a,0,0,official,principal
3804,0,1,0.7223271131515503,probability_native,0.7223271131515503,u_a108c98f3f4a604a,0,0,official,principal
3585,0,0,0.11623655259609222,probability_native,0.11623655259609222,u_a108c98f3f4a604a,0,0,official,principal
2266,0,0,0.2356243133544922,probability_native,0.2356243133544922,u_a108c98f3f4a604a,0,0,official,principal
4006,0,0,0.02155902422964573,probability_native,0.02155902422964573,u_a108c98f3f4a604a,0,0,official,principal
3731,0,1,0.8253970742225647,probability_native,0.8253970742225647,u_a108c98f3f4a604a,0,0,official,principal
5505,0,0,0.10443443059921265,probability_native,0.10443443059921265,u_a108c98f3f4a604a,0,0,official,principal
1942,0,0,0.03185294568538666,probability_native,0.03185294568538666,u_a108c98f3f4a604a,0,0,official,principal
5951,0,0,0.456189900636673,probability_native,0.456189900636673,u_a108c98f3f4a604a,0,0,official,principal
2109,0,0,0.04279180243611336,probability_native,0.04279180243611336,u_a108c98f3f4a604a,0,0,official,principal
1157,0,0,0.2958323657512665,probability_native,0.2958323657512665,u_a108c98f3f4a604a,0,0,official,principal
694,0,0,0.11805330216884613,probability_native,0.11805330216884613,u_a108c98f3f4a604a,0,0,official,principal
4170,0,0,0.06746510416269302,probability_native,0.06746510416269302,u_a108c98f3f4a604a,0,0,official,principal
988,0,0,0.09567523002624512,probability_native,0.09567523002624512,u_a108c98f3f4a604a,0,0,official,principal
2807,0,0,0.105786994099617,probability_native,0.105786994099617,u_a108c98f3f4a604a,0,0,official,principal
977,0,1,0.7310968637466431,probability_native,0.7310968637466431,u_a108c98f3f4a604a,0,0,official,principal
1474,0,0,0.4758567214012146,probability_native,0.4758567214012146,u_a108c98f3f4a604a,0,0,official,principal
455,0,1,0.7622897028923035,probability_native,0.7622897028923035,u_a108c98f3f4a604a,0,0,official,principal
256,0,0,0.08540521562099457,probability_native,0.08540521562099457,u_a108c98f3f4a604a,0,0,official,principal
637,0,0,0.025348206982016563,probability_native,0.025348206982016563,u_a108c98f3f4a604a,0,0,official,principal
6822,1,1,0.5273129343986511,probability_native,0.5273129343986511,u_a108c98f3f4a604a,0,0,official,principal
3196,0,0,0.20212149620056152,probability_native,0.20212149620056152,u_a108c98f3f4a604a,0,0,official,principal
2019,1,0,0.4254183769226074,probability_native,0.4254183769226074,u_a108c98f3f4a604a,0,0,official,principal
498,1,1,0.5168797969818115,probability_native,0.5168797969818115,u_a108c98f3f4a604a,0,0,official,principal
1963,0,1,0.6819693446159363,probability_native,0.6819693446159363,u_a108c98f3f4a604a,0,0,official,principal
4124,0,1,0.8241587281227112,probability_native,0.8241587281227112,u_a108c98f3f4a604a,0,0,official,principal
1842,0,0,0.4960782527923584,probability_native,0.4960782527923584,u_a108c98f3f4a604a,0,0,official,principal
1571,0,0,0.4638321101665497,probability_native,0.4638321101665497,u_a108c98f3f4a604a,0,0,official,principal
1933,0,0,0.12010377645492554,probability_native,0.12010377645492554,u_a108c98f3f4a604a,0,0,official,principal
1297,0,1,0.7950177788734436,probability_native,0.7950177788734436,u_a108c98f3f4a604a,0,0,official,principal
3333,0,0,0.03876683488488197,probability_native,0.03876683488488197,u_a108c98f3f4a604a,0,0,official,principal
6016,1,0,0.34346482157707214,probability_native,0.34346482157707214,u_a108c98f3f4a604a,0,0,official,principal
5503,0,0,0.04932776093482971,probability_native,0.04932776093482971,u_a108c98f3f4a604a,0,0,official,principal
1888,0,0,0.10914617031812668,probability_native,0.10914617031812668,u_a108c98f3f4a604a,0,0,official,principal
4745,0,1,0.7820222973823547,probability_native,0.7820222973823547,u_a108c98f3f4a604a,0,0,official,principal
6713,0,1,0.7092922329902649,probability_native,0.7092922329902649,u_a108c98f3f4a604a,0,0,official,principal
5740,0,0,0.022140614688396454,probability_native,0.022140614688396454,u_a108c98f3f4a604a,0,0,official,principal
2871,1,1,0.8362830281257629,probability_native,0.8362830281257629,u_a108c98f3f4a604a,0,0,official,principal
4608,0,0,0.1470584124326706,probability_native,0.1470584124326706,u_a108c98f3f4a604a,0,0,official,principal
5033,0,1,0.5828249454498291,probability_native,0.5828249454498291,u_a108c98f3f4a604a,0,0,official,principal
2216,0,0,0.41151076555252075,probability_native,0.41151076555252075,u_a108c98f3f4a604a,0,0,official,principal
3314,0,0,0.2768314480781555,probability_native,0.2768314480781555,u_a108c98f3f4a604a,0,0,official,principal
1240,0,0,0.2184896618127823,probability_native,0.2184896618127823,u_a108c98f3f4a604a,0,0,official,principal
320,1,0,0.10675226151943207,probability_native,0.10675226151943207,u_a108c98f3f4a604a,0,0,official,principal
2058,0,0,0.024418124929070473,probability_native,0.024418124929070473,u_a108c98f3f4a604a,0,0,official,principal
1628,0,1,0.6947333812713623,probability_native,0.6947333812713623,u_a108c98f3f4a604a,0,0,official,principal
1726,0,0,0.3888799846172333,probability_native,0.3888799846172333,u_a108c98f3f4a604a,0,0,official,principal
413,0,1,0.5542314052581787,probability_native,0.5542314052581787,u_a108c98f3f4a604a,0,0,official,principal
5373,0,0,0.2050301432609558,probability_native,0.2050301432609558,u_a108c98f3f4a604a,0,0,official,principal
3973,0,0,0.10874449461698532,probability_native,0.10874449461698532,u_a108c98f3f4a604a,0,0,official,principal
3381,0,0,0.16261199116706848,probability_native,0.16261199116706848,u_a108c98f3f4a604a,0,0,official,principal
1601,0,1,0.5170841217041016,probability_native,0.5170841217041016,u_a108c98f3f4a604a,0,0,official,principal
6568,0,0,0.062490612268447876,probability_native,0.062490612268447876,u_a108c98f3f4a604a,0,0,official,principal
2853,0,0,0.2801499366760254,probability_native,0.2801499366760254,u_a108c98f3f4a604a,0,0,official,principal
820,0,1,0.6591295003890991,probability_native,0.6591295003890991,u_a108c98f3f4a604a,0,0,official,principal
1538,1,1,0.8046903610229492,probability_native,0.8046903610229492,u_a108c98f3f4a604a,0,0,official,principal
3507,0,0,0.30216139554977417,probability_native,0.30216139554977417,u_a108c98f3f4a604a,0,0,official,principal
6223,1,1,0.7760457396507263,probability_native,0.7760457396507263,u_a108c98f3f4a604a,0,0,official,principal
3373,1,1,0.8045065999031067,probability_native,0.8045065999031067,u_a108c98f3f4a604a,0,0,official,principal
5765,1,0,0.24425040185451508,probability_native,0.24425040185451508,u_a108c98f3f4a604a,0,0,official,principal
2055,0,0,0.42493578791618347,probability_native,0.42493578791618347,u_a108c98f3f4a604a,0,0,official,principal
1698,0,0,0.09172467887401581,probability_native,0.09172467887401581,u_a108c98f3f4a604a,0,0,official,principal
5568,0,0,0.2592664957046509,probability_native,0.2592664957046509,u_a108c98f3f4a604a,0,0,official,principal
1124,0,0,0.4258195757865906,probability_native,0.4258195757865906,u_a108c98f3f4a604a,0,0,official,principal
2140,1,0,0.39240762591362,probability_native,0.39240762591362,u_a108c98f3f4a604a,0,0,official,principal
4240,1,1,0.8534073233604431,probability_native,0.8534073233604431,u_a108c98f3f4a604a,0,0,official,principal
5345,1,1,0.5249063968658447,probability_native,0.5249063968658447,u_a108c98f3f4a604a,0,0,official,principal
710,1,1,0.5163024067878723,probability_native,0.5163024067878723,u_a108c98f3f4a604a,0,0,official,principal
1011,0,0,0.01670052856206894,probability_native,0.01670052856206894,u_a108c98f3f4a604a,0,0,official,principal
4208,0,0,0.17793798446655273,probability_native,0.17793798446655273,u_a108c98f3f4a604a,0,0,official,principal
4245,0,0,0.023419121280312538,probability_native,0.023419121280312538,u_a108c98f3f4a604a,0,0,official,principal
3700,1,0,0.2831898331642151,probability_native,0.2831898331642151,u_a108c98f3f4a604a,0,0,official,principal
3627,0,0,0.07859639078378677,probability_native,0.07859639078378677,u_a108c98f3f4a604a,0,0,official,principal
4971,0,0,0.2290743589401245,probability_native,0.2290743589401245,u_a108c98f3f4a604a,0,0,official,principal
3728,0,0,0.15841566026210785,probability_native,0.15841566026210785,u_a108c98f3f4a604a,0,0,official,principal
2634,1,1,0.803650438785553,probability_native,0.803650438785553,u_a108c98f3f4a604a,0,0,official,principal
2082,0,0,0.12841321527957916,probability_native,0.12841321527957916,u_a108c98f3f4a604a,0,0,official,principal
1716,0,1,0.5868757963180542,probability_native,0.5868757963180542,u_a108c98f3f4a604a,0,0,official,principal
3068,0,0,0.26428118348121643,probability_native,0.26428118348121643,u_a108c98f3f4a604a,0,0,official,principal
494,0,1,0.5649038553237915,probability_native,0.5649038553237915,u_a108c98f3f4a604a,0,0,official,principal
4304,0,0,0.05580611526966095,probability_native,0.05580611526966095,u_a108c98f3f4a604a,0,0,official,principal
5139,0,0,0.028087835758924484,probability_native,0.028087835758924484,u_a108c98f3f4a604a,0,0,official,principal
4412,0,0,0.06820477545261383,probability_native,0.06820477545261383,u_a108c98f3f4a604a,0,0,official,principal
4671,1,1,0.7622897028923035,probability_native,0.7622897028923035,u_a108c98f3f4a604a,0,0,official,principal
2719,0,0,0.042774099856615067,probability_native,0.042774099856615067,u_a108c98f3f4a604a,0,0,official,principal
1177,0,0,0.07558707147836685,probability_native,0.07558707147836685,u_a108c98f3f4a604a,0,0,official,principal
55,1,1,0.8313019275665283,probability_native,0.8313019275665283,u_a108c98f3f4a604a,0,0,official,principal
1135,0,0,0.0835573822259903,probability_native,0.0835573822259903,u_a108c98f3f4a604a,0,0,official,principal
5308,0,0,0.05923881009221077,probability_native,0.05923881009221077,u_a108c98f3f4a604a,0,0,official,principal
4697,0,1,0.6926400065422058,probability_native,0.6926400065422058,u_a108c98f3f4a604a,0,0,official,principal
1326,0,0,0.07115455716848373,probability_native,0.07115455716848373,u_a108c98f3f4a604a,0,0,official,principal
3697,0,0,0.37542837858200073,probability_native,0.37542837858200073,u_a108c98f3f4a604a,0,0,official,principal
5589,1,0,0.04529506713151932,probability_native,0.04529506713151932,u_a108c98f3f4a604a,0,0,official,principal
4192,0,0,0.07231061160564423,probability_native,0.07231061160564423,u_a108c98f3f4a604a,0,0,official,principal
5174,1,1,0.7756287455558777,probability_native,0.7756287455558777,u_a108c98f3f4a604a,0,0,official,principal
6354,0,0,0.11004699021577835,probability_native,0.11004699021577835,u_a108c98f3f4a604a,0,0,official,principal
551,0,0,0.0575922429561615,probability_native,0.0575922429561615,u_a108c98f3f4a604a,0,0,official,principal
6662,0,0,0.056848250329494476,probability_native,0.056848250329494476,u_a108c98f3f4a604a,0,0,official,principal
1370,0,0,0.051400039345026016,probability_native,0.051400039345026016,u_a108c98f3f4a604a,0,0,official,principal
2928,0,0,0.040976207703351974,probability_native,0.040976207703351974,u_a108c98f3f4a604a,0,0,official,principal
3270,0,1,0.7930591106414795,probability_native,0.7930591106414795,u_a108c98f3f4a604a,0,0,official,principal
2328,0,1,0.51411372423172,probability_native,0.51411372423172,u_a108c98f3f4a604a,0,0,official,principal
5836,0,0,0.1518176645040512,probability_native,0.1518176645040512,u_a108c98f3f4a604a,0,0,official,principal
925,0,0,0.10970470309257507,probability_native,0.10970470309257507,u_a108c98f3f4a604a,0,0,official,principal
1819,0,0,0.024260900914669037,probability_native,0.024260900914669037,u_a108c98f3f4a604a,0,0,official,principal
546,1,0,0.39523521065711975,probability_native,0.39523521065711975,u_a108c98f3f4a604a,0,0,official,principal
2101,1,0,0.33185458183288574,probability_native,0.33185458183288574,u_a108c98f3f4a604a,0,0,official,principal
828,1,0,0.21278902888298035,probability_native,0.21278902888298035,u_a108c98f3f4a604a,0,0,official,principal
335,1,0,0.1307874619960785,probability_native,0.1307874619960785,u_a108c98f3f4a604a,0,0,official,principal
4,1,1,0.822562038898468,probability_native,0.822562038898468,u_a108c98f3f4a604a,0,0,official,principal
6421,0,0,0.037474170327186584,probability_native,0.037474170327186584,u_a108c98f3f4a604a,0,0,official,principal
5785,0,0,0.03542844578623772,probability_native,0.03542844578623772,u_a108c98f3f4a604a,0,0,official,principal
5243,0,0,0.332728773355484,probability_native,0.332728773355484,u_a108c98f3f4a604a,0,0,official,principal
6372,0,0,0.06036342680454254,probability_native,0.06036342680454254,u_a108c98f3f4a604a,0,0,official,principal
6542,1,1,0.6164734959602356,probability_native,0.6164734959602356,u_a108c98f3f4a604a,0,0,official,principal
2048,1,1,0.6654387712478638,probability_native,0.6654387712478638,u_a108c98f3f4a604a,0,0,official,principal
440,0,1,0.5863593220710754,probability_native,0.5863593220710754,u_a108c98f3f4a604a,0,0,official,principal
4913,0,0,0.03211495280265808,probability_native,0.03211495280265808,u_a108c98f3f4a604a,0,0,official,principal
3233,0,1,0.6715297102928162,probability_native,0.6715297102928162,u_a108c98f3f4a604a,0,0,official,principal
2476,0,0,0.05892989784479141,probability_native,0.05892989784479141,u_a108c98f3f4a604a,0,0,official,principal
1535,0,0,0.33409443497657776,probability_native,0.33409443497657776,u_a108c98f3f4a604a,0,0,official,principal
4418,1,0,0.056867390871047974,probability_native,0.056867390871047974,u_a108c98f3f4a604a,0,0,official,principal
2027,0,0,0.06902087479829788,probability_native,0.06902087479829788,u_a108c98f3f4a604a,0,0,official,principal
3532,1,1,0.6157479882240295,probability_native,0.6157479882240295,u_a108c98f3f4a604a,0,0,official,principal
3254,0,1,0.791742742061615,probability_native,0.791742742061615,u_a108c98f3f4a604a,0,0,official,principal
2933,0,0,0.0342988483607769,probability_native,0.0342988483607769,u_a108c98f3f4a604a,0,0,official,principal
3060,0,0,0.20538026094436646,probability_native,0.20538026094436646,u_a108c98f3f4a604a,0,0,official,principal
108,0,0,0.33699119091033936,probability_native,0.33699119091033936,u_a108c98f3f4a604a,0,0,official,principal
1332,0,0,0.03701017051935196,probability_native,0.03701017051935196,u_a108c98f3f4a604a,0,0,official,principal
4580,0,0,0.021840808913111687,probability_native,0.021840808913111687,u_a108c98f3f4a604a,0,0,official,principal
5751,0,0,0.03369251266121864,probability_native,0.03369251266121864,u_a108c98f3f4a604a,0,0,official,principal
2160,0,0,0.018867092207074165,probability_native,0.018867092207074165,u_a108c98f3f4a604a,0,0,official,principal
6060,0,1,0.8223270177841187,probability_native,0.8223270177841187,u_a108c98f3f4a604a,0,0,official,principal
5201,0,0,0.24777743220329285,probability_native,0.24777743220329285,u_a108c98f3f4a604a,0,0,official,principal
505,1,1,0.785735547542572,probability_native,0.785735547542572,u_a108c98f3f4a604a,0,0,official,principal
4476,1,1,0.5649038553237915,probability_native,0.5649038553237915,u_a108c98f3f4a604a,0,0,official,principal
97,1,0,0.30216139554977417,probability_native,0.30216139554977417,u_a108c98f3f4a604a,0,0,official,principal
512,1,1,0.8521280288696289,probability_native,0.8521280288696289,u_a108c98f3f4a604a,0,0,official,principal
2326,0,0,0.1339728832244873,probability_native,0.1339728832244873,u_a108c98f3f4a604a,0,0,official,principal
4961,0,0,0.3813319802284241,probability_native,0.3813319802284241,u_a108c98f3f4a604a,0,0,official,principal
4981,1,1,0.6444746255874634,probability_native,0.6444746255874634,u_a108c98f3f4a604a,0,0,official,principal
6918,1,0,0.33759286999702454,probability_native,0.33759286999702454,u_a108c98f3f4a604a,0,0,official,principal
1311,0,0,0.15166330337524414,probability_native,0.15166330337524414,u_a108c98f3f4a604a,0,0,official,principal
4104,0,1,0.5614287853240967,probability_native,0.5614287853240967,u_a108c98f3f4a604a,0,0,official,principal
3005,0,0,0.21517027914524078,probability_native,0.21517027914524078,u_a108c98f3f4a604a,0,0,official,principal
4794,0,0,0.37733200192451477,probability_native,0.37733200192451477,u_a108c98f3f4a604a,0,0,official,principal
3055,1,0,0.28888046741485596,probability_native,0.28888046741485596,u_a108c98f3f4a604a,0,0,official,principal
1662,1,1,0.8253970742225647,probability_native,0.8253970742225647,u_a108c98f3f4a604a,0,0,official,principal
2857,0,0,0.03721151128411293,probability_native,0.03721151128411293,u_a108c98f3f4a604a,0,0,official,principal
2174,0,0,0.06990662962198257,probability_native,0.06990662962198257,u_a108c98f3f4a604a,0,0,official,principal
6390,0,0,0.3387902081012726,probability_native,0.3387902081012726,u_a108c98f3f4a604a,0,0,official,principal
362,0,0,0.09383508563041687,probability_native,0.09383508563041687,u_a108c98f3f4a604a,0,0,official,principal
4624,1,1,0.8553121089935303,probability_native,0.8553121089935303,u_a108c98f3f4a604a,0,0,official,principal
46,0,1,0.5652411580085754,probability_native,0.5652411580085754,u_a108c98f3f4a604a,0,0,official,principal
236,0,0,0.12190666049718857,probability_native,0.12190666049718857,u_a108c98f3f4a604a,0,0,official,principal
3460,0,0,0.4613688290119171,probability_native,0.4613688290119171,u_a108c98f3f4a604a,0,0,official,principal
2910,0,0,0.036106664687395096,probability_native,0.036106664687395096,u_a108c98f3f4a604a,0,0,official,principal
5135,0,1,0.5545957088470459,probability_native,0.5545957088470459,u_a108c98f3f4a604a,0,0,official,principal
6340,0,0,0.47961926460266113,probability_native,0.47961926460266113,u_a108c98f3f4a604a,0,0,official,principal
95,1,1,0.6998060941696167,probability_native,0.6998060941696167,u_a108c98f3f4a604a,0,0,official,principal
3853,0,0,0.39309513568878174,probability_native,0.39309513568878174,u_a108c98f3f4a604a,0,0,official,principal
5157,0,0,0.03268317133188248,probability_native,0.03268317133188248,u_a108c98f3f4a604a,0,0,official,principal
6366,0,0,0.06809525936841965,probability_native,0.06809525936841965,u_a108c98f3f4a604a,0,0,official,principal
5023,1,1,0.8553860783576965,probability_native,0.8553860783576965,u_a108c98f3f4a604a,0,0,official,principal
2898,0,0,0.12813293933868408,probability_native,0.12813293933868408,u_a108c98f3f4a604a,0,0,official,principal
4241,1,0,0.12333086133003235,probability_native,0.12333086133003235,u_a108c98f3f4a604a,0,0,official,principal
1082,0,0,0.16762448847293854,probability_native,0.16762448847293854,u_a108c98f3f4a604a,0,0,official,principal
3760,0,1,0.7490375638008118,probability_native,0.7490375638008118,u_a108c98f3f4a604a,0,0,official,principal
1427,0,1,0.5077719688415527,probability_native,0.5077719688415527,u_a108c98f3f4a604a,0,0,official,principal
1071,1,1,0.6377145648002625,probability_native,0.6377145648002625,u_a108c98f3f4a604a,0,0,official,principal
2944,0,0,0.2796124517917633,probability_native,0.2796124517917633,u_a108c98f3f4a604a,0,0,official,principal
919,0,0,0.3759896755218506,probability_native,0.3759896755218506,u_a108c98f3f4a604a,0,0,official,principal
5271,0,0,0.2672051787376404,probability_native,0.2672051787376404,u_a108c98f3f4a604a,0,0,official,principal
4967,1,1,0.6902150511741638,probability_native,0.6902150511741638,u_a108c98f3f4a604a,0,0,official,principal
3452,0,1,0.7396979331970215,probability_native,0.7396979331970215,u_a108c98f3f4a604a,0,0,official,principal
7032,1,1,0.8776386380195618,probability_native,0.8776386380195618,u_a108c98f3f4a604a,0,0,official,principal
1455,0,0,0.15544642508029938,probability_native,0.15544642508029938,u_a108c98f3f4a604a,0,0,official,principal
3330,1,1,0.783848226070404,probability_native,0.783848226070404,u_a108c98f3f4a604a,0,0,official,principal
2429,0,0,0.1362617015838623,probability_native,0.1362617015838623,u_a108c98f3f4a604a,0,0,official,principal
2187,0,0,0.16913336515426636,probability_native,0.16913336515426636,u_a108c98f3f4a604a,0,0,official,principal
5776,0,0,0.027111057192087173,probability_native,0.027111057192087173,u_a108c98f3f4a604a,0,0,official,principal
6449,0,1,0.5163024067878723,probability_native,0.5163024067878723,u_a108c98f3f4a604a,0,0,official,principal
3247,0,0,0.16239163279533386,probability_native,0.16239163279533386,u_a108c98f3f4a604a,0,0,official,principal
4499,1,1,0.624834418296814,probability_native,0.624834418296814,u_a108c98f3f4a604a,0,0,official,principal
927,1,1,0.7556803226470947,probability_native,0.7556803226470947,u_a108c98f3f4a604a,0,0,official,principal
5343,0,0,0.037539154291152954,probability_native,0.037539154291152954,u_a108c98f3f4a604a,0,0,official,principal
7040,0,0,0.3868820369243622,probability_native,0.3868820369243622,u_a108c98f3f4a604a,0,0,official,principal
2925,0,0,0.17547328770160675,probability_native,0.17547328770160675,u_a108c98f3f4a604a,0,0,official,principal
6698,0,0,0.25395718216896057,probability_native,0.25395718216896057,u_a108c98f3f4a604a,0,0,official,principal
6582,0,0,0.09527596831321716,probability_native,0.09527596831321716,u_a108c98f3f4a604a,0,0,official,principal
2784,1,1,0.6900402903556824,probability_native,0.6900402903556824,u_a108c98f3f4a604a,0,0,official,principal
3990,0,1,0.8359759449958801,probability_native,0.8359759449958801,u_a108c98f3f4a604a,0,0,official,principal
3223,0,1,0.5060333609580994,probability_native,0.5060333609580994,u_a108c98f3f4a604a,0,0,official,principal
2176,0,0,0.028377586975693703,probability_native,0.028377586975693703,u_a108c98f3f4a604a,0,0,official,principal
160,0,0,0.3088282644748688,probability_native,0.3088282644748688,u_a108c98f3f4a604a,0,0,official,principal
806,0,0,0.19662423431873322,probability_native,0.19662423431873322,u_a108c98f3f4a604a,0,0,official,principal
1708,1,1,0.6242576241493225,probability_native,0.6242576241493225,u_a108c98f3f4a604a,0,0,official,principal
5925,0,0,0.31388944387435913,probability_native,0.31388944387435913,u_a108c98f3f4a604a,0,0,official,principal
3539,1,1,0.5855170488357544,probability_native,0.5855170488357544,u_a108c98f3f4a604a,0,0,official,principal
5760,0,1,0.6947764158248901,probability_native,0.6947764158248901,u_a108c98f3f4a604a,0,0,official,principal
7025,0,1,0.5796535015106201,probability_native,0.5796535015106201,u_a108c98f3f4a604a,0,0,official,principal
4979,0,0,0.03153689578175545,probability_native,0.03153689578175545,u_a108c98f3f4a604a,0,0,official,principal
258,1,1,0.6520779132843018,probability_native,0.6520779132843018,u_a108c98f3f4a604a,0,0,official,principal
2313,0,0,0.30157020688056946,probability_native,0.30157020688056946,u_a108c98f3f4a604a,0,0,official,principal
4768,0,0,0.016882291063666344,probability_native,0.016882291063666344,u_a108c98f3f4a604a,0,0,official,principal
6401,1,0,0.4062207043170929,probability_native,0.4062207043170929,u_a108c98f3f4a604a,0,0,official,principal
1889,0,0,0.36754804849624634,probability_native,0.36754804849624634,u_a108c98f3f4a604a,0,0,official,principal
3914,0,0,0.07231061160564423,probability_native,0.07231061160564423,u_a108c98f3f4a604a,0,0,official,principal
5220,0,0,0.06222304329276085,probability_native,0.06222304329276085,u_a108c98f3f4a604a,0,0,official,principal
1924,0,0,0.40320807695388794,probability_native,0.40320807695388794,u_a108c98f3f4a604a,0,0,official,principal
3458,1,1,0.6051613092422485,probability_native,0.6051613092422485,u_a108c98f3f4a604a,0,0,official,principal
3901,0,0,0.2647586166858673,probability_native,0.2647586166858673,u_a108c98f3f4a604a,0,0,official,principal
6743,0,0,0.438470721244812,probability_native,0.438470721244812,u_a108c98f3f4a604a,0,0,official,principal
5758,0,0,0.0778994932770729,probability_native,0.0778994932770729,u_a108c98f3f4a604a,0,0,official,principal
392,0,1,0.7403036952018738,probability_native,0.7403036952018738,u_a108c98f3f4a604a,0,0,official,principal
6528,0,0,0.02060440182685852,probability_native,0.02060440182685852,u_a108c98f3f4a604a,0,0,official,principal
5664,1,1,0.7198004722595215,probability_native,0.7198004722595215,u_a108c98f3f4a604a,0,0,official,principal
2818,1,0,0.277264267206192,probability_native,0.277264267206192,u_a108c98f3f4a604a,0,0,official,principal
2411,0,0,0.08858472853899002,probability_native,0.08858472853899002,u_a108c98f3f4a604a,0,0,official,principal
5781,0,1,0.6127784848213196,probability_native,0.6127784848213196,u_a108c98f3f4a604a,0,0,official,principal
5949,0,0,0.2786247134208679,probability_native,0.2786247134208679,u_a108c98f3f4a604a,0,0,official,principal
1659,0,0,0.04119290038943291,probability_native,0.04119290038943291,u_a108c98f3f4a604a,0,0,official,principal
347,0,0,0.03181213140487671,probability_native,0.03181213140487671,u_a108c98f3f4a604a,0,0,official,principal
4142,0,0,0.04564877599477768,probability_native,0.04564877599477768,u_a108c98f3f4a604a,0,0,official,principal
2417,0,0,0.36638906598091125,probability_native,0.36638906598091125,u_a108c98f3f4a604a,0,0,official,principal
373,0,0,0.2018735259771347,probability_native,0.2018735259771347,u_a108c98f3f4a604a,0,0,official,principal
6921,0,0,0.49501854181289673,probability_native,0.49501854181289673,u_a108c98f3f4a604a,0,0,official,principal
5543,0,0,0.4692135751247406,probability_native,0.4692135751247406,u_a108c98f3f4a604a,0,0,official,principal
4032,0,1,0.5197927951812744,probability_native,0.5197927951812744,u_a108c98f3f4a604a,0,0,official,principal
6261,0,0,0.023419121280312538,probability_native,0.023419121280312538,u_a108c98f3f4a604a,0,0,official,principal
2623,0,1,0.5368709564208984,probability_native,0.5368709564208984,u_a108c98f3f4a604a,0,0,official,principal
6843,1,1,0.5242348313331604,probability_native,0.5242348313331604,u_a108c98f3f4a604a,0,0,official,principal
1618,1,1,0.7250168919563293,probability_native,0.7250168919563293,u_a108c98f3f4a604a,0,0,official,principal
6917,0,0,0.04351521655917168,probability_native,0.04351521655917168,u_a108c98f3f4a604a,0,0,official,principal
1605,0,0,0.042030882090330124,probability_native,0.042030882090330124,u_a108c98f3f4a604a,0,0,official,principal
6963,0,1,0.7534385323524475,probability_native,0.7534385323524475,u_a108c98f3f4a604a,0,0,official,principal
6493,0,0,0.2455352246761322,probability_native,0.2455352246761322,u_a108c98f3f4a604a,0,0,official,principal
3000,1,1,0.8369963765144348,probability_native,0.8369963765144348,u_a108c98f3f4a604a,0,0,official,principal
1665,0,1,0.8354531526565552,probability_native,0.8354531526565552,u_a108c98f3f4a604a,0,0,official,principal
4232,1,1,0.8038043975830078,probability_native,0.8038043975830078,u_a108c98f3f4a604a,0,0,official,principal
812,0,0,0.0729047879576683,probability_native,0.0729047879576683,u_a108c98f3f4a604a,0,0,official,principal
5850,1,0,0.4005817472934723,probability_native,0.4005817472934723,u_a108c98f3f4a604a,0,0,official,principal
5227,0,1,0.8308424353599548,probability_native,0.8308424353599548,u_a108c98f3f4a604a,0,0,official,principal
992,0,0,0.03369096294045448,probability_native,0.03369096294045448,u_a108c98f3f4a604a,0,0,official,principal
5782,1,1,0.8553860783576965,probability_native,0.8553860783576965,u_a108c98f3f4a604a,0,0,official,principal
5144,0,1,0.6940285563468933,probability_native,0.6940285563468933,u_a108c98f3f4a604a,0,0,official,principal
5506,0,1,0.5649038553237915,probability_native,0.5649038553237915,u_a108c98f3f4a604a,0,0,official,principal
5693,0,0,0.10200882703065872,probability_native,0.10200882703065872,u_a108c98f3f4a604a,0,0,official,principal
6540,0,0,0.15061956644058228,probability_native,0.15061956644058228,u_a108c98f3f4a604a,0,0,official,principal
3396,0,0,0.10977471619844437,probability_native,0.10977471619844437,u_a108c98f3f4a604a,0,0,official,principal
1551,0,0,0.04970109462738037,probability_native,0.04970109462738037,u_a108c98f3f4a604a,0,0,official,principal
3873,0,0,0.02543529123067856,probability_native,0.02543529123067856,u_a108c98f3f4a604a,0,0,official,principal
6649,0,0,0.2135920226573944,probability_native,0.2135920226573944,u_a108c98f3f4a604a,0,0,official,principal
316,0,0,0.03457479551434517,probability_native,0.03457479551434517,u_a108c98f3f4a604a,0,0,official,principal
5894,1,1,0.6108683347702026,probability_native,0.6108683347702026,u_a108c98f3f4a604a,0,0,official,principal
341,0,0,0.022792205214500427,probability_native,0.022792205214500427,u_a108c98f3f4a604a,0,0,official,principal
1471,0,0,0.4197189211845398,probability_native,0.4197189211845398,u_a108c98f3f4a604a,0,0,official,principal
3488,0,1,0.5526620745658875,probability_native,0.5526620745658875,u_a108c98f3f4a604a,0,0,official,principal
7012,0,0,0.09736146032810211,probability_native,0.09736146032810211,u_a108c98f3f4a604a,0,0,official,principal
2052,0,1,0.6845085024833679,probability_native,0.6845085024833679,u_a108c98f3f4a604a,0,0,official,principal
5916,0,0,0.08647644519805908,probability_native,0.08647644519805908,u_a108c98f3f4a604a,0,0,official,principal
5293,0,0,0.144307479262352,probability_native,0.144307479262352,u_a108c98f3f4a604a,0,0,official,principal
6084,0,1,0.639858603477478,probability_native,0.639858603477478,u_a108c98f3f4a604a,0,0,official,principal
4246,0,0,0.29292505979537964,probability_native,0.29292505979537964,u_a108c98f3f4a604a,0,0,official,principal
1093,0,0,0.05622902140021324,probability_native,0.05622902140021324,u_a108c98f3f4a604a,0,0,official,principal
6695,0,0,0.009073094464838505,probability_native,0.009073094464838505,u_a108c98f3f4a604a,0,0,official,principal
2220,0,0,0.031067807227373123,probability_native,0.031067807227373123,u_a108c98f3f4a604a,0,0,official,principal
4369,1,1,0.624200165271759,probability_native,0.624200165271759,u_a108c98f3f4a604a,0,0,official,principal
2071,0,0,0.05575563758611679,probability_native,0.05575563758611679,u_a108c98f3f4a604a,0,0,official,principal
863,1,1,0.834044873714447,probability_native,0.834044873714447,u_a108c98f3f4a604a,0,0,official,principal
544,1,0,0.23252269625663757,probability_native,0.23252269625663757,u_a108c98f3f4a604a,0,0,official,principal
5830,0,0,0.053685322403907776,probability_native,0.053685322403907776,u_a108c98f3f4a604a,0,0,official,principal
313,0,1,0.8180584907531738,probability_native,0.8180584907531738,u_a108c98f3f4a604a,0,0,official,principal
649,0,0,0.3324245810508728,probability_native,0.3324245810508728,u_a108c98f3f4a604a,0,0,official,principal
5388,1,0,0.4814167618751526,probability_native,0.4814167618751526,u_a108c98f3f4a604a,0,0,official,principal
161,1,0,0.4989040195941925,probability_native,0.4989040195941925,u_a108c98f3f4a604a,0,0,official,principal
3331,0,0,0.15291431546211243,probability_native,0.15291431546211243,u_a108c98f3f4a604a,0,0,official,principal
5189,0,1,0.717027485370636,probability_native,0.717027485370636,u_a108c98f3f4a604a,0,0,official,principal
4532,1,1,0.7551446557044983,probability_native,0.7551446557044983,u_a108c98f3f4a604a,0,0,official,principal
4635,0,0,0.025386696681380272,probability_native,0.025386696681380272,u_a108c98f3f4a604a,0,0,official,principal
3194,1,0,0.28399404883384705,probability_native,0.28399404883384705,u_a108c98f3f4a604a,0,0,official,principal
