row_id,y_true,y_pred,score_positive,score_type,probability_native,unit_id,outer_fold,replicate,purpose,variant
3810,0,1,0.6727877855300903,probability_native,0.6727877855300903,u_72af0f4a1dbd0f34,2,1,official,principal
3938,0,1,0.505014181137085,probability_native,0.505014181137085,u_72af0f4a1dbd0f34,2,1,official,principal
2764,0,0,0.13901446759700775,probability_native,0.13901446759700775,u_72af0f4a1dbd0f34,2,1,official,principal
3113,0,1,0.7375956177711487,probability_native,0.7375956177711487,u_72af0f4a1dbd0f34,2,1,official,principal
4559,0,0,0.3952135443687439,probability_native,0.3952135443687439,u_72af0f4a1dbd0f34,2,1,official,principal
2935,0,0,0.027267977595329285,probability_native,0.027267977595329285,u_72af0f4a1dbd0f34,2,1,official,principal
1236,1,1,0.80836021900177,probability_native,0.80836021900177,u_72af0f4a1dbd0f34,2,1,official,principal
6780,0,0,0.33211076259613037,probability_native,0.33211076259613037,u_72af0f4a1dbd0f34,2,1,official,principal
2564,1,0,0.2163712978363037,probability_native,0.2163712978363037,u_72af0f4a1dbd0f34,2,1,official,principal
3128,0,0,0.2985437512397766,probability_native,0.2985437512397766,u_72af0f4a1dbd0f34,2,1,official,principal
645,1,1,0.7918462157249451,probability_native,0.7918462157249451,u_72af0f4a1dbd0f34,2,1,official,principal
6155,1,0,0.3641498386859894,probability_native,0.3641498386859894,u_72af0f4a1dbd0f34,2,1,official,principal
3716,1,1,0.7711508870124817,probability_native,0.7711508870124817,u_72af0f4a1dbd0f34,2,1,official,principal
2455,1,1,0.6878026723861694,probability_native,0.6878026723861694,u_72af0f4a1dbd0f34,2,1,official,principal
6812,0,0,0.23448319733142853,probability_native,0.23448319733142853,u_72af0f4a1dbd0f34,2,1,official,principal
2189,0,0,0.037596721202135086,probability_native,0.037596721202135086,u_72af0f4a1dbd0f34,2,1,official,principal
4095,0,1,0.5316258668899536,probability_native,0.5316258668899536,u_72af0f4a1dbd0f34,2,1,official,principal
5786,0,0,0.03713756799697876,probability_native,0.03713756799697876,u_72af0f4a1dbd0f34,2,1,official,principal
3948,0,0,0.20935270190238953,probability_native,0.20935270190238953,u_72af0f4a1dbd0f34,2,1,official,principal
5121,0,0,0.1657448709011078,probability_native,0.1657448709011078,u_72af0f4a1dbd0f34,2,1,official,principal
6944,0,0,0.41540834307670593,probability_native,0.41540834307670593,u_72af0f4a1dbd0f34,2,1,official,principal
3552,0,0,0.13736660778522491,probability_native,0.13736660778522491,u_72af0f4a1dbd0f34,2,1,official,principal
3101,0,0,0.42457515001296997,probability_native,0.42457515001296997,u_72af0f4a1dbd0f34,2,1,official,principal
2553,0,0,0.37002915143966675,probability_native,0.37002915143966675,u_72af0f4a1dbd0f34,2,1,official,principal
3070,0,0,0.3064154386520386,probability_native,0.3064154386520386,u_72af0f4a1dbd0f34,2,1,official,principal
4690,0,0,0.27090707421302795,probability_native,0.27090707421302795,u_72af0f4a1dbd0f34,2,1,official,principal
537,0,0,0.07827002555131912,probability_native,0.07827002555131912,u_72af0f4a1dbd0f34,2,1,official,principal
6228,0,0,0.037641994655132294,probability_native,0.037641994655132294,u_72af0f4a1dbd0f34,2,1,official,principal
465,0,0,0.062289539724588394,probability_native,0.062289539724588394,u_72af0f4a1dbd0f34,2,1,official,principal
1657,0,0,0.4074716866016388,probability_native,0.4074716866016388,u_72af0f4a1dbd0f34,2,1,official,principal
835,0,0,0.46641531586647034,probability_native,0.46641531586647034,u_72af0f4a1dbd0f34,2,1,official,principal
763,0,0,0.009065157733857632,probability_native,0.009065157733857632,u_72af0f4a1dbd0f34,2,1,official,principal
1002,0,1,0.705921471118927,probability_native,0.705921471118927,u_72af0f4a1dbd0f34,2,1,official,principal
6146,1,1,0.6180528998374939,probability_native,0.6180528998374939,u_72af0f4a1dbd0f34,2,1,official,principal
1720,0,1,0.7534136176109314,probability_native,0.7534136176109314,u_72af0f4a1dbd0f34,2,1,official,principal
1682,0,0,0.07193515449762344,probability_native,0.07193515449762344,u_72af0f4a1dbd0f34,2,1,official,principal
6715,0,1,0.7802322506904602,probability_native,0.7802322506904602,u_72af0f4a1dbd0f34,2,1,official,principal
3046,0,0,0.38594526052474976,probability_native,0.38594526052474976,u_72af0f4a1dbd0f34,2,1,official,principal
1957,0,0,0.2720431983470917,probability_native,0.2720431983470917,u_72af0f4a1dbd0f34,2,1,official,principal
3462,1,1,0.7808776497840881,probability_native,0.7808776497840881,u_72af0f4a1dbd0f34,2,1,official,principal
2655,1,1,0.5957772731781006,probability_native,0.5957772731781006,u_72af0f4a1dbd0f34,2,1,official,principal
6831,1,1,0.8207563757896423,probability_native,0.8207563757896423,u_72af0f4a1dbd0f34,2,1,official,principal
5825,1,1,0.8035170435905457,probability_native,0.8035170435905457,u_72af0f4a1dbd0f34,2,1,official,principal
5963,0,0,0.2074202001094818,probability_native,0.2074202001094818,u_72af0f4a1dbd0f34,2,1,official,principal
931,0,0,0.06331518292427063,probability_native,0.06331518292427063,u_72af0f4a1dbd0f34,2,1,official,principal
4680,0,0,0.3953903615474701,probability_native,0.3953903615474701,u_72af0f4a1dbd0f34,2,1,official,principal
940,0,0,0.05659204348921776,probability_native,0.05659204348921776,u_72af0f4a1dbd0f34,2,1,official,principal
771,1,1,0.7994565367698669,probability_native,0.7994565367698669,u_72af0f4a1dbd0f34,2,1,official,principal
2482,0,1,0.7422993779182434,probability_native,0.7422993779182434,u_72af0f4a1dbd0f34,2,1,official,principal
1146,0,0,0.05840055271983147,probability_native,0.05840055271983147,u_72af0f4a1dbd0f34,2,1,official,principal
3179,0,0,0.06415582448244095,probability_native,0.06415582448244095,u_72af0f4a1dbd0f34,2,1,official,principal
6258,0,0,0.4952928125858307,probability_native,0.4952928125858307,u_72af0f4a1dbd0f34,2,1,official,principal
5934,1,1,0.6429474949836731,probability_native,0.6429474949836731,u_72af0f4a1dbd0f34,2,1,official,principal
295,0,1,0.596367359161377,probability_native,0.596367359161377,u_72af0f4a1dbd0f34,2,1,official,principal
2298,0,0,0.12474930286407471,probability_native,0.12474930286407471,u_72af0f4a1dbd0f34,2,1,official,principal
4756,0,0,0.16622194647789001,probability_native,0.16622194647789001,u_72af0f4a1dbd0f34,2,1,official,principal
1988,1,0,0.4085516929626465,probability_native,0.4085516929626465,u_72af0f4a1dbd0f34,2,1,official,principal
3110,0,0,0.4195038974285126,probability_native,0.4195038974285126,u_72af0f4a1dbd0f34,2,1,official,principal
597,0,1,0.5005836486816406,probability_native,0.5005836486816406,u_72af0f4a1dbd0f34,2,1,official,principal
105,0,1,0.5622367858886719,probability_native,0.5622367858886719,u_72af0f4a1dbd0f34,2,1,official,principal
60,0,1,0.7280914783477783,probability_native,0.7280914783477783,u_72af0f4a1dbd0f34,2,1,official,principal
1109,0,0,0.31979337334632874,probability_native,0.31979337334632874,u_72af0f4a1dbd0f34,2,1,official,principal
1672,0,0,0.011341651901602745,probability_native,0.011341651901602745,u_72af0f4a1dbd0f34,2,1,official,principal
2696,0,0,0.022091805934906006,probability_native,0.022091805934906006,u_72af0f4a1dbd0f34,2,1,official,principal
5707,0,1,0.6605454087257385,probability_native,0.6605454087257385,u_72af0f4a1dbd0f34,2,1,official,principal
3586,1,0,0.3065743148326874,probability_native,0.3065743148326874,u_72af0f4a1dbd0f34,2,1,official,principal
2538,0,0,0.08585401624441147,probability_native,0.08585401624441147,u_72af0f4a1dbd0f34,2,1,official,principal
221,0,0,0.02472740225493908,probability_native,0.02472740225493908,u_72af0f4a1dbd0f34,2,1,official,principal
3167,0,0,0.037452902644872665,probability_native,0.037452902644872665,u_72af0f4a1dbd0f34,2,1,official,principal
2108,0,0,0.24983491003513336,probability_native,0.24983491003513336,u_72af0f4a1dbd0f34,2,1,official,principal
4565,0,0,0.05051529034972191,probability_native,0.05051529034972191,u_72af0f4a1dbd0f34,2,1,official,principal
6905,0,0,0.4979596436023712,probability_native,0.4979596436023712,u_72af0f4a1dbd0f34,2,1,official,principal
5041,0,0,0.07181902974843979,probability_native,0.07181902974843979,u_72af0f4a1dbd0f34,2,1,official,principal
718,0,0,0.4005753993988037,probability_native,0.4005753993988037,u_72af0f4a1dbd0f34,2,1,official,principal
5408,0,0,0.051665764302015305,probability_native,0.051665764302015305,u_72af0f4a1dbd0f34,2,1,official,principal
2991,0,0,0.3678494989871979,probability_native,0.3678494989871979,u_72af0f4a1dbd0f34,2,1,official,principal
5310,0,0,0.1254090964794159,probability_native,0.1254090964794159,u_72af0f4a1dbd0f34,2,1,official,principal
3709,0,1,0.6839235424995422,probability_native,0.6839235424995422,u_72af0f4a1dbd0f34,2,1,official,principal
2724,0,0,0.05283604562282562,probability_native,0.05283604562282562,u_72af0f4a1dbd0f34,2,1,official,principal
5361,0,0,0.17409762740135193,probability_native,0.17409762740135193,u_72af0f4a1dbd0f34,2,1,official,principal
2258,0,0,0.0646861121058464,probability_native,0.0646861121058464,u_72af0f4a1dbd0f34,2,1,official,principal
6040,1,1,0.7400938272476196,probability_native,0.7400938272476196,u_72af0f4a1dbd0f34,2,1,official,principal
6632,1,0,0.1661631166934967,probability_native,0.1661631166934967,u_72af0f4a1dbd0f34,2,1,official,principal
2903,0,0,0.20600052177906036,probability_native,0.20600052177906036,u_72af0f4a1dbd0f34,2,1,official,principal
1945,0,0,0.01666579768061638,probability_native,0.01666579768061638,u_72af0f4a1dbd0f34,2,1,official,principal
3557,0,0,0.2844724655151367,probability_native,0.2844724655151367,u_72af0f4a1dbd0f34,2,1,official,principal
168,1,0,0.4591922163963318,probability_native,0.4591922163963318,u_72af0f4a1dbd0f34,2,1,official,principal
1734,1,1,0.6984497308731079,probability_native,0.6984497308731079,u_72af0f4a1dbd0f34,2,1,official,principal
6560,0,0,0.05616799369454384,probability_native,0.05616799369454384,u_72af0f4a1dbd0f34,2,1,official,principal
5957,1,1,0.6114585399627686,probability_native,0.6114585399627686,u_72af0f4a1dbd0f34,2,1,official,principal
6514,0,0,0.04151010140776634,probability_native,0.04151010140776634,u_72af0f4a1dbd0f34,2,1,official,principal
956,0,0,0.01759926974773407,probability_native,0.01759926974773407,u_72af0f4a1dbd0f34,2,1,official,principal
3614,0,0,0.04029295593500137,probability_native,0.04029295593500137,u_72af0f4a1dbd0f34,2,1,official,principal
3399,0,0,0.09865178912878036,probability_native,0.09865178912878036,u_72af0f4a1dbd0f34,2,1,official,principal
1904,1,1,0.5715338587760925,probability_native,0.5715338587760925,u_72af0f4a1dbd0f34,2,1,official,principal
4735,0,0,0.24865570664405823,probability_native,0.24865570664405823,u_72af0f4a1dbd0f34,2,1,official,principal
1702,1,1,0.6084675192832947,probability_native,0.6084675192832947,u_72af0f4a1dbd0f34,2,1,official,principal
2579,0,0,0.04234348610043526,probability_native,0.04234348610043526,u_72af0f4a1dbd0f34,2,1,official,principal
5245,0,0,0.028557490557432175,probability_native,0.028557490557432175,u_72af0f4a1dbd0f34,2,1,official,principal
1528,0,1,0.5910956859588623,probability_native,0.5910956859588623,u_72af0f4a1dbd0f34,2,1,official,principal
873,1,0,0.47888293862342834,probability_native,0.47888293862342834,u_72af0f4a1dbd0f34,2,1,official,principal
5824,0,0,0.06534387171268463,probability_native,0.06534387171268463,u_72af0f4a1dbd0f34,2,1,official,principal
6504,1,1,0.7208523750305176,probability_native,0.7208523750305176,u_72af0f4a1dbd0f34,2,1,official,principal
1808,1,1,0.627881646156311,probability_native,0.627881646156311,u_72af0f4a1dbd0f34,2,1,official,principal
5889,0,1,0.5030540823936462,probability_native,0.5030540823936462,u_72af0f4a1dbd0f34,2,1,official,principal
2886,0,0,0.34718242287635803,probability_native,0.34718242287635803,u_72af0f4a1dbd0f34,2,1,official,principal
5349,0,0,0.12904202938079834,probability_native,0.12904202938079834,u_72af0f4a1dbd0f34,2,1,official,principal
6438,1,1,0.8217833042144775,probability_native,0.8217833042144775,u_72af0f4a1dbd0f34,2,1,official,principal
273,0,1,0.5743985176086426,probability_native,0.5743985176086426,u_72af0f4a1dbd0f34,2,1,official,principal
2265,1,1,0.6300848126411438,probability_native,0.6300848126411438,u_72af0f4a1dbd0f34,2,1,official,principal
613,0,0,0.3814067840576172,probability_native,0.3814067840576172,u_72af0f4a1dbd0f34,2,1,official,principal
4072,0,1,0.7806358933448792,probability_native,0.7806358933448792,u_72af0f4a1dbd0f34,2,1,official,principal
1411,0,1,0.5440100431442261,probability_native,0.5440100431442261,u_72af0f4a1dbd0f34,2,1,official,principal
5964,0,0,0.09201548993587494,probability_native,0.09201548993587494,u_72af0f4a1dbd0f34,2,1,official,principal
4213,1,1,0.5262326002120972,probability_native,0.5262326002120972,u_72af0f4a1dbd0f34,2,1,official,principal
1485,1,1,0.7778005003929138,probability_native,0.7778005003929138,u_72af0f4a1dbd0f34,2,1,official,principal
607,0,0,0.05518297851085663,probability_native,0.05518297851085663,u_72af0f4a1dbd0f34,2,1,official,principal
696,0,0,0.039983559399843216,probability_native,0.039983559399843216,u_72af0f4a1dbd0f34,2,1,official,principal
5817,1,1,0.7280309796333313,probability_native,0.7280309796333313,u_72af0f4a1dbd0f34,2,1,official,principal
4646,0,1,0.792698085308075,probability_native,0.792698085308075,u_72af0f4a1dbd0f34,2,1,official,principal
6981,0,1,0.5416381359100342,probability_native,0.5416381359100342,u_72af0f4a1dbd0f34,2,1,official,principal
3945,1,0,0.3541664481163025,probability_native,0.3541664481163025,u_72af0f4a1dbd0f34,2,1,official,principal
6487,0,0,0.1318502575159073,probability_native,0.1318502575159073,u_72af0f4a1dbd0f34,2,1,official,principal
6739,0,1,0.7255241870880127,probability_native,0.7255241870880127,u_72af0f4a1dbd0f34,2,1,official,principal
441,0,0,0.4972307085990906,probability_native,0.4972307085990906,u_72af0f4a1dbd0f34,2,1,official,principal
5178,0,0,0.399916410446167,probability_native,0.399916410446167,u_72af0f4a1dbd0f34,2,1,official,principal
3451,0,0,0.24560007452964783,probability_native,0.24560007452964783,u_72af0f4a1dbd0f34,2,1,official,principal
6056,0,0,0.13183267414569855,probability_native,0.13183267414569855,u_72af0f4a1dbd0f34,2,1,official,principal
190,0,0,0.16947533190250397,probability_native,0.16947533190250397,u_72af0f4a1dbd0f34,2,1,official,principal
930,0,0,0.4697808027267456,probability_native,0.4697808027267456,u_72af0f4a1dbd0f34,2,1,official,principal
2434,0,0,0.406975120306015,probability_native,0.406975120306015,u_72af0f4a1dbd0f34,2,1,official,principal
3576,0,0,0.04192874953150749,probability_native,0.04192874953150749,u_72af0f4a1dbd0f34,2,1,official,principal
1376,1,0,0.38657402992248535,probability_native,0.38657402992248535,u_72af0f4a1dbd0f34,2,1,official,principal
5241,0,0,0.27262720465660095,probability_native,0.27262720465660095,u_72af0f4a1dbd0f34,2,1,official,principal
5766,0,0,0.09268639236688614,probability_native,0.09268639236688614,u_72af0f4a1dbd0f34,2,1,official,principal
6014,0,0,0.3309229016304016,probability_native,0.3309229016304016,u_72af0f4a1dbd0f34,2,1,official,principal
2867,0,0,0.06431955099105835,probability_native,0.06431955099105835,u_72af0f4a1dbd0f34,2,1,official,principal
5500,0,0,0.024010801687836647,probability_native,0.024010801687836647,u_72af0f4a1dbd0f34,2,1,official,principal
826,1,1,0.7903406023979187,probability_native,0.7903406023979187,u_72af0f4a1dbd0f34,2,1,official,principal
638,1,0,0.26535671949386597,probability_native,0.26535671949386597,u_72af0f4a1dbd0f34,2,1,official,principal
4446,1,1,0.7962139844894409,probability_native,0.7962139844894409,u_72af0f4a1dbd0f34,2,1,official,principal
1516,0,1,0.690214991569519,probability_native,0.690214991569519,u_72af0f4a1dbd0f34,2,1,official,principal
5017,0,0,0.08379659801721573,probability_native,0.08379659801721573,u_72af0f4a1dbd0f34,2,1,official,principal
207,1,1,0.7771337032318115,probability_native,0.7771337032318115,u_72af0f4a1dbd0f34,2,1,official,principal
6225,0,0,0.04220125079154968,probability_native,0.04220125079154968,u_72af0f4a1dbd0f34,2,1,official,principal
4769,0,0,0.06503357738256454,probability_native,0.06503357738256454,u_72af0f4a1dbd0f34,2,1,official,principal
4726,0,0,0.048539236187934875,probability_native,0.048539236187934875,u_72af0f4a1dbd0f34,2,1,official,principal
3302,1,1,0.5125409960746765,probability_native,0.5125409960746765,u_72af0f4a1dbd0f34,2,1,official,principal
387,0,0,0.17186503112316132,probability_native,0.17186503112316132,u_72af0f4a1dbd0f34,2,1,official,principal
976,1,1,0.8125386238098145,probability_native,0.8125386238098145,u_72af0f4a1dbd0f34,2,1,official,principal
3425,0,0,0.20791931450366974,probability_native,0.20791931450366974,u_72af0f4a1dbd0f34,2,1,official,principal
2837,1,1,0.5868183374404907,probability_native,0.5868183374404907,u_72af0f4a1dbd0f34,2,1,official,principal
973,1,0,0.3925805687904358,probability_native,0.3925805687904358,u_72af0f4a1dbd0f34,2,1,official,principal
2419,0,0,0.10141894966363907,probability_native,0.10141894966363907,u_72af0f4a1dbd0f34,2,1,official,principal
6217,0,0,0.1287623941898346,probability_native,0.1287623941898346,u_72af0f4a1dbd0f34,2,1,official,principal
2370,0,0,0.18114295601844788,probability_native,0.18114295601844788,u_72af0f4a1dbd0f34,2,1,official,principal
3954,0,1,0.7918462157249451,probability_native,0.7918462157249451,u_72af0f4a1dbd0f34,2,1,official,principal
903,0,0,0.2915894687175751,probability_native,0.2915894687175751,u_72af0f4a1dbd0f34,2,1,official,principal
1863,0,0,0.1266511082649231,probability_native,0.1266511082649231,u_72af0f4a1dbd0f34,2,1,official,principal
4620,0,0,0.07421582192182541,probability_native,0.07421582192182541,u_72af0f4a1dbd0f34,2,1,official,principal
3089,0,0,0.04962683841586113,probability_native,0.04962683841586113,u_72af0f4a1dbd0f34,2,1,official,principal
3668,0,0,0.13216999173164368,probability_native,0.13216999173164368,u_72af0f4a1dbd0f34,2,1,official,principal
271,0,0,0.05268533527851105,probability_native,0.05268533527851105,u_72af0f4a1dbd0f34,2,1,official,principal
1100,0,0,0.4724699854850769,probability_native,0.4724699854850769,u_72af0f4a1dbd0f34,2,1,official,principal
6247,0,0,0.2895912528038025,probability_native,0.2895912528038025,u_72af0f4a1dbd0f34,2,1,official,principal
6703,1,1,0.7674905061721802,probability_native,0.7674905061721802,u_72af0f4a1dbd0f34,2,1,official,principal
4628,0,0,0.1757631003856659,probability_native,0.1757631003856659,u_72af0f4a1dbd0f34,2,1,official,principal
6802,0,1,0.5795608758926392,probability_native,0.5795608758926392,u_72af0f4a1dbd0f34,2,1,official,principal
2974,1,1,0.5114726424217224,probability_native,0.5114726424217224,u_72af0f4a1dbd0f34,2,1,official,principal
4850,0,0,0.2936336100101471,probability_native,0.2936336100101471,u_72af0f4a1dbd0f34,2,1,official,principal
6151,1,1,0.684553861618042,probability_native,0.684553861618042,u_72af0f4a1dbd0f34,2,1,official,principal
5792,1,0,0.4354328215122223,probability_native,0.4354328215122223,u_72af0f4a1dbd0f34,2,1,official,principal
4609,0,0,0.13170237839221954,probability_native,0.13170237839221954,u_72af0f4a1dbd0f34,2,1,official,principal
1408,0,0,0.1725648045539856,probability_native,0.1725648045539856,u_72af0f4a1dbd0f34,2,1,official,principal
2525,0,0,0.03297099843621254,probability_native,0.03297099843621254,u_72af0f4a1dbd0f34,2,1,official,principal
26,1,1,0.6479164361953735,probability_native,0.6479164361953735,u_72af0f4a1dbd0f34,2,1,official,principal
1272,0,0,0.25664862990379333,probability_native,0.25664862990379333,u_72af0f4a1dbd0f34,2,1,official,principal
2625,0,0,0.482843816280365,probability_native,0.482843816280365,u_72af0f4a1dbd0f34,2,1,official,principal
5071,0,1,0.6678881049156189,probability_native,0.6678881049156189,u_72af0f4a1dbd0f34,2,1,official,principal
574,0,1,0.6092433929443359,probability_native,0.6092433929443359,u_72af0f4a1dbd0f34,2,1,official,principal
6816,1,1,0.8125386238098145,probability_native,0.8125386238098145,u_72af0f4a1dbd0f34,2,1,official,principal
1433,0,0,0.3527718782424927,probability_native,0.3527718782424927,u_72af0f4a1dbd0f34,2,1,official,principal
1404,0,0,0.055085960775613785,probability_native,0.055085960775613785,u_72af0f4a1dbd0f34,2,1,official,principal
1330,0,0,0.0980181097984314,probability_native,0.0980181097984314,u_72af0f4a1dbd0f34,2,1,official,principal
4844,0,0,0.05659204348921776,probability_native,0.05659204348921776,u_72af0f4a1dbd0f34,2,1,official,principal
1298,0,0,0.12241668254137039,probability_native,0.12241668254137039,u_72af0f4a1dbd0f34,2,1,official,principal
811,1,0,0.13070707023143768,probability_native,0.13070707023143768,u_72af0f4a1dbd0f34,2,1,official,principal
3861,0,0,0.17173326015472412,probability_native,0.17173326015472412,u_72af0f4a1dbd0f34,2,1,official,principal
369,0,0,0.06640972197055817,probability_native,0.06640972197055817,u_72af0f4a1dbd0f34,2,1,official,principal
1202,1,0,0.36289721727371216,probability_native,0.36289721727371216,u_72af0f4a1dbd0f34,2,1,official,principal
6029,0,1,0.5150867700576782,probability_native,0.5150867700576782,u_72af0f4a1dbd0f34,2,1,official,principal
4535,1,1,0.700239896774292,probability_native,0.700239896774292,u_72af0f4a1dbd0f34,2,1,official,principal
6424,1,0,0.08232037723064423,probability_native,0.08232037723064423,u_72af0f4a1dbd0f34,2,1,official,principal
4998,0,0,0.40367862582206726,probability_native,0.40367862582206726,u_72af0f4a1dbd0f34,2,1,official,principal
1810,0,0,0.05860862135887146,probability_native,0.05860862135887146,u_72af0f4a1dbd0f34,2,1,official,principal
3952,0,0,0.0937052071094513,probability_native,0.0937052071094513,u_72af0f4a1dbd0f34,2,1,official,principal
4830,0,0,0.07282192260026932,probability_native,0.07282192260026932,u_72af0f4a1dbd0f34,2,1,official,principal
5327,0,0,0.034600500017404556,probability_native,0.034600500017404556,u_72af0f4a1dbd0f34,2,1,official,principal
6400,0,0,0.018520014360547066,probability_native,0.018520014360547066,u_72af0f4a1dbd0f34,2,1,official,principal
292,0,0,0.10257906466722488,probability_native,0.10257906466722488,u_72af0f4a1dbd0f34,2,1,official,principal
6774,0,1,0.5868183374404907,probability_native,0.5868183374404907,u_72af0f4a1dbd0f34,2,1,official,principal
474,1,1,0.7200330495834351,probability_native,0.7200330495834351,u_72af0f4a1dbd0f34,2,1,official,principal
6306,0,0,0.1548742949962616,probability_native,0.1548742949962616,u_72af0f4a1dbd0f34,2,1,official,principal
6771,0,0,0.3201718330383301,probability_native,0.3201718330383301,u_72af0f4a1dbd0f34,2,1,official,principal
4055,0,0,0.04968871921300888,probability_native,0.04968871921300888,u_72af0f4a1dbd0f34,2,1,official,principal
1131,1,0,0.42439815402030945,probability_native,0.42439815402030945,u_72af0f4a1dbd0f34,2,1,official,principal
2159,0,0,0.0828481987118721,probability_native,0.0828481987118721,u_72af0f4a1dbd0f34,2,1,official,principal
4972,0,0,0.02698521874845028,probability_native,0.02698521874845028,u_72af0f4a1dbd0f34,2,1,official,principal
6842,0,0,0.13843469321727753,probability_native,0.13843469321727753,u_72af0f4a1dbd0f34,2,1,official,principal
6165,0,1,0.7915563583374023,probability_native,0.7915563583374023,u_72af0f4a1dbd0f34,2,1,official,principal
1454,0,0,0.2382356822490692,probability_native,0.2382356822490692,u_72af0f4a1dbd0f34,2,1,official,principal
4757,1,1,0.5435909032821655,probability_native,0.5435909032821655,u_72af0f4a1dbd0f34,2,1,official,principal
3165,0,0,0.03983008489012718,probability_native,0.03983008489012718,u_72af0f4a1dbd0f34,2,1,official,principal
4066,0,0,0.10409420728683472,probability_native,0.10409420728683472,u_72af0f4a1dbd0f34,2,1,official,principal
4101,0,1,0.5206605195999146,probability_native,0.5206605195999146,u_72af0f4a1dbd0f34,2,1,official,principal
4891,0,1,0.6367247700691223,probability_native,0.6367247700691223,u_72af0f4a1dbd0f34,2,1,official,principal
3555,1,1,0.7673627138137817,probability_native,0.7673627138137817,u_72af0f4a1dbd0f34,2,1,official,principal
2733,0,1,0.7374137043952942,probability_native,0.7374137043952942,u_72af0f4a1dbd0f34,2,1,official,principal
3229,1,1,0.8030332922935486,probability_native,0.8030332922935486,u_72af0f4a1dbd0f34,2,1,official,principal
7038,0,0,0.15338869392871857,probability_native,0.15338869392871857,u_72af0f4a1dbd0f34,2,1,official,principal
3469,0,1,0.7569023966789246,probability_native,0.7569023966789246,u_72af0f4a1dbd0f34,2,1,official,principal
6333,1,0,0.48562610149383545,probability_native,0.48562610149383545,u_72af0f4a1dbd0f34,2,1,official,principal
6956,0,0,0.037889644503593445,probability_native,0.037889644503593445,u_72af0f4a1dbd0f34,2,1,official,principal
1475,0,0,0.11146374046802521,probability_native,0.11146374046802521,u_72af0f4a1dbd0f34,2,1,official,principal
2794,0,0,0.2089531421661377,probability_native,0.2089531421661377,u_72af0f4a1dbd0f34,2,1,official,principal
4012,1,1,0.6702165603637695,probability_native,0.6702165603637695,u_72af0f4a1dbd0f34,2,1,official,principal
5794,0,0,0.11859146505594254,probability_native,0.11859146505594254,u_72af0f4a1dbd0f34,2,1,official,principal
3349,1,1,0.8078019618988037,probability_native,0.8078019618988037,u_72af0f4a1dbd0f34,2,1,official,principal
3409,0,0,0.171366885304451,probability_native,0.171366885304451,u_72af0f4a1dbd0f34,2,1,official,principal
5821,0,0,0.14908762276172638,probability_native,0.14908762276172638,u_72af0f4a1dbd0f34,2,1,official,principal
1170,0,0,0.09668232500553131,probability_native,0.09668232500553131,u_72af0f4a1dbd0f34,2,1,official,principal
4016,0,1,0.6810978651046753,probability_native,0.6810978651046753,u_72af0f4a1dbd0f34,2,1,official,principal
1374,0,0,0.03604549914598465,probability_native,0.03604549914598465,u_72af0f4a1dbd0f34,2,1,official,principal
5247,1,1,0.6469040513038635,probability_native,0.6469040513038635,u_72af0f4a1dbd0f34,2,1,official,principal
2838,0,0,0.04752862825989723,probability_native,0.04752862825989723,u_72af0f4a1dbd0f34,2,1,official,principal
2656,0,0,0.18332241475582123,probability_native,0.18332241475582123,u_72af0f4a1dbd0f34,2,1,official,principal
923,0,0,0.2494533360004425,probability_native,0.2494533360004425,u_72af0f4a1dbd0f34,2,1,official,principal
1322,0,0,0.34682685136795044,probability_native,0.34682685136795044,u_72af0f4a1dbd0f34,2,1,official,principal
691,0,0,0.13421885669231415,probability_native,0.13421885669231415,u_72af0f4a1dbd0f34,2,1,official,principal
3974,0,0,0.13607914745807648,probability_native,0.13607914745807648,u_72af0f4a1dbd0f34,2,1,official,principal
5313,0,0,0.47582271695137024,probability_native,0.47582271695137024,u_72af0f4a1dbd0f34,2,1,official,principal
4675,1,1,0.5069464445114136,probability_native,0.5069464445114136,u_72af0f4a1dbd0f34,2,1,official,principal
2610,1,0,0.1821674257516861,probability_native,0.1821674257516861,u_72af0f4a1dbd0f34,2,1,official,principal
3570,0,0,0.039779648184776306,probability_native,0.039779648184776306,u_72af0f4a1dbd0f34,2,1,official,principal
6256,1,1,0.6813782453536987,probability_native,0.6813782453536987,u_72af0f4a1dbd0f34,2,1,official,principal
6626,1,1,0.785681426525116,probability_native,0.785681426525116,u_72af0f4a1dbd0f34,2,1,official,principal
4413,1,1,0.6517941951751709,probability_native,0.6517941951751709,u_72af0f4a1dbd0f34,2,1,official,principal
1603,1,0,0.4335763454437256,probability_native,0.4335763454437256,u_72af0f4a1dbd0f34,2,1,official,principal
1724,0,1,0.7470465302467346,probability_native,0.7470465302467346,u_72af0f4a1dbd0f34,2,1,official,principal
2302,0,0,0.0207942146807909,probability_native,0.0207942146807909,u_72af0f4a1dbd0f34,2,1,official,principal
1871,0,0,0.45602235198020935,probability_native,0.45602235198020935,u_72af0f4a1dbd0f34,2,1,official,principal
443,0,0,0.3363116383552551,probability_native,0.3363116383552551,u_72af0f4a1dbd0f34,2,1,official,principal
6320,0,0,0.17215101420879364,probability_native,0.17215101420879364,u_72af0f4a1dbd0f34,2,1,official,principal
4025,1,1,0.7352608442306519,probability_native,0.7352608442306519,u_72af0f4a1dbd0f34,2,1,official,principal
6045,0,0,0.049997419118881226,probability_native,0.049997419118881226,u_72af0f4a1dbd0f34,2,1,official,principal
6663,0,1,0.7707991600036621,probability_native,0.7707991600036621,u_72af0f4a1dbd0f34,2,1,official,principal
1499,0,1,0.6524905562400818,probability_native,0.6524905562400818,u_72af0f4a1dbd0f34,2,1,official,principal
599,0,0,0.050927672535181046,probability_native,0.050927672535181046,u_72af0f4a1dbd0f34,2,1,official,principal
1107,0,0,0.04739895090460777,probability_native,0.04739895090460777,u_72af0f4a1dbd0f34,2,1,official,principal
2972,0,0,0.016223369166254997,probability_native,0.016223369166254997,u_72af0f4a1dbd0f34,2,1,official,principal
6669,0,1,0.6353539824485779,probability_native,0.6353539824485779,u_72af0f4a1dbd0f34,2,1,official,principal
209,0,0,0.2975345253944397,probability_native,0.2975345253944397,u_72af0f4a1dbd0f34,2,1,official,principal
1315,0,0,0.03249092400074005,probability_native,0.03249092400074005,u_72af0f4a1dbd0f34,2,1,official,principal
1864,0,0,0.13471026718616486,probability_native,0.13471026718616486,u_72af0f4a1dbd0f34,2,1,official,principal
1539,0,0,0.4309983551502228,probability_native,0.4309983551502228,u_72af0f4a1dbd0f34,2,1,official,principal
3506,0,1,0.636073648929596,probability_native,0.636073648929596,u_72af0f4a1dbd0f34,2,1,official,principal
4247,0,0,0.11101987212896347,probability_native,0.11101987212896347,u_72af0f4a1dbd0f34,2,1,official,principal
6074,1,1,0.7353022694587708,probability_native,0.7353022694587708,u_72af0f4a1dbd0f34,2,1,official,principal
133,1,1,0.7649922966957092,probability_native,0.7649922966957092,u_72af0f4a1dbd0f34,2,1,official,principal
4316,0,0,0.04264581948518753,probability_native,0.04264581948518753,u_72af0f4a1dbd0f34,2,1,official,principal
1087,0,0,0.23650945723056793,probability_native,0.23650945723056793,u_72af0f4a1dbd0f34,2,1,official,principal
838,0,0,0.26201778650283813,probability_native,0.26201778650283813,u_72af0f4a1dbd0f34,2,1,official,principal
2780,1,0,0.06358155608177185,probability_native,0.06358155608177185,u_72af0f4a1dbd0f34,2,1,official,principal
5190,0,1,0.7077245116233826,probability_native,0.7077245116233826,u_72af0f4a1dbd0f34,2,1,official,principal
1405,1,1,0.7738945484161377,probability_native,0.7738945484161377,u_72af0f4a1dbd0f34,2,1,official,principal
5096,0,0,0.01577591896057129,probability_native,0.01577591896057129,u_72af0f4a1dbd0f34,2,1,official,principal
2781,0,1,0.5563216209411621,probability_native,0.5563216209411621,u_72af0f4a1dbd0f34,2,1,official,principal
3820,0,0,0.24372752010822296,probability_native,0.24372752010822296,u_72af0f4a1dbd0f34,2,1,official,principal
3035,0,1,0.5827783346176147,probability_native,0.5827783346176147,u_72af0f4a1dbd0f34,2,1,official,principal
6766,0,0,0.06972789019346237,probability_native,0.06972789019346237,u_72af0f4a1dbd0f34,2,1,official,principal
5516,1,1,0.5654484629631042,probability_native,0.5654484629631042,u_72af0f4a1dbd0f34,2,1,official,principal
706,0,0,0.028558766469359398,probability_native,0.028558766469359398,u_72af0f4a1dbd0f34,2,1,official,principal
1907,0,0,0.4540948271751404,probability_native,0.4540948271751404,u_72af0f4a1dbd0f34,2,1,official,principal
3642,0,1,0.6818180084228516,probability_native,0.6818180084228516,u_72af0f4a1dbd0f34,2,1,official,principal
2940,1,0,0.4901503622531891,probability_native,0.4901503622531891,u_72af0f4a1dbd0f34,2,1,official,principal
3705,0,0,0.027912072837352753,probability_native,0.027912072837352753,u_72af0f4a1dbd0f34,2,1,official,principal
818,1,1,0.6862469911575317,probability_native,0.6862469911575317,u_72af0f4a1dbd0f34,2,1,official,principal
511,0,1,0.6351352334022522,probability_native,0.6351352334022522,u_72af0f4a1dbd0f34,2,1,official,principal
6943,1,0,0.4940529465675354,probability_native,0.4940529465675354,u_72af0f4a1dbd0f34,2,1,official,principal
6512,0,0,0.4014132618904114,probability_native,0.4014132618904114,u_72af0f4a1dbd0f34,2,1,official,principal
3615,1,1,0.5375516414642334,probability_native,0.5375516414642334,u_72af0f4a1dbd0f34,2,1,official,principal
169,0,0,0.2962661683559418,probability_native,0.2962661683559418,u_72af0f4a1dbd0f34,2,1,official,principal
4699,0,0,0.16268350183963776,probability_native,0.16268350183963776,u_72af0f4a1dbd0f34,2,1,official,principal
3037,0,0,0.062487971037626266,probability_native,0.062487971037626266,u_72af0f4a1dbd0f34,2,1,official,principal
7031,0,0,0.10323204845190048,probability_native,0.10323204845190048,u_72af0f4a1dbd0f34,2,1,official,principal
3345,0,0,0.24316933751106262,probability_native,0.24316933751106262,u_72af0f4a1dbd0f34,2,1,official,principal
1675,1,1,0.6197578310966492,probability_native,0.6197578310966492,u_72af0f4a1dbd0f34,2,1,official,principal
1140,0,0,0.04868554696440697,probability_native,0.04868554696440697,u_72af0f4a1dbd0f34,2,1,official,principal
5946,1,0,0.09765380620956421,probability_native,0.09765380620956421,u_72af0f4a1dbd0f34,2,1,official,principal
4990,0,0,0.4700435698032379,probability_native,0.4700435698032379,u_72af0f4a1dbd0f34,2,1,official,principal
4789,1,1,0.7400938272476196,probability_native,0.7400938272476196,u_72af0f4a1dbd0f34,2,1,official,principal
3575,0,0,0.4557490348815918,probability_native,0.4557490348815918,u_72af0f4a1dbd0f34,2,1,official,principal
589,0,0,0.02994205802679062,probability_native,0.02994205802679062,u_72af0f4a1dbd0f34,2,1,official,principal
4071,0,0,0.4636301100254059,probability_native,0.4636301100254059,u_72af0f4a1dbd0f34,2,1,official,principal
4890,0,0,0.3688010275363922,probability_native,0.3688010275363922,u_72af0f4a1dbd0f34,2,1,official,principal
2534,0,0,0.31345826387405396,probability_native,0.31345826387405396,u_72af0f4a1dbd0f34,2,1,official,principal
2836,0,1,0.5972579717636108,probability_native,0.5972579717636108,u_72af0f4a1dbd0f34,2,1,official,principal
5847,0,0,0.4006238281726837,probability_native,0.4006238281726837,u_72af0f4a1dbd0f34,2,1,official,principal
5630,1,1,0.6818180084228516,probability_native,0.6818180084228516,u_72af0f4a1dbd0f34,2,1,official,principal
1269,0,0,0.10058361291885376,probability_native,0.10058361291885376,u_72af0f4a1dbd0f34,2,1,official,principal
3173,0,0,0.04747528210282326,probability_native,0.04747528210282326,u_72af0f4a1dbd0f34,2,1,official,principal
5045,0,0,0.3382338881492615,probability_native,0.3382338881492615,u_72af0f4a1dbd0f34,2,1,official,principal
3260,1,0,0.4289014935493469,probability_native,0.4289014935493469,u_72af0f4a1dbd0f34,2,1,official,principal
557,0,0,0.0710049420595169,probability_native,0.0710049420595169,u_72af0f4a1dbd0f34,2,1,official,principal
5223,0,0,0.05239235237240791,probability_native,0.05239235237240791,u_72af0f4a1dbd0f34,2,1,official,principal
953,0,0,0.21646748483181,probability_native,0.21646748483181,u_72af0f4a1dbd0f34,2,1,official,principal
5060,0,0,0.43194809556007385,probability_native,0.43194809556007385,u_72af0f4a1dbd0f34,2,1,official,principal
4939,0,0,0.42411285638809204,probability_native,0.42411285638809204,u_72af0f4a1dbd0f34,2,1,official,principal
4462,1,1,0.7650879621505737,probability_native,0.7650879621505737,u_72af0f4a1dbd0f34,2,1,official,principal
3130,0,0,0.10421070456504822,probability_native,0.10421070456504822,u_72af0f4a1dbd0f34,2,1,official,principal
6862,1,1,0.8158864378929138,probability_native,0.8158864378929138,u_72af0f4a1dbd0f34,2,1,official,principal
5376,0,0,0.0903034582734108,probability_native,0.0903034582734108,u_72af0f4a1dbd0f34,2,1,official,principal
1089,0,1,0.698924720287323,probability_native,0.698924720287323,u_72af0f4a1dbd0f34,2,1,official,principal
6476,0,0,0.05019942298531532,probability_native,0.05019942298531532,u_72af0f4a1dbd0f34,2,1,official,principal
2251,0,1,0.5974394679069519,probability_native,0.5974394679069519,u_72af0f4a1dbd0f34,2,1,official,principal
4662,0,0,0.18085232377052307,probability_native,0.18085232377052307,u_72af0f4a1dbd0f34,2,1,official,principal
1262,0,1,0.5264367461204529,probability_native,0.5264367461204529,u_72af0f4a1dbd0f34,2,1,official,principal
5979,0,0,0.0346958227455616,probability_native,0.0346958227455616,u_72af0f4a1dbd0f34,2,1,official,principal
2430,0,0,0.05291770026087761,probability_native,0.05291770026087761,u_72af0f4a1dbd0f34,2,1,official,principal
792,0,0,0.08845236152410507,probability_native,0.08845236152410507,u_72af0f4a1dbd0f34,2,1,official,principal
1034,0,0,0.020059091970324516,probability_native,0.020059091970324516,u_72af0f4a1dbd0f34,2,1,official,principal
2068,0,0,0.22207002341747284,probability_native,0.22207002341747284,u_72af0f4a1dbd0f34,2,1,official,principal
1856,1,0,0.25810155272483826,probability_native,0.25810155272483826,u_72af0f4a1dbd0f34,2,1,official,principal
5759,1,1,0.792698085308075,probability_native,0.792698085308075,u_72af0f4a1dbd0f34,2,1,official,principal
2276,0,1,0.5357431173324585,probability_native,0.5357431173324585,u_72af0f4a1dbd0f34,2,1,official,principal
681,0,0,0.05196001008152962,probability_native,0.05196001008152962,u_72af0f4a1dbd0f34,2,1,official,principal
6083,0,0,0.049209147691726685,probability_native,0.049209147691726685,u_72af0f4a1dbd0f34,2,1,official,principal
679,0,0,0.39234715700149536,probability_native,0.39234715700149536,u_72af0f4a1dbd0f34,2,1,official,principal
548,0,0,0.23334182798862457,probability_native,0.23334182798862457,u_72af0f4a1dbd0f34,2,1,official,principal
5213,0,1,0.7913129329681396,probability_native,0.7913129329681396,u_72af0f4a1dbd0f34,2,1,official,principal
4477,0,0,0.10112589597702026,probability_native,0.10112589597702026,u_72af0f4a1dbd0f34,2,1,official,principal
1350,0,0,0.035864394158124924,probability_native,0.035864394158124924,u_72af0f4a1dbd0f34,2,1,official,principal
78,0,0,0.3958019018173218,probability_native,0.3958019018173218,u_72af0f4a1dbd0f34,2,1,official,principal
386,1,1,0.5790902972221375,probability_native,0.5790902972221375,u_72af0f4a1dbd0f34,2,1,official,principal
1447,1,1,0.5119797587394714,probability_native,0.5119797587394714,u_72af0f4a1dbd0f34,2,1,official,principal
2264,0,0,0.13708800077438354,probability_native,0.13708800077438354,u_72af0f4a1dbd0f34,2,1,official,principal
1627,0,1,0.6193191409111023,probability_native,0.6193191409111023,u_72af0f4a1dbd0f34,2,1,official,principal
2095,1,1,0.8181250691413879,probability_native,0.8181250691413879,u_72af0f4a1dbd0f34,2,1,official,principal
4153,0,0,0.07480641454458237,probability_native,0.07480641454458237,u_72af0f4a1dbd0f34,2,1,official,principal
2449,0,0,0.45193901658058167,probability_native,0.45193901658058167,u_72af0f4a1dbd0f34,2,1,official,principal
6675,0,0,0.224543035030365,probability_native,0.224543035030365,u_72af0f4a1dbd0f34,2,1,official,principal
4857,0,0,0.3009842336177826,probability_native,0.3009842336177826,u_72af0f4a1dbd0f34,2,1,official,principal
5095,0,0,0.10080336779356003,probability_native,0.10080336779356003,u_72af0f4a1dbd0f34,2,1,official,principal
179,0,0,0.08713038265705109,probability_native,0.08713038265705109,u_72af0f4a1dbd0f34,2,1,official,principal
2644,1,0,0.34602978825569153,probability_native,0.34602978825569153,u_72af0f4a1dbd0f34,2,1,official,principal
665,0,1,0.7449259757995605,probability_native,0.7449259757995605,u_72af0f4a1dbd0f34,2,1,official,principal
1553,0,0,0.3183448016643524,probability_native,0.3183448016643524,u_72af0f4a1dbd0f34,2,1,official,principal
1111,1,1,0.5431884527206421,probability_native,0.5431884527206421,u_72af0f4a1dbd0f34,2,1,official,principal
6349,0,0,0.031713806092739105,probability_native,0.031713806092739105,u_72af0f4a1dbd0f34,2,1,official,principal
4946,1,1,0.7976123094558716,probability_native,0.7976123094558716,u_72af0f4a1dbd0f34,2,1,official,principal
245,0,1,0.5849579572677612,probability_native,0.5849579572677612,u_72af0f4a1dbd0f34,2,1,official,principal
1850,0,0,0.3142818808555603,probability_native,0.3142818808555603,u_72af0f4a1dbd0f34,2,1,official,principal
1735,0,0,0.040263134986162186,probability_native,0.040263134986162186,u_72af0f4a1dbd0f34,2,1,official,principal
6382,0,0,0.07792437821626663,probability_native,0.07792437821626663,u_72af0f4a1dbd0f34,2,1,official,principal
6694,0,0,0.09366144239902496,probability_native,0.09366144239902496,u_72af0f4a1dbd0f34,2,1,official,principal
4682,1,0,0.49229758977890015,probability_native,0.49229758977890015,u_72af0f4a1dbd0f34,2,1,official,principal
2744,0,0,0.13932771980762482,probability_native,0.13932771980762482,u_72af0f4a1dbd0f34,2,1,official,principal
5697,1,0,0.35561156272888184,probability_native,0.35561156272888184,u_72af0f4a1dbd0f34,2,1,official,principal
1373,0,1,0.5586605668067932,probability_native,0.5586605668067932,u_72af0f4a1dbd0f34,2,1,official,principal
1894,0,1,0.5369445085525513,probability_native,0.5369445085525513,u_72af0f4a1dbd0f34,2,1,official,principal
2844,1,1,0.7309107780456543,probability_native,0.7309107780456543,u_72af0f4a1dbd0f34,2,1,official,principal
6398,1,0,0.11336309462785721,probability_native,0.11336309462785721,u_72af0f4a1dbd0f34,2,1,official,principal
3771,1,1,0.8181250691413879,probability_native,0.8181250691413879,u_72af0f4a1dbd0f34,2,1,official,principal
851,0,0,0.039026033133268356,probability_native,0.039026033133268356,u_72af0f4a1dbd0f34,2,1,official,principal
2249,0,0,0.3185289204120636,probability_native,0.3185289204120636,u_72af0f4a1dbd0f34,2,1,official,principal
2175,1,0,0.3889845907688141,probability_native,0.3889845907688141,u_72af0f4a1dbd0f34,2,1,official,principal
5918,0,0,0.033360011875629425,probability_native,0.033360011875629425,u_72af0f4a1dbd0f34,2,1,official,principal
6128,0,1,0.7429235577583313,probability_native,0.7429235577583313,u_72af0f4a1dbd0f34,2,1,official,principal
2398,0,1,0.632157027721405,probability_native,0.632157027721405,u_72af0f4a1dbd0f34,2,1,official,principal
6152,1,1,0.57469642162323,probability_native,0.57469642162323,u_72af0f4a1dbd0f34,2,1,official,principal
5807,0,0,0.02178976684808731,probability_native,0.02178976684808731,u_72af0f4a1dbd0f34,2,1,official,principal
131,1,0,0.2722136378288269,probability_native,0.2722136378288269,u_72af0f4a1dbd0f34,2,1,official,principal
1832,1,1,0.545862078666687,probability_native,0.545862078666687,u_72af0f4a1dbd0f34,2,1,official,principal
513,0,1,0.5148488283157349,probability_native,0.5148488283157349,u_72af0f4a1dbd0f34,2,1,official,principal
5010,0,0,0.059249695390462875,probability_native,0.059249695390462875,u_72af0f4a1dbd0f34,2,1,official,principal
5971,0,0,0.027821848168969154,probability_native,0.027821848168969154,u_72af0f4a1dbd0f34,2,1,official,principal
5521,0,0,0.35575607419013977,probability_native,0.35575607419013977,u_72af0f4a1dbd0f34,2,1,official,principal
1785,0,0,0.04936562478542328,probability_native,0.04936562478542328,u_72af0f4a1dbd0f34,2,1,official,principal
5233,1,1,0.6512243747711182,probability_native,0.6512243747711182,u_72af0f4a1dbd0f34,2,1,official,principal
5502,1,1,0.6414384841918945,probability_native,0.6414384841918945,u_72af0f4a1dbd0f34,2,1,official,principal
663,0,0,0.05151109769940376,probability_native,0.05151109769940376,u_72af0f4a1dbd0f34,2,1,official,principal
3717,0,0,0.24729375541210175,probability_native,0.24729375541210175,u_72af0f4a1dbd0f34,2,1,official,principal
1221,0,1,0.6238383054733276,probability_native,0.6238383054733276,u_72af0f4a1dbd0f34,2,1,official,principal
5125,1,1,0.8097552061080933,probability_native,0.8097552061080933,u_72af0f4a1dbd0f34,2,1,official,principal
3770,0,0,0.04346584528684616,probability_native,0.04346584528684616,u_72af0f4a1dbd0f34,2,1,official,principal
3494,1,1,0.7372652292251587,probability_native,0.7372652292251587,u_72af0f4a1dbd0f34,2,1,official,principal
6262,0,0,0.1833076924085617,probability_native,0.1833076924085617,u_72af0f4a1dbd0f34,2,1,official,principal
2987,0,0,0.034600500017404556,probability_native,0.034600500017404556,u_72af0f4a1dbd0f34,2,1,official,principal
1712,0,0,0.2454541027545929,probability_native,0.2454541027545929,u_72af0f4a1dbd0f34,2,1,official,principal
5193,0,0,0.02373046986758709,probability_native,0.02373046986758709,u_72af0f4a1dbd0f34,2,1,official,principal
5527,0,0,0.1170257106423378,probability_native,0.1170257106423378,u_72af0f4a1dbd0f34,2,1,official,principal
4637,0,0,0.06316426396369934,probability_native,0.06316426396369934,u_72af0f4a1dbd0f34,2,1,official,principal
5031,0,1,0.6149312257766724,probability_native,0.6149312257766724,u_72af0f4a1dbd0f34,2,1,official,principal
286,0,1,0.5668339133262634,probability_native,0.5668339133262634,u_72af0f4a1dbd0f34,2,1,official,principal
6643,0,1,0.7104377746582031,probability_native,0.7104377746582031,u_72af0f4a1dbd0f34,2,1,official,principal
4876,1,1,0.6295286417007446,probability_native,0.6295286417007446,u_72af0f4a1dbd0f34,2,1,official,principal
1049,1,1,0.5868183374404907,probability_native,0.5868183374404907,u_72af0f4a1dbd0f34,2,1,official,principal
1180,0,0,0.05805971100926399,probability_native,0.05805971100926399,u_72af0f4a1dbd0f34,2,1,official,principal
4928,1,1,0.5611416697502136,probability_native,0.5611416697502136,u_72af0f4a1dbd0f34,2,1,official,principal
3039,0,0,0.024030353873968124,probability_native,0.024030353873968124,u_72af0f4a1dbd0f34,2,1,official,principal
1508,0,0,0.46363580226898193,probability_native,0.46363580226898193,u_72af0f4a1dbd0f34,2,1,official,principal
3405,0,0,0.2416764199733734,probability_native,0.2416764199733734,u_72af0f4a1dbd0f34,2,1,official,principal
6171,0,1,0.548583984375,probability_native,0.548583984375,u_72af0f4a1dbd0f34,2,1,official,principal
3266,0,0,0.014636946842074394,probability_native,0.014636946842074394,u_72af0f4a1dbd0f34,2,1,official,principal
6004,0,0,0.06571502238512039,probability_native,0.06571502238512039,u_72af0f4a1dbd0f34,2,1,official,principal
1191,0,0,0.03408881276845932,probability_native,0.03408881276845932,u_72af0f4a1dbd0f34,2,1,official,principal
269,0,0,0.03670254349708557,probability_native,0.03670254349708557,u_72af0f4a1dbd0f34,2,1,official,principal
2110,0,1,0.5019471049308777,probability_native,0.5019471049308777,u_72af0f4a1dbd0f34,2,1,official,principal
1529,0,0,0.021263249218463898,probability_native,0.021263249218463898,u_72af0f4a1dbd0f34,2,1,official,principal
3766,1,1,0.6379166841506958,probability_native,0.6379166841506958,u_72af0f4a1dbd0f34,2,1,official,principal
2562,0,0,0.04775620996952057,probability_native,0.04775620996952057,u_72af0f4a1dbd0f34,2,1,official,principal
4833,0,0,0.10868507623672485,probability_native,0.10868507623672485,u_72af0f4a1dbd0f34,2,1,official,principal
5160,0,1,0.7180783152580261,probability_native,0.7180783152580261,u_72af0f4a1dbd0f34,2,1,official,principal
3942,1,1,0.7575473189353943,probability_native,0.7575473189353943,u_72af0f4a1dbd0f34,2,1,official,principal
3387,0,0,0.38580676913261414,probability_native,0.38580676913261414,u_72af0f4a1dbd0f34,2,1,official,principal
1015,1,0,0.10968516021966934,probability_native,0.10968516021966934,u_72af0f4a1dbd0f34,2,1,official,principal
1683,0,0,0.02242702804505825,probability_native,0.02242702804505825,u_72af0f4a1dbd0f34,2,1,official,principal
3773,1,1,0.6724186539649963,probability_native,0.6724186539649963,u_72af0f4a1dbd0f34,2,1,official,principal
3038,0,0,0.3366372883319855,probability_native,0.3366372883319855,u_72af0f4a1dbd0f34,2,1,official,principal
1225,1,1,0.5118893384933472,probability_native,0.5118893384933472,u_72af0f4a1dbd0f34,2,1,official,principal
417,0,0,0.05249892175197601,probability_native,0.05249892175197601,u_72af0f4a1dbd0f34,2,1,official,principal
4177,0,0,0.29755228757858276,probability_native,0.29755228757858276,u_72af0f4a1dbd0f34,2,1,official,principal
5025,0,1,0.7419625520706177,probability_native,0.7419625520706177,u_72af0f4a1dbd0f34,2,1,official,principal
629,1,0,0.4547055959701538,probability_native,0.4547055959701538,u_72af0f4a1dbd0f34,2,1,official,principal
1556,1,1,0.6369251012802124,probability_native,0.6369251012802124,u_72af0f4a1dbd0f34,2,1,official,principal
3255,0,0,0.24072737991809845,probability_native,0.24072737991809845,u_72af0f4a1dbd0f34,2,1,official,principal
586,0,0,0.05998598411679268,probability_native,0.05998598411679268,u_72af0f4a1dbd0f34,2,1,official,principal
2633,0,0,0.1820424348115921,probability_native,0.1820424348115921,u_72af0f4a1dbd0f34,2,1,official,principal
3436,0,0,0.11221375316381454,probability_native,0.11221375316381454,u_72af0f4a1dbd0f34,2,1,official,principal
1047,0,1,0.6025510430335999,probability_native,0.6025510430335999,u_72af0f4a1dbd0f34,2,1,official,principal
2260,1,0,0.4984661340713501,probability_native,0.4984661340713501,u_72af0f4a1dbd0f34,2,1,official,principal
3027,0,0,0.4430389702320099,probability_native,0.4430389702320099,u_72af0f4a1dbd0f34,2,1,official,principal
3322,1,1,0.8113527894020081,probability_native,0.8113527894020081,u_72af0f4a1dbd0f34,2,1,official,principal
1530,1,1,0.5005888938903809,probability_native,0.5005888938903809,u_72af0f4a1dbd0f34,2,1,official,principal
3538,0,0,0.017279038205742836,probability_native,0.017279038205742836,u_72af0f4a1dbd0f34,2,1,official,principal
5032,0,1,0.7513290643692017,probability_native,0.7513290643692017,u_72af0f4a1dbd0f34,2,1,official,principal
2111,0,0,0.03709529712796211,probability_native,0.03709529712796211,u_72af0f4a1dbd0f34,2,1,official,principal
3784,1,1,0.7300165891647339,probability_native,0.7300165891647339,u_72af0f4a1dbd0f34,2,1,official,principal
2261,0,0,0.40729227662086487,probability_native,0.40729227662086487,u_72af0f4a1dbd0f34,2,1,official,principal
5314,0,0,0.023084688931703568,probability_native,0.023084688931703568,u_72af0f4a1dbd0f34,2,1,official,principal
3846,0,1,0.6219983696937561,probability_native,0.6219983696937561,u_72af0f4a1dbd0f34,2,1,official,principal
532,0,1,0.8090877532958984,probability_native,0.8090877532958984,u_72af0f4a1dbd0f34,2,1,official,principal
2934,0,0,0.17136035859584808,probability_native,0.17136035859584808,u_72af0f4a1dbd0f34,2,1,official,principal
5519,0,1,0.5401448011398315,probability_native,0.5401448011398315,u_72af0f4a1dbd0f34,2,1,official,principal
5558,0,0,0.05851913243532181,probability_native,0.05851913243532181,u_72af0f4a1dbd0f34,2,1,official,principal
969,1,1,0.8313924074172974,probability_native,0.8313924074172974,u_72af0f4a1dbd0f34,2,1,official,principal
4391,0,1,0.5278838872909546,probability_native,0.5278838872909546,u_72af0f4a1dbd0f34,2,1,official,principal
1816,0,0,0.44202327728271484,probability_native,0.44202327728271484,u_72af0f4a1dbd0f34,2,1,official,principal
4738,1,1,0.6693931818008423,probability_native,0.6693931818008423,u_72af0f4a1dbd0f34,2,1,official,principal
1122,1,0,0.21360981464385986,probability_native,0.21360981464385986,u_72af0f4a1dbd0f34,2,1,official,principal
5059,1,1,0.6910234689712524,probability_native,0.6910234689712524,u_72af0f4a1dbd0f34,2,1,official,principal
5134,1,1,0.7184276580810547,probability_native,0.7184276580810547,u_72af0f4a1dbd0f34,2,1,official,principal
4073,1,0,0.35998815298080444,probability_native,0.35998815298080444,u_72af0f4a1dbd0f34,2,1,official,principal
3571,0,0,0.4940733313560486,probability_native,0.4940733313560486,u_72af0f4a1dbd0f34,2,1,official,principal
68,0,0,0.02224576845765114,probability_native,0.02224576845765114,u_72af0f4a1dbd0f34,2,1,official,principal
1899,0,1,0.5148820877075195,probability_native,0.5148820877075195,u_72af0f4a1dbd0f34,2,1,official,principal
1190,0,0,0.4125681519508362,probability_native,0.4125681519508362,u_72af0f4a1dbd0f34,2,1,official,principal
6211,1,1,0.6740490198135376,probability_native,0.6740490198135376,u_72af0f4a1dbd0f34,2,1,official,principal
6257,1,1,0.7737764716148376,probability_native,0.7737764716148376,u_72af0f4a1dbd0f34,2,1,official,principal
6851,0,0,0.11351571977138519,probability_native,0.11351571977138519,u_72af0f4a1dbd0f34,2,1,official,principal
4727,0,0,0.06111575663089752,probability_native,0.06111575663089752,u_72af0f4a1dbd0f34,2,1,official,principal
5998,0,0,0.0607776865363121,probability_native,0.0607776865363121,u_72af0f4a1dbd0f34,2,1,official,principal
664,0,0,0.031108308583498,probability_native,0.031108308583498,u_72af0f4a1dbd0f34,2,1,official,principal
4672,0,0,0.3279854655265808,probability_native,0.3279854655265808,u_72af0f4a1dbd0f34,2,1,official,principal
1375,0,0,0.04692782461643219,probability_native,0.04692782461643219,u_72af0f4a1dbd0f34,2,1,official,principal
2552,0,0,0.10623133927583694,probability_native,0.10623133927583694,u_72af0f4a1dbd0f34,2,1,official,principal
3367,0,0,0.05541742220520973,probability_native,0.05541742220520973,u_72af0f4a1dbd0f34,2,1,official,principal
1196,0,0,0.07835189998149872,probability_native,0.07835189998149872,u_72af0f4a1dbd0f34,2,1,official,principal
6298,0,0,0.44580143690109253,probability_native,0.44580143690109253,u_72af0f4a1dbd0f34,2,1,official,principal
3019,1,0,0.23998965322971344,probability_native,0.23998965322971344,u_72af0f4a1dbd0f34,2,1,official,principal
538,0,0,0.2741032838821411,probability_native,0.2741032838821411,u_72af0f4a1dbd0f34,2,1,official,principal
232,1,1,0.70015549659729,probability_native,0.70015549659729,u_72af0f4a1dbd0f34,2,1,official,principal
3984,0,0,0.015458601526916027,probability_native,0.015458601526916027,u_72af0f4a1dbd0f34,2,1,official,principal
1746,0,0,0.05508807301521301,probability_native,0.05508807301521301,u_72af0f4a1dbd0f34,2,1,official,principal
470,0,0,0.07550926506519318,probability_native,0.07550926506519318,u_72af0f4a1dbd0f34,2,1,official,principal
6470,0,0,0.2504410743713379,probability_native,0.2504410743713379,u_72af0f4a1dbd0f34,2,1,official,principal
3933,0,0,0.3276827931404114,probability_native,0.3276827931404114,u_72af0f4a1dbd0f34,2,1,official,principal
619,0,1,0.7358912229537964,probability_native,0.7358912229537964,u_72af0f4a1dbd0f34,2,1,official,principal
1932,0,1,0.596367359161377,probability_native,0.596367359161377,u_72af0f4a1dbd0f34,2,1,official,principal
6117,0,0,0.04758104309439659,probability_native,0.04758104309439659,u_72af0f4a1dbd0f34,2,1,official,principal
5814,0,0,0.34363216161727905,probability_native,0.34363216161727905,u_72af0f4a1dbd0f34,2,1,official,principal
3388,0,0,0.21913571655750275,probability_native,0.21913571655750275,u_72af0f4a1dbd0f34,2,1,official,principal
3925,0,0,0.15104636549949646,probability_native,0.15104636549949646,u_72af0f4a1dbd0f34,2,1,official,principal
4940,0,1,0.6976328492164612,probability_native,0.6976328492164612,u_72af0f4a1dbd0f34,2,1,official,principal
643,0,0,0.30283454060554504,probability_native,0.30283454060554504,u_72af0f4a1dbd0f34,2,1,official,principal
4090,0,1,0.520144522190094,probability_native,0.520144522190094,u_72af0f4a1dbd0f34,2,1,official,principal
2103,0,1,0.7241018414497375,probability_native,0.7241018414497375,u_72af0f4a1dbd0f34,2,1,official,principal
2750,0,0,0.22381572425365448,probability_native,0.22381572425365448,u_72af0f4a1dbd0f34,2,1,official,principal
2007,1,1,0.8168249130249023,probability_native,0.8168249130249023,u_72af0f4a1dbd0f34,2,1,official,principal
3622,0,0,0.013337014243006706,probability_native,0.013337014243006706,u_72af0f4a1dbd0f34,2,1,official,principal
6619,0,0,0.36530008912086487,probability_native,0.36530008912086487,u_72af0f4a1dbd0f34,2,1,official,principal
1456,1,1,0.7580655813217163,probability_native,0.7580655813217163,u_72af0f4a1dbd0f34,2,1,official,principal
1905,0,0,0.12469355016946793,probability_native,0.12469355016946793,u_72af0f4a1dbd0f34,2,1,official,principal
6279,0,1,0.5153151750564575,probability_native,0.5153151750564575,u_72af0f4a1dbd0f34,2,1,official,principal
1868,0,1,0.734424352645874,probability_native,0.734424352645874,u_72af0f4a1dbd0f34,2,1,official,principal
2887,1,1,0.7420907616615295,probability_native,0.7420907616615295,u_72af0f4a1dbd0f34,2,1,official,principal
415,0,0,0.4055998921394348,probability_native,0.4055998921394348,u_72af0f4a1dbd0f34,2,1,official,principal
4180,1,1,0.6515929698944092,probability_native,0.6515929698944092,u_72af0f4a1dbd0f34,2,1,official,principal
4361,0,0,0.12670564651489258,probability_native,0.12670564651489258,u_72af0f4a1dbd0f34,2,1,official,principal
3307,0,0,0.08285771310329437,probability_native,0.08285771310329437,u_72af0f4a1dbd0f34,2,1,official,principal
6980,1,0,0.4826282560825348,probability_native,0.4826282560825348,u_72af0f4a1dbd0f34,2,1,official,principal
1112,0,0,0.019230538979172707,probability_native,0.019230538979172707,u_72af0f4a1dbd0f34,2,1,official,principal
6193,0,0,0.40383341908454895,probability_native,0.40383341908454895,u_72af0f4a1dbd0f34,2,1,official,principal
4834,0,0,0.037596721202135086,probability_native,0.037596721202135086,u_72af0f4a1dbd0f34,2,1,official,principal
298,0,1,0.5409658551216125,probability_native,0.5409658551216125,u_72af0f4a1dbd0f34,2,1,official,principal
6486,1,0,0.45361462235450745,probability_native,0.45361462235450745,u_72af0f4a1dbd0f34,2,1,official,principal
1325,1,1,0.8120458126068115,probability_native,0.8120458126068115,u_72af0f4a1dbd0f34,2,1,official,principal
251,1,1,0.6729861497879028,probability_native,0.6729861497879028,u_72af0f4a1dbd0f34,2,1,official,principal
3657,0,0,0.055971015244722366,probability_native,0.055971015244722366,u_72af0f4a1dbd0f34,2,1,official,principal
3015,0,0,0.05439883843064308,probability_native,0.05439883843064308,u_72af0f4a1dbd0f34,2,1,official,principal
738,0,1,0.5033208727836609,probability_native,0.5033208727836609,u_72af0f4a1dbd0f34,2,1,official,principal
5170,0,1,0.5868183374404907,probability_native,0.5868183374404907,u_72af0f4a1dbd0f34,2,1,official,principal
6958,0,0,0.06591038405895233,probability_native,0.06591038405895233,u_72af0f4a1dbd0f34,2,1,official,principal
6770,0,1,0.7129040360450745,probability_native,0.7129040360450745,u_72af0f4a1dbd0f34,2,1,official,principal
418,1,0,0.46659886837005615,probability_native,0.46659886837005615,u_72af0f4a1dbd0f34,2,1,official,principal
1176,1,1,0.6840046048164368,probability_native,0.6840046048164368,u_72af0f4a1dbd0f34,2,1,official,principal
1486,1,1,0.5563945174217224,probability_native,0.5563945174217224,u_72af0f4a1dbd0f34,2,1,official,principal
6269,0,0,0.2387980818748474,probability_native,0.2387980818748474,u_72af0f4a1dbd0f34,2,1,official,principal
1574,0,0,0.047882188111543655,probability_native,0.047882188111543655,u_72af0f4a1dbd0f34,2,1,official,principal
5684,1,0,0.27749499678611755,probability_native,0.27749499678611755,u_72af0f4a1dbd0f34,2,1,official,principal
504,0,0,0.03332841396331787,probability_native,0.03332841396331787,u_72af0f4a1dbd0f34,2,1,official,principal
5358,0,0,0.1456242948770523,probability_native,0.1456242948770523,u_72af0f4a1dbd0f34,2,1,official,principal
1324,1,0,0.2654939889907837,probability_native,0.2654939889907837,u_72af0f4a1dbd0f34,2,1,official,principal
1669,0,1,0.7643228769302368,probability_native,0.7643228769302368,u_72af0f4a1dbd0f34,2,1,official,principal
427,0,1,0.6706650853157043,probability_native,0.6706650853157043,u_72af0f4a1dbd0f34,2,1,official,principal
2939,1,0,0.48595523834228516,probability_native,0.48595523834228516,u_72af0f4a1dbd0f34,2,1,official,principal
1224,1,1,0.7103169560432434,probability_native,0.7103169560432434,u_72af0f4a1dbd0f34,2,1,official,principal
2960,1,1,0.683443546295166,probability_native,0.683443546295166,u_72af0f4a1dbd0f34,2,1,official,principal
2030,0,0,0.4170427918434143,probability_native,0.4170427918434143,u_72af0f4a1dbd0f34,2,1,official,principal
3061,1,1,0.713047444820404,probability_native,0.713047444820404,u_72af0f4a1dbd0f34,2,1,official,principal
3893,0,1,0.6039730906486511,probability_native,0.6039730906486511,u_72af0f4a1dbd0f34,2,1,official,principal
1677,0,0,0.09137226641178131,probability_native,0.09137226641178131,u_72af0f4a1dbd0f34,2,1,official,principal
672,1,1,0.7989102005958557,probability_native,0.7989102005958557,u_72af0f4a1dbd0f34,2,1,official,principal
2146,0,0,0.2993220388889313,probability_native,0.2993220388889313,u_72af0f4a1dbd0f34,2,1,official,principal
4378,0,0,0.09171534329652786,probability_native,0.09171534329652786,u_72af0f4a1dbd0f34,2,1,official,principal
6062,0,0,0.4175160825252533,probability_native,0.4175160825252533,u_72af0f4a1dbd0f34,2,1,official,principal
143,0,0,0.242184117436409,probability_native,0.242184117436409,u_72af0f4a1dbd0f34,2,1,official,principal
5883,0,0,0.40687623620033264,probability_native,0.40687623620033264,u_72af0f4a1dbd0f34,2,1,official,principal
3136,1,1,0.706884503364563,probability_native,0.706884503364563,u_72af0f4a1dbd0f34,2,1,official,principal
6250,0,0,0.10358864814043045,probability_native,0.10358864814043045,u_72af0f4a1dbd0f34,2,1,official,principal
4970,0,0,0.24631506204605103,probability_native,0.24631506204605103,u_72af0f4a1dbd0f34,2,1,official,principal
4048,0,0,0.026703227311372757,probability_native,0.026703227311372757,u_72af0f4a1dbd0f34,2,1,official,principal
999,0,1,0.5957273840904236,probability_native,0.5957273840904236,u_72af0f4a1dbd0f34,2,1,official,principal
4360,0,0,0.45868033170700073,probability_native,0.45868033170700073,u_72af0f4a1dbd0f34,2,1,official,principal
2010,1,1,0.7754043340682983,probability_native,0.7754043340682983,u_72af0f4a1dbd0f34,2,1,official,principal
1238,1,1,0.7989378571510315,probability_native,0.7989378571510315,u_72af0f4a1dbd0f34,2,1,official,principal
2778,0,0,0.3270323574542999,probability_native,0.3270323574542999,u_72af0f4a1dbd0f34,2,1,official,principal
4236,0,1,0.5449768900871277,probability_native,0.5449768900871277,u_72af0f4a1dbd0f34,2,1,official,principal
6697,0,0,0.2471669763326645,probability_native,0.2471669763326645,u_72af0f4a1dbd0f34,2,1,official,principal
6049,0,0,0.031713806092739105,probability_native,0.031713806092739105,u_72af0f4a1dbd0f34,2,1,official,principal
1327,1,0,0.4374336898326874,probability_native,0.4374336898326874,u_72af0f4a1dbd0f34,2,1,official,principal
2149,0,1,0.5298084616661072,probability_native,0.5298084616661072,u_72af0f4a1dbd0f34,2,1,official,principal
4841,0,1,0.5681747198104858,probability_native,0.5681747198104858,u_72af0f4a1dbd0f34,2,1,official,principal
5062,1,0,0.2973199486732483,probability_native,0.2973199486732483,u_72af0f4a1dbd0f34,2,1,official,principal
4043,0,0,0.05582307651638985,probability_native,0.05582307651638985,u_72af0f4a1dbd0f34,2,1,official,principal
421,0,1,0.7422245144844055,probability_native,0.7422245144844055,u_72af0f4a1dbd0f34,2,1,official,principal
1811,0,1,0.5591897368431091,probability_native,0.5591897368431091,u_72af0f4a1dbd0f34,2,1,official,principal
2955,1,1,0.8328011631965637,probability_native,0.8328011631965637,u_72af0f4a1dbd0f34,2,1,official,principal
29,1,0,0.44987618923187256,probability_native,0.44987618923187256,u_72af0f4a1dbd0f34,2,1,official,principal
6800,1,0,0.1775231808423996,probability_native,0.1775231808423996,u_72af0f4a1dbd0f34,2,1,official,principal
296,0,0,0.060977108776569366,probability_native,0.060977108776569366,u_72af0f4a1dbd0f34,2,1,official,principal
1005,0,0,0.4446956515312195,probability_native,0.4446956515312195,u_72af0f4a1dbd0f34,2,1,official,principal
1185,1,1,0.7709819078445435,probability_native,0.7709819078445435,u_72af0f4a1dbd0f34,2,1,official,principal
3276,1,1,0.7977142333984375,probability_native,0.7977142333984375,u_72af0f4a1dbd0f34,2,1,official,principal
6090,0,0,0.09318085014820099,probability_native,0.09318085014820099,u_72af0f4a1dbd0f34,2,1,official,principal
22,1,1,0.596367359161377,probability_native,0.596367359161377,u_72af0f4a1dbd0f34,2,1,official,principal
2438,1,1,0.6081638336181641,probability_native,0.6081638336181641,u_72af0f4a1dbd0f34,2,1,official,principal
6772,1,0,0.1869085282087326,probability_native,0.1869085282087326,u_72af0f4a1dbd0f34,2,1,official,principal
2312,0,0,0.07831501960754395,probability_native,0.07831501960754395,u_72af0f4a1dbd0f34,2,1,official,principal
146,0,0,0.1718897968530655,probability_native,0.1718897968530655,u_72af0f4a1dbd0f34,2,1,official,principal
4396,1,1,0.7575473189353943,probability_native,0.7575473189353943,u_72af0f4a1dbd0f34,2,1,official,principal
583,0,0,0.4951372742652893,probability_native,0.4951372742652893,u_72af0f4a1dbd0f34,2,1,official,principal
1960,0,0,0.23873072862625122,probability_native,0.23873072862625122,u_72af0f4a1dbd0f34,2,1,official,principal
2637,0,0,0.022607631981372833,probability_native,0.022607631981372833,u_72af0f4a1dbd0f34,2,1,official,principal
448,0,1,0.7493477463722229,probability_native,0.7493477463722229,u_72af0f4a1dbd0f34,2,1,official,principal
2761,1,1,0.6326522827148438,probability_native,0.6326522827148438,u_72af0f4a1dbd0f34,2,1,official,principal
4489,0,0,0.12343762814998627,probability_native,0.12343762814998627,u_72af0f4a1dbd0f34,2,1,official,principal
2607,1,1,0.8125386238098145,probability_native,0.8125386238098145,u_72af0f4a1dbd0f34,2,1,official,principal
82,1,1,0.7198503017425537,probability_native,0.7198503017425537,u_72af0f4a1dbd0f34,2,1,official,principal
1809,1,1,0.713689923286438,probability_native,0.713689923286438,u_72af0f4a1dbd0f34,2,1,official,principal
5696,1,0,0.3343767523765564,probability_native,0.3343767523765564,u_72af0f4a1dbd0f34,2,1,official,principal
4538,1,1,0.637476921081543,probability_native,0.637476921081543,u_72af0f4a1dbd0f34,2,1,official,principal
2861,1,1,0.8182189464569092,probability_native,0.8182189464569092,u_72af0f4a1dbd0f34,2,1,official,principal
5224,0,0,0.41323113441467285,probability_native,0.41323113441467285,u_72af0f4a1dbd0f34,2,1,official,principal
3813,0,0,0.2739901840686798,probability_native,0.2739901840686798,u_72af0f4a1dbd0f34,2,1,official,principal
1080,0,0,0.05526682734489441,probability_native,0.05526682734489441,u_72af0f4a1dbd0f34,2,1,official,principal
2708,1,1,0.7140138149261475,probability_native,0.7140138149261475,u_72af0f4a1dbd0f34,2,1,official,principal
3309,0,0,0.06431955099105835,probability_native,0.06431955099105835,u_72af0f4a1dbd0f34,2,1,official,principal
6768,0,0,0.043285220861434937,probability_native,0.043285220861434937,u_72af0f4a1dbd0f34,2,1,official,principal
1616,0,0,0.04372330754995346,probability_native,0.04372330754995346,u_72af0f4a1dbd0f34,2,1,official,principal
4344,0,0,0.17122820019721985,probability_native,0.17122820019721985,u_72af0f4a1dbd0f34,2,1,official,principal
3722,0,0,0.04249928146600723,probability_native,0.04249928146600723,u_72af0f4a1dbd0f34,2,1,official,principal
1511,0,0,0.028481174260377884,probability_native,0.028481174260377884,u_72af0f4a1dbd0f34,2,1,official,principal
3074,0,0,0.27858996391296387,probability_native,0.27858996391296387,u_72af0f4a1dbd0f34,2,1,official,principal
4631,1,1,0.8157915472984314,probability_native,0.8157915472984314,u_72af0f4a1dbd0f34,2,1,official,principal
7017,0,0,0.04752862825989723,probability_native,0.04752862825989723,u_72af0f4a1dbd0f34,2,1,official,principal
3832,0,0,0.27484676241874695,probability_native,0.27484676241874695,u_72af0f4a1dbd0f34,2,1,official,principal
4293,1,1,0.7007547616958618,probability_native,0.7007547616958618,u_72af0f4a1dbd0f34,2,1,official,principal
1195,0,1,0.5405488610267639,probability_native,0.5405488610267639,u_72af0f4a1dbd0f34,2,1,official,principal
1200,0,0,0.3969694972038269,probability_native,0.3969694972038269,u_72af0f4a1dbd0f34,2,1,official,principal
6750,0,0,0.10362023115158081,probability_native,0.10362023115158081,u_72af0f4a1dbd0f34,2,1,official,principal
553,0,0,0.06736918538808823,probability_native,0.06736918538808823,u_72af0f4a1dbd0f34,2,1,official,principal
748,0,0,0.022363701835274696,probability_native,0.022363701835274696,u_72af0f4a1dbd0f34,2,1,official,principal
906,0,1,0.7247542142868042,probability_native,0.7247542142868042,u_72af0f4a1dbd0f34,2,1,official,principal
3923,1,1,0.799867570400238,probability_native,0.799867570400238,u_72af0f4a1dbd0f34,2,1,official,principal
4115,0,0,0.07862035930156708,probability_native,0.07862035930156708,u_72af0f4a1dbd0f34,2,1,official,principal
1526,0,1,0.6821271777153015,probability_native,0.6821271777153015,u_72af0f4a1dbd0f34,2,1,official,principal
3022,0,0,0.41155198216438293,probability_native,0.41155198216438293,u_72af0f4a1dbd0f34,2,1,official,principal
707,0,0,0.41258275508880615,probability_native,0.41258275508880615,u_72af0f4a1dbd0f34,2,1,official,principal
1041,0,0,0.08537761867046356,probability_native,0.08537761867046356,u_72af0f4a1dbd0f34,2,1,official,principal
662,0,1,0.596367359161377,probability_native,0.596367359161377,u_72af0f4a1dbd0f34,2,1,official,principal
1745,0,0,0.03874695673584938,probability_native,0.03874695673584938,u_72af0f4a1dbd0f34,2,1,official,principal
1364,0,0,0.027125179767608643,probability_native,0.027125179767608643,u_72af0f4a1dbd0f34,2,1,official,principal
2218,0,0,0.023009544238448143,probability_native,0.023009544238448143,u_72af0f4a1dbd0f34,2,1,official,principal
687,1,1,0.6446897983551025,probability_native,0.6446897983551025,u_72af0f4a1dbd0f34,2,1,official,principal
6858,1,1,0.6566293239593506,probability_native,0.6566293239593506,u_72af0f4a1dbd0f34,2,1,official,principal
1012,0,1,0.6813070178031921,probability_native,0.6813070178031921,u_72af0f4a1dbd0f34,2,1,official,principal
319,0,0,0.465286523103714,probability_native,0.465286523103714,u_72af0f4a1dbd0f34,2,1,official,principal
635,1,1,0.5414718389511108,probability_native,0.5414718389511108,u_72af0f4a1dbd0f34,2,1,official,principal
1069,0,0,0.06493140012025833,probability_native,0.06493140012025833,u_72af0f4a1dbd0f34,2,1,official,principal
400,0,0,0.06995969265699387,probability_native,0.06995969265699387,u_72af0f4a1dbd0f34,2,1,official,principal
4825,0,1,0.6557424664497375,probability_native,0.6557424664497375,u_72af0f4a1dbd0f34,2,1,official,principal
3551,1,1,0.7821099758148193,probability_native,0.7821099758148193,u_72af0f4a1dbd0f34,2,1,official,principal
2315,0,0,0.22743874788284302,probability_native,0.22743874788284302,u_72af0f4a1dbd0f34,2,1,official,principal
1966,0,0,0.264029324054718,probability_native,0.264029324054718,u_72af0f4a1dbd0f34,2,1,official,principal
5443,0,0,0.350261926651001,probability_native,0.350261926651001,u_72af0f4a1dbd0f34,2,1,official,principal
5324,0,0,0.10383456200361252,probability_native,0.10383456200361252,u_72af0f4a1dbd0f34,2,1,official,principal
6123,0,0,0.25354039669036865,probability_native,0.25354039669036865,u_72af0f4a1dbd0f34,2,1,official,principal
3757,0,0,0.048092130571603775,probability_native,0.048092130571603775,u_72af0f4a1dbd0f34,2,1,official,principal
2922,1,0,0.45780518651008606,probability_native,0.45780518651008606,u_72af0f4a1dbd0f34,2,1,official,principal
6418,0,0,0.24879750609397888,probability_native,0.24879750609397888,u_72af0f4a1dbd0f34,2,1,official,principal
4172,0,1,0.5659753084182739,probability_native,0.5659753084182739,u_72af0f4a1dbd0f34,2,1,official,principal
5887,0,0,0.30302390456199646,probability_native,0.30302390456199646,u_72af0f4a1dbd0f34,2,1,official,principal
846,0,0,0.04219641163945198,probability_native,0.04219641163945198,u_72af0f4a1dbd0f34,2,1,official,principal
1213,0,0,0.02836870774626732,probability_native,0.02836870774626732,u_72af0f4a1dbd0f34,2,1,official,principal
3433,0,0,0.40366408228874207,probability_native,0.40366408228874207,u_72af0f4a1dbd0f34,2,1,official,principal
1921,0,0,0.043637964874506,probability_native,0.043637964874506,u_72af0f4a1dbd0f34,2,1,official,principal
3599,0,0,0.10552854090929031,probability_native,0.10552854090929031,u_72af0f4a1dbd0f34,2,1,official,principal
4295,0,0,0.08815646171569824,probability_native,0.08815646171569824,u_72af0f4a1dbd0f34,2,1,official,principal
2563,1,0,0.48749426007270813,probability_native,0.48749426007270813,u_72af0f4a1dbd0f34,2,1,official,principal
121,0,0,0.29623764753341675,probability_native,0.29623764753341675,u_72af0f4a1dbd0f34,2,1,official,principal
1479,0,0,0.31433388590812683,probability_native,0.31433388590812683,u_72af0f4a1dbd0f34,2,1,official,principal
6126,1,1,0.5811416506767273,probability_native,0.5811416506767273,u_72af0f4a1dbd0f34,2,1,official,principal
2859,0,0,0.05436939001083374,probability_native,0.05436939001083374,u_72af0f4a1dbd0f34,2,1,official,principal
3131,0,0,0.01540299504995346,probability_native,0.01540299504995346,u_72af0f4a1dbd0f34,2,1,official,principal
6032,1,1,0.6963837742805481,probability_native,0.6963837742805481,u_72af0f4a1dbd0f34,2,1,official,principal
1962,0,0,0.25584107637405396,probability_native,0.25584107637405396,u_72af0f4a1dbd0f34,2,1,official,principal
6860,1,1,0.5802676677703857,probability_native,0.5802676677703857,u_72af0f4a1dbd0f34,2,1,official,principal
3531,0,0,0.050495464354753494,probability_native,0.050495464354753494,u_72af0f4a1dbd0f34,2,1,official,principal
6038,1,0,0.07301681488752365,probability_native,0.07301681488752365,u_72af0f4a1dbd0f34,2,1,official,principal
5055,0,0,0.052970170974731445,probability_native,0.052970170974731445,u_72af0f4a1dbd0f34,2,1,official,principal
6229,0,0,0.039473894983530045,probability_native,0.039473894983530045,u_72af0f4a1dbd0f34,2,1,official,principal
1547,1,0,0.44826245307922363,probability_native,0.44826245307922363,u_72af0f4a1dbd0f34,2,1,official,principal
4381,1,1,0.6111747622489929,probability_native,0.6111747622489929,u_72af0f4a1dbd0f34,2,1,official,principal
6835,0,0,0.32635951042175293,probability_native,0.32635951042175293,u_72af0f4a1dbd0f34,2,1,official,principal
520,0,0,0.44577252864837646,probability_native,0.44577252864837646,u_72af0f4a1dbd0f34,2,1,official,principal
6452,0,1,0.5901707410812378,probability_native,0.5901707410812378,u_72af0f4a1dbd0f34,2,1,official,principal
6012,1,1,0.7012662887573242,probability_native,0.7012662887573242,u_72af0f4a1dbd0f34,2,1,official,principal
4836,0,0,0.1894799768924713,probability_native,0.1894799768924713,u_72af0f4a1dbd0f34,2,1,official,principal
6597,1,1,0.518510639667511,probability_native,0.518510639667511,u_72af0f4a1dbd0f34,2,1,official,principal
2736,0,1,0.5164388418197632,probability_native,0.5164388418197632,u_72af0f4a1dbd0f34,2,1,official,principal
1075,0,0,0.3798794150352478,probability_native,0.3798794150352478,u_72af0f4a1dbd0f34,2,1,official,principal
4063,1,1,0.759141206741333,probability_native,0.759141206741333,u_72af0f4a1dbd0f34,2,1,official,principal
4494,0,1,0.672377347946167,probability_native,0.672377347946167,u_72af0f4a1dbd0f34,2,1,official,principal
2031,0,0,0.4799269139766693,probability_native,0.4799269139766693,u_72af0f4a1dbd0f34,2,1,official,principal
468,0,0,0.03598819300532341,probability_native,0.03598819300532341,u_72af0f4a1dbd0f34,2,1,official,principal
6682,0,0,0.11198721081018448,probability_native,0.11198721081018448,u_72af0f4a1dbd0f34,2,1,official,principal
2200,0,0,0.18090878427028656,probability_native,0.18090878427028656,u_72af0f4a1dbd0f34,2,1,official,principal
6676,0,0,0.3505359888076782,probability_native,0.3505359888076782,u_72af0f4a1dbd0f34,2,1,official,principal
6326,0,0,0.07535801082849503,probability_native,0.07535801082849503,u_72af0f4a1dbd0f34,2,1,official,principal
2890,1,0,0.32481297850608826,probability_native,0.32481297850608826,u_72af0f4a1dbd0f34,2,1,official,principal
5197,0,0,0.15743258595466614,probability_native,0.15743258595466614,u_72af0f4a1dbd0f34,2,1,official,principal
2322,0,0,0.032989680767059326,probability_native,0.032989680767059326,u_72af0f4a1dbd0f34,2,1,official,principal
1251,1,1,0.7180783152580261,probability_native,0.7180783152580261,u_72af0f4a1dbd0f34,2,1,official,principal
4510,0,0,0.24586762487888336,probability_native,0.24586762487888336,u_72af0f4a1dbd0f34,2,1,official,principal
6021,0,0,0.3443479537963867,probability_native,0.3443479537963867,u_72af0f4a1dbd0f34,2,1,official,principal
1017,0,0,0.10798992216587067,probability_native,0.10798992216587067,u_72af0f4a1dbd0f34,2,1,official,principal
6150,0,1,0.5858425498008728,probability_native,0.5858425498008728,u_72af0f4a1dbd0f34,2,1,official,principal
4854,0,0,0.08027142286300659,probability_native,0.08027142286300659,u_72af0f4a1dbd0f34,2,1,official,principal
1495,0,0,0.25476109981536865,probability_native,0.25476109981536865,u_72af0f4a1dbd0f34,2,1,official,principal
6067,0,0,0.13373032212257385,probability_native,0.13373032212257385,u_72af0f4a1dbd0f34,2,1,official,principal
2050,0,0,0.015358786098659039,probability_native,0.015358786098659039,u_72af0f4a1dbd0f34,2,1,official,principal
5590,0,0,0.15563952922821045,probability_native,0.15563952922821045,u_72af0f4a1dbd0f34,2,1,official,principal
1422,0,0,0.10051960498094559,probability_native,0.10051960498094559,u_72af0f4a1dbd0f34,2,1,official,principal
5774,0,1,0.5521467924118042,probability_native,0.5521467924118042,u_72af0f4a1dbd0f34,2,1,official,principal
3450,0,0,0.44429558515548706,probability_native,0.44429558515548706,u_72af0f4a1dbd0f34,2,1,official,principal
6668,0,1,0.6573619842529297,probability_native,0.6573619842529297,u_72af0f4a1dbd0f34,2,1,official,principal
2995,0,1,0.6724186539649963,probability_native,0.6724186539649963,u_72af0f4a1dbd0f34,2,1,official,principal
3004,1,1,0.7175650596618652,probability_native,0.7175650596618652,u_72af0f4a1dbd0f34,2,1,official,principal
3611,0,0,0.1185624971985817,probability_native,0.1185624971985817,u_72af0f4a1dbd0f34,2,1,official,principal
4131,1,1,0.6560269594192505,probability_native,0.6560269594192505,u_72af0f4a1dbd0f34,2,1,official,principal
3455,1,1,0.8308537006378174,probability_native,0.8308537006378174,u_72af0f4a1dbd0f34,2,1,official,principal
1954,1,1,0.8217833042144775,probability_native,0.8217833042144775,u_72af0f4a1dbd0f34,2,1,official,principal
5637,0,0,0.22222170233726501,probability_native,0.22222170233726501,u_72af0f4a1dbd0f34,2,1,official,principal
6028,1,0,0.2941700220108032,probability_native,0.2941700220108032,u_72af0f4a1dbd0f34,2,1,official,principal
4900,1,1,0.6823015213012695,probability_native,0.6823015213012695,u_72af0f4a1dbd0f34,2,1,official,principal
5583,1,0,0.47169655561447144,probability_native,0.47169655561447144,u_72af0f4a1dbd0f34,2,1,official,principal
1534,0,0,0.025987930595874786,probability_native,0.025987930595874786,u_72af0f4a1dbd0f34,2,1,official,principal
1108,0,0,0.05140587314963341,probability_native,0.05140587314963341,u_72af0f4a1dbd0f34,2,1,official,principal
5882,0,0,0.06591038405895233,probability_native,0.06591038405895233,u_72af0f4a1dbd0f34,2,1,official,principal
4052,1,0,0.45692890882492065,probability_native,0.45692890882492065,u_72af0f4a1dbd0f34,2,1,official,principal
910,1,1,0.7223902940750122,probability_native,0.7223902940750122,u_72af0f4a1dbd0f34,2,1,official,principal
3600,1,1,0.5044969320297241,probability_native,0.5044969320297241,u_72af0f4a1dbd0f34,2,1,official,principal
3003,1,0,0.49121108651161194,probability_native,0.49121108651161194,u_72af0f4a1dbd0f34,2,1,official,principal
6782,0,0,0.4033099114894867,probability_native,0.4033099114894867,u_72af0f4a1dbd0f34,2,1,official,principal
703,0,1,0.574108898639679,probability_native,0.574108898639679,u_72af0f4a1dbd0f34,2,1,official,principal
6874,0,0,0.24830737709999084,probability_native,0.24830737709999084,u_72af0f4a1dbd0f34,2,1,official,principal
2577,1,1,0.8389374613761902,probability_native,0.8389374613761902,u_72af0f4a1dbd0f34,2,1,official,principal
4137,0,0,0.3069514334201813,probability_native,0.3069514334201813,u_72af0f4a1dbd0f34,2,1,official,principal
2821,1,1,0.817654550075531,probability_native,0.817654550075531,u_72af0f4a1dbd0f34,2,1,official,principal
5701,0,0,0.2283952385187149,probability_native,0.2283952385187149,u_72af0f4a1dbd0f34,2,1,official,principal
5573,1,1,0.8120458126068115,probability_native,0.8120458126068115,u_72af0f4a1dbd0f34,2,1,official,principal
3002,0,0,0.14755894243717194,probability_native,0.14755894243717194,u_72af0f4a1dbd0f34,2,1,official,principal
145,0,0,0.06726929545402527,probability_native,0.06726929545402527,u_72af0f4a1dbd0f34,2,1,official,principal
929,0,0,0.259494811296463,probability_native,0.259494811296463,u_72af0f4a1dbd0f34,2,1,official,principal
3150,0,0,0.4657493531703949,probability_native,0.4657493531703949,u_72af0f4a1dbd0f34,2,1,official,principal
1022,0,1,0.7566879391670227,probability_native,0.7566879391670227,u_72af0f4a1dbd0f34,2,1,official,principal
6011,0,0,0.1729610562324524,probability_native,0.1729610562324524,u_72af0f4a1dbd0f34,2,1,official,principal
3102,1,0,0.3767939805984497,probability_native,0.3767939805984497,u_72af0f4a1dbd0f34,2,1,official,principal
2453,0,1,0.8155587911605835,probability_native,0.8155587911605835,u_72af0f4a1dbd0f34,2,1,official,principal
1588,0,1,0.5030251741409302,probability_native,0.5030251741409302,u_72af0f4a1dbd0f34,2,1,official,principal
2612,0,0,0.27555912733078003,probability_native,0.27555912733078003,u_72af0f4a1dbd0f34,2,1,official,principal
6489,1,1,0.5395172238349915,probability_native,0.5395172238349915,u_72af0f4a1dbd0f34,2,1,official,principal
116,0,0,0.040998999029397964,probability_native,0.040998999029397964,u_72af0f4a1dbd0f34,2,1,official,principal
4351,0,0,0.38580676913261414,probability_native,0.38580676913261414,u_72af0f4a1dbd0f34,2,1,official,principal
1948,1,1,0.7299420833587646,probability_native,0.7299420833587646,u_72af0f4a1dbd0f34,2,1,official,principal
2225,0,0,0.2529793977737427,probability_native,0.2529793977737427,u_72af0f4a1dbd0f34,2,1,official,principal
6267,1,1,0.8120458126068115,probability_native,0.8120458126068115,u_72af0f4a1dbd0f34,2,1,official,principal
3340,1,1,0.7828443646430969,probability_native,0.7828443646430969,u_72af0f4a1dbd0f34,2,1,official,principal
6051,0,0,0.21935836970806122,probability_native,0.21935836970806122,u_72af0f4a1dbd0f34,2,1,official,principal
5996,0,0,0.05119258165359497,probability_native,0.05119258165359497,u_72af0f4a1dbd0f34,2,1,official,principal
567,0,0,0.02366718091070652,probability_native,0.02366718091070652,u_72af0f4a1dbd0f34,2,1,official,principal
6707,0,0,0.032314691692590714,probability_native,0.032314691692590714,u_72af0f4a1dbd0f34,2,1,official,principal
3969,0,1,0.7132193446159363,probability_native,0.7132193446159363,u_72af0f4a1dbd0f34,2,1,official,principal
6987,0,0,0.39363786578178406,probability_native,0.39363786578178406,u_72af0f4a1dbd0f34,2,1,official,principal
2092,0,0,0.02325252629816532,probability_native,0.02325252629816532,u_72af0f4a1dbd0f34,2,1,official,principal
2201,0,0,0.09885008633136749,probability_native,0.09885008633136749,u_72af0f4a1dbd0f34,2,1,official,principal
1857,0,0,0.02597556822001934,probability_native,0.02597556822001934,u_72af0f4a1dbd0f34,2,1,official,principal
545,0,0,0.29248782992362976,probability_native,0.29248782992362976,u_72af0f4a1dbd0f34,2,1,official,principal
231,0,0,0.3208714425563812,probability_native,0.3208714425563812,u_72af0f4a1dbd0f34,2,1,official,principal
4037,0,0,0.03487008437514305,probability_native,0.03487008437514305,u_72af0f4a1dbd0f34,2,1,official,principal
2700,0,0,0.33401134610176086,probability_native,0.33401134610176086,u_72af0f4a1dbd0f34,2,1,official,principal
275,1,1,0.6837800145149231,probability_native,0.6837800145149231,u_72af0f4a1dbd0f34,2,1,official,principal
5801,0,1,0.6557098031044006,probability_native,0.6557098031044006,u_72af0f4a1dbd0f34,2,1,official,principal
4387,0,1,0.6211062073707581,probability_native,0.6211062073707581,u_72af0f4a1dbd0f34,2,1,official,principal
5980,0,0,0.10787609219551086,probability_native,0.10787609219551086,u_72af0f4a1dbd0f34,2,1,official,principal
5921,0,0,0.14426514506340027,probability_native,0.14426514506340027,u_72af0f4a1dbd0f34,2,1,official,principal
1764,0,0,0.03190624713897705,probability_native,0.03190624713897705,u_72af0f4a1dbd0f34,2,1,official,principal
843,0,0,0.37230172753334045,probability_native,0.37230172753334045,u_72af0f4a1dbd0f34,2,1,official,principal
3884,0,1,0.674639105796814,probability_native,0.674639105796814,u_72af0f4a1dbd0f34,2,1,official,principal
2046,0,1,0.6374979019165039,probability_native,0.6374979019165039,u_72af0f4a1dbd0f34,2,1,official,principal
983,1,1,0.8277044296264648,probability_native,0.8277044296264648,u_72af0f4a1dbd0f34,2,1,official,principal
2865,0,0,0.09887679666280746,probability_native,0.09887679666280746,u_72af0f4a1dbd0f34,2,1,official,principal
5670,1,0,0.23159320652484894,probability_native,0.23159320652484894,u_72af0f4a1dbd0f34,2,1,official,principal
3593,1,1,0.7313279509544373,probability_native,0.7313279509544373,u_72af0f4a1dbd0f34,2,1,official,principal
1825,0,0,0.45026543736457825,probability_native,0.45026543736457825,u_72af0f4a1dbd0f34,2,1,official,principal
4341,1,1,0.7464328408241272,probability_native,0.7464328408241272,u_72af0f4a1dbd0f34,2,1,official,principal
6409,0,0,0.05395861342549324,probability_native,0.05395861342549324,u_72af0f4a1dbd0f34,2,1,official,principal
2523,0,0,0.021476587280631065,probability_native,0.021476587280631065,u_72af0f4a1dbd0f34,2,1,official,principal
2728,0,0,0.14947564899921417,probability_native,0.14947564899921417,u_72af0f4a1dbd0f34,2,1,official,principal
3517,1,0,0.20339131355285645,probability_native,0.20339131355285645,u_72af0f4a1dbd0f34,2,1,official,principal
1973,0,0,0.03642589598894119,probability_native,0.03642589598894119,u_72af0f4a1dbd0f34,2,1,official,principal
6076,0,0,0.040927328169345856,probability_native,0.040927328169345856,u_72af0f4a1dbd0f34,2,1,official,principal
1946,0,0,0.4947027862071991,probability_native,0.4947027862071991,u_72af0f4a1dbd0f34,2,1,official,principal
5659,0,0,0.054696790874004364,probability_native,0.054696790874004364,u_72af0f4a1dbd0f34,2,1,official,principal
2714,0,0,0.15846864879131317,probability_native,0.15846864879131317,u_72af0f4a1dbd0f34,2,1,official,principal
2561,0,0,0.03933121636509895,probability_native,0.03933121636509895,u_72af0f4a1dbd0f34,2,1,official,principal
6908,1,1,0.5395500659942627,probability_native,0.5395500659942627,u_72af0f4a1dbd0f34,2,1,official,principal
5035,0,1,0.6116230487823486,probability_native,0.6116230487823486,u_72af0f4a1dbd0f34,2,1,official,principal
3171,0,0,0.0803263932466507,probability_native,0.0803263932466507,u_72af0f4a1dbd0f34,2,1,official,principal
6443,0,0,0.27479973435401917,probability_native,0.27479973435401917,u_72af0f4a1dbd0f34,2,1,official,principal
1079,0,1,0.7485365867614746,probability_native,0.7485365867614746,u_72af0f4a1dbd0f34,2,1,official,principal
3900,0,0,0.054454755038022995,probability_native,0.054454755038022995,u_72af0f4a1dbd0f34,2,1,official,principal
2988,0,0,0.18397678434848785,probability_native,0.18397678434848785,u_72af0f4a1dbd0f34,2,1,official,principal
408,1,1,0.6560269594192505,probability_native,0.6560269594192505,u_72af0f4a1dbd0f34,2,1,official,principal
5909,0,0,0.2796815037727356,probability_native,0.2796815037727356,u_72af0f4a1dbd0f34,2,1,official,principal
6389,0,0,0.019282523542642593,probability_native,0.019282523542642593,u_72af0f4a1dbd0f34,2,1,official,principal
4273,1,0,0.4531107544898987,probability_native,0.4531107544898987,u_72af0f4a1dbd0f34,2,1,official,principal
1705,0,0,0.3495398163795471,probability_native,0.3495398163795471,u_72af0f4a1dbd0f34,2,1,official,principal
1054,1,1,0.6457613706588745,probability_native,0.6457613706588745,u_72af0f4a1dbd0f34,2,1,official,principal
2224,1,1,0.6492486000061035,probability_native,0.6492486000061035,u_72af0f4a1dbd0f34,2,1,official,principal
6887,0,0,0.04137127846479416,probability_native,0.04137127846479416,u_72af0f4a1dbd0f34,2,1,official,principal
670,0,0,0.07717742770910263,probability_native,0.07717742770910263,u_72af0f4a1dbd0f34,2,1,official,principal
5372,0,1,0.6573619842529297,probability_native,0.6573619842529297,u_72af0f4a1dbd0f34,2,1,official,principal
2841,0,1,0.6420508623123169,probability_native,0.6420508623123169,u_72af0f4a1dbd0f34,2,1,official,principal
4951,0,1,0.713689923286438,probability_native,0.713689923286438,u_72af0f4a1dbd0f34,2,1,official,principal
6840,0,1,0.5069718956947327,probability_native,0.5069718956947327,u_72af0f4a1dbd0f34,2,1,official,principal
1438,0,0,0.14294031262397766,probability_native,0.14294031262397766,u_72af0f4a1dbd0f34,2,1,official,principal
3560,0,1,0.5278499722480774,probability_native,0.5278499722480774,u_72af0f4a1dbd0f34,2,1,official,principal
5612,0,0,0.1021096482872963,probability_native,0.1021096482872963,u_72af0f4a1dbd0f34,2,1,official,principal
3427,0,1,0.7913129329681396,probability_native,0.7913129329681396,u_72af0f4a1dbd0f34,2,1,official,principal
6910,0,0,0.1507243812084198,probability_native,0.1507243812084198,u_72af0f4a1dbd0f34,2,1,official,principal
2184,1,1,0.8204845190048218,probability_native,0.8204845190048218,u_72af0f4a1dbd0f34,2,1,official,principal
6210,0,0,0.0958244726061821,probability_native,0.0958244726061821,u_72af0f4a1dbd0f34,2,1,official,principal
1003,0,0,0.04752862825989723,probability_native,0.04752862825989723,u_72af0f4a1dbd0f34,2,1,official,principal
4239,0,0,0.09415464103221893,probability_native,0.09415464103221893,u_72af0f4a1dbd0f34,2,1,official,principal
1762,0,0,0.4756408631801605,probability_native,0.4756408631801605,u_72af0f4a1dbd0f34,2,1,official,principal
891,1,1,0.5353954434394836,probability_native,0.5353954434394836,u_72af0f4a1dbd0f34,2,1,official,principal
4996,0,0,0.03828420862555504,probability_native,0.03828420862555504,u_72af0f4a1dbd0f34,2,1,official,principal
4724,0,0,0.1181693822145462,probability_native,0.1181693822145462,u_72af0f4a1dbd0f34,2,1,official,principal
4077,0,1,0.7815889120101929,probability_native,0.7815889120101929,u_72af0f4a1dbd0f34,2,1,official,principal
3163,0,1,0.5589662790298462,probability_native,0.5589662790298462,u_72af0f4a1dbd0f34,2,1,official,principal
3431,1,1,0.735143780708313,probability_native,0.735143780708313,u_72af0f4a1dbd0f34,2,1,official,principal
4105,0,0,0.1260690689086914,probability_native,0.1260690689086914,u_72af0f4a1dbd0f34,2,1,official,principal
6932,0,1,0.5587955117225647,probability_native,0.5587955117225647,u_72af0f4a1dbd0f34,2,1,official,principal
349,0,0,0.1344384253025055,probability_native,0.1344384253025055,u_72af0f4a1dbd0f34,2,1,official,principal
495,1,0,0.2109115719795227,probability_native,0.2109115719795227,u_72af0f4a1dbd0f34,2,1,official,principal
795,0,1,0.6093107461929321,probability_native,0.6093107461929321,u_72af0f4a1dbd0f34,2,1,official,principal
4388,0,0,0.06699767708778381,probability_native,0.06699767708778381,u_72af0f4a1dbd0f34,2,1,official,principal
5959,0,0,0.031713806092739105,probability_native,0.031713806092739105,u_72af0f4a1dbd0f34,2,1,official,principal
5972,1,0,0.30519986152648926,probability_native,0.30519986152648926,u_72af0f4a1dbd0f34,2,1,official,principal
6924,1,1,0.8125386238098145,probability_native,0.8125386238098145,u_72af0f4a1dbd0f34,2,1,official,principal
6265,0,1,0.7298831343650818,probability_native,0.7298831343650818,u_72af0f4a1dbd0f34,2,1,official,principal
1995,1,1,0.8120458126068115,probability_native,0.8120458126068115,u_72af0f4a1dbd0f34,2,1,official,principal
4859,0,0,0.23164977133274078,probability_native,0.23164977133274078,u_72af0f4a1dbd0f34,2,1,official,principal
656,0,0,0.04936562478542328,probability_native,0.04936562478542328,u_72af0f4a1dbd0f34,2,1,official,principal
4496,0,0,0.01608385518193245,probability_native,0.01608385518193245,u_72af0f4a1dbd0f34,2,1,official,principal
2754,0,0,0.3436509668827057,probability_native,0.3436509668827057,u_72af0f4a1dbd0f34,2,1,official,principal
4157,0,0,0.31767529249191284,probability_native,0.31767529249191284,u_72af0f4a1dbd0f34,2,1,official,principal
4433,0,1,0.8155587911605835,probability_native,0.8155587911605835,u_72af0f4a1dbd0f34,2,1,official,principal
5906,1,1,0.7322683334350586,probability_native,0.7322683334350586,u_72af0f4a1dbd0f34,2,1,official,principal
1218,1,1,0.5299790501594543,probability_native,0.5299790501594543,u_72af0f4a1dbd0f34,2,1,official,principal
6525,0,0,0.033360011875629425,probability_native,0.033360011875629425,u_72af0f4a1dbd0f34,2,1,official,principal
3118,0,0,0.04275549575686455,probability_native,0.04275549575686455,u_72af0f4a1dbd0f34,2,1,official,principal
6378,1,0,0.4645872712135315,probability_native,0.4645872712135315,u_72af0f4a1dbd0f34,2,1,official,principal
3487,0,0,0.031108308583498,probability_native,0.031108308583498,u_72af0f4a1dbd0f34,2,1,official,principal
1580,0,0,0.15806397795677185,probability_native,0.15806397795677185,u_72af0f4a1dbd0f34,2,1,official,principal
5753,0,1,0.5070945024490356,probability_native,0.5070945024490356,u_72af0f4a1dbd0f34,2,1,official,principal
6907,1,0,0.37189981341362,probability_native,0.37189981341362,u_72af0f4a1dbd0f34,2,1,official,principal
3687,1,0,0.19819384813308716,probability_native,0.19819384813308716,u_72af0f4a1dbd0f34,2,1,official,principal
6834,0,0,0.1432974934577942,probability_native,0.1432974934577942,u_72af0f4a1dbd0f34,2,1,official,principal
4723,1,1,0.7743417024612427,probability_native,0.7743417024612427,u_72af0f4a1dbd0f34,2,1,official,principal
6460,1,0,0.4298597574234009,probability_native,0.4298597574234009,u_72af0f4a1dbd0f34,2,1,official,principal
2930,0,0,0.04154999926686287,probability_native,0.04154999926686287,u_72af0f4a1dbd0f34,2,1,official,principal
2848,0,0,0.08825281262397766,probability_native,0.08825281262397766,u_72af0f4a1dbd0f34,2,1,official,principal
2622,0,0,0.22128286957740784,probability_native,0.22128286957740784,u_72af0f4a1dbd0f34,2,1,official,principal
1285,1,1,0.7949073314666748,probability_native,0.7949073314666748,u_72af0f4a1dbd0f34,2,1,official,principal
1504,0,1,0.706884503364563,probability_native,0.706884503364563,u_72af0f4a1dbd0f34,2,1,official,principal
960,0,0,0.37059926986694336,probability_native,0.37059926986694336,u_72af0f4a1dbd0f34,2,1,official,principal
4385,0,0,0.12238649278879166,probability_native,0.12238649278879166,u_72af0f4a1dbd0f34,2,1,official,principal
3504,0,0,0.03355102613568306,probability_native,0.03355102613568306,u_72af0f4a1dbd0f34,2,1,official,principal
6502,0,0,0.09677399694919586,probability_native,0.09677399694919586,u_72af0f4a1dbd0f34,2,1,official,principal
3071,0,0,0.043086424469947815,probability_native,0.043086424469947815,u_72af0f4a1dbd0f34,2,1,official,principal
57,0,0,0.42564520239830017,probability_native,0.42564520239830017,u_72af0f4a1dbd0f34,2,1,official,principal
2963,0,0,0.10306839644908905,probability_native,0.10306839644908905,u_72af0f4a1dbd0f34,2,1,official,principal
965,1,0,0.4616509675979614,probability_native,0.4616509675979614,u_72af0f4a1dbd0f34,2,1,official,principal
2828,0,0,0.23270487785339355,probability_native,0.23270487785339355,u_72af0f4a1dbd0f34,2,1,official,principal
4178,0,0,0.027918925508856773,probability_native,0.027918925508856773,u_72af0f4a1dbd0f34,2,1,official,principal
1497,0,0,0.25024718046188354,probability_native,0.25024718046188354,u_72af0f4a1dbd0f34,2,1,official,principal
4242,0,1,0.5868183374404907,probability_native,0.5868183374404907,u_72af0f4a1dbd0f34,2,1,official,principal
5578,0,0,0.034600500017404556,probability_native,0.034600500017404556,u_72af0f4a1dbd0f34,2,1,official,principal
6534,0,0,0.2034938782453537,probability_native,0.2034938782453537,u_72af0f4a1dbd0f34,2,1,official,principal
3010,0,0,0.3788519501686096,probability_native,0.3788519501686096,u_72af0f4a1dbd0f34,2,1,official,principal
6745,1,1,0.6554039120674133,probability_native,0.6554039120674133,u_72af0f4a1dbd0f34,2,1,official,principal
4636,0,0,0.05829465761780739,probability_native,0.05829465761780739,u_72af0f4a1dbd0f34,2,1,official,principal
598,0,0,0.3753841817378998,probability_native,0.3753841817378998,u_72af0f4a1dbd0f34,2,1,official,principal
3395,0,0,0.2696005702018738,probability_native,0.2696005702018738,u_72af0f4a1dbd0f34,2,1,official,principal
2765,0,1,0.730880618095398,probability_native,0.730880618095398,u_72af0f4a1dbd0f34,2,1,official,principal
3386,0,0,0.21330538392066956,probability_native,0.21330538392066956,u_72af0f4a1dbd0f34,2,1,official,principal
4187,0,0,0.034600500017404556,probability_native,0.034600500017404556,u_72af0f4a1dbd0f34,2,1,official,principal
3797,0,0,0.27519527077674866,probability_native,0.27519527077674866,u_72af0f4a1dbd0f34,2,1,official,principal
5317,1,1,0.5262326002120972,probability_native,0.5262326002120972,u_72af0f4a1dbd0f34,2,1,official,principal
1505,1,1,0.8217833042144775,probability_native,0.8217833042144775,u_72af0f4a1dbd0f34,2,1,official,principal
196,0,0,0.05431455746293068,probability_native,0.05431455746293068,u_72af0f4a1dbd0f34,2,1,official,principal
6069,0,0,0.09601756185293198,probability_native,0.09601756185293198,u_72af0f4a1dbd0f34,2,1,official,principal
5686,1,1,0.6365616917610168,probability_native,0.6365616917610168,u_72af0f4a1dbd0f34,2,1,official,principal
1793,0,0,0.0183270126581192,probability_native,0.0183270126581192,u_72af0f4a1dbd0f34,2,1,official,principal
744,0,1,0.6202675700187683,probability_native,0.6202675700187683,u_72af0f4a1dbd0f34,2,1,official,principal
1106,0,0,0.15675680339336395,probability_native,0.15675680339336395,u_72af0f4a1dbd0f34,2,1,official,principal
1952,0,1,0.5520566701889038,probability_native,0.5520566701889038,u_72af0f4a1dbd0f34,2,1,official,principal
5113,0,0,0.046193480491638184,probability_native,0.046193480491638184,u_72af0f4a1dbd0f34,2,1,official,principal
5522,1,1,0.792698085308075,probability_native,0.792698085308075,u_72af0f4a1dbd0f34,2,1,official,principal
1897,1,0,0.31979337334632874,probability_native,0.31979337334632874,u_72af0f4a1dbd0f34,2,1,official,principal
1593,0,0,0.2694720923900604,probability_native,0.2694720923900604,u_72af0f4a1dbd0f34,2,1,official,principal
3446,0,0,0.39363786578178406,probability_native,0.39363786578178406,u_72af0f4a1dbd0f34,2,1,official,principal
745,0,0,0.09595167636871338,probability_native,0.09595167636871338,u_72af0f4a1dbd0f34,2,1,official,principal
4251,0,0,0.029830042272806168,probability_native,0.029830042272806168,u_72af0f4a1dbd0f34,2,1,official,principal
6463,0,0,0.15417198836803436,probability_native,0.15417198836803436,u_72af0f4a1dbd0f34,2,1,official,principal
5818,0,0,0.18863330781459808,probability_native,0.18863330781459808,u_72af0f4a1dbd0f34,2,1,official,principal
6503,0,0,0.12706223130226135,probability_native,0.12706223130226135,u_72af0f4a1dbd0f34,2,1,official,principal
5956,1,1,0.6890340447425842,probability_native,0.6890340447425842,u_72af0f4a1dbd0f34,2,1,official,principal
6681,1,1,0.7356736660003662,probability_native,0.7356736660003662,u_72af0f4a1dbd0f34,2,1,official,principal
4212,1,1,0.7847639322280884,probability_native,0.7847639322280884,u_72af0f4a1dbd0f34,2,1,official,principal
3478,0,0,0.2451537400484085,probability_native,0.2451537400484085,u_72af0f4a1dbd0f34,2,1,official,principal
605,0,0,0.029232634231448174,probability_native,0.029232634231448174,u_72af0f4a1dbd0f34,2,1,official,principal
3968,0,0,0.020590445026755333,probability_native,0.020590445026755333,u_72af0f4a1dbd0f34,2,1,official,principal
3961,0,1,0.5896753072738647,probability_native,0.5896753072738647,u_72af0f4a1dbd0f34,2,1,official,principal
6371,0,0,0.05994538962841034,probability_native,0.05994538962841034,u_72af0f4a1dbd0f34,2,1,official,principal
1634,0,0,0.05869658663868904,probability_native,0.05869658663868904,u_72af0f4a1dbd0f34,2,1,official,principal
5727,0,0,0.1833893209695816,probability_native,0.1833893209695816,u_72af0f4a1dbd0f34,2,1,official,principal
6164,0,0,0.05602134391665459,probability_native,0.05602134391665459,u_72af0f4a1dbd0f34,2,1,official,principal
3636,0,0,0.21326054632663727,probability_native,0.21326054632663727,u_72af0f4a1dbd0f34,2,1,official,principal
997,1,1,0.8336393237113953,probability_native,0.8336393237113953,u_72af0f4a1dbd0f34,2,1,official,principal
3334,1,1,0.6818180084228516,probability_native,0.6818180084228516,u_72af0f4a1dbd0f34,2,1,official,principal
6237,1,1,0.7699576020240784,probability_native,0.7699576020240784,u_72af0f4a1dbd0f34,2,1,official,principal
5108,0,0,0.2372884750366211,probability_native,0.2372884750366211,u_72af0f4a1dbd0f34,2,1,official,principal
6391,0,0,0.16336564719676971,probability_native,0.16336564719676971,u_72af0f4a1dbd0f34,2,1,official,principal
6017,0,0,0.4935268461704254,probability_native,0.4935268461704254,u_72af0f4a1dbd0f34,2,1,official,principal
6551,0,0,0.42163166403770447,probability_native,0.42163166403770447,u_72af0f4a1dbd0f34,2,1,official,principal
1961,0,0,0.11986353248357773,probability_native,0.11986353248357773,u_72af0f4a1dbd0f34,2,1,official,principal
964,1,1,0.7420907616615295,probability_native,0.7420907616615295,u_72af0f4a1dbd0f34,2,1,official,principal
2511,0,0,0.15504567325115204,probability_native,0.15504567325115204,u_72af0f4a1dbd0f34,2,1,official,principal
6986,1,0,0.431972473859787,probability_native,0.431972473859787,u_72af0f4a1dbd0f34,2,1,official,principal
306,1,1,0.6557098031044006,probability_native,0.6557098031044006,u_72af0f4a1dbd0f34,2,1,official,principal
1576,0,0,0.1130991131067276,probability_native,0.1130991131067276,u_72af0f4a1dbd0f34,2,1,official,principal
3686,1,1,0.712086021900177,probability_native,0.712086021900177,u_72af0f4a1dbd0f34,2,1,official,principal
1763,0,1,0.7532685995101929,probability_native,0.7532685995101929,u_72af0f4a1dbd0f34,2,1,official,principal
4199,1,1,0.52487713098526,probability_native,0.52487713098526,u_72af0f4a1dbd0f34,2,1,official,principal
563,0,0,0.19631899893283844,probability_native,0.19631899893283844,u_72af0f4a1dbd0f34,2,1,official,principal
4907,0,0,0.026413990184664726,probability_native,0.026413990184664726,u_72af0f4a1dbd0f34,2,1,official,principal
3159,0,1,0.8269966244697571,probability_native,0.8269966244697571,u_72af0f4a1dbd0f34,2,1,official,principal
4299,0,0,0.25534310936927795,probability_native,0.25534310936927795,u_72af0f4a1dbd0f34,2,1,official,principal
3661,0,0,0.24950316548347473,probability_native,0.24950316548347473,u_72af0f4a1dbd0f34,2,1,official,principal
5569,1,1,0.6636150479316711,probability_native,0.6636150479316711,u_72af0f4a1dbd0f34,2,1,official,principal
6144,0,0,0.4968859851360321,probability_native,0.4968859851360321,u_72af0f4a1dbd0f34,2,1,official,principal
3324,0,1,0.7470108866691589,probability_native,0.7470108866691589,u_72af0f4a1dbd0f34,2,1,official,principal
378,0,0,0.061807502061128616,probability_native,0.061807502061128616,u_72af0f4a1dbd0f34,2,1,official,principal
1399,0,0,0.06720732897520065,probability_native,0.06720732897520065,u_72af0f4a1dbd0f34,2,1,official,principal
6998,0,1,0.7493999600410461,probability_native,0.7493999600410461,u_72af0f4a1dbd0f34,2,1,official,principal
3465,0,1,0.7172908782958984,probability_native,0.7172908782958984,u_72af0f4a1dbd0f34,2,1,official,principal
5081,0,0,0.023874539881944656,probability_native,0.023874539881944656,u_72af0f4a1dbd0f34,2,1,official,principal
472,0,1,0.6222350001335144,probability_native,0.6222350001335144,u_72af0f4a1dbd0f34,2,1,official,principal
6561,0,1,0.758155345916748,probability_native,0.758155345916748,u_72af0f4a1dbd0f34,2,1,official,principal
602,0,0,0.21550464630126953,probability_native,0.21550464630126953,u_72af0f4a1dbd0f34,2,1,official,principal
666,1,1,0.7217904329299927,probability_native,0.7217904329299927,u_72af0f4a1dbd0f34,2,1,official,principal
1953,1,1,0.7217528820037842,probability_native,0.7217528820037842,u_72af0f4a1dbd0f34,2,1,official,principal
2303,1,1,0.6446897983551025,probability_native,0.6446897983551025,u_72af0f4a1dbd0f34,2,1,official,principal
6328,0,0,0.03792070969939232,probability_native,0.03792070969939232,u_72af0f4a1dbd0f34,2,1,official,principal
3459,0,0,0.05249892175197601,probability_native,0.05249892175197601,u_72af0f4a1dbd0f34,2,1,official,principal
2924,1,1,0.6825456619262695,probability_native,0.6825456619262695,u_72af0f4a1dbd0f34,2,1,official,principal
5392,0,0,0.024302218109369278,probability_native,0.024302218109369278,u_72af0f4a1dbd0f34,2,1,official,principal
1174,0,0,0.23355738818645477,probability_native,0.23355738818645477,u_72af0f4a1dbd0f34,2,1,official,principal
4831,0,0,0.10436254739761353,probability_native,0.10436254739761353,u_72af0f4a1dbd0f34,2,1,official,principal
4444,1,0,0.46079909801483154,probability_native,0.46079909801483154,u_72af0f4a1dbd0f34,2,1,official,principal
5016,1,0,0.3783220052719116,probability_native,0.3783220052719116,u_72af0f4a1dbd0f34,2,1,official,principal
2014,0,0,0.19704286754131317,probability_native,0.19704286754131317,u_72af0f4a1dbd0f34,2,1,official,principal
1906,0,0,0.07737225294113159,probability_native,0.07737225294113159,u_72af0f4a1dbd0f34,2,1,official,principal
3261,0,0,0.03365981951355934,probability_native,0.03365981951355934,u_72af0f4a1dbd0f34,2,1,official,principal
3220,0,0,0.04239227995276451,probability_native,0.04239227995276451,u_72af0f4a1dbd0f34,2,1,official,principal
688,0,0,0.11000333726406097,probability_native,0.11000333726406097,u_72af0f4a1dbd0f34,2,1,official,principal
721,0,0,0.027821848168969154,probability_native,0.027821848168969154,u_72af0f4a1dbd0f34,2,1,official,principal
5647,0,0,0.3795485198497772,probability_native,0.3795485198497772,u_72af0f4a1dbd0f34,2,1,official,principal
4481,0,0,0.276084303855896,probability_native,0.276084303855896,u_72af0f4a1dbd0f34,2,1,official,principal
4661,0,0,0.025569656863808632,probability_native,0.025569656863808632,u_72af0f4a1dbd0f34,2,1,official,principal
571,0,0,0.0451199971139431,probability_native,0.0451199971139431,u_72af0f4a1dbd0f34,2,1,official,principal
2405,1,1,0.7487402558326721,probability_native,0.7487402558326721,u_72af0f4a1dbd0f34,2,1,official,principal
4235,0,0,0.14611293375492096,probability_native,0.14611293375492096,u_72af0f4a1dbd0f34,2,1,official,principal
4832,0,0,0.09035041183233261,probability_native,0.09035041183233261,u_72af0f4a1dbd0f34,2,1,official,principal
896,0,0,0.08850070089101791,probability_native,0.08850070089101791,u_72af0f4a1dbd0f34,2,1,official,principal
1402,1,1,0.5354838967323303,probability_native,0.5354838967323303,u_72af0f4a1dbd0f34,2,1,official,principal
1231,0,0,0.24941717088222504,probability_native,0.24941717088222504,u_72af0f4a1dbd0f34,2,1,official,principal
4695,0,0,0.06995969265699387,probability_native,0.06995969265699387,u_72af0f4a1dbd0f34,2,1,official,principal
2130,1,0,0.3081948757171631,probability_native,0.3081948757171631,u_72af0f4a1dbd0f34,2,1,official,principal
2881,0,0,0.1802688091993332,probability_native,0.1802688091993332,u_72af0f4a1dbd0f34,2,1,official,principal
5528,0,0,0.08768277615308762,probability_native,0.08768277615308762,u_72af0f4a1dbd0f34,2,1,official,principal
3851,0,0,0.028773225843906403,probability_native,0.028773225843906403,u_72af0f4a1dbd0f34,2,1,official,principal
2299,0,0,0.042193617671728134,probability_native,0.042193617671728134,u_72af0f4a1dbd0f34,2,1,official,principal
1900,0,0,0.06752170622348785,probability_native,0.06752170622348785,u_72af0f4a1dbd0f34,2,1,official,principal
6167,0,0,0.37286996841430664,probability_native,0.37286996841430664,u_72af0f4a1dbd0f34,2,1,official,principal
2170,0,0,0.13569699227809906,probability_native,0.13569699227809906,u_72af0f4a1dbd0f34,2,1,official,principal
5225,0,0,0.16097864508628845,probability_native,0.16097864508628845,u_72af0f4a1dbd0f34,2,1,official,principal
559,0,1,0.673029363155365,probability_native,0.673029363155365,u_72af0f4a1dbd0f34,2,1,official,principal
4400,0,1,0.6126270890235901,probability_native,0.6126270890235901,u_72af0f4a1dbd0f34,2,1,official,principal
5953,0,1,0.6302496790885925,probability_native,0.6302496790885925,u_72af0f4a1dbd0f34,2,1,official,principal
1854,1,1,0.7155885100364685,probability_native,0.7155885100364685,u_72af0f4a1dbd0f34,2,1,official,principal
5410,0,0,0.12859724462032318,probability_native,0.12859724462032318,u_72af0f4a1dbd0f34,2,1,official,principal
2609,1,1,0.6963837742805481,probability_native,0.6963837742805481,u_72af0f4a1dbd0f34,2,1,official,principal
336,1,0,0.34487688541412354,probability_native,0.34487688541412354,u_72af0f4a1dbd0f34,2,1,official,principal
1512,0,1,0.7555384635925293,probability_native,0.7555384635925293,u_72af0f4a1dbd0f34,2,1,official,principal
1417,0,0,0.38914698362350464,probability_native,0.38914698362350464,u_72af0f4a1dbd0f34,2,1,official,principal
1848,0,0,0.05093415826559067,probability_native,0.05093415826559067,u_72af0f4a1dbd0f34,2,1,official,principal
409,1,1,0.6567558646202087,probability_native,0.6567558646202087,u_72af0f4a1dbd0f34,2,1,official,principal
2229,0,1,0.7030908465385437,probability_native,0.7030908465385437,u_72af0f4a1dbd0f34,2,1,official,principal
4958,0,1,0.5028998255729675,probability_native,0.5028998255729675,u_72af0f4a1dbd0f34,2,1,official,principal
3883,0,1,0.6687047481536865,probability_native,0.6687047481536865,u_72af0f4a1dbd0f34,2,1,official,principal
5027,1,1,0.7158948183059692,probability_native,0.7158948183059692,u_72af0f4a1dbd0f34,2,1,official,principal
2556,0,0,0.41878947615623474,probability_native,0.41878947615623474,u_72af0f4a1dbd0f34,2,1,official,principal
6638,0,0,0.05090642347931862,probability_native,0.05090642347931862,u_72af0f4a1dbd0f34,2,1,official,principal
2921,1,1,0.8285138010978699,probability_native,0.8285138010978699,u_72af0f4a1dbd0f34,2,1,official,principal
5394,0,1,0.5362217426300049,probability_native,0.5362217426300049,u_72af0f4a1dbd0f34,2,1,official,principal
634,0,0,0.15365202724933624,probability_native,0.15365202724933624,u_72af0f4a1dbd0f34,2,1,official,principal
678,0,1,0.6719857454299927,probability_native,0.6719857454299927,u_72af0f4a1dbd0f34,2,1,official,principal
1847,0,0,0.02850436605513096,probability_native,0.02850436605513096,u_72af0f4a1dbd0f34,2,1,official,principal
4753,1,1,0.6659746170043945,probability_native,0.6659746170043945,u_72af0f4a1dbd0f34,2,1,official,principal
3104,0,1,0.8055088520050049,probability_native,0.8055088520050049,u_72af0f4a1dbd0f34,2,1,official,principal
4632,1,1,0.5115206837654114,probability_native,0.5115206837654114,u_72af0f4a1dbd0f34,2,1,official,principal
2897,0,0,0.055320508778095245,probability_native,0.055320508778095245,u_72af0f4a1dbd0f34,2,1,official,principal
6010,0,0,0.04154999926686287,probability_native,0.04154999926686287,u_72af0f4a1dbd0f34,2,1,official,principal
3001,0,0,0.3905033469200134,probability_native,0.3905033469200134,u_72af0f4a1dbd0f34,2,1,official,principal
3493,0,1,0.7305197715759277,probability_native,0.7305197715759277,u_72af0f4a1dbd0f34,2,1,official,principal
2946,0,0,0.46699902415275574,probability_native,0.46699902415275574,u_72af0f4a1dbd0f34,2,1,official,principal
4049,0,0,0.38740989565849304,probability_native,0.38740989565849304,u_72af0f4a1dbd0f34,2,1,official,principal
5275,1,0,0.47825101017951965,probability_native,0.47825101017951965,u_72af0f4a1dbd0f34,2,1,official,principal
3691,0,0,0.1384923905134201,probability_native,0.1384923905134201,u_72af0f4a1dbd0f34,2,1,official,principal
2028,0,0,0.07641532272100449,probability_native,0.07641532272100449,u_72af0f4a1dbd0f34,2,1,official,principal
2144,0,1,0.6025510430335999,probability_native,0.6025510430335999,u_72af0f4a1dbd0f34,2,1,official,principal
93,0,0,0.48557373881340027,probability_native,0.48557373881340027,u_72af0f4a1dbd0f34,2,1,official,principal
6453,1,1,0.7422754168510437,probability_native,0.7422754168510437,u_72af0f4a1dbd0f34,2,1,official,principal
5329,1,0,0.37040331959724426,probability_native,0.37040331959724426,u_72af0f4a1dbd0f34,2,1,official,principal
4480,1,1,0.7829767465591431,probability_native,0.7829767465591431,u_72af0f4a1dbd0f34,2,1,official,principal
4145,0,0,0.1838943511247635,probability_native,0.1838943511247635,u_72af0f4a1dbd0f34,2,1,official,principal
2132,0,0,0.03687433525919914,probability_native,0.03687433525919914,u_72af0f4a1dbd0f34,2,1,official,principal
3515,0,0,0.3186386525630951,probability_native,0.3186386525630951,u_72af0f4a1dbd0f34,2,1,official,principal
6194,0,0,0.1712598353624344,probability_native,0.1712598353624344,u_72af0f4a1dbd0f34,2,1,official,principal
6058,0,0,0.49256497621536255,probability_native,0.49256497621536255,u_72af0f4a1dbd0f34,2,1,official,principal
5561,0,1,0.625379204750061,probability_native,0.625379204750061,u_72af0f4a1dbd0f34,2,1,official,principal
305,0,0,0.03989807888865471,probability_native,0.03989807888865471,u_72af0f4a1dbd0f34,2,1,official,principal
1204,0,0,0.2362716645002365,probability_native,0.2362716645002365,u_72af0f4a1dbd0f34,2,1,official,principal
3807,1,1,0.69513338804245,probability_native,0.69513338804245,u_72af0f4a1dbd0f34,2,1,official,principal
1038,0,0,0.4254433512687683,probability_native,0.4254433512687683,u_72af0f4a1dbd0f34,2,1,official,principal
3526,1,1,0.6061466932296753,probability_native,0.6061466932296753,u_72af0f4a1dbd0f34,2,1,official,principal
2869,1,1,0.7961938977241516,probability_native,0.7961938977241516,u_72af0f4a1dbd0f34,2,1,official,principal
1895,0,0,0.03924816846847534,probability_native,0.03924816846847534,u_72af0f4a1dbd0f34,2,1,official,principal
4377,0,1,0.5609860420227051,probability_native,0.5609860420227051,u_72af0f4a1dbd0f34,2,1,official,principal
2800,0,0,0.2112543135881424,probability_native,0.2112543135881424,u_72af0f4a1dbd0f34,2,1,official,principal
5083,0,0,0.16610407829284668,probability_native,0.16610407829284668,u_72af0f4a1dbd0f34,2,1,official,principal
5955,0,0,0.009129402227699757,probability_native,0.009129402227699757,u_72af0f4a1dbd0f34,2,1,official,principal
21,0,0,0.056374453008174896,probability_native,0.056374453008174896,u_72af0f4a1dbd0f34,2,1,official,principal
4965,1,1,0.6859731674194336,probability_native,0.6859731674194336,u_72af0f4a1dbd0f34,2,1,official,principal
6605,1,0,0.2993713915348053,probability_native,0.2993713915348053,u_72af0f4a1dbd0f34,2,1,official,principal
842,1,0,0.04605777934193611,probability_native,0.04605777934193611,u_72af0f4a1dbd0f34,2,1,official,principal
122,1,1,0.80836021900177,probability_native,0.80836021900177,u_72af0f4a1dbd0f34,2,1,official,principal
5294,0,0,0.0738975778222084,probability_native,0.0738975778222084,u_72af0f4a1dbd0f34,2,1,official,principal
1590,0,0,0.04921125993132591,probability_native,0.04921125993132591,u_72af0f4a1dbd0f34,2,1,official,principal
4526,0,1,0.5343698859214783,probability_native,0.5343698859214783,u_72af0f4a1dbd0f34,2,1,official,principal
3018,0,0,0.054932329803705215,probability_native,0.054932329803705215,u_72af0f4a1dbd0f34,2,1,official,principal
1533,1,1,0.5934665203094482,probability_native,0.5934665203094482,u_72af0f4a1dbd0f34,2,1,official,principal
2767,0,0,0.3566480576992035,probability_native,0.3566480576992035,u_72af0f4a1dbd0f34,2,1,official,principal
1470,0,0,0.2874634861946106,probability_native,0.2874634861946106,u_72af0f4a1dbd0f34,2,1,official,principal
4128,1,0,0.4445469379425049,probability_native,0.4445469379425049,u_72af0f4a1dbd0f34,2,1,official,principal
451,0,0,0.27056825160980225,probability_native,0.27056825160980225,u_72af0f4a1dbd0f34,2,1,official,principal
881,0,0,0.04450972378253937,probability_native,0.04450972378253937,u_72af0f4a1dbd0f34,2,1,official,principal
4054,0,0,0.48117849230766296,probability_native,0.48117849230766296,u_72af0f4a1dbd0f34,2,1,official,principal
3105,0,0,0.1847756952047348,probability_native,0.1847756952047348,u_72af0f4a1dbd0f34,2,1,official,principal
6440,0,1,0.730219841003418,probability_native,0.730219841003418,u_72af0f4a1dbd0f34,2,1,official,principal
353,1,1,0.684312105178833,probability_native,0.684312105178833,u_72af0f4a1dbd0f34,2,1,official,principal
4094,0,1,0.6794041395187378,probability_native,0.6794041395187378,u_72af0f4a1dbd0f34,2,1,official,principal
886,0,1,0.7748477458953857,probability_native,0.7748477458953857,u_72af0f4a1dbd0f34,2,1,official,principal
4795,1,0,0.047053657472133636,probability_native,0.047053657472133636,u_72af0f4a1dbd0f34,2,1,official,principal
187,0,1,0.531766951084137,probability_native,0.531766951084137,u_72af0f4a1dbd0f34,2,1,official,principal
3545,0,1,0.7313647866249084,probability_native,0.7313647866249084,u_72af0f4a1dbd0f34,2,1,official,principal
3793,0,0,0.38113805651664734,probability_native,0.38113805651664734,u_72af0f4a1dbd0f34,2,1,official,principal
3652,1,1,0.698725700378418,probability_native,0.698725700378418,u_72af0f4a1dbd0f34,2,1,official,principal
3303,1,1,0.6418926119804382,probability_native,0.6418926119804382,u_72af0f4a1dbd0f34,2,1,official,principal
2547,0,0,0.022990873083472252,probability_native,0.022990873083472252,u_72af0f4a1dbd0f34,2,1,official,principal
7034,1,0,0.41900455951690674,probability_native,0.41900455951690674,u_72af0f4a1dbd0f34,2,1,official,principal
6855,0,0,0.13420100510120392,probability_native,0.13420100510120392,u_72af0f4a1dbd0f34,2,1,official,principal
6192,0,1,0.6562666893005371,probability_native,0.6562666893005371,u_72af0f4a1dbd0f34,2,1,official,principal
5390,1,1,0.8042150735855103,probability_native,0.8042150735855103,u_72af0f4a1dbd0f34,2,1,official,principal
2718,0,0,0.03000883013010025,probability_native,0.03000883013010025,u_72af0f4a1dbd0f34,2,1,official,principal
4869,0,1,0.6534375548362732,probability_native,0.6534375548362732,u_72af0f4a1dbd0f34,2,1,official,principal
6730,0,0,0.06972789019346237,probability_native,0.06972789019346237,u_72af0f4a1dbd0f34,2,1,official,principal
3034,1,1,0.787021279335022,probability_native,0.787021279335022,u_72af0f4a1dbd0f34,2,1,official,principal
4297,0,0,0.043786123394966125,probability_native,0.043786123394966125,u_72af0f4a1dbd0f34,2,1,official,principal
1980,0,1,0.759731650352478,probability_native,0.759731650352478,u_72af0f4a1dbd0f34,2,1,official,principal
6240,1,1,0.8064730167388916,probability_native,0.8064730167388916,u_72af0f4a1dbd0f34,2,1,official,principal
4906,0,0,0.024369044229388237,probability_native,0.024369044229388237,u_72af0f4a1dbd0f34,2,1,official,principal
5259,0,0,0.4413735568523407,probability_native,0.4413735568523407,u_72af0f4a1dbd0f34,2,1,official,principal
6473,1,1,0.7699152231216431,probability_native,0.7699152231216431,u_72af0f4a1dbd0f34,2,1,official,principal
2855,0,0,0.03709529712796211,probability_native,0.03709529712796211,u_72af0f4a1dbd0f34,2,1,official,principal
4352,0,0,0.387138307094574,probability_native,0.387138307094574,u_72af0f4a1dbd0f34,2,1,official,principal
5362,0,0,0.03711630403995514,probability_native,0.03711630403995514,u_72af0f4a1dbd0f34,2,1,official,principal
2489,0,0,0.14685891568660736,probability_native,0.14685891568660736,u_72af0f4a1dbd0f34,2,1,official,principal
377,1,1,0.5481582880020142,probability_native,0.5481582880020142,u_72af0f4a1dbd0f34,2,1,official,principal
1168,0,0,0.21692168712615967,probability_native,0.21692168712615967,u_72af0f4a1dbd0f34,2,1,official,principal
3564,0,0,0.27967265248298645,probability_native,0.27967265248298645,u_72af0f4a1dbd0f34,2,1,official,principal
5719,0,0,0.04692782461643219,probability_native,0.04692782461643219,u_72af0f4a1dbd0f34,2,1,official,principal
3840,0,0,0.05173303186893463,probability_native,0.05173303186893463,u_72af0f4a1dbd0f34,2,1,official,principal
5775,0,0,0.11443261057138443,probability_native,0.11443261057138443,u_72af0f4a1dbd0f34,2,1,official,principal
6586,0,0,0.057143934071063995,probability_native,0.057143934071063995,u_72af0f4a1dbd0f34,2,1,official,principal
1403,0,1,0.6984497308731079,probability_native,0.6984497308731079,u_72af0f4a1dbd0f34,2,1,official,principal
5279,0,0,0.02891886606812477,probability_native,0.02891886606812477,u_72af0f4a1dbd0f34,2,1,official,principal
389,0,1,0.6739569902420044,probability_native,0.6739569902420044,u_72af0f4a1dbd0f34,2,1,official,principal
4096,0,1,0.5037282109260559,probability_native,0.5037282109260559,u_72af0f4a1dbd0f34,2,1,official,principal
4076,0,0,0.11381292343139648,probability_native,0.11381292343139648,u_72af0f4a1dbd0f34,2,1,official,principal
912,0,0,0.11995361745357513,probability_native,0.11995361745357513,u_72af0f4a1dbd0f34,2,1,official,principal
5291,0,0,0.18331211805343628,probability_native,0.18331211805343628,u_72af0f4a1dbd0f34,2,1,official,principal
6587,0,0,0.4905420243740082,probability_native,0.4905420243740082,u_72af0f4a1dbd0f34,2,1,official,principal
6570,0,1,0.534331202507019,probability_native,0.534331202507019,u_72af0f4a1dbd0f34,2,1,official,principal
5163,0,0,0.26741155982017517,probability_native,0.26741155982017517,u_72af0f4a1dbd0f34,2,1,official,principal
6294,1,1,0.596367359161377,probability_native,0.596367359161377,u_72af0f4a1dbd0f34,2,1,official,principal
3273,1,0,0.48938390612602234,probability_native,0.48938390612602234,u_72af0f4a1dbd0f34,2,1,official,principal
406,0,0,0.18084073066711426,probability_native,0.18084073066711426,u_72af0f4a1dbd0f34,2,1,official,principal
318,1,1,0.6690092086791992,probability_native,0.6690092086791992,u_72af0f4a1dbd0f34,2,1,official,principal
1010,0,1,0.5865127444267273,probability_native,0.5865127444267273,u_72af0f4a1dbd0f34,2,1,official,principal
4943,0,0,0.02816111594438553,probability_native,0.02816111594438553,u_72af0f4a1dbd0f34,2,1,official,principal
6291,0,0,0.1314447820186615,probability_native,0.1314447820186615,u_72af0f4a1dbd0f34,2,1,official,principal
5204,0,0,0.4342016875743866,probability_native,0.4342016875743866,u_72af0f4a1dbd0f34,2,1,official,principal
157,0,0,0.041772257536649704,probability_native,0.041772257536649704,u_72af0f4a1dbd0f34,2,1,official,principal
4873,0,0,0.291525274515152,probability_native,0.291525274515152,u_72af0f4a1dbd0f34,2,1,official,principal
6579,0,0,0.02849898673593998,probability_native,0.02849898673593998,u_72af0f4a1dbd0f34,2,1,official,principal
6459,0,0,0.26750943064689636,probability_native,0.26750943064689636,u_72af0f4a1dbd0f34,2,1,official,principal
661,0,0,0.4158923923969269,probability_native,0.4158923923969269,u_72af0f4a1dbd0f34,2,1,official,principal
2386,0,0,0.18232551217079163,probability_native,0.18232551217079163,u_72af0f4a1dbd0f34,2,1,official,principal
1685,0,1,0.5914849042892456,probability_native,0.5914849042892456,u_72af0f4a1dbd0f34,2,1,official,principal
6158,0,1,0.6298202276229858,probability_native,0.6298202276229858,u_72af0f4a1dbd0f34,2,1,official,principal
990,0,0,0.06412485986948013,probability_native,0.06412485986948013,u_72af0f4a1dbd0f34,2,1,official,principal
4290,1,1,0.5649716854095459,probability_native,0.5649716854095459,u_72af0f4a1dbd0f34,2,1,official,principal
516,0,0,0.05455407872796059,probability_native,0.05455407872796059,u_72af0f4a1dbd0f34,2,1,official,principal
6246,0,0,0.05632125213742256,probability_native,0.05632125213742256,u_72af0f4a1dbd0f34,2,1,official,principal
2072,0,0,0.06057301163673401,probability_native,0.06057301163673401,u_72af0f4a1dbd0f34,2,1,official,principal
3806,0,1,0.6562666893005371,probability_native,0.6562666893005371,u_72af0f4a1dbd0f34,2,1,official,principal
2107,0,1,0.6511499881744385,probability_native,0.6511499881744385,u_72af0f4a1dbd0f34,2,1,official,principal
6647,0,0,0.024830635637044907,probability_native,0.024830635637044907,u_72af0f4a1dbd0f34,2,1,official,principal
1299,1,1,0.5689564943313599,probability_native,0.5689564943313599,u_72af0f4a1dbd0f34,2,1,official,principal
4605,0,0,0.06181676313281059,probability_native,0.06181676313281059,u_72af0f4a1dbd0f34,2,1,official,principal
2602,0,0,0.3482958972454071,probability_native,0.3482958972454071,u_72af0f4a1dbd0f34,2,1,official,principal
1258,0,0,0.04752862825989723,probability_native,0.04752862825989723,u_72af0f4a1dbd0f34,2,1,official,principal
2241,0,0,0.05149783194065094,probability_native,0.05149783194065094,u_72af0f4a1dbd0f34,2,1,official,principal
6642,0,0,0.23927843570709229,probability_native,0.23927843570709229,u_72af0f4a1dbd0f34,2,1,official,principal
608,0,0,0.040263134986162186,probability_native,0.040263134986162186,u_72af0f4a1dbd0f34,2,1,official,principal
4359,0,1,0.6375038027763367,probability_native,0.6375038027763367,u_72af0f4a1dbd0f34,2,1,official,principal
4083,1,1,0.6261813044548035,probability_native,0.6261813044548035,u_72af0f4a1dbd0f34,2,1,official,principal
4250,0,0,0.1746344119310379,probability_native,0.1746344119310379,u_72af0f4a1dbd0f34,2,1,official,principal
6227,1,1,0.6417934894561768,probability_native,0.6417934894561768,u_72af0f4a1dbd0f34,2,1,official,principal
4673,1,0,0.480095237493515,probability_native,0.480095237493515,u_72af0f4a1dbd0f34,2,1,official,principal
2710,0,0,0.058910246938467026,probability_native,0.058910246938467026,u_72af0f4a1dbd0f34,2,1,official,principal
