row_id,y_true,y_pred,score_positive,score_type,probability_native,unit_id,outer_fold,replicate,purpose,variant
3151,0,1,0.5044232864161895,probability_native,0.5044232864161895,u_8e137365c406d149,4,0,official,principal
3867,0,0,0.39315485875059875,probability_native,0.39315485875059875,u_8e137365c406d149,4,0,official,principal
6950,0,0,0.44903513605308265,probability_native,0.44903513605308265,u_8e137365c406d149,4,0,official,principal
11,0,0,0.218161001877305,probability_native,0.218161001877305,u_8e137365c406d149,4,0,official,principal
6271,0,1,0.60609728251358,probability_native,0.60609728251358,u_8e137365c406d149,4,0,official,principal
3741,0,0,0.15609364171522086,probability_native,0.15609364171522086,u_8e137365c406d149,4,0,official,principal
622,0,1,0.5144597961390205,probability_native,0.5144597961390205,u_8e137365c406d149,4,0,official,principal
6969,1,0,0.44888323589547346,probability_native,0.44888323589547346,u_8e137365c406d149,4,0,official,principal
1056,1,1,0.8514720146310315,probability_native,0.8514720146310315,u_8e137365c406d149,4,0,official,principal
2582,0,1,0.8318794960103687,probability_native,0.8318794960103687,u_8e137365c406d149,4,0,official,principal
4805,0,0,0.08257940035005089,probability_native,0.08257940035005089,u_8e137365c406d149,4,0,official,principal
5488,0,0,0.46936255649746067,probability_native,0.46936255649746067,u_8e137365c406d149,4,0,official,principal
4392,0,0,0.37668067119094845,probability_native,0.37668067119094845,u_8e137365c406d149,4,0,official,principal
3887,1,1,0.7446712536106238,probability_native,0.7446712536106238,u_8e137365c406d149,4,0,official,principal
2652,0,1,0.6472993614627482,probability_native,0.6472993614627482,u_8e137365c406d149,4,0,official,principal
3420,0,0,0.4809143299908286,probability_native,0.4809143299908286,u_8e137365c406d149,4,0,official,principal
6148,0,0,0.08414133609771077,probability_native,0.08414133609771077,u_8e137365c406d149,4,0,official,principal
6385,1,1,0.8559068649998992,probability_native,0.8559068649998992,u_8e137365c406d149,4,0,official,principal
4428,1,1,0.7240940691563873,probability_native,0.7240940691563873,u_8e137365c406d149,4,0,official,principal
3214,0,0,0.4561784596945336,probability_native,0.4561784596945336,u_8e137365c406d149,4,0,official,principal
5859,0,0,0.09821066380452695,probability_native,0.09821066380452695,u_8e137365c406d149,4,0,official,principal
288,1,1,0.8257706311822521,probability_native,0.8257706311822521,u_8e137365c406d149,4,0,official,principal
2487,0,0,0.30766041796927424,probability_native,0.30766041796927424,u_8e137365c406d149,4,0,official,principal
3402,1,1,0.8627999110924498,probability_native,0.8627999110924498,u_8e137365c406d149,4,0,official,principal
6941,0,0,0.11462095943972501,probability_native,0.11462095943972501,u_8e137365c406d149,4,0,official,principal
4472,0,0,0.12162228458604168,probability_native,0.12162228458604168,u_8e137365c406d149,4,0,official,principal
1489,0,0,0.18397638467880398,probability_native,0.18397638467880398,u_8e137365c406d149,4,0,official,principal
4818,0,0,0.22179176975264978,probability_native,0.22179176975264978,u_8e137365c406d149,4,0,official,principal
1418,0,0,0.4445390807398417,probability_native,0.4445390807398417,u_8e137365c406d149,4,0,official,principal
4976,0,0,0.16735463347413224,probability_native,0.16735463347413224,u_8e137365c406d149,4,0,official,principal
2485,1,1,0.8005915450346914,probability_native,0.8005915450346914,u_8e137365c406d149,4,0,official,principal
2527,1,1,0.8578997898065587,probability_native,0.8578997898065587,u_8e137365c406d149,4,0,official,principal
2304,0,0,0.3024035459748633,probability_native,0.3024035459748633,u_8e137365c406d149,4,0,official,principal
1032,1,1,0.8771959916501899,probability_native,0.8771959916501899,u_8e137365c406d149,4,0,official,principal
5896,0,0,0.07791907831741032,probability_native,0.07791907831741032,u_8e137365c406d149,4,0,official,principal
5068,0,0,0.07349197427844197,probability_native,0.07349197427844197,u_8e137365c406d149,4,0,official,principal
4019,1,1,0.8617932282474139,probability_native,0.8617932282474139,u_8e137365c406d149,4,0,official,principal
641,1,0,0.3857747049511519,probability_native,0.3857747049511519,u_8e137365c406d149,4,0,official,principal
6264,0,0,0.3740230392737718,probability_native,0.3740230392737718,u_8e137365c406d149,4,0,official,principal
5287,0,0,0.45787100276030934,probability_native,0.45787100276030934,u_8e137365c406d149,4,0,official,principal
3785,1,1,0.8743659963616197,probability_native,0.8743659963616197,u_8e137365c406d149,4,0,official,principal
1465,0,1,0.66122387195252,probability_native,0.66122387195252,u_8e137365c406d149,4,0,official,principal
5511,0,0,0.12684134448354792,probability_native,0.12684134448354792,u_8e137365c406d149,4,0,official,principal
690,0,1,0.5077822242473023,probability_native,0.5077822242473023,u_8e137365c406d149,4,0,official,principal
4660,1,0,0.4240503637183703,probability_native,0.4240503637183703,u_8e137365c406d149,4,0,official,principal
2616,1,1,0.563303588862013,probability_native,0.563303588862013,u_8e137365c406d149,4,0,official,principal
2443,0,0,0.17727489782397615,probability_native,0.17727489782397615,u_8e137365c406d149,4,0,official,principal
6003,0,0,0.10116116604683238,probability_native,0.10116116604683238,u_8e137365c406d149,4,0,official,principal
4484,0,1,0.8355676430532682,probability_native,0.8355676430532682,u_8e137365c406d149,4,0,official,principal
1102,1,1,0.5517179518123944,probability_native,0.5517179518123944,u_8e137365c406d149,4,0,official,principal
6788,0,0,0.2480744637264312,probability_native,0.2480744637264312,u_8e137365c406d149,4,0,official,principal
2147,0,0,0.43216411210334055,probability_native,0.43216411210334055,u_8e137365c406d149,4,0,official,principal
6102,0,0,0.14786443259635387,probability_native,0.14786443259635387,u_8e137365c406d149,4,0,official,principal
3683,0,0,0.06136607114515091,probability_native,0.06136607114515091,u_8e137365c406d149,4,0,official,principal
2671,0,1,0.5340855219423438,probability_native,0.5340855219423438,u_8e137365c406d149,4,0,official,principal
3838,0,1,0.7756984434202576,probability_native,0.7756984434202576,u_8e137365c406d149,4,0,official,principal
3246,1,1,0.6120371405425024,probability_native,0.6120371405425024,u_8e137365c406d149,4,0,official,principal
5385,1,1,0.5260013969449279,probability_native,0.5260013969449279,u_8e137365c406d149,4,0,official,principal
3748,0,0,0.19682378033910533,probability_native,0.19682378033910533,u_8e137365c406d149,4,0,official,principal
1896,0,0,0.3321543810937188,probability_native,0.3321543810937188,u_8e137365c406d149,4,0,official,principal
4337,0,1,0.5407763956381824,probability_native,0.5407763956381824,u_8e137365c406d149,4,0,official,principal
3745,1,1,0.8630533815062291,probability_native,0.8630533815062291,u_8e137365c406d149,4,0,official,principal
4429,0,0,0.06697521477840071,probability_native,0.06697521477840071,u_8e137365c406d149,4,0,official,principal
3298,0,0,0.41822179907194645,probability_native,0.41822179907194645,u_8e137365c406d149,4,0,official,principal
2045,0,0,0.30431048841989294,probability_native,0.30431048841989294,u_8e137365c406d149,4,0,official,principal
6297,0,0,0.26150218622704413,probability_native,0.26150218622704413,u_8e137365c406d149,4,0,official,principal
3811,0,0,0.4713449763008875,probability_native,0.4713449763008875,u_8e137365c406d149,4,0,official,principal
2572,0,0,0.0675333983682371,probability_native,0.0675333983682371,u_8e137365c406d149,4,0,official,principal
6581,0,0,0.20746336239217097,probability_native,0.20746336239217097,u_8e137365c406d149,4,0,official,principal
5600,1,1,0.7123412872568338,probability_native,0.7123412872568338,u_8e137365c406d149,4,0,official,principal
4908,1,1,0.8409018803344048,probability_native,0.8409018803344048,u_8e137365c406d149,4,0,official,principal
5517,0,0,0.19978381824708175,probability_native,0.19978381824708175,u_8e137365c406d149,4,0,official,principal
6513,0,0,0.4754117404570362,probability_native,0.4754117404570362,u_8e137365c406d149,4,0,official,principal
5648,0,0,0.4681091015762436,probability_native,0.4681091015762436,u_8e137365c406d149,4,0,official,principal
4718,0,0,0.2605845563304504,probability_native,0.2605845563304504,u_8e137365c406d149,4,0,official,principal
682,0,1,0.5319937911354233,probability_native,0.5319937911354233,u_8e137365c406d149,4,0,official,principal
5616,0,0,0.2831038535096986,probability_native,0.2831038535096986,u_8e137365c406d149,4,0,official,principal
414,0,1,0.5573845682487607,probability_native,0.5573845682487607,u_8e137365c406d149,4,0,official,principal
6214,0,0,0.11190911880152297,probability_native,0.11190911880152297,u_8e137365c406d149,4,0,official,principal
5196,0,0,0.4301175520659212,probability_native,0.4301175520659212,u_8e137365c406d149,4,0,official,principal
1821,1,1,0.7560246391112231,probability_native,0.7560246391112231,u_8e137365c406d149,4,0,official,principal
5679,1,1,0.8626878308085841,probability_native,0.8626878308085841,u_8e137365c406d149,4,0,official,principal
1169,0,0,0.2050075586353862,probability_native,0.2050075586353862,u_8e137365c406d149,4,0,official,principal
2737,0,0,0.3940071520669343,probability_native,0.3940071520669343,u_8e137365c406d149,4,0,official,principal
6521,0,0,0.1756999822510628,probability_native,0.1756999822510628,u_8e137365c406d149,4,0,official,principal
4790,0,1,0.7955282654115137,probability_native,0.7955282654115137,u_8e137365c406d149,4,0,official,principal
872,0,0,0.05338723084424661,probability_native,0.05338723084424661,u_8e137365c406d149,4,0,official,principal
4574,0,0,0.4177890303651971,probability_native,0.4177890303651971,u_8e137365c406d149,4,0,official,principal
1028,1,1,0.7299323273683552,probability_native,0.7299323273683552,u_8e137365c406d149,4,0,official,principal
3245,1,1,0.5403975438213064,probability_native,0.5403975438213064,u_8e137365c406d149,4,0,official,principal
3156,0,0,0.2855475535179578,probability_native,0.2855475535179578,u_8e137365c406d149,4,0,official,principal
889,1,0,0.4271460575197307,probability_native,0.4271460575197307,u_8e137365c406d149,4,0,official,principal
579,0,0,0.498573384696767,probability_native,0.498573384696767,u_8e137365c406d149,4,0,official,principal
6411,0,1,0.8160144488955876,probability_native,0.8160144488955876,u_8e137365c406d149,4,0,official,principal
1970,1,1,0.828697894722216,probability_native,0.828697894722216,u_8e137365c406d149,4,0,official,principal
3566,0,0,0.3034521664138577,probability_native,0.3034521664138577,u_8e137365c406d149,4,0,official,principal
2188,0,0,0.49714309013520563,probability_native,0.49714309013520563,u_8e137365c406d149,4,0,official,principal
2984,0,0,0.21751450027695213,probability_native,0.21751450027695213,u_8e137365c406d149,4,0,official,principal
2023,1,1,0.8415118414462818,probability_native,0.8415118414462818,u_8e137365c406d149,4,0,official,principal
5584,1,1,0.7548689096094896,probability_native,0.7548689096094896,u_8e137365c406d149,4,0,official,principal
5677,0,0,0.45791500488673686,probability_native,0.45791500488673686,u_8e137365c406d149,4,0,official,principal
3913,0,0,0.06533402642830659,probability_native,0.06533402642830659,u_8e137365c406d149,4,0,official,principal
4550,0,0,0.06722136249560103,probability_native,0.06722136249560103,u_8e137365c406d149,4,0,official,principal
1621,1,1,0.7443555421330086,probability_native,0.7443555421330086,u_8e137365c406d149,4,0,official,principal
2173,0,1,0.8222697951212871,probability_native,0.8222697951212871,u_8e137365c406d149,4,0,official,principal
2726,0,0,0.13731701589135425,probability_native,0.13731701589135425,u_8e137365c406d149,4,0,official,principal
3606,0,0,0.49303769373724843,probability_native,0.49303769373724843,u_8e137365c406d149,4,0,official,principal
6728,0,0,0.23687691963255245,probability_native,0.23687691963255245,u_8e137365c406d149,4,0,official,principal
4014,0,1,0.5256853437742962,probability_native,0.5256853437742962,u_8e137365c406d149,4,0,official,principal
3855,0,0,0.19723790197558294,probability_native,0.19723790197558294,u_8e137365c406d149,4,0,official,principal
61,0,1,0.5301575809410944,probability_native,0.5301575809410944,u_8e137365c406d149,4,0,official,principal
6329,0,0,0.3990836714122234,probability_native,0.3990836714122234,u_8e137365c406d149,4,0,official,principal
1000,1,1,0.8652381434584524,probability_native,0.8652381434584524,u_8e137365c406d149,4,0,official,principal
1598,0,0,0.1740098124725732,probability_native,0.1740098124725732,u_8e137365c406d149,4,0,official,principal
5482,1,0,0.29967931190494246,probability_native,0.29967931190494246,u_8e137365c406d149,4,0,official,principal
3390,0,0,0.10169891872785601,probability_native,0.10169891872785601,u_8e137365c406d149,4,0,official,principal
4541,1,1,0.6513544195696968,probability_native,0.6513544195696968,u_8e137365c406d149,4,0,official,principal
4085,0,0,0.345155181519405,probability_native,0.345155181519405,u_8e137365c406d149,4,0,official,principal
5984,1,1,0.8375872937737251,probability_native,0.8375872937737251,u_8e137365c406d149,4,0,official,principal
6640,0,0,0.18193190186763666,probability_native,0.18193190186763666,u_8e137365c406d149,4,0,official,principal
5432,1,1,0.7060401811889547,probability_native,0.7060401811889547,u_8e137365c406d149,4,0,official,principal
6085,1,1,0.6556164490172222,probability_native,0.6556164490172222,u_8e137365c406d149,4,0,official,principal
1121,0,0,0.2363230876328072,probability_native,0.2363230876328072,u_8e137365c406d149,4,0,official,principal
5810,1,1,0.7864015787978399,probability_native,0.7864015787978399,u_8e137365c406d149,4,0,official,principal
1994,0,0,0.2207164214975038,probability_native,0.2207164214975038,u_8e137365c406d149,4,0,official,principal
850,0,0,0.18708266011065497,probability_native,0.18708266011065497,u_8e137365c406d149,4,0,official,principal
6600,1,0,0.4292165474936058,probability_native,0.4292165474936058,u_8e137365c406d149,4,0,official,principal
5334,1,0,0.3448256445356156,probability_native,0.3448256445356156,u_8e137365c406d149,4,0,official,principal
5323,0,0,0.4024235991710702,probability_native,0.4024235991710702,u_8e137365c406d149,4,0,official,principal
3177,0,0,0.05308313178249389,probability_native,0.05308313178249389,u_8e137365c406d149,4,0,official,principal
845,0,0,0.19907348907751232,probability_native,0.19907348907751232,u_8e137365c406d149,4,0,official,principal
3190,0,0,0.11739340890708387,probability_native,0.11739340890708387,u_8e137365c406d149,4,0,official,principal
5720,0,1,0.6244712943552307,probability_native,0.6244712943552307,u_8e137365c406d149,4,0,official,principal
7019,0,0,0.12284091032311299,probability_native,0.12284091032311299,u_8e137365c406d149,4,0,official,principal
942,0,1,0.72090291172143,probability_native,0.72090291172143,u_8e137365c406d149,4,0,official,principal
1609,0,0,0.4733980502876542,probability_native,0.4733980502876542,u_8e137365c406d149,4,0,official,principal
2311,0,1,0.5354436755090143,probability_native,0.5354436755090143,u_8e137365c406d149,4,0,official,principal
3835,0,0,0.16470891507177735,probability_native,0.16470891507177735,u_8e137365c406d149,4,0,official,principal
766,0,1,0.6751774795428084,probability_native,0.6751774795428084,u_8e137365c406d149,4,0,official,principal
3358,0,0,0.2792367036616523,probability_native,0.2792367036616523,u_8e137365c406d149,4,0,official,principal
5552,0,0,0.1934213292941249,probability_native,0.1934213292941249,u_8e137365c406d149,4,0,official,principal
1589,0,1,0.751807809237178,probability_native,0.751807809237178,u_8e137365c406d149,4,0,official,principal
3765,0,0,0.45045692011256383,probability_native,0.45045692011256383,u_8e137365c406d149,4,0,official,principal
6829,0,0,0.2028669356784113,probability_native,0.2028669356784113,u_8e137365c406d149,4,0,official,principal
1160,0,1,0.784269315702075,probability_native,0.784269315702075,u_8e137365c406d149,4,0,official,principal
2904,1,1,0.5935468242692715,probability_native,0.5935468242692715,u_8e137365c406d149,4,0,official,principal
1152,0,1,0.5865557012222188,probability_native,0.5865557012222188,u_8e137365c406d149,4,0,official,principal
4324,0,0,0.42949005627811054,probability_native,0.42949005627811054,u_8e137365c406d149,4,0,official,principal
3791,0,1,0.8181806651082597,probability_native,0.8181806651082597,u_8e137365c406d149,4,0,official,principal
279,0,1,0.5588797542734465,probability_native,0.5588797542734465,u_8e137365c406d149,4,0,official,principal
1902,0,0,0.09948484196124269,probability_native,0.09948484196124269,u_8e137365c406d149,4,0,official,principal
1865,0,1,0.6608274975629788,probability_native,0.6608274975629788,u_8e137365c406d149,4,0,official,principal
1139,0,0,0.2816228072041373,probability_native,0.2816228072041373,u_8e137365c406d149,4,0,official,principal
6173,0,1,0.6033377867488019,probability_native,0.6033377867488019,u_8e137365c406d149,4,0,official,principal
1415,0,0,0.33072786808415067,probability_native,0.33072786808415067,u_8e137365c406d149,4,0,official,principal
4716,0,0,0.09863933215584186,probability_native,0.09863933215584186,u_8e137365c406d149,4,0,official,principal
2707,1,1,0.8468273085435266,probability_native,0.8468273085435266,u_8e137365c406d149,4,0,official,principal
343,0,0,0.08685803469864213,probability_native,0.08685803469864213,u_8e137365c406d149,4,0,official,principal
769,0,0,0.333423515238447,probability_native,0.333423515238447,u_8e137365c406d149,4,0,official,principal
5606,0,0,0.2783817550551855,probability_native,0.2783817550551855,u_8e137365c406d149,4,0,official,principal
5995,0,0,0.13864708515149637,probability_native,0.13864708515149637,u_8e137365c406d149,4,0,official,principal
2131,0,0,0.11196755547156181,probability_native,0.11196755547156181,u_8e137365c406d149,4,0,official,principal
883,0,0,0.3691025495628708,probability_native,0.3691025495628708,u_8e137365c406d149,4,0,official,principal
4282,0,0,0.40744610986839747,probability_native,0.40744610986839747,u_8e137365c406d149,4,0,official,principal
2252,0,0,0.06812396121244026,probability_native,0.06812396121244026,u_8e137365c406d149,4,0,official,principal
2917,0,0,0.06459452008642978,probability_native,0.06459452008642978,u_8e137365c406d149,4,0,official,principal
6254,0,0,0.3010047457257765,probability_native,0.3010047457257765,u_8e137365c406d149,4,0,official,principal
2317,0,0,0.08526156481739924,probability_native,0.08526156481739924,u_8e137365c406d149,4,0,official,principal
6116,0,0,0.26110167224265146,probability_native,0.26110167224265146,u_8e137365c406d149,4,0,official,principal
2344,0,0,0.25531316126708437,probability_native,0.25531316126708437,u_8e137365c406d149,4,0,official,principal
3143,0,1,0.5900953971122719,probability_native,0.5900953971122719,u_8e137365c406d149,4,0,official,principal
6828,0,0,0.19834265365796191,probability_native,0.19834265365796191,u_8e137365c406d149,4,0,official,principal
1643,0,1,0.6665418441018316,probability_native,0.6665418441018316,u_8e137365c406d149,4,0,official,principal
2396,0,0,0.4303329063627656,probability_native,0.4303329063627656,u_8e137365c406d149,4,0,official,principal
5439,1,1,0.7739733293020382,probability_native,0.7739733293020382,u_8e137365c406d149,4,0,official,principal
5159,0,1,0.829487277170803,probability_native,0.829487277170803,u_8e137365c406d149,4,0,official,principal
867,0,0,0.4706032148340871,probability_native,0.4706032148340871,u_8e137365c406d149,4,0,official,principal
3209,1,1,0.8947469780332838,probability_native,0.8947469780332838,u_8e137365c406d149,4,0,official,principal
3106,0,0,0.09657873949011532,probability_native,0.09657873949011532,u_8e137365c406d149,4,0,official,principal
4874,1,0,0.47398803552500496,probability_native,0.47398803552500496,u_8e137365c406d149,4,0,official,principal
742,1,1,0.8025217146441613,probability_native,0.8025217146441613,u_8e137365c406d149,4,0,official,principal
4176,0,0,0.2073117025281105,probability_native,0.2073117025281105,u_8e137365c406d149,4,0,official,principal
2589,1,1,0.8703858512131643,probability_native,0.8703858512131643,u_8e137365c406d149,4,0,official,principal
4288,1,1,0.8155981793344016,probability_native,0.8155981793344016,u_8e137365c406d149,4,0,official,principal
5917,0,0,0.47917759553758216,probability_native,0.47917759553758216,u_8e137365c406d149,4,0,official,principal
1537,0,0,0.17104098133419304,probability_native,0.17104098133419304,u_8e137365c406d149,4,0,official,principal
6775,0,0,0.3218676631602286,probability_native,0.3218676631602286,u_8e137365c406d149,4,0,official,principal
3277,0,0,0.2117537864129357,probability_native,0.2117537864129357,u_8e137365c406d149,4,0,official,principal
5650,0,0,0.20233947716748127,probability_native,0.20233947716748127,u_8e137365c406d149,4,0,official,principal
4837,1,1,0.7844474570639274,probability_native,0.7844474570639274,u_8e137365c406d149,4,0,official,principal
6168,1,1,0.8662395981915074,probability_native,0.8662395981915074,u_8e137365c406d149,4,0,official,principal
4796,0,0,0.4574408172613194,probability_native,0.4574408172613194,u_8e137365c406d149,4,0,official,principal
1928,1,0,0.24839781945319042,probability_native,0.24839781945319042,u_8e137365c406d149,4,0,official,principal
5,1,1,0.8807319444350491,probability_native,0.8807319444350491,u_8e137365c406d149,4,0,official,principal
4548,1,1,0.6982441753404338,probability_native,0.6982441753404338,u_8e137365c406d149,4,0,official,principal
5498,1,1,0.6996118873529745,probability_native,0.6996118873529745,u_8e137365c406d149,4,0,official,principal
1430,0,0,0.24479224628000096,probability_native,0.24479224628000096,u_8e137365c406d149,4,0,official,principal
6472,0,0,0.22419662753793282,probability_native,0.22419662753793282,u_8e137365c406d149,4,0,official,principal
727,0,1,0.7891682623380253,probability_native,0.7891682623380253,u_8e137365c406d149,4,0,official,principal
4168,0,0,0.14168549401193628,probability_native,0.14168549401193628,u_8e137365c406d149,4,0,official,principal
6653,0,0,0.4647691715147521,probability_native,0.4647691715147521,u_8e137365c406d149,4,0,official,principal
932,0,0,0.05485661223281639,probability_native,0.05485661223281639,u_8e137365c406d149,4,0,official,principal
6836,1,1,0.8609925161729497,probability_native,0.8609925161729497,u_8e137365c406d149,4,0,official,principal
5640,1,1,0.8368480058967587,probability_native,0.8368480058967587,u_8e137365c406d149,4,0,official,principal
3267,0,0,0.09855348414791042,probability_native,0.09855348414791042,u_8e137365c406d149,4,0,official,principal
3183,1,1,0.7024961992532853,probability_native,0.7024961992532853,u_8e137365c406d149,4,0,official,principal
4534,0,1,0.5244224359747983,probability_native,0.5244224359747983,u_8e137365c406d149,4,0,official,principal
6072,0,0,0.29461908838484624,probability_native,0.29461908838484624,u_8e137365c406d149,4,0,official,principal
5209,0,0,0.21537911159091971,probability_native,0.21537911159091971,u_8e137365c406d149,4,0,official,principal
5230,0,0,0.23763520373939462,probability_native,0.23763520373939462,u_8e137365c406d149,4,0,official,principal
6532,0,0,0.2845400085267503,probability_native,0.2845400085267503,u_8e137365c406d149,4,0,official,principal
1759,0,0,0.3267996539827044,probability_native,0.3267996539827044,u_8e137365c406d149,4,0,official,principal
5703,0,0,0.08342880059161392,probability_native,0.08342880059161392,u_8e137365c406d149,4,0,official,principal
4302,0,0,0.2871914796539081,probability_native,0.2871914796539081,u_8e137365c406d149,4,0,official,principal
1027,0,0,0.34903815000053595,probability_native,0.34903815000053595,u_8e137365c406d149,4,0,official,principal
3809,0,0,0.12167007154250371,probability_native,0.12167007154250371,u_8e137365c406d149,4,0,official,principal
3319,1,1,0.7377073886708065,probability_native,0.7377073886708065,u_8e137365c406d149,4,0,official,principal
6077,0,0,0.20124442236797957,probability_native,0.20124442236797957,u_8e137365c406d149,4,0,official,principal
4948,0,1,0.6094273874476269,probability_native,0.6094273874476269,u_8e137365c406d149,4,0,official,principal
921,0,0,0.3779567273858867,probability_native,0.3779567273858867,u_8e137365c406d149,4,0,official,principal
3618,0,0,0.34499400150478177,probability_native,0.34499400150478177,u_8e137365c406d149,4,0,official,principal
452,0,0,0.3240765048198627,probability_native,0.3240765048198627,u_8e137365c406d149,4,0,official,principal
5919,0,0,0.11843516825916109,probability_native,0.11843516825916109,u_8e137365c406d149,4,0,official,principal
4306,0,0,0.48674314353145914,probability_native,0.48674314353145914,u_8e137365c406d149,4,0,official,principal
774,1,1,0.6754267053504204,probability_native,0.6754267053504204,u_8e137365c406d149,4,0,official,principal
4920,0,0,0.04607681124280968,probability_native,0.04607681124280968,u_8e137365c406d149,4,0,official,principal
3410,1,1,0.6308953683236633,probability_native,0.6308953683236633,u_8e137365c406d149,4,0,official,principal
1625,1,1,0.7357881448255129,probability_native,0.7357881448255129,u_8e137365c406d149,4,0,official,principal
2716,0,0,0.4466571914613692,probability_native,0.4466571914613692,u_8e137365c406d149,4,0,official,principal
2996,0,0,0.4881001892709719,probability_native,0.4881001892709719,u_8e137365c406d149,4,0,official,principal
4518,1,1,0.8501455236176765,probability_native,0.8501455236176765,u_8e137365c406d149,4,0,official,principal
178,0,1,0.7618636134541845,probability_native,0.7618636134541845,u_8e137365c406d149,4,0,official,principal
2920,0,0,0.08086478982644481,probability_native,0.08086478982644481,u_8e137365c406d149,4,0,official,principal
2238,0,1,0.8503313363079784,probability_native,0.8503313363079784,u_8e137365c406d149,4,0,official,principal
1378,0,0,0.30840917750955066,probability_native,0.30840917750955066,u_8e137365c406d149,4,0,official,principal
3023,0,0,0.07904310070369513,probability_native,0.07904310070369513,u_8e137365c406d149,4,0,official,principal
4885,0,0,0.3319915835396985,probability_native,0.3319915835396985,u_8e137365c406d149,4,0,official,principal
3191,0,1,0.6195166851042913,probability_native,0.6195166851042913,u_8e137365c406d149,4,0,official,principal
6547,0,0,0.16134614249803597,probability_native,0.16134614249803597,u_8e137365c406d149,4,0,official,principal
4763,0,1,0.5115515535030556,probability_native,0.5115515535030556,u_8e137365c406d149,4,0,official,principal
1341,1,1,0.622674884744577,probability_native,0.622674884744577,u_8e137365c406d149,4,0,official,principal
5763,0,1,0.82704231507174,probability_native,0.82704231507174,u_8e137365c406d149,4,0,official,principal
6814,0,1,0.51735888407434,probability_native,0.51735888407434,u_8e137365c406d149,4,0,official,principal
490,0,0,0.3429604880688303,probability_native,0.3429604880688303,u_8e137365c406d149,4,0,official,principal
5564,0,0,0.1962475503312362,probability_native,0.1962475503312362,u_8e137365c406d149,4,0,official,principal
6166,1,1,0.7035160651865829,probability_native,0.7035160651865829,u_8e137365c406d149,4,0,official,principal
397,1,1,0.5764312585751244,probability_native,0.5764312585751244,u_8e137365c406d149,4,0,official,principal
2583,0,0,0.12118179721615219,probability_native,0.12118179721615219,u_8e137365c406d149,4,0,official,principal
591,0,0,0.16486521118127423,probability_native,0.16486521118127423,u_8e137365c406d149,4,0,official,principal
3937,0,0,0.48069373258359593,probability_native,0.48069373258359593,u_8e137365c406d149,4,0,official,principal
2182,0,0,0.4023124715758783,probability_native,0.4023124715758783,u_8e137365c406d149,4,0,official,principal
6915,0,0,0.41105948618249466,probability_native,0.41105948618249466,u_8e137365c406d149,4,0,official,principal
3169,0,0,0.2226276983550844,probability_native,0.2226276983550844,u_8e137365c406d149,4,0,official,principal
3078,1,1,0.8898365843638021,probability_native,0.8898365843638021,u_8e137365c406d149,4,0,official,principal
3603,1,1,0.5747295718809236,probability_native,0.5747295718809236,u_8e137365c406d149,4,0,official,principal
4397,0,0,0.1774890435270766,probability_native,0.1774890435270766,u_8e137365c406d149,4,0,official,principal
4315,1,1,0.8186547146438627,probability_native,0.8186547146438627,u_8e137365c406d149,4,0,official,principal
5900,1,0,0.2432962724451029,probability_native,0.2432962724451029,u_8e137365c406d149,4,0,official,principal
6376,0,0,0.07065694310696076,probability_native,0.07065694310696076,u_8e137365c406d149,4,0,official,principal
4677,1,1,0.8096551803732749,probability_native,0.8096551803732749,u_8e137365c406d149,4,0,official,principal
2289,0,0,0.1379645013391123,probability_native,0.1379645013391123,u_8e137365c406d149,4,0,official,principal
4945,0,0,0.15422146410444454,probability_native,0.15422146410444454,u_8e137365c406d149,4,0,official,principal
84,0,0,0.12432340468904958,probability_native,0.12432340468904958,u_8e137365c406d149,4,0,official,principal
462,1,1,0.8310230382218647,probability_native,0.8310230382218647,u_8e137365c406d149,4,0,official,principal
4829,0,1,0.5846362013076907,probability_native,0.5846362013076907,u_8e137365c406d149,4,0,official,principal
5254,0,0,0.15123161835257146,probability_native,0.15123161835257146,u_8e137365c406d149,4,0,official,principal
3206,0,0,0.4015823096022189,probability_native,0.4015823096022189,u_8e137365c406d149,4,0,official,principal
4619,1,1,0.7532247099983368,probability_native,0.7532247099983368,u_8e137365c406d149,4,0,official,principal
1186,0,0,0.1418121488347079,probability_native,0.1418121488347079,u_8e137365c406d149,4,0,official,principal
2698,0,0,0.44844410242771504,probability_native,0.44844410242771504,u_8e137365c406d149,4,0,official,principal
2093,0,0,0.3712356459069083,probability_native,0.3712356459069083,u_8e137365c406d149,4,0,official,principal
3423,1,0,0.4441361771468077,probability_native,0.4441361771468077,u_8e137365c406d149,4,0,official,principal
3290,0,0,0.48398657367125825,probability_native,0.48398657367125825,u_8e137365c406d149,4,0,official,principal
1270,0,0,0.06468003929867176,probability_native,0.06468003929867176,u_8e137365c406d149,4,0,official,principal
5188,0,1,0.7905130568529566,probability_native,0.7905130568529566,u_8e137365c406d149,4,0,official,principal
119,0,1,0.5261678536649265,probability_native,0.5261678536649265,u_8e137365c406d149,4,0,official,principal
6410,0,0,0.14606105877748565,probability_native,0.14606105877748565,u_8e137365c406d149,4,0,official,principal
158,0,0,0.23463461438618505,probability_native,0.23463461438618505,u_8e137365c406d149,4,0,official,principal
1613,0,0,0.2487795075641318,probability_native,0.2487795075641318,u_8e137365c406d149,4,0,official,principal
2389,0,0,0.14800033128376053,probability_native,0.14800033128376053,u_8e137365c406d149,4,0,official,principal
5070,1,1,0.5600805366216924,probability_native,0.5600805366216924,u_8e137365c406d149,4,0,official,principal
536,0,0,0.4434851950302346,probability_native,0.4434851950302346,u_8e137365c406d149,4,0,official,principal
4214,1,1,0.8704941000478229,probability_native,0.8704941000478229,u_8e137365c406d149,4,0,official,principal
4878,0,1,0.5315511583075043,probability_native,0.5315511583075043,u_8e137365c406d149,4,0,official,principal
2283,1,1,0.7742225331311983,probability_native,0.7742225331311983,u_8e137365c406d149,4,0,official,principal
5962,0,1,0.571189013695661,probability_native,0.571189013695661,u_8e137365c406d149,4,0,official,principal
6475,0,0,0.3741268613087677,probability_native,0.3741268613087677,u_8e137365c406d149,4,0,official,principal
3272,1,1,0.810776401893456,probability_native,0.810776401893456,u_8e137365c406d149,4,0,official,principal
2712,0,0,0.4631485851732133,probability_native,0.4631485851732133,u_8e137365c406d149,4,0,official,principal
2267,0,0,0.2083152445625429,probability_native,0.2083152445625429,u_8e137365c406d149,4,0,official,principal
4962,0,0,0.4074836547841575,probability_native,0.4074836547841575,u_8e137365c406d149,4,0,official,principal
197,0,1,0.6183311452528231,probability_native,0.6183311452528231,u_8e137365c406d149,4,0,official,principal
2433,0,0,0.3479399013915505,probability_native,0.3479399013915505,u_8e137365c406d149,4,0,official,principal
2642,1,1,0.6593437490731668,probability_native,0.6593437490731668,u_8e137365c406d149,4,0,official,principal
651,1,1,0.7638618138487877,probability_native,0.7638618138487877,u_8e137365c406d149,4,0,official,principal
1951,0,0,0.4992578608829284,probability_native,0.4992578608829284,u_8e137365c406d149,4,0,official,principal
1020,0,0,0.22370198533112975,probability_native,0.22370198533112975,u_8e137365c406d149,4,0,official,principal
5216,1,0,0.18557683558106317,probability_native,0.18557683558106317,u_8e137365c406d149,4,0,official,principal
689,0,1,0.5498573243895678,probability_native,0.5498573243895678,u_8e137365c406d149,4,0,official,principal
3029,1,0,0.35534982580454133,probability_native,0.35534982580454133,u_8e137365c406d149,4,0,official,principal
3269,0,0,0.0974825059617371,probability_native,0.0974825059617371,u_8e137365c406d149,4,0,official,principal
2300,1,0,0.37290336937548624,probability_native,0.37290336937548624,u_8e137365c406d149,4,0,official,principal
4582,0,0,0.10353226873592111,probability_native,0.10353226873592111,u_8e137365c406d149,4,0,official,principal
1579,1,1,0.8484859625851032,probability_native,0.8484859625851032,u_8e137365c406d149,4,0,official,principal
6170,0,0,0.44415499719872076,probability_native,0.44415499719872076,u_8e137365c406d149,4,0,official,principal
5557,0,1,0.8014567963467844,probability_native,0.8014567963467844,u_8e137365c406d149,4,0,official,principal
1748,0,0,0.08456248821040867,probability_native,0.08456248821040867,u_8e137365c406d149,4,0,official,principal
1555,1,0,0.39233657662988275,probability_native,0.39233657662988275,u_8e137365c406d149,4,0,official,principal
5556,1,1,0.7753681093874379,probability_native,0.7753681093874379,u_8e137365c406d149,4,0,official,principal
445,1,1,0.665054435906612,probability_native,0.665054435906612,u_8e137365c406d149,4,0,official,principal
5952,0,0,0.44737623953610345,probability_native,0.44737623953610345,u_8e137365c406d149,4,0,official,principal
5942,1,1,0.7616789069576722,probability_native,0.7616789069576722,u_8e137365c406d149,4,0,official,principal
2382,0,0,0.1802523096610414,probability_native,0.1802523096610414,u_8e137365c406d149,4,0,official,principal
5529,0,0,0.4427648028418132,probability_native,0.4427648028418132,u_8e137365c406d149,4,0,official,principal
140,0,0,0.109549951425531,probability_native,0.109549951425531,u_8e137365c406d149,4,0,official,principal
2456,0,0,0.09281338201964626,probability_native,0.09281338201964626,u_8e137365c406d149,4,0,official,principal
5656,0,1,0.6026378471304554,probability_native,0.6026378471304554,u_8e137365c406d149,4,0,official,principal
3926,0,1,0.5184614634953614,probability_native,0.5184614634953614,u_8e137365c406d149,4,0,official,principal
2896,0,0,0.40818786492113573,probability_native,0.40818786492113573,u_8e137365c406d149,4,0,official,principal
2063,0,0,0.18243378862182433,probability_native,0.18243378862182433,u_8e137365c406d149,4,0,official,principal
5208,0,0,0.28666035438848764,probability_native,0.28666035438848764,u_8e137365c406d149,4,0,official,principal
4427,0,0,0.32457902868591415,probability_native,0.32457902868591415,u_8e137365c406d149,4,0,official,principal
6093,0,0,0.17167638505004923,probability_native,0.17167638505004923,u_8e137365c406d149,4,0,official,principal
2471,1,1,0.5952766813080458,probability_native,0.5952766813080458,u_8e137365c406d149,4,0,official,principal
5542,0,0,0.15409255324637772,probability_native,0.15409255324637772,u_8e137365c406d149,4,0,official,principal
3735,0,1,0.8494662723635995,probability_native,0.8494662723635995,u_8e137365c406d149,4,0,official,principal
3468,0,0,0.3779196655450093,probability_native,0.3779196655450093,u_8e137365c406d149,4,0,official,principal
5734,0,0,0.09518629459410248,probability_native,0.09518629459410248,u_8e137365c406d149,4,0,official,principal
644,0,0,0.47163290081368303,probability_native,0.47163290081368303,u_8e137365c406d149,4,0,official,principal
1972,0,1,0.7094328574795663,probability_native,0.7094328574795663,u_8e137365c406d149,4,0,official,principal
3509,0,1,0.641774673355909,probability_native,0.641774673355909,u_8e137365c406d149,4,0,official,principal
385,1,0,0.411226745421015,probability_native,0.411226745421015,u_8e137365c406d149,4,0,official,principal
6203,0,0,0.17600050720244412,probability_native,0.17600050720244412,u_8e137365c406d149,4,0,official,principal
6238,0,0,0.4975548050195328,probability_native,0.4975548050195328,u_8e137365c406d149,4,0,official,principal
3124,0,0,0.08291941881843415,probability_native,0.08291941881843415,u_8e137365c406d149,4,0,official,principal
291,0,0,0.19813426333457065,probability_native,0.19813426333457065,u_8e137365c406d149,4,0,official,principal
433,1,1,0.5949765094093328,probability_native,0.5949765094093328,u_8e137365c406d149,4,0,official,principal
2465,1,1,0.727849962961743,probability_native,0.727849962961743,u_8e137365c406d149,4,0,official,principal
5634,1,1,0.5257904311663839,probability_native,0.5257904311663839,u_8e137365c406d149,4,0,official,principal
4310,0,0,0.11644293891746742,probability_native,0.11644293891746742,u_8e137365c406d149,4,0,official,principal
3263,0,0,0.3009172856072848,probability_native,0.3009172856072848,u_8e137365c406d149,4,0,official,principal
3020,0,0,0.1464822560129931,probability_native,0.1464822560129931,u_8e137365c406d149,4,0,official,principal
181,0,1,0.5761970356896996,probability_native,0.5761970356896996,u_8e137365c406d149,4,0,official,principal
5895,0,0,0.3666839449297685,probability_native,0.3666839449297685,u_8e137365c406d149,4,0,official,principal
5365,0,0,0.06304462518244236,probability_native,0.06304462518244236,u_8e137365c406d149,4,0,official,principal
4080,0,0,0.13750797951320842,probability_native,0.13750797951320842,u_8e137365c406d149,4,0,official,principal
2734,0,0,0.38089215099583834,probability_native,0.38089215099583834,u_8e137365c406d149,4,0,official,principal
1354,1,1,0.7686269529527859,probability_native,0.7686269529527859,u_8e137365c406d149,4,0,official,principal
3734,0,0,0.3215785703592867,probability_native,0.3215785703592867,u_8e137365c406d149,4,0,official,principal
529,0,0,0.35557663170109705,probability_native,0.35557663170109705,u_8e137365c406d149,4,0,official,principal
3438,1,1,0.8491473258896515,probability_native,0.8491473258896515,u_8e137365c406d149,4,0,official,principal
6825,0,1,0.7608821406621286,probability_native,0.7608821406621286,u_8e137365c406d149,4,0,official,principal
1803,0,0,0.19107516737541982,probability_native,0.19107516737541982,u_8e137365c406d149,4,0,official,principal
3280,0,0,0.14267342784464865,probability_native,0.14267342784464865,u_8e137365c406d149,4,0,official,principal
6118,0,0,0.30746956359295363,probability_native,0.30746956359295363,u_8e137365c406d149,4,0,official,principal
6431,0,0,0.20760012808269263,probability_native,0.20760012808269263,u_8e137365c406d149,4,0,official,principal
2355,0,0,0.08439349948794225,probability_native,0.08439349948794225,u_8e137365c406d149,4,0,official,principal
2775,1,0,0.24014403932319564,probability_native,0.24014403932319564,u_8e137365c406d149,4,0,official,principal
4454,0,0,0.4313422663150641,probability_native,0.4313422663150641,u_8e137365c406d149,4,0,official,principal
23,0,0,0.14137278413196666,probability_native,0.14137278413196666,u_8e137365c406d149,4,0,official,principal
2528,1,1,0.7845260442618004,probability_native,0.7845260442618004,u_8e137365c406d149,4,0,official,principal
1737,0,1,0.5835874693100483,probability_native,0.5835874693100483,u_8e137365c406d149,4,0,official,principal
4564,1,0,0.4475789799554706,probability_native,0.4475789799554706,u_8e137365c406d149,4,0,official,principal
1831,0,0,0.39927172626003243,probability_native,0.39927172626003243,u_8e137365c406d149,4,0,official,principal
2104,1,1,0.7958979494073453,probability_native,0.7958979494073453,u_8e137365c406d149,4,0,official,principal
4311,1,1,0.6620318063853391,probability_native,0.6620318063853391,u_8e137365c406d149,4,0,official,principal
4883,1,1,0.7319746823118671,probability_native,0.7319746823118671,u_8e137365c406d149,4,0,official,principal
5915,0,0,0.07430818182083308,probability_native,0.07430818182083308,u_8e137365c406d149,4,0,official,principal
2980,0,0,0.06534370300242685,probability_native,0.06534370300242685,u_8e137365c406d149,4,0,official,principal
1358,0,1,0.683816854710067,probability_native,0.683816854710067,u_8e137365c406d149,4,0,official,principal
4191,0,1,0.5690436055882936,probability_native,0.5690436055882936,u_8e137365c406d149,4,0,official,principal
1597,0,0,0.33220001575666097,probability_native,0.33220001575666097,u_8e137365c406d149,4,0,official,principal
4414,0,0,0.26400484384830214,probability_native,0.26400484384830214,u_8e137365c406d149,4,0,official,principal
5491,0,0,0.4484915217595299,probability_native,0.4484915217595299,u_8e137365c406d149,4,0,official,principal
3149,0,1,0.5235128135733342,probability_native,0.5235128135733342,u_8e137365c406d149,4,0,official,principal
6912,0,1,0.8533931266242236,probability_native,0.8533931266242236,u_8e137365c406d149,4,0,official,principal
5494,1,1,0.7300961475276405,probability_native,0.7300961475276405,u_8e137365c406d149,4,0,official,principal
3877,1,0,0.45388547714444755,probability_native,0.45388547714444755,u_8e137365c406d149,4,0,official,principal
539,0,0,0.15437017229427294,probability_native,0.15437017229427294,u_8e137365c406d149,4,0,official,principal
4798,0,1,0.6667510555879138,probability_native,0.6667510555879138,u_8e137365c406d149,4,0,official,principal
1918,0,0,0.39075232545782335,probability_native,0.39075232545782335,u_8e137365c406d149,4,0,official,principal
144,0,0,0.08156965557447518,probability_native,0.08156965557447518,u_8e137365c406d149,4,0,official,principal
491,0,1,0.7336445265501642,probability_native,0.7336445265501642,u_8e137365c406d149,4,0,official,principal
2770,1,1,0.8130803993878849,probability_native,0.8130803993878849,u_8e137365c406d149,4,0,official,principal
6374,0,0,0.051836277800331974,probability_native,0.051836277800331974,u_8e137365c406d149,4,0,official,principal
2346,0,0,0.2453754255192107,probability_native,0.2453754255192107,u_8e137365c406d149,4,0,official,principal
6131,1,1,0.6473368465144062,probability_native,0.6473368465144062,u_8e137365c406d149,4,0,official,principal
3499,1,0,0.4392429007426689,probability_native,0.4392429007426689,u_8e137365c406d149,4,0,official,principal
6849,0,1,0.5299363063048962,probability_native,0.5299363063048962,u_8e137365c406d149,4,0,official,principal
5026,0,0,0.21454885050519107,probability_native,0.21454885050519107,u_8e137365c406d149,4,0,official,principal
1473,1,1,0.8308281011586938,probability_native,0.8308281011586938,u_8e137365c406d149,4,0,official,principal
3467,1,1,0.8928350600373917,probability_native,0.8928350600373917,u_8e137365c406d149,4,0,official,principal
4238,0,0,0.07594591334141386,probability_native,0.07594591334141386,u_8e137365c406d149,4,0,official,principal
4190,1,1,0.6748586436030779,probability_native,0.6748586436030779,u_8e137365c406d149,4,0,official,principal
3750,0,1,0.5321247926654833,probability_native,0.5321247926654833,u_8e137365c406d149,4,0,official,principal
2654,1,1,0.8821792220870813,probability_native,0.8821792220870813,u_8e137365c406d149,4,0,official,principal
5657,0,1,0.8493468856851937,probability_native,0.8493468856851937,u_8e137365c406d149,4,0,official,principal
4468,1,0,0.4510518099712137,probability_native,0.4510518099712137,u_8e137365c406d149,4,0,official,principal
5128,0,1,0.7166441348670579,probability_native,0.7166441348670579,u_8e137365c406d149,4,0,official,principal
6154,0,0,0.23181219235680914,probability_native,0.23181219235680914,u_8e137365c406d149,4,0,official,principal
3062,0,0,0.40890376811030626,probability_native,0.40890376811030626,u_8e137365c406d149,4,0,official,principal
4615,0,0,0.0658062495720872,probability_native,0.0658062495720872,u_8e137365c406d149,4,0,official,principal
4931,0,1,0.821150253712147,probability_native,0.821150253712147,u_8e137365c406d149,4,0,official,principal
875,0,1,0.6802392718394661,probability_native,0.6802392718394661,u_8e137365c406d149,4,0,official,principal
37,0,1,0.5229223440508539,probability_native,0.5229223440508539,u_8e137365c406d149,4,0,official,principal
6407,0,0,0.42136810653377665,probability_native,0.42136810653377665,u_8e137365c406d149,4,0,official,principal
3028,1,0,0.4623483353672611,probability_native,0.4623483353672611,u_8e137365c406d149,4,0,official,principal
1363,0,0,0.10272136096228043,probability_native,0.10272136096228043,u_8e137365c406d149,4,0,official,principal
731,0,0,0.41951344699462256,probability_native,0.41951344699462256,u_8e137365c406d149,4,0,official,principal
840,1,1,0.6294314811160817,probability_native,0.6294314811160817,u_8e137365c406d149,4,0,official,principal
2002,0,0,0.11032375810533537,probability_native,0.11032375810533537,u_8e137365c406d149,4,0,official,principal
3497,0,1,0.8470698375335258,probability_native,0.8470698375335258,u_8e137365c406d149,4,0,official,principal
4133,0,1,0.6338544454984215,probability_native,0.6338544454984215,u_8e137365c406d149,4,0,official,principal
5834,0,1,0.5599320422593353,probability_native,0.5599320422593353,u_8e137365c406d149,4,0,official,principal
456,0,0,0.3794885524916838,probability_native,0.3794885524916838,u_8e137365c406d149,4,0,official,principal
1929,0,1,0.8323438119843405,probability_native,0.8323438119843405,u_8e137365c406d149,4,0,official,principal
778,0,0,0.2753523892180138,probability_native,0.2753523892180138,u_8e137365c406d149,4,0,official,principal
5711,1,1,0.7975296784222524,probability_native,0.7975296784222524,u_8e137365c406d149,4,0,official,principal
3225,0,1,0.6788264294855929,probability_native,0.6788264294855929,u_8e137365c406d149,4,0,official,principal
4774,0,0,0.48039884162287344,probability_native,0.48039884162287344,u_8e137365c406d149,4,0,official,principal
7018,1,1,0.7187058175379953,probability_native,0.7187058175379953,u_8e137365c406d149,4,0,official,principal
3930,0,0,0.30674906602138624,probability_native,0.30674906602138624,u_8e137365c406d149,4,0,official,principal
2236,0,1,0.7877536929988735,probability_native,0.7877536929988735,u_8e137365c406d149,4,0,official,principal
6188,0,0,0.3384174431596873,probability_native,0.3384174431596873,u_8e137365c406d149,4,0,official,principal
1039,1,1,0.5632733557752724,probability_native,0.5632733557752724,u_8e137365c406d149,4,0,official,principal
6589,0,0,0.07071951692827083,probability_native,0.07071951692827083,u_8e137365c406d149,4,0,official,principal
6483,0,1,0.7840648754464853,probability_native,0.7840648754464853,u_8e137365c406d149,4,0,official,principal
1142,0,1,0.7320478736390674,probability_native,0.7320478736390674,u_8e137365c406d149,4,0,official,principal
4068,0,0,0.24316770851099323,probability_native,0.24316770851099323,u_8e137365c406d149,4,0,official,principal
767,0,0,0.280671912995218,probability_native,0.280671912995218,u_8e137365c406d149,4,0,official,principal
13,1,1,0.6566487792076485,probability_native,0.6566487792076485,u_8e137365c406d149,4,0,official,principal
2715,0,0,0.3087956036379007,probability_native,0.3087956036379007,u_8e137365c406d149,4,0,official,principal
2006,1,1,0.6800682744275186,probability_native,0.6800682744275186,u_8e137365c406d149,4,0,official,principal
118,0,0,0.11684880988062801,probability_native,0.11684880988062801,u_8e137365c406d149,4,0,official,principal
4848,1,1,0.8396108878305036,probability_native,0.8396108878305036,u_8e137365c406d149,4,0,official,principal
3176,0,0,0.10167456510148297,probability_native,0.10167456510148297,u_8e137365c406d149,4,0,official,principal
5054,0,0,0.12203242199804279,probability_native,0.12203242199804279,u_8e137365c406d149,4,0,official,principal
915,1,1,0.867715371537311,probability_native,0.867715371537311,u_8e137365c406d149,4,0,official,principal
5754,0,0,0.2668828470924822,probability_native,0.2668828470924822,u_8e137365c406d149,4,0,official,principal
1072,0,0,0.3643539183091339,probability_native,0.3643539183091339,u_8e137365c406d149,4,0,official,principal
5508,0,0,0.07370459450509045,probability_native,0.07370459450509045,u_8e137365c406d149,4,0,official,principal
1255,1,1,0.6667437441467587,probability_native,0.6667437441467587,u_8e137365c406d149,4,0,official,principal
2436,0,1,0.5568197847504438,probability_native,0.5568197847504438,u_8e137365c406d149,4,0,official,principal
6839,1,1,0.8735674830606036,probability_native,0.8735674830606036,u_8e137365c406d149,4,0,official,principal
2846,0,1,0.5954885975285193,probability_native,0.5954885975285193,u_8e137365c406d149,4,0,official,principal
5988,0,0,0.20213865639429626,probability_native,0.20213865639429626,u_8e137365c406d149,4,0,official,principal
6285,0,0,0.2895644697243832,probability_native,0.2895644697243832,u_8e137365c406d149,4,0,official,principal
5147,0,0,0.4167703188070803,probability_native,0.4167703188070803,u_8e137365c406d149,4,0,official,principal
3821,1,1,0.8682293323142594,probability_native,0.8682293323142594,u_8e137365c406d149,4,0,official,principal
5534,0,1,0.6168022184771274,probability_native,0.6168022184771274,u_8e137365c406d149,4,0,official,principal
1947,0,0,0.2533715306465684,probability_native,0.2533715306465684,u_8e137365c406d149,4,0,official,principal
6938,0,0,0.13108816203786242,probability_native,0.13108816203786242,u_8e137365c406d149,4,0,official,principal
754,0,1,0.7474870106986672,probability_native,0.7474870106986672,u_8e137365c406d149,4,0,official,principal
6497,0,1,0.7076198994879896,probability_native,0.7076198994879896,u_8e137365c406d149,4,0,official,principal
3198,0,1,0.5922409608035268,probability_native,0.5922409608035268,u_8e137365c406d149,4,0,official,principal
5359,1,1,0.6540404775810427,probability_native,0.6540404775810427,u_8e137365c406d149,4,0,official,principal
4759,1,1,0.855825748807509,probability_native,0.855825748807509,u_8e137365c406d149,4,0,official,principal
5131,1,1,0.7480640394381165,probability_native,0.7480640394381165,u_8e137365c406d149,4,0,official,principal
3732,0,0,0.2388458714317408,probability_native,0.2388458714317408,u_8e137365c406d149,4,0,official,principal
4058,1,1,0.5462645834504117,probability_native,0.5462645834504117,u_8e137365c406d149,4,0,official,principal
5011,0,1,0.6474813991525423,probability_native,0.6474813991525423,u_8e137365c406d149,4,0,official,principal
2120,0,0,0.06462933399404105,probability_native,0.06462933399404105,u_8e137365c406d149,4,0,official,principal
2020,0,0,0.23328492255707667,probability_native,0.23328492255707667,u_8e137365c406d149,4,0,official,principal
6583,0,0,0.25493269303087,probability_native,0.25493269303087,u_8e137365c406d149,4,0,official,principal
1714,0,0,0.1489642730079752,probability_native,0.1489642730079752,u_8e137365c406d149,4,0,official,principal
817,0,0,0.32617638728193366,probability_native,0.32617638728193366,u_8e137365c406d149,4,0,official,principal
4401,0,1,0.5673749821783887,probability_native,0.5673749821783887,u_8e137365c406d149,4,0,official,principal
2530,0,1,0.832186326575341,probability_native,0.832186326575341,u_8e137365c406d149,4,0,official,principal
4156,0,1,0.5059368277976637,probability_native,0.5059368277976637,u_8e137365c406d149,4,0,official,principal
6221,0,0,0.2606534172478089,probability_native,0.2606534172478089,u_8e137365c406d149,4,0,official,principal
3355,0,0,0.17125026848310354,probability_native,0.17125026848310354,u_8e137365c406d149,4,0,official,principal
3315,0,0,0.4025902167981705,probability_native,0.4025902167981705,u_8e137365c406d149,4,0,official,principal
2951,0,0,0.3130998255744704,probability_native,0.3130998255744704,u_8e137365c406d149,4,0,official,principal
3972,0,0,0.3126739420028106,probability_native,0.3126739420028106,u_8e137365c406d149,4,0,official,principal
3998,0,0,0.1987095823399587,probability_native,0.1987095823399587,u_8e137365c406d149,4,0,official,principal
3138,1,1,0.7211117156464711,probability_native,0.7211117156464711,u_8e137365c406d149,4,0,official,principal
804,1,1,0.8310816163211476,probability_native,0.8310816163211476,u_8e137365c406d149,4,0,official,principal
2814,0,0,0.06698851716035059,probability_native,0.06698851716035059,u_8e137365c406d149,4,0,official,principal
233,0,0,0.056461977536446835,probability_native,0.056461977536446835,u_8e137365c406d149,4,0,official,principal
4089,1,1,0.8241263092674515,probability_native,0.8241263092674515,u_8e137365c406d149,4,0,official,principal
1757,0,0,0.21071003379410688,probability_native,0.21071003379410688,u_8e137365c406d149,4,0,official,principal
2694,0,0,0.3443993094699527,probability_native,0.3443993094699527,u_8e137365c406d149,4,0,official,principal
813,0,0,0.18243796789731473,probability_native,0.18243796789731473,u_8e137365c406d149,4,0,official,principal
3157,1,1,0.5383049928981036,probability_native,0.5383049928981036,u_8e137365c406d149,4,0,official,principal
1681,0,0,0.06264424310929535,probability_native,0.06264424310929535,u_8e137365c406d149,4,0,official,principal
6197,1,0,0.4209019174630453,probability_native,0.4209019174630453,u_8e137365c406d149,4,0,official,principal
4613,1,1,0.6252129618818059,probability_native,0.6252129618818059,u_8e137365c406d149,4,0,official,principal
764,0,0,0.05116163953519328,probability_native,0.05116163953519328,u_8e137365c406d149,4,0,official,principal
1671,0,0,0.2719943167483807,probability_native,0.2719943167483807,u_8e137365c406d149,4,0,official,principal
1765,0,0,0.38400338253558564,probability_native,0.38400338253558564,u_8e137365c406d149,4,0,official,principal
4954,1,1,0.8595211434311518,probability_native,0.8595211434311518,u_8e137365c406d149,4,0,official,principal
4778,0,0,0.081655441808745,probability_native,0.081655441808745,u_8e137365c406d149,4,0,official,principal
2475,0,0,0.1947256657219015,probability_native,0.1947256657219015,u_8e137365c406d149,4,0,official,principal
4020,0,0,0.12256983508191717,probability_native,0.12256983508191717,u_8e137365c406d149,4,0,official,principal
4555,0,0,0.1581933513781756,probability_native,0.1581933513781756,u_8e137365c406d149,4,0,official,principal
2858,0,0,0.4332938174652154,probability_native,0.4332938174652154,u_8e137365c406d149,4,0,official,principal
5504,1,0,0.4736096746862053,probability_native,0.4736096746862053,u_8e137365c406d149,4,0,official,principal
4169,1,1,0.8319220928120322,probability_native,0.8319220928120322,u_8e137365c406d149,4,0,official,principal
1336,0,1,0.6408626389332391,probability_native,0.6408626389332391,u_8e137365c406d149,4,0,official,principal
79,0,0,0.14718054747241158,probability_native,0.14718054747241158,u_8e137365c406d149,4,0,official,principal
1406,0,0,0.07811838580683894,probability_native,0.07811838580683894,u_8e137365c406d149,4,0,official,principal
6323,0,1,0.5294363266459158,probability_native,0.5294363266459158,u_8e137365c406d149,4,0,official,principal
3747,0,0,0.4919896320301439,probability_native,0.4919896320301439,u_8e137365c406d149,4,0,official,principal
2009,0,0,0.08646556919881493,probability_native,0.08646556919881493,u_8e137365c406d149,4,0,official,principal
6361,0,1,0.5478074094714267,probability_native,0.5478074094714267,u_8e137365c406d149,4,0,official,principal
4734,1,0,0.18252669919133963,probability_native,0.18252669919133963,u_8e137365c406d149,4,0,official,principal
5072,0,1,0.8417713616618664,probability_native,0.8417713616618664,u_8e137365c406d149,4,0,official,principal
1368,0,0,0.2627020969999013,probability_native,0.2627020969999013,u_8e137365c406d149,4,0,official,principal
6054,1,1,0.6013997841774075,probability_native,0.6013997841774075,u_8e137365c406d149,4,0,official,principal
3428,1,1,0.5449575166026797,probability_native,0.5449575166026797,u_8e137365c406d149,4,0,official,principal
1501,0,0,0.22520450177974036,probability_native,0.22520450177974036,u_8e137365c406d149,4,0,official,principal
6702,0,1,0.7149767193296577,probability_native,0.7149767193296577,u_8e137365c406d149,4,0,official,principal
2470,0,0,0.08852338712534526,probability_native,0.08852338712534526,u_8e137365c406d149,4,0,official,principal
3304,0,0,0.417572286857283,probability_native,0.417572286857283,u_8e137365c406d149,4,0,official,principal
5526,0,0,0.12536030345934052,probability_native,0.12536030345934052,u_8e137365c406d149,4,0,official,principal
6462,1,1,0.8415438421125315,probability_native,0.8415438421125315,u_8e137365c406d149,4,0,official,principal
987,0,0,0.4709771563100992,probability_native,0.4709771563100992,u_8e137365c406d149,4,0,official,principal
2437,0,1,0.5478789205050639,probability_native,0.5478789205050639,u_8e137365c406d149,4,0,official,principal
1061,0,0,0.38075281298425795,probability_native,0.38075281298425795,u_8e137365c406d149,4,0,official,principal
1469,1,1,0.6106073125510301,probability_native,0.6106073125510301,u_8e137365c406d149,4,0,official,principal
6086,0,0,0.16728405872706487,probability_native,0.16728405872706487,u_8e137365c406d149,4,0,official,principal
2878,0,1,0.7169781407658239,probability_native,0.7169781407658239,u_8e137365c406d149,4,0,official,principal
4604,0,1,0.5703554501534916,probability_native,0.5703554501534916,u_8e137365c406d149,4,0,official,principal
1752,0,0,0.24304716350696723,probability_native,0.24304716350696723,u_8e137365c406d149,4,0,official,principal
6402,0,0,0.16709751184398353,probability_native,0.16709751184398353,u_8e137365c406d149,4,0,official,principal
293,0,1,0.887683125915767,probability_native,0.887683125915767,u_8e137365c406d149,4,0,official,principal
6336,0,1,0.5092700671699575,probability_native,0.5092700671699575,u_8e137365c406d149,4,0,official,principal
4719,1,1,0.7602863656023263,probability_native,0.7602863656023263,u_8e137365c406d149,4,0,official,principal
5855,0,0,0.24029816832334086,probability_native,0.24029816832334086,u_8e137365c406d149,4,0,official,principal
2091,0,0,0.07704340466916593,probability_native,0.07704340466916593,u_8e137365c406d149,4,0,official,principal
3016,1,1,0.7697830984034243,probability_native,0.7697830984034243,u_8e137365c406d149,4,0,official,principal
6307,0,0,0.26830313464654737,probability_native,0.26830313464654737,u_8e137365c406d149,4,0,official,principal
2122,0,1,0.5171198125749441,probability_native,0.5171198125749441,u_8e137365c406d149,4,0,official,principal
2003,1,0,0.48653390781001216,probability_native,0.48653390781001216,u_8e137365c406d149,4,0,official,principal
3195,0,1,0.7409851691344825,probability_native,0.7409851691344825,u_8e137365c406d149,4,0,official,principal
4407,0,0,0.3478044126574513,probability_native,0.3478044126574513,u_8e137365c406d149,4,0,official,principal
3714,0,0,0.08007477836338986,probability_native,0.08007477836338986,u_8e137365c406d149,4,0,official,principal
4739,0,1,0.7014807944418494,probability_native,0.7014807944418494,u_8e137365c406d149,4,0,official,principal
5396,0,0,0.16377213655982792,probability_native,0.16377213655982792,u_8e137365c406d149,4,0,official,principal
6723,0,0,0.11650831168920793,probability_native,0.11650831168920793,u_8e137365c406d149,4,0,official,principal
879,0,0,0.47844205456229005,probability_native,0.47844205456229005,u_8e137365c406d149,4,0,official,principal
4993,0,0,0.09107372989090265,probability_native,0.09107372989090265,u_8e137365c406d149,4,0,official,principal
3994,1,1,0.5208604256858319,probability_native,0.5208604256858319,u_8e137365c406d149,4,0,official,principal
6499,0,0,0.44836144813275286,probability_native,0.44836144813275286,u_8e137365c406d149,4,0,official,principal
2402,0,0,0.3546254070908304,probability_native,0.3546254070908304,u_8e137365c406d149,4,0,official,principal
1068,1,1,0.6467533843304027,probability_native,0.6467533843304027,u_8e137365c406d149,4,0,official,principal
1599,0,0,0.12373535897650971,probability_native,0.12373535897650971,u_8e137365c406d149,4,0,official,principal
2401,0,1,0.5785949562158803,probability_native,0.5785949562158803,u_8e137365c406d149,4,0,official,principal
2854,0,0,0.37994517974499137,probability_native,0.37994517974499137,u_8e137365c406d149,4,0,official,principal
107,0,0,0.2151441680846397,probability_native,0.2151441680846397,u_8e137365c406d149,4,0,official,principal
3030,1,1,0.8566048249439515,probability_native,0.8566048249439515,u_8e137365c406d149,4,0,official,principal
1916,1,1,0.577841845126236,probability_native,0.577841845126236,u_8e137365c406d149,4,0,official,principal
2213,0,0,0.20538529347456383,probability_native,0.20538529347456383,u_8e137365c406d149,4,0,official,principal
3625,0,0,0.054685827495115365,probability_native,0.054685827495115365,u_8e137365c406d149,4,0,official,principal
4024,0,1,0.5738991987131772,probability_native,0.5738991987131772,u_8e137365c406d149,4,0,official,principal
364,0,1,0.6505154649224317,probability_native,0.6505154649224317,u_8e137365c406d149,4,0,official,principal
4706,1,1,0.6306621875295673,probability_native,0.6306621875295673,u_8e137365c406d149,4,0,official,principal
5450,1,1,0.8222726540983334,probability_native,0.8222726540983334,u_8e137365c406d149,4,0,official,principal
391,0,1,0.6005736703522248,probability_native,0.6005736703522248,u_8e137365c406d149,4,0,official,principal
4326,1,1,0.8845996119243197,probability_native,0.8845996119243197,u_8e137365c406d149,4,0,official,principal
3569,0,0,0.24418713943007114,probability_native,0.24418713943007114,u_8e137365c406d149,4,0,official,principal
3724,0,0,0.0851363877419482,probability_native,0.0851363877419482,u_8e137365c406d149,4,0,official,principal
5374,1,1,0.8216642626709271,probability_native,0.8216642626709271,u_8e137365c406d149,4,0,official,principal
2365,0,1,0.7067547702765097,probability_native,0.7067547702765097,u_8e137365c406d149,4,0,official,principal
2866,0,1,0.8173155610515125,probability_native,0.8173155610515125,u_8e137365c406d149,4,0,official,principal
6615,0,1,0.6230361697917803,probability_native,0.6230361697917803,u_8e137365c406d149,4,0,official,principal
6719,0,0,0.06556909591370891,probability_native,0.06556909591370891,u_8e137365c406d149,4,0,official,principal
4354,0,0,0.10568306287520177,probability_native,0.10568306287520177,u_8e137365c406d149,4,0,official,principal
7021,1,1,0.5321802300956501,probability_native,0.5321802300956501,u_8e137365c406d149,4,0,official,principal
5651,1,1,0.5976833904066219,probability_native,0.5976833904066219,u_8e137365c406d149,4,0,official,principal
3337,0,1,0.8333963560161128,probability_native,0.8333963560161128,u_8e137365c406d149,4,0,official,principal
2802,1,1,0.785348341950911,probability_native,0.785348341950911,u_8e137365c406d149,4,0,official,principal
2297,1,0,0.44783767352253456,probability_native,0.44783767352253456,u_8e137365c406d149,4,0,official,principal
3879,1,1,0.6816047780393942,probability_native,0.6816047780393942,u_8e137365c406d149,4,0,official,principal
1172,0,1,0.7729054663444744,probability_native,0.7729054663444744,u_8e137365c406d149,4,0,official,principal
6620,1,1,0.8681225059999865,probability_native,0.8681225059999865,u_8e137365c406d149,4,0,official,principal
1773,0,0,0.06177983913540127,probability_native,0.06177983913540127,u_8e137365c406d149,4,0,official,principal
1024,0,1,0.5736402010428164,probability_native,0.5736402010428164,u_8e137365c406d149,4,0,official,principal
1459,0,0,0.4522346441519112,probability_native,0.4522346441519112,u_8e137365c406d149,4,0,official,principal
2037,0,1,0.7932857930497356,probability_native,0.7932857930497356,u_8e137365c406d149,4,0,official,principal
4771,1,1,0.8460575421235863,probability_native,0.8460575421235863,u_8e137365c406d149,4,0,official,principal
1476,0,0,0.4390940312864886,probability_native,0.4390940312864886,u_8e137365c406d149,4,0,official,principal
4858,0,0,0.07506003717522691,probability_native,0.07506003717522691,u_8e137365c406d149,4,0,official,principal
3389,0,1,0.7724662474233689,probability_native,0.7724662474233689,u_8e137365c406d149,4,0,official,principal
3671,1,1,0.8492919399505622,probability_native,0.8492919399505622,u_8e137365c406d149,4,0,official,principal
4497,0,1,0.5437797435048446,probability_native,0.5437797435048446,u_8e137365c406d149,4,0,official,principal
1835,0,1,0.7121643563434478,probability_native,0.7121643563434478,u_8e137365c406d149,4,0,official,principal
367,0,0,0.43470189152891375,probability_native,0.43470189152891375,u_8e137365c406d149,4,0,official,principal
2657,0,1,0.5773387485439095,probability_native,0.5773387485439095,u_8e137365c406d149,4,0,official,principal
6196,0,0,0.2871647083329915,probability_native,0.2871647083329915,u_8e137365c406d149,4,0,official,principal
2812,1,0,0.4403676340886081,probability_native,0.4403676340886081,u_8e137365c406d149,4,0,official,principal
1256,0,0,0.10010231711381426,probability_native,0.10010231711381426,u_8e137365c406d149,4,0,official,principal
6604,0,1,0.6629898534776004,probability_native,0.6629898534776004,u_8e137365c406d149,4,0,official,principal
3808,0,0,0.35301916782969966,probability_native,0.35301916782969966,u_8e137365c406d149,4,0,official,principal
6119,0,0,0.37439541189334336,probability_native,0.37439541189334336,u_8e137365c406d149,4,0,official,principal
928,0,0,0.23675369117074765,probability_native,0.23675369117074765,u_8e137365c406d149,4,0,official,principal
1886,0,0,0.06889230000572963,probability_native,0.06889230000572963,u_8e137365c406d149,4,0,official,principal
4059,1,1,0.6066741493205143,probability_native,0.6066741493205143,u_8e137365c406d149,4,0,official,principal
6039,1,1,0.551502687254948,probability_native,0.551502687254948,u_8e137365c406d149,4,0,official,principal
4459,1,1,0.8491051383662911,probability_native,0.8491051383662911,u_8e137365c406d149,4,0,official,principal
5892,0,1,0.5094718062595213,probability_native,0.5094718062595213,u_8e137365c406d149,4,0,official,principal
5053,0,1,0.6536443893824739,probability_native,0.6536443893824739,u_8e137365c406d149,4,0,official,principal
2094,0,0,0.33075482089788694,probability_native,0.33075482089788694,u_8e137365c406d149,4,0,official,principal
6996,1,0,0.2304764957031015,probability_native,0.2304764957031015,u_8e137365c406d149,4,0,official,principal
3140,0,1,0.7498713144036584,probability_native,0.7498713144036584,u_8e137365c406d149,4,0,official,principal
1359,1,1,0.8782709062840547,probability_native,0.8782709062840547,u_8e137365c406d149,4,0,official,principal
4655,0,0,0.3230375346947458,probability_native,0.3230375346947458,u_8e137365c406d149,4,0,official,principal
3699,0,0,0.28840594116912943,probability_native,0.28840594116912943,u_8e137365c406d149,4,0,official,principal
4363,0,1,0.5496990647409963,probability_native,0.5496990647409963,u_8e137365c406d149,4,0,official,principal
4562,0,0,0.15236398600006187,probability_native,0.15236398600006187,u_8e137365c406d149,4,0,official,principal
1594,0,0,0.07121240711925571,probability_native,0.07121240711925571,u_8e137365c406d149,4,0,official,principal
270,1,1,0.8204245873471233,probability_native,0.8204245873471233,u_8e137365c406d149,4,0,official,principal
6395,1,1,0.5418066056965856,probability_native,0.5418066056965856,u_8e137365c406d149,4,0,official,principal
2345,0,0,0.44097070185387316,probability_native,0.44097070185387316,u_8e137365c406d149,4,0,official,principal
4111,0,0,0.3800777930808429,probability_native,0.3800777930808429,u_8e137365c406d149,4,0,official,principal
755,1,1,0.8639301626122872,probability_native,0.8639301626122872,u_8e137365c406d149,4,0,official,principal
3382,0,0,0.05208627663853513,probability_native,0.05208627663853513,u_8e137365c406d149,4,0,official,principal
2843,0,0,0.06867039679993252,probability_native,0.06867039679993252,u_8e137365c406d149,4,0,official,principal
5935,0,1,0.7238050657055533,probability_native,0.7238050657055533,u_8e137365c406d149,4,0,official,principal
2477,0,1,0.7451975043687368,probability_native,0.7451975043687368,u_8e137365c406d149,4,0,official,principal
1230,0,1,0.5445686439472391,probability_native,0.5445686439472391,u_8e137365c406d149,4,0,official,principal
4606,0,0,0.20787960206671835,probability_native,0.20787960206671835,u_8e137365c406d149,4,0,official,principal
1271,0,0,0.20878213743973378,probability_native,0.20878213743973378,u_8e137365c406d149,4,0,official,principal
1101,0,0,0.34502263481119566,probability_native,0.34502263481119566,u_8e137365c406d149,4,0,official,principal
4338,0,1,0.5942970980644813,probability_native,0.5942970980644813,u_8e137365c406d149,4,0,official,principal
2677,1,1,0.7529831527431922,probability_native,0.7529831527431922,u_8e137365c406d149,4,0,official,principal
5477,0,0,0.10367624778336122,probability_native,0.10367624778336122,u_8e137365c406d149,4,0,official,principal
2808,0,1,0.7615095020191943,probability_native,0.7615095020191943,u_8e137365c406d149,4,0,official,principal
6334,0,0,0.3268961242284378,probability_native,0.3268961242284378,u_8e137365c406d149,4,0,official,principal
1060,0,0,0.21133276520925937,probability_native,0.21133276520925937,u_8e137365c406d149,4,0,official,principal
1880,1,1,0.8800983051567819,probability_native,0.8800983051567819,u_8e137365c406d149,4,0,official,principal
4539,1,0,0.19673318597046252,probability_native,0.19673318597046252,u_8e137365c406d149,4,0,official,principal
2500,0,0,0.19971008568272267,probability_native,0.19971008568272267,u_8e137365c406d149,4,0,official,principal
2518,0,1,0.7802477326804715,probability_native,0.7802477326804715,u_8e137365c406d149,4,0,official,principal
6432,0,0,0.2802190066718521,probability_native,0.2802190066718521,u_8e137365c406d149,4,0,official,principal
2591,0,1,0.6070213119993946,probability_native,0.6070213119993946,u_8e137365c406d149,4,0,official,principal
2549,0,0,0.4367790941427201,probability_native,0.4367790941427201,u_8e137365c406d149,4,0,official,principal
4645,1,1,0.7806872122629347,probability_native,0.7806872122629347,u_8e137365c406d149,4,0,official,principal
5431,0,0,0.2554699158766118,probability_native,0.2554699158766118,u_8e137365c406d149,4,0,official,principal
75,0,0,0.4735282718067927,probability_native,0.4735282718067927,u_8e137365c406d149,4,0,official,principal
2017,0,0,0.13600521857574202,probability_native,0.13600521857574202,u_8e137365c406d149,4,0,official,principal
1051,0,1,0.5482576423168367,probability_native,0.5482576423168367,u_8e137365c406d149,4,0,official,principal
2076,0,0,0.37188983123860037,probability_native,0.37188983123860037,u_8e137365c406d149,4,0,official,principal
2291,1,1,0.8583637578049853,probability_native,0.8583637578049853,u_8e137365c406d149,4,0,official,principal
6134,0,1,0.6040063655382334,probability_native,0.6040063655382334,u_8e137365c406d149,4,0,official,principal
4042,0,1,0.7004111466328684,probability_native,0.7004111466328684,u_8e137365c406d149,4,0,official,principal
5332,0,0,0.14285987554829835,probability_native,0.14285987554829835,u_8e137365c406d149,4,0,official,principal
5922,0,0,0.20220375302371513,probability_native,0.20220375302371513,u_8e137365c406d149,4,0,official,principal
787,0,0,0.328660058502636,probability_native,0.328660058502636,u_8e137365c406d149,4,0,official,principal
6044,0,1,0.7705567465470464,probability_native,0.7705567465470464,u_8e137365c406d149,4,0,official,principal
3248,1,1,0.8741773574593615,probability_native,0.8741773574593615,u_8e137365c406d149,4,0,official,principal
3950,1,1,0.7679050690612936,probability_native,0.7679050690612936,u_8e137365c406d149,4,0,official,principal
198,0,0,0.24903454737217814,probability_native,0.24903454737217814,u_8e137365c406d149,4,0,official,principal
2725,0,1,0.6719005115125443,probability_native,0.6719005115125443,u_8e137365c406d149,4,0,official,principal
3490,1,1,0.6328321997370375,probability_native,0.6328321997370375,u_8e137365c406d149,4,0,official,principal
2117,0,0,0.06904173179988082,probability_native,0.06904173179988082,u_8e137365c406d149,4,0,official,principal
317,1,0,0.16994432215244573,probability_native,0.16994432215244573,u_8e137365c406d149,4,0,official,principal
211,0,1,0.6810527843045863,probability_native,0.6810527843045863,u_8e137365c406d149,4,0,official,principal
3092,1,1,0.6428867703163182,probability_native,0.6428867703163182,u_8e137365c406d149,4,0,official,principal
3265,1,1,0.6497199533743747,probability_native,0.6497199533743747,u_8e137365c406d149,4,0,official,principal
6130,0,0,0.09694311634894534,probability_native,0.09694311634894534,u_8e137365c406d149,4,0,official,principal
713,0,1,0.5349225307173618,probability_native,0.5349225307173618,u_8e137365c406d149,4,0,official,principal
4303,0,0,0.11722669633723086,probability_native,0.11722669633723086,u_8e137365c406d149,4,0,official,principal
2385,0,0,0.49847118068395896,probability_native,0.49847118068395896,u_8e137365c406d149,4,0,official,principal
436,0,0,0.17182201842668443,probability_native,0.17182201842668443,u_8e137365c406d149,4,0,official,principal
5446,1,0,0.4466664286961779,probability_native,0.4466664286961779,u_8e137365c406d149,4,0,official,principal
1925,0,0,0.1487615776807857,probability_native,0.1487615776807857,u_8e137365c406d149,4,0,official,principal
5667,0,1,0.5116393541936217,probability_native,0.5116393541936217,u_8e137365c406d149,4,0,official,principal
1670,1,1,0.6255492106495599,probability_native,0.6255492106495599,u_8e137365c406d149,4,0,official,principal
2956,0,1,0.6813285110013605,probability_native,0.6813285110013605,u_8e137365c406d149,4,0,official,principal
1163,1,1,0.7764851320009263,probability_native,0.7764851320009263,u_8e137365c406d149,4,0,official,principal
6427,0,0,0.120545341632349,probability_native,0.120545341632349,u_8e137365c406d149,4,0,official,principal
6169,1,1,0.6540019229481651,probability_native,0.6540019229481651,u_8e137365c406d149,4,0,official,principal
6444,1,0,0.34812190658091036,probability_native,0.34812190658091036,u_8e137365c406d149,4,0,official,principal
2905,0,1,0.5168970500333825,probability_native,0.5168970500333825,u_8e137365c406d149,4,0,official,principal
1877,0,0,0.10209596104758353,probability_native,0.10209596104758353,u_8e137365c406d149,4,0,official,principal
148,0,0,0.2755128635307271,probability_native,0.2755128635307271,u_8e137365c406d149,4,0,official,principal
1362,1,1,0.815973695879063,probability_native,0.815973695879063,u_8e137365c406d149,4,0,official,principal
3286,1,1,0.8256998716187729,probability_native,0.8256998716187729,u_8e137365c406d149,4,0,official,principal
3132,0,1,0.7178589455488589,probability_native,0.7178589455488589,u_8e137365c406d149,4,0,official,principal
6280,0,0,0.3469868412379954,probability_native,0.3469868412379954,u_8e137365c406d149,4,0,official,principal
5948,0,0,0.1118899123795027,probability_native,0.1118899123795027,u_8e137365c406d149,4,0,official,principal
2594,0,0,0.3145247841213241,probability_native,0.3145247841213241,u_8e137365c406d149,4,0,official,principal
5284,1,1,0.7712110245080754,probability_native,0.7712110245080754,u_8e137365c406d149,4,0,official,principal
2376,0,1,0.6016192456125318,probability_native,0.6016192456125318,u_8e137365c406d149,4,0,official,principal
2723,0,0,0.32787242212341405,probability_native,0.32787242212341405,u_8e137365c406d149,4,0,official,principal
3674,1,1,0.672257602292151,probability_native,0.672257602292151,u_8e137365c406d149,4,0,official,principal
2427,1,1,0.7432331342560824,probability_native,0.7432331342560824,u_8e137365c406d149,4,0,official,principal
5674,0,0,0.12615815946380896,probability_native,0.12615815946380896,u_8e137365c406d149,4,0,official,principal
5762,0,1,0.5995760334555335,probability_native,0.5995760334555335,u_8e137365c406d149,4,0,official,principal
4292,1,1,0.7519197401791905,probability_native,0.7519197401791905,u_8e137365c406d149,4,0,official,principal
2804,1,0,0.4439923394376721,probability_native,0.4439923394376721,u_8e137365c406d149,4,0,official,principal
3916,0,1,0.663564423449395,probability_native,0.663564423449395,u_8e137365c406d149,4,0,official,principal
856,0,0,0.10475319013153388,probability_native,0.10475319013153388,u_8e137365c406d149,4,0,official,principal
4893,1,1,0.5691760665692619,probability_native,0.5691760665692619,u_8e137365c406d149,4,0,official,principal
2870,0,0,0.4038190967009992,probability_native,0.4038190967009992,u_8e137365c406d149,4,0,official,principal
2324,1,1,0.7717756793362672,probability_native,0.7717756793362672,u_8e137365c406d149,4,0,official,principal
3927,1,0,0.488495403714491,probability_native,0.488495403714491,u_8e137365c406d149,4,0,official,principal
869,0,0,0.32650207678596554,probability_native,0.32650207678596554,u_8e137365c406d149,4,0,official,principal
3075,0,0,0.40735914013609387,probability_native,0.40735914013609387,u_8e137365c406d149,4,0,official,principal
5958,0,1,0.634890408501549,probability_native,0.634890408501549,u_8e137365c406d149,4,0,official,principal
5123,1,1,0.7259286259460918,probability_native,0.7259286259460918,u_8e137365c406d149,4,0,official,principal
234,0,0,0.3881416479418384,probability_native,0.3881416479418384,u_8e137365c406d149,4,0,official,principal
1178,1,1,0.811999725510908,probability_native,0.811999725510908,u_8e137365c406d149,4,0,official,principal
2679,1,1,0.8395329006096739,probability_native,0.8395329006096739,u_8e137365c406d149,4,0,official,principal
2038,1,1,0.751907627681978,probability_native,0.751907627681978,u_8e137365c406d149,4,0,official,principal
6755,0,1,0.6233705101128185,probability_native,0.6233705101128185,u_8e137365c406d149,4,0,official,principal
172,0,0,0.35912978165333415,probability_native,0.35912978165333415,u_8e137365c406d149,4,0,official,principal
1651,1,1,0.8752778658174141,probability_native,0.8752778658174141,u_8e137365c406d149,4,0,official,principal
1283,0,0,0.3471072990172793,probability_native,0.3471072990172793,u_8e137365c406d149,4,0,official,principal
477,0,1,0.5117606612727755,probability_native,0.5117606612727755,u_8e137365c406d149,4,0,official,principal
6351,1,1,0.5304249771053074,probability_native,0.5304249771053074,u_8e137365c406d149,4,0,official,principal
1328,0,0,0.4538369502440671,probability_native,0.4538369502440671,u_8e137365c406d149,4,0,official,principal
6222,0,0,0.43872207000174623,probability_native,0.43872207000174623,u_8e137365c406d149,4,0,official,principal
3379,0,0,0.4322896867521701,probability_native,0.4322896867521701,u_8e137365c406d149,4,0,official,principal
1622,0,0,0.14635820824903256,probability_native,0.14635820824903256,u_8e137365c406d149,4,0,official,principal
365,1,1,0.80760405065059,probability_native,0.80760405065059,u_8e137365c406d149,4,0,official,principal
2178,0,0,0.09040909381240184,probability_native,0.09040909381240184,u_8e137365c406d149,4,0,official,principal
1290,0,0,0.1427771041073332,probability_native,0.1427771041073332,u_8e137365c406d149,4,0,official,principal
6034,0,0,0.28912836771117406,probability_native,0.28912836771117406,u_8e137365c406d149,4,0,official,principal
5923,0,1,0.8001302596334766,probability_native,0.8001302596334766,u_8e137365c406d149,4,0,official,principal
5577,0,0,0.16258514124860465,probability_native,0.16258514124860465,u_8e137365c406d149,4,0,official,principal
2066,0,0,0.0754207830909449,probability_native,0.0754207830909449,u_8e137365c406d149,4,0,official,principal
5991,1,1,0.7901738346999366,probability_native,0.7901738346999366,u_8e137365c406d149,4,0,official,principal
1891,1,1,0.6155963880168027,probability_native,0.6155963880168027,u_8e137365c406d149,4,0,official,principal
2463,0,1,0.8160784487812252,probability_native,0.8160784487812252,u_8e137365c406d149,4,0,official,principal
1837,1,0,0.47176559679804997,probability_native,0.47176559679804997,u_8e137365c406d149,4,0,official,principal
3235,0,0,0.08811621810444978,probability_native,0.08811621810444978,u_8e137365c406d149,4,0,official,principal
6648,0,0,0.2591936460689563,probability_native,0.2591936460689563,u_8e137365c406d149,4,0,official,principal
6500,0,0,0.18659449893581523,probability_native,0.18659449893581523,u_8e137365c406d149,4,0,official,principal
42,0,0,0.1952182055516929,probability_native,0.1952182055516929,u_8e137365c406d149,4,0,official,principal
4989,0,0,0.40234766865218163,probability_native,0.40234766865218163,u_8e137365c406d149,4,0,official,principal
1460,1,1,0.8348810540464694,probability_native,0.8348810540464694,u_8e137365c406d149,4,0,official,principal
2830,0,0,0.1380193147832525,probability_native,0.1380193147832525,u_8e137365c406d149,4,0,official,principal
308,0,1,0.7057838887769585,probability_native,0.7057838887769585,u_8e137365c406d149,4,0,official,principal
3542,0,0,0.22869046135254326,probability_native,0.22869046135254326,u_8e137365c406d149,4,0,official,principal
819,0,0,0.14790700284035205,probability_native,0.14790700284035205,u_8e137365c406d149,4,0,official,principal
6624,0,0,0.11404498251952731,probability_native,0.11404498251952731,u_8e137365c406d149,4,0,official,principal
5375,1,1,0.6638600638706106,probability_native,0.6638600638706106,u_8e137365c406d149,4,0,official,principal
259,0,1,0.5726036329424117,probability_native,0.5726036329424117,u_8e137365c406d149,4,0,official,principal
588,0,0,0.3081015352214653,probability_native,0.3081015352214653,u_8e137365c406d149,4,0,official,principal
4919,0,0,0.07528821189395014,probability_native,0.07528821189395014,u_8e137365c406d149,4,0,official,principal
1192,1,1,0.8546773107196952,probability_native,0.8546773107196952,u_8e137365c406d149,4,0,official,principal
1611,0,0,0.1260259316424871,probability_native,0.1260259316424871,u_8e137365c406d149,4,0,official,principal
5743,0,0,0.1437309970351849,probability_native,0.1437309970351849,u_8e137365c406d149,4,0,official,principal
6832,0,0,0.06776462741502645,probability_native,0.06776462741502645,u_8e137365c406d149,4,0,official,principal
218,0,0,0.15827526959382143,probability_native,0.15827526959382143,u_8e137365c406d149,4,0,official,principal
374,0,1,0.6819726520969739,probability_native,0.6819726520969739,u_8e137365c406d149,4,0,official,principal
3098,1,1,0.6348152923899014,probability_native,0.6348152923899014,u_8e137365c406d149,4,0,official,principal
2498,0,0,0.47901168930331195,probability_native,0.47901168930331195,u_8e137365c406d149,4,0,official,principal
12,0,0,0.41867386965635844,probability_native,0.41867386965635844,u_8e137365c406d149,4,0,official,principal
1637,0,0,0.1129687437653605,probability_native,0.1129687437653605,u_8e137365c406d149,4,0,official,principal
5214,1,1,0.7073415668139892,probability_native,0.7073415668139892,u_8e137365c406d149,4,0,official,principal
2425,0,0,0.43926211808360116,probability_native,0.43926211808360116,u_8e137365c406d149,4,0,official,principal
6959,0,1,0.546568768930897,probability_native,0.546568768930897,u_8e137365c406d149,4,0,official,principal
1241,0,0,0.4741417780966252,probability_native,0.4741417780966252,u_8e137365c406d149,4,0,official,principal
1892,0,1,0.7568833333655646,probability_native,0.7568833333655646,u_8e137365c406d149,4,0,official,principal
5037,1,1,0.7852106469821412,probability_native,0.7852106469821412,u_8e137365c406d149,4,0,official,principal
5363,0,0,0.05238072509266674,probability_native,0.05238072509266674,u_8e137365c406d149,4,0,official,principal
4683,0,1,0.8370436561065647,probability_native,0.8370436561065647,u_8e137365c406d149,4,0,official,principal
5539,0,0,0.17632862224164841,probability_native,0.17632862224164841,u_8e137365c406d149,4,0,official,principal
2083,1,0,0.49617433913797526,probability_native,0.49617433913797526,u_8e137365c406d149,4,0,official,principal
4732,0,0,0.04345461284855476,probability_native,0.04345461284855476,u_8e137365c406d149,4,0,official,principal
1199,0,1,0.6693812213880275,probability_native,0.6693812213880275,u_8e137365c406d149,4,0,official,principal
1130,0,0,0.16837433953450295,probability_native,0.16837433953450295,u_8e137365c406d149,4,0,official,principal
4528,0,1,0.5634773566855786,probability_native,0.5634773566855786,u_8e137365c406d149,4,0,official,principal
297,0,1,0.8158178986652489,probability_native,0.8158178986652489,u_8e137365c406d149,4,0,official,principal
4141,0,1,0.6089497431076626,probability_native,0.6089497431076626,u_8e137365c406d149,4,0,official,principal
2884,0,0,0.12001631967466324,probability_native,0.12001631967466324,u_8e137365c406d149,4,0,official,principal
4741,0,1,0.8416315695376837,probability_native,0.8416315695376837,u_8e137365c406d149,4,0,official,principal
2426,0,1,0.5315488926556534,probability_native,0.5315488926556534,u_8e137365c406d149,4,0,official,principal
6202,1,0,0.22483195381727397,probability_native,0.22483195381727397,u_8e137365c406d149,4,0,official,principal
4963,0,0,0.3150250993373812,probability_native,0.3150250993373812,u_8e137365c406d149,4,0,official,principal
1755,0,1,0.5802757056443187,probability_native,0.5802757056443187,u_8e137365c406d149,4,0,official,principal
5052,0,0,0.47825221094329323,probability_native,0.47825221094329323,u_8e137365c406d149,4,0,official,principal
5281,0,0,0.04962539633083943,probability_native,0.04962539633083943,u_8e137365c406d149,4,0,official,principal
457,0,0,0.2299525110095254,probability_native,0.2299525110095254,u_8e137365c406d149,4,0,official,principal
2957,0,1,0.7679888079645009,probability_native,0.7679888079645009,u_8e137365c406d149,4,0,official,principal
3249,0,0,0.4937537227548827,probability_native,0.4937537227548827,u_8e137365c406d149,4,0,official,principal
6845,0,1,0.6811195740695766,probability_native,0.6811195740695766,u_8e137365c406d149,4,0,official,principal
2022,0,1,0.8023657079546292,probability_native,0.8023657079546292,u_8e137365c406d149,4,0,official,principal
5798,1,1,0.8646362701415032,probability_native,0.8646362701415032,u_8e137365c406d149,4,0,official,principal
963,0,0,0.14903164867862528,probability_native,0.14903164867862528,u_8e137365c406d149,4,0,official,principal
660,1,1,0.6217430512829342,probability_native,0.6217430512829342,u_8e137365c406d149,4,0,official,principal
5478,0,0,0.3480136875147176,probability_native,0.3480136875147176,u_8e137365c406d149,4,0,official,principal
4955,1,1,0.7256753570029366,probability_native,0.7256753570029366,u_8e137365c406d149,4,0,official,principal
5678,1,1,0.5092433444881674,probability_native,0.5092433444881674,u_8e137365c406d149,4,0,official,principal
5831,1,1,0.8175545805683749,probability_native,0.8175545805683749,u_8e137365c406d149,4,0,official,principal
5030,1,1,0.7397288101929118,probability_native,0.7397288101929118,u_8e137365c406d149,4,0,official,principal
1294,1,1,0.650610228610816,probability_native,0.650610228610816,u_8e137365c406d149,4,0,official,principal
2212,0,0,0.2853456050067892,probability_native,0.2853456050067892,u_8e137365c406d149,4,0,official,principal
6993,1,1,0.6736542197597971,probability_native,0.6736542197597971,u_8e137365c406d149,4,0,official,principal
6342,0,1,0.7333765955050443,probability_native,0.7333765955050443,u_8e137365c406d149,4,0,official,principal
3949,0,0,0.365815811880228,probability_native,0.365815811880228,u_8e137365c406d149,4,0,official,principal
3967,0,0,0.16491177391913533,probability_native,0.16491177391913533,u_8e137365c406d149,4,0,official,principal
276,1,1,0.6995651648488415,probability_native,0.6995651648488415,u_8e137365c406d149,4,0,official,principal
5867,0,0,0.15746716910320324,probability_native,0.15746716910320324,u_8e137365c406d149,4,0,official,principal
5132,0,0,0.1735525807858424,probability_native,0.1735525807858424,u_8e137365c406d149,4,0,official,principal
142,0,0,0.3957404233087546,probability_native,0.3957404233087546,u_8e137365c406d149,4,0,official,principal
1397,0,1,0.7948296343991755,probability_native,0.7948296343991755,u_8e137365c406d149,4,0,official,principal
4524,1,1,0.7198270326648992,probability_native,0.7198270326648992,u_8e137365c406d149,4,0,official,principal
4713,0,0,0.3689223898514764,probability_native,0.3689223898514764,u_8e137365c406d149,4,0,official,principal
1141,0,0,0.40815594808983663,probability_native,0.40815594808983663,u_8e137365c406d149,4,0,official,principal
4749,1,1,0.6389042630816035,probability_native,0.6389042630816035,u_8e137365c406d149,4,0,official,principal
4119,0,0,0.20018259753316384,probability_native,0.20018259753316384,u_8e137365c406d149,4,0,official,principal
4056,1,1,0.7892946780919193,probability_native,0.7892946780919193,u_8e137365c406d149,4,0,official,principal
1136,0,0,0.05323723060351758,probability_native,0.05323723060351758,u_8e137365c406d149,4,0,official,principal
3048,0,1,0.6595297342427651,probability_native,0.6595297342427651,u_8e137365c406d149,4,0,official,principal
115,0,1,0.6878025396930935,probability_native,0.6878025396930935,u_8e137365c406d149,4,0,official,principal
5298,0,1,0.6924102979516569,probability_native,0.6924102979516569,u_8e137365c406d149,4,0,official,principal
5643,1,1,0.7952229072805498,probability_native,0.7952229072805498,u_8e137365c406d149,4,0,official,principal
1008,1,1,0.6101633160748325,probability_native,0.6101633160748325,u_8e137365c406d149,4,0,official,principal
1416,0,0,0.15756426048427777,probability_native,0.15756426048427777,u_8e137365c406d149,4,0,official,principal
1989,0,0,0.15944252165961043,probability_native,0.15944252165961043,u_8e137365c406d149,4,0,official,principal
3915,0,0,0.2506299028561581,probability_native,0.2506299028561581,u_8e137365c406d149,4,0,official,principal
609,1,0,0.46184045820614766,probability_native,0.46184045820614766,u_8e137365c406d149,4,0,official,principal
1189,0,1,0.7740686020339285,probability_native,0.7740686020339285,u_8e137365c406d149,4,0,official,principal
2074,1,1,0.5358227783231617,probability_native,0.5358227783231617,u_8e137365c406d149,4,0,official,principal
5106,0,0,0.4702902355684646,probability_native,0.4702902355684646,u_8e137365c406d149,4,0,official,principal
2539,0,0,0.059637667393258244,probability_native,0.059637667393258244,u_8e137365c406d149,4,0,official,principal
5002,0,0,0.09671524786951137,probability_native,0.09671524786951137,u_8e137365c406d149,4,0,official,principal
4803,0,1,0.5309234389976545,probability_native,0.5309234389976545,u_8e137365c406d149,4,0,official,principal
1067,0,1,0.6606016895535424,probability_native,0.6606016895535424,u_8e137365c406d149,4,0,official,principal
5460,0,0,0.1417297807838443,probability_native,0.1417297807838443,u_8e137365c406d149,4,0,official,principal
1841,0,0,0.15250132861875218,probability_native,0.15250132861875218,u_8e137365c406d149,4,0,official,principal
6654,1,1,0.8462738107316655,probability_native,0.8462738107316655,u_8e137365c406d149,4,0,official,principal
19,0,1,0.782220908776441,probability_native,0.782220908776441,u_8e137365c406d149,4,0,official,principal
3882,0,1,0.6306438766634649,probability_native,0.6306438766634649,u_8e137365c406d149,4,0,official,principal
1331,0,1,0.6430078333552535,probability_native,0.6430078333552535,u_8e137365c406d149,4,0,official,principal
5399,0,0,0.12336755710849248,probability_native,0.12336755710849248,u_8e137365c406d149,4,0,official,principal
1548,0,1,0.6036749280992522,probability_native,0.6036749280992522,u_8e137365c406d149,4,0,official,principal
3271,1,1,0.8819052003595312,probability_native,0.8819052003595312,u_8e137365c406d149,4,0,official,principal
461,0,1,0.5890613758602026,probability_native,0.5890613758602026,u_8e137365c406d149,4,0,official,principal
390,0,1,0.7710227682578026,probability_native,0.7710227682578026,u_8e137365c406d149,4,0,official,principal
775,0,0,0.2631890990446755,probability_native,0.2631890990446755,u_8e137365c406d149,4,0,official,principal
2098,0,1,0.7336844923168202,probability_native,0.7336844923168202,u_8e137365c406d149,4,0,official,principal
5912,1,1,0.5949502911877349,probability_native,0.5949502911877349,u_8e137365c406d149,4,0,official,principal
431,0,0,0.08359175441027362,probability_native,0.08359175441027362,u_8e137365c406d149,4,0,official,principal
6882,0,0,0.24030595336449737,probability_native,0.24030595336449737,u_8e137365c406d149,4,0,official,principal
4158,0,0,0.11334045390644967,probability_native,0.11334045390644967,u_8e137365c406d149,4,0,official,principal
6469,0,0,0.15218670579605273,probability_native,0.15218670579605273,u_8e137365c406d149,4,0,official,principal
230,0,0,0.30054901929524097,probability_native,0.30054901929524097,u_8e137365c406d149,4,0,official,principal
3485,1,1,0.7884476673541586,probability_native,0.7884476673541586,u_8e137365c406d149,4,0,official,principal
5680,1,1,0.5292185044676057,probability_native,0.5292185044676057,u_8e137365c406d149,4,0,official,principal
125,0,0,0.42651820585067013,probability_native,0.42651820585067013,u_8e137365c406d149,4,0,official,principal
5749,0,1,0.6051732244811859,probability_native,0.6051732244811859,u_8e137365c406d149,4,0,official,principal
2697,0,0,0.10287865537725066,probability_native,0.10287865537725066,u_8e137365c406d149,4,0,official,principal
1843,0,0,0.043494718074152804,probability_native,0.043494718074152804,u_8e137365c406d149,4,0,official,principal
5899,0,0,0.4682984690494494,probability_native,0.4682984690494494,u_8e137365c406d149,4,0,official,principal
1150,0,1,0.5355396945531828,probability_native,0.5355396945531828,u_8e137365c406d149,4,0,official,principal
2688,1,1,0.8291732522860008,probability_native,0.8291732522860008,u_8e137365c406d149,4,0,official,principal
420,0,0,0.43648139592894575,probability_native,0.43648139592894575,u_8e137365c406d149,4,0,official,principal
5653,1,1,0.8268941125741065,probability_native,0.8268941125741065,u_8e137365c406d149,4,0,official,principal
1600,1,1,0.8909167507643593,probability_native,0.8909167507643593,u_8e137365c406d149,4,0,official,principal
980,0,0,0.39354108833304713,probability_native,0.39354108833304713,u_8e137365c406d149,4,0,official,principal
1084,0,0,0.08596877218190428,probability_native,0.08596877218190428,u_8e137365c406d149,4,0,official,principal
2207,1,1,0.8269515036103999,probability_native,0.8269515036103999,u_8e137365c406d149,4,0,official,principal
5297,0,0,0.0888651987526756,probability_native,0.0888651987526756,u_8e137365c406d149,4,0,official,principal
1901,0,0,0.35185963320885155,probability_native,0.35185963320885155,u_8e137365c406d149,4,0,official,principal
4865,0,1,0.6015300797689106,probability_native,0.6015300797689106,u_8e137365c406d149,4,0,official,principal
4567,0,1,0.7425954651089665,probability_native,0.7425954651089665,u_8e137365c406d149,4,0,official,principal
4033,0,0,0.058380784847216954,probability_native,0.058380784847216954,u_8e137365c406d149,4,0,official,principal
5523,0,1,0.7431126533484665,probability_native,0.7431126533484665,u_8e137365c406d149,4,0,official,principal
3123,0,1,0.711299328992538,probability_native,0.711299328992538,u_8e137365c406d149,4,0,official,principal
3794,0,1,0.5776535521603257,probability_native,0.5776535521603257,u_8e137365c406d149,4,0,official,principal
564,0,1,0.545108640477734,probability_native,0.545108640477734,u_8e137365c406d149,4,0,official,principal
1873,0,0,0.08164565819425879,probability_native,0.08164565819425879,u_8e137365c406d149,4,0,official,principal
6105,1,0,0.36448805915000715,probability_native,0.36448805915000715,u_8e137365c406d149,4,0,official,principal
2544,0,1,0.5290272963794911,probability_native,0.5290272963794911,u_8e137365c406d149,4,0,official,principal
4023,0,0,0.1547304602801009,probability_native,0.1547304602801009,u_8e137365c406d149,4,0,official,principal
5723,0,0,0.3883084280006575,probability_native,0.3883084280006575,u_8e137365c406d149,4,0,official,principal
2375,0,0,0.2292086330590123,probability_native,0.2292086330590123,u_8e137365c406d149,4,0,official,principal
4183,0,0,0.4508647411975995,probability_native,0.4508647411975995,u_8e137365c406d149,4,0,official,principal
3986,0,0,0.13725815725453178,probability_native,0.13725815725453178,u_8e137365c406d149,4,0,official,principal
7003,0,0,0.47426681977168944,probability_native,0.47426681977168944,u_8e137365c406d149,4,0,official,principal
1707,0,1,0.8029623750877413,probability_native,0.8029623750877413,u_8e137365c406d149,4,0,official,principal
3126,0,0,0.22546757337616694,probability_native,0.22546757337616694,u_8e137365c406d149,4,0,official,principal
5263,0,0,0.3928563381551826,probability_native,0.3928563381551826,u_8e137365c406d149,4,0,official,principal
3528,1,0,0.407924126047332,probability_native,0.407924126047332,u_8e137365c406d149,4,0,official,principal
5237,0,0,0.46775683919625766,probability_native,0.46775683919625766,u_8e137365c406d149,4,0,official,principal
1788,0,0,0.10237989502230004,probability_native,0.10237989502230004,u_8e137365c406d149,4,0,official,principal
2248,0,0,0.3646547344474774,probability_native,0.3646547344474774,u_8e137365c406d149,4,0,official,principal
1435,0,0,0.49626095368800355,probability_native,0.49626095368800355,u_8e137365c406d149,4,0,official,principal
501,0,0,0.21472599474459245,probability_native,0.21472599474459245,u_8e137365c406d149,4,0,official,principal
5198,1,1,0.5349238225952547,probability_native,0.5349238225952547,u_8e137365c406d149,4,0,official,principal
4255,1,1,0.5868929432105319,probability_native,0.5868929432105319,u_8e137365c406d149,4,0,official,principal
3252,0,0,0.2668407954752496,probability_native,0.2668407954752496,u_8e137365c406d149,4,0,official,principal
3584,0,1,0.6692698702366996,probability_native,0.6692698702366996,u_8e137365c406d149,4,0,official,principal
3535,0,0,0.2619936114376827,probability_native,0.2619936114376827,u_8e137365c406d149,4,0,official,principal
4099,0,0,0.4898126001372656,probability_native,0.4898126001372656,u_8e137365c406d149,4,0,official,principal
2600,0,1,0.7929602615102327,probability_native,0.7929602615102327,u_8e137365c406d149,4,0,official,principal
184,1,1,0.7779877510221227,probability_native,0.7779877510221227,u_8e137365c406d149,4,0,official,principal
1836,1,1,0.7633397329823542,probability_native,0.7633397329823542,u_8e137365c406d149,4,0,official,principal
5545,0,1,0.7124114375302887,probability_native,0.7124114375302887,u_8e137365c406d149,4,0,official,principal
1156,0,0,0.08573228128650436,probability_native,0.08573228128650436,u_8e137365c406d149,4,0,official,principal
1513,1,1,0.6815980513350736,probability_native,0.6815980513350736,u_8e137365c406d149,4,0,official,principal
4568,0,1,0.5477177807496922,probability_native,0.5477177807496922,u_8e137365c406d149,4,0,official,principal
4112,0,0,0.4585897017380902,probability_native,0.4585897017380902,u_8e137365c406d149,4,0,official,principal
6050,0,0,0.32391094854180286,probability_native,0.32391094854180286,u_8e137365c406d149,4,0,official,principal
1276,0,0,0.2341423680692589,probability_native,0.2341423680692589,u_8e137365c406d149,4,0,official,principal
4588,0,1,0.6202045025948836,probability_native,0.6202045025948836,u_8e137365c406d149,4,0,official,principal
4010,0,0,0.43794439679565805,probability_native,0.43794439679565805,u_8e137365c406d149,4,0,official,principal
396,0,1,0.6568124964830739,probability_native,0.6568124964830739,u_8e137365c406d149,4,0,official,principal
4523,0,1,0.7177928787376504,probability_native,0.7177928787376504,u_8e137365c406d149,4,0,official,principal
4220,0,0,0.07989284561198404,probability_native,0.07989284561198404,u_8e137365c406d149,4,0,official,principal
6138,0,0,0.33113638078258417,probability_native,0.33113638078258417,u_8e137365c406d149,4,0,official,principal
2653,0,0,0.07296904255308222,probability_native,0.07296904255308222,u_8e137365c406d149,4,0,official,principal
5492,0,0,0.07922859662427034,probability_native,0.07922859662427034,u_8e137365c406d149,4,0,official,principal
6505,0,0,0.11042566395646611,probability_native,0.11042566395646611,u_8e137365c406d149,4,0,official,principal
321,0,0,0.15187783018343573,probability_native,0.15187783018343573,u_8e137365c406d149,4,0,official,principal
2357,0,0,0.1351293280714028,probability_native,0.1351293280714028,u_8e137365c406d149,4,0,official,principal
407,0,1,0.6594940937060457,probability_native,0.6594940937060457,u_8e137365c406d149,4,0,official,principal
4614,0,0,0.3423801592906148,probability_native,0.3423801592906148,u_8e137365c406d149,4,0,official,principal
962,0,1,0.5695513357337465,probability_native,0.5695513357337465,u_8e137365c406d149,4,0,official,principal
2253,0,0,0.08213977717046475,probability_native,0.08213977717046475,u_8e137365c406d149,4,0,official,principal
4268,0,0,0.4648297155027012,probability_native,0.4648297155027012,u_8e137365c406d149,4,0,official,principal
3443,0,0,0.3699150395884789,probability_native,0.3699150395884789,u_8e137365c406d149,4,0,official,principal
2089,0,0,0.1259220437969789,probability_native,0.1259220437969789,u_8e137365c406d149,4,0,official,principal
6711,0,1,0.6520678487971746,probability_native,0.6520678487971746,u_8e137365c406d149,4,0,official,principal
2620,0,1,0.5323631378808745,probability_native,0.5323631378808745,u_8e137365c406d149,4,0,official,principal
6988,0,0,0.4327216160396891,probability_native,0.4327216160396891,u_8e137365c406d149,4,0,official,principal
4353,1,1,0.8296421089188873,probability_native,0.8296421089188873,u_8e137365c406d149,4,0,official,principal
40,0,0,0.3270552413458346,probability_native,0.3270552413458346,u_8e137365c406d149,4,0,official,principal
1158,0,0,0.42490384987985885,probability_native,0.42490384987985885,u_8e137365c406d149,4,0,official,principal
3667,0,1,0.6535575678969132,probability_native,0.6535575678969132,u_8e137365c406d149,4,0,official,principal
72,0,0,0.26274967683117667,probability_native,0.26274967683117667,u_8e137365c406d149,4,0,official,principal
5043,1,1,0.7883701818557775,probability_native,0.7883701818557775,u_8e137365c406d149,4,0,official,principal
354,1,1,0.6170126516216367,probability_native,0.6170126516216367,u_8e137365c406d149,4,0,official,principal
3484,0,1,0.6636125298682355,probability_native,0.6636125298682355,u_8e137365c406d149,4,0,official,principal
6556,0,0,0.24363995632182026,probability_native,0.24363995632182026,u_8e137365c406d149,4,0,official,principal
7009,1,1,0.7774205240772869,probability_native,0.7774205240772869,u_8e137365c406d149,4,0,official,principal
4092,0,0,0.49643800273222194,probability_native,0.49643800273222194,u_8e137365c406d149,4,0,official,principal
576,0,0,0.4042335790811299,probability_native,0.4042335790811299,u_8e137365c406d149,4,0,official,principal
4969,0,0,0.45185540080526093,probability_native,0.45185540080526093,u_8e137365c406d149,4,0,official,principal
3432,0,0,0.13398866372826967,probability_native,0.13398866372826967,u_8e137365c406d149,4,0,official,principal
1193,0,0,0.19780768927932035,probability_native,0.19780768927932035,u_8e137365c406d149,4,0,official,principal
4828,0,0,0.29523857186712477,probability_native,0.29523857186712477,u_8e137365c406d149,4,0,official,principal
5092,0,0,0.33406566370694496,probability_native,0.33406566370694496,u_8e137365c406d149,4,0,official,principal
1442,0,0,0.3631942052242091,probability_native,0.3631942052242091,u_8e137365c406d149,4,0,official,principal
620,0,1,0.652043589690628,probability_native,0.652043589690628,u_8e137365c406d149,4,0,official,principal
7035,0,1,0.7344143622790522,probability_native,0.7344143622790522,u_8e137365c406d149,4,0,official,principal
4289,0,0,0.08474851387934029,probability_native,0.08474851387934029,u_8e137365c406d149,4,0,official,principal
1050,1,1,0.7078889117040315,probability_native,0.7078889117040315,u_8e137365c406d149,4,0,official,principal
6161,0,1,0.6217565360244989,probability_native,0.6217565360244989,u_8e137365c406d149,4,0,official,principal
6428,1,1,0.7389113505317257,probability_native,0.7389113505317257,u_8e137365c406d149,4,0,official,principal
4274,0,0,0.14300692851127575,probability_native,0.14300692851127575,u_8e137365c406d149,4,0,official,principal
4801,0,0,0.06893971574223103,probability_native,0.06893971574223103,u_8e137365c406d149,4,0,official,principal
3574,0,0,0.4967016683075815,probability_native,0.4967016683075815,u_8e137365c406d149,4,0,official,principal
6538,1,1,0.7869221194920496,probability_native,0.7869221194920496,u_8e137365c406d149,4,0,official,principal
3823,0,0,0.08843494662197143,probability_native,0.08843494662197143,u_8e137365c406d149,4,0,official,principal
1700,0,0,0.11427778790824308,probability_native,0.11427778790824308,u_8e137365c406d149,4,0,official,principal
4469,0,0,0.25155205428937366,probability_native,0.25155205428937366,u_8e137365c406d149,4,0,official,principal
3852,0,1,0.529855923415429,probability_native,0.529855923415429,u_8e137365c406d149,4,0,official,principal
3186,0,0,0.060911340864611356,probability_native,0.060911340864611356,u_8e137365c406d149,4,0,official,principal
493,0,0,0.24837330187422596,probability_native,0.24837330187422596,u_8e137365c406d149,4,0,official,principal
6286,0,0,0.33534907166571754,probability_native,0.33534907166571754,u_8e137365c406d149,4,0,official,principal
726,0,0,0.20749990677986496,probability_native,0.20749990677986496,u_8e137365c406d149,4,0,official,principal
5483,1,1,0.5828341946686618,probability_native,0.5828341946686618,u_8e137365c406d149,4,0,official,principal
1818,0,0,0.364110389647148,probability_native,0.364110389647148,u_8e137365c406d149,4,0,official,principal
3188,1,1,0.5999856158410226,probability_native,0.5999856158410226,u_8e137365c406d149,4,0,official,principal
2970,1,1,0.7792967982681097,probability_native,0.7792967982681097,u_8e137365c406d149,4,0,official,principal
802,0,0,0.13684591455612585,probability_native,0.13684591455612585,u_8e137365c406d149,4,0,official,principal
6136,0,0,0.08669676522449639,probability_native,0.08669676522449639,u_8e137365c406d149,4,0,official,principal
1935,0,0,0.14776534748461828,probability_native,0.14776534748461828,u_8e137365c406d149,4,0,official,principal
5352,0,1,0.758505899860147,probability_native,0.758505899860147,u_8e137365c406d149,4,0,official,principal
2673,1,1,0.7462525398490031,probability_native,0.7462525398490031,u_8e137365c406d149,4,0,official,principal
4230,1,1,0.7331000694660841,probability_native,0.7331000694660841,u_8e137365c406d149,4,0,official,principal
3598,0,1,0.7176398182787022,probability_native,0.7176398182787022,u_8e137365c406d149,4,0,official,principal
6810,1,1,0.59418592641178,probability_native,0.59418592641178,u_8e137365c406d149,4,0,official,principal
6645,0,0,0.43026048092024205,probability_native,0.43026048092024205,u_8e137365c406d149,4,0,official,principal
2334,0,1,0.7915291018056956,probability_native,0.7915291018056956,u_8e137365c406d149,4,0,official,principal
1990,1,1,0.8436251410597744,probability_native,0.8436251410597744,u_8e137365c406d149,4,0,official,principal
2167,1,1,0.8835189986273873,probability_native,0.8835189986273873,u_8e137365c406d149,4,0,official,principal
2669,1,1,0.7584432722239391,probability_native,0.7584432722239391,u_8e137365c406d149,4,0,official,principal
2573,1,1,0.6883301172828543,probability_native,0.6883301172828543,u_8e137365c406d149,4,0,official,principal
83,0,1,0.587487874068961,probability_native,0.587487874068961,u_8e137365c406d149,4,0,official,principal
4323,1,1,0.6035251893927059,probability_native,0.6035251893927059,u_8e137365c406d149,4,0,official,principal
202,0,0,0.25954569235576486,probability_native,0.25954569235576486,u_8e137365c406d149,4,0,official,principal
4498,0,0,0.25719202026051124,probability_native,0.25719202026051124,u_8e137365c406d149,4,0,official,principal
4470,0,1,0.6289754467260297,probability_native,0.6289754467260297,u_8e137365c406d149,4,0,official,principal
3014,0,1,0.7341794480414161,probability_native,0.7341794480414161,u_8e137365c406d149,4,0,official,principal
5837,0,1,0.7494560246235199,probability_native,0.7494560246235199,u_8e137365c406d149,4,0,official,principal
4843,0,0,0.05071373670847414,probability_native,0.05071373670847414,u_8e137365c406d149,4,0,official,principal
5211,1,1,0.8612512541717066,probability_native,0.8612512541717066,u_8e137365c406d149,4,0,official,principal
737,0,0,0.14232403810533148,probability_native,0.14232403810533148,u_8e137365c406d149,4,0,official,principal
1646,0,0,0.07884793780837102,probability_native,0.07884793780837102,u_8e137365c406d149,4,0,official,principal
1910,0,1,0.6377442933254391,probability_native,0.6377442933254391,u_8e137365c406d149,4,0,official,principal
4892,0,1,0.8380977977268759,probability_native,0.8380977977268759,u_8e137365c406d149,4,0,official,principal
6904,0,0,0.3371929353824858,probability_native,0.3371929353824858,u_8e137365c406d149,4,0,official,principal
797,0,0,0.3633179990572048,probability_native,0.3633179990572048,u_8e137365c406d149,4,0,official,principal
1188,0,1,0.6056667070318678,probability_native,0.6056667070318678,u_8e137365c406d149,4,0,official,principal
4026,0,0,0.17662961326647433,probability_native,0.17662961326647433,u_8e137365c406d149,4,0,official,principal
3430,0,0,0.32300429281881843,probability_native,0.32300429281881843,u_8e137365c406d149,4,0,official,principal
5588,1,1,0.6424320499931407,probability_native,0.6424320499931407,u_8e137365c406d149,4,0,official,principal
6018,0,0,0.1466310484467278,probability_native,0.1466310484467278,u_8e137365c406d149,4,0,official,principal
4650,0,0,0.20562352269437195,probability_native,0.20562352269437195,u_8e137365c406d149,4,0,official,principal
4776,0,1,0.8072671545195552,probability_native,0.8072671545195552,u_8e137365c406d149,4,0,official,principal
2075,0,1,0.736610724621925,probability_native,0.736610724621925,u_8e137365c406d149,4,0,official,principal
1445,0,1,0.7413430170445683,probability_native,0.7413430170445683,u_8e137365c406d149,4,0,official,principal
4887,0,0,0.17756591456959492,probability_native,0.17756591456959492,u_8e137365c406d149,4,0,official,principal
5371,1,0,0.4361262750724604,probability_native,0.4361262750724604,u_8e137365c406d149,4,0,official,principal
3178,1,0,0.47387951938322803,probability_native,0.47387951938322803,u_8e137365c406d149,4,0,official,principal
6302,1,1,0.8077643027763479,probability_native,0.8077643027763479,u_8e137365c406d149,4,0,official,principal
4639,0,1,0.8486255075062084,probability_native,0.8486255075062084,u_8e137365c406d149,4,0,official,principal
4471,1,1,0.5550508415904272,probability_native,0.5550508415904272,u_8e137365c406d149,4,0,official,principal
2054,1,1,0.7473801610288178,probability_native,0.7473801610288178,u_8e137365c406d149,4,0,official,principal
3909,0,0,0.24250933497408667,probability_native,0.24250933497408667,u_8e137365c406d149,4,0,official,principal
5566,0,0,0.1773379183178901,probability_native,0.1773379183178901,u_8e137365c406d149,4,0,official,principal
358,1,0,0.38415902567574745,probability_native,0.38415902567574745,u_8e137365c406d149,4,0,official,principal
4960,1,1,0.7630886255289298,probability_native,0.7630886255289298,u_8e137365c406d149,4,0,official,principal
1564,1,1,0.8921329040429239,probability_native,0.8921329040429239,u_8e137365c406d149,4,0,official,principal
4826,1,1,0.8901219680438811,probability_native,0.8901219680438811,u_8e137365c406d149,4,0,official,principal
5076,1,1,0.6112071627325578,probability_native,0.6112071627325578,u_8e137365c406d149,4,0,official,principal
2533,0,0,0.10142145283913509,probability_native,0.10142145283913509,u_8e137365c406d149,4,0,official,principal
5966,1,1,0.6556894800019301,probability_native,0.6556894800019301,u_8e137365c406d149,4,0,official,principal
2774,0,0,0.4829592433335869,probability_native,0.4829592433335869,u_8e137365c406d149,4,0,official,principal
2513,0,0,0.07112579358062451,probability_native,0.07112579358062451,u_8e137365c406d149,4,0,official,principal
1387,0,0,0.05362222430695547,probability_native,0.05362222430695547,u_8e137365c406d149,4,0,official,principal
784,0,0,0.09247334754190402,probability_native,0.09247334754190402,u_8e137365c406d149,4,0,official,principal
4040,0,0,0.09554746731891453,probability_native,0.09554746731891453,u_8e137365c406d149,4,0,official,principal
5235,0,1,0.7829246244185017,probability_native,0.7829246244185017,u_8e137365c406d149,4,0,official,principal
1004,0,0,0.32040821386744156,probability_native,0.32040821386744156,u_8e137365c406d149,4,0,official,principal
951,0,1,0.7438439387044556,probability_native,0.7438439387044556,u_8e137365c406d149,4,0,official,principal
3590,0,0,0.14543493604984975,probability_native,0.14543493604984975,u_8e137365c406d149,4,0,official,principal
6984,0,0,0.3501931742504838,probability_native,0.3501931742504838,u_8e137365c406d149,4,0,official,principal
3316,0,0,0.2739800631561322,probability_native,0.2739800631561322,u_8e137365c406d149,4,0,official,principal
3480,0,0,0.05888023532171924,probability_native,0.05888023532171924,u_8e137365c406d149,4,0,official,principal
5187,0,1,0.7799306787642492,probability_native,0.7799306787642492,u_8e137365c406d149,4,0,official,principal
6598,0,0,0.11531403571168998,probability_native,0.11531403571168998,u_8e137365c406d149,4,0,official,principal
5609,1,1,0.6572297091503909,probability_native,0.6572297091503909,u_8e137365c406d149,4,0,official,principal
924,0,1,0.6491614402570739,probability_native,0.6491614402570739,u_8e137365c406d149,4,0,official,principal
6931,0,0,0.31571188341159145,probability_native,0.31571188341159145,u_8e137365c406d149,4,0,official,principal
1295,0,0,0.10738694692008116,probability_native,0.10738694692008116,u_8e137365c406d149,4,0,official,principal
3911,1,0,0.49118423117099125,probability_native,0.49118423117099125,u_8e137365c406d149,4,0,official,principal
4057,0,0,0.048124281080723225,probability_native,0.048124281080723225,u_8e137365c406d149,4,0,official,principal
4218,0,1,0.5235065019848958,probability_native,0.5235065019848958,u_8e137365c406d149,4,0,official,principal
4895,0,0,0.48912124927330464,probability_native,0.48912124927330464,u_8e137365c406d149,4,0,official,principal
514,0,1,0.5070332176856915,probability_native,0.5070332176856915,u_8e137365c406d149,4,0,official,principal
4835,0,1,0.5666764934007924,probability_native,0.5666764934007924,u_8e137365c406d149,4,0,official,principal
45,0,1,0.6785648278997228,probability_native,0.6785648278997228,u_8e137365c406d149,4,0,official,principal
6749,0,0,0.10386033463669196,probability_native,0.10386033463669196,u_8e137365c406d149,4,0,official,principal
2992,0,0,0.44397584982003513,probability_native,0.44397584982003513,u_8e137365c406d149,4,0,official,principal
4991,1,0,0.44341122851748765,probability_native,0.44341122851748765,u_8e137365c406d149,4,0,official,principal
3041,0,1,0.6655322613791594,probability_native,0.6655322613791594,u_8e137365c406d149,4,0,official,principal
5788,0,1,0.7051623742200135,probability_native,0.7051623742200135,u_8e137365c406d149,4,0,official,principal
1860,0,0,0.04358639599589898,probability_native,0.04358639599589898,u_8e137365c406d149,4,0,official,principal
401,0,0,0.2778223105028152,probability_native,0.2778223105028152,u_8e137365c406d149,4,0,official,principal
130,0,1,0.8503189256047591,probability_native,0.8503189256047591,u_8e137365c406d149,4,0,official,principal
1392,0,0,0.14085431400416665,probability_native,0.14085431400416665,u_8e137365c406d149,4,0,official,principal
287,1,1,0.793176222457214,probability_native,0.793176222457214,u_8e137365c406d149,4,0,official,principal
4184,1,1,0.8069275613057646,probability_native,0.8069275613057646,u_8e137365c406d149,4,0,official,principal
2412,1,0,0.16812488001834075,probability_native,0.16812488001834075,u_8e137365c406d149,4,0,official,principal
1585,0,0,0.23279003965333722,probability_native,0.23279003965333722,u_8e137365c406d149,4,0,official,principal
5705,0,0,0.4466664286961779,probability_native,0.4466664286961779,u_8e137365c406d149,4,0,official,principal
6367,0,0,0.08590280559810037,probability_native,0.08590280559810037,u_8e137365c406d149,4,0,official,principal
6373,0,1,0.5941922521863214,probability_native,0.5941922521863214,u_8e137365c406d149,4,0,official,principal
4953,0,0,0.15281784980435417,probability_native,0.15281784980435417,u_8e137365c406d149,4,0,official,principal
4540,0,0,0.4741317479382328,probability_native,0.4741317479382328,u_8e137365c406d149,4,0,official,principal
848,0,0,0.12836461877055758,probability_native,0.12836461877055758,u_8e137365c406d149,4,0,official,principal
6884,1,1,0.7662877929684178,probability_native,0.7662877929684178,u_8e137365c406d149,4,0,official,principal
533,0,0,0.3482896317674027,probability_native,0.3482896317674027,u_8e137365c406d149,4,0,official,principal
1518,0,0,0.4188290964569048,probability_native,0.4188290964569048,u_8e137365c406d149,4,0,official,principal
4322,0,1,0.8191045715253379,probability_native,0.8191045715253379,u_8e137365c406d149,4,0,official,principal
1958,0,1,0.6982674058031028,probability_native,0.6982674058031028,u_8e137365c406d149,4,0,official,principal
1261,0,1,0.7306390601776138,probability_native,0.7306390601776138,u_8e137365c406d149,4,0,official,principal
1640,0,0,0.23533624139539153,probability_native,0.23533624139539153,u_8e137365c406d149,4,0,official,principal
5607,1,1,0.5426281703171172,probability_native,0.5426281703171172,u_8e137365c406d149,4,0,official,principal
6024,1,1,0.8058339486041162,probability_native,0.8058339486041162,u_8e137365c406d149,4,0,official,principal
6112,0,0,0.4809587642916472,probability_native,0.4809587642916472,u_8e137365c406d149,4,0,official,principal
3474,0,0,0.4229612504679261,probability_native,0.4229612504679261,u_8e137365c406d149,4,0,official,principal
1391,0,1,0.727109402008018,probability_native,0.727109402008018,u_8e137365c406d149,4,0,official,principal
5690,0,0,0.117175874869462,probability_native,0.117175874869462,u_8e137365c406d149,4,0,official,principal
4254,1,1,0.6545704160635581,probability_native,0.6545704160635581,u_8e137365c406d149,4,0,official,principal
991,0,0,0.09109649274455753,probability_native,0.09109649274455753,u_8e137365c406d149,4,0,official,principal
4492,0,0,0.10430372660167436,probability_native,0.10430372660167436,u_8e137365c406d149,4,0,official,principal
2428,1,1,0.6762755163126561,probability_native,0.6762755163126561,u_8e137365c406d149,4,0,official,principal
3339,0,0,0.0840291977212618,probability_native,0.0840291977212618,u_8e137365c406d149,4,0,official,principal
2029,1,0,0.2630807666899522,probability_native,0.2630807666899522,u_8e137365c406d149,4,0,official,principal
655,0,1,0.7562973778049089,probability_native,0.7562973778049089,u_8e137365c406d149,4,0,official,principal
6180,0,0,0.35257767814037944,probability_native,0.35257767814037944,u_8e137365c406d149,4,0,official,principal
3369,0,1,0.6591492362514784,probability_native,0.6591492362514784,u_8e137365c406d149,4,0,official,principal
2541,0,0,0.10859869641339738,probability_native,0.10859869641339738,u_8e137365c406d149,4,0,official,principal
1996,0,0,0.06448820325603435,probability_native,0.06448820325603435,u_8e137365c406d149,4,0,official,principal
6778,0,0,0.0540943661487939,probability_native,0.0540943661487939,u_8e137365c406d149,4,0,official,principal
6091,1,1,0.8331703076158656,probability_native,0.8331703076158656,u_8e137365c406d149,4,0,official,principal
5001,1,0,0.47129199347833167,probability_native,0.47129199347833167,u_8e137365c406d149,4,0,official,principal
6732,0,1,0.7615481539846134,probability_native,0.7615481539846134,u_8e137365c406d149,4,0,official,principal
4687,1,1,0.7454689257473982,probability_native,0.7454689257473982,u_8e137365c406d149,4,0,official,principal
3313,0,1,0.5466300834422037,probability_native,0.5466300834422037,u_8e137365c406d149,4,0,official,principal
47,1,1,0.8434801112722441,probability_native,0.8434801112722441,u_8e137365c406d149,4,0,official,principal
2585,0,0,0.1291646729113433,probability_native,0.1291646729113433,u_8e137365c406d149,4,0,official,principal
6299,0,0,0.2660203470015877,probability_native,0.2660203470015877,u_8e137365c406d149,4,0,official,principal
1128,0,0,0.4314037043014314,probability_native,0.4314037043014314,u_8e137365c406d149,4,0,official,principal
6201,0,1,0.7294811313986107,probability_native,0.7294811313986107,u_8e137365c406d149,4,0,official,principal
5897,0,0,0.05184340515989204,probability_native,0.05184340515989204,u_8e137365c406d149,4,0,official,principal
1751,1,1,0.7876834546226226,probability_native,0.7876834546226226,u_8e137365c406d149,4,0,official,principal
4904,0,1,0.7569259857648303,probability_native,0.7569259857648303,u_8e137365c406d149,4,0,official,principal
4411,0,0,0.23601046951627208,probability_native,0.23601046951627208,u_8e137365c406d149,4,0,official,principal
1314,1,0,0.42355078826084236,probability_native,0.42355078826084236,u_8e137365c406d149,4,0,official,principal
6805,0,0,0.37103927546226767,probability_native,0.37103927546226767,u_8e137365c406d149,4,0,official,principal
798,0,0,0.4669147671394319,probability_native,0.4669147671394319,u_8e137365c406d149,4,0,official,principal
3690,1,1,0.5926639490880038,probability_native,0.5926639490880038,u_8e137365c406d149,4,0,official,principal
5407,0,0,0.050378769337179476,probability_native,0.050378769337179476,u_8e137365c406d149,4,0,official,principal
4134,0,1,0.5890222120755694,probability_native,0.5890222120755694,u_8e137365c406d149,4,0,official,principal
5997,0,1,0.8491185315272654,probability_native,0.8491185315272654,u_8e137365c406d149,4,0,official,principal
1790,1,1,0.7300920148346505,probability_native,0.7300920148346505,u_8e137365c406d149,4,0,official,principal
112,0,1,0.6636357121094385,probability_native,0.6636357121094385,u_8e137365c406d149,4,0,official,principal
5501,0,0,0.4962301475745712,probability_native,0.4962301475745712,u_8e137365c406d149,4,0,official,principal
1414,0,1,0.6500791473088622,probability_native,0.6500791473088622,u_8e137365c406d149,4,0,official,principal
625,0,1,0.7508558948825704,probability_native,0.7508558948825704,u_8e137365c406d149,4,0,official,principal
3412,0,0,0.21473918048578203,probability_native,0.21473918048578203,u_8e137365c406d149,4,0,official,principal
375,0,0,0.2821350391231688,probability_native,0.2821350391231688,u_8e137365c406d149,4,0,official,principal
4557,0,0,0.22762619038888657,probability_native,0.22762619038888657,u_8e137365c406d149,4,0,official,principal
1885,0,0,0.34237425378242353,probability_native,0.34237425378242353,u_8e137365c406d149,4,0,official,principal
3498,1,1,0.5559251211881906,probability_native,0.5559251211881906,u_8e137365c406d149,4,0,official,principal
3058,1,0,0.3932872549017125,probability_native,0.3932872549017125,u_8e137365c406d149,4,0,official,principal
5530,0,0,0.3855794294773671,probability_native,0.3855794294773671,u_8e137365c406d149,4,0,official,principal
1253,1,1,0.8388085171852238,probability_native,0.8388085171852238,u_8e137365c406d149,4,0,official,principal
5386,0,1,0.5939250509750769,probability_native,0.5939250509750769,u_8e137365c406d149,4,0,official,principal
58,0,0,0.1272706841465453,probability_native,0.1272706841465453,u_8e137365c406d149,4,0,official,principal
1275,0,0,0.07402874771926096,probability_native,0.07402874771926096,u_8e137365c406d149,4,0,official,principal
4546,1,1,0.7437966906939901,probability_native,0.7437966906939901,u_8e137365c406d149,4,0,official,principal
3946,1,0,0.4893159566561527,probability_native,0.4893159566561527,u_8e137365c406d149,4,0,official,principal
1488,0,1,0.5065821053678888,probability_native,0.5065821053678888,u_8e137365c406d149,4,0,official,principal
6303,0,0,0.3001881132284002,probability_native,0.3001881132284002,u_8e137365c406d149,4,0,official,principal
5639,0,0,0.4128619824665762,probability_native,0.4128619824665762,u_8e137365c406d149,4,0,official,principal
