row_id,y_true,y_pred,score_positive,score_type,probability_native,unit_id,outer_fold,replicate,purpose,variant
2666,0,0,0.10717850923538208,probability_native,0.10717850923538208,u_ca6aceca8bfe61ac,3,2,official,principal
189,0,0,0.3552308678627014,probability_native,0.3552308678627014,u_ca6aceca8bfe61ac,3,2,official,principal
2257,0,0,0.142017662525177,probability_native,0.142017662525177,u_ca6aceca8bfe61ac,3,2,official,principal
2641,0,0,0.47736671566963196,probability_native,0.47736671566963196,u_ca6aceca8bfe61ac,3,2,official,principal
328,0,1,0.5835387706756592,probability_native,0.5835387706756592,u_ca6aceca8bfe61ac,3,2,official,principal
6321,1,0,0.1572910100221634,probability_native,0.1572910100221634,u_ca6aceca8bfe61ac,3,2,official,principal
785,1,0,0.43466606736183167,probability_native,0.43466606736183167,u_ca6aceca8bfe61ac,3,2,official,principal
3253,0,1,0.5752009749412537,probability_native,0.5752009749412537,u_ca6aceca8bfe61ac,3,2,official,principal
4097,0,0,0.2592791020870209,probability_native,0.2592791020870209,u_ca6aceca8bfe61ac,3,2,official,principal
2444,1,1,0.768884539604187,probability_native,0.768884539604187,u_ca6aceca8bfe61ac,3,2,official,principal
5442,0,0,0.03456445783376694,probability_native,0.03456445783376694,u_ca6aceca8bfe61ac,3,2,official,principal
2399,0,1,0.6027064323425293,probability_native,0.6027064323425293,u_ca6aceca8bfe61ac,3,2,official,principal
6746,1,0,0.4574897587299347,probability_native,0.4574897587299347,u_ca6aceca8bfe61ac,3,2,official,principal
4319,0,0,0.41762176156044006,probability_native,0.41762176156044006,u_ca6aceca8bfe61ac,3,2,official,principal
155,0,1,0.7489603757858276,probability_native,0.7489603757858276,u_ca6aceca8bfe61ac,3,2,official,principal
5840,0,0,0.06900615245103836,probability_native,0.06900615245103836,u_ca6aceca8bfe61ac,3,2,official,principal
1491,0,1,0.587623119354248,probability_native,0.587623119354248,u_ca6aceca8bfe61ac,3,2,official,principal
3457,0,1,0.6513689756393433,probability_native,0.6513689756393433,u_ca6aceca8bfe61ac,3,2,official,principal
5229,1,1,0.5920884609222412,probability_native,0.5920884609222412,u_ca6aceca8bfe61ac,3,2,official,principal
777,1,1,0.8975667953491211,probability_native,0.8975667953491211,u_ca6aceca8bfe61ac,3,2,official,principal
3218,0,0,0.13182185590267181,probability_native,0.13182185590267181,u_ca6aceca8bfe61ac,3,2,official,principal
6437,0,0,0.0791962519288063,probability_native,0.0791962519288063,u_ca6aceca8bfe61ac,3,2,official,principal
1019,0,0,0.16664913296699524,probability_native,0.16664913296699524,u_ca6aceca8bfe61ac,3,2,official,principal
830,1,0,0.47033658623695374,probability_native,0.47033658623695374,u_ca6aceca8bfe61ac,3,2,official,principal
5993,0,1,0.7047787308692932,probability_native,0.7047787308692932,u_ca6aceca8bfe61ac,3,2,official,principal
6627,0,0,0.06335124373435974,probability_native,0.06335124373435974,u_ca6aceca8bfe61ac,3,2,official,principal
2247,0,0,0.0546409897506237,probability_native,0.0546409897506237,u_ca6aceca8bfe61ac,3,2,official,principal
556,0,1,0.5838591456413269,probability_native,0.5838591456413269,u_ca6aceca8bfe61ac,3,2,official,principal
4820,0,0,0.15647897124290466,probability_native,0.15647897124290466,u_ca6aceca8bfe61ac,3,2,official,principal
3908,0,1,0.5369722843170166,probability_native,0.5369722843170166,u_ca6aceca8bfe61ac,3,2,official,principal
3567,1,1,0.6921595335006714,probability_native,0.6921595335006714,u_ca6aceca8bfe61ac,3,2,official,principal
2833,0,0,0.034807443618774414,probability_native,0.034807443618774414,u_ca6aceca8bfe61ac,3,2,official,principal
4536,1,1,0.9020070433616638,probability_native,0.9020070433616638,u_ca6aceca8bfe61ac,3,2,official,principal
3780,0,0,0.04884037375450134,probability_native,0.04884037375450134,u_ca6aceca8bfe61ac,3,2,official,principal
6576,0,0,0.352703720331192,probability_native,0.352703720331192,u_ca6aceca8bfe61ac,3,2,official,principal
4432,0,0,0.04847735911607742,probability_native,0.04847735911607742,u_ca6aceca8bfe61ac,3,2,official,principal
1428,1,1,0.8174795508384705,probability_native,0.8174795508384705,u_ca6aceca8bfe61ac,3,2,official,principal
5777,0,0,0.04539685323834419,probability_native,0.04539685323834419,u_ca6aceca8bfe61ac,3,2,official,principal
6031,0,0,0.4601847231388092,probability_native,0.4601847231388092,u_ca6aceca8bfe61ac,3,2,official,principal
4909,0,0,0.04497045278549194,probability_native,0.04497045278549194,u_ca6aceca8bfe61ac,3,2,official,principal
2195,0,0,0.07040414959192276,probability_native,0.07040414959192276,u_ca6aceca8bfe61ac,3,2,official,principal
3815,1,1,0.8327064514160156,probability_native,0.8327064514160156,u_ca6aceca8bfe61ac,3,2,official,principal
4200,0,0,0.04188035428524017,probability_native,0.04188035428524017,u_ca6aceca8bfe61ac,3,2,official,principal
5851,0,0,0.4265524744987488,probability_native,0.4265524744987488,u_ca6aceca8bfe61ac,3,2,official,principal
1097,1,0,0.4175032079219818,probability_native,0.4175032079219818,u_ca6aceca8bfe61ac,3,2,official,principal
6480,0,0,0.3959423005580902,probability_native,0.3959423005580902,u_ca6aceca8bfe61ac,3,2,official,principal
2749,0,0,0.37072721123695374,probability_native,0.37072721123695374,u_ca6aceca8bfe61ac,3,2,official,principal
859,0,0,0.035656943917274475,probability_native,0.035656943917274475,u_ca6aceca8bfe61ac,3,2,official,principal
4357,0,0,0.2587295472621918,probability_native,0.2587295472621918,u_ca6aceca8bfe61ac,3,2,official,principal
6806,0,0,0.04130518063902855,probability_native,0.04130518063902855,u_ca6aceca8bfe61ac,3,2,official,principal
1950,1,0,0.2892792820930481,probability_native,0.2892792820930481,u_ca6aceca8bfe61ac,3,2,official,principal
6100,1,1,0.7743310928344727,probability_native,0.7743310928344727,u_ca6aceca8bfe61ac,3,2,official,principal
6729,0,0,0.2985951602458954,probability_native,0.2985951602458954,u_ca6aceca8bfe61ac,3,2,official,principal
1205,1,1,0.9105731844902039,probability_native,0.9105731844902039,u_ca6aceca8bfe61ac,3,2,official,principal
2078,0,0,0.2441694140434265,probability_native,0.2441694140434265,u_ca6aceca8bfe61ac,3,2,official,principal
5473,0,1,0.5588671565055847,probability_native,0.5588671565055847,u_ca6aceca8bfe61ac,3,2,official,principal
5714,1,1,0.8866289854049683,probability_native,0.8866289854049683,u_ca6aceca8bfe61ac,3,2,official,principal
6335,0,1,0.5128570199012756,probability_native,0.5128570199012756,u_ca6aceca8bfe61ac,3,2,official,principal
6635,0,0,0.05965007469058037,probability_native,0.05965007469058037,u_ca6aceca8bfe61ac,3,2,official,principal
246,0,0,0.34771332144737244,probability_native,0.34771332144737244,u_ca6aceca8bfe61ac,3,2,official,principal
3292,0,1,0.6804918646812439,probability_native,0.6804918646812439,u_ca6aceca8bfe61ac,3,2,official,principal
543,1,1,0.8069913983345032,probability_native,0.8069913983345032,u_ca6aceca8bfe61ac,3,2,official,principal
5424,0,0,0.05133123695850372,probability_native,0.05133123695850372,u_ca6aceca8bfe61ac,3,2,official,principal
4364,0,0,0.07302972674369812,probability_native,0.07302972674369812,u_ca6aceca8bfe61ac,3,2,official,principal
669,0,0,0.036988772451877594,probability_native,0.036988772451877594,u_ca6aceca8bfe61ac,3,2,official,principal
27,1,1,0.6304187774658203,probability_native,0.6304187774658203,u_ca6aceca8bfe61ac,3,2,official,principal
3681,1,1,0.7920168042182922,probability_native,0.7920168042182922,u_ca6aceca8bfe61ac,3,2,official,principal
6873,0,0,0.04332977905869484,probability_native,0.04332977905869484,u_ca6aceca8bfe61ac,3,2,official,principal
7030,0,0,0.4198364317417145,probability_native,0.4198364317417145,u_ca6aceca8bfe61ac,3,2,official,principal
2909,0,0,0.16238009929656982,probability_native,0.16238009929656982,u_ca6aceca8bfe61ac,3,2,official,principal
4123,0,1,0.5463234186172485,probability_native,0.5463234186172485,u_ca6aceca8bfe61ac,3,2,official,principal
4780,0,1,0.6929879784584045,probability_native,0.6929879784584045,u_ca6aceca8bfe61ac,3,2,official,principal
5611,0,0,0.4242050051689148,probability_native,0.4242050051689148,u_ca6aceca8bfe61ac,3,2,official,principal
7037,0,0,0.0348973385989666,probability_native,0.0348973385989666,u_ca6aceca8bfe61ac,3,2,official,principal
6724,1,0,0.03670576587319374,probability_native,0.03670576587319374,u_ca6aceca8bfe61ac,3,2,official,principal
3259,0,1,0.7092522382736206,probability_native,0.7092522382736206,u_ca6aceca8bfe61ac,3,2,official,principal
5608,0,0,0.13951376080513,probability_native,0.13951376080513,u_ca6aceca8bfe61ac,3,2,official,principal
829,0,0,0.4246479570865631,probability_native,0.4246479570865631,u_ca6aceca8bfe61ac,3,2,official,principal
5264,0,0,0.12944158911705017,probability_native,0.12944158911705017,u_ca6aceca8bfe61ac,3,2,official,principal
1077,1,1,0.5229184627532959,probability_native,0.5229184627532959,u_ca6aceca8bfe61ac,3,2,official,principal
188,0,0,0.10175511986017227,probability_native,0.10175511986017227,u_ca6aceca8bfe61ac,3,2,official,principal
4426,0,0,0.20311793684959412,probability_native,0.20311793684959412,u_ca6aceca8bfe61ac,3,2,official,principal
1941,0,1,0.6301888823509216,probability_native,0.6301888823509216,u_ca6aceca8bfe61ac,3,2,official,principal
1917,0,0,0.036977555602788925,probability_native,0.036977555602788925,u_ca6aceca8bfe61ac,3,2,official,principal
2193,0,0,0.06028803810477257,probability_native,0.06028803810477257,u_ca6aceca8bfe61ac,3,2,official,principal
5784,0,1,0.6156699657440186,probability_native,0.6156699657440186,u_ca6aceca8bfe61ac,3,2,official,principal
357,0,0,0.15486417710781097,probability_native,0.15486417710781097,u_ca6aceca8bfe61ac,3,2,official,principal
1228,0,1,0.5344660878181458,probability_native,0.5344660878181458,u_ca6aceca8bfe61ac,3,2,official,principal
1853,1,1,0.7383114695549011,probability_native,0.7383114695549011,u_ca6aceca8bfe61ac,3,2,official,principal
208,1,1,0.7066643834114075,probability_native,0.7066643834114075,u_ca6aceca8bfe61ac,3,2,official,principal
2323,1,1,0.7574782967567444,probability_native,0.7574782967567444,u_ca6aceca8bfe61ac,3,2,official,principal
1572,1,1,0.7101930975914001,probability_native,0.7101930975914001,u_ca6aceca8bfe61ac,3,2,official,principal
814,0,0,0.34768161177635193,probability_native,0.34768161177635193,u_ca6aceca8bfe61ac,3,2,official,principal
4013,0,1,0.7579774856567383,probability_native,0.7579774856567383,u_ca6aceca8bfe61ac,3,2,official,principal
659,0,0,0.12076906859874725,probability_native,0.12076906859874725,u_ca6aceca8bfe61ac,3,2,official,principal
6968,1,1,0.5728284120559692,probability_native,0.5728284120559692,u_ca6aceca8bfe61ac,3,2,official,principal
5326,1,0,0.28795531392097473,probability_native,0.28795531392097473,u_ca6aceca8bfe61ac,3,2,official,principal
2390,0,0,0.2713516652584076,probability_native,0.2713516652584076,u_ca6aceca8bfe61ac,3,2,official,principal
301,1,1,0.9059287905693054,probability_native,0.9059287905693054,u_ca6aceca8bfe61ac,3,2,official,principal
3129,0,0,0.12997272610664368,probability_native,0.12997272610664368,u_ca6aceca8bfe61ac,3,2,official,principal
4487,0,0,0.17578385770320892,probability_native,0.17578385770320892,u_ca6aceca8bfe61ac,3,2,official,principal
695,0,1,0.6933764219284058,probability_native,0.6933764219284058,u_ca6aceca8bfe61ac,3,2,official,principal
3397,0,0,0.05814164876937866,probability_native,0.05814164876937866,u_ca6aceca8bfe61ac,3,2,official,principal
5768,0,0,0.36121129989624023,probability_native,0.36121129989624023,u_ca6aceca8bfe61ac,3,2,official,principal
2542,0,0,0.4343024790287018,probability_native,0.4343024790287018,u_ca6aceca8bfe61ac,3,2,official,principal
6848,0,1,0.6102596521377563,probability_native,0.6102596521377563,u_ca6aceca8bfe61ac,3,2,official,principal
2998,0,1,0.8276283740997314,probability_native,0.8276283740997314,u_ca6aceca8bfe61ac,3,2,official,principal
1339,1,1,0.6326117515563965,probability_native,0.6326117515563965,u_ca6aceca8bfe61ac,3,2,official,principal
5331,0,0,0.059356991201639175,probability_native,0.059356991201639175,u_ca6aceca8bfe61ac,3,2,official,principal
4813,0,1,0.6610627174377441,probability_native,0.6610627174377441,u_ca6aceca8bfe61ac,3,2,official,principal
5559,0,1,0.6025124192237854,probability_native,0.6025124192237854,u_ca6aceca8bfe61ac,3,2,official,principal
1725,0,1,0.7720220685005188,probability_native,0.7720220685005188,u_ca6aceca8bfe61ac,3,2,official,principal
2639,1,1,0.5277117490768433,probability_native,0.5277117490768433,u_ca6aceca8bfe61ac,3,2,official,principal
6667,1,1,0.7839585542678833,probability_native,0.7839585542678833,u_ca6aceca8bfe61ac,3,2,official,principal
7027,0,0,0.3280089795589447,probability_native,0.3280089795589447,u_ca6aceca8bfe61ac,3,2,official,principal
3582,0,1,0.8228289484977722,probability_native,0.8228289484977722,u_ca6aceca8bfe61ac,3,2,official,principal
5303,0,1,0.5019253492355347,probability_native,0.5019253492355347,u_ca6aceca8bfe61ac,3,2,official,principal
1638,0,0,0.053469497710466385,probability_native,0.053469497710466385,u_ca6aceca8bfe61ac,3,2,official,principal
1394,0,0,0.2880518138408661,probability_native,0.2880518138408661,u_ca6aceca8bfe61ac,3,2,official,principal
799,1,0,0.3609418570995331,probability_native,0.3609418570995331,u_ca6aceca8bfe61ac,3,2,official,principal
4592,0,0,0.07970218360424042,probability_native,0.07970218360424042,u_ca6aceca8bfe61ac,3,2,official,principal
6290,1,0,0.04499107226729393,probability_native,0.04499107226729393,u_ca6aceca8bfe61ac,3,2,official,principal
4370,0,0,0.2852262854576111,probability_native,0.2852262854576111,u_ca6aceca8bfe61ac,3,2,official,principal
1614,0,0,0.04884651303291321,probability_native,0.04884651303291321,u_ca6aceca8bfe61ac,3,2,official,principal
5841,1,0,0.24877099692821503,probability_native,0.24877099692821503,u_ca6aceca8bfe61ac,3,2,official,principal
5485,0,1,0.6507571935653687,probability_native,0.6507571935653687,u_ca6aceca8bfe61ac,3,2,official,principal
2762,0,0,0.07324551790952682,probability_native,0.07324551790952682,u_ca6aceca8bfe61ac,3,2,official,principal
1431,0,0,0.14608725905418396,probability_native,0.14608725905418396,u_ca6aceca8bfe61ac,3,2,official,principal
1487,0,1,0.5843896865844727,probability_native,0.5843896865844727,u_ca6aceca8bfe61ac,3,2,official,principal
1159,1,1,0.8246488571166992,probability_native,0.8246488571166992,u_ca6aceca8bfe61ac,3,2,official,principal
6672,0,0,0.05497021600604057,probability_native,0.05497021600604057,u_ca6aceca8bfe61ac,3,2,official,principal
2584,0,0,0.20725060999393463,probability_native,0.20725060999393463,u_ca6aceca8bfe61ac,3,2,official,principal
3417,0,0,0.39637231826782227,probability_native,0.39637231826782227,u_ca6aceca8bfe61ac,3,2,official,principal
4950,1,1,0.8915054202079773,probability_native,0.8915054202079773,u_ca6aceca8bfe61ac,3,2,official,principal
3501,0,0,0.038611266762018204,probability_native,0.038611266762018204,u_ca6aceca8bfe61ac,3,2,official,principal
4507,0,0,0.41913852095603943,probability_native,0.41913852095603943,u_ca6aceca8bfe61ac,3,2,official,principal
1063,0,0,0.4131164252758026,probability_native,0.4131164252758026,u_ca6aceca8bfe61ac,3,2,official,principal
5603,1,1,0.6511794328689575,probability_native,0.6511794328689575,u_ca6aceca8bfe61ac,3,2,official,principal
4117,0,0,0.044915828853845596,probability_native,0.044915828853845596,u_ca6aceca8bfe61ac,3,2,official,principal
263,0,0,0.06960253417491913,probability_native,0.06960253417491913,u_ca6aceca8bfe61ac,3,2,official,principal
4897,0,0,0.4126502275466919,probability_native,0.4126502275466919,u_ca6aceca8bfe61ac,3,2,official,principal
6474,0,0,0.05109064280986786,probability_native,0.05109064280986786,u_ca6aceca8bfe61ac,3,2,official,principal
4081,1,1,0.9021108746528625,probability_native,0.9021108746528625,u_ca6aceca8bfe61ac,3,2,official,principal
6204,0,0,0.3438102900981903,probability_native,0.3438102900981903,u_ca6aceca8bfe61ac,3,2,official,principal
790,0,0,0.03749483451247215,probability_native,0.03749483451247215,u_ca6aceca8bfe61ac,3,2,official,principal
1287,0,1,0.7033511996269226,probability_native,0.7033511996269226,u_ca6aceca8bfe61ac,3,2,official,principal
1709,0,0,0.06317421048879623,probability_native,0.06317421048879623,u_ca6aceca8bfe61ac,3,2,official,principal
6420,0,0,0.2514614760875702,probability_native,0.2514614760875702,u_ca6aceca8bfe61ac,3,2,official,principal
2504,1,1,0.6974207758903503,probability_native,0.6974207758903503,u_ca6aceca8bfe61ac,3,2,official,principal
2989,0,1,0.611489474773407,probability_native,0.611489474773407,u_ca6aceca8bfe61ac,3,2,official,principal
4252,0,0,0.4978378713130951,probability_native,0.4978378713130951,u_ca6aceca8bfe61ac,3,2,official,principal
2287,1,0,0.30049973726272583,probability_native,0.30049973726272583,u_ca6aceca8bfe61ac,3,2,official,principal
1645,1,1,0.6728370189666748,probability_native,0.6728370189666748,u_ca6aceca8bfe61ac,3,2,official,principal
4880,0,0,0.04120427742600441,probability_native,0.04120427742600441,u_ca6aceca8bfe61ac,3,2,official,principal
5335,0,0,0.1538619101047516,probability_native,0.1538619101047516,u_ca6aceca8bfe61ac,3,2,official,principal
1822,1,1,0.566924512386322,probability_native,0.566924512386322,u_ca6aceca8bfe61ac,3,2,official,principal
3471,0,0,0.062366653233766556,probability_native,0.062366653233766556,u_ca6aceca8bfe61ac,3,2,official,principal
5665,0,0,0.25741779804229736,probability_native,0.25741779804229736,u_ca6aceca8bfe61ac,3,2,official,principal
4150,0,1,0.8339388966560364,probability_native,0.8339388966560364,u_ca6aceca8bfe61ac,3,2,official,principal
2371,0,1,0.6916313767433167,probability_native,0.6916313767433167,u_ca6aceca8bfe61ac,3,2,official,principal
1787,0,1,0.611811637878418,probability_native,0.611811637878418,u_ca6aceca8bfe61ac,3,2,official,principal
525,0,0,0.4239221513271332,probability_native,0.4239221513271332,u_ca6aceca8bfe61ac,3,2,official,principal
6281,0,0,0.12788532674312592,probability_native,0.12788532674312592,u_ca6aceca8bfe61ac,3,2,official,principal
15,0,0,0.06134277582168579,probability_native,0.06134277582168579,u_ca6aceca8bfe61ac,3,2,official,principal
5162,0,0,0.25684377551078796,probability_native,0.25684377551078796,u_ca6aceca8bfe61ac,3,2,official,principal
4207,0,0,0.48655325174331665,probability_native,0.48655325174331665,u_ca6aceca8bfe61ac,3,2,official,principal
5085,0,0,0.4136427938938141,probability_native,0.4136427938938141,u_ca6aceca8bfe61ac,3,2,official,principal
3866,0,0,0.05891074985265732,probability_native,0.05891074985265732,u_ca6aceca8bfe61ac,3,2,official,principal
722,1,1,0.8776343464851379,probability_native,0.8776343464851379,u_ca6aceca8bfe61ac,3,2,official,principal
1352,0,0,0.041811879724264145,probability_native,0.041811879724264145,u_ca6aceca8bfe61ac,3,2,official,principal
2348,0,0,0.25887906551361084,probability_native,0.25887906551361084,u_ca6aceca8bfe61ac,3,2,official,principal
3752,0,0,0.07255195826292038,probability_native,0.07255195826292038,u_ca6aceca8bfe61ac,3,2,official,principal
5448,0,0,0.47219666838645935,probability_native,0.47219666838645935,u_ca6aceca8bfe61ac,3,2,official,principal
3418,0,1,0.5036720633506775,probability_native,0.5036720633506775,u_ca6aceca8bfe61ac,3,2,official,principal
3325,1,1,0.8801812529563904,probability_native,0.8801812529563904,u_ca6aceca8bfe61ac,3,2,official,principal
5109,0,0,0.03257947787642479,probability_native,0.03257947787642479,u_ca6aceca8bfe61ac,3,2,official,principal
5130,1,1,0.591457188129425,probability_native,0.591457188129425,u_ca6aceca8bfe61ac,3,2,official,principal
2824,0,0,0.034297872334718704,probability_native,0.034297872334718704,u_ca6aceca8bfe61ac,3,2,official,principal
120,0,0,0.29823580384254456,probability_native,0.29823580384254456,u_ca6aceca8bfe61ac,3,2,official,principal
66,0,0,0.22645260393619537,probability_native,0.22645260393619537,u_ca6aceca8bfe61ac,3,2,official,principal
6978,0,0,0.05442294478416443,probability_native,0.05442294478416443,u_ca6aceca8bfe61ac,3,2,official,principal
466,0,0,0.12104403227567673,probability_native,0.12104403227567673,u_ca6aceca8bfe61ac,3,2,official,principal
2400,0,1,0.7742522358894348,probability_native,0.7742522358894348,u_ca6aceca8bfe61ac,3,2,official,principal
6704,0,0,0.4511660635471344,probability_native,0.4511660635471344,u_ca6aceca8bfe61ac,3,2,official,principal
4901,1,1,0.8933591842651367,probability_native,0.8933591842651367,u_ca6aceca8bfe61ac,3,2,official,principal
5733,0,0,0.032275259494781494,probability_native,0.032275259494781494,u_ca6aceca8bfe61ac,3,2,official,principal
1559,0,0,0.34352824091911316,probability_native,0.34352824091911316,u_ca6aceca8bfe61ac,3,2,official,principal
5805,0,0,0.39624926447868347,probability_native,0.39624926447868347,u_ca6aceca8bfe61ac,3,2,official,principal
4659,0,0,0.13135625422000885,probability_native,0.13135625422000885,u_ca6aceca8bfe61ac,3,2,official,principal
585,1,1,0.9329931139945984,probability_native,0.9329931139945984,u_ca6aceca8bfe61ac,3,2,official,principal
2024,0,0,0.44392988085746765,probability_native,0.44392988085746765,u_ca6aceca8bfe61ac,3,2,official,principal
3026,1,1,0.7805800437927246,probability_native,0.7805800437927246,u_ca6aceca8bfe61ac,3,2,official,principal
4707,0,0,0.4098300039768219,probability_native,0.4098300039768219,u_ca6aceca8bfe61ac,3,2,official,principal
6000,0,0,0.05362582951784134,probability_native,0.05362582951784134,u_ca6aceca8bfe61ac,3,2,official,principal
1723,0,0,0.04478895291686058,probability_native,0.04478895291686058,u_ca6aceca8bfe61ac,3,2,official,principal
5282,1,1,0.901698648929596,probability_native,0.901698648929596,u_ca6aceca8bfe61ac,3,2,official,principal
1064,0,0,0.11981507390737534,probability_native,0.11981507390737534,u_ca6aceca8bfe61ac,3,2,official,principal
162,0,1,0.8287441730499268,probability_native,0.8287441730499268,u_ca6aceca8bfe61ac,3,2,official,principal
5931,1,1,0.8199955821037292,probability_native,0.8199955821037292,u_ca6aceca8bfe61ac,3,2,official,principal
3051,0,0,0.0367562361061573,probability_native,0.0367562361061573,u_ca6aceca8bfe61ac,3,2,official,principal
2571,0,0,0.09433691203594208,probability_native,0.09433691203594208,u_ca6aceca8bfe61ac,3,2,official,principal
3983,1,1,0.812401533126831,probability_native,0.812401533126831,u_ca6aceca8bfe61ac,3,2,official,principal
327,1,1,0.8400759100914001,probability_native,0.8400759100914001,u_ca6aceca8bfe61ac,3,2,official,principal
3477,0,1,0.6993465423583984,probability_native,0.6993465423583984,u_ca6aceca8bfe61ac,3,2,official,principal
2049,0,0,0.3350450098514557,probability_native,0.3350450098514557,u_ca6aceca8bfe61ac,3,2,official,principal
6092,0,0,0.03216683492064476,probability_native,0.03216683492064476,u_ca6aceca8bfe61ac,3,2,official,principal
6061,0,0,0.2782299220561981,probability_native,0.2782299220561981,u_ca6aceca8bfe61ac,3,2,official,principal
4009,0,0,0.04329250007867813,probability_native,0.04329250007867813,u_ca6aceca8bfe61ac,3,2,official,principal
3284,0,1,0.6802982091903687,probability_native,0.6802982091903687,u_ca6aceca8bfe61ac,3,2,official,principal
5221,0,0,0.2831374704837799,probability_native,0.2831374704837799,u_ca6aceca8bfe61ac,3,2,official,principal
1997,0,0,0.09615273773670197,probability_native,0.09615273773670197,u_ca6aceca8bfe61ac,3,2,official,principal
4465,0,0,0.3186193108558655,probability_native,0.3186193108558655,u_ca6aceca8bfe61ac,3,2,official,principal
5184,0,0,0.04453223943710327,probability_native,0.04453223943710327,u_ca6aceca8bfe61ac,3,2,official,principal
5240,0,0,0.0672968253493309,probability_native,0.0672968253493309,u_ca6aceca8bfe61ac,3,2,official,principal
2536,1,0,0.07282134145498276,probability_native,0.07282134145498276,u_ca6aceca8bfe61ac,3,2,official,principal
5322,0,0,0.2358175665140152,probability_native,0.2358175665140152,u_ca6aceca8bfe61ac,3,2,official,principal
2035,0,0,0.37237393856048584,probability_native,0.37237393856048584,u_ca6aceca8bfe61ac,3,2,official,principal
2484,0,0,0.23367072641849518,probability_native,0.23367072641849518,u_ca6aceca8bfe61ac,3,2,official,principal
6548,0,0,0.22171108424663544,probability_native,0.22171108424663544,u_ca6aceca8bfe61ac,3,2,official,principal
3300,0,0,0.07984273880720139,probability_native,0.07984273880720139,u_ca6aceca8bfe61ac,3,2,official,principal
5580,0,0,0.05743910372257233,probability_native,0.05743910372257233,u_ca6aceca8bfe61ac,3,2,official,principal
569,0,0,0.23315496742725372,probability_native,0.23315496742725372,u_ca6aceca8bfe61ac,3,2,official,principal
1147,0,1,0.7664252519607544,probability_native,0.7664252519607544,u_ca6aceca8bfe61ac,3,2,official,principal
3779,1,0,0.10984974354505539,probability_native,0.10984974354505539,u_ca6aceca8bfe61ac,3,2,official,principal
4717,0,1,0.5499828457832336,probability_native,0.5499828457832336,u_ca6aceca8bfe61ac,3,2,official,principal
6430,0,0,0.1571594923734665,probability_native,0.1571594923734665,u_ca6aceca8bfe61ac,3,2,official,principal
2618,0,0,0.06966497004032135,probability_native,0.06966497004032135,u_ca6aceca8bfe61ac,3,2,official,principal
2001,0,0,0.3277583420276642,probability_native,0.3277583420276642,u_ca6aceca8bfe61ac,3,2,official,principal
4575,0,0,0.48103705048561096,probability_native,0.48103705048561096,u_ca6aceca8bfe61ac,3,2,official,principal
6930,1,1,0.8111059069633484,probability_native,0.8111059069633484,u_ca6aceca8bfe61ac,3,2,official,principal
6966,0,0,0.19836361706256866,probability_native,0.19836361706256866,u_ca6aceca8bfe61ac,3,2,official,principal
530,0,0,0.04692981392145157,probability_native,0.04692981392145157,u_ca6aceca8bfe61ac,3,2,official,principal
3775,1,1,0.7978489398956299,probability_native,0.7978489398956299,u_ca6aceca8bfe61ac,3,2,official,principal
4404,0,1,0.7035095691680908,probability_native,0.7035095691680908,u_ca6aceca8bfe61ac,3,2,official,principal
5436,0,1,0.6437980532646179,probability_native,0.6437980532646179,u_ca6aceca8bfe61ac,3,2,official,principal
3662,1,1,0.5609045028686523,probability_native,0.5609045028686523,u_ca6aceca8bfe61ac,3,2,official,principal
3626,0,0,0.2778345048427582,probability_native,0.2778345048427582,u_ca6aceca8bfe61ac,3,2,official,principal
2531,0,0,0.03190898150205612,probability_native,0.03190898150205612,u_ca6aceca8bfe61ac,3,2,official,principal
640,0,0,0.031870078295469284,probability_native,0.031870078295469284,u_ca6aceca8bfe61ac,3,2,official,principal
3880,0,0,0.3460633158683777,probability_native,0.3460633158683777,u_ca6aceca8bfe61ac,3,2,official,principal
5779,1,0,0.2673991918563843,probability_native,0.2673991918563843,u_ca6aceca8bfe61ac,3,2,official,principal
3530,0,0,0.4315322935581207,probability_native,0.4315322935581207,u_ca6aceca8bfe61ac,3,2,official,principal
7015,0,1,0.5752021670341492,probability_native,0.5752021670341492,u_ca6aceca8bfe61ac,3,2,official,principal
5930,0,0,0.04370225965976715,probability_native,0.04370225965976715,u_ca6aceca8bfe61ac,3,2,official,principal
5695,0,0,0.04523210600018501,probability_native,0.04523210600018501,u_ca6aceca8bfe61ac,3,2,official,principal
6927,0,0,0.38213494420051575,probability_native,0.38213494420051575,u_ca6aceca8bfe61ac,3,2,official,principal
914,0,0,0.032478321343660355,probability_native,0.032478321343660355,u_ca6aceca8bfe61ac,3,2,official,principal
1623,0,0,0.10632917284965515,probability_native,0.10632917284965515,u_ca6aceca8bfe61ac,3,2,official,principal
1353,0,0,0.06821859627962112,probability_native,0.06821859627962112,u_ca6aceca8bfe61ac,3,2,official,principal
3426,1,1,0.9020070433616638,probability_native,0.9020070433616638,u_ca6aceca8bfe61ac,3,2,official,principal
2768,0,0,0.11163999885320663,probability_native,0.11163999885320663,u_ca6aceca8bfe61ac,3,2,official,principal
1833,0,1,0.6995955109596252,probability_native,0.6995955109596252,u_ca6aceca8bfe61ac,3,2,official,principal
3115,1,1,0.8302832245826721,probability_native,0.8302832245826721,u_ca6aceca8bfe61ac,3,2,official,principal
4703,1,1,0.6872431635856628,probability_native,0.6872431635856628,u_ca6aceca8bfe61ac,3,2,official,principal
3391,0,0,0.19789953529834747,probability_native,0.19789953529834747,u_ca6aceca8bfe61ac,3,2,official,principal
1823,1,1,0.5813190937042236,probability_native,0.5813190937042236,u_ca6aceca8bfe61ac,3,2,official,principal
5699,0,1,0.6401723027229309,probability_native,0.6401723027229309,u_ca6aceca8bfe61ac,3,2,official,principal
4339,0,0,0.3618451952934265,probability_native,0.3618451952934265,u_ca6aceca8bfe61ac,3,2,official,principal
2325,0,0,0.4160436689853668,probability_native,0.4160436689853668,u_ca6aceca8bfe61ac,3,2,official,principal
6684,0,0,0.15973451733589172,probability_native,0.15973451733589172,u_ca6aceca8bfe61ac,3,2,official,principal
372,0,0,0.06786560267210007,probability_native,0.06786560267210007,u_ca6aceca8bfe61ac,3,2,official,principal
5849,0,0,0.03390128165483475,probability_native,0.03390128165483475,u_ca6aceca8bfe61ac,3,2,official,principal
5489,0,0,0.39253005385398865,probability_native,0.39253005385398865,u_ca6aceca8bfe61ac,3,2,official,principal
6019,0,0,0.33517807722091675,probability_native,0.33517807722091675,u_ca6aceca8bfe61ac,3,2,official,principal
3414,0,0,0.05801539123058319,probability_native,0.05801539123058319,u_ca6aceca8bfe61ac,3,2,official,principal
2938,0,0,0.3241828978061676,probability_native,0.3241828978061676,u_ca6aceca8bfe61ac,3,2,official,principal
4519,0,1,0.5162472724914551,probability_native,0.5162472724914551,u_ca6aceca8bfe61ac,3,2,official,principal
1165,0,0,0.05495639145374298,probability_native,0.05495639145374298,u_ca6aceca8bfe61ac,3,2,official,principal
1335,1,1,0.7235726714134216,probability_native,0.7235726714134216,u_ca6aceca8bfe61ac,3,2,official,principal
2676,0,0,0.05722172558307648,probability_native,0.05722172558307648,u_ca6aceca8bfe61ac,3,2,official,principal
1306,1,0,0.26539650559425354,probability_native,0.26539650559425354,u_ca6aceca8bfe61ac,3,2,official,principal
4618,0,1,0.8846986293792725,probability_native,0.8846986293792725,u_ca6aceca8bfe61ac,3,2,official,principal
3495,1,1,0.9115627408027649,probability_native,0.9115627408027649,u_ca6aceca8bfe61ac,3,2,official,principal
4285,0,0,0.0484318807721138,probability_native,0.0484318807721138,u_ca6aceca8bfe61ac,3,2,official,principal
1317,0,1,0.5170578956604004,probability_native,0.5170578956604004,u_ca6aceca8bfe61ac,3,2,official,principal
3435,0,1,0.7873642444610596,probability_native,0.7873642444610596,u_ca6aceca8bfe61ac,3,2,official,principal
3891,0,0,0.1369066834449768,probability_native,0.1369066834449768,u_ca6aceca8bfe61ac,3,2,official,principal
442,0,0,0.4607718288898468,probability_native,0.4607718288898468,u_ca6aceca8bfe61ac,3,2,official,principal
2112,0,0,0.16516168415546417,probability_native,0.16516168415546417,u_ca6aceca8bfe61ac,3,2,official,principal
4731,0,0,0.06770727783441544,probability_native,0.06770727783441544,u_ca6aceca8bfe61ac,3,2,official,principal
1789,0,0,0.4229245185852051,probability_native,0.4229245185852051,u_ca6aceca8bfe61ac,3,2,official,principal
1582,0,0,0.07439705729484558,probability_native,0.07439705729484558,u_ca6aceca8bfe61ac,3,2,official,principal
5555,0,0,0.03415266051888466,probability_native,0.03415266051888466,u_ca6aceca8bfe61ac,3,2,official,principal
4814,1,1,0.75534588098526,probability_native,0.75534588098526,u_ca6aceca8bfe61ac,3,2,official,principal
4729,0,0,0.04810825362801552,probability_native,0.04810825362801552,u_ca6aceca8bfe61ac,3,2,official,principal
5336,0,1,0.5147029161453247,probability_native,0.5147029161453247,u_ca6aceca8bfe61ac,3,2,official,principal
1222,0,0,0.03694029897451401,probability_native,0.03694029897451401,u_ca6aceca8bfe61ac,3,2,official,principal
854,0,0,0.033575646579265594,probability_native,0.033575646579265594,u_ca6aceca8bfe61ac,3,2,official,principal
2186,0,0,0.04068642109632492,probability_native,0.04068642109632492,u_ca6aceca8bfe61ac,3,2,official,principal
6935,0,0,0.15861204266548157,probability_native,0.15861204266548157,u_ca6aceca8bfe61ac,3,2,official,principal
2090,0,0,0.30003368854522705,probability_native,0.30003368854522705,u_ca6aceca8bfe61ac,3,2,official,principal
1048,0,0,0.05534276366233826,probability_native,0.05534276366233826,u_ca6aceca8bfe61ac,3,2,official,principal
3080,0,1,0.6561347246170044,probability_native,0.6561347246170044,u_ca6aceca8bfe61ac,3,2,official,principal
5574,0,0,0.10787250846624374,probability_native,0.10787250846624374,u_ca6aceca8bfe61ac,3,2,official,principal
5063,1,1,0.7577108144760132,probability_native,0.7577108144760132,u_ca6aceca8bfe61ac,3,2,official,principal
5563,0,0,0.3277583420276642,probability_native,0.3277583420276642,u_ca6aceca8bfe61ac,3,2,official,principal
2605,0,0,0.050889305770397186,probability_native,0.050889305770397186,u_ca6aceca8bfe61ac,3,2,official,principal
5829,0,0,0.1891399621963501,probability_native,0.1891399621963501,u_ca6aceca8bfe61ac,3,2,official,principal
5036,1,1,0.6610273122787476,probability_native,0.6610273122787476,u_ca6aceca8bfe61ac,3,2,official,principal
6507,1,0,0.2362997680902481,probability_native,0.2362997680902481,u_ca6aceca8bfe61ac,3,2,official,principal
2051,0,0,0.03283228352665901,probability_native,0.03283228352665901,u_ca6aceca8bfe61ac,3,2,official,principal
1649,0,0,0.27699288725852966,probability_native,0.27699288725852966,u_ca6aceca8bfe61ac,3,2,official,principal
5713,0,0,0.06014213711023331,probability_native,0.06014213711023331,u_ca6aceca8bfe61ac,3,2,official,principal
4125,0,0,0.4141409397125244,probability_native,0.4141409397125244,u_ca6aceca8bfe61ac,3,2,official,principal
4027,1,0,0.40963223576545715,probability_native,0.40963223576545715,u_ca6aceca8bfe61ac,3,2,official,principal
6559,0,1,0.6050007939338684,probability_native,0.6050007939338684,u_ca6aceca8bfe61ac,3,2,official,principal
6065,0,0,0.03419910743832588,probability_native,0.03419910743832588,u_ca6aceca8bfe61ac,3,2,official,principal
2416,0,1,0.5805302262306213,probability_native,0.5805302262306213,u_ca6aceca8bfe61ac,3,2,official,principal
2415,1,1,0.5975309610366821,probability_native,0.5975309610366821,u_ca6aceca8bfe61ac,3,2,official,principal
7006,1,1,0.7210322618484497,probability_native,0.7210322618484497,u_ca6aceca8bfe61ac,3,2,official,principal
6567,0,1,0.8485130667686462,probability_native,0.8485130667686462,u_ca6aceca8bfe61ac,3,2,official,principal
6569,0,0,0.04430364817380905,probability_native,0.04430364817380905,u_ca6aceca8bfe61ac,3,2,official,principal
4118,0,1,0.502190113067627,probability_native,0.502190113067627,u_ca6aceca8bfe61ac,3,2,official,principal
3580,1,0,0.4070718586444855,probability_native,0.4070718586444855,u_ca6aceca8bfe61ac,3,2,official,principal
2643,1,1,0.7291179299354553,probability_native,0.7291179299354553,u_ca6aceca8bfe61ac,3,2,official,principal
5936,0,0,0.04580424353480339,probability_native,0.04580424353480339,u_ca6aceca8bfe61ac,3,2,official,principal
3278,0,0,0.13105249404907227,probability_native,0.13105249404907227,u_ca6aceca8bfe61ac,3,2,official,principal
3108,0,0,0.45770397782325745,probability_native,0.45770397782325745,u_ca6aceca8bfe61ac,3,2,official,principal
2817,0,0,0.04415559768676758,probability_native,0.04415559768676758,u_ca6aceca8bfe61ac,3,2,official,principal
1457,0,1,0.6787072420120239,probability_native,0.6787072420120239,u_ca6aceca8bfe61ac,3,2,official,principal
7042,0,0,0.14160862565040588,probability_native,0.14160862565040588,u_ca6aceca8bfe61ac,3,2,official,principal
5937,1,1,0.8333388566970825,probability_native,0.8333388566970825,u_ca6aceca8bfe61ac,3,2,official,principal
776,0,1,0.554455578327179,probability_native,0.554455578327179,u_ca6aceca8bfe61ac,3,2,official,principal
6686,0,0,0.13210685551166534,probability_native,0.13210685551166534,u_ca6aceca8bfe61ac,3,2,official,principal
2240,0,0,0.038354407995939255,probability_native,0.038354407995939255,u_ca6aceca8bfe61ac,3,2,official,principal
2597,0,1,0.5031712651252747,probability_native,0.5031712651252747,u_ca6aceca8bfe61ac,3,2,official,principal
3739,0,0,0.06472769379615784,probability_native,0.06472769379615784,u_ca6aceca8bfe61ac,3,2,official,principal
6226,0,0,0.033293288201093674,probability_native,0.033293288201093674,u_ca6aceca8bfe61ac,3,2,official,principal
2352,0,0,0.26559096574783325,probability_native,0.26559096574783325,u_ca6aceca8bfe61ac,3,2,official,principal
1510,0,0,0.03328057378530502,probability_native,0.03328057378530502,u_ca6aceca8bfe61ac,3,2,official,principal
5413,0,1,0.786491334438324,probability_native,0.786491334438324,u_ca6aceca8bfe61ac,3,2,official,principal
429,0,0,0.05997904762625694,probability_native,0.05997904762625694,u_ca6aceca8bfe61ac,3,2,official,principal
3009,0,1,0.7015714049339294,probability_native,0.7015714049339294,u_ca6aceca8bfe61ac,3,2,official,principal
946,0,0,0.3598339259624481,probability_native,0.3598339259624481,u_ca6aceca8bfe61ac,3,2,official,principal
6693,0,1,0.5428248047828674,probability_native,0.5428248047828674,u_ca6aceca8bfe61ac,3,2,official,principal
6940,0,0,0.04015582054853439,probability_native,0.04015582054853439,u_ca6aceca8bfe61ac,3,2,official,principal
5350,0,0,0.059511955827474594,probability_native,0.059511955827474594,u_ca6aceca8bfe61ac,3,2,official,principal
4011,0,0,0.04989762231707573,probability_native,0.04989762231707573,u_ca6aceca8bfe61ac,3,2,official,principal
5666,0,0,0.196827694773674,probability_native,0.196827694773674,u_ca6aceca8bfe61ac,3,2,official,principal
182,1,1,0.7992692589759827,probability_native,0.7992692589759827,u_ca6aceca8bfe61ac,3,2,official,principal
4050,0,1,0.7131209373474121,probability_native,0.7131209373474121,u_ca6aceca8bfe61ac,3,2,official,principal
463,1,1,0.8974109292030334,probability_native,0.8974109292030334,u_ca6aceca8bfe61ac,3,2,official,principal
6215,1,1,0.8982253074645996,probability_native,0.8982253074645996,u_ca6aceca8bfe61ac,3,2,official,principal
3094,0,0,0.22907686233520508,probability_native,0.22907686233520508,u_ca6aceca8bfe61ac,3,2,official,principal
3958,1,1,0.5294535160064697,probability_native,0.5294535160064697,u_ca6aceca8bfe61ac,3,2,official,principal
2331,0,0,0.13976013660430908,probability_native,0.13976013660430908,u_ca6aceca8bfe61ac,3,2,official,principal
4601,0,1,0.7039957046508789,probability_native,0.7039957046508789,u_ca6aceca8bfe61ac,3,2,official,principal
6213,0,0,0.044910695403814316,probability_native,0.044910695403814316,u_ca6aceca8bfe61ac,3,2,official,principal
4374,0,0,0.0348067432641983,probability_native,0.0348067432641983,u_ca6aceca8bfe61ac,3,2,official,principal
215,0,0,0.38878166675567627,probability_native,0.38878166675567627,u_ca6aceca8bfe61ac,3,2,official,principal
6952,1,1,0.6874023675918579,probability_native,0.6874023675918579,u_ca6aceca8bfe61ac,3,2,official,principal
4075,0,0,0.46092185378074646,probability_native,0.46092185378074646,u_ca6aceca8bfe61ac,3,2,official,principal
4656,0,1,0.5483980774879456,probability_native,0.5483980774879456,u_ca6aceca8bfe61ac,3,2,official,principal
4347,0,0,0.10180415958166122,probability_native,0.10180415958166122,u_ca6aceca8bfe61ac,3,2,official,principal
2230,0,0,0.03895166888833046,probability_native,0.03895166888833046,u_ca6aceca8bfe61ac,3,2,official,principal
6515,1,0,0.2440595179796219,probability_native,0.2440595179796219,u_ca6aceca8bfe61ac,3,2,official,principal
1058,1,1,0.8637509346008301,probability_native,0.8637509346008301,u_ca6aceca8bfe61ac,3,2,official,principal
6997,0,1,0.6927343010902405,probability_native,0.6927343010902405,u_ca6aceca8bfe61ac,3,2,official,principal
248,1,1,0.672762930393219,probability_native,0.672762930393219,u_ca6aceca8bfe61ac,3,2,official,principal
2084,1,1,0.8358591198921204,probability_native,0.8358591198921204,u_ca6aceca8bfe61ac,3,2,official,principal
4587,0,1,0.5007688999176025,probability_native,0.5007688999176025,u_ca6aceca8bfe61ac,3,2,official,principal
6506,1,1,0.8489746451377869,probability_native,0.8489746451377869,u_ca6aceca8bfe61ac,3,2,official,principal
5456,1,1,0.5920520424842834,probability_native,0.5920520424842834,u_ca6aceca8bfe61ac,3,2,official,principal
6310,0,0,0.18745283782482147,probability_native,0.18745283782482147,u_ca6aceca8bfe61ac,3,2,official,principal
5286,1,1,0.7138285636901855,probability_native,0.7138285636901855,u_ca6aceca8bfe61ac,3,2,official,principal
3100,0,0,0.4022708833217621,probability_native,0.4022708833217621,u_ca6aceca8bfe61ac,3,2,official,principal
3040,1,0,0.23357845842838287,probability_native,0.23357845842838287,u_ca6aceca8bfe61ac,3,2,official,principal
2327,0,1,0.5727424621582031,probability_native,0.5727424621582031,u_ca6aceca8bfe61ac,3,2,official,principal
3146,1,1,0.8474929332733154,probability_native,0.8474929332733154,u_ca6aceca8bfe61ac,3,2,official,principal
7022,0,0,0.4452458322048187,probability_native,0.4452458322048187,u_ca6aceca8bfe61ac,3,2,official,principal
2445,0,0,0.4874190092086792,probability_native,0.4874190092086792,u_ca6aceca8bfe61ac,3,2,official,principal
3886,0,0,0.2556970417499542,probability_native,0.2556970417499542,u_ca6aceca8bfe61ac,3,2,official,principal
1744,0,1,0.6274946331977844,probability_native,0.6274946331977844,u_ca6aceca8bfe61ac,3,2,official,principal
6573,0,0,0.21042180061340332,probability_native,0.21042180061340332,u_ca6aceca8bfe61ac,3,2,official,principal
4298,0,0,0.4065602421760559,probability_native,0.4065602421760559,u_ca6aceca8bfe61ac,3,2,official,principal
1828,0,0,0.06132818013429642,probability_native,0.06132818013429642,u_ca6aceca8bfe61ac,3,2,official,principal
3666,1,1,0.5141251087188721,probability_native,0.5141251087188721,u_ca6aceca8bfe61ac,3,2,official,principal
6590,1,1,0.8893833756446838,probability_native,0.8893833756446838,u_ca6aceca8bfe61ac,3,2,official,principal
4195,0,0,0.31707027554512024,probability_native,0.31707027554512024,u_ca6aceca8bfe61ac,3,2,official,principal
5654,0,0,0.16521897912025452,probability_native,0.16521897912025452,u_ca6aceca8bfe61ac,3,2,official,principal
381,1,1,0.6324676871299744,probability_native,0.6324676871299744,u_ca6aceca8bfe61ac,3,2,official,principal
16,0,0,0.07728327065706253,probability_native,0.07728327065706253,u_ca6aceca8bfe61ac,3,2,official,principal
3013,0,0,0.19711075723171234,probability_native,0.19711075723171234,u_ca6aceca8bfe61ac,3,2,official,principal
1769,0,0,0.31398266553878784,probability_native,0.31398266553878784,u_ca6aceca8bfe61ac,3,2,official,principal
5910,0,0,0.4838741719722748,probability_native,0.4838741719722748,u_ca6aceca8bfe61ac,3,2,official,principal
3281,0,0,0.13854378461837769,probability_native,0.13854378461837769,u_ca6aceca8bfe61ac,3,2,official,principal
3445,0,1,0.5575276017189026,probability_native,0.5575276017189026,u_ca6aceca8bfe61ac,3,2,official,principal
3729,0,0,0.03382924199104309,probability_native,0.03382924199104309,u_ca6aceca8bfe61ac,3,2,official,principal
5321,0,0,0.3050309419631958,probability_native,0.3050309419631958,u_ca6aceca8bfe61ac,3,2,official,principal
5939,0,0,0.3883417844772339,probability_native,0.3883417844772339,u_ca6aceca8bfe61ac,3,2,official,principal
6316,0,0,0.03236749395728111,probability_native,0.03236749395728111,u_ca6aceca8bfe61ac,3,2,official,principal
3617,1,1,0.6918467879295349,probability_native,0.6918467879295349,u_ca6aceca8bfe61ac,3,2,official,principal
3993,0,0,0.11087194830179214,probability_native,0.11087194830179214,u_ca6aceca8bfe61ac,3,2,official,principal
5382,0,0,0.1251029372215271,probability_native,0.1251029372215271,u_ca6aceca8bfe61ac,3,2,official,principal
4261,0,0,0.17328695952892303,probability_native,0.17328695952892303,u_ca6aceca8bfe61ac,3,2,official,principal
5425,0,1,0.6954153180122375,probability_native,0.6954153180122375,u_ca6aceca8bfe61ac,3,2,official,principal
1711,0,0,0.03190898150205612,probability_native,0.03190898150205612,u_ca6aceca8bfe61ac,3,2,official,principal
6408,1,0,0.4419814944267273,probability_native,0.4419814944267273,u_ca6aceca8bfe61ac,3,2,official,principal
3054,0,0,0.24505531787872314,probability_native,0.24505531787872314,u_ca6aceca8bfe61ac,3,2,official,principal
3268,0,0,0.1822124570608139,probability_native,0.1822124570608139,u_ca6aceca8bfe61ac,3,2,official,principal
331,0,0,0.11450888961553574,probability_native,0.11450888961553574,u_ca6aceca8bfe61ac,3,2,official,principal
6337,0,0,0.3379684090614319,probability_native,0.3379684090614319,u_ca6aceca8bfe61ac,3,2,official,principal
1898,1,1,0.7746049761772156,probability_native,0.7746049761772156,u_ca6aceca8bfe61ac,3,2,official,principal
4793,0,0,0.49847128987312317,probability_native,0.49847128987312317,u_ca6aceca8bfe61ac,3,2,official,principal
4003,0,0,0.05097716301679611,probability_native,0.05097716301679611,u_ca6aceca8bfe61ac,3,2,official,principal
6833,0,1,0.7206554412841797,probability_native,0.7206554412841797,u_ca6aceca8bfe61ac,3,2,official,principal
3447,0,0,0.1888728141784668,probability_native,0.1888728141784668,u_ca6aceca8bfe61ac,3,2,official,principal
841,0,0,0.12412556260824203,probability_native,0.12412556260824203,u_ca6aceca8bfe61ac,3,2,official,principal
4346,0,0,0.334706574678421,probability_native,0.334706574678421,u_ca6aceca8bfe61ac,3,2,official,principal
28,0,0,0.03386995941400528,probability_native,0.03386995941400528,u_ca6aceca8bfe61ac,3,2,official,principal
2786,0,0,0.14590835571289062,probability_native,0.14590835571289062,u_ca6aceca8bfe61ac,3,2,official,principal
307,0,0,0.05321666598320007,probability_native,0.05321666598320007,u_ca6aceca8bfe61ac,3,2,official,principal
3042,1,0,0.398287832736969,probability_native,0.398287832736969,u_ca6aceca8bfe61ac,3,2,official,principal
4203,0,0,0.18139000236988068,probability_native,0.18139000236988068,u_ca6aceca8bfe61ac,3,2,official,principal
422,0,0,0.4348679482936859,probability_native,0.4348679482936859,u_ca6aceca8bfe61ac,3,2,official,principal
6283,1,1,0.7510014176368713,probability_native,0.7510014176368713,u_ca6aceca8bfe61ac,3,2,official,principal
2134,0,1,0.6081172823905945,probability_native,0.6081172823905945,u_ca6aceca8bfe61ac,3,2,official,principal
6518,1,1,0.7498814463615417,probability_native,0.7498814463615417,u_ca6aceca8bfe61ac,3,2,official,principal
4367,0,0,0.1334443837404251,probability_native,0.1334443837404251,u_ca6aceca8bfe61ac,3,2,official,principal
4053,0,0,0.44388994574546814,probability_native,0.44388994574546814,u_ca6aceca8bfe61ac,3,2,official,principal
6417,1,1,0.5703296661376953,probability_native,0.5703296661376953,u_ca6aceca8bfe61ac,3,2,official,principal
734,0,1,0.5933995246887207,probability_native,0.5933995246887207,u_ca6aceca8bfe61ac,3,2,official,principal
227,1,1,0.6795624494552612,probability_native,0.6795624494552612,u_ca6aceca8bfe61ac,3,2,official,principal
765,0,1,0.536695122718811,probability_native,0.536695122718811,u_ca6aceca8bfe61ac,3,2,official,principal
5735,0,0,0.04278740659356117,probability_native,0.04278740659356117,u_ca6aceca8bfe61ac,3,2,official,principal
2481,0,0,0.03401588648557663,probability_native,0.03401588648557663,u_ca6aceca8bfe61ac,3,2,official,principal
3996,0,0,0.04335533455014229,probability_native,0.04335533455014229,u_ca6aceca8bfe61ac,3,2,official,principal
6692,0,0,0.23595298826694489,probability_native,0.23595298826694489,u_ca6aceca8bfe61ac,3,2,official,principal
5808,0,0,0.22945599257946014,probability_native,0.22945599257946014,u_ca6aceca8bfe61ac,3,2,official,principal
3688,0,1,0.6121284365653992,probability_native,0.6121284365653992,u_ca6aceca8bfe61ac,3,2,official,principal
6002,1,1,0.849907398223877,probability_native,0.849907398223877,u_ca6aceca8bfe61ac,3,2,official,principal
2121,0,1,0.5187177062034607,probability_native,0.5187177062034607,u_ca6aceca8bfe61ac,3,2,official,principal
5129,0,1,0.7015619277954102,probability_native,0.7015619277954102,u_ca6aceca8bfe61ac,3,2,official,principal
4927,0,0,0.046805448830127716,probability_native,0.046805448830127716,u_ca6aceca8bfe61ac,3,2,official,principal
4715,0,0,0.035679545253515244,probability_native,0.035679545253515244,u_ca6aceca8bfe61ac,3,2,official,principal
5764,0,0,0.2719345688819885,probability_native,0.2719345688819885,u_ca6aceca8bfe61ac,3,2,official,principal
5348,0,0,0.13868677616119385,probability_native,0.13868677616119385,u_ca6aceca8bfe61ac,3,2,official,principal
2969,0,0,0.1922444999217987,probability_native,0.1922444999217987,u_ca6aceca8bfe61ac,3,2,official,principal
5079,0,1,0.6988138556480408,probability_native,0.6988138556480408,u_ca6aceca8bfe61ac,3,2,official,principal
2512,0,0,0.1654859185218811,probability_native,0.1654859185218811,u_ca6aceca8bfe61ac,3,2,official,principal
1220,0,0,0.40716055035591125,probability_native,0.40716055035591125,u_ca6aceca8bfe61ac,3,2,official,principal
3676,0,0,0.17400825023651123,probability_native,0.17400825023651123,u_ca6aceca8bfe61ac,3,2,official,principal
2801,0,0,0.1640872061252594,probability_native,0.1640872061252594,u_ca6aceca8bfe61ac,3,2,official,principal
6327,0,0,0.2883566915988922,probability_native,0.2883566915988922,u_ca6aceca8bfe61ac,3,2,official,principal
4376,0,0,0.4139409363269806,probability_native,0.4139409363269806,u_ca6aceca8bfe61ac,3,2,official,principal
194,0,0,0.033481284976005554,probability_native,0.033481284976005554,u_ca6aceca8bfe61ac,3,2,official,principal
2586,0,0,0.10517735034227371,probability_native,0.10517735034227371,u_ca6aceca8bfe61ac,3,2,official,principal
5868,0,1,0.7399211525917053,probability_native,0.7399211525917053,u_ca6aceca8bfe61ac,3,2,official,principal
6510,0,0,0.05743447318673134,probability_native,0.05743447318673134,u_ca6aceca8bfe61ac,3,2,official,principal
6817,0,0,0.031978756189346313,probability_native,0.031978756189346313,u_ca6aceca8bfe61ac,3,2,official,principal
606,0,0,0.055403076112270355,probability_native,0.055403076112270355,u_ca6aceca8bfe61ac,3,2,official,principal
3032,0,0,0.05938364565372467,probability_native,0.05938364565372467,u_ca6aceca8bfe61ac,3,2,official,principal
4457,0,0,0.4754411280155182,probability_native,0.4754411280155182,u_ca6aceca8bfe61ac,3,2,official,principal
4754,0,0,0.031870078295469284,probability_native,0.031870078295469284,u_ca6aceca8bfe61ac,3,2,official,principal
4278,0,0,0.3533530831336975,probability_native,0.3533530831336975,u_ca6aceca8bfe61ac,3,2,official,principal
1307,0,0,0.2209259569644928,probability_native,0.2209259569644928,u_ca6aceca8bfe61ac,3,2,official,principal
6857,0,0,0.41788873076438904,probability_native,0.41788873076438904,u_ca6aceca8bfe61ac,3,2,official,principal
1065,1,1,0.5616601705551147,probability_native,0.5616601705551147,u_ca6aceca8bfe61ac,3,2,official,principal
6482,1,1,0.9335401654243469,probability_native,0.9335401654243469,u_ca6aceca8bfe61ac,3,2,official,principal
3518,0,1,0.5689025521278381,probability_native,0.5689025521278381,u_ca6aceca8bfe61ac,3,2,official,principal
5195,0,0,0.03729028254747391,probability_native,0.03729028254747391,u_ca6aceca8bfe61ac,3,2,official,principal
3692,0,1,0.6216524839401245,probability_native,0.6216524839401245,u_ca6aceca8bfe61ac,3,2,official,principal
4395,1,1,0.6943180561065674,probability_native,0.6943180561065674,u_ca6aceca8bfe61ac,3,2,official,principal
6103,0,0,0.21357940137386322,probability_native,0.21357940137386322,u_ca6aceca8bfe61ac,3,2,official,principal
5138,0,0,0.28013575077056885,probability_native,0.28013575077056885,u_ca6aceca8bfe61ac,3,2,official,principal
3479,1,1,0.6362208724021912,probability_native,0.6362208724021912,u_ca6aceca8bfe61ac,3,2,official,principal
6886,1,1,0.8323882222175598,probability_native,0.8323882222175598,u_ca6aceca8bfe61ac,3,2,official,principal
3888,1,1,0.8311101794242859,probability_native,0.8311101794242859,u_ca6aceca8bfe61ac,3,2,official,principal
5911,0,0,0.3794161081314087,probability_native,0.3794161081314087,u_ca6aceca8bfe61ac,3,2,official,principal
1920,0,0,0.16451150178909302,probability_native,0.16451150178909302,u_ca6aceca8bfe61ac,3,2,official,principal
4155,0,0,0.04463794454932213,probability_native,0.04463794454932213,u_ca6aceca8bfe61ac,3,2,official,principal
3718,0,0,0.4707541763782501,probability_native,0.4707541763782501,u_ca6aceca8bfe61ac,3,2,official,principal
6689,0,0,0.24968330562114716,probability_native,0.24968330562114716,u_ca6aceca8bfe61ac,3,2,official,principal
5471,0,1,0.6948168873786926,probability_native,0.6948168873786926,u_ca6aceca8bfe61ac,3,2,official,principal
2358,0,0,0.09417251497507095,probability_native,0.09417251497507095,u_ca6aceca8bfe61ac,3,2,official,principal
6572,0,0,0.040192123502492905,probability_native,0.040192123502492905,u_ca6aceca8bfe61ac,3,2,official,principal
870,0,0,0.04098264127969742,probability_native,0.04098264127969742,u_ca6aceca8bfe61ac,3,2,official,principal
6975,0,0,0.07408901304006577,probability_native,0.07408901304006577,u_ca6aceca8bfe61ac,3,2,official,principal
6793,0,0,0.15943370759487152,probability_native,0.15943370759487152,u_ca6aceca8bfe61ac,3,2,official,principal
294,0,0,0.1853734403848648,probability_native,0.1853734403848648,u_ca6aceca8bfe61ac,3,2,official,principal
253,0,0,0.4403720200061798,probability_native,0.4403720200061798,u_ca6aceca8bfe61ac,3,2,official,principal
5226,0,0,0.30854710936546326,probability_native,0.30854710936546326,u_ca6aceca8bfe61ac,3,2,official,principal
6876,0,0,0.35460320115089417,probability_native,0.35460320115089417,u_ca6aceca8bfe61ac,3,2,official,principal
5582,0,0,0.049848128110170364,probability_native,0.049848128110170364,u_ca6aceca8bfe61ac,3,2,official,principal
6141,1,1,0.6009275317192078,probability_native,0.6009275317192078,u_ca6aceca8bfe61ac,3,2,official,principal
3634,0,0,0.05261632427573204,probability_native,0.05261632427573204,u_ca6aceca8bfe61ac,3,2,official,principal
6929,0,0,0.11166556179523468,probability_native,0.11166556179523468,u_ca6aceca8bfe61ac,3,2,official,principal
6792,1,0,0.0600593127310276,probability_native,0.0600593127310276,u_ca6aceca8bfe61ac,3,2,official,principal
1125,1,1,0.7628059983253479,probability_native,0.7628059983253479,u_ca6aceca8bfe61ac,3,2,official,principal
4309,0,1,0.6790751814842224,probability_native,0.6790751814842224,u_ca6aceca8bfe61ac,3,2,official,principal
4263,0,0,0.040701478719711304,probability_native,0.040701478719711304,u_ca6aceca8bfe61ac,3,2,official,principal
3205,0,0,0.04292980954051018,probability_native,0.04292980954051018,u_ca6aceca8bfe61ac,3,2,official,principal
2123,0,1,0.7310521006584167,probability_native,0.7310521006584167,u_ca6aceca8bfe61ac,3,2,official,principal
4064,0,1,0.6724281907081604,probability_native,0.6724281907081604,u_ca6aceca8bfe61ac,3,2,official,principal
5438,1,1,0.8084816932678223,probability_native,0.8084816932678223,u_ca6aceca8bfe61ac,3,2,official,principal
3052,0,0,0.25328579545021057,probability_native,0.25328579545021057,u_ca6aceca8bfe61ac,3,2,official,principal
1684,0,0,0.2408832311630249,probability_native,0.2408832311630249,u_ca6aceca8bfe61ac,3,2,official,principal
1620,0,1,0.6600649952888489,probability_native,0.6600649952888489,u_ca6aceca8bfe61ac,3,2,official,principal
6379,1,1,0.7649380564689636,probability_native,0.7649380564689636,u_ca6aceca8bfe61ac,3,2,official,principal
3659,0,0,0.4438062906265259,probability_native,0.4438062906265259,u_ca6aceca8bfe61ac,3,2,official,principal
3872,0,1,0.7711840271949768,probability_native,0.7711840271949768,u_ca6aceca8bfe61ac,3,2,official,principal
2613,1,1,0.8976731300354004,probability_native,0.8976731300354004,u_ca6aceca8bfe61ac,3,2,official,principal
885,0,1,0.674487829208374,probability_native,0.674487829208374,u_ca6aceca8bfe61ac,3,2,official,principal
6706,0,1,0.6081172823905945,probability_native,0.6081172823905945,u_ca6aceca8bfe61ac,3,2,official,principal
3839,0,0,0.20116303861141205,probability_native,0.20116303861141205,u_ca6aceca8bfe61ac,3,2,official,principal
2906,0,1,0.5060569643974304,probability_native,0.5060569643974304,u_ca6aceca8bfe61ac,3,2,official,principal
2635,0,0,0.03346779942512512,probability_native,0.03346779942512512,u_ca6aceca8bfe61ac,3,2,official,principal
2557,0,1,0.6274474859237671,probability_native,0.6274474859237671,u_ca6aceca8bfe61ac,3,2,official,principal
4130,0,0,0.3676944375038147,probability_native,0.3676944375038147,u_ca6aceca8bfe61ac,3,2,official,principal
1360,1,1,0.8178452849388123,probability_native,0.8178452849388123,u_ca6aceca8bfe61ac,3,2,official,principal
911,0,1,0.6604909300804138,probability_native,0.6604909300804138,u_ca6aceca8bfe61ac,3,2,official,principal
1309,1,1,0.7565615773200989,probability_native,0.7565615773200989,u_ca6aceca8bfe61ac,3,2,official,principal
3180,0,0,0.34147706627845764,probability_native,0.34147706627845764,u_ca6aceca8bfe61ac,3,2,official,principal
4447,0,0,0.4197717607021332,probability_native,0.4197717607021332,u_ca6aceca8bfe61ac,3,2,official,principal
6183,0,0,0.3190271258354187,probability_native,0.3190271258354187,u_ca6aceca8bfe61ac,3,2,official,principal
1701,1,0,0.2447900027036667,probability_native,0.2447900027036667,u_ca6aceca8bfe61ac,3,2,official,principal
2614,1,0,0.2618531584739685,probability_native,0.2618531584739685,u_ca6aceca8bfe61ac,3,2,official,principal
1531,0,0,0.1746271401643753,probability_native,0.1746271401643753,u_ca6aceca8bfe61ac,3,2,official,principal
5116,1,1,0.8466452956199646,probability_native,0.8466452956199646,u_ca6aceca8bfe61ac,3,2,official,principal
1561,1,1,0.9105731844902039,probability_native,0.9105731844902039,u_ca6aceca8bfe61ac,3,2,official,principal
2595,0,0,0.05009366199374199,probability_native,0.05009366199374199,u_ca6aceca8bfe61ac,3,2,official,principal
2683,1,1,0.6938664317131042,probability_native,0.6938664317131042,u_ca6aceca8bfe61ac,3,2,official,principal
5141,0,0,0.23487800359725952,probability_native,0.23487800359725952,u_ca6aceca8bfe61ac,3,2,official,principal
2016,1,1,0.7740437388420105,probability_native,0.7740437388420105,u_ca6aceca8bfe61ac,3,2,official,principal
5058,0,0,0.26680296659469604,probability_native,0.26680296659469604,u_ca6aceca8bfe61ac,3,2,official,principal
1767,0,0,0.04834308102726936,probability_native,0.04834308102726936,u_ca6aceca8bfe61ac,3,2,official,principal
103,0,0,0.1394914984703064,probability_native,0.1394914984703064,u_ca6aceca8bfe61ac,3,2,official,principal
616,0,0,0.3651929497718811,probability_native,0.3651929497718811,u_ca6aceca8bfe61ac,3,2,official,principal
1931,0,0,0.4648795425891876,probability_native,0.4648795425891876,u_ca6aceca8bfe61ac,3,2,official,principal
5869,0,0,0.31486374139785767,probability_native,0.31486374139785767,u_ca6aceca8bfe61ac,3,2,official,principal
4553,0,0,0.048289425671100616,probability_native,0.048289425671100616,u_ca6aceca8bfe61ac,3,2,official,principal
4517,1,1,0.8919580578804016,probability_native,0.8919580578804016,u_ca6aceca8bfe61ac,3,2,official,principal
5913,0,0,0.12053772807121277,probability_native,0.12053772807121277,u_ca6aceca8bfe61ac,3,2,official,principal
5383,1,1,0.7089912295341492,probability_native,0.7089912295341492,u_ca6aceca8bfe61ac,3,2,official,principal
789,0,0,0.044339194893836975,probability_native,0.044339194893836975,u_ca6aceca8bfe61ac,3,2,official,principal
6545,1,0,0.4703947603702545,probability_native,0.4703947603702545,u_ca6aceca8bfe61ac,3,2,official,principal
6666,0,0,0.46526163816452026,probability_native,0.46526163816452026,u_ca6aceca8bfe61ac,3,2,official,principal
1732,0,0,0.277951717376709,probability_native,0.277951717376709,u_ca6aceca8bfe61ac,3,2,official,principal
6496,1,1,0.5668408274650574,probability_native,0.5668408274650574,u_ca6aceca8bfe61ac,3,2,official,principal
1719,0,1,0.8716776967048645,probability_native,0.8716776967048645,u_ca6aceca8bfe61ac,3,2,official,principal
4806,0,0,0.051620181649923325,probability_native,0.051620181649923325,u_ca6aceca8bfe61ac,3,2,official,principal
3422,0,0,0.04370974376797676,probability_native,0.04370974376797676,u_ca6aceca8bfe61ac,3,2,official,principal
909,0,0,0.07569883018732071,probability_native,0.07569883018732071,u_ca6aceca8bfe61ac,3,2,official,principal
5056,0,0,0.03845420107245445,probability_native,0.03845420107245445,u_ca6aceca8bfe61ac,3,2,official,principal
3592,1,1,0.8204800486564636,probability_native,0.8204800486564636,u_ca6aceca8bfe61ac,3,2,official,principal
6555,0,0,0.08084885776042938,probability_native,0.08084885776042938,u_ca6aceca8bfe61ac,3,2,official,principal
2551,0,0,0.17603352665901184,probability_native,0.17603352665901184,u_ca6aceca8bfe61ac,3,2,official,principal
4922,0,0,0.2699945271015167,probability_native,0.2699945271015167,u_ca6aceca8bfe61ac,3,2,official,principal
5969,0,0,0.4744201600551605,probability_native,0.4744201600551605,u_ca6aceca8bfe61ac,3,2,official,principal
3561,1,1,0.715363085269928,probability_native,0.715363085269928,u_ca6aceca8bfe61ac,3,2,official,principal
3613,0,0,0.3498504161834717,probability_native,0.3498504161834717,u_ca6aceca8bfe61ac,3,2,official,principal
2474,0,1,0.752601146697998,probability_native,0.752601146697998,u_ca6aceca8bfe61ac,3,2,official,principal
5206,0,0,0.04777657613158226,probability_native,0.04777657613158226,u_ca6aceca8bfe61ac,3,2,official,principal
6594,0,0,0.2833476960659027,probability_native,0.2833476960659027,u_ca6aceca8bfe61ac,3,2,official,principal
2000,0,1,0.7209066152572632,probability_native,0.7209066152572632,u_ca6aceca8bfe61ac,3,2,official,principal
2113,0,0,0.37969234585762024,probability_native,0.37969234585762024,u_ca6aceca8bfe61ac,3,2,official,principal
6195,1,1,0.8088700175285339,probability_native,0.8088700175285339,u_ca6aceca8bfe61ac,3,2,official,principal
1396,1,0,0.2061694711446762,probability_native,0.2061694711446762,u_ca6aceca8bfe61ac,3,2,official,principal
751,0,0,0.04155620187520981,probability_native,0.04155620187520981,u_ca6aceca8bfe61ac,3,2,official,principal
4479,0,0,0.05314798653125763,probability_native,0.05314798653125763,u_ca6aceca8bfe61ac,3,2,official,principal
3577,1,0,0.42478275299072266,probability_native,0.42478275299072266,u_ca6aceca8bfe61ac,3,2,official,principal
430,1,0,0.12018036842346191,probability_native,0.12018036842346191,u_ca6aceca8bfe61ac,3,2,official,principal
2360,0,0,0.03182103484869003,probability_native,0.03182103484869003,u_ca6aceca8bfe61ac,3,2,official,principal
5273,0,0,0.032471563667058945,probability_native,0.032471563667058945,u_ca6aceca8bfe61ac,3,2,official,principal
6520,1,1,0.8826426267623901,probability_native,0.8826426267623901,u_ca6aceca8bfe61ac,3,2,official,principal
3556,0,0,0.1313890814781189,probability_native,0.1313890814781189,u_ca6aceca8bfe61ac,3,2,official,principal
916,0,1,0.5293253660202026,probability_native,0.5293253660202026,u_ca6aceca8bfe61ac,3,2,official,principal
1052,0,0,0.367708683013916,probability_native,0.367708683013916,u_ca6aceca8bfe61ac,3,2,official,principal
3137,0,1,0.5303217768669128,probability_native,0.5303217768669128,u_ca6aceca8bfe61ac,3,2,official,principal
6691,0,0,0.14783865213394165,probability_native,0.14783865213394165,u_ca6aceca8bfe61ac,3,2,official,principal
4135,0,0,0.04966611787676811,probability_native,0.04966611787676811,u_ca6aceca8bfe61ac,3,2,official,principal
35,0,0,0.05594503507018089,probability_native,0.05594503507018089,u_ca6aceca8bfe61ac,3,2,official,principal
636,0,0,0.07018038630485535,probability_native,0.07018038630485535,u_ca6aceca8bfe61ac,3,2,official,principal
3595,1,1,0.8186728358268738,probability_native,0.8186728358268738,u_ca6aceca8bfe61ac,3,2,official,principal
48,0,0,0.055327046662569046,probability_native,0.055327046662569046,u_ca6aceca8bfe61ac,3,2,official,principal
3475,0,0,0.28287896513938904,probability_native,0.28287896513938904,u_ca6aceca8bfe61ac,3,2,official,principal
6636,0,0,0.33002153038978577,probability_native,0.33002153038978577,u_ca6aceca8bfe61ac,3,2,official,principal
5304,0,1,0.7048190832138062,probability_native,0.7048190832138062,u_ca6aceca8bfe61ac,3,2,official,principal
4827,1,1,0.6562872529029846,probability_native,0.6562872529029846,u_ca6aceca8bfe61ac,3,2,official,principal
5816,0,1,0.6251429319381714,probability_native,0.6251429319381714,u_ca6aceca8bfe61ac,3,2,official,principal
4918,0,0,0.046080391854047775,probability_native,0.046080391854047775,u_ca6aceca8bfe61ac,3,2,official,principal
2403,0,0,0.16077415645122528,probability_native,0.16077415645122528,u_ca6aceca8bfe61ac,3,2,official,principal
4074,1,1,0.7257394194602966,probability_native,0.7257394194602966,u_ca6aceca8bfe61ac,3,2,official,principal
1636,0,0,0.0800560787320137,probability_native,0.0800560787320137,u_ca6aceca8bfe61ac,3,2,official,principal
3250,0,0,0.12716557085514069,probability_native,0.12716557085514069,u_ca6aceca8bfe61ac,3,2,official,principal
4445,0,0,0.04072052240371704,probability_native,0.04072052240371704,u_ca6aceca8bfe61ac,3,2,official,principal
1522,1,0,0.22986629605293274,probability_native,0.22986629605293274,u_ca6aceca8bfe61ac,3,2,official,principal
6266,1,1,0.6072475910186768,probability_native,0.6072475910186768,u_ca6aceca8bfe61ac,3,2,official,principal
901,1,1,0.853180468082428,probability_native,0.853180468082428,u_ca6aceca8bfe61ac,3,2,official,principal
1872,0,0,0.04941357672214508,probability_native,0.04941357672214508,u_ca6aceca8bfe61ac,3,2,official,principal
6751,0,0,0.07548089325428009,probability_native,0.07548089325428009,u_ca6aceca8bfe61ac,3,2,official,principal
1450,0,0,0.23868371546268463,probability_native,0.23868371546268463,u_ca6aceca8bfe61ac,3,2,official,principal
3643,0,0,0.0796201303601265,probability_native,0.0796201303601265,u_ca6aceca8bfe61ac,3,2,official,principal
6646,0,0,0.05734412744641304,probability_native,0.05734412744641304,u_ca6aceca8bfe61ac,3,2,official,principal
1095,0,1,0.9180253148078918,probability_native,0.9180253148078918,u_ca6aceca8bfe61ac,3,2,official,principal
4566,0,0,0.486295610666275,probability_native,0.486295610666275,u_ca6aceca8bfe61ac,3,2,official,principal
6106,1,1,0.6050760746002197,probability_native,0.6050760746002197,u_ca6aceca8bfe61ac,3,2,official,principal
1936,0,0,0.16208212077617645,probability_native,0.16208212077617645,u_ca6aceca8bfe61ac,3,2,official,principal
446,1,1,0.8411603569984436,probability_native,0.8411603569984436,u_ca6aceca8bfe61ac,3,2,official,principal
808,1,1,0.7715796828269958,probability_native,0.7715796828269958,u_ca6aceca8bfe61ac,3,2,official,principal
575,0,0,0.07025419920682907,probability_native,0.07025419920682907,u_ca6aceca8bfe61ac,3,2,official,principal
2347,0,0,0.1828611195087433,probability_native,0.1828611195087433,u_ca6aceca8bfe61ac,3,2,official,principal
1817,0,0,0.06334950774908066,probability_native,0.06334950774908066,u_ca6aceca8bfe61ac,3,2,official,principal
5481,1,1,0.9068209528923035,probability_native,0.9068209528923035,u_ca6aceca8bfe61ac,3,2,official,principal
5726,0,0,0.059506140649318695,probability_native,0.059506140649318695,u_ca6aceca8bfe61ac,3,2,official,principal
2739,0,0,0.3591555655002594,probability_native,0.3591555655002594,u_ca6aceca8bfe61ac,3,2,official,principal
7005,0,0,0.056191325187683105,probability_native,0.056191325187683105,u_ca6aceca8bfe61ac,3,2,official,principal
3338,1,1,0.8014785051345825,probability_native,0.8014785051345825,u_ca6aceca8bfe61ac,3,2,official,principal
2495,0,0,0.07297062873840332,probability_native,0.07297062873840332,u_ca6aceca8bfe61ac,3,2,official,principal
3082,0,0,0.14735116064548492,probability_native,0.14735116064548492,u_ca6aceca8bfe61ac,3,2,official,principal
3655,0,0,0.13401319086551666,probability_native,0.13401319086551666,u_ca6aceca8bfe61ac,3,2,official,principal
6200,0,0,0.03266102820634842,probability_native,0.03266102820634842,u_ca6aceca8bfe61ac,3,2,official,principal
4122,0,0,0.14206993579864502,probability_native,0.14206993579864502,u_ca6aceca8bfe61ac,3,2,official,principal
3980,1,1,0.7914087176322937,probability_native,0.7914087176322937,u_ca6aceca8bfe61ac,3,2,official,principal
4503,1,1,0.7734593749046326,probability_native,0.7734593749046326,u_ca6aceca8bfe61ac,3,2,official,principal
1934,1,1,0.6123114228248596,probability_native,0.6123114228248596,u_ca6aceca8bfe61ac,3,2,official,principal
4956,1,1,0.8447959423065186,probability_native,0.8447959423065186,u_ca6aceca8bfe61ac,3,2,official,principal
3125,0,0,0.28060632944107056,probability_native,0.28060632944107056,u_ca6aceca8bfe61ac,3,2,official,principal
4941,1,0,0.36866647005081177,probability_native,0.36866647005081177,u_ca6aceca8bfe61ac,3,2,official,principal
1814,0,0,0.048938192427158356,probability_native,0.048938192427158356,u_ca6aceca8bfe61ac,3,2,official,principal
5384,0,1,0.584683895111084,probability_native,0.584683895111084,u_ca6aceca8bfe61ac,3,2,official,principal
4107,0,0,0.044813528656959534,probability_native,0.044813528656959534,u_ca6aceca8bfe61ac,3,2,official,principal
1407,0,0,0.06770316511392593,probability_native,0.06770316511392593,u_ca6aceca8bfe61ac,3,2,official,principal
938,0,0,0.3182843327522278,probability_native,0.3182843327522278,u_ca6aceca8bfe61ac,3,2,official,principal
2032,1,1,0.6872649788856506,probability_native,0.6872649788856506,u_ca6aceca8bfe61ac,3,2,official,principal
4174,1,0,0.3085003197193146,probability_native,0.3085003197193146,u_ca6aceca8bfe61ac,3,2,official,principal
2732,0,0,0.33364951610565186,probability_native,0.33364951610565186,u_ca6aceca8bfe61ac,3,2,official,principal
3481,0,1,0.7135878801345825,probability_native,0.7135878801345825,u_ca6aceca8bfe61ac,3,2,official,principal
6911,0,0,0.0390813872218132,probability_native,0.0390813872218132,u_ca6aceca8bfe61ac,3,2,official,principal
2496,0,0,0.06178293377161026,probability_native,0.06178293377161026,u_ca6aceca8bfe61ac,3,2,official,principal
5941,0,0,0.36268487572669983,probability_native,0.36268487572669983,u_ca6aceca8bfe61ac,3,2,official,principal
2842,0,1,0.5882797241210938,probability_native,0.5882797241210938,u_ca6aceca8bfe61ac,3,2,official,principal
124,0,0,0.41248494386672974,probability_native,0.41248494386672974,u_ca6aceca8bfe61ac,3,2,official,principal
1866,0,0,0.1988513320684433,probability_native,0.1988513320684433,u_ca6aceca8bfe61ac,3,2,official,principal
1208,1,1,0.9181432723999023,probability_native,0.9181432723999023,u_ca6aceca8bfe61ac,3,2,official,principal
6795,0,0,0.47516927123069763,probability_native,0.47516927123069763,u_ca6aceca8bfe61ac,3,2,official,principal
3610,1,1,0.8554114699363708,probability_native,0.8554114699363708,u_ca6aceca8bfe61ac,3,2,official,principal
339,1,1,0.6974283456802368,probability_native,0.6974283456802368,u_ca6aceca8bfe61ac,3,2,official,principal
6863,0,0,0.12412361800670624,probability_native,0.12412361800670624,u_ca6aceca8bfe61ac,3,2,official,principal
1449,0,0,0.23018121719360352,probability_native,0.23018121719360352,u_ca6aceca8bfe61ac,3,2,official,principal
3963,0,0,0.033948201686143875,probability_native,0.033948201686143875,u_ca6aceca8bfe61ac,3,2,official,principal
214,0,1,0.7363229393959045,probability_native,0.7363229393959045,u_ca6aceca8bfe61ac,3,2,official,principal
1090,0,0,0.4142734706401825,probability_native,0.4142734706401825,u_ca6aceca8bfe61ac,3,2,official,principal
2494,1,1,0.5097850561141968,probability_native,0.5097850561141968,u_ca6aceca8bfe61ac,3,2,official,principal
5018,0,0,0.03611397370696068,probability_native,0.03611397370696068,u_ca6aceca8bfe61ac,3,2,official,principal
5875,0,0,0.0378497913479805,probability_native,0.0378497913479805,u_ca6aceca8bfe61ac,3,2,official,principal
2185,1,0,0.31791430711746216,probability_native,0.31791430711746216,u_ca6aceca8bfe61ac,3,2,official,principal
4520,1,1,0.5808655619621277,probability_native,0.5808655619621277,u_ca6aceca8bfe61ac,3,2,official,principal
6368,1,1,0.9101436138153076,probability_native,0.9101436138153076,u_ca6aceca8bfe61ac,3,2,official,principal
2895,0,0,0.07188913226127625,probability_native,0.07188913226127625,u_ca6aceca8bfe61ac,3,2,official,principal
729,0,0,0.11594851315021515,probability_native,0.11594851315021515,u_ca6aceca8bfe61ac,3,2,official,principal
6791,1,1,0.6754456758499146,probability_native,0.6754456758499146,u_ca6aceca8bfe61ac,3,2,official,principal
1771,1,1,0.78626948595047,probability_native,0.78626948595047,u_ca6aceca8bfe61ac,3,2,official,principal
4797,0,0,0.04197314754128456,probability_native,0.04197314754128456,u_ca6aceca8bfe61ac,3,2,official,principal
6877,1,1,0.8411603569984436,probability_native,0.8411603569984436,u_ca6aceca8bfe61ac,3,2,official,principal
1717,0,0,0.03701763227581978,probability_native,0.03701763227581978,u_ca6aceca8bfe61ac,3,2,official,principal
2008,1,1,0.8467631340026855,probability_native,0.8467631340026855,u_ca6aceca8bfe61ac,3,2,official,principal
6096,0,1,0.8898010849952698,probability_native,0.8898010849952698,u_ca6aceca8bfe61ac,3,2,official,principal
1103,0,1,0.5623508095741272,probability_native,0.5623508095741272,u_ca6aceca8bfe61ac,3,2,official,principal
6830,0,0,0.052090153098106384,probability_native,0.052090153098106384,u_ca6aceca8bfe61ac,3,2,official,principal
1713,0,0,0.2757299542427063,probability_native,0.2757299542427063,u_ca6aceca8bfe61ac,3,2,official,principal
3854,0,0,0.4332076907157898,probability_native,0.4332076907157898,u_ca6aceca8bfe61ac,3,2,official,principal
2228,0,0,0.12244298309087753,probability_native,0.12244298309087753,u_ca6aceca8bfe61ac,3,2,official,principal
137,0,0,0.032302126288414,probability_native,0.032302126288414,u_ca6aceca8bfe61ac,3,2,official,principal
2548,0,1,0.7034235000610352,probability_native,0.7034235000610352,u_ca6aceca8bfe61ac,3,2,official,principal
5872,1,1,0.8949970602989197,probability_native,0.8949970602989197,u_ca6aceca8bfe61ac,3,2,official,principal
370,0,0,0.06336400657892227,probability_native,0.06336400657892227,u_ca6aceca8bfe61ac,3,2,official,principal
3347,0,0,0.042510196566581726,probability_native,0.042510196566581726,u_ca6aceca8bfe61ac,3,2,official,principal
2985,0,0,0.39641013741493225,probability_native,0.39641013741493225,u_ca6aceca8bfe61ac,3,2,official,principal
5312,1,1,0.6544799208641052,probability_native,0.6544799208641052,u_ca6aceca8bfe61ac,3,2,official,principal
5579,1,0,0.03498854860663414,probability_native,0.03498854860663414,u_ca6aceca8bfe61ac,3,2,official,principal
2617,1,1,0.6513689756393433,probability_native,0.6513689756393433,u_ca6aceca8bfe61ac,3,2,official,principal
4905,0,0,0.04108221083879471,probability_native,0.04108221083879471,u_ca6aceca8bfe61ac,3,2,official,principal
4431,0,1,0.6754302978515625,probability_native,0.6754302978515625,u_ca6aceca8bfe61ac,3,2,official,principal
3301,1,1,0.9036101698875427,probability_native,0.9036101698875427,u_ca6aceca8bfe61ac,3,2,official,principal
1246,0,1,0.5836517214775085,probability_native,0.5836517214775085,u_ca6aceca8bfe61ac,3,2,official,principal
5862,0,1,0.5603351593017578,probability_native,0.5603351593017578,u_ca6aceca8bfe61ac,3,2,official,principal
2353,0,1,0.8592080473899841,probability_native,0.8592080473899841,u_ca6aceca8bfe61ac,3,2,official,principal
5698,1,1,0.7339767217636108,probability_native,0.7339767217636108,u_ca6aceca8bfe61ac,3,2,official,principal
5474,0,1,0.9332154393196106,probability_native,0.9332154393196106,u_ca6aceca8bfe61ac,3,2,official,principal
773,1,1,0.6882765889167786,probability_native,0.6882765889167786,u_ca6aceca8bfe61ac,3,2,official,principal
2535,0,0,0.04559260234236717,probability_native,0.04559260234236717,u_ca6aceca8bfe61ac,3,2,official,principal
5890,0,0,0.05864603817462921,probability_native,0.05864603817462921,u_ca6aceca8bfe61ac,3,2,official,principal
4999,0,0,0.049291472882032394,probability_native,0.049291472882032394,u_ca6aceca8bfe61ac,3,2,official,principal
6710,0,0,0.12246746569871902,probability_native,0.12246746569871902,u_ca6aceca8bfe61ac,3,2,official,principal
4811,1,1,0.6362208724021912,probability_native,0.6362208724021912,u_ca6aceca8bfe61ac,3,2,official,principal
3063,0,1,0.7819934487342834,probability_native,0.7819934487342834,u_ca6aceca8bfe61ac,3,2,official,principal
4561,0,0,0.4749728739261627,probability_native,0.4749728739261627,u_ca6aceca8bfe61ac,3,2,official,principal
1650,1,1,0.8847923278808594,probability_native,0.8847923278808594,u_ca6aceca8bfe61ac,3,2,official,principal
323,0,0,0.1983635276556015,probability_native,0.1983635276556015,u_ca6aceca8bfe61ac,3,2,official,principal
2339,1,1,0.7795759439468384,probability_native,0.7795759439468384,u_ca6aceca8bfe61ac,3,2,official,principal
6664,0,1,0.5484352111816406,probability_native,0.5484352111816406,u_ca6aceca8bfe61ac,3,2,official,principal
1197,0,0,0.27000704407691956,probability_native,0.27000704407691956,u_ca6aceca8bfe61ac,3,2,official,principal
6288,0,1,0.8746558427810669,probability_native,0.8746558427810669,u_ca6aceca8bfe61ac,3,2,official,principal
3786,0,1,0.56931471824646,probability_native,0.56931471824646,u_ca6aceca8bfe61ac,3,2,official,principal
2013,0,0,0.09110703319311142,probability_native,0.09110703319311142,u_ca6aceca8bfe61ac,3,2,official,principal
1922,0,0,0.3770877420902252,probability_native,0.3770877420902252,u_ca6aceca8bfe61ac,3,2,official,principal
134,1,1,0.6416204571723938,probability_native,0.6416204571723938,u_ca6aceca8bfe61ac,3,2,official,principal
3772,1,1,0.8501390218734741,probability_native,0.8501390218734741,u_ca6aceca8bfe61ac,3,2,official,principal
6789,1,1,0.6761332154273987,probability_native,0.6761332154273987,u_ca6aceca8bfe61ac,3,2,official,principal
224,0,0,0.1119147390127182,probability_native,0.1119147390127182,u_ca6aceca8bfe61ac,3,2,official,principal
2766,0,0,0.3157767951488495,probability_native,0.3157767951488495,u_ca6aceca8bfe61ac,3,2,official,principal
2442,1,1,0.8387135863304138,probability_native,0.8387135863304138,u_ca6aceca8bfe61ac,3,2,official,principal
594,0,1,0.6845445036888123,probability_native,0.6845445036888123,u_ca6aceca8bfe61ac,3,2,official,principal
5532,0,0,0.08010568469762802,probability_native,0.08010568469762802,u_ca6aceca8bfe61ac,3,2,official,principal
6162,0,0,0.05733426660299301,probability_native,0.05733426660299301,u_ca6aceca8bfe61ac,3,2,official,principal
5409,1,1,0.7546502947807312,probability_native,0.7546502947807312,u_ca6aceca8bfe61ac,3,2,official,principal
1452,0,1,0.5261958837509155,probability_native,0.5261958837509155,u_ca6aceca8bfe61ac,3,2,official,principal
2588,0,1,0.5784991383552551,probability_native,0.5784991383552551,u_ca6aceca8bfe61ac,3,2,official,principal
1029,1,1,0.6703158020973206,probability_native,0.6703158020973206,u_ca6aceca8bfe61ac,3,2,official,principal
2685,0,0,0.059797242283821106,probability_native,0.059797242283821106,u_ca6aceca8bfe61ac,3,2,official,principal
4375,0,0,0.48604366183280945,probability_native,0.48604366183280945,u_ca6aceca8bfe61ac,3,2,official,principal
2615,0,0,0.03221624717116356,probability_native,0.03221624717116356,u_ca6aceca8bfe61ac,3,2,official,principal
283,0,0,0.1488114446401596,probability_native,0.1488114446401596,u_ca6aceca8bfe61ac,3,2,official,principal
6683,0,0,0.20793168246746063,probability_native,0.20793168246746063,u_ca6aceca8bfe61ac,3,2,official,principal
794,0,1,0.6112203598022461,probability_native,0.6112203598022461,u_ca6aceca8bfe61ac,3,2,official,principal
3288,0,0,0.043951548635959625,probability_native,0.043951548635959625,u_ca6aceca8bfe61ac,3,2,official,principal
1436,1,1,0.9110540151596069,probability_native,0.9110540151596069,u_ca6aceca8bfe61ac,3,2,official,principal
5065,0,0,0.07195951044559479,probability_native,0.07195951044559479,u_ca6aceca8bfe61ac,3,2,official,principal
1674,0,0,0.0734647586941719,probability_native,0.0734647586941719,u_ca6aceca8bfe61ac,3,2,official,principal
5050,1,0,0.13374799489974976,probability_native,0.13374799489974976,u_ca6aceca8bfe61ac,3,2,official,principal
7020,0,0,0.39414578676223755,probability_native,0.39414578676223755,u_ca6aceca8bfe61ac,3,2,official,principal
2596,0,0,0.31186729669570923,probability_native,0.31186729669570923,u_ca6aceca8bfe61ac,3,2,official,principal
1244,1,0,0.22498613595962524,probability_native,0.22498613595962524,u_ca6aceca8bfe61ac,3,2,official,principal
772,1,1,0.6081172823905945,probability_native,0.6081172823905945,u_ca6aceca8bfe61ac,3,2,official,principal
2340,0,0,0.19490131735801697,probability_native,0.19490131735801697,u_ca6aceca8bfe61ac,3,2,official,principal
1626,0,0,0.3693119287490845,probability_native,0.3693119287490845,u_ca6aceca8bfe61ac,3,2,official,principal
3629,0,0,0.0630207508802414,probability_native,0.0630207508802414,u_ca6aceca8bfe61ac,3,2,official,principal
6824,1,0,0.2576861083507538,probability_native,0.2576861083507538,u_ca6aceca8bfe61ac,3,2,official,principal
7007,0,0,0.04013470932841301,probability_native,0.04013470932841301,u_ca6aceca8bfe61ac,3,2,official,principal
6479,1,1,0.7138769626617432,probability_native,0.7138769626617432,u_ca6aceca8bfe61ac,3,2,official,principal
1740,0,0,0.12129402160644531,probability_native,0.12129402160644531,u_ca6aceca8bfe61ac,3,2,official,principal
3363,0,0,0.04475900158286095,probability_native,0.04475900158286095,u_ca6aceca8bfe61ac,3,2,official,principal
6994,0,0,0.08458752185106277,probability_native,0.08458752185106277,u_ca6aceca8bfe61ac,3,2,official,principal
770,0,0,0.21796509623527527,probability_native,0.21796509623527527,u_ca6aceca8bfe61ac,3,2,official,principal
1991,0,0,0.29651930928230286,probability_native,0.29651930928230286,u_ca6aceca8bfe61ac,3,2,official,principal
4598,0,0,0.35225608944892883,probability_native,0.35225608944892883,u_ca6aceca8bfe61ac,3,2,official,principal
6999,1,1,0.6100583076477051,probability_native,0.6100583076477051,u_ca6aceca8bfe61ac,3,2,official,principal
4864,0,0,0.4909268319606781,probability_native,0.4909268319606781,u_ca6aceca8bfe61ac,3,2,official,principal
3127,1,0,0.47994107007980347,probability_native,0.47994107007980347,u_ca6aceca8bfe61ac,3,2,official,principal
6468,0,0,0.2296551913022995,probability_native,0.2296551913022995,u_ca6aceca8bfe61ac,3,2,official,principal
3559,0,0,0.05220077186822891,probability_native,0.05220077186822891,u_ca6aceca8bfe61ac,3,2,official,principal
6063,0,0,0.03392115980386734,probability_native,0.03392115980386734,u_ca6aceca8bfe61ac,3,2,official,principal
5791,0,1,0.7244783639907837,probability_native,0.7244783639907837,u_ca6aceca8bfe61ac,3,2,official,principal
6752,0,0,0.06623813509941101,probability_native,0.06623813509941101,u_ca6aceca8bfe61ac,3,2,official,principal
4103,0,0,0.05082501098513603,probability_native,0.05082501098513603,u_ca6aceca8bfe61ac,3,2,official,principal
6639,0,1,0.5937942862510681,probability_native,0.5937942862510681,u_ca6aceca8bfe61ac,3,2,official,principal
3650,0,0,0.03980003297328949,probability_native,0.03980003297328949,u_ca6aceca8bfe61ac,3,2,official,principal
955,1,1,0.6157780885696411,probability_native,0.6157780885696411,u_ca6aceca8bfe61ac,3,2,official,principal
4088,1,1,0.7545025944709778,probability_native,0.7545025944709778,u_ca6aceca8bfe61ac,3,2,official,principal
1133,0,0,0.29119905829429626,probability_native,0.29119905829429626,u_ca6aceca8bfe61ac,3,2,official,principal
3084,0,0,0.10754763334989548,probability_native,0.10754763334989548,u_ca6aceca8bfe61ac,3,2,official,principal
1310,1,1,0.7514345049858093,probability_native,0.7514345049858093,u_ca6aceca8bfe61ac,3,2,official,principal
2908,1,1,0.8245179653167725,probability_native,0.8245179653167725,u_ca6aceca8bfe61ac,3,2,official,principal
5593,0,0,0.2863071858882904,probability_native,0.2863071858882904,u_ca6aceca8bfe61ac,3,2,official,principal
4622,0,1,0.5313940644264221,probability_native,0.5313940644264221,u_ca6aceca8bfe61ac,3,2,official,principal
653,0,0,0.2802160978317261,probability_native,0.2802160978317261,u_ca6aceca8bfe61ac,3,2,official,principal
2077,1,1,0.840549647808075,probability_native,0.840549647808075,u_ca6aceca8bfe61ac,3,2,official,principal
4560,0,1,0.7779669165611267,probability_native,0.7779669165611267,u_ca6aceca8bfe61ac,3,2,official,principal
3895,0,0,0.03722340241074562,probability_native,0.03722340241074562,u_ca6aceca8bfe61ac,3,2,official,principal
6776,0,0,0.19612039625644684,probability_native,0.19612039625644684,u_ca6aceca8bfe61ac,3,2,official,principal
5458,1,0,0.3858077824115753,probability_native,0.3858077824115753,u_ca6aceca8bfe61ac,3,2,official,principal
5337,0,0,0.35524362325668335,probability_native,0.35524362325668335,u_ca6aceca8bfe61ac,3,2,official,principal
6199,1,1,0.5357653498649597,probability_native,0.5357653498649597,u_ca6aceca8bfe61ac,3,2,official,principal
601,0,0,0.12251047790050507,probability_native,0.12251047790050507,u_ca6aceca8bfe61ac,3,2,official,principal
4265,1,1,0.5514412522315979,probability_native,0.5514412522315979,u_ca6aceca8bfe61ac,3,2,official,principal
5974,0,0,0.2266615480184555,probability_native,0.2266615480184555,u_ca6aceca8bfe61ac,3,2,official,principal
3523,0,0,0.0462307408452034,probability_native,0.0462307408452034,u_ca6aceca8bfe61ac,3,2,official,principal
1525,0,0,0.2618541419506073,probability_native,0.2618541419506073,u_ca6aceca8bfe61ac,3,2,official,principal
5672,0,0,0.19930581748485565,probability_native,0.19930581748485565,u_ca6aceca8bfe61ac,3,2,official,principal
52,0,0,0.23921991884708405,probability_native,0.23921991884708405,u_ca6aceca8bfe61ac,3,2,official,principal
4626,0,0,0.2671203315258026,probability_native,0.2671203315258026,u_ca6aceca8bfe61ac,3,2,official,principal
5217,0,0,0.31283602118492126,probability_native,0.31283602118492126,u_ca6aceca8bfe61ac,3,2,official,principal
5888,1,1,0.6716738939285278,probability_native,0.6716738939285278,u_ca6aceca8bfe61ac,3,2,official,principal
786,0,0,0.03763790801167488,probability_native,0.03763790801167488,u_ca6aceca8bfe61ac,3,2,official,principal
3059,0,0,0.03393648564815521,probability_native,0.03393648564815521,u_ca6aceca8bfe61ac,3,2,official,principal
4456,0,0,0.032880235463380814,probability_native,0.032880235463380814,u_ca6aceca8bfe61ac,3,2,official,principal
3486,0,0,0.15839947760105133,probability_native,0.15839947760105133,u_ca6aceca8bfe61ac,3,2,official,principal
2310,0,0,0.038176603615283966,probability_native,0.038176603615283966,u_ca6aceca8bfe61ac,3,2,official,principal
3335,0,0,0.2904461622238159,probability_native,0.2904461622238159,u_ca6aceca8bfe61ac,3,2,official,principal
333,1,1,0.8313185572624207,probability_native,0.8313185572624207,u_ca6aceca8bfe61ac,3,2,official,principal
5301,1,1,0.7289764881134033,probability_native,0.7289764881134033,u_ca6aceca8bfe61ac,3,2,official,principal
3489,0,0,0.30626919865608215,probability_native,0.30626919865608215,u_ca6aceca8bfe61ac,3,2,official,principal
3640,1,1,0.7826944589614868,probability_native,0.7826944589614868,u_ca6aceca8bfe61ac,3,2,official,principal
2659,0,0,0.0772579237818718,probability_native,0.0772579237818718,u_ca6aceca8bfe61ac,3,2,official,principal
3543,0,0,0.06956443935632706,probability_native,0.06956443935632706,u_ca6aceca8bfe61ac,3,2,official,principal
6289,1,0,0.15315905213356018,probability_native,0.15315905213356018,u_ca6aceca8bfe61ac,3,2,official,principal
989,0,0,0.05623128265142441,probability_native,0.05623128265142441,u_ca6aceca8bfe61ac,3,2,official,principal
2202,1,1,0.7454773783683777,probability_native,0.7454773783683777,u_ca6aceca8bfe61ac,3,2,official,principal
2829,1,1,0.7498894333839417,probability_native,0.7498894333839417,u_ca6aceca8bfe61ac,3,2,official,principal
5621,1,1,0.8111059069633484,probability_native,0.8111059069633484,u_ca6aceca8bfe61ac,3,2,official,principal
20,1,1,0.8792573809623718,probability_native,0.8792573809623718,u_ca6aceca8bfe61ac,3,2,official,principal
2932,0,0,0.38464489579200745,probability_native,0.38464489579200745,u_ca6aceca8bfe61ac,3,2,official,principal
70,0,1,0.658393144607544,probability_native,0.658393144607544,u_ca6aceca8bfe61ac,3,2,official,principal
1304,1,1,0.7390599250793457,probability_native,0.7390599250793457,u_ca6aceca8bfe61ac,3,2,official,principal
4881,0,0,0.45969146490097046,probability_native,0.45969146490097046,u_ca6aceca8bfe61ac,3,2,official,principal
371,1,1,0.9000476598739624,probability_native,0.9000476598739624,u_ca6aceca8bfe61ac,3,2,official,principal
5328,0,0,0.11551952362060547,probability_native,0.11551952362060547,u_ca6aceca8bfe61ac,3,2,official,principal
1805,0,0,0.03767307102680206,probability_native,0.03767307102680206,u_ca6aceca8bfe61ac,3,2,official,principal
1099,0,1,0.5777585506439209,probability_native,0.5777585506439209,u_ca6aceca8bfe61ac,3,2,official,principal
268,1,0,0.03673644736409187,probability_native,0.03673644736409187,u_ca6aceca8bfe61ac,3,2,official,principal
2162,0,1,0.6081432700157166,probability_native,0.6081432700157166,u_ca6aceca8bfe61ac,3,2,official,principal
3453,0,0,0.2763877213001251,probability_native,0.2763877213001251,u_ca6aceca8bfe61ac,3,2,official,principal
3892,0,0,0.3058832585811615,probability_native,0.3058832585811615,u_ca6aceca8bfe61ac,3,2,official,principal
199,0,1,0.5990557074546814,probability_native,0.5990557074546814,u_ca6aceca8bfe61ac,3,2,official,principal
6232,1,1,0.9083371758460999,probability_native,0.9083371758460999,u_ca6aceca8bfe61ac,3,2,official,principal
1985,1,0,0.337523490190506,probability_native,0.337523490190506,u_ca6aceca8bfe61ac,3,2,official,principal
5535,0,0,0.045729607343673706,probability_native,0.045729607343673706,u_ca6aceca8bfe61ac,3,2,official,principal
2362,0,0,0.48159563541412354,probability_native,0.48159563541412354,u_ca6aceca8bfe61ac,3,2,official,principal
3200,1,1,0.7182477712631226,probability_native,0.7182477712631226,u_ca6aceca8bfe61ac,3,2,official,principal
3400,0,1,0.5294391512870789,probability_native,0.5294391512870789,u_ca6aceca8bfe61ac,3,2,official,principal
6153,0,0,0.03309381380677223,probability_native,0.03309381380677223,u_ca6aceca8bfe61ac,3,2,official,principal
2779,1,1,0.8575772643089294,probability_native,0.8575772643089294,u_ca6aceca8bfe61ac,3,2,official,principal
3513,0,0,0.2916133403778076,probability_native,0.2916133403778076,u_ca6aceca8bfe61ac,3,2,official,principal
489,1,1,0.9024022817611694,probability_native,0.9024022817611694,u_ca6aceca8bfe61ac,3,2,official,principal
255,0,0,0.16091415286064148,probability_native,0.16091415286064148,u_ca6aceca8bfe61ac,3,2,official,principal
3871,1,1,0.8915767073631287,probability_native,0.8915767073631287,u_ca6aceca8bfe61ac,3,2,official,principal
5803,1,1,0.8755735754966736,probability_native,0.8755735754966736,u_ca6aceca8bfe61ac,3,2,official,principal
2875,1,1,0.7568973898887634,probability_native,0.7568973898887634,u_ca6aceca8bfe61ac,3,2,official,principal
4563,1,1,0.8007782697677612,probability_native,0.8007782697677612,u_ca6aceca8bfe61ac,3,2,official,principal
3740,0,1,0.8285968899726868,probability_native,0.8285968899726868,u_ca6aceca8bfe61ac,3,2,official,principal
3103,1,1,0.7018291354179382,probability_native,0.7018291354179382,u_ca6aceca8bfe61ac,3,2,official,principal
1617,0,0,0.3140525817871094,probability_native,0.3140525817871094,u_ca6aceca8bfe61ac,3,2,official,principal
5008,0,0,0.05955694615840912,probability_native,0.05955694615840912,u_ca6aceca8bfe61ac,3,2,official,principal
5333,1,1,0.6751232147216797,probability_native,0.6751232147216797,u_ca6aceca8bfe61ac,3,2,official,principal
5689,0,1,0.7950402498245239,probability_native,0.7950402498245239,u_ca6aceca8bfe61ac,3,2,official,principal
3802,0,1,0.6063275337219238,probability_native,0.6063275337219238,u_ca6aceca8bfe61ac,3,2,official,principal
1209,0,0,0.43435361981391907,probability_native,0.43435361981391907,u_ca6aceca8bfe61ac,3,2,official,principal
2851,0,0,0.03857869282364845,probability_native,0.03857869282364845,u_ca6aceca8bfe61ac,3,2,official,principal
356,0,1,0.5961788892745972,probability_native,0.5961788892745972,u_ca6aceca8bfe61ac,3,2,official,principal
3881,0,0,0.03138146549463272,probability_native,0.03138146549463272,u_ca6aceca8bfe61ac,3,2,official,principal
676,0,0,0.0754312202334404,probability_native,0.0754312202334404,u_ca6aceca8bfe61ac,3,2,official,principal
2165,0,0,0.09642735868692398,probability_native,0.09642735868692398,u_ca6aceca8bfe61ac,3,2,official,principal
4270,0,0,0.04904191568493843,probability_native,0.04904191568493843,u_ca6aceca8bfe61ac,3,2,official,principal
2004,1,1,0.5813700556755066,probability_native,0.5813700556755066,u_ca6aceca8bfe61ac,3,2,official,principal
917,0,0,0.05138470232486725,probability_native,0.05138470232486725,u_ca6aceca8bfe61ac,3,2,official,principal
412,0,1,0.733542799949646,probability_native,0.733542799949646,u_ca6aceca8bfe61ac,3,2,official,principal
3282,0,1,0.507027804851532,probability_native,0.507027804851532,u_ca6aceca8bfe61ac,3,2,official,principal
5418,0,1,0.6012272834777832,probability_native,0.6012272834777832,u_ca6aceca8bfe61ac,3,2,official,principal
3496,0,0,0.47457948327064514,probability_native,0.47457948327064514,u_ca6aceca8bfe61ac,3,2,official,principal
1913,0,0,0.4544915556907654,probability_native,0.4544915556907654,u_ca6aceca8bfe61ac,3,2,official,principal
2827,0,1,0.7447893619537354,probability_native,0.7447893619537354,u_ca6aceca8bfe61ac,3,2,official,principal
6631,0,0,0.27559319138526917,probability_native,0.27559319138526917,u_ca6aceca8bfe61ac,3,2,official,principal
2845,0,1,0.8105436563491821,probability_native,0.8105436563491821,u_ca6aceca8bfe61ac,3,2,official,principal
5908,1,1,0.6063275337219238,probability_native,0.6063275337219238,u_ca6aceca8bfe61ac,3,2,official,principal
1592,1,0,0.4464181661605835,probability_native,0.4464181661605835,u_ca6aceca8bfe61ac,3,2,official,principal
4551,0,0,0.30580639839172363,probability_native,0.30580639839172363,u_ca6aceca8bfe61ac,3,2,official,principal
4501,0,0,0.051749784499406815,probability_native,0.051749784499406815,u_ca6aceca8bfe61ac,3,2,official,principal
363,0,0,0.04611456021666527,probability_native,0.04611456021666527,u_ca6aceca8bfe61ac,3,2,official,principal
4542,0,1,0.5521366000175476,probability_native,0.5521366000175476,u_ca6aceca8bfe61ac,3,2,official,principal
34,0,1,0.7560079097747803,probability_native,0.7560079097747803,u_ca6aceca8bfe61ac,3,2,official,principal
4372,0,1,0.6479597687721252,probability_native,0.6479597687721252,u_ca6aceca8bfe61ac,3,2,official,principal
423,0,0,0.06879846751689911,probability_native,0.06879846751689911,u_ca6aceca8bfe61ac,3,2,official,principal
1026,1,1,0.8989045023918152,probability_native,0.8989045023918152,u_ca6aceca8bfe61ac,3,2,official,principal
913,0,0,0.09636041522026062,probability_native,0.09636041522026062,u_ca6aceca8bfe61ac,3,2,official,principal
3332,1,1,0.6872420907020569,probability_native,0.6872420907020569,u_ca6aceca8bfe61ac,3,2,official,principal
627,0,0,0.2968010902404785,probability_native,0.2968010902404785,u_ca6aceca8bfe61ac,3,2,official,principal
1658,1,1,0.5232169032096863,probability_native,0.5232169032096863,u_ca6aceca8bfe61ac,3,2,official,principal
5793,0,1,0.522007405757904,probability_native,0.522007405757904,u_ca6aceca8bfe61ac,3,2,official,principal
4233,0,0,0.054261788725852966,probability_native,0.054261788725852966,u_ca6aceca8bfe61ac,3,2,official,principal
1806,0,0,0.06224612146615982,probability_native,0.06224612146615982,u_ca6aceca8bfe61ac,3,2,official,principal
3134,0,0,0.13407953083515167,probability_native,0.13407953083515167,u_ca6aceca8bfe61ac,3,2,official,principal
5770,0,0,0.12967059016227722,probability_native,0.12967059016227722,u_ca6aceca8bfe61ac,3,2,official,principal
4416,0,0,0.36701950430870056,probability_native,0.36701950430870056,u_ca6aceca8bfe61ac,3,2,official,principal
4894,0,0,0.13560685515403748,probability_native,0.13560685515403748,u_ca6aceca8bfe61ac,3,2,official,principal
4029,0,0,0.043554481118917465,probability_native,0.043554481118917465,u_ca6aceca8bfe61ac,3,2,official,principal
2239,0,0,0.047102730721235275,probability_native,0.047102730721235275,u_ca6aceca8bfe61ac,3,2,official,principal
3903,0,0,0.36570772528648376,probability_native,0.36570772528648376,u_ca6aceca8bfe61ac,3,2,official,principal
724,1,1,0.6787698864936829,probability_native,0.6787698864936829,u_ca6aceca8bfe61ac,3,2,official,principal
3231,0,0,0.32063326239585876,probability_native,0.32063326239585876,u_ca6aceca8bfe61ac,3,2,official,principal
2337,1,0,0.43061065673828125,probability_native,0.43061065673828125,u_ca6aceca8bfe61ac,3,2,official,principal
876,1,1,0.6601214408874512,probability_native,0.6601214408874512,u_ca6aceca8bfe61ac,3,2,official,principal
5755,0,1,0.8497316837310791,probability_native,0.8497316837310791,u_ca6aceca8bfe61ac,3,2,official,principal
6477,0,0,0.0694422721862793,probability_native,0.0694422721862793,u_ca6aceca8bfe61ac,3,2,official,principal
426,0,1,0.6233549118041992,probability_native,0.6233549118041992,u_ca6aceca8bfe61ac,3,2,official,principal
3237,0,0,0.033164024353027344,probability_native,0.033164024353027344,u_ca6aceca8bfe61ac,3,2,official,principal
4398,0,0,0.2451862096786499,probability_native,0.2451862096786499,u_ca6aceca8bfe61ac,3,2,official,principal
3473,1,1,0.7031517028808594,probability_native,0.7031517028808594,u_ca6aceca8bfe61ac,3,2,official,principal
6187,0,0,0.046633780002593994,probability_native,0.046633780002593994,u_ca6aceca8bfe61ac,3,2,official,principal
2950,0,0,0.34737104177474976,probability_native,0.34737104177474976,u_ca6aceca8bfe61ac,3,2,official,principal
5398,0,0,0.3891375958919525,probability_native,0.3891375958919525,u_ca6aceca8bfe61ac,3,2,official,principal
3546,0,0,0.08232937008142471,probability_native,0.08232937008142471,u_ca6aceca8bfe61ac,3,2,official,principal
237,0,1,0.6876130104064941,probability_native,0.6876130104064941,u_ca6aceca8bfe61ac,3,2,official,principal
3979,0,0,0.032280776649713516,probability_native,0.032280776649713516,u_ca6aceca8bfe61ac,3,2,official,principal
4084,1,1,0.8874097466468811,probability_native,0.8874097466468811,u_ca6aceca8bfe61ac,3,2,official,principal
4868,1,1,0.7843042612075806,probability_native,0.7843042612075806,u_ca6aceca8bfe61ac,3,2,official,principal
3076,1,0,0.3743833899497986,probability_native,0.3743833899497986,u_ca6aceca8bfe61ac,3,2,official,principal
5540,1,1,0.6008567810058594,probability_native,0.6008567810058594,u_ca6aceca8bfe61ac,3,2,official,principal
6881,0,1,0.5335680842399597,probability_native,0.5335680842399597,u_ca6aceca8bfe61ac,3,2,official,principal
2164,0,0,0.04007697105407715,probability_native,0.04007697105407715,u_ca6aceca8bfe61ac,3,2,official,principal
3107,0,0,0.04132138565182686,probability_native,0.04132138565182686,u_ca6aceca8bfe61ac,3,2,official,principal
6765,0,0,0.03399069234728813,probability_native,0.03399069234728813,u_ca6aceca8bfe61ac,3,2,official,principal
1558,1,1,0.6478865146636963,probability_native,0.6478865146636963,u_ca6aceca8bfe61ac,3,2,official,principal
3519,0,1,0.675382137298584,probability_native,0.675382137298584,u_ca6aceca8bfe61ac,3,2,official,principal
2359,0,0,0.24536220729351044,probability_native,0.24536220729351044,u_ca6aceca8bfe61ac,3,2,official,principal
1379,0,0,0.035684604197740555,probability_native,0.035684604197740555,u_ca6aceca8bfe61ac,3,2,official,principal
1030,0,0,0.4327643811702728,probability_native,0.4327643811702728,u_ca6aceca8bfe61ac,3,2,official,principal
388,0,1,0.5381346940994263,probability_native,0.5381346940994263,u_ca6aceca8bfe61ac,3,2,official,principal
1480,0,0,0.10406631976366043,probability_native,0.10406631976366043,u_ca6aceca8bfe61ac,3,2,official,principal
2554,0,0,0.44323110580444336,probability_native,0.44323110580444336,u_ca6aceca8bfe61ac,3,2,official,principal
4440,0,0,0.11900603771209717,probability_native,0.11900603771209717,u_ca6aceca8bfe61ac,3,2,official,principal
496,0,0,0.23497295379638672,probability_native,0.23497295379638672,u_ca6aceca8bfe61ac,3,2,official,principal
4704,0,1,0.5898159742355347,probability_native,0.5898159742355347,u_ca6aceca8bfe61ac,3,2,official,principal
4483,0,0,0.03316551074385643,probability_native,0.03316551074385643,u_ca6aceca8bfe61ac,3,2,official,principal
5377,0,1,0.6726806163787842,probability_native,0.6726806163787842,u_ca6aceca8bfe61ac,3,2,official,principal
5175,0,0,0.08097454905509949,probability_native,0.08097454905509949,u_ca6aceca8bfe61ac,3,2,official,principal
6820,0,0,0.42731034755706787,probability_native,0.42731034755706787,u_ca6aceca8bfe61ac,3,2,official,principal
3442,0,1,0.6296627521514893,probability_native,0.6296627521514893,u_ca6aceca8bfe61ac,3,2,official,principal
3119,1,1,0.5986313819885254,probability_native,0.5986313819885254,u_ca6aceca8bfe61ac,3,2,official,principal
4442,1,1,0.82901531457901,probability_native,0.82901531457901,u_ca6aceca8bfe61ac,3,2,official,principal
3805,1,1,0.8885717988014221,probability_native,0.8885717988014221,u_ca6aceca8bfe61ac,3,2,official,principal
2318,0,0,0.04223017767071724,probability_native,0.04223017767071724,u_ca6aceca8bfe61ac,3,2,official,principal
1453,0,1,0.6766601800918579,probability_native,0.6766601800918579,u_ca6aceca8bfe61ac,3,2,official,principal
3875,1,0,0.40516674518585205,probability_native,0.40516674518585205,u_ca6aceca8bfe61ac,3,2,official,principal
831,0,0,0.06224612146615982,probability_native,0.06224612146615982,u_ca6aceca8bfe61ac,3,2,official,principal
100,0,1,0.6063275337219238,probability_native,0.6063275337219238,u_ca6aceca8bfe61ac,3,2,official,principal
3863,0,1,0.8292009234428406,probability_native,0.8292009234428406,u_ca6aceca8bfe61ac,3,2,official,principal
3342,0,0,0.3501013517379761,probability_native,0.3501013517379761,u_ca6aceca8bfe61ac,3,2,official,principal
312,0,0,0.31423118710517883,probability_native,0.31423118710517883,u_ca6aceca8bfe61ac,3,2,official,principal
1852,1,1,0.6296415328979492,probability_native,0.6296415328979492,u_ca6aceca8bfe61ac,3,2,official,principal
6209,0,0,0.09593092650175095,probability_native,0.09593092650175095,u_ca6aceca8bfe61ac,3,2,official,principal
4202,0,0,0.11827559769153595,probability_native,0.11827559769153595,u_ca6aceca8bfe61ac,3,2,official,principal
981,0,0,0.041760846972465515,probability_native,0.041760846972465515,u_ca6aceca8bfe61ac,3,2,official,principal
5215,1,0,0.3007819354534149,probability_native,0.3007819354534149,u_ca6aceca8bfe61ac,3,2,official,principal
6955,0,1,0.6107192039489746,probability_native,0.6107192039489746,u_ca6aceca8bfe61ac,3,2,official,principal
4215,0,0,0.26226571202278137,probability_native,0.26226571202278137,u_ca6aceca8bfe61ac,3,2,official,principal
4573,0,0,0.08039581775665283,probability_native,0.08039581775665283,u_ca6aceca8bfe61ac,3,2,official,principal
1259,1,0,0.2834053933620453,probability_native,0.2834053933620453,u_ca6aceca8bfe61ac,3,2,official,principal
4458,1,1,0.6455913186073303,probability_native,0.6455913186073303,u_ca6aceca8bfe61ac,3,2,official,principal
4419,0,0,0.23545166850090027,probability_native,0.23545166850090027,u_ca6aceca8bfe61ac,3,2,official,principal
6588,0,0,0.07627967745065689,probability_native,0.07627967745065689,u_ca6aceca8bfe61ac,3,2,official,principal
2125,0,0,0.49410682916641235,probability_native,0.49410682916641235,u_ca6aceca8bfe61ac,3,2,official,principal
1781,0,1,0.6343991160392761,probability_native,0.6343991160392761,u_ca6aceca8bfe61ac,3,2,official,principal
1279,0,0,0.07007968425750732,probability_native,0.07007968425750732,u_ca6aceca8bfe61ac,3,2,official,principal
497,0,0,0.03333941102027893,probability_native,0.03333941102027893,u_ca6aceca8bfe61ac,3,2,official,principal
5020,0,0,0.04978227987885475,probability_native,0.04978227987885475,u_ca6aceca8bfe61ac,3,2,official,principal
834,1,1,0.8084625005722046,probability_native,0.8084625005722046,u_ca6aceca8bfe61ac,3,2,official,principal
2670,0,0,0.1392006278038025,probability_native,0.1392006278038025,u_ca6aceca8bfe61ac,3,2,official,principal
995,1,0,0.4763750433921814,probability_native,0.4763750433921814,u_ca6aceca8bfe61ac,3,2,official,principal
4329,1,1,0.6692380905151367,probability_native,0.6692380905151367,u_ca6aceca8bfe61ac,3,2,official,principal
1232,1,1,0.6399087905883789,probability_native,0.6399087905883789,u_ca6aceca8bfe61ac,3,2,official,principal
864,1,1,0.6697355508804321,probability_native,0.6697355508804321,u_ca6aceca8bfe61ac,3,2,official,principal
3841,1,1,0.7344545125961304,probability_native,0.7344545125961304,u_ca6aceca8bfe61ac,3,2,official,principal
2409,0,0,0.3022564649581909,probability_native,0.3022564649581909,u_ca6aceca8bfe61ac,3,2,official,principal
4930,0,1,0.7069640755653381,probability_native,0.7069640755653381,u_ca6aceca8bfe61ac,3,2,official,principal
6301,0,0,0.29048922657966614,probability_native,0.29048922657966614,u_ca6aceca8bfe61ac,3,2,official,principal
3160,0,0,0.03445547819137573,probability_native,0.03445547819137573,u_ca6aceca8bfe61ac,3,2,official,principal
5232,0,0,0.37568631768226624,probability_native,0.37568631768226624,u_ca6aceca8bfe61ac,3,2,official,principal
3964,0,0,0.13862644135951996,probability_native,0.13862644135951996,u_ca6aceca8bfe61ac,3,2,official,principal
704,0,1,0.5137434005737305,probability_native,0.5137434005737305,u_ca6aceca8bfe61ac,3,2,official,principal
1018,0,1,0.808768093585968,probability_native,0.808768093585968,u_ca6aceca8bfe61ac,3,2,official,principal
1840,1,0,0.1325470507144928,probability_native,0.1325470507144928,u_ca6aceca8bfe61ac,3,2,official,principal
5852,1,1,0.6995609998703003,probability_native,0.6995609998703003,u_ca6aceca8bfe61ac,3,2,official,principal
816,1,1,0.870158851146698,probability_native,0.870158851146698,u_ca6aceca8bfe61ac,3,2,official,principal
1747,1,1,0.865764856338501,probability_native,0.865764856338501,u_ca6aceca8bfe61ac,3,2,official,principal
6753,0,0,0.12312570959329605,probability_native,0.12312570959329605,u_ca6aceca8bfe61ac,3,2,official,principal
6386,0,0,0.037939704954624176,probability_native,0.037939704954624176,u_ca6aceca8bfe61ac,3,2,official,principal
587,0,0,0.1554126888513565,probability_native,0.1554126888513565,u_ca6aceca8bfe61ac,3,2,official,principal
6976,0,0,0.034903839230537415,probability_native,0.034903839230537415,u_ca6aceca8bfe61ac,3,2,official,principal
6404,0,1,0.8066563606262207,probability_native,0.8066563606262207,u_ca6aceca8bfe61ac,3,2,official,principal
3244,0,0,0.4450713098049164,probability_native,0.4450713098049164,u_ca6aceca8bfe61ac,3,2,official,principal
2233,0,0,0.14543147385120392,probability_native,0.14543147385120392,u_ca6aceca8bfe61ac,3,2,official,principal
5624,0,0,0.2794598937034607,probability_native,0.2794598937034607,u_ca6aceca8bfe61ac,3,2,official,principal
3783,0,1,0.698013424873352,probability_native,0.698013424873352,u_ca6aceca8bfe61ac,3,2,official,principal
5544,1,0,0.4073183834552765,probability_native,0.4073183834552765,u_ca6aceca8bfe61ac,3,2,official,principal
2675,0,0,0.04130177199840546,probability_native,0.04130177199840546,u_ca6aceca8bfe61ac,3,2,official,principal
471,1,1,0.8093016147613525,probability_native,0.8093016147613525,u_ca6aceca8bfe61ac,3,2,official,principal
5172,0,0,0.04214536026120186,probability_native,0.04214536026120186,u_ca6aceca8bfe61ac,3,2,official,principal
5594,0,1,0.7327562570571899,probability_native,0.7327562570571899,u_ca6aceca8bfe61ac,3,2,official,principal
1624,1,0,0.3685823976993561,probability_native,0.3685823976993561,u_ca6aceca8bfe61ac,3,2,official,principal
2137,0,0,0.059017766267061234,probability_native,0.059017766267061234,u_ca6aceca8bfe61ac,3,2,official,principal
102,0,0,0.1582924723625183,probability_native,0.1582924723625183,u_ca6aceca8bfe61ac,3,2,official,principal
741,0,1,0.6891710758209229,probability_native,0.6891710758209229,u_ca6aceca8bfe61ac,3,2,official,principal
4001,0,1,0.7293869853019714,probability_native,0.7293869853019714,u_ca6aceca8bfe61ac,3,2,official,principal
6634,1,1,0.8463623523712158,probability_native,0.8463623523712158,u_ca6aceca8bfe61ac,3,2,official,principal
1120,0,1,0.530134379863739,probability_native,0.530134379863739,u_ca6aceca8bfe61ac,3,2,official,principal
473,0,0,0.2062062919139862,probability_native,0.2062062919139862,u_ca6aceca8bfe61ac,3,2,official,principal
254,0,0,0.22298714518547058,probability_native,0.22298714518547058,u_ca6aceca8bfe61ac,3,2,official,principal
752,0,0,0.333904504776001,probability_native,0.333904504776001,u_ca6aceca8bfe61ac,3,2,official,principal
6396,0,1,0.5454363226890564,probability_native,0.5454363226890564,u_ca6aceca8bfe61ac,3,2,official,principal
1098,0,0,0.3053766191005707,probability_native,0.3053766191005707,u_ca6aceca8bfe61ac,3,2,official,principal
5629,1,1,0.6950375437736511,probability_native,0.6950375437736511,u_ca6aceca8bfe61ac,3,2,official,principal
5274,0,0,0.30943402647972107,probability_native,0.30943402647972107,u_ca6aceca8bfe61ac,3,2,official,principal
3311,0,1,0.5223773717880249,probability_native,0.5223773717880249,u_ca6aceca8bfe61ac,3,2,official,principal
2569,0,0,0.03249792382121086,probability_native,0.03249792382121086,u_ca6aceca8bfe61ac,3,2,official,principal
1302,0,0,0.04845409095287323,probability_native,0.04845409095287323,u_ca6aceca8bfe61ac,3,2,official,principal
5255,0,1,0.7269601821899414,probability_native,0.7269601821899414,u_ca6aceca8bfe61ac,3,2,official,principal
1007,1,1,0.78212571144104,probability_native,0.78212571144104,u_ca6aceca8bfe61ac,3,2,official,principal
5940,0,0,0.14080645143985748,probability_native,0.14080645143985748,u_ca6aceca8bfe61ac,3,2,official,principal
6992,0,0,0.21188229322433472,probability_native,0.21188229322433472,u_ca6aceca8bfe61ac,3,2,official,principal
3057,0,0,0.07712071388959885,probability_native,0.07712071388959885,u_ca6aceca8bfe61ac,3,2,official,principal
535,0,1,0.857116162776947,probability_native,0.857116162776947,u_ca6aceca8bfe61ac,3,2,official,principal
4766,0,0,0.04834308102726936,probability_native,0.04834308102726936,u_ca6aceca8bfe61ac,3,2,official,principal
5480,0,1,0.7585131525993347,probability_native,0.7585131525993347,u_ca6aceca8bfe61ac,3,2,official,principal
5845,1,1,0.866945207118988,probability_native,0.866945207118988,u_ca6aceca8bfe61ac,3,2,official,principal
1466,0,1,0.5629321932792664,probability_native,0.5629321932792664,u_ca6aceca8bfe61ac,3,2,official,principal
5459,0,1,0.8288542628288269,probability_native,0.8288542628288269,u_ca6aceca8bfe61ac,3,2,official,principal
1126,1,1,0.6979208588600159,probability_native,0.6979208588600159,u_ca6aceca8bfe61ac,3,2,official,principal
1496,0,0,0.3781518042087555,probability_native,0.3781518042087555,u_ca6aceca8bfe61ac,3,2,official,principal
6922,0,1,0.6861857175827026,probability_native,0.6861857175827026,u_ca6aceca8bfe61ac,3,2,official,principal
10,0,0,0.38050469756126404,probability_native,0.38050469756126404,u_ca6aceca8bfe61ac,3,2,official,principal
3374,1,1,0.607327401638031,probability_native,0.607327401638031,u_ca6aceca8bfe61ac,3,2,official,principal
1845,0,0,0.22006291151046753,probability_native,0.22006291151046753,u_ca6aceca8bfe61ac,3,2,official,principal
2349,0,0,0.035299718379974365,probability_native,0.035299718379974365,u_ca6aceca8bfe61ac,3,2,official,principal
1338,1,1,0.6063275337219238,probability_native,0.6063275337219238,u_ca6aceca8bfe61ac,3,2,official,principal
1978,0,0,0.04050586745142937,probability_native,0.04050586745142937,u_ca6aceca8bfe61ac,3,2,official,principal
3360,1,1,0.7803475856781006,probability_native,0.7803475856781006,u_ca6aceca8bfe61ac,3,2,official,principal
1604,0,0,0.13113945722579956,probability_native,0.13113945722579956,u_ca6aceca8bfe61ac,3,2,official,principal
1776,0,0,0.03318559005856514,probability_native,0.03318559005856514,u_ca6aceca8bfe61ac,3,2,official,principal
578,0,1,0.5512917637825012,probability_native,0.5512917637825012,u_ca6aceca8bfe61ac,3,2,official,principal
2601,0,0,0.035875894129276276,probability_native,0.035875894129276276,u_ca6aceca8bfe61ac,3,2,official,principal
2740,1,1,0.6702404022216797,probability_native,0.6702404022216797,u_ca6aceca8bfe61ac,3,2,official,principal
2943,0,0,0.08517643064260483,probability_native,0.08517643064260483,u_ca6aceca8bfe61ac,3,2,official,principal
1791,0,0,0.1574239432811737,probability_native,0.1574239432811737,u_ca6aceca8bfe61ac,3,2,official,principal
4531,1,1,0.761437714099884,probability_native,0.761437714099884,u_ca6aceca8bfe61ac,3,2,official,principal
6592,0,0,0.12497658282518387,probability_native,0.12497658282518387,u_ca6aceca8bfe61ac,3,2,official,principal
6995,0,0,0.053634267300367355,probability_native,0.053634267300367355,u_ca6aceca8bfe61ac,3,2,official,principal
4500,0,0,0.3855859041213989,probability_native,0.3855859041213989,u_ca6aceca8bfe61ac,3,2,official,principal
338,0,1,0.5270580053329468,probability_native,0.5270580053329468,u_ca6aceca8bfe61ac,3,2,official,principal
2758,0,0,0.312796950340271,probability_native,0.312796950340271,u_ca6aceca8bfe61ac,3,2,official,principal
2856,0,1,0.8035651445388794,probability_native,0.8035651445388794,u_ca6aceca8bfe61ac,3,2,official,principal
4179,0,1,0.7478442192077637,probability_native,0.7478442192077637,u_ca6aceca8bfe61ac,3,2,official,principal
2832,0,0,0.2030545175075531,probability_native,0.2030545175075531,u_ca6aceca8bfe61ac,3,2,official,principal
5075,0,1,0.5503126382827759,probability_native,0.5503126382827759,u_ca6aceca8bfe61ac,3,2,official,principal
750,0,0,0.2585331201553345,probability_native,0.2585331201553345,u_ca6aceca8bfe61ac,3,2,official,principal
106,0,0,0.1967030018568039,probability_native,0.1967030018568039,u_ca6aceca8bfe61ac,3,2,official,principal
3876,0,1,0.8324040174484253,probability_native,0.8324040174484253,u_ca6aceca8bfe61ac,3,2,official,principal
2372,0,0,0.03532925248146057,probability_native,0.03532925248146057,u_ca6aceca8bfe61ac,3,2,official,principal
5514,0,1,0.6837418675422668,probability_native,0.6837418675422668,u_ca6aceca8bfe61ac,3,2,official,principal
4248,0,0,0.4757942259311676,probability_native,0.4757942259311676,u_ca6aceca8bfe61ac,3,2,official,principal
2157,0,1,0.6719138622283936,probability_native,0.6719138622283936,u_ca6aceca8bfe61ac,3,2,official,principal
3122,0,0,0.04710293188691139,probability_native,0.04710293188691139,u_ca6aceca8bfe61ac,3,2,official,principal
4350,0,0,0.3045707046985626,probability_native,0.3045707046985626,u_ca6aceca8bfe61ac,3,2,official,principal
1318,0,0,0.4430168867111206,probability_native,0.4430168867111206,u_ca6aceca8bfe61ac,3,2,official,principal
3689,1,1,0.8866568207740784,probability_native,0.8866568207740784,u_ca6aceca8bfe61ac,3,2,official,principal
3083,0,0,0.04830187186598778,probability_native,0.04830187186598778,u_ca6aceca8bfe61ac,3,2,official,principal
6253,0,0,0.48625046014785767,probability_native,0.48625046014785767,u_ca6aceca8bfe61ac,3,2,official,principal
1247,0,0,0.29477575421333313,probability_native,0.29477575421333313,u_ca6aceca8bfe61ac,3,2,official,principal
3764,0,0,0.1936260163784027,probability_native,0.1936260163784027,u_ca6aceca8bfe61ac,3,2,official,principal
499,1,1,0.8413938879966736,probability_native,0.8413938879966736,u_ca6aceca8bfe61ac,3,2,official,principal
3713,1,1,0.5763706564903259,probability_native,0.5763706564903259,u_ca6aceca8bfe61ac,3,2,official,principal
69,0,1,0.6533547043800354,probability_native,0.6533547043800354,u_ca6aceca8bfe61ac,3,2,official,principal
996,1,1,0.5776035189628601,probability_native,0.5776035189628601,u_ca6aceca8bfe61ac,3,2,official,principal
6705,0,1,0.5161007046699524,probability_native,0.5161007046699524,u_ca6aceca8bfe61ac,3,2,official,principal
6156,0,1,0.5385270118713379,probability_native,0.5385270118713379,u_ca6aceca8bfe61ac,3,2,official,principal
3079,1,1,0.5710695385932922,probability_native,0.5710695385932922,u_ca6aceca8bfe61ac,3,2,official,principal
6867,0,0,0.0343146026134491,probability_native,0.0343146026134491,u_ca6aceca8bfe61ac,3,2,official,principal
2629,1,1,0.7594935894012451,probability_native,0.7594935894012451,u_ca6aceca8bfe61ac,3,2,official,principal
2042,0,0,0.2966148555278778,probability_native,0.2966148555278778,u_ca6aceca8bfe61ac,3,2,official,principal
708,0,1,0.5622191429138184,probability_native,0.5622191429138184,u_ca6aceca8bfe61ac,3,2,official,principal
3587,1,1,0.8833581805229187,probability_native,0.8833581805229187,u_ca6aceca8bfe61ac,3,2,official,principal
1395,1,0,0.4407058656215668,probability_native,0.4407058656215668,u_ca6aceca8bfe61ac,3,2,official,principal
6641,1,1,0.5404888391494751,probability_native,0.5404888391494751,u_ca6aceca8bfe61ac,3,2,official,principal
844,1,1,0.9226968288421631,probability_native,0.9226968288421631,u_ca6aceca8bfe61ac,3,2,official,principal
4992,0,0,0.4621835947036743,probability_native,0.4621835947036743,u_ca6aceca8bfe61ac,3,2,official,principal
4272,1,0,0.03592889383435249,probability_native,0.03592889383435249,u_ca6aceca8bfe61ac,3,2,official,principal
4773,1,0,0.46028774976730347,probability_native,0.46028774976730347,u_ca6aceca8bfe61ac,3,2,official,principal
2636,0,0,0.06443323194980621,probability_native,0.06443323194980621,u_ca6aceca8bfe61ac,3,2,official,principal
2806,0,0,0.12640753388404846,probability_native,0.12640753388404846,u_ca6aceca8bfe61ac,3,2,official,principal
709,0,0,0.259982168674469,probability_native,0.259982168674469,u_ca6aceca8bfe61ac,3,2,official,principal
348,0,1,0.6197463870048523,probability_native,0.6197463870048523,u_ca6aceca8bfe61ac,3,2,official,principal
444,0,1,0.6076208353042603,probability_native,0.6076208353042603,u_ca6aceca8bfe61ac,3,2,official,principal
825,1,1,0.6014256477355957,probability_native,0.6014256477355957,u_ca6aceca8bfe61ac,3,2,official,principal
5567,0,0,0.370878130197525,probability_native,0.370878130197525,u_ca6aceca8bfe61ac,3,2,official,principal
6231,1,1,0.8803902268409729,probability_native,0.8803902268409729,u_ca6aceca8bfe61ac,3,2,official,principal
5722,1,1,0.6765732765197754,probability_native,0.6765732765197754,u_ca6aceca8bfe61ac,3,2,official,principal
129,0,0,0.17700515687465668,probability_native,0.17700515687465668,u_ca6aceca8bfe61ac,3,2,official,principal
3616,0,0,0.2864609360694885,probability_native,0.2864609360694885,u_ca6aceca8bfe61ac,3,2,official,principal
4287,1,0,0.274445116519928,probability_native,0.274445116519928,u_ca6aceca8bfe61ac,3,2,official,principal
3297,0,0,0.052377767860889435,probability_native,0.052377767860889435,u_ca6aceca8bfe61ac,3,2,official,principal
201,0,1,0.6838682293891907,probability_native,0.6838682293891907,u_ca6aceca8bfe61ac,3,2,official,principal
4405,1,1,0.7829554080963135,probability_native,0.7829554080963135,u_ca6aceca8bfe61ac,3,2,official,principal
3212,0,1,0.6351364850997925,probability_native,0.6351364850997925,u_ca6aceca8bfe61ac,3,2,official,principal
2647,0,0,0.37676379084587097,probability_native,0.37676379084587097,u_ca6aceca8bfe61ac,3,2,official,principal
902,1,1,0.6374425292015076,probability_native,0.6374425292015076,u_ca6aceca8bfe61ac,3,2,official,principal
450,0,0,0.05311103165149689,probability_native,0.05311103165149689,u_ca6aceca8bfe61ac,3,2,official,principal
4349,1,1,0.8223471641540527,probability_native,0.8223471641540527,u_ca6aceca8bfe61ac,3,2,official,principal
1661,0,1,0.5233195424079895,probability_native,0.5233195424079895,u_ca6aceca8bfe61ac,3,2,official,principal
1506,0,0,0.05112196505069733,probability_native,0.05112196505069733,u_ca6aceca8bfe61ac,3,2,official,principal
2678,0,0,0.05251435562968254,probability_native,0.05251435562968254,u_ca6aceca8bfe61ac,3,2,official,principal
2480,1,0,0.352846622467041,probability_native,0.352846622467041,u_ca6aceca8bfe61ac,3,2,official,principal
4821,0,0,0.3538355827331543,probability_native,0.3538355827331543,u_ca6aceca8bfe61ac,3,2,official,principal
1155,0,0,0.08502456545829773,probability_native,0.08502456545829773,u_ca6aceca8bfe61ac,3,2,official,principal
6821,1,1,0.6299223303794861,probability_native,0.6299223303794861,u_ca6aceca8bfe61ac,3,2,official,principal
3951,0,0,0.04117332026362419,probability_native,0.04117332026362419,u_ca6aceca8bfe61ac,3,2,official,principal
4760,0,0,0.18823957443237305,probability_native,0.18823957443237305,u_ca6aceca8bfe61ac,3,2,official,principal
3749,1,1,0.9144641160964966,probability_native,0.9144641160964966,u_ca6aceca8bfe61ac,3,2,official,principal
132,0,0,0.04713589325547218,probability_native,0.04713589325547218,u_ca6aceca8bfe61ac,3,2,official,principal
3596,1,1,0.5003624558448792,probability_native,0.5003624558448792,u_ca6aceca8bfe61ac,3,2,official,principal
5156,0,0,0.20614396035671234,probability_native,0.20614396035671234,u_ca6aceca8bfe61ac,3,2,official,principal
6397,0,0,0.3220493793487549,probability_native,0.3220493793487549,u_ca6aceca8bfe61ac,3,2,official,principal
4488,1,1,0.5435600280761719,probability_native,0.5435600280761719,u_ca6aceca8bfe61ac,3,2,official,principal
3759,1,1,0.8376967906951904,probability_native,0.8376967906951904,u_ca6aceca8bfe61ac,3,2,official,principal
3540,0,0,0.1575285643339157,probability_native,0.1575285643339157,u_ca6aceca8bfe61ac,3,2,official,principal
1596,0,1,0.832656741142273,probability_native,0.832656741142273,u_ca6aceca8bfe61ac,3,2,official,principal
3329,0,0,0.40352559089660645,probability_native,0.40352559089660645,u_ca6aceca8bfe61ac,3,2,official,principal
961,0,0,0.09045390784740448,probability_native,0.09045390784740448,u_ca6aceca8bfe61ac,3,2,official,principal
6375,1,1,0.826696515083313,probability_native,0.826696515083313,u_ca6aceca8bfe61ac,3,2,official,principal
5987,0,0,0.04502961412072182,probability_native,0.04502961412072182,u_ca6aceca8bfe61ac,3,2,official,principal
483,0,0,0.2809458374977112,probability_native,0.2809458374977112,u_ca6aceca8bfe61ac,3,2,official,principal
5562,0,0,0.27700313925743103,probability_native,0.27700313925743103,u_ca6aceca8bfe61ac,3,2,official,principal
3327,0,0,0.387645959854126,probability_native,0.387645959854126,u_ca6aceca8bfe61ac,3,2,official,principal
3372,0,1,0.5927903056144714,probability_native,0.5927903056144714,u_ca6aceca8bfe61ac,3,2,official,principal
5960,0,0,0.1287304311990738,probability_native,0.1287304311990738,u_ca6aceca8bfe61ac,3,2,official,principal
2747,0,0,0.2683120369911194,probability_native,0.2683120369911194,u_ca6aceca8bfe61ac,3,2,official,principal
4744,0,0,0.035433329641819,probability_native,0.035433329641819,u_ca6aceca8bfe61ac,3,2,official,principal
1006,1,1,0.7075576186180115,probability_native,0.7075576186180115,u_ca6aceca8bfe61ac,3,2,official,principal
4098,1,1,0.674487829208374,probability_native,0.674487829208374,u_ca6aceca8bfe61ac,3,2,official,principal
5414,1,0,0.3616580665111542,probability_native,0.3616580665111542,u_ca6aceca8bfe61ac,3,2,official,principal
314,1,1,0.8459076285362244,probability_native,0.8459076285362244,u_ca6aceca8bfe61ac,3,2,official,principal
542,0,1,0.587623119354248,probability_native,0.587623119354248,u_ca6aceca8bfe61ac,3,2,official,principal
2262,1,1,0.8516071438789368,probability_native,0.8516071438789368,u_ca6aceca8bfe61ac,3,2,official,principal
90,0,1,0.5328020453453064,probability_native,0.5328020453453064,u_ca6aceca8bfe61ac,3,2,official,principal
3890,1,0,0.3485144078731537,probability_native,0.3485144078731537,u_ca6aceca8bfe61ac,3,2,official,principal
730,1,1,0.585172176361084,probability_native,0.585172176361084,u_ca6aceca8bfe61ac,3,2,official,principal
6899,1,1,0.7334224581718445,probability_native,0.7334224581718445,u_ca6aceca8bfe61ac,3,2,official,principal
2211,0,1,0.5732802748680115,probability_native,0.5732802748680115,u_ca6aceca8bfe61ac,3,2,official,principal
1308,1,1,0.7458935379981995,probability_native,0.7458935379981995,u_ca6aceca8bfe61ac,3,2,official,principal
1025,0,1,0.7009511590003967,probability_native,0.7009511590003967,u_ca6aceca8bfe61ac,3,2,official,principal
4840,0,1,0.5256868600845337,probability_native,0.5256868600845337,u_ca6aceca8bfe61ac,3,2,official,principal
1385,0,0,0.2030356079339981,probability_native,0.2030356079339981,u_ca6aceca8bfe61ac,3,2,official,principal
6541,0,0,0.051246944814920425,probability_native,0.051246944814920425,u_ca6aceca8bfe61ac,3,2,official,principal
3573,0,0,0.178534597158432,probability_native,0.178534597158432,u_ca6aceca8bfe61ac,3,2,official,principal
3239,0,0,0.4388149678707123,probability_native,0.4388149678707123,u_ca6aceca8bfe61ac,3,2,official,principal
898,1,1,0.8170945644378662,probability_native,0.8170945644378662,u_ca6aceca8bfe61ac,3,2,official,principal
5242,1,1,0.7589621543884277,probability_native,0.7589621543884277,u_ca6aceca8bfe61ac,3,2,official,principal
1424,0,0,0.07706153392791748,probability_native,0.07706153392791748,u_ca6aceca8bfe61ac,3,2,official,principal
