row_id,y_true,y_pred,score_positive,score_type,probability_native,unit_id,outer_fold,replicate,purpose,variant
2986,0,0,1.074392143266986e-07,probability_native,1.074392143266986e-07,u_b6e80f015e3fc441,1,1,official,principal
5427,0,1,0.7949717378453811,probability_native,0.7949717378453811,u_b6e80f015e3fc441,1,1,official,principal
6234,0,0,1.3338942873078266e-10,probability_native,1.3338942873078266e-10,u_b6e80f015e3fc441,1,1,official,principal
6937,0,0,0.092968998645626,probability_native,0.092968998645626,u_b6e80f015e3fc441,1,1,official,principal
6491,1,1,0.9998508502843517,probability_native,0.9998508502843517,u_b6e80f015e3fc441,1,1,official,principal
478,1,1,0.9995866201109751,probability_native,0.9995866201109751,u_b6e80f015e3fc441,1,1,official,principal
5704,0,1,0.9997904710702054,probability_native,0.9997904710702054,u_b6e80f015e3fc441,1,1,official,principal
4453,1,1,0.999840970728151,probability_native,0.999840970728151,u_b6e80f015e3fc441,1,1,official,principal
2320,0,0,7.394938196315317e-11,probability_native,7.394938196315317e-11,u_b6e80f015e3fc441,1,1,official,principal
4437,0,0,1.1165041100151061e-07,probability_native,1.1165041100151061e-07,u_b6e80f015e3fc441,1,1,official,principal
3511,0,0,1.0906147238258523e-10,probability_native,1.0906147238258523e-10,u_b6e80f015e3fc441,1,1,official,principal
3404,0,0,0.00016343165311629975,probability_native,0.00016343165311629975,u_b6e80f015e3fc441,1,1,official,principal
1565,0,1,0.9920472851099077,probability_native,0.9920472851099077,u_b6e80f015e3fc441,1,1,official,principal
1096,0,0,0.29445872252209393,probability_native,0.29445872252209393,u_b6e80f015e3fc441,1,1,official,principal
733,0,0,4.7706875153389625e-09,probability_native,4.7706875153389625e-09,u_b6e80f015e3fc441,1,1,official,principal
6846,1,1,0.9973767807199467,probability_native,0.9973767807199467,u_b6e80f015e3fc441,1,1,official,principal
6891,0,1,0.6230123492545498,probability_native,0.6230123492545498,u_b6e80f015e3fc441,1,1,official,principal
3011,0,0,3.8385299700077923e-11,probability_native,3.8385299700077923e-11,u_b6e80f015e3fc441,1,1,official,principal
6009,1,1,0.99866332206544,probability_native,0.99866332206544,u_b6e80f015e3fc441,1,1,official,principal
4163,0,0,5.050487733488206e-05,probability_native,5.050487733488206e-05,u_b6e80f015e3fc441,1,1,official,principal
5717,0,0,1.0512242055217674e-09,probability_native,1.0512242055217674e-09,u_b6e80f015e3fc441,1,1,official,principal
6803,0,0,0.00037380962614631786,probability_native,0.00037380962614631786,u_b6e80f015e3fc441,1,1,official,principal
1426,0,0,0.016770331877666824,probability_native,0.016770331877666824,u_b6e80f015e3fc441,1,1,official,principal
3860,0,0,0.05823508969192908,probability_native,0.05823508969192908,u_b6e80f015e3fc441,1,1,official,principal
810,1,0,0.4065143853122419,probability_native,0.4065143853122419,u_b6e80f015e3fc441,1,1,official,principal
2936,0,1,0.9811580993948025,probability_native,0.9811580993948025,u_b6e80f015e3fc441,1,1,official,principal
2205,0,1,0.9952127463107284,probability_native,0.9952127463107284,u_b6e80f015e3fc441,1,1,official,principal
6563,1,1,0.9892252720484115,probability_native,0.9892252720484115,u_b6e80f015e3fc441,1,1,official,principal
2997,1,1,0.9950282692420751,probability_native,0.9950282692420751,u_b6e80f015e3fc441,1,1,official,principal
1265,0,0,0.0058667509561250285,probability_native,0.0058667509561250285,u_b6e80f015e3fc441,1,1,official,principal
948,1,1,0.999946704725252,probability_native,0.999946704725252,u_b6e80f015e3fc441,1,1,official,principal
3521,0,0,0.0007407177999577621,probability_native,0.0007407177999577621,u_b6e80f015e3fc441,1,1,official,principal
6809,1,1,0.9998515324676834,probability_native,0.9998515324676834,u_b6e80f015e3fc441,1,1,official,principal
3563,0,1,0.9817450423530967,probability_native,0.9817450423530967,u_b6e80f015e3fc441,1,1,official,principal
393,0,0,0.0015462372829073091,probability_native,0.0015462372829073091,u_b6e80f015e3fc441,1,1,official,principal
2693,0,0,4.969392286678608e-11,probability_native,4.969392286678608e-11,u_b6e80f015e3fc441,1,1,official,principal
3187,0,1,0.9876567466109798,probability_native,0.9876567466109798,u_b6e80f015e3fc441,1,1,official,principal
6446,0,0,0.004228826764233636,probability_native,0.004228826764233636,u_b6e80f015e3fc441,1,1,official,principal
3633,0,1,0.9999766868228249,probability_native,0.9999766868228249,u_b6e80f015e3fc441,1,1,official,principal
5864,0,0,1.4305860162909152e-10,probability_native,1.4305860162909152e-10,u_b6e80f015e3fc441,1,1,official,principal
4069,0,0,2.0412556590990124e-08,probability_native,2.0412556590990124e-08,u_b6e80f015e3fc441,1,1,official,principal
3383,1,1,0.9997619389515137,probability_native,0.9997619389515137,u_b6e80f015e3fc441,1,1,official,principal
6456,0,0,8.585898321119767e-08,probability_native,8.585898321119767e-08,u_b6e80f015e3fc441,1,1,official,principal
1263,1,1,0.9746712815503775,probability_native,0.9746712815503775,u_b6e80f015e3fc441,1,1,official,principal
272,1,1,0.5286063305542512,probability_native,0.5286063305542512,u_b6e80f015e3fc441,1,1,official,principal
2070,1,0,0.08679446630962467,probability_native,0.08679446630962467,u_b6e80f015e3fc441,1,1,official,principal
4842,1,1,0.9879699476892857,probability_native,0.9879699476892857,u_b6e80f015e3fc441,1,1,official,principal
4872,0,0,3.119096660874873e-09,probability_native,3.119096660874873e-09,u_b6e80f015e3fc441,1,1,official,principal
5272,1,1,0.9998902072003231,probability_native,0.9998902072003231,u_b6e80f015e3fc441,1,1,official,principal
3646,0,0,0.4226517070071257,probability_native,0.4226517070071257,u_b6e80f015e3fc441,1,1,official,principal
3935,0,0,3.0944454086687407e-12,probability_native,3.0944454086687407e-12,u_b6e80f015e3fc441,1,1,official,principal
4788,0,0,2.2786695222216324e-08,probability_native,2.2786695222216324e-08,u_b6e80f015e3fc441,1,1,official,principal
6124,0,0,2.8872534074189398e-05,probability_native,2.8872534074189398e-05,u_b6e80f015e3fc441,1,1,official,principal
736,0,0,0.03072153079139996,probability_native,0.03072153079139996,u_b6e80f015e3fc441,1,1,official,principal
5876,1,1,0.9999768626534213,probability_native,0.9999768626534213,u_b6e80f015e3fc441,1,1,official,principal
2566,0,0,1.2463360344195428e-10,probability_native,1.2463360344195428e-10,u_b6e80f015e3fc441,1,1,official,principal
1400,0,0,0.00037733158169503183,probability_native,0.00037733158169503183,u_b6e80f015e3fc441,1,1,official,principal
1879,1,1,0.9998521142531522,probability_native,0.9998521142531522,u_b6e80f015e3fc441,1,1,official,principal
6613,0,0,0.002650878653938631,probability_native,0.002650878653938631,u_b6e80f015e3fc441,1,1,official,principal
2793,0,1,0.9989901536927591,probability_native,0.9989901536927591,u_b6e80f015e3fc441,1,1,official,principal
5185,0,0,7.968186807414335e-05,probability_native,7.968186807414335e-05,u_b6e80f015e3fc441,1,1,official,principal
1955,0,1,0.9561220553110348,probability_native,0.9561220553110348,u_b6e80f015e3fc441,1,1,official,principal
5161,0,0,0.4454968016206166,probability_native,0.4454968016206166,u_b6e80f015e3fc441,1,1,official,principal
4569,1,0,0.2870290731093974,probability_native,0.2870290731093974,u_b6e80f015e3fc441,1,1,official,principal
1722,0,0,0.006614404236674569,probability_native,0.006614404236674569,u_b6e80f015e3fc441,1,1,official,principal
2662,1,1,0.9936672357933276,probability_native,0.9936672357933276,u_b6e80f015e3fc441,1,1,official,principal
3768,0,1,0.7106395120851258,probability_native,0.7106395120851258,u_b6e80f015e3fc441,1,1,official,principal
4926,0,0,2.1638214019321745e-09,probability_native,2.1638214019321745e-09,u_b6e80f015e3fc441,1,1,official,principal
439,0,0,0.38392061738719074,probability_native,0.38392061738719074,u_b6e80f015e3fc441,1,1,official,principal
416,0,0,6.057173975637217e-08,probability_native,6.057173975637217e-08,u_b6e80f015e3fc441,1,1,official,principal
3341,0,1,0.7451549243780945,probability_native,0.7451549243780945,u_b6e80f015e3fc441,1,1,official,principal
6276,0,0,1.5507437682783272e-06,probability_native,1.5507437682783272e-06,u_b6e80f015e3fc441,1,1,official,principal
2502,0,0,1.7849925962604128e-06,probability_native,1.7849925962604128e-06,u_b6e80f015e3fc441,1,1,official,principal
5397,1,1,0.9998507346753577,probability_native,0.9998507346753577,u_b6e80f015e3fc441,1,1,official,principal
6734,1,1,0.6673766991199394,probability_native,0.6673766991199394,u_b6e80f015e3fc441,1,1,official,principal
5992,1,0,1.1318022564561751e-05,probability_native,1.1318022564561751e-05,u_b6e80f015e3fc441,1,1,official,principal
4985,0,0,4.953326462552532e-10,probability_native,4.953326462552532e-10,u_b6e80f015e3fc441,1,1,official,principal
5863,1,1,0.99992248499345,probability_native,0.99992248499345,u_b6e80f015e3fc441,1,1,official,principal
6801,0,0,0.30876548088877304,probability_native,0.30876548088877304,u_b6e80f015e3fc441,1,1,official,principal
3133,0,0,0.0004133595859559375,probability_native,0.0004133595859559375,u_b6e80f015e3fc441,1,1,official,principal
4709,0,1,0.9932075267295564,probability_native,0.9932075267295564,u_b6e80f015e3fc441,1,1,official,principal
5553,1,1,0.9781867122603786,probability_native,0.9781867122603786,u_b6e80f015e3fc441,1,1,official,principal
6871,0,1,0.8501564059726069,probability_native,0.8501564059726069,u_b6e80f015e3fc441,1,1,official,principal
1536,0,0,2.2273917512928318e-10,probability_native,2.2273917512928318e-10,u_b6e80f015e3fc441,1,1,official,principal
982,0,0,0.17515892581737028,probability_native,0.17515892581737028,u_b6e80f015e3fc441,1,1,official,principal
5325,0,0,8.919604393933834e-05,probability_native,8.919604393933834e-05,u_b6e80f015e3fc441,1,1,official,principal
1540,0,0,0.07949641387654825,probability_native,0.07949641387654825,u_b6e80f015e3fc441,1,1,official,principal
2432,0,0,0.0010284906605011047,probability_native,0.0010284906605011047,u_b6e80f015e3fc441,1,1,official,principal
4921,0,0,0.4201989899980414,probability_native,0.4201989899980414,u_b6e80f015e3fc441,1,1,official,principal
6109,0,1,0.8217481022607479,probability_native,0.8217481022607479,u_b6e80f015e3fc441,1,1,official,principal
874,0,0,1.7315759018827695e-06,probability_native,1.7315759018827695e-06,u_b6e80f015e3fc441,1,1,official,principal
5339,0,1,0.9899033547191485,probability_native,0.9899033547191485,u_b6e80f015e3fc441,1,1,official,principal
1923,0,0,3.901444736686968e-11,probability_native,3.901444736686968e-11,u_b6e80f015e3fc441,1,1,official,principal
1827,0,0,0.056820135095916526,probability_native,0.056820135095916526,u_b6e80f015e3fc441,1,1,official,principal
972,0,0,2.535154956092749e-08,probability_native,2.535154956092749e-08,u_b6e80f015e3fc441,1,1,official,principal
3673,1,1,0.9992674985837758,probability_native,0.9992674985837758,u_b6e80f015e3fc441,1,1,official,principal
5747,0,0,0.0018377358634035885,probability_native,0.0018377358634035885,u_b6e80f015e3fc441,1,1,official,principal
3904,0,0,6.318965618804034e-05,probability_native,6.318965618804034e-05,u_b6e80f015e3fc441,1,1,official,principal
3987,1,1,0.9998775722093863,probability_native,0.9998775722093863,u_b6e80f015e3fc441,1,1,official,principal
555,0,0,0.0019048115362719654,probability_native,0.0019048115362719654,u_b6e80f015e3fc441,1,1,official,principal
2918,0,1,0.8629926117351093,probability_native,0.8629926117351093,u_b6e80f015e3fc441,1,1,official,principal
2752,1,0,0.0008047597218144243,probability_native,0.0008047597218144243,u_b6e80f015e3fc441,1,1,official,principal
5457,0,0,0.11088397241049634,probability_native,0.11088397241049634,u_b6e80f015e3fc441,1,1,official,principal
6934,0,0,1.0091208707332248e-08,probability_native,1.0091208707332248e-08,u_b6e80f015e3fc441,1,1,official,principal
2152,0,1,0.9984027821006878,probability_native,0.9984027821006878,u_b6e80f015e3fc441,1,1,official,principal
3921,0,0,0.09408243369912205,probability_native,0.09408243369912205,u_b6e80f015e3fc441,1,1,official,principal
2192,0,0,4.359922964766805e-08,probability_native,4.359922964766805e-08,u_b6e80f015e3fc441,1,1,official,principal
2274,1,1,0.8806035474483551,probability_native,0.8806035474483551,u_b6e80f015e3fc441,1,1,official,principal
5401,0,0,2.062670376324532e-10,probability_native,2.062670376324532e-10,u_b6e80f015e3fc441,1,1,official,principal
3715,0,1,0.9999810360910663,probability_native,0.9999810360910663,u_b6e80f015e3fc441,1,1,official,principal
217,0,0,5.302077413479803e-10,probability_native,5.302077413479803e-10,u_b6e80f015e3fc441,1,1,official,principal
7029,0,1,0.99913058135669,probability_native,0.99913058135669,u_b6e80f015e3fc441,1,1,official,principal
2232,0,0,4.62901377272982e-12,probability_native,4.62901377272982e-12,u_b6e80f015e3fc441,1,1,official,principal
5395,1,1,0.9957980461300384,probability_native,0.9957980461300384,u_b6e80f015e3fc441,1,1,official,principal
6122,0,0,3.650107656456083e-05,probability_native,3.650107656456083e-05,u_b6e80f015e3fc441,1,1,official,principal
3012,0,0,1.4344020920702233e-10,probability_native,1.4344020920702233e-10,u_b6e80f015e3fc441,1,1,official,principal
941,0,0,0.37091318033061554,probability_native,0.37091318033061554,u_b6e80f015e3fc441,1,1,official,principal
4694,0,0,0.0005754079821415334,probability_native,0.0005754079821415334,u_b6e80f015e3fc441,1,1,official,principal
94,0,0,8.410733624549695e-07,probability_native,8.410733624549695e-07,u_b6e80f015e3fc441,1,1,official,principal
1794,0,0,1.8263774788857775e-11,probability_native,1.8263774788857775e-11,u_b6e80f015e3fc441,1,1,official,principal
2256,0,0,5.124631703841233e-05,probability_native,5.124631703841233e-05,u_b6e80f015e3fc441,1,1,official,principal
4371,0,0,2.7495862463039968e-05,probability_native,2.7495862463039968e-05,u_b6e80f015e3fc441,1,1,official,principal
3361,0,0,0.05278030679487352,probability_native,0.05278030679487352,u_b6e80f015e3fc441,1,1,official,principal
1619,0,0,3.8788310957553124e-10,probability_native,3.8788310957553124e-10,u_b6e80f015e3fc441,1,1,official,principal
6578,0,0,0.0002390181456271684,probability_native,0.0002390181456271684,u_b6e80f015e3fc441,1,1,official,principal
5199,0,0,0.4506819831601332,probability_native,0.4506819831601332,u_b6e80f015e3fc441,1,1,official,principal
5490,0,1,0.8308387871395555,probability_native,0.8308387871395555,u_b6e80f015e3fc441,1,1,official,principal
2069,1,1,0.9994811777910704,probability_native,0.9994811777910704,u_b6e80f015e3fc441,1,1,official,principal
380,0,0,0.1127225313610622,probability_native,0.1127225313610622,u_b6e80f015e3fc441,1,1,official,principal
2393,1,0,0.029309716560010742,probability_native,0.029309716560010742,u_b6e80f015e3fc441,1,1,official,principal
2811,0,0,9.999225863365394e-12,probability_native,9.999225863365394e-12,u_b6e80f015e3fc441,1,1,official,principal
6422,0,0,0.016720277969607365,probability_native,0.016720277969607365,u_b6e80f015e3fc441,1,1,official,principal
6414,0,0,7.483723641590517e-12,probability_native,7.483723641590517e-12,u_b6e80f015e3fc441,1,1,official,principal
4935,0,0,2.678392344162057e-05,probability_native,2.678392344162057e-05,u_b6e80f015e3fc441,1,1,official,principal
4942,1,1,0.9814488740257952,probability_native,0.9814488740257952,u_b6e80f015e3fc441,1,1,official,principal
3789,0,0,0.0020866697463152555,probability_native,0.0020866697463152555,u_b6e80f015e3fc441,1,1,official,principal
3583,0,0,9.951584046108312e-05,probability_native,9.951584046108312e-05,u_b6e80f015e3fc441,1,1,official,principal
1587,0,0,4.677113056096594e-11,probability_native,4.677113056096594e-11,u_b6e80f015e3fc441,1,1,official,principal
3148,0,0,0.24384508563785276,probability_native,0.24384508563785276,u_b6e80f015e3fc441,1,1,official,principal
7028,0,0,6.926394458853999e-09,probability_native,6.926394458853999e-09,u_b6e80f015e3fc441,1,1,official,principal
3981,0,1,0.9999530977292528,probability_native,0.9999530977292528,u_b6e80f015e3fc441,1,1,official,principal
4228,1,1,0.9979500057140838,probability_native,0.9979500057140838,u_b6e80f015e3fc441,1,1,official,principal
2321,0,1,0.9853213378286032,probability_native,0.9853213378286032,u_b6e80f015e3fc441,1,1,official,principal
1692,0,0,0.0002485015869419069,probability_native,0.0002485015869419069,u_b6e80f015e3fc441,1,1,official,principal
4866,0,1,0.9951257541623111,probability_native,0.9951257541623111,u_b6e80f015e3fc441,1,1,official,principal
5570,0,1,0.9872003644314252,probability_native,0.9872003644314252,u_b6e80f015e3fc441,1,1,official,principal
4642,1,0,1.4858461867525118e-09,probability_native,1.4858461867525118e-09,u_b6e80f015e3fc441,1,1,official,principal
2277,1,1,0.8659506921272481,probability_native,0.8659506921272481,u_b6e80f015e3fc441,1,1,official,principal
6330,0,1,0.9676813426681237,probability_native,0.9676813426681237,u_b6e80f015e3fc441,1,1,official,principal
5576,1,1,0.9777064834230043,probability_native,0.9777064834230043,u_b6e80f015e3fc441,1,1,official,principal
6913,0,0,0.0012344255319011392,probability_native,0.0012344255319011392,u_b6e80f015e3fc441,1,1,official,principal
2745,1,1,0.9999812172381961,probability_native,0.9999812172381961,u_b6e80f015e3fc441,1,1,official,principal
1874,0,0,1.387529366637107e-09,probability_native,1.387529366637107e-09,u_b6e80f015e3fc441,1,1,official,principal
2638,1,0,0.11754871431851718,probability_native,0.11754871431851718,u_b6e80f015e3fc441,1,1,official,principal
6079,0,1,0.9557662032009263,probability_native,0.9557662032009263,u_b6e80f015e3fc441,1,1,official,principal
782,0,0,0.017652913508343547,probability_native,0.017652913508343547,u_b6e80f015e3fc441,1,1,official,principal
3602,0,1,0.5936572599909591,probability_native,0.5936572599909591,u_b6e80f015e3fc441,1,1,official,principal
6282,0,0,1.218694547703951e-11,probability_native,1.218694547703951e-11,u_b6e80f015e3fc441,1,1,official,principal
2404,0,0,0.003972707844845134,probability_native,0.003972707844845134,u_b6e80f015e3fc441,1,1,official,principal
332,0,0,0.1968217863034313,probability_native,0.1968217863034313,u_b6e80f015e3fc441,1,1,official,principal
2127,1,0,0.007456565389643623,probability_native,0.007456565389643623,u_b6e80f015e3fc441,1,1,official,principal
6047,0,1,0.9824926691972984,probability_native,0.9824926691972984,u_b6e80f015e3fc441,1,1,official,principal
5038,0,0,0.00020066764117027434,probability_native,0.00020066764117027434,u_b6e80f015e3fc441,1,1,official,principal
2959,0,0,0.4068485483302383,probability_native,0.4068485483302383,u_b6e80f015e3fc441,1,1,official,principal
1778,0,0,8.271317143886973e-13,probability_native,8.271317143886973e-13,u_b6e80f015e3fc441,1,1,official,principal
6896,1,1,0.8067342014275555,probability_native,0.8067342014275555,u_b6e80f015e3fc441,1,1,official,principal
5169,0,0,0.002387079959480074,probability_native,0.002387079959480074,u_b6e80f015e3fc441,1,1,official,principal
6888,0,1,0.9989665638391229,probability_native,0.9989665638391229,u_b6e80f015e3fc441,1,1,official,principal
6055,0,1,0.9987402839554471,probability_native,0.9987402839554471,u_b6e80f015e3fc441,1,1,official,principal
6744,0,0,0.0028488490443853796,probability_native,0.0028488490443853796,u_b6e80f015e3fc441,1,1,official,principal
3364,1,1,0.9968868531034306,probability_native,0.9968868531034306,u_b6e80f015e3fc441,1,1,official,principal
3226,0,0,0.002318697046159654,probability_native,0.002318697046159654,u_b6e80f015e3fc441,1,1,official,principal
6869,1,0,0.00021436304809846547,probability_native,0.00021436304809846547,u_b6e80f015e3fc441,1,1,official,principal
2270,1,1,0.9999782539702756,probability_native,0.9999782539702756,u_b6e80f015e3fc441,1,1,official,principal
4173,0,1,0.999923692199908,probability_native,0.999923692199908,u_b6e80f015e3fc441,1,1,official,principal
3817,0,0,6.018712619977398e-11,probability_native,6.018712619977398e-11,u_b6e80f015e3fc441,1,1,official,principal
2368,0,0,1.9483033601084095e-10,probability_native,1.9483033601084095e-10,u_b6e80f015e3fc441,1,1,official,principal
4916,0,1,0.9992799436087477,probability_native,0.9992799436087477,u_b6e80f015e3fc441,1,1,official,principal
2191,1,1,0.9999921187141819,probability_native,0.9999921187141819,u_b6e80f015e3fc441,1,1,official,principal
2790,1,0,1.0658633575905175e-06,probability_native,1.0658633575905175e-06,u_b6e80f015e3fc441,1,1,official,principal
6660,1,1,0.9996798039451762,probability_native,0.9996798039451762,u_b6e80f015e3fc441,1,1,official,principal
5429,0,0,1.9982397255354733e-10,probability_native,1.9982397255354733e-10,u_b6e80f015e3fc441,1,1,official,principal
3503,0,0,0.21001555118632023,probability_native,0.21001555118632023,u_b6e80f015e3fc441,1,1,official,principal
3310,1,1,0.9999456101255005,probability_native,0.9999456101255005,u_b6e80f015e3fc441,1,1,official,principal
6878,1,1,0.9999468067708296,probability_native,0.9999468067708296,u_b6e80f015e3fc441,1,1,official,principal
4851,1,1,0.9999739196070684,probability_native,0.9999739196070684,u_b6e80f015e3fc441,1,1,official,principal
719,0,1,0.8072514109194726,probability_native,0.8072514109194726,u_b6e80f015e3fc441,1,1,official,principal
1500,0,0,0.2723606735770354,probability_native,0.2723606735770354,u_b6e80f015e3fc441,1,1,official,principal
4060,0,0,4.711072872338529e-09,probability_native,4.711072872338529e-09,u_b6e80f015e3fc441,1,1,official,principal
2342,0,1,0.7683601668317266,probability_native,0.7683601668317266,u_b6e80f015e3fc441,1,1,official,principal
222,0,0,0.0003980743446261245,probability_native,0.0003980743446261245,u_b6e80f015e3fc441,1,1,official,principal
1323,0,0,2.06763377281706e-10,probability_native,2.06763377281706e-10,u_b6e80f015e3fc441,1,1,official,principal
3366,0,1,0.9758353952473784,probability_native,0.9758353952473784,u_b6e80f015e3fc441,1,1,official,principal
5799,1,1,0.9828318959607836,probability_native,0.9828318959607836,u_b6e80f015e3fc441,1,1,official,principal
2825,0,0,0.23499113158432566,probability_native,0.23499113158432566,u_b6e80f015e3fc441,1,1,official,principal
3193,0,0,3.2406698841600905e-11,probability_native,3.2406698841600905e-11,u_b6e80f015e3fc441,1,1,official,principal
5154,1,1,0.9849730332197492,probability_native,0.9849730332197492,u_b6e80f015e3fc441,1,1,official,principal
80,1,1,0.9995190713268789,probability_native,0.9995190713268789,u_b6e80f015e3fc441,1,1,official,principal
54,0,0,4.6835927184482716e-05,probability_native,4.6835927184482716e-05,u_b6e80f015e3fc441,1,1,official,principal
6673,0,1,0.9977768601076817,probability_native,0.9977768601076817,u_b6e80f015e3fc441,1,1,official,principal
2626,0,0,0.0008703078170658326,probability_native,0.0008703078170658326,u_b6e80f015e3fc441,1,1,official,principal
6947,0,0,0.0029294702241523004,probability_native,0.0029294702241523004,u_b6e80f015e3fc441,1,1,official,principal
5985,0,0,0.0022563072918005537,probability_native,0.0022563072918005537,u_b6e80f015e3fc441,1,1,official,principal
6451,0,0,0.0028931520005085324,probability_native,0.0028931520005085324,u_b6e80f015e3fc441,1,1,official,principal
6364,0,0,1.4590779750773936e-10,probability_native,1.4590779750773936e-10,u_b6e80f015e3fc441,1,1,official,principal
2285,1,1,0.8139378275165206,probability_native,0.8139378275165206,u_b6e80f015e3fc441,1,1,official,principal
6242,0,0,1.1397974392052422e-11,probability_native,1.1397974392052422e-11,u_b6e80f015e3fc441,1,1,official,principal
30,0,0,2.54762894526901e-09,probability_native,2.54762894526901e-09,u_b6e80f015e3fc441,1,1,official,principal
673,0,0,0.0039983741890196114,probability_native,0.0039983741890196114,u_b6e80f015e3fc441,1,1,official,principal
684,0,1,0.9890191319002385,probability_native,0.9890191319002385,u_b6e80f015e3fc441,1,1,official,principal
4424,1,0,0.49111635052223573,probability_native,0.49111635052223573,u_b6e80f015e3fc441,1,1,official,principal
1502,0,0,0.0825761423947316,probability_native,0.0825761423947316,u_b6e80f015e3fc441,1,1,official,principal
860,0,0,1.0567493407497542e-05,probability_native,1.0567493407497542e-05,u_b6e80f015e3fc441,1,1,official,principal
5445,0,0,6.198527189511844e-08,probability_native,6.198527189511844e-08,u_b6e80f015e3fc441,1,1,official,principal
3827,0,0,5.856796654278082e-05,probability_native,5.856796654278082e-05,u_b6e80f015e3fc441,1,1,official,principal
5014,0,1,0.5073734761259917,probability_native,0.5073734761259917,u_b6e80f015e3fc441,1,1,official,principal
1149,1,1,0.9726030205286644,probability_native,0.9726030205286644,u_b6e80f015e3fc441,1,1,official,principal
6990,0,1,0.9935779761019968,probability_native,0.9935779761019968,u_b6e80f015e3fc441,1,1,official,principal
1678,0,0,0.0004895273214406334,probability_native,0.0004895273214406334,u_b6e80f015e3fc441,1,1,official,principal
6957,0,1,0.9972150588830179,probability_native,0.9972150588830179,u_b6e80f015e3fc441,1,1,official,principal
6575,0,0,0.21903660678486248,probability_native,0.21903660678486248,u_b6e80f015e3fc441,1,1,official,principal
2574,1,1,0.9997518830647076,probability_native,0.9997518830647076,u_b6e80f015e3fc441,1,1,official,principal
5403,0,0,0.3730071397750836,probability_native,0.3730071397750836,u_b6e80f015e3fc441,1,1,official,principal
3947,0,0,0.15178349760294613,probability_native,0.15178349760294613,u_b6e80f015e3fc441,1,1,official,principal
1357,0,1,0.7358643252924143,probability_native,0.7358643252924143,u_b6e80f015e3fc441,1,1,official,principal
1386,0,0,2.3996289622221535e-09,probability_native,2.3996289622221535e-09,u_b6e80f015e3fc441,1,1,official,principal
4701,0,1,0.9999568420797545,probability_native,0.9999568420797545,u_b6e80f015e3fc441,1,1,official,principal
3213,0,0,6.5592765674698156e-06,probability_native,6.5592765674698156e-06,u_b6e80f015e3fc441,1,1,official,principal
6536,0,0,0.23311784938387184,probability_native,0.23311784938387184,u_b6e80f015e3fc441,1,1,official,principal
3406,0,0,2.8914338747501063e-05,probability_native,2.8914338747501063e-05,u_b6e80f015e3fc441,1,1,official,principal
1078,0,0,4.281910426926369e-06,probability_native,4.281910426926369e-06,u_b6e80f015e3fc441,1,1,official,principal
3849,1,0,2.096687854972353e-07,probability_native,2.096687854972353e-07,u_b6e80f015e3fc441,1,1,official,principal
5307,0,1,0.9993618964581887,probability_native,0.9993618964581887,u_b6e80f015e3fc441,1,1,official,principal
3168,0,0,3.7534320290058835e-05,probability_native,3.7534320290058835e-05,u_b6e80f015e3fc441,1,1,official,principal
4159,0,1,0.9795374967880159,probability_native,0.9795374967880159,u_b6e80f015e3fc441,1,1,official,principal
3865,0,0,0.0007640808711874777,probability_native,0.0007640808711874777,u_b6e80f015e3fc441,1,1,official,principal
5549,1,1,0.9992833406266964,probability_native,0.9992833406266964,u_b6e80f015e3fc441,1,1,official,principal
1647,1,1,0.9926137676425872,probability_native,0.9926137676425872,u_b6e80f015e3fc441,1,1,official,principal
1943,0,1,0.9233366206704726,probability_native,0.9233366206704726,u_b6e80f015e3fc441,1,1,official,principal
1545,0,0,2.8772263715827953e-06,probability_native,2.8772263715827953e-06,u_b6e80f015e3fc441,1,1,official,principal
4980,0,0,0.0007633009874378691,probability_native,0.0007633009874378691,u_b6e80f015e3fc441,1,1,official,principal
6798,0,1,0.9959675479227398,probability_native,0.9959675479227398,u_b6e80f015e3fc441,1,1,official,principal
5289,0,0,0.000896780401643864,probability_native,0.000896780401643864,u_b6e80f015e3fc441,1,1,official,principal
4463,1,1,0.9998510711251043,probability_native,0.9998510711251043,u_b6e80f015e3fc441,1,1,official,principal
6359,0,0,0.3193981528288953,probability_native,0.3193981528288953,u_b6e80f015e3fc441,1,1,official,principal
4804,0,0,0.012277532485738043,probability_native,0.012277532485738043,u_b6e80f015e3fc441,1,1,official,principal
5182,0,0,3.615983434228417e-05,probability_native,3.615983434228417e-05,u_b6e80f015e3fc441,1,1,official,principal
136,0,1,0.9838467014625522,probability_native,0.9838467014625522,u_b6e80f015e3fc441,1,1,official,principal
3588,0,1,0.8429376169591143,probability_native,0.8429376169591143,u_b6e80f015e3fc441,1,1,official,principal
2166,0,0,0.07036650557084623,probability_native,0.07036650557084623,u_b6e80f015e3fc441,1,1,official,principal
5111,1,1,0.8731245165252578,probability_native,0.8731245165252578,u_b6e80f015e3fc441,1,1,official,principal
4279,0,0,0.0025031844937329537,probability_native,0.0025031844937329537,u_b6e80f015e3fc441,1,1,official,principal
6767,0,0,0.04468319163020641,probability_native,0.04468319163020641,u_b6e80f015e3fc441,1,1,official,principal
4321,0,1,0.9998088801271017,probability_native,0.9998088801271017,u_b6e80f015e3fc441,1,1,official,principal
1409,0,1,0.9430377904757306,probability_native,0.9430377904757306,u_b6e80f015e3fc441,1,1,official,principal
2060,0,0,3.3833114828386866e-10,probability_native,3.3833114828386866e-10,u_b6e80f015e3fc441,1,1,official,principal
2462,0,0,0.21870897800524913,probability_native,0.21870897800524913,u_b6e80f015e3fc441,1,1,official,principal
5973,0,0,2.4450025270778007e-06,probability_native,2.4450025270778007e-06,u_b6e80f015e3fc441,1,1,official,principal
289,1,1,0.8417906933888946,probability_native,0.8417906933888946,u_b6e80f015e3fc441,1,1,official,principal
4342,0,0,2.4256989228216003e-07,probability_native,2.4256989228216003e-07,u_b6e80f015e3fc441,1,1,official,principal
2864,0,1,0.929359660966379,probability_native,0.929359660966379,u_b6e80f015e3fc441,1,1,official,principal
2033,1,0,0.01051891880413096,probability_native,0.01051891880413096,u_b6e80f015e3fc441,1,1,official,principal
3605,0,1,0.9864664997276381,probability_native,0.9864664997276381,u_b6e80f015e3fc441,1,1,official,principal
280,0,0,0.24175239764632014,probability_native,0.24175239764632014,u_b6e80f015e3fc441,1,1,official,principal
1930,0,0,0.20283074327146408,probability_native,0.20283074327146408,u_b6e80f015e3fc441,1,1,official,principal
4222,0,0,0.00051659982143062,probability_native,0.00051659982143062,u_b6e80f015e3fc441,1,1,official,principal
839,0,0,4.0890219575325207e-11,probability_native,4.0890219575325207e-11,u_b6e80f015e3fc441,1,1,official,principal
6275,0,0,1.3589109763993442e-09,probability_native,1.3589109763993442e-09,u_b6e80f015e3fc441,1,1,official,principal
506,0,1,0.9771617293770305,probability_native,0.9771617293770305,u_b6e80f015e3fc441,1,1,official,principal
5434,0,1,0.8660136377199674,probability_native,0.8660136377199674,u_b6e80f015e3fc441,1,1,official,principal
6526,1,0,0.1072634303605011,probability_native,0.1072634303605011,u_b6e80f015e3fc441,1,1,official,principal
5295,0,1,0.7804719923191337,probability_native,0.7804719923191337,u_b6e80f015e3fc441,1,1,official,principal
2703,1,1,0.9700816618513161,probability_native,0.9700816618513161,u_b6e80f015e3fc441,1,1,official,principal
2537,0,0,1.262025291315738e-09,probability_native,1.262025291315738e-09,u_b6e80f015e3fc441,1,1,official,principal
824,0,0,1.0367102205440686e-10,probability_native,1.0367102205440686e-10,u_b6e80f015e3fc441,1,1,official,principal
908,0,0,0.00037603664637195954,probability_native,0.00037603664637195954,u_b6e80f015e3fc441,1,1,official,principal
6823,0,1,0.903863164357206,probability_native,0.903863164357206,u_b6e80f015e3fc441,1,1,official,principal
3210,0,0,1.0048102898297058e-05,probability_native,1.0048102898297058e-05,u_b6e80f015e3fc441,1,1,official,principal
25,0,1,0.6351231697595914,probability_native,0.6351231697595914,u_b6e80f015e3fc441,1,1,official,principal
2379,1,1,0.9955191389134757,probability_native,0.9955191389134757,u_b6e80f015e3fc441,1,1,official,principal
6078,0,0,0.007042948136619161,probability_native,0.007042948136619161,u_b6e80f015e3fc441,1,1,official,principal
6325,1,1,0.6540719490277642,probability_native,0.6540719490277642,u_b6e80f015e3fc441,1,1,official,principal
1257,0,0,0.3268734372695531,probability_native,0.3268734372695531,u_b6e80f015e3fc441,1,1,official,principal
6216,0,0,1.661455160676429e-11,probability_native,1.661455160676429e-11,u_b6e80f015e3fc441,1,1,official,principal
4116,0,0,1.0450142857216267e-05,probability_native,1.0450142857216267e-05,u_b6e80f015e3fc441,1,1,official,principal
3746,1,1,0.9996843955209596,probability_native,0.9996843955209596,u_b6e80f015e3fc441,1,1,official,principal
6844,0,1,0.7912804801471103,probability_native,0.7912804801471103,u_b6e80f015e3fc441,1,1,official,principal
6893,1,0,0.011230771266902606,probability_native,0.011230771266902606,u_b6e80f015e3fc441,1,1,official,principal
1524,0,0,0.1253882438795686,probability_native,0.1253882438795686,u_b6e80f015e3fc441,1,1,official,principal
2196,0,0,0.0001237814977218493,probability_native,0.0001237814977218493,u_b6e80f015e3fc441,1,1,official,principal
2621,0,0,1.9020233606213997e-09,probability_native,1.9020233606213997e-09,u_b6e80f015e3fc441,1,1,official,principal
379,0,1,0.7865607097501199,probability_native,0.7865607097501199,u_b6e80f015e3fc441,1,1,official,principal
3929,0,0,0.013518067787902096,probability_native,0.013518067787902096,u_b6e80f015e3fc441,1,1,official,principal
7026,1,1,0.9813204056012105,probability_native,0.9813204056012105,u_b6e80f015e3fc441,1,1,official,principal
3221,0,1,0.8372746990944537,probability_native,0.8372746990944537,u_b6e80f015e3fc441,1,1,official,principal
2366,1,1,0.9999757912654376,probability_native,0.9999757912654376,u_b6e80f015e3fc441,1,1,official,principal
6255,0,0,0.001922749997239198,probability_native,0.001922749997239198,u_b6e80f015e3fc441,1,1,official,principal
5638,1,0,0.04628029357001164,probability_native,0.04628029357001164,u_b6e80f015e3fc441,1,1,official,principal
6606,1,1,0.9925644914654517,probability_native,0.9925644914654517,u_b6e80f015e3fc441,1,1,official,principal
1796,0,1,0.6479708320964378,probability_native,0.6479708320964378,u_b6e80f015e3fc441,1,1,official,principal
2682,1,1,0.8836729672926328,probability_native,0.8836729672926328,u_b6e80f015e3fc441,1,1,official,principal
6517,0,1,0.9431087571098707,probability_native,0.9431087571098707,u_b6e80f015e3fc441,1,1,official,principal
1217,0,0,5.2213497307978975e-06,probability_native,5.2213497307978975e-06,u_b6e80f015e3fc441,1,1,official,principal
5124,0,0,1.9371951035748777e-11,probability_native,1.9371951035748777e-11,u_b6e80f015e3fc441,1,1,official,principal
5856,0,1,0.9301566856184603,probability_native,0.9301566856184603,u_b6e80f015e3fc441,1,1,official,principal
5136,0,1,0.9996732038010938,probability_native,0.9996732038010938,u_b6e80f015e3fc441,1,1,official,principal
398,0,1,0.9821997969605828,probability_native,0.9821997969605828,u_b6e80f015e3fc441,1,1,official,principal
918,0,1,0.9996535831881134,probability_native,0.9996535831881134,u_b6e80f015e3fc441,1,1,official,principal
6759,0,0,0.38395405245045633,probability_native,0.38395405245045633,u_b6e80f015e3fc441,1,1,official,principal
3562,1,1,0.9999812731106212,probability_native,0.9999812731106212,u_b6e80f015e3fc441,1,1,official,principal
3120,0,0,2.7424285844944975e-11,probability_native,2.7424285844944975e-11,u_b6e80f015e3fc441,1,1,official,principal
5290,0,0,2.985538260263634e-11,probability_native,2.985538260263634e-11,u_b6e80f015e3fc441,1,1,official,principal
4617,0,0,0.03696221489155512,probability_native,0.03696221489155512,u_b6e80f015e3fc441,1,1,official,principal
1642,0,0,0.0005080512736991218,probability_native,0.0005080512736991218,u_b6e80f015e3fc441,1,1,official,principal
5104,0,0,1.6509126754253658e-10,probability_native,1.6509126754253658e-10,u_b6e80f015e3fc441,1,1,official,principal
4807,0,0,9.02671340712685e-09,probability_native,9.02671340712685e-09,u_b6e80f015e3fc441,1,1,official,principal
5800,0,1,0.9949022584704822,probability_native,0.9949022584704822,u_b6e80f015e3fc441,1,1,official,principal
3558,0,0,0.42239291157036507,probability_native,0.42239291157036507,u_b6e80f015e3fc441,1,1,official,principal
6819,1,1,0.9971522639124601,probability_native,0.9971522639124601,u_b6e80f015e3fc441,1,1,official,principal
5644,1,1,0.9983120092517189,probability_native,0.9983120092517189,u_b6e80f015e3fc441,1,1,official,principal
4138,1,1,0.9998913705143427,probability_native,0.9998913705143427,u_b6e80f015e3fc441,1,1,official,principal
460,0,0,0.00030842886163827,probability_native,0.00030842886163827,u_b6e80f015e3fc441,1,1,official,principal
3199,0,0,1.5096472393907538e-10,probability_native,1.5096472393907538e-10,u_b6e80f015e3fc441,1,1,official,principal
2332,0,0,0.0021243608117084275,probability_native,0.0021243608117084275,u_b6e80f015e3fc441,1,1,official,principal
5682,0,1,0.9012204084806342,probability_native,0.9012204084806342,u_b6e80f015e3fc441,1,1,official,principal
6859,0,0,4.542093835941347e-10,probability_native,4.542093835941347e-10,u_b6e80f015e3fc441,1,1,official,principal
2418,0,1,0.9993999571039298,probability_native,0.9993999571039298,u_b6e80f015e3fc441,1,1,official,principal
6784,0,0,0.010968929532606494,probability_native,0.010968929532606494,u_b6e80f015e3fc441,1,1,official,principal
6035,1,0,0.22668497062187162,probability_native,0.22668497062187162,u_b6e80f015e3fc441,1,1,official,principal
2929,0,0,5.390683939254973e-06,probability_native,5.390683939254973e-06,u_b6e80f015e3fc441,1,1,official,principal
2177,0,0,1.4860001210911794e-08,probability_native,1.4860001210911794e-08,u_b6e80f015e3fc441,1,1,official,principal
2632,0,0,2.6177261434160325e-07,probability_native,2.6177261434160325e-07,u_b6e80f015e3fc441,1,1,official,principal
4787,0,0,0.15154942020102385,probability_native,0.15154942020102385,u_b6e80f015e3fc441,1,1,official,principal
1976,1,1,0.9999938563238158,probability_native,0.9999938563238158,u_b6e80f015e3fc441,1,1,official,principal
762,1,1,0.9996746807510148,probability_native,0.9996746807510148,u_b6e80f015e3fc441,1,1,official,principal
5757,0,0,0.006921136043555153,probability_native,0.006921136043555153,u_b6e80f015e3fc441,1,1,official,principal
2977,0,0,0.009855800584073118,probability_native,0.009855800584073118,u_b6e80f015e3fc441,1,1,official,principal
2215,0,0,5.303088916133643e-10,probability_native,5.303088916133643e-10,u_b6e80f015e3fc441,1,1,official,principal
5042,0,0,2.7736106407888075e-06,probability_native,2.7736106407888075e-06,u_b6e80f015e3fc441,1,1,official,principal
3572,0,1,0.9999484546376668,probability_native,0.9999484546376668,u_b6e80f015e3fc441,1,1,official,principal
565,0,0,3.677154371595492e-11,probability_native,3.677154371595492e-11,u_b6e80f015e3fc441,1,1,official,principal
4888,0,1,0.5439866122965145,probability_native,0.5439866122965145,u_b6e80f015e3fc441,1,1,official,principal
2948,1,1,0.9997958481191423,probability_native,0.9997958481191423,u_b6e80f015e3fc441,1,1,official,principal
1979,0,0,1.081131807722558e-10,probability_native,1.081131807722558e-10,u_b6e80f015e3fc441,1,1,official,principal
2406,1,1,0.9999041003492507,probability_native,0.9999041003492507,u_b6e80f015e3fc441,1,1,official,principal
1344,0,0,0.0005554043534494197,probability_native,0.0005554043534494197,u_b6e80f015e3fc441,1,1,official,principal
6953,1,1,0.9999859468445311,probability_native,0.9999859468445311,u_b6e80f015e3fc441,1,1,official,principal
6052,0,0,9.357565399487079e-09,probability_native,9.357565399487079e-09,u_b6e80f015e3fc441,1,1,official,principal
6296,0,0,0.0031600140665829367,probability_native,0.0031600140665829367,u_b6e80f015e3fc441,1,1,official,principal
2309,0,0,2.626074151196882e-07,probability_native,2.626074151196882e-07,u_b6e80f015e3fc441,1,1,official,principal
6790,0,0,6.760965715422871e-10,probability_native,6.760965715422871e-10,u_b6e80f015e3fc441,1,1,official,principal
89,0,0,0.15847993440631603,probability_native,0.15847993440631603,u_b6e80f015e3fc441,1,1,official,principal
3594,0,1,0.9245408521748422,probability_native,0.9245408521748422,u_b6e80f015e3fc441,1,1,official,principal
3033,0,0,4.281460310143439e-08,probability_native,4.281460310143439e-08,u_b6e80f015e3fc441,1,1,official,principal
2979,0,0,0.2877888984308007,probability_native,0.2877888984308007,u_b6e80f015e3fc441,1,1,official,principal
5893,0,0,7.651789822486964e-10,probability_native,7.651789822486964e-10,u_b6e80f015e3fc441,1,1,official,principal
2966,0,1,0.999093772756778,probability_native,0.999093772756778,u_b6e80f015e3fc441,1,1,official,principal
1741,0,1,0.9886887221864755,probability_native,0.9886887221864755,u_b6e80f015e3fc441,1,1,official,principal
5126,0,0,0.39279694863553943,probability_native,0.39279694863553943,u_b6e80f015e3fc441,1,1,official,principal
2096,1,0,0.04456482635515405,probability_native,0.04456482635515405,u_b6e80f015e3fc441,1,1,official,principal
5712,0,0,0.020638285668143994,probability_native,0.020638285668143994,u_b6e80f015e3fc441,1,1,official,principal
3289,0,1,0.9743988087371561,probability_native,0.9743988087371561,u_b6e80f015e3fc441,1,1,official,principal
1091,0,0,0.253135533346762,probability_native,0.253135533346762,u_b6e80f015e3fc441,1,1,official,principal
5305,0,0,2.4796793530813766e-07,probability_native,2.4796793530813766e-07,u_b6e80f015e3fc441,1,1,official,principal
5391,0,0,0.034994832820783583,probability_native,0.034994832820783583,u_b6e80f015e3fc441,1,1,official,principal
5153,0,1,0.9997267038666205,probability_native,0.9997267038666205,u_b6e80f015e3fc441,1,1,official,principal
2288,0,1,0.9972102130031876,probability_native,0.9972102130031876,u_b6e80f015e3fc441,1,1,official,principal
4035,0,0,0.4420965371575823,probability_native,0.4420965371575823,u_b6e80f015e3fc441,1,1,official,principal
937,1,1,0.9987799032075807,probability_native,0.9987799032075807,u_b6e80f015e3fc441,1,1,official,principal
2026,0,0,0.033718190228373746,probability_native,0.033718190228373746,u_b6e80f015e3fc441,1,1,official,principal
3894,0,0,2.4308892134366266e-10,probability_native,2.4308892134366266e-10,u_b6e80f015e3fc441,1,1,official,principal
5165,1,1,0.9999748211046323,probability_native,0.9999748211046323,u_b6e80f015e3fc441,1,1,official,principal
947,0,1,0.9863603647947666,probability_native,0.9863603647947666,u_b6e80f015e3fc441,1,1,official,principal
3232,0,0,0.00016488998156725837,probability_native,0.00016488998156725837,u_b6e80f015e3fc441,1,1,official,principal
4974,1,0,0.17682382735523838,probability_native,0.17682382735523838,u_b6e80f015e3fc441,1,1,official,principal
5152,0,0,1.2892030225116998e-11,probability_native,1.2892030225116998e-11,u_b6e80f015e3fc441,1,1,official,principal
6813,1,0,1.1288486476385942e-09,probability_native,1.1288486476385942e-09,u_b6e80f015e3fc441,1,1,official,principal
4644,0,1,0.6788633796358734,probability_native,0.6788633796358734,u_b6e80f015e3fc441,1,1,official,principal
1226,0,0,4.801356558051452e-11,probability_native,4.801356558051452e-11,u_b6e80f015e3fc441,1,1,official,principal
5210,1,0,0.018641402177656134,probability_native,0.018641402177656134,u_b6e80f015e3fc441,1,1,official,principal
5769,0,0,5.201337968344907e-09,probability_native,5.201337968344907e-09,u_b6e80f015e3fc441,1,1,official,principal
5186,1,1,0.9982263345842928,probability_native,0.9982263345842928,u_b6e80f015e3fc441,1,1,official,principal
1372,0,1,0.9831793435165516,probability_native,0.9831793435165516,u_b6e80f015e3fc441,1,1,official,principal
3825,0,0,4.690475578235661e-12,probability_native,4.690475578235661e-12,u_b6e80f015e3fc441,1,1,official,principal
104,1,0,5.838257323207529e-08,probability_native,5.838257323207529e-08,u_b6e80f015e3fc441,1,1,official,principal
4949,1,1,0.9116136252764877,probability_native,0.9116136252764877,u_b6e80f015e3fc441,1,1,official,principal
1233,0,0,8.700519159032204e-12,probability_native,8.700519159032204e-12,u_b6e80f015e3fc441,1,1,official,principal
4634,0,0,0.011230286541291214,probability_native,0.011230286541291214,u_b6e80f015e3fc441,1,1,official,principal
739,0,0,7.480708224526842e-09,probability_native,7.480708224526842e-09,u_b6e80f015e3fc441,1,1,official,principal
1663,1,1,0.9983043292784476,probability_native,0.9983043292784476,u_b6e80f015e3fc441,1,1,official,principal
5417,0,0,9.617546323563419e-08,probability_native,9.617546323563419e-08,u_b6e80f015e3fc441,1,1,official,principal
6357,1,0,0.01280704510867922,probability_native,0.01280704510867922,u_b6e80f015e3fc441,1,1,official,principal
59,0,0,1.6731586712310303e-08,probability_native,1.6731586712310303e-08,u_b6e80f015e3fc441,1,1,official,principal
4384,1,1,0.9847131407416868,probability_native,0.9847131407416868,u_b6e80f015e3fc441,1,1,official,principal
5467,0,0,0.006174852927732004,probability_native,0.006174852927732004,u_b6e80f015e3fc441,1,1,official,principal
3754,0,0,0.002534406579668136,probability_native,0.002534406579668136,u_b6e80f015e3fc441,1,1,official,principal
6870,0,1,0.9932445504529409,probability_native,0.9932445504529409,u_b6e80f015e3fc441,1,1,official,principal
5731,0,0,0.008566050913812207,probability_native,0.008566050913812207,u_b6e80f015e3fc441,1,1,official,principal
2100,0,0,0.04181406943522642,probability_native,0.04181406943522642,u_b6e80f015e3fc441,1,1,official,principal
5843,0,1,0.9552632887849811,probability_native,0.9552632887849811,u_b6e80f015e3fc441,1,1,official,principal
6358,0,0,3.9744451138848434e-10,probability_native,3.9744451138848434e-10,u_b6e80f015e3fc441,1,1,official,principal
2947,0,0,0.3098104577829654,probability_native,0.3098104577829654,u_b6e80f015e3fc441,1,1,official,principal
6066,1,1,0.9996754266847174,probability_native,0.9996754266847174,u_b6e80f015e3fc441,1,1,official,principal
5599,1,1,0.92913719344044,probability_native,0.92913719344044,u_b6e80f015e3fc441,1,1,official,principal
5741,1,1,0.999863931012465,probability_native,0.999863931012465,u_b6e80f015e3fc441,1,1,official,principal
3336,0,0,4.0026341706083425e-12,probability_native,4.0026341706083425e-12,u_b6e80f015e3fc441,1,1,official,principal
6708,1,1,0.9999768918231906,probability_native,0.9999768918231906,u_b6e80f015e3fc441,1,1,official,principal
5454,1,1,0.9999481420931204,probability_native,0.9999481420931204,u_b6e80f015e3fc441,1,1,official,principal
4368,1,1,0.999984905159925,probability_native,0.999984905159925,u_b6e80f015e3fc441,1,1,official,principal
2953,1,1,0.9826952477154904,probability_native,0.9826952477154904,u_b6e80f015e3fc441,1,1,official,principal
3181,0,0,8.615284702165421e-10,probability_native,8.615284702165421e-10,u_b6e80f015e3fc441,1,1,official,principal
5353,0,1,0.8374666102833241,probability_native,0.8374666102833241,u_b6e80f015e3fc441,1,1,official,principal
3919,1,1,0.9997744218539517,probability_native,0.9997744218539517,u_b6e80f015e3fc441,1,1,official,principal
4380,0,0,4.05703965160006e-11,probability_native,4.05703965160006e-11,u_b6e80f015e3fc441,1,1,official,principal
6007,0,0,0.001226429313985993,probability_native,0.001226429313985993,u_b6e80f015e3fc441,1,1,official,principal
4331,0,0,1.1574909321939401e-10,probability_native,1.1574909321939401e-10,u_b6e80f015e3fc441,1,1,official,principal
3351,1,1,0.5637483899554793,probability_native,0.5637483899554793,u_b6e80f015e3fc441,1,1,official,principal
6962,1,1,0.999063054978431,probability_native,0.999063054978431,u_b6e80f015e3fc441,1,1,official,principal
5873,0,1,0.9976143613517701,probability_native,0.9976143613517701,u_b6e80f015e3fc441,1,1,official,principal
486,0,1,0.9998917402083553,probability_native,0.9998917402083553,u_b6e80f015e3fc441,1,1,official,principal
2378,1,1,0.9987093041091966,probability_native,0.9987093041091966,u_b6e80f015e3fc441,1,1,official,principal
2958,0,0,0.0009561430019112376,probability_native,0.0009561430019112376,u_b6e80f015e3fc441,1,1,official,principal
5112,1,0,0.0026652344117959574,probability_native,0.0026652344117959574,u_b6e80f015e3fc441,1,1,official,principal
1013,0,1,0.9834658731231596,probability_native,0.9834658731231596,u_b6e80f015e3fc441,1,1,official,principal
6868,1,1,0.9999285856598146,probability_native,0.9999285856598146,u_b6e80f015e3fc441,1,1,official,principal
2141,0,0,0.002710085162795748,probability_native,0.002710085162795748,u_b6e80f015e3fc441,1,1,official,principal
5306,1,1,0.9984550475294366,probability_native,0.9984550475294366,u_b6e80f015e3fc441,1,1,official,principal
540,0,0,3.7896988695011096e-10,probability_native,3.7896988695011096e-10,u_b6e80f015e3fc441,1,1,official,principal
2242,0,0,3.407511501299868e-05,probability_native,3.407511501299868e-05,u_b6e80f015e3fc441,1,1,official,principal
5994,1,1,0.9927359997660524,probability_native,0.9927359997660524,u_b6e80f015e3fc441,1,1,official,principal
3257,0,1,0.9960469474794893,probability_native,0.9960469474794893,u_b6e80f015e3fc441,1,1,official,principal
5641,0,0,1.8972451670628183e-05,probability_native,1.8972451670628183e-05,u_b6e80f015e3fc441,1,1,official,principal
1,0,0,0.003261765398144746,probability_native,0.003261765398144746,u_b6e80f015e3fc441,1,1,official,principal
2269,1,1,0.9889452184002384,probability_native,0.9889452184002384,u_b6e80f015e3fc441,1,1,official,principal
6617,0,0,0.0047900012397400285,probability_native,0.0047900012397400285,u_b6e80f015e3fc441,1,1,official,principal
4762,0,1,0.9791029312081774,probability_native,0.9791029312081774,u_b6e80f015e3fc441,1,1,official,principal
3017,0,0,0.0002986866335363993,probability_native,0.0002986866335363993,u_b6e80f015e3fc441,1,1,official,principal
1203,0,0,7.233497781760598e-11,probability_native,7.233497781760598e-11,u_b6e80f015e3fc441,1,1,official,principal
410,1,1,0.9999707538341784,probability_native,0.9999707538341784,u_b6e80f015e3fc441,1,1,official,principal
1591,0,0,0.0007676021357086232,probability_native,0.0007676021357086232,u_b6e80f015e3fc441,1,1,official,principal
2660,0,0,0.09680194440986005,probability_native,0.09680194440986005,u_b6e80f015e3fc441,1,1,official,principal
5426,0,0,5.202154862256858e-07,probability_native,5.202154862256858e-07,u_b6e80f015e3fc441,1,1,official,principal
877,0,0,5.6834454427903786e-05,probability_native,5.6834454427903786e-05,u_b6e80f015e3fc441,1,1,official,principal
1839,0,0,1.923130885663088e-09,probability_native,1.923130885663088e-09,u_b6e80f015e3fc441,1,1,official,principal
862,1,1,0.9998313988120373,probability_native,0.9998313988120373,u_b6e80f015e3fc441,1,1,official,principal
3318,1,0,0.1683008778484837,probability_native,0.1683008778484837,u_b6e80f015e3fc441,1,1,official,principal
5537,0,0,1.7535523978505827e-08,probability_native,1.7535523978505827e-08,u_b6e80f015e3fc441,1,1,official,principal
1919,1,1,0.7963412979793076,probability_native,0.7963412979793076,u_b6e80f015e3fc441,1,1,official,principal
4276,1,1,0.9391882400794235,probability_native,0.9391882400794235,u_b6e80f015e3fc441,1,1,official,principal
509,0,0,0.002541792076641648,probability_native,0.002541792076641648,u_b6e80f015e3fc441,1,1,official,principal
624,1,0,0.007912998325305507,probability_native,0.007912998325305507,u_b6e80f015e3fc441,1,1,official,principal
2151,0,0,4.942911832440796e-10,probability_native,4.942911832440796e-10,u_b6e80f015e3fc441,1,1,official,principal
2532,0,1,0.8426272658794436,probability_native,0.8426272658794436,u_b6e80f015e3fc441,1,1,official,principal
2203,0,0,6.381724783648511e-06,probability_native,6.381724783648511e-06,u_b6e80f015e3fc441,1,1,official,principal
6736,0,0,7.363256618574491e-12,probability_native,7.363256618574491e-12,u_b6e80f015e3fc441,1,1,official,principal
2912,0,1,0.9997597858575124,probability_native,0.9997597858575124,u_b6e80f015e3fc441,1,1,official,principal
1964,0,0,0.0009675146695862144,probability_native,0.0009675146695862144,u_b6e80f015e3fc441,1,1,official,principal
566,0,0,0.061900231533205036,probability_native,0.061900231533205036,u_b6e80f015e3fc441,1,1,official,principal
159,0,0,3.121565876775427e-09,probability_native,3.121565876775427e-09,u_b6e80f015e3fc441,1,1,official,principal
235,1,1,0.9567252655679852,probability_native,0.9567252655679852,u_b6e80f015e3fc441,1,1,official,principal
3393,0,0,2.7375874180705746e-07,probability_native,2.7375874180705746e-07,u_b6e80f015e3fc441,1,1,official,principal
2183,0,1,0.573634818746273,probability_native,0.573634818746273,u_b6e80f015e3fc441,1,1,official,principal
1320,0,0,0.0023662831751012957,probability_native,0.0023662831751012957,u_b6e80f015e3fc441,1,1,official,principal
1779,0,1,0.9985272546080848,probability_native,0.9985272546080848,u_b6e80f015e3fc441,1,1,official,principal
3696,1,1,0.9565110584231049,probability_native,0.9565110584231049,u_b6e80f015e3fc441,1,1,official,principal
6914,1,1,0.9995373525704547,probability_native,0.9995373525704547,u_b6e80f015e3fc441,1,1,official,principal
1575,1,1,0.914397993080303,probability_native,0.914397993080303,u_b6e80f015e3fc441,1,1,official,principal
6553,0,0,2.360190489143394e-09,probability_native,2.360190489143394e-09,u_b6e80f015e3fc441,1,1,official,principal
2787,0,0,2.2667634569688273e-12,probability_native,2.2667634569688273e-12,u_b6e80f015e3fc441,1,1,official,principal
6406,0,0,0.45615630272731317,probability_native,0.45615630272731317,u_b6e80f015e3fc441,1,1,official,principal
2717,0,0,4.8323904090058674e-11,probability_native,4.8323904090058674e-11,u_b6e80f015e3fc441,1,1,official,principal
285,0,1,0.7314587426316368,probability_native,0.7314587426316368,u_b6e80f015e3fc441,1,1,official,principal
1274,0,0,6.072685566244554e-08,probability_native,6.072685566244554e-08,u_b6e80f015e3fc441,1,1,official,principal
31,0,1,0.9986358543016283,probability_native,0.9986358543016283,u_b6e80f015e3fc441,1,1,official,principal
5879,0,0,6.993326168859049e-09,probability_native,6.993326168859049e-09,u_b6e80f015e3fc441,1,1,official,principal
4987,0,0,4.903274424416224e-11,probability_native,4.903274424416224e-11,u_b6e80f015e3fc441,1,1,official,principal
1493,0,1,0.9840767960367311,probability_native,0.9840767960367311,u_b6e80f015e3fc441,1,1,official,principal
6903,0,0,0.29306546357581137,probability_native,0.29306546357581137,u_b6e80f015e3fc441,1,1,official,principal
174,0,0,9.024324136847044e-05,probability_native,9.024324136847044e-05,u_b6e80f015e3fc441,1,1,official,principal
361,0,0,6.091126818915158e-06,probability_native,6.091126818915158e-06,u_b6e80f015e3fc441,1,1,official,principal
2882,0,1,0.999328636481805,probability_native,0.999328636481805,u_b6e80f015e3fc441,1,1,official,principal
3184,0,0,2.3294347121440943e-09,probability_native,2.3294347121440943e-09,u_b6e80f015e3fc441,1,1,official,principal
6616,1,1,0.9991397254399496,probability_native,0.9991397254399496,u_b6e80f015e3fc441,1,1,official,principal
3328,0,1,0.9998562936892208,probability_native,0.9998562936892208,u_b6e80f015e3fc441,1,1,official,principal
4751,1,0,0.0012795768699455036,probability_native,0.0012795768699455036,u_b6e80f015e3fc441,1,1,official,principal
5737,0,0,0.1969828392009816,probability_native,0.1969828392009816,u_b6e80f015e3fc441,1,1,official,principal
5009,0,0,0.0001281350480217392,probability_native,0.0001281350480217392,u_b6e80f015e3fc441,1,1,official,principal
4482,1,1,0.9998914559389817,probability_native,0.9998914559389817,u_b6e80f015e3fc441,1,1,official,principal
5981,0,0,4.476441493667754e-11,probability_native,4.476441493667754e-11,u_b6e80f015e3fc441,1,1,official,principal
2619,1,1,0.9991672734749191,probability_native,0.9991672734749191,u_b6e80f015e3fc441,1,1,official,principal
109,0,0,4.021876499441108e-13,probability_native,4.021876499441108e-13,u_b6e80f015e3fc441,1,1,official,principal
4182,1,1,0.99930989691014,probability_native,0.99930989691014,u_b6e80f015e3fc441,1,1,official,principal
2507,0,0,1.1378390340979196e-09,probability_native,1.1378390340979196e-09,u_b6e80f015e3fc441,1,1,official,principal
6172,1,1,0.9995763602819346,probability_native,0.9995763602819346,u_b6e80f015e3fc441,1,1,official,principal
5455,0,0,0.0009524098878893394,probability_native,0.0009524098878893394,u_b6e80f015e3fc441,1,1,official,principal
4467,0,0,0.009640282346947427,probability_native,0.009640282346947427,u_b6e80f015e3fc441,1,1,official,principal
4167,0,0,0.08041916429292638,probability_native,0.08041916429292638,u_b6e80f015e3fc441,1,1,official,principal
4269,1,0,0.341245274615738,probability_native,0.341245274615738,u_b6e80f015e3fc441,1,1,official,principal
847,0,0,4.742058898079776e-06,probability_native,4.742058898079776e-06,u_b6e80f015e3fc441,1,1,official,principal
1145,0,1,0.9442206594386912,probability_native,0.9442206594386912,u_b6e80f015e3fc441,1,1,official,principal
1971,0,0,6.571232546984886e-05,probability_native,6.571232546984886e-05,u_b6e80f015e3fc441,1,1,official,principal
5827,0,1,0.7861778484123614,probability_native,0.7861778484123614,u_b6e80f015e3fc441,1,1,official,principal
5832,1,1,0.9965616644788505,probability_native,0.9965616644788505,u_b6e80f015e3fc441,1,1,official,principal
1349,0,1,0.8821024226822283,probability_native,0.8821024226822283,u_b6e80f015e3fc441,1,1,official,principal
77,0,0,0.02586746204457605,probability_native,0.02586746204457605,u_b6e80f015e3fc441,1,1,official,principal
1859,1,1,0.9971914298571991,probability_native,0.9971914298571991,u_b6e80f015e3fc441,1,1,official,principal
720,0,0,4.306452916206068e-06,probability_native,4.306452916206068e-06,u_b6e80f015e3fc441,1,1,official,principal
2245,0,0,3.449464521342425e-08,probability_native,3.449464521342425e-08,u_b6e80f015e3fc441,1,1,official,principal
6699,0,0,2.2991465917673357e-10,probability_native,2.2991465917673357e-10,u_b6e80f015e3fc441,1,1,official,principal
572,0,0,0.009768107215528786,probability_native,0.009768107215528786,u_b6e80f015e3fc441,1,1,official,principal
7014,0,1,0.9992121570643342,probability_native,0.9992121570643342,u_b6e80f015e3fc441,1,1,official,principal
5342,1,1,0.9975797052070656,probability_native,0.9975797052070656,u_b6e80f015e3fc441,1,1,official,principal
3733,0,0,4.3661453043291456e-10,probability_native,4.3661453043291456e-10,u_b6e80f015e3fc441,1,1,official,principal
1937,0,0,2.981609396955535e-11,probability_native,2.981609396955535e-11,u_b6e80f015e3fc441,1,1,official,principal
4294,0,0,0.3146717902147799,probability_native,0.3146717902147799,u_b6e80f015e3fc441,1,1,official,principal
5861,0,0,1.5309664893250477e-10,probability_native,1.5309664893250477e-10,u_b6e80f015e3fc441,1,1,official,principal
994,0,0,1.5294843372123125e-10,probability_native,1.5294843372123125e-10,u_b6e80f015e3fc441,1,1,official,principal
4783,0,0,0.0030061628548903657,probability_native,0.0030061628548903657,u_b6e80f015e3fc441,1,1,official,principal
330,0,0,5.447887626103704e-11,probability_native,5.447887626103704e-11,u_b6e80f015e3fc441,1,1,official,principal
5411,1,1,0.9864329625390876,probability_native,0.9864329625390876,u_b6e80f015e3fc441,1,1,official,principal
604,0,0,0.14377031567814805,probability_native,0.14377031567814805,u_b6e80f015e3fc441,1,1,official,principal
6607,1,1,0.8069032445893343,probability_native,0.8069032445893343,u_b6e80f015e3fc441,1,1,official,principal
6176,1,1,0.9985898673548775,probability_native,0.9985898673548775,u_b6e80f015e3fc441,1,1,official,principal
1419,0,0,8.432921259602673e-12,probability_native,8.432921259602673e-12,u_b6e80f015e3fc441,1,1,official,principal
6516,1,1,0.9147831815903176,probability_native,0.9147831815903176,u_b6e80f015e3fc441,1,1,official,principal
2777,0,0,0.03588421378843137,probability_native,0.03588421378843137,u_b6e80f015e3fc441,1,1,official,principal
3343,0,0,0.0001610129510456014,probability_native,0.0001610129510456014,u_b6e80f015e3fc441,1,1,official,principal
6524,1,1,0.998772153373612,probability_native,0.998772153373612,u_b6e80f015e3fc441,1,1,official,principal
1167,0,0,0.12357923676000161,probability_native,0.12357923676000161,u_b6e80f015e3fc441,1,1,official,principal
2592,0,0,0.0019871907614260743,probability_native,0.0019871907614260743,u_b6e80f015e3fc441,1,1,official,principal
205,0,0,0.4169397113429846,probability_native,0.4169397113429846,u_b6e80f015e3fc441,1,1,official,principal
4196,0,0,2.455578931432182e-12,probability_native,2.455578931432182e-12,u_b6e80f015e3fc441,1,1,official,principal
4356,0,0,0.002200968011310901,probability_native,0.002200968011310901,u_b6e80f015e3fc441,1,1,official,principal
3977,0,0,1.126450753342818e-09,probability_native,1.126450753342818e-09,u_b6e80f015e3fc441,1,1,official,principal
6920,0,0,1.3539311224688474e-11,probability_native,1.3539311224688474e-11,u_b6e80f015e3fc441,1,1,official,principal
1085,1,1,0.9999505301174662,probability_native,0.9999505301174662,u_b6e80f015e3fc441,1,1,official,principal
4952,0,1,0.9957748507088264,probability_native,0.9957748507088264,u_b6e80f015e3fc441,1,1,official,principal
5746,1,1,0.9900716256794218,probability_native,0.9900716256794218,u_b6e80f015e3fc441,1,1,official,principal
480,0,0,3.118949151258066e-11,probability_native,3.118949151258066e-11,u_b6e80f015e3fc441,1,1,official,principal
6305,1,1,0.9994605825379935,probability_native,0.9994605825379935,u_b6e80f015e3fc441,1,1,official,principal
6651,0,0,0.032391374639462664,probability_native,0.032391374639462664,u_b6e80f015e3fc441,1,1,official,principal
5823,0,0,0.006280047475368224,probability_native,0.006280047475368224,u_b6e80f015e3fc441,1,1,official,principal
5146,0,1,0.9979412177117521,probability_native,0.9979412177117521,u_b6e80f015e3fc441,1,1,official,principal
3842,0,1,0.9553752685167483,probability_native,0.9553752685167483,u_b6e80f015e3fc441,1,1,official,principal
2314,0,0,2.0455383281695237e-10,probability_native,2.0455383281695237e-10,u_b6e80f015e3fc441,1,1,official,principal
3924,1,0,0.11133095510743152,probability_native,0.11133095510743152,u_b6e80f015e3fc441,1,1,official,principal
6450,0,0,1.8423333428837265e-11,probability_native,1.8423333428837265e-11,u_b6e80f015e3fc441,1,1,official,principal
3135,1,1,0.9996688865226564,probability_native,0.9996688865226564,u_b6e80f015e3fc441,1,1,official,principal
550,0,0,3.741886984084269e-09,probability_native,3.741886984084269e-09,u_b6e80f015e3fc441,1,1,official,principal
1982,0,0,0.00028267615995222967,probability_native,0.00028267615995222967,u_b6e80f015e3fc441,1,1,official,principal
2158,0,0,1.4470655861140233e-08,probability_native,1.4470655861140233e-08,u_b6e80f015e3fc441,1,1,official,principal
2169,0,0,5.469380051098727e-10,probability_native,5.469380051098727e-10,u_b6e80f015e3fc441,1,1,official,principal
200,0,0,0.018600360560064894,probability_native,0.018600360560064894,u_b6e80f015e3fc441,1,1,official,principal
5632,0,0,1.6150801548420156e-11,probability_native,1.6150801548420156e-11,u_b6e80f015e3fc441,1,1,official,principal
4189,0,0,1.706508753948862e-06,probability_native,1.706508753948862e-06,u_b6e80f015e3fc441,1,1,official,principal
1938,0,0,0.0028028537875132804,probability_native,0.0028028537875132804,u_b6e80f015e3fc441,1,1,official,principal
3607,0,0,0.0017389027928709903,probability_native,0.0017389027928709903,u_b6e80f015e3fc441,1,1,official,principal
2916,0,0,0.0033677005497203907,probability_native,0.0033677005497203907,u_b6e80f015e3fc441,1,1,official,principal
5645,0,0,0.0009751613362884854,probability_native,0.0009751613362884854,u_b6e80f015e3fc441,1,1,official,principal
2706,1,1,0.9982718949623777,probability_native,0.9982718949623777,u_b6e80f015e3fc441,1,1,official,principal
1668,0,1,0.8337315473081828,probability_native,0.8337315473081828,u_b6e80f015e3fc441,1,1,official,principal
6380,0,1,0.9946386664378282,probability_native,0.9946386664378282,u_b6e80f015e3fc441,1,1,official,principal
464,0,0,1.1801549611303146e-08,probability_native,1.1801549611303146e-08,u_b6e80f015e3fc441,1,1,official,principal
3308,0,0,3.716395657749455e-10,probability_native,3.716395657749455e-10,u_b6e80f015e3fc441,1,1,official,principal
6341,1,1,0.9993999712569399,probability_native,0.9993999712569399,u_b6e80f015e3fc441,1,1,official,principal
2116,1,1,0.9915497334294451,probability_native,0.9915497334294451,u_b6e80f015e3fc441,1,1,official,principal
3241,1,0,0.002546279687597058,probability_native,0.002546279687597058,u_b6e80f015e3fc441,1,1,official,principal
3645,0,0,0.0018409367246631145,probability_native,0.0018409367246631145,u_b6e80f015e3fc441,1,1,official,principal
5525,0,0,1.518590371540884e-05,probability_native,1.518590371540884e-05,u_b6e80f015e3fc441,1,1,official,principal
2128,0,0,0.0164202102420195,probability_native,0.0164202102420195,u_b6e80f015e3fc441,1,1,official,principal
6797,0,1,0.9920013642400172,probability_native,0.9920013642400172,u_b6e80f015e3fc441,1,1,official,principal
6762,1,1,0.7571002545665353,probability_native,0.7571002545665353,u_b6e80f015e3fc441,1,1,official,principal
633,0,0,4.802915704659263e-05,probability_native,4.802915704659263e-05,u_b6e80f015e3fc441,1,1,official,principal
1612,1,0,0.01822767702808107,probability_native,0.01822767702808107,u_b6e80f015e3fc441,1,1,official,principal
5904,0,0,0.28214622243894166,probability_native,0.28214622243894166,u_b6e80f015e3fc441,1,1,official,principal
6856,0,0,2.5498783852835577e-12,probability_native,2.5498783852835577e-12,u_b6e80f015e3fc441,1,1,official,principal
1181,1,1,0.997540730258273,probability_native,0.997540730258273,u_b6e80f015e3fc441,1,1,official,principal
5495,1,1,0.9987893618021038,probability_native,0.9987893618021038,u_b6e80f015e3fc441,1,1,official,principal
6277,1,0,0.0021466012541420617,probability_native,0.0021466012541420617,u_b6e80f015e3fc441,1,1,official,principal
2306,0,1,0.9998382960739679,probability_native,0.9998382960739679,u_b6e80f015e3fc441,1,1,official,principal
1094,0,0,0.009515750127877792,probability_native,0.009515750127877792,u_b6e80f015e3fc441,1,1,official,principal
2872,0,0,2.9621110060685267e-10,probability_native,2.9621110060685267e-10,u_b6e80f015e3fc441,1,1,official,principal
4777,0,0,0.36187604318371736,probability_native,0.36187604318371736,u_b6e80f015e3fc441,1,1,official,principal
3189,0,0,0.00012687417041102716,probability_native,0.00012687417041102716,u_b6e80f015e3fc441,1,1,official,principal
4591,0,0,0.16428143046378427,probability_native,0.16428143046378427,u_b6e80f015e3fc441,1,1,official,principal
1908,0,0,7.235137057583301e-12,probability_native,7.235137057583301e-12,u_b6e80f015e3fc441,1,1,official,principal
2560,1,1,0.9854444069095846,probability_native,0.9854444069095846,u_b6e80f015e3fc441,1,1,official,principal
4616,0,1,0.9070695474994936,probability_native,0.9070695474994936,u_b6e80f015e3fc441,1,1,official,principal
3859,0,1,0.5131516797925373,probability_native,0.5131516797925373,u_b6e80f015e3fc441,1,1,official,principal
780,0,0,5.03919110460085e-10,probability_native,5.03919110460085e-10,u_b6e80f015e3fc441,1,1,official,principal
4720,0,0,0.3708604569720736,probability_native,0.3708604569720736,u_b6e80f015e3fc441,1,1,official,principal
858,0,0,0.00233627330039483,probability_native,0.00233627330039483,u_b6e80f015e3fc441,1,1,official,principal
1521,0,0,0.006580917986649951,probability_native,0.006580917986649951,u_b6e80f015e3fc441,1,1,official,principal
1319,1,0,0.001579294948365636,probability_native,0.001579294948365636,u_b6e80f015e3fc441,1,1,official,principal
3161,0,0,5.251909511332141e-05,probability_native,5.251909511332141e-05,u_b6e80f015e3fc441,1,1,official,principal
4181,0,1,0.989666698547404,probability_native,0.989666698547404,u_b6e80f015e3fc441,1,1,official,principal
5114,0,1,0.9954372949740774,probability_native,0.9954372949740774,u_b6e80f015e3fc441,1,1,official,principal
5064,1,0,0.06146081258399315,probability_native,0.06146081258399315,u_b6e80f015e3fc441,1,1,official,principal
1882,0,0,0.12321200259362204,probability_native,0.12321200259362204,u_b6e80f015e3fc441,1,1,official,principal
1301,0,0,3.255753917315784e-11,probability_native,3.255753917315784e-11,u_b6e80f015e3fc441,1,1,official,principal
5366,0,0,3.639783778497026e-08,probability_native,3.639783778497026e-08,u_b6e80f015e3fc441,1,1,official,principal
677,1,1,0.9850532036045524,probability_native,0.9850532036045524,u_b6e80f015e3fc441,1,1,official,principal
1944,1,0,0.04635937802955254,probability_native,0.04635937802955254,u_b6e80f015e3fc441,1,1,official,principal
693,1,1,0.9957268361137683,probability_native,0.9957268361137683,u_b6e80f015e3fc441,1,1,official,principal
1914,0,1,0.9791340298806521,probability_native,0.9791340298806521,u_b6e80f015e3fc441,1,1,official,principal
6960,0,1,0.9995183290866045,probability_native,0.9995183290866045,u_b6e80f015e3fc441,1,1,official,principal
141,1,1,0.8303458605089263,probability_native,0.8303458605089263,u_b6e80f015e3fc441,1,1,official,principal
4515,0,1,0.9987654372205997,probability_native,0.9987654372205997,u_b6e80f015e3fc441,1,1,official,principal
5683,1,1,0.9779869366566314,probability_native,0.9779869366566314,u_b6e80f015e3fc441,1,1,official,principal
1542,0,0,7.856215143361961e-09,probability_native,7.856215143361961e-09,u_b6e80f015e3fc441,1,1,official,principal
5073,0,0,0.0073797748709269586,probability_native,0.0073797748709269586,u_b6e80f015e3fc441,1,1,official,principal
261,1,1,0.9999718076411793,probability_native,0.9999718076411793,u_b6e80f015e3fc441,1,1,official,principal
2658,0,0,2.530784399398467e-11,probability_native,2.530784399398467e-11,u_b6e80f015e3fc441,1,1,official,principal
5192,0,0,5.777133446703216e-12,probability_native,5.777133446703216e-12,u_b6e80f015e3fc441,1,1,official,principal
2852,0,0,2.5314668246002215e-09,probability_native,2.5314668246002215e-09,u_b6e80f015e3fc441,1,1,official,principal
2994,0,0,4.138075685808588e-11,probability_native,4.138075685808588e-11,u_b6e80f015e3fc441,1,1,official,principal
2839,0,0,3.0555253048748334e-11,probability_native,3.0555253048748334e-11,u_b6e80f015e3fc441,1,1,official,principal
1983,0,0,0.002447269822910149,probability_native,0.002447269822910149,u_b6e80f015e3fc441,1,1,official,principal
1437,0,1,0.7445519064551952,probability_native,0.7445519064551952,u_b6e80f015e3fc441,1,1,official,principal
2901,0,0,5.4271359178306056e-08,probability_native,5.4271359178306056e-08,u_b6e80f015e3fc441,1,1,official,principal
220,1,1,0.9998367203721772,probability_native,0.9998367203721772,u_b6e80f015e3fc441,1,1,official,principal
759,0,0,1.0115602468163448e-09,probability_native,1.0115602468163448e-09,u_b6e80f015e3fc441,1,1,official,principal
2153,0,1,0.9989484951205309,probability_native,0.9989484951205309,u_b6e80f015e3fc441,1,1,official,principal
2394,0,0,0.023447387909283857,probability_native,0.023447387909283857,u_b6e80f015e3fc441,1,1,official,principal
39,1,1,0.9995851600860646,probability_native,0.9995851600860646,u_b6e80f015e3fc441,1,1,official,principal
668,1,1,0.8233795651809546,probability_native,0.8233795651809546,u_b6e80f015e3fc441,1,1,official,principal
4772,0,0,4.992881614263105e-05,probability_native,4.992881614263105e-05,u_b6e80f015e3fc441,1,1,official,principal
2065,0,1,0.9990100734511488,probability_native,0.9990100734511488,u_b6e80f015e3fc441,1,1,official,principal
1754,0,0,0.0014574368571421477,probability_native,0.0014574368571421477,u_b6e80f015e3fc441,1,1,official,principal
6756,0,1,0.9997922083628898,probability_native,0.9997922083628898,u_b6e80f015e3fc441,1,1,official,principal
2599,0,0,2.2744405697139131e-10,probability_native,2.2744405697139131e-10,u_b6e80f015e3fc441,1,1,official,principal
5565,1,1,0.9521444256436818,probability_native,0.9521444256436818,u_b6e80f015e3fc441,1,1,official,principal
1132,1,1,0.99883526103652,probability_native,0.99883526103652,u_b6e80f015e3fc441,1,1,official,principal
2441,0,1,0.9989999505070756,probability_native,0.9989999505070756,u_b6e80f015e3fc441,1,1,official,principal
3243,0,1,0.9700111144842559,probability_native,0.9700111144842559,u_b6e80f015e3fc441,1,1,official,principal
4260,0,0,0.013281941075360904,probability_native,0.013281941075360904,u_b6e80f015e3fc441,1,1,official,principal
432,0,1,0.8972563417093136,probability_native,0.8972563417093136,u_b6e80f015e3fc441,1,1,official,principal
4146,1,1,0.9990851381538798,probability_native,0.9990851381538798,u_b6e80f015e3fc441,1,1,official,principal
2971,0,0,2.9332408508833056e-11,probability_native,2.9332408508833056e-11,u_b6e80f015e3fc441,1,1,official,principal
855,1,0,0.41596455577770675,probability_native,0.41596455577770675,u_b6e80f015e3fc441,1,1,official,principal
1581,0,0,0.1112974195672379,probability_native,0.1112974195672379,u_b6e80f015e3fc441,1,1,official,principal
1550,0,1,0.9999427969614257,probability_native,0.9999427969614257,u_b6e80f015e3fc441,1,1,official,principal
1715,0,0,7.122492676984927e-12,probability_native,7.122492676984927e-12,u_b6e80f015e3fc441,1,1,official,principal
732,0,1,0.992454484822944,probability_native,0.992454484822944,u_b6e80f015e3fc441,1,1,official,principal
239,0,0,3.1316748506196253e-10,probability_native,3.1316748506196253e-10,u_b6e80f015e3fc441,1,1,official,principal
1243,1,1,0.9884997616828517,probability_native,0.9884997616828517,u_b6e80f015e3fc441,1,1,official,principal
2741,1,1,0.9999911424423253,probability_native,0.9999911424423253,u_b6e80f015e3fc441,1,1,official,principal
4421,0,1,0.9239283744553491,probability_native,0.9239283744553491,u_b6e80f015e3fc441,1,1,official,principal
6033,1,1,0.9999569370679792,probability_native,0.9999569370679792,u_b6e80f015e3fc441,1,1,official,principal
6082,1,1,0.9623577784125548,probability_native,0.9623577784125548,u_b6e80f015e3fc441,1,1,official,principal
3219,0,0,3.870997310764126e-11,probability_native,3.870997310764126e-11,u_b6e80f015e3fc441,1,1,official,principal
3053,0,0,4.19815330488988e-08,probability_native,4.19815330488988e-08,u_b6e80f015e3fc441,1,1,official,principal
4091,0,1,0.5899308897117721,probability_native,0.5899308897117721,u_b6e80f015e3fc441,1,1,official,principal
2751,0,0,0.05439363832421076,probability_native,0.05439363832421076,u_b6e80f015e3fc441,1,1,official,principal
5790,0,1,0.7251234155773676,probability_native,0.7251234155773676,u_b6e80f015e3fc441,1,1,official,principal
1463,1,1,0.9993667517565783,probability_native,0.9993667517565783,u_b6e80f015e3fc441,1,1,official,principal
3086,0,1,0.9938051048668155,probability_native,0.9938051048668155,u_b6e80f015e3fc441,1,1,official,principal
648,1,1,0.9999219412922196,probability_native,0.9999219412922196,u_b6e80f015e3fc441,1,1,official,principal
204,0,1,0.7998947041892549,probability_native,0.7998947041892549,u_b6e80f015e3fc441,1,1,official,principal
1384,1,1,0.9993727279916322,probability_native,0.9993727279916322,u_b6e80f015e3fc441,1,1,official,principal
4746,1,1,0.999909290412194,probability_native,0.999909290412194,u_b6e80f015e3fc441,1,1,official,principal
3421,0,0,2.991942881816889e-09,probability_native,2.991942881816889e-09,u_b6e80f015e3fc441,1,1,official,principal
957,0,1,0.9041436876489007,probability_native,0.9041436876489007,u_b6e80f015e3fc441,1,1,official,principal
2387,0,1,0.9994773977486096,probability_native,0.9994773977486096,u_b6e80f015e3fc441,1,1,official,principal
1679,0,1,0.9456074280314035,probability_native,0.9456074280314035,u_b6e80f015e3fc441,1,1,official,principal
4578,0,1,0.8612845936619822,probability_native,0.8612845936619822,u_b6e80f015e3fc441,1,1,official,principal
2578,1,1,0.9949659351494933,probability_native,0.9949659351494933,u_b6e80f015e3fc441,1,1,official,principal
1148,1,1,0.9999639720970493,probability_native,0.9999639720970493,u_b6e80f015e3fc441,1,1,official,principal
4679,0,0,2.652391835410884e-09,probability_native,2.652391835410884e-09,u_b6e80f015e3fc441,1,1,official,principal
926,1,1,0.9999660553300296,probability_native,0.9999660553300296,u_b6e80f015e3fc441,1,1,official,principal
4882,0,0,1.7361381709559355e-09,probability_native,1.7361381709559355e-09,u_b6e80f015e3fc441,1,1,official,principal
781,0,0,0.2313331291501151,probability_native,0.2313331291501151,u_b6e80f015e3fc441,1,1,official,principal
4102,0,1,0.8575741168342391,probability_native,0.8575741168342391,u_b6e80f015e3fc441,1,1,official,principal
6769,0,0,2.9656177237097074e-11,probability_native,2.9656177237097074e-11,u_b6e80f015e3fc441,1,1,official,principal
1858,1,1,0.9945581944064454,probability_native,0.9945581944064454,u_b6e80f015e3fc441,1,1,official,principal
1183,0,1,0.5627758277992503,probability_native,0.5627758277992503,u_b6e80f015e3fc441,1,1,official,principal
4217,0,1,0.9999472458320221,probability_native,0.9999472458320221,u_b6e80f015e3fc441,1,1,official,principal
3299,0,0,9.795678354010322e-05,probability_native,9.795678354010322e-05,u_b6e80f015e3fc441,1,1,official,principal
5663,0,1,0.9971782116773938,probability_native,0.9971782116773938,u_b6e80f015e3fc441,1,1,official,principal
5028,0,0,3.466591683667702e-08,probability_native,3.466591683667702e-08,u_b6e80f015e3fc441,1,1,official,principal
3920,0,0,2.456054454917632e-08,probability_native,2.456054454917632e-08,u_b6e80f015e3fc441,1,1,official,principal
425,0,1,0.8596722258885628,probability_native,0.8596722258885628,u_b6e80f015e3fc441,1,1,official,principal
4846,0,1,0.9961017041436201,probability_native,0.9961017041436201,u_b6e80f015e3fc441,1,1,official,principal
6013,0,1,0.9133362528331153,probability_native,0.9133362528331153,u_b6e80f015e3fc441,1,1,official,principal
1367,0,1,0.9975080675441771,probability_native,0.9975080675441771,u_b6e80f015e3fc441,1,1,official,principal
4366,0,1,0.9947782355396025,probability_native,0.9947782355396025,u_b6e80f015e3fc441,1,1,official,principal
2214,1,1,0.9997906105794065,probability_native,0.9997906105794065,u_b6e80f015e3fc441,1,1,official,principal
2057,1,1,0.9081949134983694,probability_native,0.9081949134983694,u_b6e80f015e3fc441,1,1,official,principal
1974,1,1,0.9997278775134883,probability_native,0.9997278775134883,u_b6e80f015e3fc441,1,1,official,principal
5318,0,0,3.5656612160780846e-10,probability_native,3.5656612160780846e-10,u_b6e80f015e3fc441,1,1,official,principal
725,0,0,0.028906544455023785,probability_native,0.028906544455023785,u_b6e80f015e3fc441,1,1,official,principal
3323,0,0,0.00017606389292923908,probability_native,0.00017606389292923908,u_b6e80f015e3fc441,1,1,official,principal
3403,0,0,0.0009917722599267814,probability_native,0.0009917722599267814,u_b6e80f015e3fc441,1,1,official,principal
5802,0,1,0.9780349304585448,probability_native,0.9780349304585448,u_b6e80f015e3fc441,1,1,official,principal
5047,0,1,0.9707532364750906,probability_native,0.9707532364750906,u_b6e80f015e3fc441,1,1,official,principal
3620,0,1,0.8975326319938361,probability_native,0.8975326319938361,u_b6e80f015e3fc441,1,1,official,principal
2115,0,0,2.2302187265585692e-08,probability_native,2.2302187265585692e-08,u_b6e80f015e3fc441,1,1,official,principal
6099,0,0,8.367539596816446e-12,probability_native,8.367539596816446e-12,u_b6e80f015e3fc441,1,1,official,principal
5309,0,0,6.708329766439471e-12,probability_native,6.708329766439471e-12,u_b6e80f015e3fc441,1,1,official,principal
1655,1,0,0.2408501960806438,probability_native,0.2408501960806438,u_b6e80f015e3fc441,1,1,official,principal
5191,0,0,2.301020985591644e-09,probability_native,2.301020985591644e-09,u_b6e80f015e3fc441,1,1,official,principal
6347,0,1,0.9975278655323081,probability_native,0.9975278655323081,u_b6e80f015e3fc441,1,1,official,principal
151,1,1,0.9966013577740745,probability_native,0.9966013577740745,u_b6e80f015e3fc441,1,1,official,principal
508,1,1,0.9906300961847588,probability_native,0.9906300961847588,u_b6e80f015e3fc441,1,1,official,principal
562,0,0,0.06351603144254689,probability_native,0.06351603144254689,u_b6e80f015e3fc441,1,1,official,principal
5772,0,0,4.397492264942188e-09,probability_native,4.397492264942188e-09,u_b6e80f015e3fc441,1,1,official,principal
1355,0,0,0.14322347369647664,probability_native,0.14322347369647664,u_b6e80f015e3fc441,1,1,official,principal
6546,0,1,0.9566449325976867,probability_native,0.9566449325976867,u_b6e80f015e3fc441,1,1,official,principal
6441,0,0,0.006666566079491924,probability_native,0.006666566079491924,u_b6e80f015e3fc441,1,1,official,principal
5180,0,0,3.795204740804404e-11,probability_native,3.795204740804404e-11,u_b6e80f015e3fc441,1,1,official,principal
3045,0,0,0.3523266907232972,probability_native,0.3523266907232972,u_b6e80f015e3fc441,1,1,official,principal
3204,0,0,4.029001845454397e-05,probability_native,4.029001845454397e-05,u_b6e80f015e3fc441,1,1,official,principal
2413,0,0,7.823240085768203e-11,probability_native,7.823240085768203e-11,u_b6e80f015e3fc441,1,1,official,principal
5084,0,0,1.0576119114290436e-05,probability_native,1.0576119114290436e-05,u_b6e80f015e3fc441,1,1,official,principal
7010,1,1,0.999965635116496,probability_native,0.999965635116496,u_b6e80f015e3fc441,1,1,official,principal
6787,0,1,0.9301577731222109,probability_native,0.9301577731222109,u_b6e80f015e3fc441,1,1,official,principal
3962,1,1,0.9999774686645414,probability_native,0.9999774686645414,u_b6e80f015e3fc441,1,1,official,principal
4209,0,0,0.08368730717234645,probability_native,0.08368730717234645,u_b6e80f015e3fc441,1,1,official,principal
1967,1,0,5.025213784281587e-05,probability_native,5.025213784281587e-05,u_b6e80f015e3fc441,1,1,official,principal
2087,1,1,0.7029636709488749,probability_native,0.7029636709488749,u_b6e80f015e3fc441,1,1,official,principal
3800,0,0,6.12240720093827e-10,probability_native,6.12240720093827e-10,u_b6e80f015e3fc441,1,1,official,principal
857,1,1,0.984324954103667,probability_native,0.984324954103667,u_b6e80f015e3fc441,1,1,official,principal
6671,0,0,1.0970161839383263e-07,probability_native,1.0970161839383263e-07,u_b6e80f015e3fc441,1,1,official,principal
3527,1,1,0.9988735407103729,probability_native,0.9988735407103729,u_b6e80f015e3fc441,1,1,official,principal
2198,0,0,0.005759535996697141,probability_native,0.005759535996697141,u_b6e80f015e3fc441,1,1,official,principal
3224,1,1,0.9973900784237003,probability_native,0.9973900784237003,u_b6e80f015e3fc441,1,1,official,principal
1804,0,0,7.094496631132445e-05,probability_native,7.094496631132445e-05,u_b6e80f015e3fc441,1,1,official,principal
5866,0,0,0.011064176137772623,probability_native,0.011064176137772623,u_b6e80f015e3fc441,1,1,official,principal
974,0,0,1.7824280178873707e-09,probability_native,1.7824280178873707e-09,u_b6e80f015e3fc441,1,1,official,principal
4406,0,0,0.039271060540787925,probability_native,0.039271060540787925,u_b6e80f015e3fc441,1,1,official,principal
5404,0,0,0.015315233822395722,probability_native,0.015315233822395722,u_b6e80f015e3fc441,1,1,official,principal
5513,0,0,1.6573050039577316e-07,probability_native,1.6573050039577316e-07,u_b6e80f015e3fc441,1,1,official,principal
1194,0,1,0.9801721980093183,probability_native,0.9801721980093183,u_b6e80f015e3fc441,1,1,official,principal
4689,0,0,0.06629609943967867,probability_native,0.06629609943967867,u_b6e80f015e3fc441,1,1,official,principal
5468,1,1,0.9999146683249108,probability_native,0.9999146683249108,u_b6e80f015e3fc441,1,1,official,principal
3816,0,0,8.494833077673273e-08,probability_native,8.494833077673273e-08,u_b6e80f015e3fc441,1,1,official,principal
4786,0,0,4.011109852414392e-06,probability_native,4.011109852414392e-06,u_b6e80f015e3fc441,1,1,official,principal
6621,0,0,2.72860189306117e-12,probability_native,2.72860189306117e-12,u_b6e80f015e3fc441,1,1,official,principal
5380,1,1,0.9999122407058534,probability_native,0.9999122407058534,u_b6e80f015e3fc441,1,1,official,principal
0,0,1,0.9074897095137575,probability_native,0.9074897095137575,u_b6e80f015e3fc441,1,1,official,principal
360,0,0,0.0003227877721788816,probability_native,0.0003227877721788816,u_b6e80f015e3fc441,1,1,official,principal
4067,0,0,3.366587621153462e-09,probability_native,3.366587621153462e-09,u_b6e80f015e3fc441,1,1,official,principal
6741,1,1,0.9998947604258296,probability_native,0.9998947604258296,u_b6e80f015e3fc441,1,1,official,principal
1484,0,0,1.3056389573908365e-05,probability_native,1.3056389573908365e-05,u_b6e80f015e3fc441,1,1,official,principal
2145,0,1,0.9988529239747747,probability_native,0.9988529239747747,u_b6e80f015e3fc441,1,1,official,principal
502,0,0,0.00018238380604027429,probability_native,0.00018238380604027429,u_b6e80f015e3fc441,1,1,official,principal
2391,0,1,0.9990658470443238,probability_native,0.9990658470443238,u_b6e80f015e3fc441,1,1,official,principal
6841,0,0,0.2433620064836673,probability_native,0.2433620064836673,u_b6e80f015e3fc441,1,1,official,principal
735,0,0,0.02336812151336379,probability_native,0.02336812151336379,u_b6e80f015e3fc441,1,1,official,principal
1813,0,1,0.9954167087260023,probability_native,0.9954167087260023,u_b6e80f015e3fc441,1,1,official,principal
6609,1,0,0.010421914982922926,probability_native,0.010421914982922926,u_b6e80f015e3fc441,1,1,official,principal
1667,0,0,0.00013734529570649044,probability_native,0.00013734529570649044,u_b6e80f015e3fc441,1,1,official,principal
2243,0,1,0.99626146497631,probability_native,0.99626146497631,u_b6e80f015e3fc441,1,1,official,principal
4106,1,1,0.9999679587132096,probability_native,0.9999679587132096,u_b6e80f015e3fc441,1,1,official,principal
4779,0,1,0.9997029563113576,probability_native,0.9997029563113576,u_b6e80f015e3fc441,1,1,official,principal
5668,0,1,0.9992125349541849,probability_native,0.9992125349541849,u_b6e80f015e3fc441,1,1,official,principal
1264,0,0,4.291233344098603e-09,probability_native,4.291233344098603e-09,u_b6e80f015e3fc441,1,1,official,principal
3,0,0,0.00011957591290873952,probability_native,0.00011957591290873952,u_b6e80f015e3fc441,1,1,official,principal
2705,0,0,5.1359989491139365e-11,probability_native,5.1359989491139365e-11,u_b6e80f015e3fc441,1,1,official,principal
3175,1,1,0.99890005507985,probability_native,0.99890005507985,u_b6e80f015e3fc441,1,1,official,principal
2831,1,1,0.9999265839701703,probability_native,0.9999265839701703,u_b6e80f015e3fc441,1,1,official,principal
3677,0,0,0.06230942339778127,probability_native,0.06230942339778127,u_b6e80f015e3fc441,1,1,official,principal
4896,0,1,0.874758967855032,probability_native,0.874758967855032,u_b6e80f015e3fc441,1,1,official,principal
986,0,1,0.9206083103226355,probability_native,0.9206083103226355,u_b6e80f015e3fc441,1,1,official,principal
4434,0,1,0.9652261719146847,probability_native,0.9652261719146847,u_b6e80f015e3fc441,1,1,official,principal
5865,0,0,0.0014738208451682718,probability_native,0.0014738208451682718,u_b6e80f015e3fc441,1,1,official,principal
4742,0,0,6.504674413806882e-11,probability_native,6.504674413806882e-11,u_b6e80f015e3fc441,1,1,official,principal
4502,1,1,0.9987268856758429,probability_native,0.9987268856758429,u_b6e80f015e3fc441,1,1,official,principal
3294,1,1,0.9634722268650882,probability_native,0.9634722268650882,u_b6e80f015e3fc441,1,1,official,principal
4237,1,1,0.9992270858418335,probability_native,0.9992270858418335,u_b6e80f015e3fc441,1,1,official,principal
2721,1,1,0.9999818259824698,probability_native,0.9999818259824698,u_b6e80f015e3fc441,1,1,official,principal
4886,0,0,7.128328218085307e-05,probability_native,7.128328218085307e-05,u_b6e80f015e3fc441,1,1,official,principal
647,0,0,0.025968801101668264,probability_native,0.025968801101668264,u_b6e80f015e3fc441,1,1,official,principal
6601,0,0,5.625854109066545e-09,probability_native,5.625854109066545e-09,u_b6e80f015e3fc441,1,1,official,principal
6071,0,0,1.0017816260278704e-08,probability_native,1.0017816260278704e-08,u_b6e80f015e3fc441,1,1,official,principal
6448,1,0,0.4429881215924526,probability_native,0.4429881215924526,u_b6e80f015e3fc441,1,1,official,principal
6811,1,1,0.9892722225115773,probability_native,0.9892722225115773,u_b6e80f015e3fc441,1,1,official,principal
91,0,1,0.9993053947895022,probability_native,0.9993053947895022,u_b6e80f015e3fc441,1,1,official,principal
2,1,1,0.578892674521941,probability_native,0.578892674521941,u_b6e80f015e3fc441,1,1,official,principal
6612,1,1,0.9637126343753738,probability_native,0.9637126343753738,u_b6e80f015e3fc441,1,1,official,principal
2524,0,0,9.353932204808128e-13,probability_native,9.353932204808128e-13,u_b6e80f015e3fc441,1,1,official,principal
2835,0,0,0.00046621282305552415,probability_native,0.00046621282305552415,u_b6e80f015e3fc441,1,1,official,principal
3637,1,0,0.002123634332539411,probability_native,0.002123634332539411,u_b6e80f015e3fc441,1,1,official,principal
2356,0,1,0.5055068490413331,probability_native,0.5055068490413331,u_b6e80f015e3fc441,1,1,official,principal
630,1,1,0.872256445859663,probability_native,0.872256445859663,u_b6e80f015e3fc441,1,1,official,principal
4702,0,1,0.5932168025866509,probability_native,0.5932168025866509,u_b6e80f015e3fc441,1,1,official,principal
1057,1,1,0.9806118631367663,probability_native,0.9806118631367663,u_b6e80f015e3fc441,1,1,official,principal
1749,0,1,0.9939962519441827,probability_native,0.9939962519441827,u_b6e80f015e3fc441,1,1,official,principal
3285,0,0,2.880626930778051e-10,probability_native,2.880626930778051e-10,u_b6e80f015e3fc441,1,1,official,principal
6248,0,0,4.176483926730253e-10,probability_native,4.176483926730253e-10,u_b6e80f015e3fc441,1,1,official,principal
6089,1,1,0.9999669449890952,probability_native,0.9999669449890952,u_b6e80f015e3fc441,1,1,official,principal
3829,1,1,0.9997154356451274,probability_native,0.9997154356451274,u_b6e80f015e3fc441,1,1,official,principal
394,0,1,0.9998816048626885,probability_native,0.9998816048626885,u_b6e80f015e3fc441,1,1,official,principal
4623,0,1,0.951490550080082,probability_native,0.951490550080082,u_b6e80f015e3fc441,1,1,official,principal
76,0,0,0.01455969676511674,probability_native,0.01455969676511674,u_b6e80f015e3fc441,1,1,official,principal
920,0,0,1.458461850507977e-05,probability_native,1.458461850507977e-05,u_b6e80f015e3fc441,1,1,official,principal
4884,0,1,0.956760042558429,probability_native,0.956760042558429,u_b6e80f015e3fc441,1,1,official,principal
5256,1,0,1.705128383532642e-07,probability_native,1.705128383532642e-07,u_b6e80f015e3fc441,1,1,official,principal
6343,0,0,1.7186903228709515e-05,probability_native,1.7186903228709515e-05,u_b6e80f015e3fc441,1,1,official,principal
1903,0,1,0.9999491365681344,probability_native,0.9999491365681344,u_b6e80f015e3fc441,1,1,official,principal
4975,0,0,4.299280204396113e-07,probability_native,4.299280204396113e-07,u_b6e80f015e3fc441,1,1,official,principal
2630,0,0,4.356759556731717e-09,probability_native,4.356759556731717e-09,u_b6e80f015e3fc441,1,1,official,principal
5094,0,0,0.022107881592974086,probability_native,0.022107881592974086,u_b6e80f015e3fc441,1,1,official,principal
3609,0,1,0.7110124525049176,probability_native,0.7110124525049176,u_b6e80f015e3fc441,1,1,official,principal
6837,0,1,0.9999856844762582,probability_native,0.9999856844762582,u_b6e80f015e3fc441,1,1,official,principal
6403,0,0,3.330546172723203e-10,probability_native,3.330546172723203e-10,u_b6e80f015e3fc441,1,1,official,principal
1820,0,1,0.715630463020045,probability_native,0.715630463020045,u_b6e80f015e3fc441,1,1,official,principal
1602,1,1,0.9998240009543772,probability_native,0.9998240009543772,u_b6e80f015e3fc441,1,1,official,principal
1410,1,1,0.9999935306000806,probability_native,0.9999935306000806,u_b6e80f015e3fc441,1,1,official,principal
438,0,1,0.9757168010322084,probability_native,0.9757168010322084,u_b6e80f015e3fc441,1,1,official,principal
4328,0,1,0.9948651230853395,probability_native,0.9948651230853395,u_b6e80f015e3fc441,1,1,official,principal
3912,0,0,6.352961558870008e-11,probability_native,6.352961558870008e-11,u_b6e80f015e3fc441,1,1,official,principal
5933,1,1,0.9999804551171563,probability_native,0.9999804551171563,u_b6e80f015e3fc441,1,1,official,principal
5844,0,1,0.9864355129191812,probability_native,0.9864355129191812,u_b6e80f015e3fc441,1,1,official,principal
1267,0,0,3.72138522262816e-08,probability_native,3.72138522262816e-08,u_b6e80f015e3fc441,1,1,official,principal
4911,0,0,3.646157422346855e-09,probability_native,3.646157422346855e-09,u_b6e80f015e3fc441,1,1,official,principal
5554,0,0,1.303613520790204e-10,probability_native,1.303613520790204e-10,u_b6e80f015e3fc441,1,1,official,principal
4420,0,0,0.0005629761048650928,probability_native,0.0005629761048650928,u_b6e80f015e3fc441,1,1,official,principal
1053,1,1,0.9434576326044218,probability_native,0.9434576326044218,u_b6e80f015e3fc441,1,1,official,principal
5944,1,0,0.06316995308629948,probability_native,0.06316995308629948,u_b6e80f015e3fc441,1,1,official,principal
3862,0,0,2.5721565956096786e-12,probability_native,2.5721565956096786e-12,u_b6e80f015e3fc441,1,1,official,principal
2369,0,0,1.050001723810308e-09,probability_native,1.050001723810308e-09,u_b6e80f015e3fc441,1,1,official,principal
4452,0,0,4.2248545974130796e-11,probability_native,4.2248545974130796e-11,u_b6e80f015e3fc441,1,1,official,principal
2559,0,0,1.0591722560909372e-08,probability_native,1.0591722560909372e-08,u_b6e80f015e3fc441,1,1,official,principal
3522,0,0,5.040431777563505e-07,probability_native,5.040431777563505e-07,u_b6e80f015e3fc441,1,1,official,principal
4819,1,0,3.27873633395943e-11,probability_native,3.27873633395943e-11,u_b6e80f015e3fc441,1,1,official,principal
6535,1,1,0.8481978067313607,probability_native,0.8481978067313607,u_b6e80f015e3fc441,1,1,official,principal
1691,0,0,1.030483426001568e-12,probability_native,1.030483426001568e-12,u_b6e80f015e3fc441,1,1,official,principal
892,0,1,0.9957126128996069,probability_native,0.9957126128996069,u_b6e80f015e3fc441,1,1,official,principal
1541,0,0,5.150158515510891e-11,probability_native,5.150158515510891e-11,u_b6e80f015e3fc441,1,1,official,principal
1689,0,0,0.013386295333249785,probability_native,0.013386295333249785,u_b6e80f015e3fc441,1,1,official,principal
5967,1,1,0.9647450827161915,probability_native,0.9647450827161915,u_b6e80f015e3fc441,1,1,official,principal
6909,0,0,0.4007813450350126,probability_native,0.4007813450350126,u_b6e80f015e3fc441,1,1,official,principal
5120,1,0,0.06041308436112695,probability_native,0.06041308436112695,u_b6e80f015e3fc441,1,1,official,principal
6764,1,1,0.9998508502843517,probability_native,0.9998508502843517,u_b6e80f015e3fc441,1,1,official,principal
6259,0,0,3.6255515735585545e-09,probability_native,3.6255515735585545e-09,u_b6e80f015e3fc441,1,1,official,principal
229,0,0,6.23017946328328e-10,probability_native,6.23017946328328e-10,u_b6e80f015e3fc441,1,1,official,principal
6287,1,1,0.9998408281129292,probability_native,0.9998408281129292,u_b6e80f015e3fc441,1,1,official,principal
6658,1,1,0.9999232381191859,probability_native,0.9999232381191859,u_b6e80f015e3fc441,1,1,official,principal
399,0,0,2.4732026211552374e-06,probability_native,2.4732026211552374e-06,u_b6e80f015e3fc441,1,1,official,principal
1830,0,0,3.3140640496796025e-11,probability_native,3.3140640496796025e-11,u_b6e80f015e3fc441,1,1,official,principal
4194,0,0,2.4714476488904206e-11,probability_native,2.4714476488904206e-11,u_b6e80f015e3fc441,1,1,official,principal
1227,0,0,0.11027469856068209,probability_native,0.11027469856068209,u_b6e80f015e3fc441,1,1,official,principal
5236,0,1,0.7589369337612778,probability_native,0.7589369337612778,u_b6e80f015e3fc441,1,1,official,principal
1849,1,1,0.9959177199695989,probability_native,0.9959177199695989,u_b6e80f015e3fc441,1,1,official,principal
4221,0,0,0.0009138265838308565,probability_native,0.0009138265838308565,u_b6e80f015e3fc441,1,1,official,principal
1134,0,1,0.7504985082770544,probability_native,0.7504985082770544,u_b6e80f015e3fc441,1,1,official,principal
4394,0,1,0.9184376075618723,probability_native,0.9184376075618723,u_b6e80f015e3fc441,1,1,official,principal
2040,0,0,3.774332404688701e-10,probability_native,3.774332404688701e-10,u_b6e80f015e3fc441,1,1,official,principal
2097,0,1,0.9999039801250276,probability_native,0.9999039801250276,u_b6e80f015e3fc441,1,1,official,principal
6178,0,0,6.042302804998572e-10,probability_native,6.042302804998572e-10,u_b6e80f015e3fc441,1,1,official,principal
5419,0,0,1.8451083521209436e-07,probability_native,1.8451083521209436e-07,u_b6e80f015e3fc441,1,1,official,principal
5257,1,1,0.9999343053473033,probability_native,0.9999343053473033,u_b6e80f015e3fc441,1,1,official,principal
2690,1,1,0.988951152877643,probability_native,0.988951152877643,u_b6e80f015e3fc441,1,1,official,principal
3111,1,0,3.655868264412544e-07,probability_native,3.655868264412544e-07,u_b6e80f015e3fc441,1,1,official,principal
3870,0,0,0.005756457797964518,probability_native,0.005756457797964518,u_b6e80f015e3fc441,1,1,official,principal
615,0,1,0.8025511975296638,probability_native,0.8025511975296638,u_b6e80f015e3fc441,1,1,official,principal
4108,0,0,2.27718711918757e-05,probability_native,2.27718711918757e-05,u_b6e80f015e3fc441,1,1,official,principal
5795,0,1,0.993377489238126,probability_native,0.993377489238126,u_b6e80f015e3fc441,1,1,official,principal
4752,0,0,3.681292586944464e-05,probability_native,3.681292586944464e-05,u_b6e80f015e3fc441,1,1,official,principal
2018,1,1,0.9494888595252884,probability_native,0.9494888595252884,u_b6e80f015e3fc441,1,1,official,principal
3878,0,0,3.6921342052564417e-10,probability_native,3.6921342052564417e-10,u_b6e80f015e3fc441,1,1,official,principal
5090,1,1,0.9771236843126957,probability_native,0.9771236843126957,u_b6e80f015e3fc441,1,1,official,principal
6533,0,1,0.9992998927879592,probability_native,0.9992998927879592,u_b6e80f015e3fc441,1,1,official,principal
1481,0,0,7.847601910839715e-12,probability_native,7.847601910839715e-12,u_b6e80f015e3fc441,1,1,official,principal
1046,0,0,0.0001372493991904616,probability_native,0.0001372493991904616,u_b6e80f015e3fc441,1,1,official,principal
6716,1,1,0.9895992611138786,probability_native,0.9895992611138786,u_b6e80f015e3fc441,1,1,official,principal
697,1,1,0.9622384710344775,probability_native,0.9622384710344775,u_b6e80f015e3fc441,1,1,official,principal
6850,0,0,2.2153884859305037e-10,probability_native,2.2153884859305037e-10,u_b6e80f015e3fc441,1,1,official,principal
6721,0,0,1.3316959385068867e-08,probability_native,1.3316959385068867e-08,u_b6e80f015e3fc441,1,1,official,principal
4791,0,0,0.0035009508125188565,probability_native,0.0035009508125188565,u_b6e80f015e3fc441,1,1,official,principal
3619,0,0,4.7969769579992084e-11,probability_native,4.7969769579992084e-11,u_b6e80f015e3fc441,1,1,official,principal
2047,0,1,0.9924725923174771,probability_native,0.9924725923174771,u_b6e80f015e3fc441,1,1,official,principal
5253,0,1,0.8737213024267524,probability_native,0.8737213024267524,u_b6e80f015e3fc441,1,1,official,principal
6392,0,0,0.37574972306629795,probability_native,0.37574972306629795,u_b6e80f015e3fc441,1,1,official,principal
5880,1,1,0.9433831408035206,probability_native,0.9433831408035206,u_b6e80f015e3fc441,1,1,official,principal
5976,0,0,0.263910914954388,probability_native,0.263910914954388,u_b6e80f015e3fc441,1,1,official,principal
191,1,1,0.9994882657653202,probability_native,0.9994882657653202,u_b6e80f015e3fc441,1,1,official,principal
4348,1,0,0.009699340087140788,probability_native,0.009699340087140788,u_b6e80f015e3fc441,1,1,official,principal
2720,1,1,0.9908253207982992,probability_native,0.9908253207982992,u_b6e80f015e3fc441,1,1,official,principal
600,0,1,0.9244035513406241,probability_native,0.9244035513406241,u_b6e80f015e3fc441,1,1,official,principal
4143,1,1,0.9998479320754298,probability_native,0.9998479320754298,u_b6e80f015e3fc441,1,1,official,principal
1660,0,0,0.0074622985589104405,probability_native,0.0074622985589104405,u_b6e80f015e3fc441,1,1,official,principal
596,0,0,1.897723725336919e-09,probability_native,1.897723725336919e-09,u_b6e80f015e3fc441,1,1,official,principal
6549,1,1,0.9989009542527436,probability_native,0.9989009542527436,u_b6e80f015e3fc441,1,1,official,principal
3971,1,0,2.2106978441107813e-10,probability_native,2.2106978441107813e-10,u_b6e80f015e3fc441,1,1,official,principal
788,0,0,0.03392549540724557,probability_native,0.03392549540724557,u_b6e80f015e3fc441,1,1,official,principal
5950,0,1,0.7985495329482104,probability_native,0.7985495329482104,u_b6e80f015e3fc441,1,1,official,principal
1686,1,1,0.6978319266016767,probability_native,0.6978319266016767,u_b6e80f015e3fc441,1,1,official,principal
6900,0,1,0.9419237121696155,probability_native,0.9419237121696155,u_b6e80f015e3fc441,1,1,official,principal
865,1,1,0.9430020823511821,probability_native,0.9430020823511821,u_b6e80f015e3fc441,1,1,official,principal
3091,0,0,0.00010687055716002374,probability_native,0.00010687055716002374,u_b6e80f015e3fc441,1,1,official,principal
111,0,0,5.1930135854669676e-05,probability_native,5.1930135854669676e-05,u_b6e80f015e3fc441,1,1,official,principal
4283,0,1,0.9999443990915043,probability_native,0.9999443990915043,u_b6e80f015e3fc441,1,1,official,principal
44,0,1,0.8416181210343453,probability_native,0.8416181210343453,u_b6e80f015e3fc441,1,1,official,principal
4602,0,0,1.9149211670047858e-10,probability_native,1.9149211670047858e-10,u_b6e80f015e3fc441,1,1,official,principal
2680,0,0,5.35156111602749e-11,probability_native,5.35156111602749e-11,u_b6e80f015e3fc441,1,1,official,principal
702,0,1,0.9998104968330846,probability_native,0.9998104968330846,u_b6e80f015e3fc441,1,1,official,principal
6644,0,0,0.4914939392847038,probability_native,0.4914939392847038,u_b6e80f015e3fc441,1,1,official,principal
6005,0,0,0.3200261848652393,probability_native,0.3200261848652393,u_b6e80f015e3fc441,1,1,official,principal
5729,0,0,0.004204526074175993,probability_native,0.004204526074175993,u_b6e80f015e3fc441,1,1,official,principal
5452,0,0,0.002134867635829424,probability_native,0.002134867635829424,u_b6e80f015e3fc441,1,1,official,principal
6317,1,1,0.9998320126104968,probability_native,0.9998320126104968,u_b6e80f015e3fc441,1,1,official,principal
4197,0,1,0.9992101170971524,probability_native,0.9992101170971524,u_b6e80f015e3fc441,1,1,official,principal
6785,1,0,5.783344518463207e-09,probability_native,5.783344518463207e-09,u_b6e80f015e3fc441,1,1,official,principal
5598,0,0,1.7399725974840208e-07,probability_native,1.7399725974840208e-07,u_b6e80f015e3fc441,1,1,official,principal
1113,1,1,0.9286790947422963,probability_native,0.9286790947422963,u_b6e80f015e3fc441,1,1,official,principal
2263,1,1,0.9001140051708376,probability_native,0.9001140051708376,u_b6e80f015e3fc441,1,1,official,principal
6880,0,0,7.721912591678803e-12,probability_native,7.721912591678803e-12,u_b6e80f015e3fc441,1,1,official,principal
5738,1,0,0.0026676755181234205,probability_native,0.0026676755181234205,u_b6e80f015e3fc441,1,1,official,principal
4549,0,1,0.5234571835953556,probability_native,0.5234571835953556,u_b6e80f015e3fc441,1,1,official,principal
4271,0,0,2.133050902912915e-06,probability_native,2.133050902912915e-06,u_b6e80f015e3fc441,1,1,official,principal
5266,0,0,0.0001221148352965406,probability_native,0.0001221148352965406,u_b6e80f015e3fc441,1,1,official,principal
1993,1,1,0.9658719706783162,probability_native,0.9658719706783162,u_b6e80f015e3fc441,1,1,official,principal
4082,1,0,0.005966089994186691,probability_native,0.005966089994186691,u_b6e80f015e3fc441,1,1,official,principal
4997,1,1,0.9995307446562481,probability_native,0.9995307446562481,u_b6e80f015e3fc441,1,1,official,principal
63,0,0,0.0011167812540315738,probability_native,0.0011167812540315738,u_b6e80f015e3fc441,1,1,official,principal
5853,0,0,0.03128570618756725,probability_native,0.03128570618756725,u_b6e80f015e3fc441,1,1,official,principal
4730,0,1,0.9977997275300958,probability_native,0.9977997275300958,u_b6e80f015e3fc441,1,1,official,principal
4225,0,0,0.0010376482304326879,probability_native,0.0010376482304326879,u_b6e80f015e3fc441,1,1,official,principal
368,0,0,0.01530505060842421,probability_native,0.01530505060842421,u_b6e80f015e3fc441,1,1,official,principal
2407,1,1,0.9996968967211498,probability_native,0.9996968967211498,u_b6e80f015e3fc441,1,1,official,principal
5118,0,1,0.5410623163634121,probability_native,0.5410623163634121,u_b6e80f015e3fc441,1,1,official,principal
1912,0,0,1.4436896512038797e-05,probability_native,1.4436896512038797e-05,u_b6e80f015e3fc441,1,1,official,principal
4277,0,0,0.00918769887118552,probability_native,0.00918769887118552,u_b6e80f015e3fc441,1,1,official,principal
2826,0,0,0.42918606928565994,probability_native,0.42918606928565994,u_b6e80f015e3fc441,1,1,official,principal
6883,0,1,0.7580266617639664,probability_native,0.7580266617639664,u_b6e80f015e3fc441,1,1,official,principal
3578,0,0,0.12995354455759933,probability_native,0.12995354455759933,u_b6e80f015e3fc441,1,1,official,principal
2648,0,1,0.9343124268801344,probability_native,0.9343124268801344,u_b6e80f015e3fc441,1,1,official,principal
2458,0,0,7.087918952249986e-07,probability_native,7.087918952249986e-07,u_b6e80f015e3fc441,1,1,official,principal
2420,0,0,0.003322627767236951,probability_native,0.003322627767236951,u_b6e80f015e3fc441,1,1,official,principal
1464,0,0,0.12189679047795308,probability_native,0.12189679047795308,u_b6e80f015e3fc441,1,1,official,principal
3121,1,1,0.9932871354185923,probability_native,0.9932871354185923,u_b6e80f015e3fc441,1,1,official,principal
6360,1,0,0.010846954075452563,probability_native,0.010846954075452563,u_b6e80f015e3fc441,1,1,official,principal
6622,1,1,0.9841014183810066,probability_native,0.9841014183810066,u_b6e80f015e3fc441,1,1,official,principal
5649,0,0,0.0004379168922268599,probability_native,0.0004379168922268599,u_b6e80f015e3fc441,1,1,official,principal
4983,1,1,0.9756206171033767,probability_native,0.9756206171033767,u_b6e80f015e3fc441,1,1,official,principal
4149,1,0,6.661700384517051e-08,probability_native,6.661700384517051e-08,u_b6e80f015e3fc441,1,1,official,principal
5405,0,0,0.489697929146679,probability_native,0.489697929146679,u_b6e80f015e3fc441,1,1,official,principal
944,0,0,0.31448905369916447,probability_native,0.31448905369916447,u_b6e80f015e3fc441,1,1,official,principal
5074,0,0,5.567086535072275e-07,probability_native,5.567086535072275e-07,u_b6e80f015e3fc441,1,1,official,principal
5285,0,0,1.890126454894364e-09,probability_native,1.890126454894364e-09,u_b6e80f015e3fc441,1,1,official,principal
247,1,1,0.9999343343102456,probability_native,0.9999343343102456,u_b6e80f015e3fc441,1,1,official,principal
5451,0,0,0.000580428703902639,probability_native,0.000580428703902639,u_b6e80f015e3fc441,1,1,official,principal
147,1,1,0.9972499608634842,probability_native,0.9972499608634842,u_b6e80f015e3fc441,1,1,official,principal
4291,0,0,6.521616166313115e-10,probability_native,6.521616166313115e-10,u_b6e80f015e3fc441,1,1,official,principal
152,0,0,6.237926716913115e-05,probability_native,6.237926716913115e-05,u_b6e80f015e3fc441,1,1,official,principal
5127,1,0,0.0011440062231066084,probability_native,0.0011440062231066084,u_b6e80f015e3fc441,1,1,official,principal
488,0,0,5.4144355038049195e-09,probability_native,5.4144355038049195e-09,u_b6e80f015e3fc441,1,1,official,principal
3999,1,1,0.9999729297037978,probability_native,0.9999729297037978,u_b6e80f015e3fc441,1,1,official,principal
5140,0,1,0.9999508963723137,probability_native,0.9999508963723137,u_b6e80f015e3fc441,1,1,official,principal
4812,1,1,0.5222173602866673,probability_native,0.5222173602866673,u_b6e80f015e3fc441,1,1,official,principal
5744,0,1,0.7520289580691588,probability_native,0.7520289580691588,u_b6e80f015e3fc441,1,1,official,principal
4959,1,0,0.0003179174207731148,probability_native,0.0003179174207731148,u_b6e80f015e3fc441,1,1,official,principal
2059,0,1,0.9880306524946,probability_native,0.9880306524946,u_b6e80f015e3fc441,1,1,official,principal
1680,0,0,3.6841125235820923e-06,probability_native,3.6841125235820923e-06,u_b6e80f015e3fc441,1,1,official,principal
4747,0,0,8.033628990710483e-05,probability_native,8.033628990710483e-05,u_b6e80f015e3fc441,1,1,official,principal
5618,0,0,0.0019994310862683465,probability_native,0.0019994310862683465,u_b6e80f015e3fc441,1,1,official,principal
1434,1,1,0.9923151850479727,probability_native,0.9923151850479727,u_b6e80f015e3fc441,1,1,official,principal
899,0,0,0.27880552373498685,probability_native,0.27880552373498685,u_b6e80f015e3fc441,1,1,official,principal
1729,0,0,0.0026700433114506686,probability_native,0.0026700433114506686,u_b6e80f015e3fc441,1,1,official,principal
310,0,0,0.03416616201990738,probability_native,0.03416616201990738,u_b6e80f015e3fc441,1,1,official,principal
4668,0,0,0.24769023711543475,probability_native,0.24769023711543475,u_b6e80f015e3fc441,1,1,official,principal
5261,0,0,1.23860558955911e-05,probability_native,1.23860558955911e-05,u_b6e80f015e3fc441,1,1,official,principal
5022,0,0,1.2052982597495978e-11,probability_native,1.2052982597495978e-11,u_b6e80f015e3fc441,1,1,official,principal
5676,0,0,0.003612286018269545,probability_native,0.003612286018269545,u_b6e80f015e3fc441,1,1,official,principal
2907,1,1,0.996053378006543,probability_native,0.996053378006543,u_b6e80f015e3fc441,1,1,official,principal
6602,0,1,0.5576124810307459,probability_native,0.5576124810307459,u_b6e80f015e3fc441,1,1,official,principal
4389,0,1,0.9915520445887746,probability_native,0.9915520445887746,u_b6e80f015e3fc441,1,1,official,principal
4136,0,0,1.8189654217766195e-05,probability_native,1.8189654217766195e-05,u_b6e80f015e3fc441,1,1,official,principal
6511,0,0,4.6765968326583355e-09,probability_native,4.6765968326583355e-09,u_b6e80f015e3fc441,1,1,official,principal
2148,0,0,0.0003799144676412289,probability_native,0.0003799144676412289,u_b6e80f015e3fc441,1,1,official,principal
4691,1,1,0.9951017330678267,probability_native,0.9951017330678267,u_b6e80f015e3fc441,1,1,official,principal
711,0,1,0.9068008502440152,probability_native,0.9068008502440152,u_b6e80f015e3fc441,1,1,official,principal
5914,0,0,0.049668963362276185,probability_native,0.049668963362276185,u_b6e80f015e3fc441,1,1,official,principal
228,0,1,0.9284621481485889,probability_native,0.9284621481485889,u_b6e80f015e3fc441,1,1,official,principal
4450,1,0,0.4835376658553676,probability_native,0.4835376658553676,u_b6e80f015e3fc441,1,1,official,principal
6293,0,0,4.411835391561054e-11,probability_native,4.411835391561054e-11,u_b6e80f015e3fc441,1,1,official,principal
1212,0,1,0.9998383783249442,probability_native,0.9998383783249442,u_b6e80f015e3fc441,1,1,official,principal
4581,0,0,4.512590924569602e-11,probability_native,4.512590924569602e-11,u_b6e80f015e3fc441,1,1,official,principal
5231,1,1,0.9999657787390219,probability_native,0.9999657787390219,u_b6e80f015e3fc441,1,1,official,principal
1939,0,0,0.0018337046462313742,probability_native,0.0018337046462313742,u_b6e80f015e3fc441,1,1,official,principal
2847,0,1,0.9799402207054607,probability_native,0.9799402207054607,u_b6e80f015e3fc441,1,1,official,principal
6415,0,0,0.005786739875694038,probability_native,0.005786739875694038,u_b6e80f015e3fc441,1,1,official,principal
5625,0,0,0.01951910771054843,probability_native,0.01951910771054843,u_b6e80f015e3fc441,1,1,official,principal
2124,1,1,0.8998001021364399,probability_native,0.8998001021364399,u_b6e80f015e3fc441,1,1,official,principal
176,1,1,0.9995275140734307,probability_native,0.9995275140734307,u_b6e80f015e3fc441,1,1,official,principal
6685,0,0,0.29869274158379155,probability_native,0.29869274158379155,u_b6e80f015e3fc441,1,1,official,principal
5761,0,0,1.3013044944886468e-11,probability_native,1.3013044944886468e-11,u_b6e80f015e3fc441,1,1,official,principal
6733,0,0,0.18749490231937682,probability_native,0.18749490231937682,u_b6e80f015e3fc441,1,1,official,principal
2640,0,1,0.9803816133141853,probability_native,0.9803816133141853,u_b6e80f015e3fc441,1,1,official,principal
4525,0,1,0.6663297450582687,probability_native,0.6663297450582687,u_b6e80f015e3fc441,1,1,official,principal
1182,0,1,0.5490400626281364,probability_native,0.5490400626281364,u_b6e80f015e3fc441,1,1,official,principal
528,0,0,1.1985051100814035e-11,probability_native,1.1985051100814035e-11,u_b6e80f015e3fc441,1,1,official,principal
2126,0,1,0.808444016722173,probability_native,0.808444016722173,u_b6e80f015e3fc441,1,1,official,principal
2840,0,0,0.02391625492024741,probability_native,0.02391625492024741,u_b6e80f015e3fc441,1,1,official,principal
1610,0,0,3.0236786203455137e-11,probability_native,3.0236786203455137e-11,u_b6e80f015e3fc441,1,1,official,principal
6467,0,1,0.9995060354101883,probability_native,0.9995060354101883,u_b6e80f015e3fc441,1,1,official,principal
853,0,1,0.9416344154264198,probability_native,0.9416344154264198,u_b6e80f015e3fc441,1,1,official,principal
2343,0,1,0.8924459997619832,probability_native,0.8924459997619832,u_b6e80f015e3fc441,1,1,official,principal
3141,1,1,0.9860661855474211,probability_native,0.9860661855474211,u_b6e80f015e3fc441,1,1,official,principal
2581,0,0,0.0007921836544602415,probability_native,0.0007921836544602415,u_b6e80f015e3fc441,1,1,official,principal
4511,0,0,0.07273808405365037,probability_native,0.07273808405365037,u_b6e80f015e3fc441,1,1,official,principal
5472,0,0,0.06027432028448685,probability_native,0.06027432028448685,u_b6e80f015e3fc441,1,1,official,principal
4711,0,0,2.246484687713187e-05,probability_native,2.246484687713187e-05,u_b6e80f015e3fc441,1,1,official,principal
2727,1,1,0.9997805355343382,probability_native,0.9997805355343382,u_b6e80f015e3fc441,1,1,official,principal
1116,0,0,0.0026485668401708086,probability_native,0.0026485668401708086,u_b6e80f015e3fc441,1,1,official,principal
6781,1,1,0.9962021302769265,probability_native,0.9962021302769265,u_b6e80f015e3fc441,1,1,official,principal
3651,0,0,8.01596684106809e-11,probability_native,8.01596684106809e-11,u_b6e80f015e3fc441,1,1,official,principal
4785,1,1,0.9997135334115446,probability_native,0.9997135334115446,u_b6e80f015e3fc441,1,1,official,principal
278,0,1,0.9570530177935134,probability_native,0.9570530177935134,u_b6e80f015e3fc441,1,1,official,principal
584,0,0,0.010415000858227772,probability_native,0.010415000858227772,u_b6e80f015e3fc441,1,1,official,principal
5469,0,1,0.9346718458585107,probability_native,0.9346718458585107,u_b6e80f015e3fc441,1,1,official,principal
6120,0,1,0.992150300835275,probability_native,0.992150300835275,u_b6e80f015e3fc441,1,1,official,principal
3230,0,0,2.1706504455335604e-12,probability_native,2.1706504455335604e-12,u_b6e80f015e3fc441,1,1,official,principal
1348,1,1,0.9998021319081682,probability_native,0.9998021319081682,u_b6e80f015e3fc441,1,1,official,principal
484,1,1,0.9979036791862606,probability_native,0.9979036791862606,u_b6e80f015e3fc441,1,1,official,principal
3170,0,1,0.9645252110515239,probability_native,0.9645252110515239,u_b6e80f015e3fc441,1,1,official,principal
2885,0,0,5.845833400188795e-09,probability_native,5.845833400188795e-09,u_b6e80f015e3fc441,1,1,official,principal
3208,0,0,0.015198721124209776,probability_native,0.015198721124209776,u_b6e80f015e3fc441,1,1,official,principal
3491,0,0,0.10157677431934842,probability_native,0.10157677431934842,u_b6e80f015e3fc441,1,1,official,principal
1959,0,0,0.05591709002723383,probability_native,0.05591709002723383,u_b6e80f015e3fc441,1,1,official,principal
5249,0,0,4.2117456068841585e-12,probability_native,4.2117456068841585e-12,u_b6e80f015e3fc441,1,1,official,principal
1239,0,0,0.44175000788500096,probability_native,0.44175000788500096,u_b6e80f015e3fc441,1,1,official,principal
6465,0,0,3.351037073781865e-12,probability_native,3.351037073781865e-12,u_b6e80f015e3fc441,1,1,official,principal
1303,0,0,5.1197527511749425e-12,probability_native,5.1197527511749425e-12,u_b6e80f015e3fc441,1,1,official,principal
2330,0,1,0.8558881936146985,probability_native,0.8558881936146985,u_b6e80f015e3fc441,1,1,official,principal
5167,0,0,8.448118663427371e-10,probability_native,8.448118663427371e-10,u_b6e80f015e3fc441,1,1,official,principal
3710,0,0,4.943034266744892e-06,probability_native,4.943034266744892e-06,u_b6e80f015e3fc441,1,1,official,principal
1695,0,0,0.015957843535601823,probability_native,0.015957843535601823,u_b6e80f015e3fc441,1,1,official,principal
1021,0,0,0.0003680044229637277,probability_native,0.0003680044229637277,u_b6e80f015e3fc441,1,1,official,principal
3788,1,0,6.233312376864482e-09,probability_native,6.233312376864482e-09,u_b6e80f015e3fc441,1,1,official,principal
4863,0,0,3.508725668510927e-12,probability_native,3.508725668510927e-12,u_b6e80f015e3fc441,1,1,official,principal
4545,0,1,0.9377321560899756,probability_native,0.9377321560899756,u_b6e80f015e3fc441,1,1,official,principal
3021,0,0,0.002473327512231554,probability_native,0.002473327512231554,u_b6e80f015e3fc441,1,1,official,principal
6552,1,1,0.9999240973046658,probability_native,0.9999240973046658,u_b6e80f015e3fc441,1,1,official,principal
3215,0,1,0.9975172811531192,probability_native,0.9975172811531192,u_b6e80f015e3fc441,1,1,official,principal
6901,0,0,0.10393031416502915,probability_native,0.10393031416502915,u_b6e80f015e3fc441,1,1,official,principal
5148,0,0,4.7498896270032836e-07,probability_native,4.7498896270032836e-07,u_b6e80f015e3fc441,1,1,official,principal
5269,0,1,0.9637225915216341,probability_native,0.9637225915216341,u_b6e80f015e3fc441,1,1,official,principal
4047,0,0,2.4348057866028785e-08,probability_native,2.4348057866028785e-08,u_b6e80f015e3fc441,1,1,official,principal
6008,0,0,1.1621997344994707e-05,probability_native,1.1621997344994707e-05,u_b6e80f015e3fc441,1,1,official,principal
240,0,0,8.475702655785453e-09,probability_native,8.475702655785453e-09,u_b6e80f015e3fc441,1,1,official,principal
2873,1,1,0.9994674193388078,probability_native,0.9994674193388078,u_b6e80f015e3fc441,1,1,official,principal
5660,0,0,0.045810391786361544,probability_native,0.045810391786361544,u_b6e80f015e3fc441,1,1,official,principal
3114,0,1,0.9014248734084035,probability_native,0.9014248734084035,u_b6e80f015e3fc441,1,1,official,principal
4516,0,0,2.1773466308676046e-10,probability_native,2.1773466308676046e-10,u_b6e80f015e3fc441,1,1,official,principal
6425,0,0,6.822505843497574e-05,probability_native,6.822505843497574e-05,u_b6e80f015e3fc441,1,1,official,principal
6458,0,1,0.7288620082761348,probability_native,0.7288620082761348,u_b6e80f015e3fc441,1,1,official,principal
3953,1,1,0.9998373179484544,probability_native,0.9998373179484544,u_b6e80f015e3fc441,1,1,official,principal
3675,0,0,0.0027008003195014064,probability_native,0.0027008003195014064,u_b6e80f015e3fc441,1,1,official,principal
4425,0,0,0.05535932690858839,probability_native,0.05535932690858839,u_b6e80f015e3fc441,1,1,official,principal
5990,0,1,0.996672278171418,probability_native,0.996672278171418,u_b6e80f015e3fc441,1,1,official,principal
4126,0,0,0.00017357164520310177,probability_native,0.00017357164520310177,u_b6e80f015e3fc441,1,1,official,principal
5288,1,1,0.9999237316338064,probability_native,0.9999237316338064,u_b6e80f015e3fc441,1,1,official,principal
6348,0,1,0.9818325311703995,probability_native,0.9818325311703995,u_b6e80f015e3fc441,1,1,official,principal
2422,0,1,0.999975173794717,probability_native,0.999975173794717,u_b6e80f015e3fc441,1,1,official,principal
975,1,0,9.685037420437011e-08,probability_native,9.685037420437011e-08,u_b6e80f015e3fc441,1,1,official,principal
573,1,0,0.019113445664537994,probability_native,0.019113445664537994,u_b6e80f015e3fc441,1,1,official,principal
6219,1,1,0.8953883866364587,probability_native,0.8953883866364587,u_b6e80f015e3fc441,1,1,official,principal
1043,1,1,0.9651693571515579,probability_native,0.9651693571515579,u_b6e80f015e3fc441,1,1,official,principal
2529,1,0,0.00619515300262268,probability_native,0.00619515300262268,u_b6e80f015e3fc441,1,1,official,principal
1282,0,1,0.9890164757609904,probability_native,0.9890164757609904,u_b6e80f015e3fc441,1,1,official,principal
1340,0,0,8.97831179910175e-11,probability_native,8.97831179910175e-11,u_b6e80f015e3fc441,1,1,official,principal
6189,0,0,2.2455072775340074e-11,probability_native,2.2455072775340074e-11,u_b6e80f015e3fc441,1,1,official,principal
5510,0,1,0.94835646265294,probability_native,0.94835646265294,u_b6e80f015e3fc441,1,1,official,principal
3354,0,0,0.00016060180794074733,probability_native,0.00016060180794074733,u_b6e80f015e3fc441,1,1,official,principal
905,1,1,0.9999877864527015,probability_native,0.9999877864527015,u_b6e80f015e3fc441,1,1,official,principal
2735,0,1,0.9984954618396238,probability_native,0.9984954618396238,u_b6e80f015e3fc441,1,1,official,principal
6712,0,1,0.9816425329894718,probability_native,0.9816425329894718,u_b6e80f015e3fc441,1,1,official,principal
4333,0,0,0.16405556433989615,probability_native,0.16405556433989615,u_b6e80f015e3fc441,1,1,official,principal
1514,0,0,1.761013940947217e-12,probability_native,1.761013940947217e-12,u_b6e80f015e3fc441,1,1,official,principal
6608,1,0,0.010585549913957541,probability_native,0.010585549913957541,u_b6e80f015e3fc441,1,1,official,principal
135,0,0,3.9157598232367906e-10,probability_native,3.9157598232367906e-10,u_b6e80f015e3fc441,1,1,official,principal
3413,0,1,0.9033879829195731,probability_native,0.9033879829195731,u_b6e80f015e3fc441,1,1,official,principal
219,0,1,0.999496155687869,probability_native,0.999496155687869,u_b6e80f015e3fc441,1,1,official,principal
6754,0,0,3.9733770776455e-08,probability_native,3.9733770776455e-08,u_b6e80f015e3fc441,1,1,official,principal
6610,0,1,0.9983559180235685,probability_native,0.9983559180235685,u_b6e80f015e3fc441,1,1,official,principal
3549,0,0,3.567952923133975e-10,probability_native,3.567952923133975e-10,u_b6e80f015e3fc441,1,1,official,principal
257,0,0,0.00032844764473112173,probability_native,0.00032844764473112173,u_b6e80f015e3fc441,1,1,official,principal
4799,0,0,0.0022971192174124407,probability_native,0.0022971192174124407,u_b6e80f015e3fc441,1,1,official,principal
5248,0,0,1.6843066655975172e-08,probability_native,1.6843066655975172e-08,u_b6e80f015e3fc441,1,1,official,principal
3965,0,1,0.9498261101766933,probability_native,0.9498261101766933,u_b6e80f015e3fc441,1,1,official,principal
2942,0,0,1.7182358822307412e-09,probability_native,1.7182358822307412e-09,u_b6e80f015e3fc441,1,1,official,principal
5370,0,1,0.9906043509395048,probability_native,0.9906043509395048,u_b6e80f015e3fc441,1,1,official,principal
4495,1,1,0.9998555398426349,probability_native,0.9998555398426349,u_b6e80f015e3fc441,1,1,official,principal
3932,1,1,0.9999747406400381,probability_native,0.9999747406400381,u_b6e80f015e3fc441,1,1,official,principal
5347,0,0,1.8037317257138766e-10,probability_native,1.8037317257138766e-10,u_b6e80f015e3fc441,1,1,official,principal
5531,0,0,4.927202783900882e-06,probability_native,4.927202783900882e-06,u_b6e80f015e3fc441,1,1,official,principal
1273,0,1,0.9860354743530183,probability_native,0.9860354743530183,u_b6e80f015e3fc441,1,1,official,principal
6318,0,0,0.00012468615092726737,probability_native,0.00012468615092726737,u_b6e80f015e3fc441,1,1,official,principal
4284,0,1,0.9998642922679168,probability_native,0.9998642922679168,u_b6e80f015e3fc441,1,1,official,principal
1494,1,0,1.6133099354831287e-05,probability_native,1.6133099354831287e-05,u_b6e80f015e3fc441,1,1,official,principal
2190,0,0,5.438208657018795e-10,probability_native,5.438208657018795e-10,u_b6e80f015e3fc441,1,1,official,principal
4808,0,0,4.9598834132406264e-08,probability_native,4.9598834132406264e-08,u_b6e80f015e3fc441,1,1,official,principal
5926,0,0,0.08313597066278826,probability_native,0.08313597066278826,u_b6e80f015e3fc441,1,1,official,principal
138,0,0,2.9664963199467535e-11,probability_native,2.9664963199467535e-11,u_b6e80f015e3fc441,1,1,official,principal
1371,1,1,0.9999870581160556,probability_native,0.9999870581160556,u_b6e80f015e3fc441,1,1,official,principal
5357,0,0,1.7997638841490513e-11,probability_native,1.7997638841490513e-11,u_b6e80f015e3fc441,1,1,official,principal
1009,0,0,0.008430498690924422,probability_native,0.008430498690924422,u_b6e80f015e3fc441,1,1,official,principal
3995,1,1,0.8755342579137448,probability_native,0.8755342579137448,u_b6e80f015e3fc441,1,1,official,principal
3483,0,1,0.9974079864848754,probability_native,0.9974079864848754,u_b6e80f015e3fc441,1,1,official,principal
5815,1,1,0.99998757995556,probability_native,0.99998757995556,u_b6e80f015e3fc441,1,1,official,principal
1812,0,1,0.9449213386452975,probability_native,0.9449213386452975,u_b6e80f015e3fc441,1,1,official,principal
5493,1,1,0.9999756636105649,probability_native,0.9999756636105649,u_b6e80f015e3fc441,1,1,official,principal
3663,0,1,0.9988228150369359,probability_native,0.9988228150369359,u_b6e80f015e3fc441,1,1,official,principal
3654,0,1,0.7775396179658745,probability_native,0.7775396179658745,u_b6e80f015e3fc441,1,1,official,principal
568,1,1,0.9996768921159186,probability_native,0.9996768921159186,u_b6e80f015e3fc441,1,1,official,principal
5586,0,0,2.717485226190949e-05,probability_native,2.717485226190949e-05,u_b6e80f015e3fc441,1,1,official,principal
1656,0,1,0.7907168212589682,probability_native,0.7907168212589682,u_b6e80f015e3fc441,1,1,official,principal
4257,0,1,0.9747252689201162,probability_native,0.9747252689201162,u_b6e80f015e3fc441,1,1,official,principal
304,0,1,0.8996291068701266,probability_native,0.8996291068701266,u_b6e80f015e3fc441,1,1,official,principal
5239,0,0,3.0360080903756626e-05,probability_native,3.0360080903756626e-05,u_b6e80f015e3fc441,1,1,official,principal
2624,0,0,0.11443156313190808,probability_native,0.11443156313190808,u_b6e80f015e3fc441,1,1,official,principal
4586,0,0,2.4775959014024756e-10,probability_native,2.4775959014024756e-10,u_b6e80f015e3fc441,1,1,official,principal
939,0,0,0.0019284410602718146,probability_native,0.0019284410602718146,u_b6e80f015e3fc441,1,1,official,principal
4915,0,0,0.3689489613625575,probability_native,0.3689489613625575,u_b6e80f015e3fc441,1,1,official,principal
5846,0,1,0.9996394374862975,probability_native,0.9996394374862975,u_b6e80f015e3fc441,1,1,official,principal
4036,0,0,0.0005835824021407865,probability_native,0.0005835824021407865,u_b6e80f015e3fc441,1,1,official,principal
6235,1,0,0.02890479632510514,probability_native,0.02890479632510514,u_b6e80f015e3fc441,1,1,official,principal
4314,1,1,0.9999694734838832,probability_native,0.9999694734838832,u_b6e80f015e3fc441,1,1,official,principal
2545,0,0,0.00011958341556463371,probability_native,0.00011958341556463371,u_b6e80f015e3fc441,1,1,official,principal
6006,0,0,0.0351001644518154,probability_native,0.0351001644518154,u_b6e80f015e3fc441,1,1,official,principal
1492,1,1,0.9999688987817439,probability_native,0.9999688987817439,u_b6e80f015e3fc441,1,1,official,principal
4332,0,0,5.418821592115126e-10,probability_native,5.418821592115126e-10,u_b6e80f015e3fc441,1,1,official,principal
4093,0,1,0.9859609340362837,probability_native,0.9859609340362837,u_b6e80f015e3fc441,1,1,official,principal
6696,0,1,0.9992806386827637,probability_native,0.9992806386827637,u_b6e80f015e3fc441,1,1,official,principal
