row_id,y_true,y_pred,score_positive,score_type,probability_native,unit_id,outer_fold,replicate,purpose,variant
3151,0,0,0.33581942319869995,probability_native,0.33581942319869995,u_94f82ce634f765f7,4,0,official,principal
3867,0,0,0.04196840152144432,probability_native,0.04196840152144432,u_94f82ce634f765f7,4,0,official,principal
6950,0,0,0.2932732105255127,probability_native,0.2932732105255127,u_94f82ce634f765f7,4,0,official,principal
11,0,0,0.01937427744269371,probability_native,0.01937427744269371,u_94f82ce634f765f7,4,0,official,principal
6271,0,0,0.21843257546424866,probability_native,0.21843257546424866,u_94f82ce634f765f7,4,0,official,principal
3741,0,0,0.03814782202243805,probability_native,0.03814782202243805,u_94f82ce634f765f7,4,0,official,principal
622,0,0,0.17823763191699982,probability_native,0.17823763191699982,u_94f82ce634f765f7,4,0,official,principal
6969,1,0,0.3265856206417084,probability_native,0.3265856206417084,u_94f82ce634f765f7,4,0,official,principal
1056,1,1,0.7432820200920105,probability_native,0.7432820200920105,u_94f82ce634f765f7,4,0,official,principal
2582,0,1,0.726506769657135,probability_native,0.726506769657135,u_94f82ce634f765f7,4,0,official,principal
4805,0,0,0.017801444977521896,probability_native,0.017801444977521896,u_94f82ce634f765f7,4,0,official,principal
5488,0,0,0.20535564422607422,probability_native,0.20535564422607422,u_94f82ce634f765f7,4,0,official,principal
4392,0,0,0.27910441160202026,probability_native,0.27910441160202026,u_94f82ce634f765f7,4,0,official,principal
3887,1,0,0.4578838646411896,probability_native,0.4578838646411896,u_94f82ce634f765f7,4,0,official,principal
2652,0,1,0.5131226778030396,probability_native,0.5131226778030396,u_94f82ce634f765f7,4,0,official,principal
3420,0,0,0.12969624996185303,probability_native,0.12969624996185303,u_94f82ce634f765f7,4,0,official,principal
6148,0,0,0.021167485043406487,probability_native,0.021167485043406487,u_94f82ce634f765f7,4,0,official,principal
6385,1,1,0.8186524510383606,probability_native,0.8186524510383606,u_94f82ce634f765f7,4,0,official,principal
4428,1,1,0.6072896122932434,probability_native,0.6072896122932434,u_94f82ce634f765f7,4,0,official,principal
3214,0,0,0.1435527503490448,probability_native,0.1435527503490448,u_94f82ce634f765f7,4,0,official,principal
5859,0,0,0.014793891459703445,probability_native,0.014793891459703445,u_94f82ce634f765f7,4,0,official,principal
288,1,1,0.6299545168876648,probability_native,0.6299545168876648,u_94f82ce634f765f7,4,0,official,principal
2487,0,0,0.08240464329719543,probability_native,0.08240464329719543,u_94f82ce634f765f7,4,0,official,principal
3402,1,1,0.7722821831703186,probability_native,0.7722821831703186,u_94f82ce634f765f7,4,0,official,principal
6941,0,0,0.04780292510986328,probability_native,0.04780292510986328,u_94f82ce634f765f7,4,0,official,principal
4472,0,0,0.03904956579208374,probability_native,0.03904956579208374,u_94f82ce634f765f7,4,0,official,principal
1489,0,0,0.0391085185110569,probability_native,0.0391085185110569,u_94f82ce634f765f7,4,0,official,principal
4818,0,0,0.08392360061407089,probability_native,0.08392360061407089,u_94f82ce634f765f7,4,0,official,principal
1418,0,0,0.3093876540660858,probability_native,0.3093876540660858,u_94f82ce634f765f7,4,0,official,principal
4976,0,0,0.05099774897098541,probability_native,0.05099774897098541,u_94f82ce634f765f7,4,0,official,principal
2485,1,1,0.6349015831947327,probability_native,0.6349015831947327,u_94f82ce634f765f7,4,0,official,principal
2527,1,1,0.7157260179519653,probability_native,0.7157260179519653,u_94f82ce634f765f7,4,0,official,principal
2304,0,0,0.18007232248783112,probability_native,0.18007232248783112,u_94f82ce634f765f7,4,0,official,principal
1032,1,1,0.7392718195915222,probability_native,0.7392718195915222,u_94f82ce634f765f7,4,0,official,principal
5896,0,0,0.018750645220279694,probability_native,0.018750645220279694,u_94f82ce634f765f7,4,0,official,principal
5068,0,0,0.015270139090716839,probability_native,0.015270139090716839,u_94f82ce634f765f7,4,0,official,principal
4019,1,1,0.7464085221290588,probability_native,0.7464085221290588,u_94f82ce634f765f7,4,0,official,principal
641,1,0,0.17796529829502106,probability_native,0.17796529829502106,u_94f82ce634f765f7,4,0,official,principal
6264,0,0,0.07306066900491714,probability_native,0.07306066900491714,u_94f82ce634f765f7,4,0,official,principal
5287,0,0,0.3346896171569824,probability_native,0.3346896171569824,u_94f82ce634f765f7,4,0,official,principal
3785,1,1,0.7458614706993103,probability_native,0.7458614706993103,u_94f82ce634f765f7,4,0,official,principal
1465,0,1,0.6699350476264954,probability_native,0.6699350476264954,u_94f82ce634f765f7,4,0,official,principal
5511,0,0,0.036339886486530304,probability_native,0.036339886486530304,u_94f82ce634f765f7,4,0,official,principal
690,0,0,0.4058869183063507,probability_native,0.4058869183063507,u_94f82ce634f765f7,4,0,official,principal
4660,1,0,0.10273860394954681,probability_native,0.10273860394954681,u_94f82ce634f765f7,4,0,official,principal
2616,1,0,0.2642955183982849,probability_native,0.2642955183982849,u_94f82ce634f765f7,4,0,official,principal
2443,0,0,0.0321272648870945,probability_native,0.0321272648870945,u_94f82ce634f765f7,4,0,official,principal
6003,0,0,0.014793891459703445,probability_native,0.014793891459703445,u_94f82ce634f765f7,4,0,official,principal
4484,0,1,0.811353862285614,probability_native,0.811353862285614,u_94f82ce634f765f7,4,0,official,principal
1102,1,0,0.3368699252605438,probability_native,0.3368699252605438,u_94f82ce634f765f7,4,0,official,principal
6788,0,0,0.05604889616370201,probability_native,0.05604889616370201,u_94f82ce634f765f7,4,0,official,principal
2147,0,0,0.12232260406017303,probability_native,0.12232260406017303,u_94f82ce634f765f7,4,0,official,principal
6102,0,0,0.028047185391187668,probability_native,0.028047185391187668,u_94f82ce634f765f7,4,0,official,principal
3683,0,0,0.013596346601843834,probability_native,0.013596346601843834,u_94f82ce634f765f7,4,0,official,principal
2671,0,0,0.39261555671691895,probability_native,0.39261555671691895,u_94f82ce634f765f7,4,0,official,principal
3838,0,1,0.6041913032531738,probability_native,0.6041913032531738,u_94f82ce634f765f7,4,0,official,principal
3246,1,0,0.30341988801956177,probability_native,0.30341988801956177,u_94f82ce634f765f7,4,0,official,principal
5385,1,0,0.24933452904224396,probability_native,0.24933452904224396,u_94f82ce634f765f7,4,0,official,principal
3748,0,0,0.028297437354922295,probability_native,0.028297437354922295,u_94f82ce634f765f7,4,0,official,principal
1896,0,0,0.11767182499170303,probability_native,0.11767182499170303,u_94f82ce634f765f7,4,0,official,principal
4337,0,0,0.3251253366470337,probability_native,0.3251253366470337,u_94f82ce634f765f7,4,0,official,principal
3745,1,1,0.7853637337684631,probability_native,0.7853637337684631,u_94f82ce634f765f7,4,0,official,principal
4429,0,0,0.020874330773949623,probability_native,0.020874330773949623,u_94f82ce634f765f7,4,0,official,principal
3298,0,0,0.14021065831184387,probability_native,0.14021065831184387,u_94f82ce634f765f7,4,0,official,principal
2045,0,0,0.17750133574008942,probability_native,0.17750133574008942,u_94f82ce634f765f7,4,0,official,principal
6297,0,0,0.17135405540466309,probability_native,0.17135405540466309,u_94f82ce634f765f7,4,0,official,principal
3811,0,0,0.3138841688632965,probability_native,0.3138841688632965,u_94f82ce634f765f7,4,0,official,principal
2572,0,0,0.01477206964045763,probability_native,0.01477206964045763,u_94f82ce634f765f7,4,0,official,principal
6581,0,0,0.06616047769784927,probability_native,0.06616047769784927,u_94f82ce634f765f7,4,0,official,principal
5600,1,1,0.5767019987106323,probability_native,0.5767019987106323,u_94f82ce634f765f7,4,0,official,principal
4908,1,1,0.5485876798629761,probability_native,0.5485876798629761,u_94f82ce634f765f7,4,0,official,principal
5517,0,0,0.06735220551490784,probability_native,0.06735220551490784,u_94f82ce634f765f7,4,0,official,principal
6513,0,0,0.18379266560077667,probability_native,0.18379266560077667,u_94f82ce634f765f7,4,0,official,principal
5648,0,0,0.17996779084205627,probability_native,0.17996779084205627,u_94f82ce634f765f7,4,0,official,principal
4718,0,0,0.043720655143260956,probability_native,0.043720655143260956,u_94f82ce634f765f7,4,0,official,principal
682,0,0,0.2656671702861786,probability_native,0.2656671702861786,u_94f82ce634f765f7,4,0,official,principal
5616,0,0,0.12151488661766052,probability_native,0.12151488661766052,u_94f82ce634f765f7,4,0,official,principal
414,0,0,0.2490406632423401,probability_native,0.2490406632423401,u_94f82ce634f765f7,4,0,official,principal
6214,0,0,0.015642166137695312,probability_native,0.015642166137695312,u_94f82ce634f765f7,4,0,official,principal
5196,0,0,0.21223461627960205,probability_native,0.21223461627960205,u_94f82ce634f765f7,4,0,official,principal
1821,1,0,0.4598778486251831,probability_native,0.4598778486251831,u_94f82ce634f765f7,4,0,official,principal
5679,1,1,0.7173754572868347,probability_native,0.7173754572868347,u_94f82ce634f765f7,4,0,official,principal
1169,0,0,0.1319296807050705,probability_native,0.1319296807050705,u_94f82ce634f765f7,4,0,official,principal
2737,0,0,0.2939925491809845,probability_native,0.2939925491809845,u_94f82ce634f765f7,4,0,official,principal
6521,0,0,0.02774028852581978,probability_native,0.02774028852581978,u_94f82ce634f765f7,4,0,official,principal
4790,0,1,0.524344265460968,probability_native,0.524344265460968,u_94f82ce634f765f7,4,0,official,principal
872,0,0,0.014822244644165039,probability_native,0.014822244644165039,u_94f82ce634f765f7,4,0,official,principal
4574,0,0,0.15290071070194244,probability_native,0.15290071070194244,u_94f82ce634f765f7,4,0,official,principal
1028,1,0,0.454618364572525,probability_native,0.454618364572525,u_94f82ce634f765f7,4,0,official,principal
3245,1,0,0.26930925250053406,probability_native,0.26930925250053406,u_94f82ce634f765f7,4,0,official,principal
3156,0,0,0.04296159744262695,probability_native,0.04296159744262695,u_94f82ce634f765f7,4,0,official,principal
889,1,0,0.2937164306640625,probability_native,0.2937164306640625,u_94f82ce634f765f7,4,0,official,principal
579,0,0,0.2421400249004364,probability_native,0.2421400249004364,u_94f82ce634f765f7,4,0,official,principal
6411,0,1,0.6839204430580139,probability_native,0.6839204430580139,u_94f82ce634f765f7,4,0,official,principal
1970,1,1,0.7198576331138611,probability_native,0.7198576331138611,u_94f82ce634f765f7,4,0,official,principal
3566,0,0,0.09769034385681152,probability_native,0.09769034385681152,u_94f82ce634f765f7,4,0,official,principal
2188,0,0,0.18633542954921722,probability_native,0.18633542954921722,u_94f82ce634f765f7,4,0,official,principal
2984,0,0,0.03582536056637764,probability_native,0.03582536056637764,u_94f82ce634f765f7,4,0,official,principal
2023,1,1,0.7473353743553162,probability_native,0.7473353743553162,u_94f82ce634f765f7,4,0,official,principal
5584,1,0,0.497027188539505,probability_native,0.497027188539505,u_94f82ce634f765f7,4,0,official,principal
5677,0,0,0.1252959668636322,probability_native,0.1252959668636322,u_94f82ce634f765f7,4,0,official,principal
3913,0,0,0.011507275514304638,probability_native,0.011507275514304638,u_94f82ce634f765f7,4,0,official,principal
4550,0,0,0.013348753564059734,probability_native,0.013348753564059734,u_94f82ce634f765f7,4,0,official,principal
1621,1,0,0.39973893761634827,probability_native,0.39973893761634827,u_94f82ce634f765f7,4,0,official,principal
2173,0,1,0.6430584192276001,probability_native,0.6430584192276001,u_94f82ce634f765f7,4,0,official,principal
2726,0,0,0.013727721758186817,probability_native,0.013727721758186817,u_94f82ce634f765f7,4,0,official,principal
3606,0,0,0.38895896077156067,probability_native,0.38895896077156067,u_94f82ce634f765f7,4,0,official,principal
6728,0,0,0.06329869478940964,probability_native,0.06329869478940964,u_94f82ce634f765f7,4,0,official,principal
4014,0,0,0.27353063225746155,probability_native,0.27353063225746155,u_94f82ce634f765f7,4,0,official,principal
3855,0,0,0.10007604956626892,probability_native,0.10007604956626892,u_94f82ce634f765f7,4,0,official,principal
61,0,0,0.2932569086551666,probability_native,0.2932569086551666,u_94f82ce634f765f7,4,0,official,principal
6329,0,0,0.1411677747964859,probability_native,0.1411677747964859,u_94f82ce634f765f7,4,0,official,principal
1000,1,1,0.809410810470581,probability_native,0.809410810470581,u_94f82ce634f765f7,4,0,official,principal
1598,0,0,0.015057726763188839,probability_native,0.015057726763188839,u_94f82ce634f765f7,4,0,official,principal
5482,1,0,0.06791997700929642,probability_native,0.06791997700929642,u_94f82ce634f765f7,4,0,official,principal
3390,0,0,0.028901251032948494,probability_native,0.028901251032948494,u_94f82ce634f765f7,4,0,official,principal
4541,1,1,0.5597313046455383,probability_native,0.5597313046455383,u_94f82ce634f765f7,4,0,official,principal
4085,0,0,0.08438441157341003,probability_native,0.08438441157341003,u_94f82ce634f765f7,4,0,official,principal
5984,1,1,0.6887810230255127,probability_native,0.6887810230255127,u_94f82ce634f765f7,4,0,official,principal
6640,0,0,0.041272733360528946,probability_native,0.041272733360528946,u_94f82ce634f765f7,4,0,official,principal
5432,1,0,0.43431758880615234,probability_native,0.43431758880615234,u_94f82ce634f765f7,4,0,official,principal
6085,1,0,0.40633779764175415,probability_native,0.40633779764175415,u_94f82ce634f765f7,4,0,official,principal
1121,0,0,0.06691297143697739,probability_native,0.06691297143697739,u_94f82ce634f765f7,4,0,official,principal
5810,1,1,0.5909367203712463,probability_native,0.5909367203712463,u_94f82ce634f765f7,4,0,official,principal
1994,0,0,0.0359809473156929,probability_native,0.0359809473156929,u_94f82ce634f765f7,4,0,official,principal
850,0,0,0.030052023008465767,probability_native,0.030052023008465767,u_94f82ce634f765f7,4,0,official,principal
6600,1,0,0.30327311158180237,probability_native,0.30327311158180237,u_94f82ce634f765f7,4,0,official,principal
5334,1,0,0.11948303878307343,probability_native,0.11948303878307343,u_94f82ce634f765f7,4,0,official,principal
5323,0,0,0.21257451176643372,probability_native,0.21257451176643372,u_94f82ce634f765f7,4,0,official,principal
3177,0,0,0.010844411328434944,probability_native,0.010844411328434944,u_94f82ce634f765f7,4,0,official,principal
845,0,0,0.035808779299259186,probability_native,0.035808779299259186,u_94f82ce634f765f7,4,0,official,principal
3190,0,0,0.031207488849759102,probability_native,0.031207488849759102,u_94f82ce634f765f7,4,0,official,principal
5720,0,0,0.2880869209766388,probability_native,0.2880869209766388,u_94f82ce634f765f7,4,0,official,principal
7019,0,0,0.014271767809987068,probability_native,0.014271767809987068,u_94f82ce634f765f7,4,0,official,principal
942,0,0,0.3382793664932251,probability_native,0.3382793664932251,u_94f82ce634f765f7,4,0,official,principal
1609,0,0,0.30499038100242615,probability_native,0.30499038100242615,u_94f82ce634f765f7,4,0,official,principal
2311,0,0,0.35977646708488464,probability_native,0.35977646708488464,u_94f82ce634f765f7,4,0,official,principal
3835,0,0,0.024906661361455917,probability_native,0.024906661361455917,u_94f82ce634f765f7,4,0,official,principal
766,0,0,0.41303592920303345,probability_native,0.41303592920303345,u_94f82ce634f765f7,4,0,official,principal
3358,0,0,0.07708614319562912,probability_native,0.07708614319562912,u_94f82ce634f765f7,4,0,official,principal
5552,0,0,0.032605841755867004,probability_native,0.032605841755867004,u_94f82ce634f765f7,4,0,official,principal
1589,0,0,0.41387757658958435,probability_native,0.41387757658958435,u_94f82ce634f765f7,4,0,official,principal
3765,0,0,0.19256474077701569,probability_native,0.19256474077701569,u_94f82ce634f765f7,4,0,official,principal
6829,0,0,0.01388596836477518,probability_native,0.01388596836477518,u_94f82ce634f765f7,4,0,official,principal
1160,0,1,0.572058916091919,probability_native,0.572058916091919,u_94f82ce634f765f7,4,0,official,principal
2904,1,0,0.23692703247070312,probability_native,0.23692703247070312,u_94f82ce634f765f7,4,0,official,principal
1152,0,0,0.2318544238805771,probability_native,0.2318544238805771,u_94f82ce634f765f7,4,0,official,principal
4324,0,0,0.15045949816703796,probability_native,0.15045949816703796,u_94f82ce634f765f7,4,0,official,principal
3791,0,1,0.6849252581596375,probability_native,0.6849252581596375,u_94f82ce634f765f7,4,0,official,principal
279,0,0,0.29539746046066284,probability_native,0.29539746046066284,u_94f82ce634f765f7,4,0,official,principal
1902,0,0,0.009960385970771313,probability_native,0.009960385970771313,u_94f82ce634f765f7,4,0,official,principal
1865,0,0,0.3439745008945465,probability_native,0.3439745008945465,u_94f82ce634f765f7,4,0,official,principal
1139,0,0,0.029203377664089203,probability_native,0.029203377664089203,u_94f82ce634f765f7,4,0,official,principal
6173,0,0,0.26919806003570557,probability_native,0.26919806003570557,u_94f82ce634f765f7,4,0,official,principal
1415,0,0,0.17837828397750854,probability_native,0.17837828397750854,u_94f82ce634f765f7,4,0,official,principal
4716,0,0,0.02277134545147419,probability_native,0.02277134545147419,u_94f82ce634f765f7,4,0,official,principal
2707,1,1,0.7950499653816223,probability_native,0.7950499653816223,u_94f82ce634f765f7,4,0,official,principal
343,0,0,0.02213503047823906,probability_native,0.02213503047823906,u_94f82ce634f765f7,4,0,official,principal
769,0,0,0.07508508861064911,probability_native,0.07508508861064911,u_94f82ce634f765f7,4,0,official,principal
5606,0,0,0.057324670255184174,probability_native,0.057324670255184174,u_94f82ce634f765f7,4,0,official,principal
5995,0,0,0.02781757339835167,probability_native,0.02781757339835167,u_94f82ce634f765f7,4,0,official,principal
2131,0,0,0.021620607003569603,probability_native,0.021620607003569603,u_94f82ce634f765f7,4,0,official,principal
883,0,0,0.3253387212753296,probability_native,0.3253387212753296,u_94f82ce634f765f7,4,0,official,principal
4282,0,0,0.18237616121768951,probability_native,0.18237616121768951,u_94f82ce634f765f7,4,0,official,principal
2252,0,0,0.021607166156172752,probability_native,0.021607166156172752,u_94f82ce634f765f7,4,0,official,principal
2917,0,0,0.017453201115131378,probability_native,0.017453201115131378,u_94f82ce634f765f7,4,0,official,principal
6254,0,0,0.0692114531993866,probability_native,0.0692114531993866,u_94f82ce634f765f7,4,0,official,principal
2317,0,0,0.019843244925141335,probability_native,0.019843244925141335,u_94f82ce634f765f7,4,0,official,principal
6116,0,0,0.06649403274059296,probability_native,0.06649403274059296,u_94f82ce634f765f7,4,0,official,principal
2344,0,0,0.04082149267196655,probability_native,0.04082149267196655,u_94f82ce634f765f7,4,0,official,principal
3143,0,0,0.25249359011650085,probability_native,0.25249359011650085,u_94f82ce634f765f7,4,0,official,principal
6828,0,0,0.018017593771219254,probability_native,0.018017593771219254,u_94f82ce634f765f7,4,0,official,principal
1643,0,0,0.323520690202713,probability_native,0.323520690202713,u_94f82ce634f765f7,4,0,official,principal
2396,0,0,0.14764301478862762,probability_native,0.14764301478862762,u_94f82ce634f765f7,4,0,official,principal
5439,1,0,0.4953360855579376,probability_native,0.4953360855579376,u_94f82ce634f765f7,4,0,official,principal
5159,0,1,0.6660462021827698,probability_native,0.6660462021827698,u_94f82ce634f765f7,4,0,official,principal
867,0,0,0.19393394887447357,probability_native,0.19393394887447357,u_94f82ce634f765f7,4,0,official,principal
3209,1,1,0.8889726400375366,probability_native,0.8889726400375366,u_94f82ce634f765f7,4,0,official,principal
3106,0,0,0.014894912950694561,probability_native,0.014894912950694561,u_94f82ce634f765f7,4,0,official,principal
4874,1,0,0.18737125396728516,probability_native,0.18737125396728516,u_94f82ce634f765f7,4,0,official,principal
742,1,1,0.7209637761116028,probability_native,0.7209637761116028,u_94f82ce634f765f7,4,0,official,principal
4176,0,0,0.030509378761053085,probability_native,0.030509378761053085,u_94f82ce634f765f7,4,0,official,principal
2589,1,1,0.7608811259269714,probability_native,0.7608811259269714,u_94f82ce634f765f7,4,0,official,principal
4288,1,1,0.7142041325569153,probability_native,0.7142041325569153,u_94f82ce634f765f7,4,0,official,principal
5917,0,0,0.14976279437541962,probability_native,0.14976279437541962,u_94f82ce634f765f7,4,0,official,principal
1537,0,0,0.03764325752854347,probability_native,0.03764325752854347,u_94f82ce634f765f7,4,0,official,principal
6775,0,0,0.059570614248514175,probability_native,0.059570614248514175,u_94f82ce634f765f7,4,0,official,principal
3277,0,0,0.021808171644806862,probability_native,0.021808171644806862,u_94f82ce634f765f7,4,0,official,principal
5650,0,0,0.05737506225705147,probability_native,0.05737506225705147,u_94f82ce634f765f7,4,0,official,principal
4837,1,1,0.8023536801338196,probability_native,0.8023536801338196,u_94f82ce634f765f7,4,0,official,principal
6168,1,1,0.8353118300437927,probability_native,0.8353118300437927,u_94f82ce634f765f7,4,0,official,principal
4796,0,0,0.2037515491247177,probability_native,0.2037515491247177,u_94f82ce634f765f7,4,0,official,principal
1928,1,0,0.06475785374641418,probability_native,0.06475785374641418,u_94f82ce634f765f7,4,0,official,principal
5,1,1,0.8353148698806763,probability_native,0.8353148698806763,u_94f82ce634f765f7,4,0,official,principal
4548,1,0,0.42170727252960205,probability_native,0.42170727252960205,u_94f82ce634f765f7,4,0,official,principal
5498,1,1,0.6141088008880615,probability_native,0.6141088008880615,u_94f82ce634f765f7,4,0,official,principal
1430,0,0,0.037828151136636734,probability_native,0.037828151136636734,u_94f82ce634f765f7,4,0,official,principal
6472,0,0,0.074736088514328,probability_native,0.074736088514328,u_94f82ce634f765f7,4,0,official,principal
727,0,1,0.6799519658088684,probability_native,0.6799519658088684,u_94f82ce634f765f7,4,0,official,principal
4168,0,0,0.02815229631960392,probability_native,0.02815229631960392,u_94f82ce634f765f7,4,0,official,principal
6653,0,0,0.17563283443450928,probability_native,0.17563283443450928,u_94f82ce634f765f7,4,0,official,principal
932,0,0,0.00581704918295145,probability_native,0.00581704918295145,u_94f82ce634f765f7,4,0,official,principal
6836,1,1,0.7511898279190063,probability_native,0.7511898279190063,u_94f82ce634f765f7,4,0,official,principal
5640,1,1,0.7712823748588562,probability_native,0.7712823748588562,u_94f82ce634f765f7,4,0,official,principal
3267,0,0,0.02431647479534149,probability_native,0.02431647479534149,u_94f82ce634f765f7,4,0,official,principal
3183,1,1,0.5398839712142944,probability_native,0.5398839712142944,u_94f82ce634f765f7,4,0,official,principal
4534,0,0,0.40445175766944885,probability_native,0.40445175766944885,u_94f82ce634f765f7,4,0,official,principal
6072,0,0,0.0761684849858284,probability_native,0.0761684849858284,u_94f82ce634f765f7,4,0,official,principal
5209,0,0,0.042543940246105194,probability_native,0.042543940246105194,u_94f82ce634f765f7,4,0,official,principal
5230,0,0,0.055736783891916275,probability_native,0.055736783891916275,u_94f82ce634f765f7,4,0,official,principal
6532,0,0,0.04614223167300224,probability_native,0.04614223167300224,u_94f82ce634f765f7,4,0,official,principal
1759,0,0,0.07341264933347702,probability_native,0.07341264933347702,u_94f82ce634f765f7,4,0,official,principal
5703,0,0,0.014619571156799793,probability_native,0.014619571156799793,u_94f82ce634f765f7,4,0,official,principal
4302,0,0,0.07487764954566956,probability_native,0.07487764954566956,u_94f82ce634f765f7,4,0,official,principal
1027,0,0,0.10425633192062378,probability_native,0.10425633192062378,u_94f82ce634f765f7,4,0,official,principal
3809,0,0,0.025559935718774796,probability_native,0.025559935718774796,u_94f82ce634f765f7,4,0,official,principal
3319,1,1,0.5034633874893188,probability_native,0.5034633874893188,u_94f82ce634f765f7,4,0,official,principal
6077,0,0,0.1003485769033432,probability_native,0.1003485769033432,u_94f82ce634f765f7,4,0,official,principal
4948,0,0,0.30479592084884644,probability_native,0.30479592084884644,u_94f82ce634f765f7,4,0,official,principal
921,0,0,0.08325672149658203,probability_native,0.08325672149658203,u_94f82ce634f765f7,4,0,official,principal
3618,0,0,0.17856146395206451,probability_native,0.17856146395206451,u_94f82ce634f765f7,4,0,official,principal
452,0,0,0.1741788238286972,probability_native,0.1741788238286972,u_94f82ce634f765f7,4,0,official,principal
5919,0,0,0.02573242224752903,probability_native,0.02573242224752903,u_94f82ce634f765f7,4,0,official,principal
4306,0,0,0.28340888023376465,probability_native,0.28340888023376465,u_94f82ce634f765f7,4,0,official,principal
774,1,0,0.2321045696735382,probability_native,0.2321045696735382,u_94f82ce634f765f7,4,0,official,principal
4920,0,0,0.011207896284759045,probability_native,0.011207896284759045,u_94f82ce634f765f7,4,0,official,principal
3410,1,0,0.30479592084884644,probability_native,0.30479592084884644,u_94f82ce634f765f7,4,0,official,principal
1625,1,1,0.5019823908805847,probability_native,0.5019823908805847,u_94f82ce634f765f7,4,0,official,principal
2716,0,0,0.1370973438024521,probability_native,0.1370973438024521,u_94f82ce634f765f7,4,0,official,principal
2996,0,0,0.1854875236749649,probability_native,0.1854875236749649,u_94f82ce634f765f7,4,0,official,principal
4518,1,1,0.6903374195098877,probability_native,0.6903374195098877,u_94f82ce634f765f7,4,0,official,principal
178,0,1,0.6103996634483337,probability_native,0.6103996634483337,u_94f82ce634f765f7,4,0,official,principal
2920,0,0,0.009249038994312286,probability_native,0.009249038994312286,u_94f82ce634f765f7,4,0,official,principal
2238,0,1,0.8398622274398804,probability_native,0.8398622274398804,u_94f82ce634f765f7,4,0,official,principal
1378,0,0,0.1572418212890625,probability_native,0.1572418212890625,u_94f82ce634f765f7,4,0,official,principal
3023,0,0,0.008695726282894611,probability_native,0.008695726282894611,u_94f82ce634f765f7,4,0,official,principal
4885,0,0,0.058321233838796616,probability_native,0.058321233838796616,u_94f82ce634f765f7,4,0,official,principal
3191,0,0,0.2931229770183563,probability_native,0.2931229770183563,u_94f82ce634f765f7,4,0,official,principal
6547,0,0,0.06935958564281464,probability_native,0.06935958564281464,u_94f82ce634f765f7,4,0,official,principal
4763,0,0,0.31581124663352966,probability_native,0.31581124663352966,u_94f82ce634f765f7,4,0,official,principal
1341,1,0,0.35300782322883606,probability_native,0.35300782322883606,u_94f82ce634f765f7,4,0,official,principal
5763,0,1,0.6849252581596375,probability_native,0.6849252581596375,u_94f82ce634f765f7,4,0,official,principal
6814,0,0,0.30855870246887207,probability_native,0.30855870246887207,u_94f82ce634f765f7,4,0,official,principal
490,0,0,0.12923114001750946,probability_native,0.12923114001750946,u_94f82ce634f765f7,4,0,official,principal
5564,0,0,0.021925054490566254,probability_native,0.021925054490566254,u_94f82ce634f765f7,4,0,official,principal
6166,1,0,0.48808616399765015,probability_native,0.48808616399765015,u_94f82ce634f765f7,4,0,official,principal
397,1,0,0.29386407136917114,probability_native,0.29386407136917114,u_94f82ce634f765f7,4,0,official,principal
2583,0,0,0.02773142233490944,probability_native,0.02773142233490944,u_94f82ce634f765f7,4,0,official,principal
591,0,0,0.05328643321990967,probability_native,0.05328643321990967,u_94f82ce634f765f7,4,0,official,principal
3937,0,0,0.15230722725391388,probability_native,0.15230722725391388,u_94f82ce634f765f7,4,0,official,principal
2182,0,0,0.19538341462612152,probability_native,0.19538341462612152,u_94f82ce634f765f7,4,0,official,principal
6915,0,0,0.11462462693452835,probability_native,0.11462462693452835,u_94f82ce634f765f7,4,0,official,principal
3169,0,0,0.0756230279803276,probability_native,0.0756230279803276,u_94f82ce634f765f7,4,0,official,principal
3078,1,1,0.8382198810577393,probability_native,0.8382198810577393,u_94f82ce634f765f7,4,0,official,principal
3603,1,0,0.35784679651260376,probability_native,0.35784679651260376,u_94f82ce634f765f7,4,0,official,principal
4397,0,0,0.03730350360274315,probability_native,0.03730350360274315,u_94f82ce634f765f7,4,0,official,principal
4315,1,1,0.7396911382675171,probability_native,0.7396911382675171,u_94f82ce634f765f7,4,0,official,principal
5900,1,0,0.12025439739227295,probability_native,0.12025439739227295,u_94f82ce634f765f7,4,0,official,principal
6376,0,0,0.012613648548722267,probability_native,0.012613648548722267,u_94f82ce634f765f7,4,0,official,principal
4677,1,1,0.7037229537963867,probability_native,0.7037229537963867,u_94f82ce634f765f7,4,0,official,principal
2289,0,0,0.03729166463017464,probability_native,0.03729166463017464,u_94f82ce634f765f7,4,0,official,principal
4945,0,0,0.020109089091420174,probability_native,0.020109089091420174,u_94f82ce634f765f7,4,0,official,principal
84,0,0,0.01910342089831829,probability_native,0.01910342089831829,u_94f82ce634f765f7,4,0,official,principal
462,1,1,0.7993897795677185,probability_native,0.7993897795677185,u_94f82ce634f765f7,4,0,official,principal
4829,0,0,0.19509077072143555,probability_native,0.19509077072143555,u_94f82ce634f765f7,4,0,official,principal
5254,0,0,0.07549042254686356,probability_native,0.07549042254686356,u_94f82ce634f765f7,4,0,official,principal
3206,0,0,0.08188296854496002,probability_native,0.08188296854496002,u_94f82ce634f765f7,4,0,official,principal
4619,1,1,0.6263632774353027,probability_native,0.6263632774353027,u_94f82ce634f765f7,4,0,official,principal
1186,0,0,0.046031758189201355,probability_native,0.046031758189201355,u_94f82ce634f765f7,4,0,official,principal
2698,0,0,0.16479793190956116,probability_native,0.16479793190956116,u_94f82ce634f765f7,4,0,official,principal
2093,0,0,0.12200478464365005,probability_native,0.12200478464365005,u_94f82ce634f765f7,4,0,official,principal
3423,1,0,0.40246403217315674,probability_native,0.40246403217315674,u_94f82ce634f765f7,4,0,official,principal
3290,0,0,0.2826181650161743,probability_native,0.2826181650161743,u_94f82ce634f765f7,4,0,official,principal
1270,0,0,0.01774025335907936,probability_native,0.01774025335907936,u_94f82ce634f765f7,4,0,official,principal
5188,0,1,0.629804790019989,probability_native,0.629804790019989,u_94f82ce634f765f7,4,0,official,principal
119,0,0,0.24796490371227264,probability_native,0.24796490371227264,u_94f82ce634f765f7,4,0,official,principal
6410,0,0,0.05288400501012802,probability_native,0.05288400501012802,u_94f82ce634f765f7,4,0,official,principal
158,0,0,0.03235236927866936,probability_native,0.03235236927866936,u_94f82ce634f765f7,4,0,official,principal
1613,0,0,0.0607658214867115,probability_native,0.0607658214867115,u_94f82ce634f765f7,4,0,official,principal
2389,0,0,0.04822412133216858,probability_native,0.04822412133216858,u_94f82ce634f765f7,4,0,official,principal
5070,1,0,0.1718233972787857,probability_native,0.1718233972787857,u_94f82ce634f765f7,4,0,official,principal
536,0,0,0.24944663047790527,probability_native,0.24944663047790527,u_94f82ce634f765f7,4,0,official,principal
4214,1,1,0.7861528396606445,probability_native,0.7861528396606445,u_94f82ce634f765f7,4,0,official,principal
4878,0,0,0.18660864233970642,probability_native,0.18660864233970642,u_94f82ce634f765f7,4,0,official,principal
2283,1,1,0.7366201281547546,probability_native,0.7366201281547546,u_94f82ce634f765f7,4,0,official,principal
5962,0,0,0.28646400570869446,probability_native,0.28646400570869446,u_94f82ce634f765f7,4,0,official,principal
6475,0,0,0.1221918910741806,probability_native,0.1221918910741806,u_94f82ce634f765f7,4,0,official,principal
3272,1,1,0.7950001358985901,probability_native,0.7950001358985901,u_94f82ce634f765f7,4,0,official,principal
2712,0,0,0.19726137816905975,probability_native,0.19726137816905975,u_94f82ce634f765f7,4,0,official,principal
2267,0,0,0.038672566413879395,probability_native,0.038672566413879395,u_94f82ce634f765f7,4,0,official,principal
4962,0,0,0.14189507067203522,probability_native,0.14189507067203522,u_94f82ce634f765f7,4,0,official,principal
197,0,0,0.4647871255874634,probability_native,0.4647871255874634,u_94f82ce634f765f7,4,0,official,principal
2433,0,0,0.09095223248004913,probability_native,0.09095223248004913,u_94f82ce634f765f7,4,0,official,principal
2642,1,0,0.3449479937553406,probability_native,0.3449479937553406,u_94f82ce634f765f7,4,0,official,principal
651,1,1,0.7366201281547546,probability_native,0.7366201281547546,u_94f82ce634f765f7,4,0,official,principal
1951,0,0,0.18179024755954742,probability_native,0.18179024755954742,u_94f82ce634f765f7,4,0,official,principal
1020,0,0,0.09109102189540863,probability_native,0.09109102189540863,u_94f82ce634f765f7,4,0,official,principal
5216,1,0,0.058449774980545044,probability_native,0.058449774980545044,u_94f82ce634f765f7,4,0,official,principal
689,0,0,0.2628721296787262,probability_native,0.2628721296787262,u_94f82ce634f765f7,4,0,official,principal
3029,1,0,0.0918116346001625,probability_native,0.0918116346001625,u_94f82ce634f765f7,4,0,official,principal
3269,0,0,0.03193476051092148,probability_native,0.03193476051092148,u_94f82ce634f765f7,4,0,official,principal
2300,1,0,0.1623293161392212,probability_native,0.1623293161392212,u_94f82ce634f765f7,4,0,official,principal
4582,0,0,0.0230035949498415,probability_native,0.0230035949498415,u_94f82ce634f765f7,4,0,official,principal
1579,1,1,0.6191635727882385,probability_native,0.6191635727882385,u_94f82ce634f765f7,4,0,official,principal
6170,0,0,0.3085322976112366,probability_native,0.3085322976112366,u_94f82ce634f765f7,4,0,official,principal
5557,0,1,0.6152230501174927,probability_native,0.6152230501174927,u_94f82ce634f765f7,4,0,official,principal
1748,0,0,0.01760854758322239,probability_native,0.01760854758322239,u_94f82ce634f765f7,4,0,official,principal
1555,1,0,0.17721956968307495,probability_native,0.17721956968307495,u_94f82ce634f765f7,4,0,official,principal
5556,1,1,0.539252519607544,probability_native,0.539252519607544,u_94f82ce634f765f7,4,0,official,principal
445,1,1,0.5083262324333191,probability_native,0.5083262324333191,u_94f82ce634f765f7,4,0,official,principal
5952,0,0,0.2579580843448639,probability_native,0.2579580843448639,u_94f82ce634f765f7,4,0,official,principal
5942,1,0,0.4611111581325531,probability_native,0.4611111581325531,u_94f82ce634f765f7,4,0,official,principal
2382,0,0,0.044976651668548584,probability_native,0.044976651668548584,u_94f82ce634f765f7,4,0,official,principal
5529,0,0,0.16479793190956116,probability_native,0.16479793190956116,u_94f82ce634f765f7,4,0,official,principal
140,0,0,0.010583637282252312,probability_native,0.010583637282252312,u_94f82ce634f765f7,4,0,official,principal
2456,0,0,0.022372884675860405,probability_native,0.022372884675860405,u_94f82ce634f765f7,4,0,official,principal
5656,0,0,0.4887211322784424,probability_native,0.4887211322784424,u_94f82ce634f765f7,4,0,official,principal
3926,0,0,0.2121475636959076,probability_native,0.2121475636959076,u_94f82ce634f765f7,4,0,official,principal
2896,0,0,0.07651066780090332,probability_native,0.07651066780090332,u_94f82ce634f765f7,4,0,official,principal
2063,0,0,0.05042983219027519,probability_native,0.05042983219027519,u_94f82ce634f765f7,4,0,official,principal
5208,0,0,0.1085771694779396,probability_native,0.1085771694779396,u_94f82ce634f765f7,4,0,official,principal
4427,0,0,0.07077960669994354,probability_native,0.07077960669994354,u_94f82ce634f765f7,4,0,official,principal
6093,0,0,0.049911558628082275,probability_native,0.049911558628082275,u_94f82ce634f765f7,4,0,official,principal
2471,1,0,0.3947281837463379,probability_native,0.3947281837463379,u_94f82ce634f765f7,4,0,official,principal
5542,0,0,0.03281012549996376,probability_native,0.03281012549996376,u_94f82ce634f765f7,4,0,official,principal
3735,0,1,0.7806718349456787,probability_native,0.7806718349456787,u_94f82ce634f765f7,4,0,official,principal
3468,0,0,0.3377075791358948,probability_native,0.3377075791358948,u_94f82ce634f765f7,4,0,official,principal
5734,0,0,0.009605682455003262,probability_native,0.009605682455003262,u_94f82ce634f765f7,4,0,official,principal
644,0,0,0.20649531483650208,probability_native,0.20649531483650208,u_94f82ce634f765f7,4,0,official,principal
1972,0,0,0.4075612425804138,probability_native,0.4075612425804138,u_94f82ce634f765f7,4,0,official,principal
3509,0,1,0.562860906124115,probability_native,0.562860906124115,u_94f82ce634f765f7,4,0,official,principal
385,1,0,0.11704029887914658,probability_native,0.11704029887914658,u_94f82ce634f765f7,4,0,official,principal
6203,0,0,0.12295056134462357,probability_native,0.12295056134462357,u_94f82ce634f765f7,4,0,official,principal
6238,0,0,0.2668161988258362,probability_native,0.2668161988258362,u_94f82ce634f765f7,4,0,official,principal
3124,0,0,0.01866167224943638,probability_native,0.01866167224943638,u_94f82ce634f765f7,4,0,official,principal
291,0,0,0.03630964085459709,probability_native,0.03630964085459709,u_94f82ce634f765f7,4,0,official,principal
433,1,0,0.2075495421886444,probability_native,0.2075495421886444,u_94f82ce634f765f7,4,0,official,principal
2465,1,1,0.6745681166648865,probability_native,0.6745681166648865,u_94f82ce634f765f7,4,0,official,principal
5634,1,1,0.5067452788352966,probability_native,0.5067452788352966,u_94f82ce634f765f7,4,0,official,principal
4310,0,0,0.015422452241182327,probability_native,0.015422452241182327,u_94f82ce634f765f7,4,0,official,principal
3263,0,0,0.14177098870277405,probability_native,0.14177098870277405,u_94f82ce634f765f7,4,0,official,principal
3020,0,0,0.04512429237365723,probability_native,0.04512429237365723,u_94f82ce634f765f7,4,0,official,principal
181,0,0,0.4823821783065796,probability_native,0.4823821783065796,u_94f82ce634f765f7,4,0,official,principal
5895,0,0,0.15821339190006256,probability_native,0.15821339190006256,u_94f82ce634f765f7,4,0,official,principal
5365,0,0,0.013341721147298813,probability_native,0.013341721147298813,u_94f82ce634f765f7,4,0,official,principal
4080,0,0,0.019949452951550484,probability_native,0.019949452951550484,u_94f82ce634f765f7,4,0,official,principal
2734,0,0,0.07596156746149063,probability_native,0.07596156746149063,u_94f82ce634f765f7,4,0,official,principal
1354,1,1,0.5270843505859375,probability_native,0.5270843505859375,u_94f82ce634f765f7,4,0,official,principal
3734,0,0,0.08007439970970154,probability_native,0.08007439970970154,u_94f82ce634f765f7,4,0,official,principal
529,0,0,0.09993564337491989,probability_native,0.09993564337491989,u_94f82ce634f765f7,4,0,official,principal
3438,1,1,0.6456824541091919,probability_native,0.6456824541091919,u_94f82ce634f765f7,4,0,official,principal
6825,0,0,0.4566088616847992,probability_native,0.4566088616847992,u_94f82ce634f765f7,4,0,official,principal
1803,0,0,0.021637897938489914,probability_native,0.021637897938489914,u_94f82ce634f765f7,4,0,official,principal
3280,0,0,0.03469694033265114,probability_native,0.03469694033265114,u_94f82ce634f765f7,4,0,official,principal
6118,0,0,0.09516995400190353,probability_native,0.09516995400190353,u_94f82ce634f765f7,4,0,official,principal
6431,0,0,0.01775950752198696,probability_native,0.01775950752198696,u_94f82ce634f765f7,4,0,official,principal
2355,0,0,0.02319934032857418,probability_native,0.02319934032857418,u_94f82ce634f765f7,4,0,official,principal
2775,1,0,0.08448901027441025,probability_native,0.08448901027441025,u_94f82ce634f765f7,4,0,official,principal
4454,0,0,0.13033469021320343,probability_native,0.13033469021320343,u_94f82ce634f765f7,4,0,official,principal
23,0,0,0.029504137113690376,probability_native,0.029504137113690376,u_94f82ce634f765f7,4,0,official,principal
2528,1,1,0.5513657927513123,probability_native,0.5513657927513123,u_94f82ce634f765f7,4,0,official,principal
1737,0,0,0.2534826993942261,probability_native,0.2534826993942261,u_94f82ce634f765f7,4,0,official,principal
4564,1,0,0.340964674949646,probability_native,0.340964674949646,u_94f82ce634f765f7,4,0,official,principal
1831,0,0,0.14909414947032928,probability_native,0.14909414947032928,u_94f82ce634f765f7,4,0,official,principal
2104,1,1,0.6224318146705627,probability_native,0.6224318146705627,u_94f82ce634f765f7,4,0,official,principal
4311,1,0,0.37277519702911377,probability_native,0.37277519702911377,u_94f82ce634f765f7,4,0,official,principal
4883,1,0,0.4282337725162506,probability_native,0.4282337725162506,u_94f82ce634f765f7,4,0,official,principal
5915,0,0,0.01382299605756998,probability_native,0.01382299605756998,u_94f82ce634f765f7,4,0,official,principal
2980,0,0,0.011507275514304638,probability_native,0.011507275514304638,u_94f82ce634f765f7,4,0,official,principal
1358,0,0,0.4187120497226715,probability_native,0.4187120497226715,u_94f82ce634f765f7,4,0,official,principal
4191,0,0,0.44015640020370483,probability_native,0.44015640020370483,u_94f82ce634f765f7,4,0,official,principal
1597,0,0,0.05433119460940361,probability_native,0.05433119460940361,u_94f82ce634f765f7,4,0,official,principal
4414,0,0,0.08143999427556992,probability_native,0.08143999427556992,u_94f82ce634f765f7,4,0,official,principal
5491,0,0,0.1295984536409378,probability_native,0.1295984536409378,u_94f82ce634f765f7,4,0,official,principal
3149,0,0,0.18417972326278687,probability_native,0.18417972326278687,u_94f82ce634f765f7,4,0,official,principal
6912,0,1,0.6974157691001892,probability_native,0.6974157691001892,u_94f82ce634f765f7,4,0,official,principal
5494,1,1,0.5129274725914001,probability_native,0.5129274725914001,u_94f82ce634f765f7,4,0,official,principal
3877,1,0,0.1929188221693039,probability_native,0.1929188221693039,u_94f82ce634f765f7,4,0,official,principal
539,0,0,0.02570326253771782,probability_native,0.02570326253771782,u_94f82ce634f765f7,4,0,official,principal
4798,0,0,0.3792286813259125,probability_native,0.3792286813259125,u_94f82ce634f765f7,4,0,official,principal
1918,0,0,0.11807125061750412,probability_native,0.11807125061750412,u_94f82ce634f765f7,4,0,official,principal
144,0,0,0.01728448085486889,probability_native,0.01728448085486889,u_94f82ce634f765f7,4,0,official,principal
491,0,1,0.5800166726112366,probability_native,0.5800166726112366,u_94f82ce634f765f7,4,0,official,principal
2770,1,1,0.6067463159561157,probability_native,0.6067463159561157,u_94f82ce634f765f7,4,0,official,principal
6374,0,0,0.009591144509613514,probability_native,0.009591144509613514,u_94f82ce634f765f7,4,0,official,principal
2346,0,0,0.05106562376022339,probability_native,0.05106562376022339,u_94f82ce634f765f7,4,0,official,principal
6131,1,0,0.4030210077762604,probability_native,0.4030210077762604,u_94f82ce634f765f7,4,0,official,principal
3499,1,0,0.3248197138309479,probability_native,0.3248197138309479,u_94f82ce634f765f7,4,0,official,principal
6849,0,0,0.2598647177219391,probability_native,0.2598647177219391,u_94f82ce634f765f7,4,0,official,principal
5026,0,0,0.03718492388725281,probability_native,0.03718492388725281,u_94f82ce634f765f7,4,0,official,principal
1473,1,1,0.7067293524742126,probability_native,0.7067293524742126,u_94f82ce634f765f7,4,0,official,principal
3467,1,1,0.7968952059745789,probability_native,0.7968952059745789,u_94f82ce634f765f7,4,0,official,principal
4238,0,0,0.019212650135159492,probability_native,0.019212650135159492,u_94f82ce634f765f7,4,0,official,principal
4190,1,1,0.514967679977417,probability_native,0.514967679977417,u_94f82ce634f765f7,4,0,official,principal
3750,0,0,0.1427510678768158,probability_native,0.1427510678768158,u_94f82ce634f765f7,4,0,official,principal
2654,1,1,0.8605412840843201,probability_native,0.8605412840843201,u_94f82ce634f765f7,4,0,official,principal
5657,0,1,0.6551466584205627,probability_native,0.6551466584205627,u_94f82ce634f765f7,4,0,official,principal
4468,1,0,0.1543121486902237,probability_native,0.1543121486902237,u_94f82ce634f765f7,4,0,official,principal
5128,0,1,0.5415407419204712,probability_native,0.5415407419204712,u_94f82ce634f765f7,4,0,official,principal
6154,0,0,0.05596091225743294,probability_native,0.05596091225743294,u_94f82ce634f765f7,4,0,official,principal
3062,0,0,0.14149907231330872,probability_native,0.14149907231330872,u_94f82ce634f765f7,4,0,official,principal
4615,0,0,0.009380060248076916,probability_native,0.009380060248076916,u_94f82ce634f765f7,4,0,official,principal
4931,0,1,0.7463582754135132,probability_native,0.7463582754135132,u_94f82ce634f765f7,4,0,official,principal
875,0,0,0.4941735565662384,probability_native,0.4941735565662384,u_94f82ce634f765f7,4,0,official,principal
37,0,0,0.22590185701847076,probability_native,0.22590185701847076,u_94f82ce634f765f7,4,0,official,principal
6407,0,0,0.07459685951471329,probability_native,0.07459685951471329,u_94f82ce634f765f7,4,0,official,principal
3028,1,0,0.25553596019744873,probability_native,0.25553596019744873,u_94f82ce634f765f7,4,0,official,principal
1363,0,0,0.009866560809314251,probability_native,0.009866560809314251,u_94f82ce634f765f7,4,0,official,principal
731,0,0,0.1219828724861145,probability_native,0.1219828724861145,u_94f82ce634f765f7,4,0,official,principal
840,1,0,0.3809221386909485,probability_native,0.3809221386909485,u_94f82ce634f765f7,4,0,official,principal
2002,0,0,0.030258027836680412,probability_native,0.030258027836680412,u_94f82ce634f765f7,4,0,official,principal
3497,0,1,0.7381520867347717,probability_native,0.7381520867347717,u_94f82ce634f765f7,4,0,official,principal
4133,0,0,0.39974263310432434,probability_native,0.39974263310432434,u_94f82ce634f765f7,4,0,official,principal
5834,0,0,0.47066259384155273,probability_native,0.47066259384155273,u_94f82ce634f765f7,4,0,official,principal
456,0,0,0.10177669674158096,probability_native,0.10177669674158096,u_94f82ce634f765f7,4,0,official,principal
1929,0,1,0.8338144421577454,probability_native,0.8338144421577454,u_94f82ce634f765f7,4,0,official,principal
778,0,0,0.14331994950771332,probability_native,0.14331994950771332,u_94f82ce634f765f7,4,0,official,principal
5711,1,1,0.6123470067977905,probability_native,0.6123470067977905,u_94f82ce634f765f7,4,0,official,principal
3225,0,0,0.26746851205825806,probability_native,0.26746851205825806,u_94f82ce634f765f7,4,0,official,principal
4774,0,0,0.18451151251792908,probability_native,0.18451151251792908,u_94f82ce634f765f7,4,0,official,principal
7018,1,1,0.7310590147972107,probability_native,0.7310590147972107,u_94f82ce634f765f7,4,0,official,principal
3930,0,0,0.22652019560337067,probability_native,0.22652019560337067,u_94f82ce634f765f7,4,0,official,principal
2236,0,1,0.6207143664360046,probability_native,0.6207143664360046,u_94f82ce634f765f7,4,0,official,principal
6188,0,0,0.08314436674118042,probability_native,0.08314436674118042,u_94f82ce634f765f7,4,0,official,principal
1039,1,0,0.2627634108066559,probability_native,0.2627634108066559,u_94f82ce634f765f7,4,0,official,principal
6589,0,0,0.019575336948037148,probability_native,0.019575336948037148,u_94f82ce634f765f7,4,0,official,principal
6483,0,1,0.5764778852462769,probability_native,0.5764778852462769,u_94f82ce634f765f7,4,0,official,principal
1142,0,1,0.5227231979370117,probability_native,0.5227231979370117,u_94f82ce634f765f7,4,0,official,principal
4068,0,0,0.04384240880608559,probability_native,0.04384240880608559,u_94f82ce634f765f7,4,0,official,principal
767,0,0,0.03761725872755051,probability_native,0.03761725872755051,u_94f82ce634f765f7,4,0,official,principal
13,1,0,0.4435133635997772,probability_native,0.4435133635997772,u_94f82ce634f765f7,4,0,official,principal
2715,0,0,0.10909104347229004,probability_native,0.10909104347229004,u_94f82ce634f765f7,4,0,official,principal
2006,1,0,0.3844020366668701,probability_native,0.3844020366668701,u_94f82ce634f765f7,4,0,official,principal
118,0,0,0.015001087449491024,probability_native,0.015001087449491024,u_94f82ce634f765f7,4,0,official,principal
4848,1,1,0.7821112871170044,probability_native,0.7821112871170044,u_94f82ce634f765f7,4,0,official,principal
3176,0,0,0.019547604024410248,probability_native,0.019547604024410248,u_94f82ce634f765f7,4,0,official,principal
5054,0,0,0.05208863690495491,probability_native,0.05208863690495491,u_94f82ce634f765f7,4,0,official,principal
915,1,1,0.855810821056366,probability_native,0.855810821056366,u_94f82ce634f765f7,4,0,official,principal
5754,0,0,0.06887546181678772,probability_native,0.06887546181678772,u_94f82ce634f765f7,4,0,official,principal
1072,0,0,0.0417812205851078,probability_native,0.0417812205851078,u_94f82ce634f765f7,4,0,official,principal
5508,0,0,0.019575336948037148,probability_native,0.019575336948037148,u_94f82ce634f765f7,4,0,official,principal
1255,1,1,0.5501052141189575,probability_native,0.5501052141189575,u_94f82ce634f765f7,4,0,official,principal
2436,0,0,0.253769189119339,probability_native,0.253769189119339,u_94f82ce634f765f7,4,0,official,principal
6839,1,1,0.8290629982948303,probability_native,0.8290629982948303,u_94f82ce634f765f7,4,0,official,principal
2846,0,0,0.4254279136657715,probability_native,0.4254279136657715,u_94f82ce634f765f7,4,0,official,principal
5988,0,0,0.023181630298495293,probability_native,0.023181630298495293,u_94f82ce634f765f7,4,0,official,principal
6285,0,0,0.06125642731785774,probability_native,0.06125642731785774,u_94f82ce634f765f7,4,0,official,principal
5147,0,0,0.13444827497005463,probability_native,0.13444827497005463,u_94f82ce634f765f7,4,0,official,principal
3821,1,1,0.855810821056366,probability_native,0.855810821056366,u_94f82ce634f765f7,4,0,official,principal
5534,0,0,0.38375353813171387,probability_native,0.38375353813171387,u_94f82ce634f765f7,4,0,official,principal
1947,0,0,0.1069861501455307,probability_native,0.1069861501455307,u_94f82ce634f765f7,4,0,official,principal
6938,0,0,0.0318608433008194,probability_native,0.0318608433008194,u_94f82ce634f765f7,4,0,official,principal
754,0,1,0.6608170866966248,probability_native,0.6608170866966248,u_94f82ce634f765f7,4,0,official,principal
6497,0,1,0.5331389307975769,probability_native,0.5331389307975769,u_94f82ce634f765f7,4,0,official,principal
3198,0,0,0.31846705079078674,probability_native,0.31846705079078674,u_94f82ce634f765f7,4,0,official,principal
5359,1,0,0.31357342004776,probability_native,0.31357342004776,u_94f82ce634f765f7,4,0,official,principal
4759,1,1,0.8103904128074646,probability_native,0.8103904128074646,u_94f82ce634f765f7,4,0,official,principal
5131,1,0,0.49653786420822144,probability_native,0.49653786420822144,u_94f82ce634f765f7,4,0,official,principal
3732,0,0,0.022842945531010628,probability_native,0.022842945531010628,u_94f82ce634f765f7,4,0,official,principal
4058,1,0,0.3015766739845276,probability_native,0.3015766739845276,u_94f82ce634f765f7,4,0,official,principal
5011,0,0,0.4006534516811371,probability_native,0.4006534516811371,u_94f82ce634f765f7,4,0,official,principal
2120,0,0,0.01449299231171608,probability_native,0.01449299231171608,u_94f82ce634f765f7,4,0,official,principal
2020,0,0,0.06714147329330444,probability_native,0.06714147329330444,u_94f82ce634f765f7,4,0,official,principal
6583,0,0,0.038710691034793854,probability_native,0.038710691034793854,u_94f82ce634f765f7,4,0,official,principal
1714,0,0,0.060877226293087006,probability_native,0.060877226293087006,u_94f82ce634f765f7,4,0,official,principal
817,0,0,0.14399217069149017,probability_native,0.14399217069149017,u_94f82ce634f765f7,4,0,official,principal
4401,0,0,0.30181068181991577,probability_native,0.30181068181991577,u_94f82ce634f765f7,4,0,official,principal
2530,0,1,0.813565731048584,probability_native,0.813565731048584,u_94f82ce634f765f7,4,0,official,principal
4156,0,0,0.4215717315673828,probability_native,0.4215717315673828,u_94f82ce634f765f7,4,0,official,principal
6221,0,0,0.03184022754430771,probability_native,0.03184022754430771,u_94f82ce634f765f7,4,0,official,principal
3355,0,0,0.04430754482746124,probability_native,0.04430754482746124,u_94f82ce634f765f7,4,0,official,principal
3315,0,0,0.26537492871284485,probability_native,0.26537492871284485,u_94f82ce634f765f7,4,0,official,principal
2951,0,0,0.06757795810699463,probability_native,0.06757795810699463,u_94f82ce634f765f7,4,0,official,principal
3972,0,0,0.11974991858005524,probability_native,0.11974991858005524,u_94f82ce634f765f7,4,0,official,principal
3998,0,0,0.0956849604845047,probability_native,0.0956849604845047,u_94f82ce634f765f7,4,0,official,principal
3138,1,1,0.6622286438941956,probability_native,0.6622286438941956,u_94f82ce634f765f7,4,0,official,principal
804,1,1,0.7105962038040161,probability_native,0.7105962038040161,u_94f82ce634f765f7,4,0,official,principal
2814,0,0,0.019001375883817673,probability_native,0.019001375883817673,u_94f82ce634f765f7,4,0,official,principal
233,0,0,0.008743536658585072,probability_native,0.008743536658585072,u_94f82ce634f765f7,4,0,official,principal
4089,1,1,0.6660462021827698,probability_native,0.6660462021827698,u_94f82ce634f765f7,4,0,official,principal
1757,0,0,0.039535991847515106,probability_native,0.039535991847515106,u_94f82ce634f765f7,4,0,official,principal
2694,0,0,0.08988784998655319,probability_native,0.08988784998655319,u_94f82ce634f765f7,4,0,official,principal
813,0,0,0.05437497794628143,probability_native,0.05437497794628143,u_94f82ce634f765f7,4,0,official,principal
3157,1,0,0.20418715476989746,probability_native,0.20418715476989746,u_94f82ce634f765f7,4,0,official,principal
1681,0,0,0.011507275514304638,probability_native,0.011507275514304638,u_94f82ce634f765f7,4,0,official,principal
6197,1,0,0.12886399030685425,probability_native,0.12886399030685425,u_94f82ce634f765f7,4,0,official,principal
4613,1,0,0.36365994811058044,probability_native,0.36365994811058044,u_94f82ce634f765f7,4,0,official,principal
764,0,0,0.012868168763816357,probability_native,0.012868168763816357,u_94f82ce634f765f7,4,0,official,principal
1671,0,0,0.17265579104423523,probability_native,0.17265579104423523,u_94f82ce634f765f7,4,0,official,principal
1765,0,0,0.20592737197875977,probability_native,0.20592737197875977,u_94f82ce634f765f7,4,0,official,principal
4954,1,1,0.8483834862709045,probability_native,0.8483834862709045,u_94f82ce634f765f7,4,0,official,principal
4778,0,0,0.0189434215426445,probability_native,0.0189434215426445,u_94f82ce634f765f7,4,0,official,principal
2475,0,0,0.04413978382945061,probability_native,0.04413978382945061,u_94f82ce634f765f7,4,0,official,principal
4020,0,0,0.01955525577068329,probability_native,0.01955525577068329,u_94f82ce634f765f7,4,0,official,principal
4555,0,0,0.020109089091420174,probability_native,0.020109089091420174,u_94f82ce634f765f7,4,0,official,principal
2858,0,0,0.1076384037733078,probability_native,0.1076384037733078,u_94f82ce634f765f7,4,0,official,principal
5504,1,0,0.14897431433200836,probability_native,0.14897431433200836,u_94f82ce634f765f7,4,0,official,principal
4169,1,1,0.6853834390640259,probability_native,0.6853834390640259,u_94f82ce634f765f7,4,0,official,principal
1336,0,0,0.40376269817352295,probability_native,0.40376269817352295,u_94f82ce634f765f7,4,0,official,principal
79,0,0,0.045257944613695145,probability_native,0.045257944613695145,u_94f82ce634f765f7,4,0,official,principal
1406,0,0,0.022678319364786148,probability_native,0.022678319364786148,u_94f82ce634f765f7,4,0,official,principal
6323,0,0,0.3037179410457611,probability_native,0.3037179410457611,u_94f82ce634f765f7,4,0,official,principal
3747,0,0,0.31281501054763794,probability_native,0.31281501054763794,u_94f82ce634f765f7,4,0,official,principal
2009,0,0,0.02521068975329399,probability_native,0.02521068975329399,u_94f82ce634f765f7,4,0,official,principal
6361,0,0,0.22030185163021088,probability_native,0.22030185163021088,u_94f82ce634f765f7,4,0,official,principal
4734,1,0,0.047140080481767654,probability_native,0.047140080481767654,u_94f82ce634f765f7,4,0,official,principal
5072,0,1,0.6674991250038147,probability_native,0.6674991250038147,u_94f82ce634f765f7,4,0,official,principal
1368,0,0,0.08118991553783417,probability_native,0.08118991553783417,u_94f82ce634f765f7,4,0,official,principal
6054,1,0,0.29430466890335083,probability_native,0.29430466890335083,u_94f82ce634f765f7,4,0,official,principal
3428,1,0,0.27499061822891235,probability_native,0.27499061822891235,u_94f82ce634f765f7,4,0,official,principal
1501,0,0,0.01915525086224079,probability_native,0.01915525086224079,u_94f82ce634f765f7,4,0,official,principal
6702,0,0,0.459252268075943,probability_native,0.459252268075943,u_94f82ce634f765f7,4,0,official,principal
2470,0,0,0.02596186101436615,probability_native,0.02596186101436615,u_94f82ce634f765f7,4,0,official,principal
3304,0,0,0.26392629742622375,probability_native,0.26392629742622375,u_94f82ce634f765f7,4,0,official,principal
5526,0,0,0.03859177604317665,probability_native,0.03859177604317665,u_94f82ce634f765f7,4,0,official,principal
6462,1,1,0.7039123773574829,probability_native,0.7039123773574829,u_94f82ce634f765f7,4,0,official,principal
987,0,0,0.3492404520511627,probability_native,0.3492404520511627,u_94f82ce634f765f7,4,0,official,principal
2437,0,0,0.23249414563179016,probability_native,0.23249414563179016,u_94f82ce634f765f7,4,0,official,principal
1061,0,0,0.08691989630460739,probability_native,0.08691989630460739,u_94f82ce634f765f7,4,0,official,principal
1469,1,0,0.3459758162498474,probability_native,0.3459758162498474,u_94f82ce634f765f7,4,0,official,principal
6086,0,0,0.030907273292541504,probability_native,0.030907273292541504,u_94f82ce634f765f7,4,0,official,principal
2878,0,0,0.41166380047798157,probability_native,0.41166380047798157,u_94f82ce634f765f7,4,0,official,principal
4604,0,0,0.40879884362220764,probability_native,0.40879884362220764,u_94f82ce634f765f7,4,0,official,principal
1752,0,0,0.04036475718021393,probability_native,0.04036475718021393,u_94f82ce634f765f7,4,0,official,principal
6402,0,0,0.03265909105539322,probability_native,0.03265909105539322,u_94f82ce634f765f7,4,0,official,principal
293,0,1,0.83125901222229,probability_native,0.83125901222229,u_94f82ce634f765f7,4,0,official,principal
6336,0,0,0.33421868085861206,probability_native,0.33421868085861206,u_94f82ce634f765f7,4,0,official,principal
4719,1,0,0.4257792830467224,probability_native,0.4257792830467224,u_94f82ce634f765f7,4,0,official,principal
5855,0,0,0.11698942631483078,probability_native,0.11698942631483078,u_94f82ce634f765f7,4,0,official,principal
2091,0,0,0.015458951704204082,probability_native,0.015458951704204082,u_94f82ce634f765f7,4,0,official,principal
3016,1,1,0.5053976774215698,probability_native,0.5053976774215698,u_94f82ce634f765f7,4,0,official,principal
6307,0,0,0.05459737032651901,probability_native,0.05459737032651901,u_94f82ce634f765f7,4,0,official,principal
2122,0,0,0.127083420753479,probability_native,0.127083420753479,u_94f82ce634f765f7,4,0,official,principal
2003,1,0,0.14640723168849945,probability_native,0.14640723168849945,u_94f82ce634f765f7,4,0,official,principal
3195,0,1,0.523603081703186,probability_native,0.523603081703186,u_94f82ce634f765f7,4,0,official,principal
4407,0,0,0.08693678677082062,probability_native,0.08693678677082062,u_94f82ce634f765f7,4,0,official,principal
3714,0,0,0.02319934032857418,probability_native,0.02319934032857418,u_94f82ce634f765f7,4,0,official,principal
4739,0,0,0.43671196699142456,probability_native,0.43671196699142456,u_94f82ce634f765f7,4,0,official,principal
5396,0,0,0.027934258803725243,probability_native,0.027934258803725243,u_94f82ce634f765f7,4,0,official,principal
6723,0,0,0.016216125339269638,probability_native,0.016216125339269638,u_94f82ce634f765f7,4,0,official,principal
879,0,0,0.15602096915245056,probability_native,0.15602096915245056,u_94f82ce634f765f7,4,0,official,principal
4993,0,0,0.012510058470070362,probability_native,0.012510058470070362,u_94f82ce634f765f7,4,0,official,principal
3994,1,0,0.24679972231388092,probability_native,0.24679972231388092,u_94f82ce634f765f7,4,0,official,principal
6499,0,0,0.3265856206417084,probability_native,0.3265856206417084,u_94f82ce634f765f7,4,0,official,principal
2402,0,0,0.08079735189676285,probability_native,0.08079735189676285,u_94f82ce634f765f7,4,0,official,principal
1068,1,0,0.4082137942314148,probability_native,0.4082137942314148,u_94f82ce634f765f7,4,0,official,principal
1599,0,0,0.03156514838337898,probability_native,0.03156514838337898,u_94f82ce634f765f7,4,0,official,principal
2401,0,0,0.24967867136001587,probability_native,0.24967867136001587,u_94f82ce634f765f7,4,0,official,principal
2854,0,0,0.08287711441516876,probability_native,0.08287711441516876,u_94f82ce634f765f7,4,0,official,principal
107,0,0,0.050709646195173264,probability_native,0.050709646195173264,u_94f82ce634f765f7,4,0,official,principal
3030,1,1,0.8103904128074646,probability_native,0.8103904128074646,u_94f82ce634f765f7,4,0,official,principal
1916,1,0,0.25601616501808167,probability_native,0.25601616501808167,u_94f82ce634f765f7,4,0,official,principal
2213,0,0,0.030234629288315773,probability_native,0.030234629288315773,u_94f82ce634f765f7,4,0,official,principal
3625,0,0,0.012315399944782257,probability_native,0.012315399944782257,u_94f82ce634f765f7,4,0,official,principal
4024,0,0,0.2648959159851074,probability_native,0.2648959159851074,u_94f82ce634f765f7,4,0,official,principal
364,0,0,0.3285544812679291,probability_native,0.3285544812679291,u_94f82ce634f765f7,4,0,official,principal
4706,1,1,0.519763171672821,probability_native,0.519763171672821,u_94f82ce634f765f7,4,0,official,principal
5450,1,1,0.799618124961853,probability_native,0.799618124961853,u_94f82ce634f765f7,4,0,official,principal
391,0,0,0.20769108831882477,probability_native,0.20769108831882477,u_94f82ce634f765f7,4,0,official,principal
4326,1,1,0.8505785465240479,probability_native,0.8505785465240479,u_94f82ce634f765f7,4,0,official,principal
3569,0,0,0.026137782260775566,probability_native,0.026137782260775566,u_94f82ce634f765f7,4,0,official,principal
3724,0,0,0.030093245208263397,probability_native,0.030093245208263397,u_94f82ce634f765f7,4,0,official,principal
5374,1,1,0.6452157497406006,probability_native,0.6452157497406006,u_94f82ce634f765f7,4,0,official,principal
2365,0,0,0.4783536195755005,probability_native,0.4783536195755005,u_94f82ce634f765f7,4,0,official,principal
2866,0,1,0.600000262260437,probability_native,0.600000262260437,u_94f82ce634f765f7,4,0,official,principal
6615,0,0,0.3149261772632599,probability_native,0.3149261772632599,u_94f82ce634f765f7,4,0,official,principal
6719,0,0,0.011507275514304638,probability_native,0.011507275514304638,u_94f82ce634f765f7,4,0,official,principal
4354,0,0,0.021619437262415886,probability_native,0.021619437262415886,u_94f82ce634f765f7,4,0,official,principal
7021,1,0,0.12655684351921082,probability_native,0.12655684351921082,u_94f82ce634f765f7,4,0,official,principal
5651,1,0,0.32116255164146423,probability_native,0.32116255164146423,u_94f82ce634f765f7,4,0,official,principal
3337,0,1,0.743088960647583,probability_native,0.743088960647583,u_94f82ce634f765f7,4,0,official,principal
2802,1,1,0.6175844669342041,probability_native,0.6175844669342041,u_94f82ce634f765f7,4,0,official,principal
2297,1,0,0.22283674776554108,probability_native,0.22283674776554108,u_94f82ce634f765f7,4,0,official,principal
3879,1,1,0.5658789873123169,probability_native,0.5658789873123169,u_94f82ce634f765f7,4,0,official,principal
1172,0,1,0.5311725735664368,probability_native,0.5311725735664368,u_94f82ce634f765f7,4,0,official,principal
6620,1,1,0.841664731502533,probability_native,0.841664731502533,u_94f82ce634f765f7,4,0,official,principal
1773,0,0,0.015648070722818375,probability_native,0.015648070722818375,u_94f82ce634f765f7,4,0,official,principal
1024,0,0,0.30161988735198975,probability_native,0.30161988735198975,u_94f82ce634f765f7,4,0,official,principal
1459,0,0,0.14575077593326569,probability_native,0.14575077593326569,u_94f82ce634f765f7,4,0,official,principal
2037,0,1,0.7665528655052185,probability_native,0.7665528655052185,u_94f82ce634f765f7,4,0,official,principal
4771,1,1,0.7105962038040161,probability_native,0.7105962038040161,u_94f82ce634f765f7,4,0,official,principal
1476,0,0,0.1347447782754898,probability_native,0.1347447782754898,u_94f82ce634f765f7,4,0,official,principal
4858,0,0,0.031228408217430115,probability_native,0.031228408217430115,u_94f82ce634f765f7,4,0,official,principal
3389,0,1,0.7422627806663513,probability_native,0.7422627806663513,u_94f82ce634f765f7,4,0,official,principal
3671,1,1,0.8415201902389526,probability_native,0.8415201902389526,u_94f82ce634f765f7,4,0,official,principal
4497,0,0,0.28093811869621277,probability_native,0.28093811869621277,u_94f82ce634f765f7,4,0,official,principal
1835,0,1,0.6622286438941956,probability_native,0.6622286438941956,u_94f82ce634f765f7,4,0,official,principal
367,0,0,0.28203701972961426,probability_native,0.28203701972961426,u_94f82ce634f765f7,4,0,official,principal
2657,0,0,0.18846789002418518,probability_native,0.18846789002418518,u_94f82ce634f765f7,4,0,official,principal
6196,0,0,0.16267210245132446,probability_native,0.16267210245132446,u_94f82ce634f765f7,4,0,official,principal
2812,1,0,0.33755290508270264,probability_native,0.33755290508270264,u_94f82ce634f765f7,4,0,official,principal
1256,0,0,0.010521845892071724,probability_native,0.010521845892071724,u_94f82ce634f765f7,4,0,official,principal
6604,0,1,0.581709086894989,probability_native,0.581709086894989,u_94f82ce634f765f7,4,0,official,principal
3808,0,0,0.0962163656949997,probability_native,0.0962163656949997,u_94f82ce634f765f7,4,0,official,principal
6119,0,0,0.07560119777917862,probability_native,0.07560119777917862,u_94f82ce634f765f7,4,0,official,principal
928,0,0,0.10481108725070953,probability_native,0.10481108725070953,u_94f82ce634f765f7,4,0,official,principal
1886,0,0,0.01832645945250988,probability_native,0.01832645945250988,u_94f82ce634f765f7,4,0,official,principal
4059,1,0,0.39581936597824097,probability_native,0.39581936597824097,u_94f82ce634f765f7,4,0,official,principal
6039,1,0,0.22912144660949707,probability_native,0.22912144660949707,u_94f82ce634f765f7,4,0,official,principal
4459,1,1,0.8646848797798157,probability_native,0.8646848797798157,u_94f82ce634f765f7,4,0,official,principal
5892,0,0,0.17653107643127441,probability_native,0.17653107643127441,u_94f82ce634f765f7,4,0,official,principal
5053,0,0,0.43035703897476196,probability_native,0.43035703897476196,u_94f82ce634f765f7,4,0,official,principal
2094,0,0,0.07936906069517136,probability_native,0.07936906069517136,u_94f82ce634f765f7,4,0,official,principal
6996,1,0,0.06598647683858871,probability_native,0.06598647683858871,u_94f82ce634f765f7,4,0,official,principal
3140,0,0,0.4893587827682495,probability_native,0.4893587827682495,u_94f82ce634f765f7,4,0,official,principal
1359,1,1,0.7897603511810303,probability_native,0.7897603511810303,u_94f82ce634f765f7,4,0,official,principal
4655,0,0,0.06568099558353424,probability_native,0.06568099558353424,u_94f82ce634f765f7,4,0,official,principal
3699,0,0,0.050461478531360626,probability_native,0.050461478531360626,u_94f82ce634f765f7,4,0,official,principal
4363,0,0,0.29373899102211,probability_native,0.29373899102211,u_94f82ce634f765f7,4,0,official,principal
4562,0,0,0.040581412613391876,probability_native,0.040581412613391876,u_94f82ce634f765f7,4,0,official,principal
1594,0,0,0.01774025335907936,probability_native,0.01774025335907936,u_94f82ce634f765f7,4,0,official,principal
270,1,1,0.6251006126403809,probability_native,0.6251006126403809,u_94f82ce634f765f7,4,0,official,principal
6395,1,0,0.332205206155777,probability_native,0.332205206155777,u_94f82ce634f765f7,4,0,official,principal
2345,0,0,0.1906503140926361,probability_native,0.1906503140926361,u_94f82ce634f765f7,4,0,official,principal
4111,0,0,0.06954240798950195,probability_native,0.06954240798950195,u_94f82ce634f765f7,4,0,official,principal
755,1,1,0.7280165553092957,probability_native,0.7280165553092957,u_94f82ce634f765f7,4,0,official,principal
3382,0,0,0.010471674613654613,probability_native,0.010471674613654613,u_94f82ce634f765f7,4,0,official,principal
2843,0,0,0.01471363939344883,probability_native,0.01471363939344883,u_94f82ce634f765f7,4,0,official,principal
5935,0,0,0.33041301369667053,probability_native,0.33041301369667053,u_94f82ce634f765f7,4,0,official,principal
2477,0,1,0.5760804414749146,probability_native,0.5760804414749146,u_94f82ce634f765f7,4,0,official,principal
1230,0,0,0.29294291138648987,probability_native,0.29294291138648987,u_94f82ce634f765f7,4,0,official,principal
4606,0,0,0.029179224744439125,probability_native,0.029179224744439125,u_94f82ce634f765f7,4,0,official,principal
1271,0,0,0.0847465917468071,probability_native,0.0847465917468071,u_94f82ce634f765f7,4,0,official,principal
1101,0,0,0.1161332055926323,probability_native,0.1161332055926323,u_94f82ce634f765f7,4,0,official,principal
4338,0,0,0.3640668988227844,probability_native,0.3640668988227844,u_94f82ce634f765f7,4,0,official,principal
2677,1,1,0.6052294373512268,probability_native,0.6052294373512268,u_94f82ce634f765f7,4,0,official,principal
5477,0,0,0.012037175707519054,probability_native,0.012037175707519054,u_94f82ce634f765f7,4,0,official,principal
2808,0,1,0.6608667373657227,probability_native,0.6608667373657227,u_94f82ce634f765f7,4,0,official,principal
6334,0,0,0.1653936207294464,probability_native,0.1653936207294464,u_94f82ce634f765f7,4,0,official,principal
1060,0,0,0.03540615364909172,probability_native,0.03540615364909172,u_94f82ce634f765f7,4,0,official,principal
1880,1,1,0.8147715926170349,probability_native,0.8147715926170349,u_94f82ce634f765f7,4,0,official,principal
4539,1,0,0.06306377798318863,probability_native,0.06306377798318863,u_94f82ce634f765f7,4,0,official,principal
2500,0,0,0.06073123961687088,probability_native,0.06073123961687088,u_94f82ce634f765f7,4,0,official,principal
2518,0,1,0.5656402111053467,probability_native,0.5656402111053467,u_94f82ce634f765f7,4,0,official,principal
6432,0,0,0.08622528612613678,probability_native,0.08622528612613678,u_94f82ce634f765f7,4,0,official,principal
2591,0,0,0.4213730990886688,probability_native,0.4213730990886688,u_94f82ce634f765f7,4,0,official,principal
2549,0,0,0.11078985035419464,probability_native,0.11078985035419464,u_94f82ce634f765f7,4,0,official,principal
4645,1,1,0.547051727771759,probability_native,0.547051727771759,u_94f82ce634f765f7,4,0,official,principal
5431,0,0,0.051866985857486725,probability_native,0.051866985857486725,u_94f82ce634f765f7,4,0,official,principal
75,0,0,0.19732071459293365,probability_native,0.19732071459293365,u_94f82ce634f765f7,4,0,official,principal
2017,0,0,0.017093678936362267,probability_native,0.017093678936362267,u_94f82ce634f765f7,4,0,official,principal
1051,0,0,0.28236156702041626,probability_native,0.28236156702041626,u_94f82ce634f765f7,4,0,official,principal
2076,0,0,0.07911692559719086,probability_native,0.07911692559719086,u_94f82ce634f765f7,4,0,official,principal
2291,1,1,0.7541818022727966,probability_native,0.7541818022727966,u_94f82ce634f765f7,4,0,official,principal
6134,0,0,0.2715463638305664,probability_native,0.2715463638305664,u_94f82ce634f765f7,4,0,official,principal
4042,0,0,0.45653650164604187,probability_native,0.45653650164604187,u_94f82ce634f765f7,4,0,official,principal
5332,0,0,0.04376404732465744,probability_native,0.04376404732465744,u_94f82ce634f765f7,4,0,official,principal
5922,0,0,0.05447361245751381,probability_native,0.05447361245751381,u_94f82ce634f765f7,4,0,official,principal
787,0,0,0.09737478941679001,probability_native,0.09737478941679001,u_94f82ce634f765f7,4,0,official,principal
6044,0,1,0.5912774205207825,probability_native,0.5912774205207825,u_94f82ce634f765f7,4,0,official,principal
3248,1,1,0.7302740216255188,probability_native,0.7302740216255188,u_94f82ce634f765f7,4,0,official,principal
3950,1,1,0.5641458034515381,probability_native,0.5641458034515381,u_94f82ce634f765f7,4,0,official,principal
198,0,0,0.04830498993396759,probability_native,0.04830498993396759,u_94f82ce634f765f7,4,0,official,principal
2725,0,1,0.5376395583152771,probability_native,0.5376395583152771,u_94f82ce634f765f7,4,0,official,principal
3490,1,0,0.3149261772632599,probability_native,0.3149261772632599,u_94f82ce634f765f7,4,0,official,principal
2117,0,0,0.010020243003964424,probability_native,0.010020243003964424,u_94f82ce634f765f7,4,0,official,principal
317,1,0,0.04306868463754654,probability_native,0.04306868463754654,u_94f82ce634f765f7,4,0,official,principal
211,0,1,0.6138105392456055,probability_native,0.6138105392456055,u_94f82ce634f765f7,4,0,official,principal
3092,1,1,0.6031139492988586,probability_native,0.6031139492988586,u_94f82ce634f765f7,4,0,official,principal
3265,1,0,0.3524435758590698,probability_native,0.3524435758590698,u_94f82ce634f765f7,4,0,official,principal
6130,0,0,0.01928253285586834,probability_native,0.01928253285586834,u_94f82ce634f765f7,4,0,official,principal
713,0,0,0.37742361426353455,probability_native,0.37742361426353455,u_94f82ce634f765f7,4,0,official,principal
4303,0,0,0.02346060797572136,probability_native,0.02346060797572136,u_94f82ce634f765f7,4,0,official,principal
2385,0,0,0.3481101989746094,probability_native,0.3481101989746094,u_94f82ce634f765f7,4,0,official,principal
436,0,0,0.026879901066422462,probability_native,0.026879901066422462,u_94f82ce634f765f7,4,0,official,principal
5446,1,0,0.340964674949646,probability_native,0.340964674949646,u_94f82ce634f765f7,4,0,official,principal
1925,0,0,0.029610097408294678,probability_native,0.029610097408294678,u_94f82ce634f765f7,4,0,official,principal
5667,0,0,0.20222271978855133,probability_native,0.20222271978855133,u_94f82ce634f765f7,4,0,official,principal
1670,1,1,0.5686732530593872,probability_native,0.5686732530593872,u_94f82ce634f765f7,4,0,official,principal
2956,0,0,0.45805516839027405,probability_native,0.45805516839027405,u_94f82ce634f765f7,4,0,official,principal
1163,1,1,0.5449000000953674,probability_native,0.5449000000953674,u_94f82ce634f765f7,4,0,official,principal
6427,0,0,0.015642166137695312,probability_native,0.015642166137695312,u_94f82ce634f765f7,4,0,official,principal
6169,1,1,0.5718492269515991,probability_native,0.5718492269515991,u_94f82ce634f765f7,4,0,official,principal
6444,1,0,0.07636911422014236,probability_native,0.07636911422014236,u_94f82ce634f765f7,4,0,official,principal
2905,0,0,0.1948057860136032,probability_native,0.1948057860136032,u_94f82ce634f765f7,4,0,official,principal
1877,0,0,0.01028045266866684,probability_native,0.01028045266866684,u_94f82ce634f765f7,4,0,official,principal
148,0,0,0.051271870732307434,probability_native,0.051271870732307434,u_94f82ce634f765f7,4,0,official,principal
1362,1,1,0.6912111043930054,probability_native,0.6912111043930054,u_94f82ce634f765f7,4,0,official,principal
3286,1,1,0.5720436573028564,probability_native,0.5720436573028564,u_94f82ce634f765f7,4,0,official,principal
3132,0,1,0.6674074530601501,probability_native,0.6674074530601501,u_94f82ce634f765f7,4,0,official,principal
6280,0,0,0.09390690922737122,probability_native,0.09390690922737122,u_94f82ce634f765f7,4,0,official,principal
5948,0,0,0.03672770783305168,probability_native,0.03672770783305168,u_94f82ce634f765f7,4,0,official,principal
2594,0,0,0.1580129861831665,probability_native,0.1580129861831665,u_94f82ce634f765f7,4,0,official,principal
5284,1,1,0.5758957266807556,probability_native,0.5758957266807556,u_94f82ce634f765f7,4,0,official,principal
2376,0,0,0.15197479724884033,probability_native,0.15197479724884033,u_94f82ce634f765f7,4,0,official,principal
2723,0,0,0.08937793970108032,probability_native,0.08937793970108032,u_94f82ce634f765f7,4,0,official,principal
3674,1,1,0.5658789873123169,probability_native,0.5658789873123169,u_94f82ce634f765f7,4,0,official,principal
2427,1,1,0.6702094078063965,probability_native,0.6702094078063965,u_94f82ce634f765f7,4,0,official,principal
5674,0,0,0.038778651505708694,probability_native,0.038778651505708694,u_94f82ce634f765f7,4,0,official,principal
5762,0,0,0.35902607440948486,probability_native,0.35902607440948486,u_94f82ce634f765f7,4,0,official,principal
4292,1,0,0.46018996834754944,probability_native,0.46018996834754944,u_94f82ce634f765f7,4,0,official,principal
2804,1,0,0.10536184161901474,probability_native,0.10536184161901474,u_94f82ce634f765f7,4,0,official,principal
3916,0,1,0.5367051959037781,probability_native,0.5367051959037781,u_94f82ce634f765f7,4,0,official,principal
856,0,0,0.01028045266866684,probability_native,0.01028045266866684,u_94f82ce634f765f7,4,0,official,principal
4893,1,0,0.3534029424190521,probability_native,0.3534029424190521,u_94f82ce634f765f7,4,0,official,principal
2870,0,0,0.20277634263038635,probability_native,0.20277634263038635,u_94f82ce634f765f7,4,0,official,principal
2324,1,1,0.5661576986312866,probability_native,0.5661576986312866,u_94f82ce634f765f7,4,0,official,principal
3927,1,0,0.16244137287139893,probability_native,0.16244137287139893,u_94f82ce634f765f7,4,0,official,principal
869,0,0,0.06433796137571335,probability_native,0.06433796137571335,u_94f82ce634f765f7,4,0,official,principal
3075,0,0,0.22179244458675385,probability_native,0.22179244458675385,u_94f82ce634f765f7,4,0,official,principal
5958,0,0,0.2302563190460205,probability_native,0.2302563190460205,u_94f82ce634f765f7,4,0,official,principal
5123,1,1,0.5013335347175598,probability_native,0.5013335347175598,u_94f82ce634f765f7,4,0,official,principal
234,0,0,0.11408652365207672,probability_native,0.11408652365207672,u_94f82ce634f765f7,4,0,official,principal
1178,1,1,0.7005109190940857,probability_native,0.7005109190940857,u_94f82ce634f765f7,4,0,official,principal
2679,1,1,0.7400398850440979,probability_native,0.7400398850440979,u_94f82ce634f765f7,4,0,official,principal
2038,1,0,0.49412593245506287,probability_native,0.49412593245506287,u_94f82ce634f765f7,4,0,official,principal
6755,0,0,0.3092311918735504,probability_native,0.3092311918735504,u_94f82ce634f765f7,4,0,official,principal
172,0,0,0.044085245579481125,probability_native,0.044085245579481125,u_94f82ce634f765f7,4,0,official,principal
1651,1,1,0.8321496844291687,probability_native,0.8321496844291687,u_94f82ce634f765f7,4,0,official,principal
1283,0,0,0.11123161762952805,probability_native,0.11123161762952805,u_94f82ce634f765f7,4,0,official,principal
477,0,0,0.23762474954128265,probability_native,0.23762474954128265,u_94f82ce634f765f7,4,0,official,principal
6351,1,0,0.3373817801475525,probability_native,0.3373817801475525,u_94f82ce634f765f7,4,0,official,principal
1328,0,0,0.1528952717781067,probability_native,0.1528952717781067,u_94f82ce634f765f7,4,0,official,principal
6222,0,0,0.25818192958831787,probability_native,0.25818192958831787,u_94f82ce634f765f7,4,0,official,principal
3379,0,0,0.14207203686237335,probability_native,0.14207203686237335,u_94f82ce634f765f7,4,0,official,principal
1622,0,0,0.04058398678898811,probability_native,0.04058398678898811,u_94f82ce634f765f7,4,0,official,principal
365,1,1,0.6637567281723022,probability_native,0.6637567281723022,u_94f82ce634f765f7,4,0,official,principal
2178,0,0,0.01675461418926716,probability_native,0.01675461418926716,u_94f82ce634f765f7,4,0,official,principal
1290,0,0,0.021202992647886276,probability_native,0.021202992647886276,u_94f82ce634f765f7,4,0,official,principal
6034,0,0,0.03398427739739418,probability_native,0.03398427739739418,u_94f82ce634f765f7,4,0,official,principal
5923,0,1,0.6722949147224426,probability_native,0.6722949147224426,u_94f82ce634f765f7,4,0,official,principal
5577,0,0,0.033334244042634964,probability_native,0.033334244042634964,u_94f82ce634f765f7,4,0,official,principal
2066,0,0,0.02054736018180847,probability_native,0.02054736018180847,u_94f82ce634f765f7,4,0,official,principal
5991,1,0,0.49816179275512695,probability_native,0.49816179275512695,u_94f82ce634f765f7,4,0,official,principal
1891,1,1,0.5371572971343994,probability_native,0.5371572971343994,u_94f82ce634f765f7,4,0,official,principal
2463,0,1,0.6438864469528198,probability_native,0.6438864469528198,u_94f82ce634f765f7,4,0,official,principal
1837,1,0,0.3492404520511627,probability_native,0.3492404520511627,u_94f82ce634f765f7,4,0,official,principal
3235,0,0,0.03718120977282524,probability_native,0.03718120977282524,u_94f82ce634f765f7,4,0,official,principal
6648,0,0,0.08204352855682373,probability_native,0.08204352855682373,u_94f82ce634f765f7,4,0,official,principal
6500,0,0,0.027058523148298264,probability_native,0.027058523148298264,u_94f82ce634f765f7,4,0,official,principal
42,0,0,0.03379087522625923,probability_native,0.03379087522625923,u_94f82ce634f765f7,4,0,official,principal
4989,0,0,0.2120112180709839,probability_native,0.2120112180709839,u_94f82ce634f765f7,4,0,official,principal
1460,1,1,0.7437401413917542,probability_native,0.7437401413917542,u_94f82ce634f765f7,4,0,official,principal
2830,0,0,0.03469694033265114,probability_native,0.03469694033265114,u_94f82ce634f765f7,4,0,official,principal
308,0,0,0.4784143567085266,probability_native,0.4784143567085266,u_94f82ce634f765f7,4,0,official,principal
3542,0,0,0.05047813802957535,probability_native,0.05047813802957535,u_94f82ce634f765f7,4,0,official,principal
819,0,0,0.040808744728565216,probability_native,0.040808744728565216,u_94f82ce634f765f7,4,0,official,principal
6624,0,0,0.02372543327510357,probability_native,0.02372543327510357,u_94f82ce634f765f7,4,0,official,principal
5375,1,1,0.5676062107086182,probability_native,0.5676062107086182,u_94f82ce634f765f7,4,0,official,principal
259,0,0,0.2706695795059204,probability_native,0.2706695795059204,u_94f82ce634f765f7,4,0,official,principal
588,0,0,0.06556932628154755,probability_native,0.06556932628154755,u_94f82ce634f765f7,4,0,official,principal
4919,0,0,0.02518368698656559,probability_native,0.02518368698656559,u_94f82ce634f765f7,4,0,official,principal
1192,1,1,0.7709054946899414,probability_native,0.7709054946899414,u_94f82ce634f765f7,4,0,official,principal
1611,0,0,0.011792898178100586,probability_native,0.011792898178100586,u_94f82ce634f765f7,4,0,official,principal
5743,0,0,0.022237084805965424,probability_native,0.022237084805965424,u_94f82ce634f765f7,4,0,official,principal
6832,0,0,0.01534322276711464,probability_native,0.01534322276711464,u_94f82ce634f765f7,4,0,official,principal
218,0,0,0.03643001616001129,probability_native,0.03643001616001129,u_94f82ce634f765f7,4,0,official,principal
374,0,0,0.35550057888031006,probability_native,0.35550057888031006,u_94f82ce634f765f7,4,0,official,principal
3098,1,0,0.323190301656723,probability_native,0.323190301656723,u_94f82ce634f765f7,4,0,official,principal
2498,0,0,0.1730949878692627,probability_native,0.1730949878692627,u_94f82ce634f765f7,4,0,official,principal
12,0,0,0.2076358050107956,probability_native,0.2076358050107956,u_94f82ce634f765f7,4,0,official,principal
1637,0,0,0.04844583943486214,probability_native,0.04844583943486214,u_94f82ce634f765f7,4,0,official,principal
5214,1,1,0.6123035550117493,probability_native,0.6123035550117493,u_94f82ce634f765f7,4,0,official,principal
2425,0,0,0.12677378952503204,probability_native,0.12677378952503204,u_94f82ce634f765f7,4,0,official,principal
6959,0,0,0.16533392667770386,probability_native,0.16533392667770386,u_94f82ce634f765f7,4,0,official,principal
1241,0,0,0.135137140750885,probability_native,0.135137140750885,u_94f82ce634f765f7,4,0,official,principal
1892,0,1,0.5370126962661743,probability_native,0.5370126962661743,u_94f82ce634f765f7,4,0,official,principal
5037,1,1,0.6348344087600708,probability_native,0.6348344087600708,u_94f82ce634f765f7,4,0,official,principal
5363,0,0,0.0171967726200819,probability_native,0.0171967726200819,u_94f82ce634f765f7,4,0,official,principal
4683,0,1,0.6490748524665833,probability_native,0.6490748524665833,u_94f82ce634f765f7,4,0,official,principal
5539,0,0,0.034054383635520935,probability_native,0.034054383635520935,u_94f82ce634f765f7,4,0,official,principal
2083,1,0,0.4215717315673828,probability_native,0.4215717315673828,u_94f82ce634f765f7,4,0,official,principal
4732,0,0,0.010746568441390991,probability_native,0.010746568441390991,u_94f82ce634f765f7,4,0,official,principal
1199,0,0,0.4051692485809326,probability_native,0.4051692485809326,u_94f82ce634f765f7,4,0,official,principal
1130,0,0,0.015514525584876537,probability_native,0.015514525584876537,u_94f82ce634f765f7,4,0,official,principal
4528,0,0,0.25620707869529724,probability_native,0.25620707869529724,u_94f82ce634f765f7,4,0,official,principal
297,0,1,0.6358006596565247,probability_native,0.6358006596565247,u_94f82ce634f765f7,4,0,official,principal
4141,0,0,0.3303414285182953,probability_native,0.3303414285182953,u_94f82ce634f765f7,4,0,official,principal
2884,0,0,0.010737775824964046,probability_native,0.010737775824964046,u_94f82ce634f765f7,4,0,official,principal
4741,0,1,0.6314897537231445,probability_native,0.6314897537231445,u_94f82ce634f765f7,4,0,official,principal
2426,0,0,0.24060854315757751,probability_native,0.24060854315757751,u_94f82ce634f765f7,4,0,official,principal
6202,1,0,0.045857757329940796,probability_native,0.045857757329940796,u_94f82ce634f765f7,4,0,official,principal
4963,0,0,0.05576963722705841,probability_native,0.05576963722705841,u_94f82ce634f765f7,4,0,official,principal
1755,0,0,0.24169333279132843,probability_native,0.24169333279132843,u_94f82ce634f765f7,4,0,official,principal
5052,0,0,0.1900673657655716,probability_native,0.1900673657655716,u_94f82ce634f765f7,4,0,official,principal
5281,0,0,0.008254537358880043,probability_native,0.008254537358880043,u_94f82ce634f765f7,4,0,official,principal
457,0,0,0.02571292594075203,probability_native,0.02571292594075203,u_94f82ce634f765f7,4,0,official,principal
2957,0,1,0.6467816829681396,probability_native,0.6467816829681396,u_94f82ce634f765f7,4,0,official,principal
3249,0,0,0.21479691565036774,probability_native,0.21479691565036774,u_94f82ce634f765f7,4,0,official,principal
6845,0,1,0.5994943380355835,probability_native,0.5994943380355835,u_94f82ce634f765f7,4,0,official,principal
2022,0,1,0.5393145084381104,probability_native,0.5393145084381104,u_94f82ce634f765f7,4,0,official,principal
5798,1,1,0.820781946182251,probability_native,0.820781946182251,u_94f82ce634f765f7,4,0,official,principal
963,0,0,0.028613682836294174,probability_native,0.028613682836294174,u_94f82ce634f765f7,4,0,official,principal
660,1,0,0.4238847494125366,probability_native,0.4238847494125366,u_94f82ce634f765f7,4,0,official,principal
5478,0,0,0.1769208014011383,probability_native,0.1769208014011383,u_94f82ce634f765f7,4,0,official,principal
4955,1,1,0.671524703502655,probability_native,0.671524703502655,u_94f82ce634f765f7,4,0,official,principal
5678,1,0,0.47136956453323364,probability_native,0.47136956453323364,u_94f82ce634f765f7,4,0,official,principal
5831,1,1,0.6119508743286133,probability_native,0.6119508743286133,u_94f82ce634f765f7,4,0,official,principal
5030,1,1,0.6418246030807495,probability_native,0.6418246030807495,u_94f82ce634f765f7,4,0,official,principal
1294,1,0,0.2945519983768463,probability_native,0.2945519983768463,u_94f82ce634f765f7,4,0,official,principal
2212,0,0,0.03259396180510521,probability_native,0.03259396180510521,u_94f82ce634f765f7,4,0,official,principal
6993,1,0,0.4082372784614563,probability_native,0.4082372784614563,u_94f82ce634f765f7,4,0,official,principal
6342,0,1,0.5397170782089233,probability_native,0.5397170782089233,u_94f82ce634f765f7,4,0,official,principal
3949,0,0,0.13694454729557037,probability_native,0.13694454729557037,u_94f82ce634f765f7,4,0,official,principal
3967,0,0,0.015816060826182365,probability_native,0.015816060826182365,u_94f82ce634f765f7,4,0,official,principal
276,1,1,0.5083262324333191,probability_native,0.5083262324333191,u_94f82ce634f765f7,4,0,official,principal
5867,0,0,0.022232703864574432,probability_native,0.022232703864574432,u_94f82ce634f765f7,4,0,official,principal
5132,0,0,0.06822925060987473,probability_native,0.06822925060987473,u_94f82ce634f765f7,4,0,official,principal
142,0,0,0.10545017570257187,probability_native,0.10545017570257187,u_94f82ce634f765f7,4,0,official,principal
1397,0,1,0.6502851843833923,probability_native,0.6502851843833923,u_94f82ce634f765f7,4,0,official,principal
4524,1,0,0.49128207564353943,probability_native,0.49128207564353943,u_94f82ce634f765f7,4,0,official,principal
4713,0,0,0.22916580736637115,probability_native,0.22916580736637115,u_94f82ce634f765f7,4,0,official,principal
1141,0,0,0.10330519080162048,probability_native,0.10330519080162048,u_94f82ce634f765f7,4,0,official,principal
4749,1,0,0.3906092941761017,probability_native,0.3906092941761017,u_94f82ce634f765f7,4,0,official,principal
4119,0,0,0.024437716230750084,probability_native,0.024437716230750084,u_94f82ce634f765f7,4,0,official,principal
4056,1,1,0.5944981575012207,probability_native,0.5944981575012207,u_94f82ce634f765f7,4,0,official,principal
1136,0,0,0.014817317016422749,probability_native,0.014817317016422749,u_94f82ce634f765f7,4,0,official,principal
3048,0,0,0.45933181047439575,probability_native,0.45933181047439575,u_94f82ce634f765f7,4,0,official,principal
115,0,1,0.5661367774009705,probability_native,0.5661367774009705,u_94f82ce634f765f7,4,0,official,principal
5298,0,1,0.525102972984314,probability_native,0.525102972984314,u_94f82ce634f765f7,4,0,official,principal
5643,1,1,0.7498009204864502,probability_native,0.7498009204864502,u_94f82ce634f765f7,4,0,official,principal
1008,1,0,0.37015435099601746,probability_native,0.37015435099601746,u_94f82ce634f765f7,4,0,official,principal
1416,0,0,0.030359532684087753,probability_native,0.030359532684087753,u_94f82ce634f765f7,4,0,official,principal
1989,0,0,0.024304864928126335,probability_native,0.024304864928126335,u_94f82ce634f765f7,4,0,official,principal
3915,0,0,0.0794873759150505,probability_native,0.0794873759150505,u_94f82ce634f765f7,4,0,official,principal
609,1,0,0.3556423783302307,probability_native,0.3556423783302307,u_94f82ce634f765f7,4,0,official,principal
1189,0,1,0.5977621078491211,probability_native,0.5977621078491211,u_94f82ce634f765f7,4,0,official,principal
2074,1,0,0.34386277198791504,probability_native,0.34386277198791504,u_94f82ce634f765f7,4,0,official,principal
5106,0,0,0.22750692069530487,probability_native,0.22750692069530487,u_94f82ce634f765f7,4,0,official,principal
2539,0,0,0.01774025335907936,probability_native,0.01774025335907936,u_94f82ce634f765f7,4,0,official,principal
5002,0,0,0.03350713849067688,probability_native,0.03350713849067688,u_94f82ce634f765f7,4,0,official,principal
4803,0,0,0.21347209811210632,probability_native,0.21347209811210632,u_94f82ce634f765f7,4,0,official,principal
1067,0,0,0.31384196877479553,probability_native,0.31384196877479553,u_94f82ce634f765f7,4,0,official,principal
5460,0,0,0.015692906454205513,probability_native,0.015692906454205513,u_94f82ce634f765f7,4,0,official,principal
1841,0,0,0.04179971292614937,probability_native,0.04179971292614937,u_94f82ce634f765f7,4,0,official,principal
6654,1,1,0.7709054946899414,probability_native,0.7709054946899414,u_94f82ce634f765f7,4,0,official,principal
19,0,1,0.5393145084381104,probability_native,0.5393145084381104,u_94f82ce634f765f7,4,0,official,principal
3882,0,0,0.33699822425842285,probability_native,0.33699822425842285,u_94f82ce634f765f7,4,0,official,principal
1331,0,1,0.6031139492988586,probability_native,0.6031139492988586,u_94f82ce634f765f7,4,0,official,principal
5399,0,0,0.025559935718774796,probability_native,0.025559935718774796,u_94f82ce634f765f7,4,0,official,principal
1548,0,0,0.29756641387939453,probability_native,0.29756641387939453,u_94f82ce634f765f7,4,0,official,principal
3271,1,1,0.8098761439323425,probability_native,0.8098761439323425,u_94f82ce634f765f7,4,0,official,principal
461,0,0,0.1942458599805832,probability_native,0.1942458599805832,u_94f82ce634f765f7,4,0,official,principal
390,0,1,0.5080514550209045,probability_native,0.5080514550209045,u_94f82ce634f765f7,4,0,official,principal
775,0,0,0.0490412712097168,probability_native,0.0490412712097168,u_94f82ce634f765f7,4,0,official,principal
2098,0,1,0.5993251204490662,probability_native,0.5993251204490662,u_94f82ce634f765f7,4,0,official,principal
5912,1,0,0.28649622201919556,probability_native,0.28649622201919556,u_94f82ce634f765f7,4,0,official,principal
431,0,0,0.011247200891375542,probability_native,0.011247200891375542,u_94f82ce634f765f7,4,0,official,principal
6882,0,0,0.0928208976984024,probability_native,0.0928208976984024,u_94f82ce634f765f7,4,0,official,principal
4158,0,0,0.01977095566689968,probability_native,0.01977095566689968,u_94f82ce634f765f7,4,0,official,principal
6469,0,0,0.01659252494573593,probability_native,0.01659252494573593,u_94f82ce634f765f7,4,0,official,principal
230,0,0,0.1172998696565628,probability_native,0.1172998696565628,u_94f82ce634f765f7,4,0,official,principal
3485,1,1,0.6866366267204285,probability_native,0.6866366267204285,u_94f82ce634f765f7,4,0,official,principal
5680,1,0,0.43589213490486145,probability_native,0.43589213490486145,u_94f82ce634f765f7,4,0,official,principal
125,0,0,0.07422811537981033,probability_native,0.07422811537981033,u_94f82ce634f765f7,4,0,official,principal
5749,0,0,0.35345518589019775,probability_native,0.35345518589019775,u_94f82ce634f765f7,4,0,official,principal
2697,0,0,0.014793891459703445,probability_native,0.014793891459703445,u_94f82ce634f765f7,4,0,official,principal
1843,0,0,0.010746568441390991,probability_native,0.010746568441390991,u_94f82ce634f765f7,4,0,official,principal
5899,0,0,0.30471891164779663,probability_native,0.30471891164779663,u_94f82ce634f765f7,4,0,official,principal
1150,0,0,0.28295400738716125,probability_native,0.28295400738716125,u_94f82ce634f765f7,4,0,official,principal
2688,1,1,0.7437401413917542,probability_native,0.7437401413917542,u_94f82ce634f765f7,4,0,official,principal
420,0,0,0.22491326928138733,probability_native,0.22491326928138733,u_94f82ce634f765f7,4,0,official,principal
5653,1,1,0.7008534669876099,probability_native,0.7008534669876099,u_94f82ce634f765f7,4,0,official,principal
1600,1,1,0.8736217617988586,probability_native,0.8736217617988586,u_94f82ce634f765f7,4,0,official,principal
980,0,0,0.09638038277626038,probability_native,0.09638038277626038,u_94f82ce634f765f7,4,0,official,principal
1084,0,0,0.025095941498875618,probability_native,0.025095941498875618,u_94f82ce634f765f7,4,0,official,principal
2207,1,1,0.7198576331138611,probability_native,0.7198576331138611,u_94f82ce634f765f7,4,0,official,principal
5297,0,0,0.018874462693929672,probability_native,0.018874462693929672,u_94f82ce634f765f7,4,0,official,principal
1901,0,0,0.04995967820286751,probability_native,0.04995967820286751,u_94f82ce634f765f7,4,0,official,principal
4865,0,0,0.32132065296173096,probability_native,0.32132065296173096,u_94f82ce634f765f7,4,0,official,principal
4567,0,1,0.5164672136306763,probability_native,0.5164672136306763,u_94f82ce634f765f7,4,0,official,principal
4033,0,0,0.033231381326913834,probability_native,0.033231381326913834,u_94f82ce634f765f7,4,0,official,principal
5523,0,1,0.6052294373512268,probability_native,0.6052294373512268,u_94f82ce634f765f7,4,0,official,principal
3123,0,0,0.4120868146419525,probability_native,0.4120868146419525,u_94f82ce634f765f7,4,0,official,principal
3794,0,0,0.23166853189468384,probability_native,0.23166853189468384,u_94f82ce634f765f7,4,0,official,principal
564,0,0,0.19993208348751068,probability_native,0.19993208348751068,u_94f82ce634f765f7,4,0,official,principal
1873,0,0,0.014053026214241982,probability_native,0.014053026214241982,u_94f82ce634f765f7,4,0,official,principal
6105,1,0,0.18171024322509766,probability_native,0.18171024322509766,u_94f82ce634f765f7,4,0,official,principal
2544,0,0,0.12733353674411774,probability_native,0.12733353674411774,u_94f82ce634f765f7,4,0,official,principal
4023,0,0,0.025559935718774796,probability_native,0.025559935718774796,u_94f82ce634f765f7,4,0,official,principal
5723,0,0,0.19148503243923187,probability_native,0.19148503243923187,u_94f82ce634f765f7,4,0,official,principal
2375,0,0,0.055255115032196045,probability_native,0.055255115032196045,u_94f82ce634f765f7,4,0,official,principal
4183,0,0,0.40964969992637634,probability_native,0.40964969992637634,u_94f82ce634f765f7,4,0,official,principal
3986,0,0,0.03650665283203125,probability_native,0.03650665283203125,u_94f82ce634f765f7,4,0,official,principal
7003,0,0,0.1711718887090683,probability_native,0.1711718887090683,u_94f82ce634f765f7,4,0,official,principal
1707,0,1,0.6581581234931946,probability_native,0.6581581234931946,u_94f82ce634f765f7,4,0,official,principal
3126,0,0,0.09174929559230804,probability_native,0.09174929559230804,u_94f82ce634f765f7,4,0,official,principal
5263,0,0,0.3219842314720154,probability_native,0.3219842314720154,u_94f82ce634f765f7,4,0,official,principal
3528,1,0,0.1054379865527153,probability_native,0.1054379865527153,u_94f82ce634f765f7,4,0,official,principal
5237,0,0,0.14942966401576996,probability_native,0.14942966401576996,u_94f82ce634f765f7,4,0,official,principal
1788,0,0,0.021619437262415886,probability_native,0.021619437262415886,u_94f82ce634f765f7,4,0,official,principal
2248,0,0,0.11567936092615128,probability_native,0.11567936092615128,u_94f82ce634f765f7,4,0,official,principal
1435,0,0,0.3060954809188843,probability_native,0.3060954809188843,u_94f82ce634f765f7,4,0,official,principal
501,0,0,0.048269469290971756,probability_native,0.048269469290971756,u_94f82ce634f765f7,4,0,official,principal
5198,1,0,0.26658347249031067,probability_native,0.26658347249031067,u_94f82ce634f765f7,4,0,official,principal
4255,1,0,0.15579701960086823,probability_native,0.15579701960086823,u_94f82ce634f765f7,4,0,official,principal
3252,0,0,0.06954987347126007,probability_native,0.06954987347126007,u_94f82ce634f765f7,4,0,official,principal
3584,0,0,0.44081899523735046,probability_native,0.44081899523735046,u_94f82ce634f765f7,4,0,official,principal
3535,0,0,0.12513689696788788,probability_native,0.12513689696788788,u_94f82ce634f765f7,4,0,official,principal
4099,0,0,0.220681831240654,probability_native,0.220681831240654,u_94f82ce634f765f7,4,0,official,principal
2600,0,1,0.7408989071846008,probability_native,0.7408989071846008,u_94f82ce634f765f7,4,0,official,principal
184,1,1,0.5929121971130371,probability_native,0.5929121971130371,u_94f82ce634f765f7,4,0,official,principal
1836,1,0,0.41994425654411316,probability_native,0.41994425654411316,u_94f82ce634f765f7,4,0,official,principal
5545,0,0,0.41143107414245605,probability_native,0.41143107414245605,u_94f82ce634f765f7,4,0,official,principal
1156,0,0,0.010879279114305973,probability_native,0.010879279114305973,u_94f82ce634f765f7,4,0,official,principal
1513,1,1,0.6340525150299072,probability_native,0.6340525150299072,u_94f82ce634f765f7,4,0,official,principal
4568,0,0,0.17954564094543457,probability_native,0.17954564094543457,u_94f82ce634f765f7,4,0,official,principal
4112,0,0,0.2796083390712738,probability_native,0.2796083390712738,u_94f82ce634f765f7,4,0,official,principal
6050,0,0,0.2307661473751068,probability_native,0.2307661473751068,u_94f82ce634f765f7,4,0,official,principal
1276,0,0,0.07649236172437668,probability_native,0.07649236172437668,u_94f82ce634f765f7,4,0,official,principal
4588,0,0,0.27521848678588867,probability_native,0.27521848678588867,u_94f82ce634f765f7,4,0,official,principal
4010,0,0,0.3265856206417084,probability_native,0.3265856206417084,u_94f82ce634f765f7,4,0,official,principal
396,0,0,0.38761088252067566,probability_native,0.38761088252067566,u_94f82ce634f765f7,4,0,official,principal
4523,0,1,0.5161429047584534,probability_native,0.5161429047584534,u_94f82ce634f765f7,4,0,official,principal
4220,0,0,0.019212650135159492,probability_native,0.019212650135159492,u_94f82ce634f765f7,4,0,official,principal
6138,0,0,0.20433714985847473,probability_native,0.20433714985847473,u_94f82ce634f765f7,4,0,official,principal
2653,0,0,0.021188687533140182,probability_native,0.021188687533140182,u_94f82ce634f765f7,4,0,official,principal
5492,0,0,0.021297402679920197,probability_native,0.021297402679920197,u_94f82ce634f765f7,4,0,official,principal
6505,0,0,0.021787406876683235,probability_native,0.021787406876683235,u_94f82ce634f765f7,4,0,official,principal
321,0,0,0.03378979489207268,probability_native,0.03378979489207268,u_94f82ce634f765f7,4,0,official,principal
2357,0,0,0.05092592164874077,probability_native,0.05092592164874077,u_94f82ce634f765f7,4,0,official,principal
407,0,0,0.38582539558410645,probability_native,0.38582539558410645,u_94f82ce634f765f7,4,0,official,principal
4614,0,0,0.1002117246389389,probability_native,0.1002117246389389,u_94f82ce634f765f7,4,0,official,principal
962,0,0,0.21378326416015625,probability_native,0.21378326416015625,u_94f82ce634f765f7,4,0,official,principal
2253,0,0,0.017230644822120667,probability_native,0.017230644822120667,u_94f82ce634f765f7,4,0,official,principal
4268,0,0,0.1413276493549347,probability_native,0.1413276493549347,u_94f82ce634f765f7,4,0,official,principal
3443,0,0,0.19038082659244537,probability_native,0.19038082659244537,u_94f82ce634f765f7,4,0,official,principal
2089,0,0,0.024367639794945717,probability_native,0.024367639794945717,u_94f82ce634f765f7,4,0,official,principal
6711,0,0,0.4328154921531677,probability_native,0.4328154921531677,u_94f82ce634f765f7,4,0,official,principal
2620,0,0,0.18603579699993134,probability_native,0.18603579699993134,u_94f82ce634f765f7,4,0,official,principal
6988,0,0,0.1353895366191864,probability_native,0.1353895366191864,u_94f82ce634f765f7,4,0,official,principal
4353,1,1,0.8068302273750305,probability_native,0.8068302273750305,u_94f82ce634f765f7,4,0,official,principal
40,0,0,0.08756066113710403,probability_native,0.08756066113710403,u_94f82ce634f765f7,4,0,official,principal
1158,0,0,0.21054022014141083,probability_native,0.21054022014141083,u_94f82ce634f765f7,4,0,official,principal
3667,0,0,0.2007223516702652,probability_native,0.2007223516702652,u_94f82ce634f765f7,4,0,official,principal
72,0,0,0.10651127994060516,probability_native,0.10651127994060516,u_94f82ce634f765f7,4,0,official,principal
5043,1,1,0.538550853729248,probability_native,0.538550853729248,u_94f82ce634f765f7,4,0,official,principal
354,1,0,0.3610341250896454,probability_native,0.3610341250896454,u_94f82ce634f765f7,4,0,official,principal
3484,0,0,0.33114516735076904,probability_native,0.33114516735076904,u_94f82ce634f765f7,4,0,official,principal
6556,0,0,0.02319713495671749,probability_native,0.02319713495671749,u_94f82ce634f765f7,4,0,official,principal
7009,1,0,0.4504396617412567,probability_native,0.4504396617412567,u_94f82ce634f765f7,4,0,official,principal
4092,0,0,0.4058869183063507,probability_native,0.4058869183063507,u_94f82ce634f765f7,4,0,official,principal
576,0,0,0.11748848110437393,probability_native,0.11748848110437393,u_94f82ce634f765f7,4,0,official,principal
4969,0,0,0.16990016400814056,probability_native,0.16990016400814056,u_94f82ce634f765f7,4,0,official,principal
3432,0,0,0.029237721115350723,probability_native,0.029237721115350723,u_94f82ce634f765f7,4,0,official,principal
1193,0,0,0.02754228003323078,probability_native,0.02754228003323078,u_94f82ce634f765f7,4,0,official,principal
4828,0,0,0.10507097095251083,probability_native,0.10507097095251083,u_94f82ce634f765f7,4,0,official,principal
5092,0,0,0.1002117246389389,probability_native,0.1002117246389389,u_94f82ce634f765f7,4,0,official,principal
1442,0,0,0.15794971585273743,probability_native,0.15794971585273743,u_94f82ce634f765f7,4,0,official,principal
620,0,0,0.34796425700187683,probability_native,0.34796425700187683,u_94f82ce634f765f7,4,0,official,principal
7035,0,0,0.4096468985080719,probability_native,0.4096468985080719,u_94f82ce634f765f7,4,0,official,principal
4289,0,0,0.01698615401983261,probability_native,0.01698615401983261,u_94f82ce634f765f7,4,0,official,principal
1050,1,0,0.31896084547042847,probability_native,0.31896084547042847,u_94f82ce634f765f7,4,0,official,principal
6161,0,0,0.4434518814086914,probability_native,0.4434518814086914,u_94f82ce634f765f7,4,0,official,principal
6428,1,1,0.5964474081993103,probability_native,0.5964474081993103,u_94f82ce634f765f7,4,0,official,principal
4274,0,0,0.022454125806689262,probability_native,0.022454125806689262,u_94f82ce634f765f7,4,0,official,principal
4801,0,0,0.009835997596383095,probability_native,0.009835997596383095,u_94f82ce634f765f7,4,0,official,principal
3574,0,0,0.4058869183063507,probability_native,0.4058869183063507,u_94f82ce634f765f7,4,0,official,principal
6538,1,1,0.6640981435775757,probability_native,0.6640981435775757,u_94f82ce634f765f7,4,0,official,principal
3823,0,0,0.01181222964078188,probability_native,0.01181222964078188,u_94f82ce634f765f7,4,0,official,principal
1700,0,0,0.015551895834505558,probability_native,0.015551895834505558,u_94f82ce634f765f7,4,0,official,principal
4469,0,0,0.07266004383563995,probability_native,0.07266004383563995,u_94f82ce634f765f7,4,0,official,principal
3852,0,0,0.43052586913108826,probability_native,0.43052586913108826,u_94f82ce634f765f7,4,0,official,principal
3186,0,0,0.016032757237553596,probability_native,0.016032757237553596,u_94f82ce634f765f7,4,0,official,principal
493,0,0,0.08816079050302505,probability_native,0.08816079050302505,u_94f82ce634f765f7,4,0,official,principal
6286,0,0,0.09103647619485855,probability_native,0.09103647619485855,u_94f82ce634f765f7,4,0,official,principal
726,0,0,0.02821841835975647,probability_native,0.02821841835975647,u_94f82ce634f765f7,4,0,official,principal
5483,1,0,0.3450736999511719,probability_native,0.3450736999511719,u_94f82ce634f765f7,4,0,official,principal
1818,0,0,0.21170702576637268,probability_native,0.21170702576637268,u_94f82ce634f765f7,4,0,official,principal
3188,1,0,0.2785211205482483,probability_native,0.2785211205482483,u_94f82ce634f765f7,4,0,official,principal
2970,1,1,0.62758469581604,probability_native,0.62758469581604,u_94f82ce634f765f7,4,0,official,principal
802,0,0,0.02187897078692913,probability_native,0.02187897078692913,u_94f82ce634f765f7,4,0,official,principal
6136,0,0,0.015458951704204082,probability_native,0.015458951704204082,u_94f82ce634f765f7,4,0,official,principal
1935,0,0,0.03549003601074219,probability_native,0.03549003601074219,u_94f82ce634f765f7,4,0,official,principal
5352,0,1,0.5777893662452698,probability_native,0.5777893662452698,u_94f82ce634f765f7,4,0,official,principal
2673,1,1,0.6236974000930786,probability_native,0.6236974000930786,u_94f82ce634f765f7,4,0,official,principal
4230,1,0,0.4640108346939087,probability_native,0.4640108346939087,u_94f82ce634f765f7,4,0,official,principal
3598,0,1,0.6141088008880615,probability_native,0.6141088008880615,u_94f82ce634f765f7,4,0,official,principal
6810,1,0,0.27805987000465393,probability_native,0.27805987000465393,u_94f82ce634f765f7,4,0,official,principal
6645,0,0,0.1718781441450119,probability_native,0.1718781441450119,u_94f82ce634f765f7,4,0,official,principal
2334,0,1,0.5239863991737366,probability_native,0.5239863991737366,u_94f82ce634f765f7,4,0,official,principal
1990,1,1,0.6338791847229004,probability_native,0.6338791847229004,u_94f82ce634f765f7,4,0,official,principal
2167,1,1,0.7813829183578491,probability_native,0.7813829183578491,u_94f82ce634f765f7,4,0,official,principal
2669,1,0,0.4884882867336273,probability_native,0.4884882867336273,u_94f82ce634f765f7,4,0,official,principal
2573,1,1,0.6047492027282715,probability_native,0.6047492027282715,u_94f82ce634f765f7,4,0,official,principal
83,0,0,0.37630176544189453,probability_native,0.37630176544189453,u_94f82ce634f765f7,4,0,official,principal
4323,1,0,0.20021460950374603,probability_native,0.20021460950374603,u_94f82ce634f765f7,4,0,official,principal
202,0,0,0.1034892275929451,probability_native,0.1034892275929451,u_94f82ce634f765f7,4,0,official,principal
4498,0,0,0.03993697836995125,probability_native,0.03993697836995125,u_94f82ce634f765f7,4,0,official,principal
4470,0,0,0.29529228806495667,probability_native,0.29529228806495667,u_94f82ce634f765f7,4,0,official,principal
3014,0,0,0.4499189853668213,probability_native,0.4499189853668213,u_94f82ce634f765f7,4,0,official,principal
5837,0,1,0.6007224321365356,probability_native,0.6007224321365356,u_94f82ce634f765f7,4,0,official,principal
4843,0,0,0.013407070189714432,probability_native,0.013407070189714432,u_94f82ce634f765f7,4,0,official,principal
5211,1,1,0.7804732322692871,probability_native,0.7804732322692871,u_94f82ce634f765f7,4,0,official,principal
737,0,0,0.05088640749454498,probability_native,0.05088640749454498,u_94f82ce634f765f7,4,0,official,principal
1646,0,0,0.030961420387029648,probability_native,0.030961420387029648,u_94f82ce634f765f7,4,0,official,principal
1910,0,1,0.5167933702468872,probability_native,0.5167933702468872,u_94f82ce634f765f7,4,0,official,principal
4892,0,1,0.6245182156562805,probability_native,0.6245182156562805,u_94f82ce634f765f7,4,0,official,principal
6904,0,0,0.268561452627182,probability_native,0.268561452627182,u_94f82ce634f765f7,4,0,official,principal
797,0,0,0.13681599497795105,probability_native,0.13681599497795105,u_94f82ce634f765f7,4,0,official,principal
1188,0,0,0.2929285764694214,probability_native,0.2929285764694214,u_94f82ce634f765f7,4,0,official,principal
4026,0,0,0.03134870156645775,probability_native,0.03134870156645775,u_94f82ce634f765f7,4,0,official,principal
3430,0,0,0.1124713271856308,probability_native,0.1124713271856308,u_94f82ce634f765f7,4,0,official,principal
5588,1,1,0.5505802631378174,probability_native,0.5505802631378174,u_94f82ce634f765f7,4,0,official,principal
6018,0,0,0.014401341788470745,probability_native,0.014401341788470745,u_94f82ce634f765f7,4,0,official,principal
4650,0,0,0.0807497501373291,probability_native,0.0807497501373291,u_94f82ce634f765f7,4,0,official,principal
4776,0,1,0.6912111043930054,probability_native,0.6912111043930054,u_94f82ce634f765f7,4,0,official,principal
2075,0,1,0.5859861373901367,probability_native,0.5859861373901367,u_94f82ce634f765f7,4,0,official,principal
1445,0,1,0.6229950785636902,probability_native,0.6229950785636902,u_94f82ce634f765f7,4,0,official,principal
4887,0,0,0.059427276253700256,probability_native,0.059427276253700256,u_94f82ce634f765f7,4,0,official,principal
5371,1,0,0.22857236862182617,probability_native,0.22857236862182617,u_94f82ce634f765f7,4,0,official,principal
3178,1,0,0.21864861249923706,probability_native,0.21864861249923706,u_94f82ce634f765f7,4,0,official,principal
6302,1,1,0.6761669516563416,probability_native,0.6761669516563416,u_94f82ce634f765f7,4,0,official,principal
4639,0,1,0.6213387250900269,probability_native,0.6213387250900269,u_94f82ce634f765f7,4,0,official,principal
4471,1,0,0.26020780205726624,probability_native,0.26020780205726624,u_94f82ce634f765f7,4,0,official,principal
2054,1,1,0.619720995426178,probability_native,0.619720995426178,u_94f82ce634f765f7,4,0,official,principal
3909,0,0,0.021176205947995186,probability_native,0.021176205947995186,u_94f82ce634f765f7,4,0,official,principal
5566,0,0,0.026286514475941658,probability_native,0.026286514475941658,u_94f82ce634f765f7,4,0,official,principal
358,1,0,0.15883123874664307,probability_native,0.15883123874664307,u_94f82ce634f765f7,4,0,official,principal
4960,1,1,0.5641458034515381,probability_native,0.5641458034515381,u_94f82ce634f765f7,4,0,official,principal
1564,1,1,0.7719898223876953,probability_native,0.7719898223876953,u_94f82ce634f765f7,4,0,official,principal
4826,1,1,0.8249303698539734,probability_native,0.8249303698539734,u_94f82ce634f765f7,4,0,official,principal
5076,1,0,0.2379591464996338,probability_native,0.2379591464996338,u_94f82ce634f765f7,4,0,official,principal
2533,0,0,0.03462836891412735,probability_native,0.03462836891412735,u_94f82ce634f765f7,4,0,official,principal
5966,1,0,0.44455042481422424,probability_native,0.44455042481422424,u_94f82ce634f765f7,4,0,official,principal
2774,0,0,0.1979861557483673,probability_native,0.1979861557483673,u_94f82ce634f765f7,4,0,official,principal
2513,0,0,0.011956263333559036,probability_native,0.011956263333559036,u_94f82ce634f765f7,4,0,official,principal
1387,0,0,0.009646499529480934,probability_native,0.009646499529480934,u_94f82ce634f765f7,4,0,official,principal
784,0,0,0.044118545949459076,probability_native,0.044118545949459076,u_94f82ce634f765f7,4,0,official,principal
4040,0,0,0.04631419852375984,probability_native,0.04631419852375984,u_94f82ce634f765f7,4,0,official,principal
5235,0,1,0.5909722447395325,probability_native,0.5909722447395325,u_94f82ce634f765f7,4,0,official,principal
1004,0,0,0.08314436674118042,probability_native,0.08314436674118042,u_94f82ce634f765f7,4,0,official,principal
951,0,1,0.5309031009674072,probability_native,0.5309031009674072,u_94f82ce634f765f7,4,0,official,principal
3590,0,0,0.033988822251558304,probability_native,0.033988822251558304,u_94f82ce634f765f7,4,0,official,principal
6984,0,0,0.1501721441745758,probability_native,0.1501721441745758,u_94f82ce634f765f7,4,0,official,principal
3316,0,0,0.0837579295039177,probability_native,0.0837579295039177,u_94f82ce634f765f7,4,0,official,principal
3480,0,0,0.014728633686900139,probability_native,0.014728633686900139,u_94f82ce634f765f7,4,0,official,principal
5187,0,1,0.6045731902122498,probability_native,0.6045731902122498,u_94f82ce634f765f7,4,0,official,principal
6598,0,0,0.02155200019478798,probability_native,0.02155200019478798,u_94f82ce634f765f7,4,0,official,principal
5609,1,0,0.32734793424606323,probability_native,0.32734793424606323,u_94f82ce634f765f7,4,0,official,principal
924,0,0,0.41683053970336914,probability_native,0.41683053970336914,u_94f82ce634f765f7,4,0,official,principal
6931,0,0,0.12394333630800247,probability_native,0.12394333630800247,u_94f82ce634f765f7,4,0,official,principal
1295,0,0,0.02802608162164688,probability_native,0.02802608162164688,u_94f82ce634f765f7,4,0,official,principal
3911,1,0,0.17934376001358032,probability_native,0.17934376001358032,u_94f82ce634f765f7,4,0,official,principal
4057,0,0,0.010098949074745178,probability_native,0.010098949074745178,u_94f82ce634f765f7,4,0,official,principal
4218,0,0,0.19360190629959106,probability_native,0.19360190629959106,u_94f82ce634f765f7,4,0,official,principal
4895,0,0,0.2345137596130371,probability_native,0.2345137596130371,u_94f82ce634f765f7,4,0,official,principal
514,0,0,0.2444942146539688,probability_native,0.2444942146539688,u_94f82ce634f765f7,4,0,official,principal
4835,0,0,0.48199090361595154,probability_native,0.48199090361595154,u_94f82ce634f765f7,4,0,official,principal
45,0,0,0.39017972350120544,probability_native,0.39017972350120544,u_94f82ce634f765f7,4,0,official,principal
6749,0,0,0.04961733892560005,probability_native,0.04961733892560005,u_94f82ce634f765f7,4,0,official,principal
2992,0,0,0.158677875995636,probability_native,0.158677875995636,u_94f82ce634f765f7,4,0,official,principal
4991,1,0,0.22667987644672394,probability_native,0.22667987644672394,u_94f82ce634f765f7,4,0,official,principal
3041,0,1,0.6332821249961853,probability_native,0.6332821249961853,u_94f82ce634f765f7,4,0,official,principal
5788,0,1,0.5828968286514282,probability_native,0.5828968286514282,u_94f82ce634f765f7,4,0,official,principal
1860,0,0,0.009942485950887203,probability_native,0.009942485950887203,u_94f82ce634f765f7,4,0,official,principal
401,0,0,0.035828400403261185,probability_native,0.035828400403261185,u_94f82ce634f765f7,4,0,official,principal
130,0,1,0.6752318739891052,probability_native,0.6752318739891052,u_94f82ce634f765f7,4,0,official,principal
1392,0,0,0.021958405151963234,probability_native,0.021958405151963234,u_94f82ce634f765f7,4,0,official,principal
287,1,1,0.7408989071846008,probability_native,0.7408989071846008,u_94f82ce634f765f7,4,0,official,principal
4184,1,1,0.6854712963104248,probability_native,0.6854712963104248,u_94f82ce634f765f7,4,0,official,principal
2412,1,0,0.04401981458067894,probability_native,0.04401981458067894,u_94f82ce634f765f7,4,0,official,principal
1585,0,0,0.05904816463589668,probability_native,0.05904816463589668,u_94f82ce634f765f7,4,0,official,principal
5705,0,0,0.340964674949646,probability_native,0.340964674949646,u_94f82ce634f765f7,4,0,official,principal
6367,0,0,0.023226140066981316,probability_native,0.023226140066981316,u_94f82ce634f765f7,4,0,official,principal
6373,0,0,0.29210394620895386,probability_native,0.29210394620895386,u_94f82ce634f765f7,4,0,official,principal
4953,0,0,0.014524162746965885,probability_native,0.014524162746965885,u_94f82ce634f765f7,4,0,official,principal
4540,0,0,0.35319775342941284,probability_native,0.35319775342941284,u_94f82ce634f765f7,4,0,official,principal
848,0,0,0.013123494572937489,probability_native,0.013123494572937489,u_94f82ce634f765f7,4,0,official,principal
6884,1,1,0.6411711573600769,probability_native,0.6411711573600769,u_94f82ce634f765f7,4,0,official,principal
533,0,0,0.23347704112529755,probability_native,0.23347704112529755,u_94f82ce634f765f7,4,0,official,principal
1518,0,0,0.15658700466156006,probability_native,0.15658700466156006,u_94f82ce634f765f7,4,0,official,principal
4322,0,1,0.7219856381416321,probability_native,0.7219856381416321,u_94f82ce634f765f7,4,0,official,principal
1958,0,0,0.3237123489379883,probability_native,0.3237123489379883,u_94f82ce634f765f7,4,0,official,principal
1261,0,1,0.6826881766319275,probability_native,0.6826881766319275,u_94f82ce634f765f7,4,0,official,principal
1640,0,0,0.04599902778863907,probability_native,0.04599902778863907,u_94f82ce634f765f7,4,0,official,principal
5607,1,0,0.29960551857948303,probability_native,0.29960551857948303,u_94f82ce634f765f7,4,0,official,principal
6024,1,1,0.695371687412262,probability_native,0.695371687412262,u_94f82ce634f765f7,4,0,official,principal
6112,0,0,0.3177003860473633,probability_native,0.3177003860473633,u_94f82ce634f765f7,4,0,official,principal
3474,0,0,0.2673377990722656,probability_native,0.2673377990722656,u_94f82ce634f765f7,4,0,official,principal
1391,0,0,0.4196682572364807,probability_native,0.4196682572364807,u_94f82ce634f765f7,4,0,official,principal
5690,0,0,0.016017546877264977,probability_native,0.016017546877264977,u_94f82ce634f765f7,4,0,official,principal
4254,1,0,0.3254898190498352,probability_native,0.3254898190498352,u_94f82ce634f765f7,4,0,official,principal
991,0,0,0.017958344891667366,probability_native,0.017958344891667366,u_94f82ce634f765f7,4,0,official,principal
4492,0,0,0.02174191176891327,probability_native,0.02174191176891327,u_94f82ce634f765f7,4,0,official,principal
2428,1,0,0.4620777666568756,probability_native,0.4620777666568756,u_94f82ce634f765f7,4,0,official,principal
3339,0,0,0.019314326345920563,probability_native,0.019314326345920563,u_94f82ce634f765f7,4,0,official,principal
2029,1,0,0.11156046390533447,probability_native,0.11156046390533447,u_94f82ce634f765f7,4,0,official,principal
655,0,1,0.5170313119888306,probability_native,0.5170313119888306,u_94f82ce634f765f7,4,0,official,principal
6180,0,0,0.10328790545463562,probability_native,0.10328790545463562,u_94f82ce634f765f7,4,0,official,principal
3369,0,0,0.2960539162158966,probability_native,0.2960539162158966,u_94f82ce634f765f7,4,0,official,principal
2541,0,0,0.01946800947189331,probability_native,0.01946800947189331,u_94f82ce634f765f7,4,0,official,principal
1996,0,0,0.018285728991031647,probability_native,0.018285728991031647,u_94f82ce634f765f7,4,0,official,principal
6778,0,0,0.009591144509613514,probability_native,0.009591144509613514,u_94f82ce634f765f7,4,0,official,principal
6091,1,1,0.7292702794075012,probability_native,0.7292702794075012,u_94f82ce634f765f7,4,0,official,principal
5001,1,0,0.1650415062904358,probability_native,0.1650415062904358,u_94f82ce634f765f7,4,0,official,principal
6732,0,0,0.4821164309978485,probability_native,0.4821164309978485,u_94f82ce634f765f7,4,0,official,principal
4687,1,0,0.46634748578071594,probability_native,0.46634748578071594,u_94f82ce634f765f7,4,0,official,principal
3313,0,0,0.38408491015434265,probability_native,0.38408491015434265,u_94f82ce634f765f7,4,0,official,principal
47,1,1,0.7310410141944885,probability_native,0.7310410141944885,u_94f82ce634f765f7,4,0,official,principal
2585,0,0,0.014271767809987068,probability_native,0.014271767809987068,u_94f82ce634f765f7,4,0,official,principal
6299,0,0,0.040575455874204636,probability_native,0.040575455874204636,u_94f82ce634f765f7,4,0,official,principal
1128,0,0,0.12632925808429718,probability_native,0.12632925808429718,u_94f82ce634f765f7,4,0,official,principal
6201,0,1,0.599469006061554,probability_native,0.599469006061554,u_94f82ce634f765f7,4,0,official,principal
5897,0,0,0.012389985844492912,probability_native,0.012389985844492912,u_94f82ce634f765f7,4,0,official,principal
1751,1,1,0.6156179904937744,probability_native,0.6156179904937744,u_94f82ce634f765f7,4,0,official,principal
4904,0,0,0.45479297637939453,probability_native,0.45479297637939453,u_94f82ce634f765f7,4,0,official,principal
4411,0,0,0.12224647402763367,probability_native,0.12224647402763367,u_94f82ce634f765f7,4,0,official,principal
1314,1,0,0.14467959105968475,probability_native,0.14467959105968475,u_94f82ce634f765f7,4,0,official,principal
6805,0,0,0.23909378051757812,probability_native,0.23909378051757812,u_94f82ce634f765f7,4,0,official,principal
798,0,0,0.4163026213645935,probability_native,0.4163026213645935,u_94f82ce634f765f7,4,0,official,principal
3690,1,0,0.24047596752643585,probability_native,0.24047596752643585,u_94f82ce634f765f7,4,0,official,principal
5407,0,0,0.014841705560684204,probability_native,0.014841705560684204,u_94f82ce634f765f7,4,0,official,principal
4134,0,0,0.4191271662712097,probability_native,0.4191271662712097,u_94f82ce634f765f7,4,0,official,principal
5997,0,1,0.7722417712211609,probability_native,0.7722417712211609,u_94f82ce634f765f7,4,0,official,principal
1790,1,0,0.4270671308040619,probability_native,0.4270671308040619,u_94f82ce634f765f7,4,0,official,principal
112,0,0,0.35960853099823,probability_native,0.35960853099823,u_94f82ce634f765f7,4,0,official,principal
5501,0,0,0.2095794826745987,probability_native,0.2095794826745987,u_94f82ce634f765f7,4,0,official,principal
1414,0,0,0.33501720428466797,probability_native,0.33501720428466797,u_94f82ce634f765f7,4,0,official,principal
625,0,1,0.5293135643005371,probability_native,0.5293135643005371,u_94f82ce634f765f7,4,0,official,principal
3412,0,0,0.06482608616352081,probability_native,0.06482608616352081,u_94f82ce634f765f7,4,0,official,principal
375,0,0,0.06621268391609192,probability_native,0.06621268391609192,u_94f82ce634f765f7,4,0,official,principal
4557,0,0,0.07174768298864365,probability_native,0.07174768298864365,u_94f82ce634f765f7,4,0,official,principal
1885,0,0,0.09484295547008514,probability_native,0.09484295547008514,u_94f82ce634f765f7,4,0,official,principal
3498,1,0,0.2627634108066559,probability_native,0.2627634108066559,u_94f82ce634f765f7,4,0,official,principal
3058,1,0,0.09997913986444473,probability_native,0.09997913986444473,u_94f82ce634f765f7,4,0,official,principal
5530,0,0,0.15532803535461426,probability_native,0.15532803535461426,u_94f82ce634f765f7,4,0,official,principal
1253,1,1,0.7190395593643188,probability_native,0.7190395593643188,u_94f82ce634f765f7,4,0,official,principal
5386,0,0,0.2183353155851364,probability_native,0.2183353155851364,u_94f82ce634f765f7,4,0,official,principal
58,0,0,0.019620224833488464,probability_native,0.019620224833488464,u_94f82ce634f765f7,4,0,official,principal
1275,0,0,0.016850141808390617,probability_native,0.016850141808390617,u_94f82ce634f765f7,4,0,official,principal
4546,1,1,0.5735092759132385,probability_native,0.5735092759132385,u_94f82ce634f765f7,4,0,official,principal
3946,1,0,0.17832346260547638,probability_native,0.17832346260547638,u_94f82ce634f765f7,4,0,official,principal
1488,0,0,0.40596282482147217,probability_native,0.40596282482147217,u_94f82ce634f765f7,4,0,official,principal
6303,0,0,0.1539299637079239,probability_native,0.1539299637079239,u_94f82ce634f765f7,4,0,official,principal
5639,0,0,0.08781667798757553,probability_native,0.08781667798757553,u_94f82ce634f765f7,4,0,official,principal
