row_id,y_true,y_pred,score_positive,score_type,probability_native,unit_id,outer_fold,replicate,purpose,variant
3738,0,1,0.9589430241112226,probability_native,0.9589430241112226,u_185bda853c58829d,0,1,official,principal
4860,0,0,1.2516322451048532e-10,probability_native,1.2516322451048532e-10,u_185bda853c58829d,0,1,official,principal
2645,0,0,0.00014915368524265007,probability_native,0.00014915368524265007,u_185bda853c58829d,0,1,official,principal
5767,0,0,1.8203281186616128e-09,probability_native,1.8203281186616128e-09,u_185bda853c58829d,0,1,official,principal
2414,0,0,2.868484057781512e-05,probability_native,2.868484057781512e-05,u_185bda853c58829d,0,1,official,principal
577,0,1,0.9997556393197031,probability_native,0.9997556393197031,u_185bda853c58829d,0,1,official,principal
1201,0,1,0.9943976932649163,probability_native,0.9943976932649163,u_185bda853c58829d,0,1,official,principal
7004,0,1,0.9318094612259424,probability_native,0.9318094612259424,u_185bda853c58829d,0,1,official,principal
5338,0,0,1.1897577262297656e-08,probability_native,1.1897577262297656e-08,u_185bda853c58829d,0,1,official,principal
6773,1,1,0.999911923374212,probability_native,0.999911923374212,u_185bda853c58829d,0,1,official,principal
1118,0,0,0.1006758843445078,probability_native,0.1006758843445078,u_185bda853c58829d,0,1,official,principal
1797,0,0,2.962465320439023e-12,probability_native,2.962465320439023e-12,u_185bda853c58829d,0,1,official,principal
2823,0,0,3.998099254186955e-11,probability_native,3.998099254186955e-11,u_185bda853c58829d,0,1,official,principal
593,0,1,0.6942717273578005,probability_native,0.6942717273578005,u_185bda853c58829d,0,1,official,principal
6353,0,0,0.10034658588801232,probability_native,0.10034658588801232,u_185bda853c58829d,0,1,official,principal
2197,0,0,0.40908333309355693,probability_native,0.40908333309355693,u_185bda853c58829d,0,1,official,principal
2085,1,1,0.9999390239762778,probability_native,0.9999390239762778,u_185bda853c58829d,0,1,official,principal
6139,0,0,0.00023377306793736377,probability_native,0.00023377306793736377,u_185bda853c58829d,0,1,official,principal
6494,0,0,0.13785290174534584,probability_native,0.13785290174534584,u_185bda853c58829d,0,1,official,principal
6808,0,0,1.2219496834607085e-05,probability_native,1.2219496834607085e-05,u_185bda853c58829d,0,1,official,principal
282,0,0,0.00016920329942879937,probability_native,0.00016920329942879937,u_185bda853c58829d,0,1,official,principal
592,0,0,6.290636379494922e-11,probability_native,6.290636379494922e-11,u_185bda853c58829d,0,1,official,principal
3931,0,0,0.2299503520835361,probability_native,0.2299503520835361,u_185bda853c58829d,0,1,official,principal
3868,1,1,0.9598098297335658,probability_native,0.9598098297335658,u_185bda853c58829d,0,1,official,principal
4889,0,0,0.002643743868578853,probability_native,0.002643743868578853,u_185bda853c58829d,0,1,official,principal
1515,0,0,0.4132303462262447,probability_native,0.4132303462262447,u_185bda853c58829d,0,1,official,principal
149,0,0,0.2499756907768154,probability_native,0.2499756907768154,u_185bda853c58829d,0,1,official,principal
871,0,0,0.0035140162670410134,probability_native,0.0035140162670410134,u_185bda853c58829d,0,1,official,principal
403,0,0,0.0001557141454725025,probability_native,0.0001557141454725025,u_185bda853c58829d,0,1,official,principal
6048,1,1,0.9999529006114601,probability_native,0.9999529006114601,u_185bda853c58829d,0,1,official,principal
1369,0,1,0.5616193137688582,probability_native,0.5616193137688582,u_185bda853c58829d,0,1,official,principal
4700,0,1,0.9546920589769943,probability_native,0.9546920589769943,u_185bda853c58829d,0,1,official,principal
1337,0,0,3.3560530791997933e-11,probability_native,3.3560530791997933e-11,u_185bda853c58829d,0,1,official,principal
6826,0,0,0.0005881142334555039,probability_native,0.0005881142334555039,u_185bda853c58829d,0,1,official,principal
1736,1,0,0.0004768892551372495,probability_native,0.0004768892551372495,u_185bda853c58829d,0,1,official,principal
6688,0,0,4.873299731358834e-12,probability_native,4.873299731358834e-12,u_185bda853c58829d,0,1,official,principal
1870,0,1,0.9473067823080604,probability_native,0.9473067823080604,u_185bda853c58829d,0,1,official,principal
1969,0,0,3.867726436088946e-08,probability_native,3.867726436088946e-08,u_185bda853c58829d,0,1,official,principal
4198,0,0,4.069412492771282e-13,probability_native,4.069412492771282e-13,u_185bda853c58829d,0,1,official,principal
4409,0,0,3.5799620307825464e-11,probability_native,3.5799620307825464e-11,u_185bda853c58829d,0,1,official,principal
4684,1,0,0.01318521699228372,probability_native,0.01318521699228372,u_185bda853c58829d,0,1,official,principal
2782,0,0,9.437072045042451e-09,probability_native,9.437072045042451e-09,u_185bda853c58829d,0,1,official,principal
6971,1,1,0.9972368093604156,probability_native,0.9972368093604156,u_185bda853c58829d,0,1,official,principal
5709,0,0,7.334818769849903e-06,probability_native,7.334818769849903e-06,u_185bda853c58829d,0,1,official,principal
6618,0,1,0.8465371052046211,probability_native,0.8465371052046211,u_185bda853c58829d,0,1,official,principal
5277,1,1,0.9997540792808969,probability_native,0.9997540792808969,u_185bda853c58829d,0,1,official,principal
1563,0,1,0.9998895890058196,probability_native,0.9998895890058196,u_185bda853c58829d,0,1,official,principal
1490,0,0,0.1261616976891507,probability_native,0.1261616976891507,u_185bda853c58829d,0,1,official,principal
2491,0,0,1.606764296459541e-05,probability_native,1.606764296459541e-05,u_185bda853c58829d,0,1,official,principal
1266,0,1,0.9998851054896392,probability_native,0.9998851054896392,u_185bda853c58829d,0,1,official,principal
6982,0,0,5.960010092847159e-10,probability_native,5.960010092847159e-10,u_185bda853c58829d,0,1,official,principal
2388,0,1,0.9987376726909936,probability_native,0.9987376726909936,u_185bda853c58829d,0,1,official,principal
3581,0,0,7.687829639925663e-12,probability_native,7.687829639925663e-12,u_185bda853c58829d,0,1,official,principal
1869,0,0,3.0483135970673e-14,probability_native,3.0483135970673e-14,u_185bda853c58829d,0,1,official,principal
5538,1,1,0.9999010982765622,probability_native,0.9999010982765622,u_185bda853c58829d,0,1,official,principal
4978,1,1,0.9964341178149803,probability_native,0.9964341178149803,u_185bda853c58829d,0,1,official,principal
5982,0,0,7.579759278771579e-06,probability_native,7.579759278771579e-06,u_185bda853c58829d,0,1,official,principal
5097,0,1,0.5473757690154235,probability_native,0.5473757690154235,u_185bda853c58829d,0,1,official,principal
1483,0,0,4.770745861868448e-05,probability_native,4.770745861868448e-05,u_185bda853c58829d,0,1,official,principal
1423,1,1,0.9997684876369463,probability_native,0.9997684876369463,u_185bda853c58829d,0,1,official,principal
4599,0,0,0.006949311387329827,probability_native,0.006949311387329827,u_185bda853c58829d,0,1,official,principal
2295,1,1,0.9747203242029662,probability_native,0.9747203242029662,u_185bda853c58829d,0,1,official,principal
244,0,1,0.9991120018909411,probability_native,0.9991120018909411,u_185bda853c58829d,0,1,official,principal
5476,1,1,0.9996231903901099,probability_native,0.9996231903901099,u_185bda853c58829d,0,1,official,principal
2546,0,0,0.35065238060622944,probability_native,0.35065238060622944,u_185bda853c58829d,0,1,official,principal
6630,0,1,0.9999769311626107,probability_native,0.9999769311626107,u_185bda853c58829d,0,1,official,principal
6224,0,0,0.004219168350894912,probability_native,0.004219168350894912,u_185bda853c58829d,0,1,official,principal
4045,1,1,0.9822969980211267,probability_native,0.9822969980211267,u_185bda853c58829d,0,1,official,principal
1086,1,1,0.9997779824259788,probability_native,0.9997779824259788,u_185bda853c58829d,0,1,official,principal
1710,0,1,0.9990416721083375,probability_native,0.9990416721083375,u_185bda853c58829d,0,1,official,principal
6677,0,1,0.8520630990169068,probability_native,0.8520630990169068,u_185bda853c58829d,0,1,official,principal
5046,0,1,0.8212580328034443,probability_native,0.8212580328034443,u_185bda853c58829d,0,1,official,principal
4490,0,0,0.034110696028026896,probability_native,0.034110696028026896,u_185bda853c58829d,0,1,official,principal
3492,0,0,0.3436070865371325,probability_native,0.3436070865371325,u_185bda853c58829d,0,1,official,principal
5155,0,1,0.763264482528396,probability_native,0.763264482528396,u_185bda853c58829d,0,1,official,principal
623,0,0,1.5577418338447606e-11,probability_native,1.5577418338447606e-11,u_185bda853c58829d,0,1,official,principal
3976,1,1,0.9663807689154649,probability_native,0.9663807689154649,u_185bda853c58829d,0,1,official,principal
3279,0,0,7.375171620193246e-05,probability_native,7.375171620193246e-05,u_185bda853c58829d,0,1,official,principal
3889,0,0,2.354790446734363e-06,probability_native,2.354790446734363e-06,u_185bda853c58829d,0,1,official,principal
6319,0,1,0.7028645090444157,probability_native,0.7028645090444157,u_185bda853c58829d,0,1,official,principal
6554,1,1,0.9992543129297822,probability_native,0.9992543129297822,u_185bda853c58829d,0,1,official,principal
1248,1,1,0.9981816903688685,probability_native,0.9981816903688685,u_185bda853c58829d,0,1,official,principal
6890,0,1,0.5010410977206755,probability_native,0.5010410977206755,u_185bda853c58829d,0,1,official,principal
6717,1,1,0.9957439744351095,probability_native,0.9957439744351095,u_185bda853c58829d,0,1,official,principal
6471,0,0,1.6674006417920355e-06,probability_native,1.6674006417920355e-06,u_185bda853c58829d,0,1,official,principal
3073,0,0,3.4573524875700496e-08,probability_native,3.4573524875700496e-08,u_185bda853c58829d,0,1,official,principal
2163,1,1,0.9999231595862753,probability_native,0.9999231595862753,u_185bda853c58829d,0,1,official,principal
2822,1,0,0.0013645070335485357,probability_native,0.0013645070335485357,u_185bda853c58829d,0,1,official,principal
3139,1,0,0.42096825806482135,probability_native,0.42096825806482135,u_185bda853c58829d,0,1,official,principal
4504,0,0,9.761131395574258e-07,probability_native,9.761131395574258e-07,u_185bda853c58829d,0,1,official,principal
6394,0,0,0.009575142277262104,probability_native,0.009575142277262104,u_185bda853c58829d,0,1,official,principal
3939,1,1,0.9977019301132526,probability_native,0.9977019301132526,u_185bda853c58829d,0,1,official,principal
5367,0,0,6.046247004451996e-10,probability_native,6.046247004451996e-10,u_185bda853c58829d,0,1,official,principal
1313,1,1,0.9692505972980135,probability_native,0.9692505972980135,u_185bda853c58829d,0,1,official,principal
6177,1,1,0.9941703477987265,probability_native,0.9941703477987265,u_185bda853c58829d,0,1,official,principal
2301,0,1,0.9990633984153924,probability_native,0.9990633984153924,u_185bda853c58829d,0,1,official,principal
5087,0,0,0.0002450196806549569,probability_native,0.0002450196806549569,u_185bda853c58829d,0,1,official,principal
1704,1,1,0.9996041447429944,probability_native,0.9996041447429944,u_185bda853c58829d,0,1,official,principal
3843,1,1,0.9965702091995159,probability_native,0.9965702091995159,u_185bda853c58829d,0,1,official,principal
943,0,0,1.3876705489747615e-10,probability_native,1.3876705489747615e-10,u_185bda853c58829d,0,1,official,principal
4736,0,0,1.8165860626184844e-11,probability_native,1.8165860626184844e-11,u_185bda853c58829d,0,1,official,principal
41,0,0,1.2063521074105219e-10,probability_native,1.2063521074105219e-10,u_185bda853c58829d,0,1,official,principal
5351,1,1,0.7220128247381415,probability_native,0.7220128247381415,u_185bda853c58829d,0,1,official,principal
4607,0,1,0.6415617389939995,probability_native,0.6415617389939995,u_185bda853c58829d,0,1,official,principal
6495,1,1,0.9998111356211214,probability_native,0.9998111356211214,u_185bda853c58829d,0,1,official,principal
5238,0,0,0.002784795884849202,probability_native,0.002784795884849202,u_185bda853c58829d,0,1,official,principal
4973,0,1,0.9393290727097443,probability_native,0.9393290727097443,u_185bda853c58829d,0,1,official,principal
6274,0,1,0.8824267885671433,probability_native,0.8824267885671433,u_185bda853c58829d,0,1,official,principal
5633,0,0,0.00020566278728284993,probability_native,0.00020566278728284993,u_185bda853c58829d,0,1,official,principal
5622,1,1,0.9831715505955994,probability_native,0.9831715505955994,u_185bda853c58829d,0,1,official,principal
1676,0,1,0.9992013090896423,probability_native,0.9992013090896423,u_185bda853c58829d,0,1,official,principal
833,0,1,0.9902431769172825,probability_native,0.9902431769172825,u_185bda853c58829d,0,1,official,principal
4584,0,0,8.056763232443744e-10,probability_native,8.056763232443744e-10,u_185bda853c58829d,0,1,official,principal
4330,1,1,0.999303724444156,probability_native,0.999303724444156,u_185bda853c58829d,0,1,official,principal
1641,0,0,9.350923459705897e-10,probability_native,9.350923459705897e-10,u_185bda853c58829d,0,1,official,principal
4051,0,0,1.4843905628002977e-08,probability_native,1.4843905628002977e-08,u_185bda853c58829d,0,1,official,principal
6527,1,0,0.4557628258996609,probability_native,0.4557628258996609,u_185bda853c58829d,0,1,official,principal
5486,0,0,7.568431458952569e-09,probability_native,7.568431458952569e-09,u_185bda853c58829d,0,1,official,principal
4205,0,0,2.8628242158834584e-09,probability_native,2.8628242158834584e-09,u_185bda853c58829d,0,1,official,principal
6064,1,1,0.9551611605806938,probability_native,0.9551611605806938,u_185bda853c58829d,0,1,official,principal
6094,0,0,7.806621531390337e-13,probability_native,7.806621531390337e-13,u_185bda853c58829d,0,1,official,principal
3730,1,0,0.4989736909035093,probability_native,0.4989736909035093,u_185bda853c58829d,0,1,official,principal
740,0,0,6.224618325071376e-09,probability_native,6.224618325071376e-09,u_185bda853c58829d,0,1,official,principal
6145,0,0,2.1306718026417698e-12,probability_native,2.1306718026417698e-12,u_185bda853c58829d,0,1,official,principal
6236,0,1,0.9993703070727994,probability_native,0.9993703070727994,u_185bda853c58829d,0,1,official,principal
4544,1,1,0.9997959185441361,probability_native,0.9997959185441361,u_185bda853c58829d,0,1,official,principal
4902,0,0,0.03623630371121821,probability_native,0.03623630371121821,u_185bda853c58829d,0,1,official,principal
1478,1,1,0.9986510615824266,probability_native,0.9986510615824266,u_185bda853c58829d,0,1,official,principal
749,0,0,0.005488330517427067,probability_native,0.005488330517427067,u_185bda853c58829d,0,1,official,principal
4164,0,0,3.8652070167011556e-11,probability_native,3.8652070167011556e-11,u_185bda853c58829d,0,1,official,principal
3153,0,1,0.9303521287651317,probability_native,0.9303521287651317,u_185bda853c58829d,0,1,official,principal
4399,0,0,0.14421123880742057,probability_native,0.14421123880742057,u_185bda853c58829d,0,1,official,principal
6370,1,1,0.9184889448648568,probability_native,0.9184889448648568,u_185bda853c58829d,0,1,official,principal
716,0,0,9.265201887874322e-10,probability_native,9.265201887874322e-10,u_185bda853c58829d,0,1,official,principal
33,0,0,0.001719211026932987,probability_native,0.001719211026932987,u_185bda853c58829d,0,1,official,principal
1694,1,1,0.991622654025541,probability_native,0.991622654025541,u_185bda853c58829d,0,1,official,principal
6313,1,1,0.9999164989789552,probability_native,0.9999164989789552,u_185bda853c58829d,0,1,official,principal
5315,1,1,0.996898233806523,probability_native,0.996898233806523,u_185bda853c58829d,0,1,official,principal
4034,0,1,0.5086997596648913,probability_native,0.5086997596648913,u_185bda853c58829d,0,1,official,principal
6311,0,1,0.9802158544818963,probability_native,0.9802158544818963,u_185bda853c58829d,0,1,official,principal
6025,0,0,0.31997437808478585,probability_native,0.31997437808478585,u_185bda853c58829d,0,1,official,principal
6596,0,0,0.002069485892908229,probability_native,0.002069485892908229,u_185bda853c58829d,0,1,official,principal
3774,0,0,0.4645091589247221,probability_native,0.4645091589247221,u_185bda853c58829d,0,1,official,principal
2439,0,0,1.7267893638363006e-06,probability_native,1.7267893638363006e-06,u_185bda853c58829d,0,1,official,principal
3274,0,1,0.9951219729517865,probability_native,0.9951219729517865,u_185bda853c58829d,0,1,official,principal
5989,1,1,0.9999863225340044,probability_native,0.9999863225340044,u_185bda853c58829d,0,1,official,principal
1721,1,1,0.9242809032114467,probability_native,0.9242809032114467,u_185bda853c58829d,0,1,official,principal
3147,0,1,0.9925879116690481,probability_native,0.9925879116690481,u_185bda853c58829d,0,1,official,principal
5346,0,0,1.7506941715659768e-09,probability_native,1.7506941715659768e-09,u_185bda853c58829d,0,1,official,principal
193,0,0,2.60496252814834e-11,probability_native,2.60496252814834e-11,u_185bda853c58829d,0,1,official,principal
2039,1,1,0.9995674798985239,probability_native,0.9995674798985239,u_185bda853c58829d,0,1,official,principal
2307,0,0,0.01021565767444679,probability_native,0.01021565767444679,u_185bda853c58829d,0,1,official,principal
5885,0,0,7.851113208509807e-07,probability_native,7.851113208509807e-07,u_185bda853c58829d,0,1,official,principal
6661,0,0,1.748793215161093e-11,probability_native,1.748793215161093e-11,u_185bda853c58829d,0,1,official,principal
4647,0,0,0.22119054097444577,probability_native,0.22119054097444577,u_185bda853c58829d,0,1,official,principal
4313,0,1,0.9469877866004178,probability_native,0.9469877866004178,u_185bda853c58829d,0,1,official,principal
5479,0,1,0.9991342065276763,probability_native,0.9991342065276763,u_185bda853c58829d,0,1,official,principal
6815,0,0,2.56126760486976e-11,probability_native,2.56126760486976e-11,u_185bda853c58829d,0,1,official,principal
6892,0,0,0.02295122039730914,probability_native,0.02295122039730914,u_185bda853c58829d,0,1,official,principal
5541,1,0,1.175905919037681e-06,probability_native,1.175905919037681e-06,u_185bda853c58829d,0,1,official,principal
1884,0,0,0.020723590055642428,probability_native,0.020723590055642428,u_185bda853c58829d,0,1,official,principal
5437,1,1,0.9963625510878323,probability_native,0.9963625510878323,u_185bda853c58829d,0,1,official,principal
5142,0,0,0.0030479231580765385,probability_native,0.0030479231580765385,u_185bda853c58829d,0,1,official,principal
4127,0,0,2.8558428977795788e-12,probability_native,2.8558428977795788e-12,u_185bda853c58829d,0,1,official,principal
4597,1,1,0.990822690567562,probability_native,0.990822690567562,u_185bda853c58829d,0,1,official,principal
3830,1,1,0.9998238843076336,probability_native,0.9998238843076336,u_185bda853c58829d,0,1,official,principal
226,0,0,0.0014279978852214774,probability_native,0.0014279978852214774,u_185bda853c58829d,0,1,official,principal
6760,1,1,0.900693500841471,probability_native,0.900693500841471,u_185bda853c58829d,0,1,official,principal
6933,1,1,0.9998108073395333,probability_native,0.9998108073395333,u_185bda853c58829d,0,1,official,principal
5015,0,1,0.5223056310230857,probability_native,0.5223056310230857,u_185bda853c58829d,0,1,official,principal
6566,0,0,1.9638935342555246e-11,probability_native,1.9638935342555246e-11,u_185bda853c58829d,0,1,official,principal
6799,0,0,6.387812742952448e-09,probability_native,6.387812742952448e-09,u_185bda853c58829d,0,1,official,principal
2062,0,0,2.437764989849311e-12,probability_native,2.437764989849311e-12,u_185bda853c58829d,0,1,official,principal
6928,0,0,0.0006618161445415924,probability_native,0.0006618161445415924,u_185bda853c58829d,0,1,official,principal
3653,0,0,1.3444254836435502e-08,probability_native,1.3444254836435502e-08,u_185bda853c58829d,0,1,official,principal
6670,0,0,9.931577830551529e-09,probability_native,9.931577830551529e-09,u_185bda853c58829d,0,1,official,principal
4681,1,1,0.9999878324061463,probability_native,0.9999878324061463,u_185bda853c58829d,0,1,official,principal
3621,1,0,0.10058800114656713,probability_native,0.10058800114656713,u_185bda853c58829d,0,1,official,principal
2975,0,1,0.7673836261444025,probability_native,0.7673836261444025,u_185bda853c58829d,0,1,official,principal
500,0,0,0.003160290001791016,probability_native,0.003160290001791016,u_185bda853c58829d,0,1,official,principal
355,1,1,0.9993066141566161,probability_native,0.9993066141566161,u_185bda853c58829d,0,1,official,principal
6260,0,0,6.38435404172635e-09,probability_native,6.38435404172635e-09,u_185bda853c58829d,0,1,official,principal
632,0,0,3.3731252888804803e-12,probability_native,3.3731252888804803e-12,u_185bda853c58829d,0,1,official,principal
3077,0,0,8.246653958331069e-10,probability_native,8.246653958331069e-10,u_185bda853c58829d,0,1,official,principal
6565,0,1,0.8920634783852013,probability_native,0.8920634783852013,u_185bda853c58829d,0,1,official,principal
382,0,0,6.57380469826493e-10,probability_native,6.57380469826493e-10,u_185bda853c58829d,0,1,official,principal
6531,0,1,0.915861347338576,probability_native,0.915861347338576,u_185bda853c58829d,0,1,official,principal
2952,0,0,1.9558109919661313e-05,probability_native,1.9558109919661313e-05,u_185bda853c58829d,0,1,official,principal
1110,0,0,1.102326718286202e-09,probability_native,1.102326718286202e-09,u_185bda853c58829d,0,1,official,principal
2105,1,1,0.9995223338371904,probability_native,0.9995223338371904,u_185bda853c58829d,0,1,official,principal
570,0,0,1.4145490147896265e-13,probability_native,1.4145490147896265e-13,u_185bda853c58829d,0,1,official,principal
4910,1,0,0.010465096579951289,probability_native,0.010465096579951289,u_185bda853c58829d,0,1,official,principal
1673,1,1,0.5974260564072825,probability_native,0.5974260564072825,u_185bda853c58829d,0,1,official,principal
3434,0,0,0.014385316369971762,probability_native,0.014385316369971762,u_185bda853c58829d,0,1,official,principal
3326,1,0,0.05034199782941996,probability_native,0.05034199782941996,u_185bda853c58829d,0,1,official,principal
3097,0,0,9.249213389455229e-05,probability_native,9.249213389455229e-05,u_185bda853c58829d,0,1,official,principal
238,1,1,0.9999813102693678,probability_native,0.9999813102693678,u_185bda853c58829d,0,1,official,principal
3258,0,1,0.9730147686588386,probability_native,0.9730147686588386,u_185bda853c58829d,0,1,official,principal
1632,1,0,0.11064067856990632,probability_native,0.11064067856990632,u_185bda853c58829d,0,1,official,principal
1949,0,0,5.516403857449939e-10,probability_native,5.516403857449939e-10,u_185bda853c58829d,0,1,official,principal
6861,1,1,0.9929090942062245,probability_native,0.9929090942062245,u_185bda853c58829d,0,1,official,principal
1743,0,0,2.815200500309736e-13,probability_native,2.815200500309736e-13,u_185bda853c58829d,0,1,official,principal
4621,0,1,0.9836195680551941,probability_native,0.9836195680551941,u_185bda853c58829d,0,1,official,principal
6312,1,0,0.0023332337207087337,probability_native,0.0023332337207087337,u_185bda853c58829d,0,1,official,principal
5907,0,1,0.9431115270097055,probability_native,0.9431115270097055,u_185bda853c58829d,0,1,official,principal
3072,0,0,0.000937907205052834,probability_native,0.000937907205052834,u_185bda853c58829d,0,1,official,principal
6026,0,0,9.948273663242976e-05,probability_native,9.948273663242976e-05,u_185bda853c58829d,0,1,official,principal
1164,0,0,5.749260216280702e-09,probability_native,5.749260216280702e-09,u_185bda853c58829d,0,1,official,principal
2514,1,1,0.9999552996124377,probability_native,0.9999552996124377,u_185bda853c58829d,0,1,official,principal
2133,1,1,0.9999737948920114,probability_native,0.9999737948920114,u_185bda853c58829d,0,1,official,principal
2384,0,1,0.9716614429200425,probability_native,0.9716614429200425,u_185bda853c58829d,0,1,official,principal
2208,1,1,0.9999799906823562,probability_native,0.9999799906823562,u_185bda853c58829d,0,1,official,principal
1826,0,1,0.9724675976359277,probability_native,0.9724675976359277,u_185bda853c58829d,0,1,official,principal
2025,0,0,1.2982782478856665e-10,probability_native,1.2982782478856665e-10,u_185bda853c58829d,0,1,official,principal
3456,0,0,1.9503861563694946e-09,probability_native,1.9503861563694946e-09,u_185bda853c58829d,0,1,official,principal
3943,0,1,0.9982731082806856,probability_native,0.9982731082806856,u_185bda853c58829d,0,1,official,principal
2889,0,0,2.8951785401732743e-05,probability_native,2.8951785401732743e-05,u_185bda853c58829d,0,1,official,principal
4861,0,0,0.41716032284373566,probability_native,0.41716032284373566,u_185bda853c58829d,0,1,official,principal
4663,1,1,0.9999814616651429,probability_native,0.9999814616651429,u_185bda853c58829d,0,1,official,principal
803,0,0,6.186901228927219e-09,probability_native,6.186901228927219e-09,u_185bda853c58829d,0,1,official,principal
5983,0,1,0.9932002982294647,probability_native,0.9932002982294647,u_185bda853c58829d,0,1,official,principal
4041,0,0,2.0290797418986966e-08,probability_native,2.0290797418986966e-08,u_185bda853c58829d,0,1,official,principal
815,0,1,0.9964607301843893,probability_native,0.9964607301843893,u_185bda853c58829d,0,1,official,principal
4938,1,1,0.9827144689684675,probability_native,0.9827144689684675,u_185bda853c58829d,0,1,official,principal
4936,0,1,0.9924178487451227,probability_native,0.9924178487451227,u_185bda853c58829d,0,1,official,principal
5961,0,0,0.14993136589029013,probability_native,0.14993136589029013,u_185bda853c58829d,0,1,official,principal
6352,0,1,0.9865102406405334,probability_native,0.9865102406405334,u_185bda853c58829d,0,1,official,principal
5440,0,1,0.6907190445075145,probability_native,0.6907190445075145,u_185bda853c58829d,0,1,official,principal
2281,1,1,0.9175116813648937,probability_native,0.9175116813648937,u_185bda853c58829d,0,1,official,principal
6498,1,1,0.9996452049883728,probability_native,0.9996452049883728,u_185bda853c58829d,0,1,official,principal
3384,1,1,0.9967902659437768,probability_native,0.9967902659437768,u_185bda853c58829d,0,1,official,principal
5848,0,0,6.1685746401815666e-12,probability_native,6.1685746401815666e-12,u_185bda853c58829d,0,1,official,principal
6218,0,0,0.0002439943766274498,probability_native,0.0002439943766274498,u_185bda853c58829d,0,1,official,principal
6278,0,0,3.201570780401068e-08,probability_native,3.201570780401068e-08,u_185bda853c58829d,0,1,official,principal
2515,0,0,7.686268635820178e-09,probability_native,7.686268635820178e-09,u_185bda853c58829d,0,1,official,principal
4007,0,0,8.235764826469083e-12,probability_native,8.235764826469083e-12,u_185bda853c58829d,0,1,official,principal
2813,0,0,1.8368895658390208e-12,probability_native,1.8368895658390208e-12,u_185bda853c58829d,0,1,official,principal
4929,0,0,0.0067433681636166745,probability_native,0.0067433681636166745,u_185bda853c58829d,0,1,official,principal
3959,0,0,0.09756611098122324,probability_native,0.09756611098122324,u_185bda853c58829d,0,1,official,principal
4509,1,1,0.9994183591380937,probability_native,0.9994183591380937,u_185bda853c58829d,0,1,official,principal
2973,1,1,0.8196875000714208,probability_native,0.8196875000714208,u_185bda853c58829d,0,1,official,principal
1129,0,1,0.9923079530273516,probability_native,0.9923079530273516,u_185bda853c58829d,0,1,official,principal
2380,0,0,0.2938744721112662,probability_native,0.2938744721112662,u_185bda853c58829d,0,1,official,principal
1365,1,0,0.36139206970378823,probability_native,0.36139206970378823,u_185bda853c58829d,0,1,official,principal
3778,0,1,0.9567869146584422,probability_native,0.9567869146584422,u_185bda853c58829d,0,1,official,principal
2041,0,0,2.769877361684604e-11,probability_native,2.769877361684604e-11,u_185bda853c58829d,0,1,official,principal
5463,1,1,0.8008872034104907,probability_native,0.8008872034104907,u_185bda853c58829d,0,1,official,principal
5258,1,0,0.02472869437089477,probability_native,0.02472869437089477,u_185bda853c58829d,0,1,official,principal
5813,0,0,1.552300998886918e-10,probability_native,1.552300998886918e-10,u_185bda853c58829d,0,1,official,principal
723,1,1,0.9968886764963243,probability_native,0.9968886764963243,u_185bda853c58829d,0,1,official,principal
4924,1,1,0.9922654903015838,probability_native,0.9922654903015838,u_185bda853c58829d,0,1,official,principal
6205,1,1,0.9803371626760116,probability_native,0.9803371626760116,u_185bda853c58829d,0,1,official,principal
2106,0,0,6.834045934470607e-05,probability_native,6.834045934470607e-05,u_185bda853c58829d,0,1,official,principal
3520,0,0,0.000153659711541777,probability_native,0.000153659711541777,u_185bda853c58829d,0,1,official,principal
1210,1,1,0.9957839788208249,probability_native,0.9957839788208249,u_185bda853c58829d,0,1,official,principal
971,0,1,0.8499176586962168,probability_native,0.8499176586962168,u_185bda853c58829d,0,1,official,principal
4764,1,1,0.9971218472492706,probability_native,0.9971218472492706,u_185bda853c58829d,0,1,official,principal
6488,1,1,0.9998019033243332,probability_native,0.9998019033243332,u_185bda853c58829d,0,1,official,principal
5435,0,0,0.008171091890143069,probability_native,0.008171091890143069,u_185bda853c58829d,0,1,official,principal
4062,1,1,0.9993007763891256,probability_native,0.9993007763891256,u_185bda853c58829d,0,1,official,principal
309,0,0,0.001662317021303054,probability_native,0.001662317021303054,u_185bda853c58829d,0,1,official,principal
5687,0,0,0.0032800298808439727,probability_native,0.0032800298808439727,u_185bda853c58829d,0,1,official,principal
1569,0,1,0.805728706787986,probability_native,0.805728706787986,u_185bda853c58829d,0,1,official,principal
4775,1,1,0.952236862570918,probability_native,0.952236862570918,u_185bda853c58829d,0,1,official,principal
2803,0,0,5.7485684038709186e-11,probability_native,5.7485684038709186e-11,u_185bda853c58829d,0,1,official,principal
2271,0,1,0.9999320595712073,probability_native,0.9999320595712073,u_185bda853c58829d,0,1,official,principal
6714,0,1,0.9987148668313455,probability_native,0.9987148668313455,u_185bda853c58829d,0,1,official,principal
1498,1,1,0.9999021178356772,probability_native,0.9999021178356772,u_185bda853c58829d,0,1,official,principal
5596,0,0,8.317584599176335e-12,probability_native,8.317584599176335e-12,u_185bda853c58829d,0,1,official,principal
6738,0,0,0.0005395517429104261,probability_native,0.0005395517429104261,u_185bda853c58829d,0,1,official,principal
3095,0,1,0.999329315310564,probability_native,0.999329315310564,u_185bda853c58829d,0,1,official,principal
8,1,1,0.9969050356541327,probability_native,0.9969050356541327,u_185bda853c58829d,0,1,official,principal
4816,0,0,4.2804604504350675e-05,probability_native,4.2804604504350675e-05,u_185bda853c58829d,0,1,official,principal
2044,0,0,8.557209700450553e-06,probability_native,8.557209700450553e-06,u_185bda853c58829d,0,1,official,principal
4685,0,0,3.368981214902421e-08,probability_native,3.368981214902421e-08,u_185bda853c58829d,0,1,official,principal
1915,0,0,0.4133530681702977,probability_native,0.4133530681702977,u_185bda853c58829d,0,1,official,principal
1532,0,0,0.00011978433465697224,probability_native,0.00011978433465697224,u_185bda853c58829d,0,1,official,principal
2454,0,0,2.4461922960412516e-11,probability_native,2.4461922960412516e-11,u_185bda853c58829d,0,1,official,principal
5977,0,0,7.678586618519593e-12,probability_native,7.678586618519593e-12,u_185bda853c58829d,0,1,official,principal
2446,1,1,0.9869819072643402,probability_native,0.9869819072643402,u_185bda853c58829d,0,1,official,principal
1278,0,0,3.168626780215055e-05,probability_native,3.168626780215055e-05,u_185bda853c58829d,0,1,official,principal
1911,0,0,5.233876086135686e-12,probability_native,5.233876086135686e-12,u_185bda853c58829d,0,1,official,principal
2431,1,1,0.9337095326042641,probability_native,0.9337095326042641,u_185bda853c58829d,0,1,official,principal
4219,0,1,0.605441138642597,probability_native,0.605441138642597,u_185bda853c58829d,0,1,official,principal
4417,1,1,0.9806200679620793,probability_native,0.9806200679620793,u_185bda853c58829d,0,1,official,principal
411,0,0,1.7065751671121464e-05,probability_native,1.7065751671121464e-05,u_185bda853c58829d,0,1,official,principal
612,0,0,2.093590720059347e-13,probability_native,2.093590720059347e-13,u_185bda853c58829d,0,1,official,principal
2073,0,0,0.0003789262819554385,probability_native,0.0003789262819554385,u_185bda853c58829d,0,1,official,principal
5752,0,0,1.753922702328959e-12,probability_native,1.753922702328959e-12,u_185bda853c58829d,0,1,official,principal
5164,0,1,0.989450282044255,probability_native,0.989450282044255,u_185bda853c58829d,0,1,official,principal
2606,0,1,0.9915037352387008,probability_native,0.9915037352387008,u_185bda853c58829d,0,1,official,principal
5673,0,0,1.5143228278202814e-05,probability_native,1.5143228278202814e-05,u_185bda853c58829d,0,1,official,principal
1876,0,0,0.1729255929586659,probability_native,0.1729255929586659,u_185bda853c58829d,0,1,official,principal
2520,0,0,4.912318432118091e-10,probability_native,4.912318432118091e-10,u_185bda853c58829d,0,1,official,principal
5496,0,0,8.085571945339794e-13,probability_native,8.085571945339794e-13,u_185bda853c58829d,0,1,official,principal
6249,0,1,0.9994857404652493,probability_native,0.9994857404652493,u_185bda853c58829d,0,1,official,principal
5007,0,0,0.000281024093595309,probability_native,0.000281024093595309,u_185bda853c58829d,0,1,official,principal
4610,1,0,0.00025762828731217897,probability_native,0.00025762828731217897,u_185bda853c58829d,0,1,official,principal
5354,0,1,0.9996382333309503,probability_native,0.9996382333309503,u_185bda853c58829d,0,1,official,principal
2450,0,0,3.4891857747463036e-10,probability_native,3.4891857747463036e-10,u_185bda853c58829d,0,1,official,principal
3795,0,1,0.9998604958762587,probability_native,0.9998604958762587,u_185bda853c58829d,0,1,official,principal
5820,0,0,0.0032512704360897794,probability_native,0.0032512704360897794,u_185bda853c58829d,0,1,official,principal
4244,0,0,1.0379183854538562e-13,probability_native,1.0379183854538562e-13,u_185bda853c58829d,0,1,official,principal
5228,0,1,0.9188136361918324,probability_native,0.9188136361918324,u_185bda853c58829d,0,1,official,principal
5724,1,1,0.996831109075551,probability_native,0.996831109075551,u_185bda853c58829d,0,1,official,principal
3164,0,1,0.9993635903285951,probability_native,0.9993635903285951,u_185bda853c58829d,0,1,official,principal
5626,0,1,0.8338455404503061,probability_native,0.8338455404503061,u_185bda853c58829d,0,1,official,principal
2757,0,0,0.0005229305471591733,probability_native,0.0005229305471591733,u_185bda853c58829d,0,1,official,principal
5387,0,1,0.7416691387793575,probability_native,0.7416691387793575,u_185bda853c58829d,0,1,official,principal
3782,0,1,0.9993426096782129,probability_native,0.9993426096782129,u_185bda853c58829d,0,1,official,principal
2598,0,1,0.9997112167427665,probability_native,0.9997112167427665,u_185bda853c58829d,0,1,official,principal
5421,0,0,6.8967926533522464e-12,probability_native,6.8967926533522464e-12,u_185bda853c58829d,0,1,official,principal
4044,0,0,7.677573989796687e-09,probability_native,7.677573989796687e-09,u_185bda853c58829d,0,1,official,principal
6042,0,0,9.626218462077588e-06,probability_native,9.626218462077588e-06,u_185bda853c58829d,0,1,official,principal
1799,1,1,0.9996165677588532,probability_native,0.9996165677588532,u_185bda853c58829d,0,1,official,principal
4583,0,0,1.4353414843282347e-09,probability_native,1.4353414843282347e-09,u_185bda853c58829d,0,1,official,principal
2809,0,1,0.9509421291035802,probability_native,0.9509421291035802,u_185bda853c58829d,0,1,official,principal
210,1,1,0.8297628530050255,probability_native,0.8297628530050255,u_185bda853c58829d,0,1,official,principal
2272,0,1,0.9789894429542914,probability_native,0.9789894429542914,u_185bda853c58829d,0,1,official,principal
4688,0,1,0.970941460963429,probability_native,0.970941460963429,u_185bda853c58829d,0,1,official,principal
3096,0,0,3.3688189238713486e-10,probability_native,3.3688189238713486e-10,u_185bda853c58829d,0,1,official,principal
5176,0,0,0.008148500829080993,probability_native,0.008148500829080993,u_185bda853c58829d,0,1,official,principal
5061,0,0,0.005892786277067906,probability_native,0.005892786277067906,u_185bda853c58829d,0,1,official,principal
2540,0,0,3.4887608405767587e-10,probability_native,3.4887608405767587e-10,u_185bda853c58829d,0,1,official,principal
4612,0,0,1.2009774992054572e-10,probability_native,1.2009774992054572e-10,u_185bda853c58829d,0,1,official,principal
878,0,0,0.0038854844117758944,probability_native,0.0038854844117758944,u_185bda853c58829d,0,1,official,principal
5464,0,0,5.0704496793746154e-11,probability_native,5.0704496793746154e-11,u_185bda853c58829d,0,1,official,principal
3353,0,1,0.9739676393020179,probability_native,0.9739676393020179,u_185bda853c58829d,0,1,official,principal
6687,1,1,0.9998178516510678,probability_native,0.9998178516510678,u_185bda853c58829d,0,1,official,principal
5244,0,1,0.92466473456283,probability_native,0.92466473456283,u_185bda853c58829d,0,1,official,principal
698,0,1,0.5008453521126752,probability_native,0.5008453521126752,u_185bda853c58829d,0,1,official,principal
2722,0,0,7.051009523674026e-13,probability_native,7.051009523674026e-13,u_185bda853c58829d,0,1,official,principal
3698,0,1,0.987398498264524,probability_native,0.987398498264524,u_185bda853c58829d,0,1,official,principal
3500,0,0,0.48686853970455723,probability_native,0.48686853970455723,u_185bda853c58829d,0,1,official,principal
2067,0,0,0.3586469635292904,probability_native,0.3586469635292904,u_185bda853c58829d,0,1,official,principal
1312,0,0,0.018415700100651217,probability_native,0.018415700100651217,u_185bda853c58829d,0,1,official,principal
4514,0,1,0.9996891957580222,probability_native,0.9996891957580222,u_185bda853c58829d,0,1,official,principal
5378,0,0,8.548885008856558e-11,probability_native,8.548885008856558e-11,u_185bda853c58829d,0,1,official,principal
1968,0,0,0.18550362049434446,probability_native,0.18550362049434446,u_185bda853c58829d,0,1,official,principal
5646,1,0,8.054527166587808e-05,probability_native,8.054527166587808e-05,u_185bda853c58829d,0,1,official,principal
2883,0,0,1.5321364366718368e-13,probability_native,1.5321364366718368e-13,u_185bda853c58829d,0,1,official,principal
1252,0,0,0.008751953642078371,probability_native,0.008751953642078371,u_185bda853c58829d,0,1,official,principal
5051,0,0,0.3899262133759607,probability_native,0.3899262133759607,u_185bda853c58829d,0,1,official,principal
827,0,0,6.0464481198530765e-05,probability_native,6.0464481198530765e-05,u_185bda853c58829d,0,1,official,principal
6030,1,1,0.9000368620217867,probability_native,0.9000368620217867,u_185bda853c58829d,0,1,official,principal
890,0,1,0.5228624248667569,probability_native,0.5228624248667569,u_185bda853c58829d,0,1,official,principal
590,0,0,2.0158905631374405e-10,probability_native,2.0158905631374405e-10,u_185bda853c58829d,0,1,official,principal
793,0,0,2.8009312662554326e-10,probability_native,2.8009312662554326e-10,u_185bda853c58829d,0,1,official,principal
6059,0,0,0.001922527070728757,probability_native,0.001922527070728757,u_185bda853c58829d,0,1,official,principal
5158,0,0,4.3654608313785144e-12,probability_native,4.3654608313785144e-12,u_185bda853c58829d,0,1,official,principal
2209,0,0,0.0024377696363108133,probability_native,0.0024377696363108133,u_185bda853c58829d,0,1,official,principal
887,0,1,0.9087552497946209,probability_native,0.9087552497946209,u_185bda853c58829d,0,1,official,principal
1382,0,0,2.6552411872130157e-07,probability_native,2.6552411872130157e-07,u_185bda853c58829d,0,1,official,principal
3997,0,0,3.91482699918395e-09,probability_native,3.91482699918395e-09,u_185bda853c58829d,0,1,official,principal
3631,1,1,0.9953602172773268,probability_native,0.9953602172773268,u_185bda853c58829d,0,1,official,principal
3008,0,0,7.884715489845505e-06,probability_native,7.884715489845505e-06,u_185bda853c58829d,0,1,official,principal
2408,0,0,3.8499005542463045e-13,probability_native,3.8499005542463045e-13,u_185bda853c58829d,0,1,official,principal
435,0,0,0.18813265928735784,probability_native,0.18813265928735784,u_185bda853c58829d,0,1,official,principal
329,0,1,0.9977340836084362,probability_native,0.9977340836084362,u_185bda853c58829d,0,1,official,principal
17,0,0,2.139642073137099e-09,probability_native,2.139642073137099e-09,u_185bda853c58829d,0,1,official,principal
5466,0,0,1.8704973000640202e-05,probability_native,1.8704973000640202e-05,u_185bda853c58829d,0,1,official,principal
1795,1,1,0.9727996664213139,probability_native,0.9727996664213139,u_185bda853c58829d,0,1,official,principal
4957,0,0,0.024393235341494676,probability_native,0.024393235341494676,u_185bda853c58829d,0,1,official,principal
419,1,1,0.9998149229945691,probability_native,0.9998149229945691,u_185bda853c58829d,0,1,official,principal
6818,0,0,2.110614145244945e-08,probability_native,2.110614145244945e-08,u_185bda853c58829d,0,1,official,principal
264,0,0,0.0016997244009702562,probability_native,0.0016997244009702562,u_185bda853c58829d,0,1,official,principal
6625,1,1,0.9999771160000417,probability_native,0.9999771160000417,u_185bda853c58829d,0,1,official,principal
5260,0,1,0.9979459841932842,probability_native,0.9979459841932842,u_185bda853c58829d,0,1,official,principal
3370,0,0,0.02118949234223247,probability_native,0.02118949234223247,u_185bda853c58829d,0,1,official,principal
5089,0,1,0.9829321714553727,probability_native,0.9829321714553727,u_185bda853c58829d,0,1,official,principal
5145,0,0,8.087531257528843e-08,probability_native,8.087531257528843e-08,u_185bda853c58829d,0,1,official,principal
4485,0,0,4.683048480456682e-10,probability_native,4.683048480456682e-10,u_185bda853c58829d,0,1,official,principal
6135,0,0,1.9799933094044452e-10,probability_native,1.9799933094044452e-10,u_185bda853c58829d,0,1,official,principal
326,0,1,0.9997972357488318,probability_native,0.9997972357488318,u_185bda853c58829d,0,1,official,principal
1633,0,1,0.9868353045544187,probability_native,0.9868353045544187,u_185bda853c58829d,0,1,official,principal
728,1,1,0.8477851560348546,probability_native,0.8477851560348546,u_185bda853c58829d,0,1,official,principal
4988,0,0,1.9681180041542307e-06,probability_native,1.9681180041542307e-06,u_185bda853c58829d,0,1,official,principal
6068,1,1,0.9686161624634488,probability_native,0.9686161624634488,u_185bda853c58829d,0,1,official,principal
2891,1,1,0.9998980604831553,probability_native,0.9998980604831553,u_185bda853c58829d,0,1,official,principal
1965,1,1,0.8495289443016307,probability_native,0.8495289443016307,u_185bda853c58829d,0,1,official,principal
4714,0,0,9.626179165206355e-11,probability_native,9.626179165206355e-11,u_185bda853c58829d,0,1,official,principal
6484,0,0,0.029324957134610665,probability_native,0.029324957134610665,u_185bda853c58829d,0,1,official,principal
1137,0,0,6.19903210945079e-14,probability_native,6.19903210945079e-14,u_185bda853c58829d,0,1,official,principal
1393,0,0,0.0005171050698815065,probability_native,0.0005171050698815065,u_185bda853c58829d,0,1,official,principal
2945,0,1,0.9953917549993403,probability_native,0.9953917549993403,u_185bda853c58829d,0,1,official,principal
424,0,0,0.2666043571144656,probability_native,0.2666043571144656,u_185bda853c58829d,0,1,official,principal
5605,0,0,0.376616555241988,probability_native,0.376616555241988,u_185bda853c58829d,0,1,official,principal
628,0,0,1.9837428824130493e-07,probability_native,1.9837428824130493e-07,u_185bda853c58829d,0,1,official,principal
4243,0,0,0.016468846150724067,probability_native,0.016468846150724067,u_185bda853c58829d,0,1,official,principal
206,0,0,5.085052604220459e-12,probability_native,5.085052604220459e-12,u_185bda853c58829d,0,1,official,principal
4031,0,0,8.290132946958877e-09,probability_native,8.290132946958877e-09,u_185bda853c58829d,0,1,official,principal
2667,0,0,4.6833129046648306e-11,probability_native,4.6833129046648306e-11,u_185bda853c58829d,0,1,official,principal
4129,0,1,0.8728332263620813,probability_native,0.8728332263620813,u_185bda853c58829d,0,1,official,principal
3635,0,0,1.0624733857837892e-11,probability_native,1.0624733857837892e-11,u_185bda853c58829d,0,1,official,principal
3601,0,0,1.1341849608265152e-06,probability_native,1.1341849608265152e-06,u_185bda853c58829d,0,1,official,principal
334,1,1,0.9882306053858831,probability_native,0.9882306053858831,u_185bda853c58829d,0,1,official,principal
6041,0,0,0.0005006966368036383,probability_native,0.0005006966368036383,u_185bda853c58829d,0,1,official,principal
2799,0,0,4.986460539222136e-07,probability_native,4.986460539222136e-07,u_185bda853c58829d,0,1,official,principal
2730,0,0,0.2523044313000364,probability_native,0.2523044313000364,u_185bda853c58829d,0,1,official,principal
1042,0,1,0.9875146052839935,probability_native,0.9875146052839935,u_185bda853c58829d,0,1,official,principal
5938,0,1,0.9932837277886317,probability_native,0.9932837277886317,u_185bda853c58829d,0,1,official,principal
3429,0,0,2.7095817983392373e-07,probability_native,2.7095817983392373e-07,u_185bda853c58829d,0,1,official,principal
6272,0,0,0.01149375060259584,probability_native,0.01149375060259584,u_185bda853c58829d,0,1,official,principal
5117,0,0,3.3780488529927055e-09,probability_native,3.3780488529927055e-09,u_185bda853c58829d,0,1,official,principal
3589,0,1,0.6002729557980253,probability_native,0.6002729557980253,u_185bda853c58829d,0,1,official,principal
1977,0,1,0.9999360131977082,probability_native,0.9999360131977082,u_185bda853c58829d,0,1,official,principal
2497,0,0,0.0002529143283658543,probability_native,0.0002529143283658543,u_185bda853c58829d,0,1,official,principal
5783,1,1,0.9999917723716121,probability_native,0.9999917723716121,u_185bda853c58829d,0,1,official,principal
4822,0,0,4.3267512506944335e-11,probability_native,4.3267512506944335e-11,u_185bda853c58829d,0,1,official,principal
3828,0,0,1.860365390441389e-12,probability_native,1.860365390441389e-12,u_185bda853c58829d,0,1,official,principal
1173,1,0,0.03243842966322253,probability_native,0.03243842966322253,u_185bda853c58829d,0,1,official,principal
6865,0,0,1.3186645052424831e-08,probability_native,1.3186645052424831e-08,u_185bda853c58829d,0,1,official,principal
2056,0,1,0.933645450139958,probability_native,0.933645450139958,u_185bda853c58829d,0,1,official,principal
6036,0,0,0.010141312071972006,probability_native,0.010141312071972006,u_185bda853c58829d,0,1,official,principal
1235,0,0,0.046247795152096295,probability_native,0.046247795152096295,u_185bda853c58829d,0,1,official,principal
6252,0,0,0.004265476122453269,probability_native,0.004265476122453269,u_185bda853c58829d,0,1,official,principal
5278,0,0,0.02753864418481781,probability_native,0.02753864418481781,u_185bda853c58829d,0,1,official,principal
2876,0,0,7.33320120450906e-06,probability_native,7.33320120450906e-06,u_185bda853c58829d,0,1,official,principal
6926,1,1,0.9925060987830868,probability_native,0.9925060987830868,u_185bda853c58829d,0,1,official,principal
1862,0,1,0.9401379742911083,probability_native,0.9401379742911083,u_185bda853c58829d,0,1,official,principal
43,0,0,4.375322544366593e-10,probability_native,4.375322544366593e-10,u_185bda853c58829d,0,1,official,principal
1984,1,1,0.9872882553086059,probability_native,0.9872882553086059,u_185bda853c58829d,0,1,official,principal
3826,0,0,4.451079409104103e-12,probability_native,4.451079409104103e-12,u_185bda853c58829d,0,1,official,principal
6186,1,0,0.002695498926833693,probability_native,0.002695498926833693,u_185bda853c58829d,0,1,official,principal
6113,0,1,0.9831895680017506,probability_native,0.9831895680017506,u_185bda853c58829d,0,1,official,principal
127,0,0,6.94928120055232e-12,probability_native,6.94928120055232e-12,u_185bda853c58829d,0,1,official,principal
5004,0,1,0.7706665444872931,probability_native,0.7706665444872931,u_185bda853c58829d,0,1,official,principal
1784,1,0,0.00046417917337512784,probability_native,0.00046417917337512784,u_185bda853c58829d,0,1,official,principal
2354,0,0,1.9158695794795717e-12,probability_native,1.9158695794795717e-12,u_185bda853c58829d,0,1,official,principal
299,1,1,0.8950587480546387,probability_native,0.8950587480546387,u_185bda853c58829d,0,1,official,principal
5069,1,1,0.9995274843143599,probability_native,0.9995274843143599,u_185bda853c58829d,0,1,official,principal
3989,0,1,0.7951638200753405,probability_native,0.7951638200753405,u_185bda853c58829d,0,1,official,principal
2223,1,1,0.9996002299718285,probability_native,0.9996002299718285,u_185bda853c58829d,0,1,official,principal
5929,0,1,0.9653943064364087,probability_native,0.9653943064364087,u_185bda853c58829d,0,1,official,principal
3348,0,1,0.7025559296343263,probability_native,0.7025559296343263,u_185bda853c58829d,0,1,official,principal
837,1,1,0.820338927815488,probability_native,0.820338927815488,u_185bda853c58829d,0,1,official,principal
801,1,1,0.9996706913364591,probability_native,0.9996706913364591,u_185bda853c58829d,0,1,official,principal
5497,1,0,0.009934073513413253,probability_native,0.009934073513413253,u_185bda853c58829d,0,1,official,principal
2815,1,1,0.9877656083193979,probability_native,0.9877656083193979,u_185bda853c58829d,0,1,official,principal
5548,0,0,2.365088609339156e-12,probability_native,2.365088609339156e-12,u_185bda853c58829d,0,1,official,principal
5246,1,1,0.9998982947058246,probability_native,0.9998982947058246,u_185bda853c58829d,0,1,official,principal
2250,0,0,2.224712079878661e-06,probability_native,2.224712079878661e-06,u_185bda853c58829d,0,1,official,principal
1249,1,1,0.8264891908405123,probability_native,0.8264891908405123,u_185bda853c58829d,0,1,official,principal
4529,0,1,0.8767323648010534,probability_native,0.8767323648010534,u_185bda853c58829d,0,1,official,principal
5874,1,1,0.999906659579121,probability_native,0.999906659579121,u_185bda853c58829d,0,1,official,principal
6543,0,0,1.457746416129936e-05,probability_native,1.457746416129936e-05,u_185bda853c58829d,0,1,official,principal
3597,0,1,0.9076583101640731,probability_native,0.9076583101640731,u_185bda853c58829d,0,1,official,principal
934,0,0,0.002200272661223133,probability_native,0.002200272661223133,u_185bda853c58829d,0,1,official,principal
96,0,0,5.805794706226683e-06,probability_native,5.805794706226683e-06,u_185bda853c58829d,0,1,official,principal
5276,0,0,3.6899020810113636e-05,probability_native,3.6899020810113636e-05,u_185bda853c58829d,0,1,official,principal
173,1,0,0.39450829476112836,probability_native,0.39450829476112836,u_185bda853c58829d,0,1,official,principal
1986,0,0,5.815673501888839e-09,probability_native,5.815673501888839e-09,u_185bda853c58829d,0,1,official,principal
1940,0,0,0.0018946638434981346,probability_native,0.0018946638434981346,u_185bda853c58829d,0,1,official,principal
4839,1,1,0.9986817534838232,probability_native,0.9986817534838232,u_185bda853c58829d,0,1,official,principal
4000,0,1,0.9999125496622248,probability_native,0.9999125496622248,u_185bda853c58829d,0,1,official,principal
1527,0,0,2.032502783797828e-13,probability_native,2.032502783797828e-13,u_185bda853c58829d,0,1,official,principal
5903,0,0,3.5960299850655237e-09,probability_native,3.5960299850655237e-09,u_185bda853c58829d,0,1,official,principal
186,0,1,0.8928038151283173,probability_native,0.8928038151283173,u_185bda853c58829d,0,1,official,principal
4964,1,1,0.9979468239705656,probability_native,0.9979468239705656,u_185bda853c58829d,0,1,official,principal
4595,0,0,4.858806106625933e-10,probability_native,4.858806106625933e-10,u_185bda853c58829d,0,1,official,principal
1562,0,0,0.0026201183143208327,probability_native,0.0026201183143208327,u_185bda853c58829d,0,1,official,principal
4698,1,0,5.230654722956983e-07,probability_native,5.230654722956983e-07,u_185bda853c58829d,0,1,official,principal
5040,0,0,0.4972205235017206,probability_native,0.4972205235017206,u_185bda853c58829d,0,1,official,principal
3756,1,1,0.6702379853255584,probability_native,0.6702379853255584,u_185bda853c58829d,0,1,official,principal
5870,1,0,0.000986454381917648,probability_native,0.000986454381917648,u_185bda853c58829d,0,1,official,principal
5024,0,0,6.589152053667352e-13,probability_native,6.589152053667352e-13,u_185bda853c58829d,0,1,official,principal
6629,0,0,3.315127196758113e-09,probability_native,3.315127196758113e-09,u_185bda853c58829d,0,1,official,principal
6350,0,0,0.0003839892164387363,probability_native,0.0003839892164387363,u_185bda853c58829d,0,1,official,principal
2501,0,0,1.0145991711675113e-12,probability_native,1.0145991711675113e-12,u_185bda853c58829d,0,1,official,principal
2795,1,1,0.9999748373097538,probability_native,0.9999748373097538,u_185bda853c58829d,0,1,official,principal
4334,0,1,0.9950843728786517,probability_native,0.9950843728786517,u_185bda853c58829d,0,1,official,principal
5708,0,1,0.9753767847903497,probability_native,0.9753767847903497,u_185bda853c58829d,0,1,official,principal
5702,1,0,0.035451502173476195,probability_native,0.035451502173476195,u_185bda853c58829d,0,1,official,principal
3025,0,0,1.7221331291892253e-13,probability_native,1.7221331291892253e-13,u_185bda853c58829d,0,1,official,principal
2756,1,0,0.0005472270646546844,probability_native,0.0005472270646546844,u_185bda853c58829d,0,1,official,principal
241,0,0,5.555358690745195e-09,probability_native,5.555358690745195e-09,u_185bda853c58829d,0,1,official,principal
117,1,1,0.9949456881526925,probability_native,0.9949456881526925,u_185bda853c58829d,0,1,official,principal
3684,0,1,0.9404508125085527,probability_native,0.9404508125085527,u_185bda853c58829d,0,1,official,principal
3685,0,0,0.001386416533133745,probability_native,0.001386416533133745,u_185bda853c58829d,0,1,official,principal
1429,0,0,7.020178201432201e-13,probability_native,7.020178201432201e-13,u_185bda853c58829d,0,1,official,principal
5330,1,1,0.9926866331358518,probability_native,0.9926866331358518,u_185bda853c58829d,0,1,official,principal
252,1,1,0.9902934928411392,probability_native,0.9902934928411392,u_185bda853c58829d,0,1,official,principal
4188,1,1,0.9998150025873185,probability_native,0.9998150025873185,u_185bda853c58829d,0,1,official,principal
6961,1,1,0.9610163415049475,probability_native,0.9610163415049475,u_185bda853c58829d,0,1,official,principal
2410,0,1,0.9860655945098648,probability_native,0.9860655945098648,u_185bda853c58829d,0,1,official,principal
71,0,0,6.552944505303927e-06,probability_native,6.552944505303927e-06,u_185bda853c58829d,0,1,official,principal
3917,1,1,0.9999035148774502,probability_native,0.9999035148774502,u_185bda853c58829d,0,1,official,principal
6241,1,1,0.9968241562381889,probability_native,0.9968241562381889,u_185bda853c58829d,0,1,official,principal
4335,0,1,0.9999646300737987,probability_native,0.9999646300737987,u_185bda853c58829d,0,1,official,principal
5267,0,0,9.458491695685593e-06,probability_native,9.458491695685593e-06,u_185bda853c58829d,0,1,official,principal
5947,1,0,4.374607943868228e-12,probability_native,4.374607943868228e-12,u_185bda853c58829d,0,1,official,principal
1482,0,1,0.9999825550588659,probability_native,0.9999825550588659,u_185bda853c58829d,0,1,official,principal
3222,0,1,0.9530050595121987,probability_native,0.9530050595121987,u_185bda853c58829d,0,1,official,principal
6923,0,0,0.00327556263070619,probability_native,0.00327556263070619,u_185bda853c58829d,0,1,official,principal
2587,0,0,2.49217905531838e-07,probability_native,2.49217905531838e-07,u_185bda853c58829d,0,1,official,principal
5771,0,0,0.0004315814147688058,probability_native,0.0004315814147688058,u_185bda853c58829d,0,1,official,principal
99,1,1,0.9998756240265849,probability_native,0.9998756240265849,u_185bda853c58829d,0,1,official,principal
6464,0,1,0.9450609367525874,probability_native,0.9450609367525874,u_185bda853c58829d,0,1,official,principal
1356,0,1,0.9896513277423636,probability_native,0.9896513277423636,u_185bda853c58829d,0,1,official,principal
6989,0,0,0.02108310832573717,probability_native,0.02108310832573717,u_185bda853c58829d,0,1,official,principal
2492,1,1,0.8687658242606645,probability_native,0.8687658242606645,u_185bda853c58829d,0,1,official,principal
1981,1,0,0.2387107722605361,probability_native,0.2387107722605361,u_185bda853c58829d,0,1,official,principal
3833,0,1,0.9862458977452851,probability_native,0.9862458977452851,u_185bda853c58829d,0,1,official,principal
1138,0,1,0.7341549317984781,probability_native,0.7341549317984781,u_185bda853c58829d,0,1,official,principal
2746,0,0,9.022662286916944e-13,probability_native,9.022662286916944e-13,u_185bda853c58829d,0,1,official,principal
2336,1,1,0.9964470737125912,probability_native,0.9964470737125912,u_185bda853c58829d,0,1,official,principal
6338,0,0,0.0019505019045378237,probability_native,0.0019505019045378237,u_185bda853c58829d,0,1,official,principal
5171,0,1,0.8299610489768572,probability_native,0.8299610489768572,u_185bda853c58829d,0,1,official,principal
2395,0,1,0.9940846605590972,probability_native,0.9940846605590972,u_185bda853c58829d,0,1,official,principal
2738,0,0,6.536000821585087e-09,probability_native,6.536000821585087e-09,u_185bda853c58829d,0,1,official,principal
1066,0,0,2.1063115103570568e-12,probability_native,2.1063115103570568e-12,u_185bda853c58829d,0,1,official,principal
1342,0,0,2.0240236638849898e-11,probability_native,2.0240236638849898e-11,u_185bda853c58829d,0,1,official,principal
4547,0,1,0.5442217419224715,probability_native,0.5442217419224715,u_185bda853c58829d,0,1,official,principal
1666,0,0,2.483012064448333e-11,probability_native,2.483012064448333e-11,u_185bda853c58829d,0,1,official,principal
2668,1,0,8.449755701637236e-05,probability_native,8.449755701637236e-05,u_185bda853c58829d,0,1,official,principal
2119,0,0,1.6029247743256029e-06,probability_native,1.6029247743256029e-06,u_185bda853c58829d,0,1,official,principal
534,1,1,0.9999258816318038,probability_native,0.9999258816318038,u_185bda853c58829d,0,1,official,principal
2937,0,0,0.07667399928173184,probability_native,0.07667399928173184,u_185bda853c58829d,0,1,official,principal
3352,1,1,0.9986901266445167,probability_native,0.9986901266445167,u_185bda853c58829d,0,1,official,principal
561,0,0,0.0019367738469988245,probability_native,0.0019367738469988245,u_185bda853c58829d,0,1,official,principal
1215,1,1,0.9986880360343855,probability_native,0.9986880360343855,u_185bda853c58829d,0,1,official,principal
3144,0,0,0.0004119222473323555,probability_native,0.0004119222473323555,u_185bda853c58829d,0,1,official,principal
4522,0,0,6.150976210427179e-07,probability_native,6.150976210427179e-07,u_185bda853c58829d,0,1,official,principal
2692,0,1,0.968278759257012,probability_native,0.968278759257012,u_185bda853c58829d,0,1,official,principal
5420,0,0,3.045013423001919e-11,probability_native,3.045013423001919e-11,u_185bda853c58829d,0,1,official,principal
3639,0,0,0.16715164632130508,probability_native,0.16715164632130508,u_185bda853c58829d,0,1,official,principal
243,0,1,0.8416026784864808,probability_native,0.8416026784864808,u_185bda853c58829d,0,1,official,principal
1281,0,0,3.315165148571082e-05,probability_native,3.315165148571082e-05,u_185bda853c58829d,0,1,official,principal
6243,0,0,8.130321920184322e-11,probability_native,8.130321920184322e-11,u_185bda853c58829d,0,1,official,principal
4903,1,1,0.9998692043522537,probability_native,0.9998692043522537,u_185bda853c58829d,0,1,official,principal
6591,1,1,0.9883614404331911,probability_native,0.9883614404331911,u_185bda853c58829d,0,1,official,principal
3238,0,0,2.748438595057015e-13,probability_native,2.748438595057015e-13,u_185bda853c58829d,0,1,official,principal
6095,0,0,0.0015177860001009192,probability_native,0.0015177860001009192,u_185bda853c58829d,0,1,official,principal
646,1,1,0.9477838006100271,probability_native,0.9477838006100271,u_185bda853c58829d,0,1,official,principal
6983,0,1,0.9209649897872993,probability_native,0.9209649897872993,u_185bda853c58829d,0,1,official,principal
757,0,0,0.00045632923448744037,probability_native,0.00045632923448744037,u_185bda853c58829d,0,1,official,principal
6737,0,0,3.786116726031382e-08,probability_native,3.786116726031382e-08,u_185bda853c58829d,0,1,official,principal
242,0,0,0.0002881226201059563,probability_native,0.0002881226201059563,u_185bda853c58829d,0,1,official,principal
3256,0,0,5.131871375094376e-05,probability_native,5.131871375094376e-05,u_185bda853c58829d,0,1,official,principal
6925,0,0,3.2977929038911653e-06,probability_native,3.2977929038911653e-06,u_185bda853c58829d,0,1,official,principal
1927,1,1,0.6225134183209481,probability_native,0.6225134183209481,u_185bda853c58829d,0,1,official,principal
6001,0,1,0.6697435876991322,probability_native,0.6697435876991322,u_185bda853c58829d,0,1,official,principal
4643,0,1,0.9470173181434557,probability_native,0.9470173181434557,u_185bda853c58829d,0,1,official,principal
4110,0,0,1.0736429685638566e-10,probability_native,1.0736429685638566e-10,u_185bda853c58829d,0,1,official,principal
611,1,0,0.011190293167964733,probability_native,0.011190293167964733,u_185bda853c58829d,0,1,official,principal
4917,0,0,0.00034199670935967653,probability_native,0.00034199670935967653,u_185bda853c58829d,0,1,official,principal
4937,0,0,0.004805285430798604,probability_native,0.004805285430798604,u_185bda853c58829d,0,1,official,principal
2392,0,1,0.9881868573140907,probability_native,0.9881868573140907,u_185bda853c58829d,0,1,official,principal
3378,0,0,6.875279020413816e-11,probability_native,6.875279020413816e-11,u_185bda853c58829d,0,1,official,principal
345,0,1,0.9999799440082878,probability_native,0.9999799440082878,u_185bda853c58829d,0,1,official,principal
3356,1,0,0.4258992730446845,probability_native,0.4258992730446845,u_185bda853c58829d,0,1,official,principal
6508,1,1,0.9932138310952222,probability_native,0.9932138310952222,u_185bda853c58829d,0,1,official,principal
1503,0,1,0.9577375165205806,probability_native,0.9577375165205806,u_185bda853c58829d,0,1,official,principal
2611,1,1,0.9995214711710709,probability_native,0.9995214711710709,u_185bda853c58829d,0,1,official,principal
6580,0,0,0.0005475655934569576,probability_native,0.0005475655934569576,u_185bda853c58829d,0,1,official,principal
3093,0,0,0.0013126896327470311,probability_native,0.0013126896327470311,u_185bda853c58829d,0,1,official,principal
3385,1,1,0.9999365738945254,probability_native,0.9999365738945254,u_185bda853c58829d,0,1,official,principal
5428,1,1,0.9994205142588917,probability_native,0.9994205142588917,u_185bda853c58829d,0,1,official,principal
5602,0,0,1.614735495875984e-07,probability_native,1.614735495875984e-07,u_185bda853c58829d,0,1,official,principal
6439,0,1,0.7956271291645948,probability_native,0.7956271291645948,u_185bda853c58829d,0,1,official,principal
167,0,0,9.344521115148358e-10,probability_native,9.344521115148358e-10,u_185bda853c58829d,0,1,official,principal
2862,1,1,0.9994823011326835,probability_native,0.9994823011326835,u_185bda853c58829d,0,1,official,principal
756,0,0,3.705990873101107e-12,probability_native,3.705990873101107e-12,u_185bda853c58829d,0,1,official,principal
4005,1,0,0.0034391172937066517,probability_native,0.0034391172937066517,u_185bda853c58829d,0,1,official,principal
2316,0,0,0.0004672719283457747,probability_native,0.0004672719283457747,u_185bda853c58829d,0,1,official,principal
5296,0,0,6.050459219848731e-05,probability_native,6.050459219848731e-05,u_185bda853c58829d,0,1,official,principal
2863,0,1,0.8222572635277744,probability_native,0.8222572635277744,u_185bda853c58829d,0,1,official,principal
2461,0,0,1.0243838069183696e-06,probability_native,1.0243838069183696e-06,u_185bda853c58829d,0,1,official,principal
705,1,1,0.9780377823596299,probability_native,0.9780377823596299,u_185bda853c58829d,0,1,official,principal
1229,0,0,1.1697218808367145e-10,probability_native,1.1697218808367145e-10,u_185bda853c58829d,0,1,official,principal
2689,0,0,6.506130104909995e-10,probability_native,6.506130104909995e-10,u_185bda853c58829d,0,1,official,principal
6895,0,0,5.133829415609837e-11,probability_native,5.133829415609837e-11,u_185bda853c58829d,0,1,official,principal
6461,0,1,0.7520772872719391,probability_native,0.7520772872719391,u_185bda853c58829d,0,1,official,principal
5099,1,0,2.0053540541296486e-05,probability_native,2.0053540541296486e-05,u_185bda853c58829d,0,1,official,principal
4712,0,0,0.061270716115257015,probability_native,0.061270716115257015,u_185bda853c58829d,0,1,official,principal
274,1,1,0.9882301947364589,probability_native,0.9882301947364589,u_185bda853c58829d,0,1,official,principal
5368,1,1,0.9999753598019108,probability_native,0.9999753598019108,u_185bda853c58829d,0,1,official,principal
1223,1,1,0.9998576186121163,probability_native,0.9998576186121163,u_185bda853c58829d,0,1,official,principal
3444,0,0,0.0004096505458476761,probability_native,0.0004096505458476761,u_185bda853c58829d,0,1,official,principal
6163,0,1,0.9994977088052489,probability_native,0.9994977088052489,u_185bda853c58829d,0,1,official,principal
1742,1,1,0.9991617364980027,probability_native,0.9991617364980027,u_185bda853c58829d,0,1,official,principal
5750,1,1,0.9999198056716755,probability_native,0.9999198056716755,u_185bda853c58829d,0,1,official,principal
4435,0,1,0.9960921881913148,probability_native,0.9960921881913148,u_185bda853c58829d,0,1,official,principal
6046,0,1,0.9901495090710417,probability_native,0.9901495090710417,u_185bda853c58829d,0,1,official,principal
5088,0,0,6.052536989278345e-13,probability_native,6.052536989278345e-13,u_185bda853c58829d,0,1,official,principal
5416,0,0,0.23285210320333397,probability_native,0.23285210320333397,u_185bda853c58829d,0,1,official,principal
459,0,1,0.9998718474163162,probability_native,0.9998718474163162,u_185bda853c58829d,0,1,official,principal
6295,0,0,1.0758038850570058e-12,probability_native,1.0758038850570058e-12,u_185bda853c58829d,0,1,official,principal
2941,0,0,9.71850392138334e-10,probability_native,9.71850392138334e-10,u_185bda853c58829d,0,1,official,principal
2284,0,0,0.12207606091384499,probability_native,0.12207606091384499,u_185bda853c58829d,0,1,official,principal
3608,1,1,0.9971088681005075,probability_native,0.9971088681005075,u_185bda853c58829d,0,1,official,principal
6742,0,0,1.0554137817793114e-08,probability_native,1.0554137817793114e-08,u_185bda853c58829d,0,1,official,principal
2628,0,1,0.8788161308852249,probability_native,0.8788161308852249,u_185bda853c58829d,0,1,official,principal
2713,0,0,0.0019877535546226474,probability_native,0.0019877535546226474,u_185bda853c58829d,0,1,official,principal
1800,0,1,0.9811598161160168,probability_native,0.9811598161160168,u_185bda853c58829d,0,1,official,principal
2469,0,0,4.374654477647826e-06,probability_native,4.374654477647826e-06,u_185bda853c58829d,0,1,official,principal
3321,0,0,1.2781240119479277e-12,probability_native,1.2781240119479277e-12,u_185bda853c58829d,0,1,official,principal
823,0,1,0.7076464457317827,probability_native,0.7076464457317827,u_185bda853c58829d,0,1,official,principal
952,0,0,0.11930441675811934,probability_native,0.11930441675811934,u_185bda853c58829d,0,1,official,principal
1198,0,0,6.974311409921362e-11,probability_native,6.974311409921362e-11,u_185bda853c58829d,0,1,official,principal
3758,0,1,0.7564474038975726,probability_native,0.7564474038975726,u_185bda853c58829d,0,1,official,principal
1361,1,1,0.9992445931372222,probability_native,0.9992445931372222,u_185bda853c58829d,0,1,official,principal
2575,0,0,0.00043583551036041753,probability_native,0.00043583551036041753,u_185bda853c58829d,0,1,official,principal
81,0,1,0.5725429267315607,probability_native,0.5725429267315607,u_185bda853c58829d,0,1,official,principal
56,0,0,0.0007368091008761764,probability_native,0.0007368091008761764,u_185bda853c58829d,0,1,official,principal
5461,0,0,3.0111335534616843e-09,probability_native,3.0111335534616843e-09,u_185bda853c58829d,0,1,official,principal
3116,0,0,0.21377138053971886,probability_native,0.21377138053971886,u_185bda853c58829d,0,1,official,principal
4767,0,0,2.524275325980321e-07,probability_native,2.524275325980321e-07,u_185bda853c58829d,0,1,official,principal
114,0,0,8.236178530809893e-09,probability_native,8.236178530809893e-09,u_185bda853c58829d,0,1,official,principal
5005,1,0,0.005916664232474005,probability_native,0.005916664232474005,u_185bda853c58829d,0,1,official,principal
5591,1,1,0.9999385223746199,probability_native,0.9999385223746199,u_185bda853c58829d,0,1,official,principal
1786,1,1,0.5928385779344618,probability_native,0.5928385779344618,u_185bda853c58829d,0,1,official,principal
836,0,0,5.591449577863142e-06,probability_native,5.591449577863142e-06,u_185bda853c58829d,0,1,official,principal
2273,0,0,5.799286622008007e-07,probability_native,5.799286622008007e-07,u_185bda853c58829d,0,1,official,principal
2114,0,0,0.12280020135972901,probability_native,0.12280020135972901,u_185bda853c58829d,0,1,official,principal
395,0,0,3.4433386643858655e-10,probability_native,3.4433386643858655e-10,u_185bda853c58829d,0,1,official,principal
6758,0,0,0.0002202362295735296,probability_native,0.0002202362295735296,u_185bda853c58829d,0,1,official,principal
6700,0,0,6.606063531118125e-08,probability_native,6.606063531118125e-08,u_185bda853c58829d,0,1,official,principal
1413,0,0,1.8972553793821036e-11,probability_native,1.8972553793821036e-11,u_185bda853c58829d,0,1,official,principal
5685,0,0,6.679877405212598e-12,probability_native,6.679877405212598e-12,u_185bda853c58829d,0,1,official,principal
3858,0,0,0.010107603172741004,probability_native,0.010107603172741004,u_185bda853c58829d,0,1,official,principal
6129,0,1,0.5639657504342559,probability_native,0.5639657504342559,u_185bda853c58829d,0,1,official,principal
4968,0,0,1.4035627408935002e-07,probability_native,1.4035627408935002e-07,u_185bda853c58829d,0,1,official,principal
5550,0,0,0.00015142149370059803,probability_native,0.00015142149370059803,u_185bda853c58829d,0,1,official,principal
4262,1,1,0.9697300371315074,probability_native,0.9697300371315074,u_185bda853c58829d,0,1,official,principal
4641,0,0,0.3466620599725856,probability_native,0.3466620599725856,u_185bda853c58829d,0,1,official,principal
4944,0,0,0.00023409543965100278,probability_native,0.00023409543965100278,u_185bda853c58829d,0,1,official,principal
6897,0,0,0.41676871559202583,probability_native,0.41676871559202583,u_185bda853c58829d,0,1,official,principal
5292,0,0,0.00014984345585200012,probability_native,0.00014984345585200012,u_185bda853c58829d,0,1,official,principal
4590,0,0,8.775926966235406e-09,probability_native,8.775926966235406e-09,u_185bda853c58829d,0,1,official,principal
1425,0,1,0.989060530233352,probability_native,0.989060530233352,u_185bda853c58829d,0,1,official,principal
6442,0,0,4.411935560063147e-05,probability_native,4.411935560063147e-05,u_185bda853c58829d,0,1,official,principal
86,0,0,0.06960345387595276,probability_native,0.06960345387595276,u_185bda853c58829d,0,1,official,principal
6807,0,0,1.980356703627264e-12,probability_native,1.980356703627264e-12,u_185bda853c58829d,0,1,official,principal
639,1,1,0.9998041473999758,probability_native,0.9998041473999758,u_185bda853c58829d,0,1,official,principal
6020,0,0,0.00010885705789381219,probability_native,0.00010885705789381219,u_185bda853c58829d,0,1,official,principal
1300,0,0,8.257042924804269e-10,probability_native,8.257042924804269e-10,u_185bda853c58829d,0,1,official,principal
2661,0,0,1.9811393183250306e-10,probability_native,1.9811393183250306e-10,u_185bda853c58829d,0,1,official,principal
5658,0,1,0.999748721876558,probability_native,0.999748721876558,u_185bda853c58829d,0,1,official,principal
3407,0,0,4.172659302112046e-11,probability_native,4.172659302112046e-11,u_185bda853c58829d,0,1,official,principal
4002,0,0,1.2756780613067674e-10,probability_native,1.2756780613067674e-10,u_185bda853c58829d,0,1,official,principal
3066,0,1,0.9970559608481689,probability_native,0.9970559608481689,u_185bda853c58829d,0,1,official,principal
2893,1,1,0.9107473554267822,probability_native,0.9107473554267822,u_185bda853c58829d,0,1,official,principal
4649,0,0,2.127733965844032e-10,probability_native,2.127733965844032e-10,u_185bda853c58829d,0,1,official,principal
5932,1,1,0.9998064702214788,probability_native,0.9998064702214788,u_185bda853c58829d,0,1,official,principal
2061,1,1,0.8286736607788329,probability_native,0.8286736607788329,u_185bda853c58829d,0,1,official,principal
5739,0,0,8.34378804493019e-08,probability_native,8.34378804493019e-08,u_185bda853c58829d,0,1,official,principal
5945,0,0,0.13685271748334407,probability_native,0.13685271748334407,u_185bda853c58829d,0,1,official,principal
547,0,0,0.04334492171255769,probability_native,0.04334492171255769,u_185bda853c58829d,0,1,official,principal
4966,0,0,0.0941922063190089,probability_native,0.0941922063190089,u_185bda853c58829d,0,1,official,principal
5901,1,1,0.9451113879181122,probability_native,0.9451113879181122,u_185bda853c58829d,0,1,official,principal
88,0,0,1.2878172412462882e-12,probability_native,1.2878172412462882e-12,u_185bda853c58829d,0,1,official,principal
4451,0,1,0.9995395773277969,probability_native,0.9995395773277969,u_185bda853c58829d,0,1,official,principal
5441,1,0,2.8677936562579105e-11,probability_native,2.8677936562579105e-11,u_185bda853c58829d,0,1,official,principal
3502,0,0,0.17190927994903152,probability_native,0.17190927994903152,u_185bda853c58829d,0,1,official,principal
6936,1,1,0.9971693838832948,probability_native,0.9971693838832948,u_185bda853c58829d,0,1,official,principal
1268,1,0,0.10730419467743305,probability_native,0.10730419467743305,u_185bda853c58829d,0,1,official,principal
1211,1,1,0.948442964494361,probability_native,0.948442964494361,u_185bda853c58829d,0,1,official,principal
549,0,0,0.0003730312409094994,probability_native,0.0003730312409094994,u_185bda853c58829d,0,1,official,principal
5251,1,1,0.9994005284152649,probability_native,0.9994005284152649,u_185bda853c58829d,0,1,official,principal
67,0,0,4.5978166033281635e-08,probability_native,4.5978166033281635e-08,u_185bda853c58829d,0,1,official,principal
3275,0,0,9.507075127741865e-12,probability_native,9.507075127741865e-12,u_185bda853c58829d,0,1,official,principal
897,0,0,2.609580337375313e-06,probability_native,2.609580337375313e-06,u_185bda853c58829d,0,1,official,principal
50,0,1,0.999827817310126,probability_native,0.999827817310126,u_185bda853c58829d,0,1,official,principal
2171,0,1,0.9939437137436777,probability_native,0.9939437137436777,u_185bda853c58829d,0,1,official,principal
3660,0,0,0.003579289606067862,probability_native,0.003579289606067862,u_185bda853c58829d,0,1,official,principal
5604,0,1,0.9996957846166168,probability_native,0.9996957846166168,u_185bda853c58829d,0,1,official,principal
6405,0,0,0.49383388576476833,probability_native,0.49383388576476833,u_185bda853c58829d,0,1,official,principal
1293,0,0,2.8982961272894955e-09,probability_native,2.8982961272894955e-09,u_185bda853c58829d,0,1,official,principal
5546,0,0,0.030096915513951276,probability_native,0.030096915513951276,u_185bda853c58829d,0,1,official,principal
4204,0,1,0.9999765398446568,probability_native,0.9999765398446568,u_185bda853c58829d,0,1,official,principal
3262,1,1,0.9761751839172371,probability_native,0.9761751839172371,u_185bda853c58829d,0,1,official,principal
1055,0,0,2.6449456469696868e-06,probability_native,2.6449456469696868e-06,u_185bda853c58829d,0,1,official,principal
467,0,0,0.0452422545117331,probability_native,0.0452422545117331,u_185bda853c58829d,0,1,official,principal
1390,0,0,1.4654758803042777e-11,probability_native,1.4654758803042777e-11,u_185bda853c58829d,0,1,official,principal
3612,0,1,0.9997297637681768,probability_native,0.9997297637681768,u_185bda853c58829d,0,1,official,principal
4558,1,1,0.9999694772422695,probability_native,0.9999694772422695,u_185bda853c58829d,0,1,official,principal
4086,0,0,2.1021010976656925e-11,probability_native,2.1021010976656925e-11,u_185bda853c58829d,0,1,official,principal
3819,0,0,0.0061738989600635535,probability_native,0.0061738989600635535,u_185bda853c58829d,0,1,official,principal
4493,0,0,1.6852780838641524e-12,probability_native,1.6852780838641524e-12,u_185bda853c58829d,0,1,official,principal
2135,0,0,0.3481909725148359,probability_native,0.3481909725148359,u_185bda853c58829d,0,1,official,principal
166,1,1,0.9988319492699558,probability_native,0.9988319492699558,u_185bda853c58829d,0,1,official,principal
6087,0,0,0.02795150407273856,probability_native,0.02795150407273856,u_185bda853c58829d,0,1,official,principal
3295,0,0,3.339891914717677e-11,probability_native,3.339891914717677e-11,u_185bda853c58829d,0,1,official,principal
998,0,0,1.2079651731314214e-12,probability_native,1.2079651731314214e-12,u_185bda853c58829d,0,1,official,principal
2374,0,0,0.0006313093978293169,probability_native,0.0006313093978293169,u_185bda853c58829d,0,1,official,principal
5688,0,0,1.8907668015695274e-12,probability_native,1.8907668015695274e-12,u_185bda853c58829d,0,1,official,principal
6916,0,0,2.6146687593975802e-12,probability_native,2.6146687593975802e-12,u_185bda853c58829d,0,1,official,principal
5518,1,1,0.9660070511178795,probability_native,0.9660070511178795,u_185bda853c58829d,0,1,official,principal
5742,0,0,2.1754447217510223e-09,probability_native,2.1754447217510223e-09,u_185bda853c58829d,0,1,official,principal
614,0,0,4.6246817835396146e-08,probability_native,4.6246817835396146e-08,u_185bda853c58829d,0,1,official,principal
515,1,1,0.9330356661351379,probability_native,0.9330356661351379,u_185bda853c58829d,0,1,official,principal
4312,0,0,1.0217853094964218e-09,probability_native,1.0217853094964218e-09,u_185bda853c58829d,0,1,official,principal
1758,0,0,3.2536877436040848e-12,probability_native,3.2536877436040848e-12,u_185bda853c58829d,0,1,official,principal
3416,0,1,0.7053483219171753,probability_native,0.7053483219171753,u_185bda853c58829d,0,1,official,principal
6413,1,1,0.9688460870857437,probability_native,0.9688460870857437,u_185bda853c58829d,0,1,official,principal
6722,0,0,0.008978999453256857,probability_native,0.008978999453256857,u_185bda853c58829d,0,1,official,principal
171,1,1,0.9990713156869172,probability_native,0.9990713156869172,u_185bda853c58829d,0,1,official,principal
2483,1,1,0.9707288025010328,probability_native,0.9707288025010328,u_185bda853c58829d,0,1,official,principal
2555,0,1,0.9926126348592109,probability_native,0.9926126348592109,u_185bda853c58829d,0,1,official,principal
1507,0,0,8.05979977901169e-13,probability_native,8.05979977901169e-13,u_185bda853c58829d,0,1,official,principal
5447,0,1,0.8314828721666105,probability_native,0.8314828721666105,u_185bda853c58829d,0,1,official,principal
5920,0,1,0.9999607079925743,probability_native,0.9999607079925743,u_185bda853c58829d,0,1,official,principal
5340,0,0,0.03702144866943666,probability_native,0.03702144866943666,u_185bda853c58829d,0,1,official,principal
1570,0,0,3.7087943418853005e-12,probability_native,3.7087943418853005e-12,u_185bda853c58829d,0,1,official,principal
5320,0,0,1.1853918968724363e-10,probability_native,1.1853918968724363e-10,u_185bda853c58829d,0,1,official,principal
6080,1,0,0.1223532180016158,probability_native,0.1223532180016158,u_185bda853c58829d,0,1,official,principal
6949,0,0,0.0003708157359247039,probability_native,0.0003708157359247039,u_185bda853c58829d,0,1,official,principal
3049,1,0,0.00824030072639948,probability_native,0.00824030072639948,u_185bda853c58829d,0,1,official,principal
5265,0,0,0.19256844635018933,probability_native,0.19256844635018933,u_185bda853c58829d,0,1,official,principal
2769,1,0,0.0011067618315153617,probability_native,0.0011067618315153617,u_185bda853c58829d,0,1,official,principal
1161,1,0,0.2625944443498631,probability_native,0.2625944443498631,u_185bda853c58829d,0,1,official,principal
359,0,0,0.1288846586200432,probability_native,0.1288846586200432,u_185bda853c58829d,0,1,official,principal
6198,0,0,6.378876552219806e-13,probability_native,6.378876552219806e-13,u_185bda853c58829d,0,1,official,principal
4336,0,0,3.7178767273866015e-08,probability_native,3.7178767273866015e-08,u_185bda853c58829d,0,1,official,principal
518,1,1,0.9951414666683395,probability_native,0.9951414666683395,u_185bda853c58829d,0,1,official,principal
2570,1,1,0.9783419848634348,probability_native,0.9783419848634348,u_185bda853c58829d,0,1,official,principal
4657,0,0,0.06259021258005056,probability_native,0.06259021258005056,u_185bda853c58829d,0,1,official,principal
3264,0,1,0.9947816155973508,probability_native,0.9947816155973508,u_185bda853c58829d,0,1,official,principal
4611,0,0,6.569345498699233e-13,probability_native,6.569345498699233e-13,u_185bda853c58829d,0,1,official,principal
3529,0,1,0.9999228811295884,probability_native,0.9999228811295884,u_185bda853c58829d,0,1,official,principal
482,0,1,0.9999734533950168,probability_native,0.9999734533950168,u_185bda853c58829d,0,1,official,principal
3941,0,0,0.0005331652408663888,probability_native,0.0005331652408663888,u_185bda853c58829d,0,1,official,principal
5299,1,1,0.9852117770161076,probability_native,0.9852117770161076,u_185bda853c58829d,0,1,official,principal
2965,1,1,0.5920724397287973,probability_native,0.5920724397287973,u_185bda853c58829d,0,1,official,principal
5835,0,0,7.843524965564333e-13,probability_native,7.843524965564333e-13,u_185bda853c58829d,0,1,official,principal
2879,1,1,0.9882005748403393,probability_native,0.9882005748403393,u_185bda853c58829d,0,1,official,principal
2335,0,1,0.7560961306700885,probability_native,0.7560961306700885,u_185bda853c58829d,0,1,official,principal
2363,0,1,0.9967239182711373,probability_native,0.9967239182711373,u_185bda853c58829d,0,1,official,principal
2129,1,1,0.9998725616317532,probability_native,0.9998725616317532,u_185bda853c58829d,0,1,official,principal
3591,1,1,0.992688521559399,probability_native,0.992688521559399,u_185bda853c58829d,0,1,official,principal
1652,0,0,0.04039182740678008,probability_native,0.04039182740678008,u_185bda853c58829d,0,1,official,principal
4258,1,0,0.08942658064802171,probability_native,0.08942658064802171,u_185bda853c58829d,0,1,official,principal
1753,0,0,1.1497559735592672e-08,probability_native,1.1497559735592672e-08,u_185bda853c58829d,0,1,official,principal
6387,0,1,0.6636388151619641,probability_native,0.6636388151619641,u_185bda853c58829d,0,1,official,principal
3695,0,1,0.9952978404586881,probability_native,0.9952978404586881,u_185bda853c58829d,0,1,official,principal
322,0,1,0.9967345165219769,probability_native,0.9967345165219769,u_185bda853c58829d,0,1,official,principal
6562,1,1,0.9999639520589528,probability_native,0.9999639520589528,u_185bda853c58829d,0,1,official,principal
758,1,1,0.9917806399632413,probability_native,0.9917806399632413,u_185bda853c58829d,0,1,official,principal
4318,0,0,0.03946445756606718,probability_native,0.03946445756606718,u_185bda853c58829d,0,1,official,principal
6027,0,0,3.93534616318623e-12,probability_native,3.93534616318623e-12,u_185bda853c58829d,0,1,official,principal
6652,0,0,8.09319623227932e-12,probability_native,8.09319623227932e-12,u_185bda853c58829d,0,1,official,principal
1687,0,0,1.4207375700576208e-06,probability_native,1.4207375700576208e-06,u_185bda853c58829d,0,1,official,principal
5780,0,0,2.8666080975743345e-08,probability_native,2.8666080975743345e-08,u_185bda853c58829d,0,1,official,principal
3680,1,0,0.15787790576943114,probability_native,0.15787790576943114,u_185bda853c58829d,0,1,official,principal
3203,0,0,2.1074318460829807e-10,probability_native,2.1074318460829807e-10,u_185bda853c58829d,0,1,official,principal
6709,0,0,0.2964700583102148,probability_native,0.2964700583102148,u_185bda853c58829d,0,1,official,principal
225,0,0,0.04626952529082563,probability_native,0.04626952529082563,u_185bda853c58829d,0,1,official,principal
6550,1,1,0.9981953805390402,probability_native,0.9981953805390402,u_185bda853c58829d,0,1,official,principal
5978,0,1,0.5112707106110279,probability_native,0.5112707106110279,u_185bda853c58829d,0,1,official,principal
92,0,0,1.7078618842058408e-10,probability_native,1.7078618842058408e-10,u_185bda853c58829d,0,1,official,principal
281,0,1,0.9814365565487375,probability_native,0.9814365565487375,u_185bda853c58829d,0,1,official,principal
6558,1,0,0.0011797390006561613,probability_native,0.0011797390006561613,u_185bda853c58829d,0,1,official,principal
4652,0,0,6.163577881168473e-06,probability_native,6.163577881168473e-06,u_185bda853c58829d,0,1,official,principal
5833,0,0,0.4954946248873425,probability_native,0.4954946248873425,u_185bda853c58829d,0,1,official,principal
5280,0,0,0.1437848436530343,probability_native,0.1437848436530343,u_185bda853c58829d,0,1,official,principal
5203,0,1,0.5316088248086356,probability_native,0.5316088248086356,u_185bda853c58829d,0,1,official,principal
5252,0,1,0.8832194795084148,probability_native,0.8832194795084148,u_185bda853c58829d,0,1,official,principal
5137,0,1,0.9538142652902021,probability_native,0.9538142652902021,u_185bda853c58829d,0,1,official,principal
7039,0,0,0.00045702905400282334,probability_native,0.00045702905400282334,u_185bda853c58829d,0,1,official,principal
5986,0,1,0.9988834459941991,probability_native,0.9988834459941991,u_185bda853c58829d,0,1,official,principal
1761,0,0,4.575493777884373e-12,probability_native,4.575493777884373e-12,u_185bda853c58829d,0,1,official,principal
351,0,0,0.008591962041072343,probability_native,0.008591962041072343,u_185bda853c58829d,0,1,official,principal
3296,0,1,0.6861377528872442,probability_native,0.6861377528872442,u_185bda853c58829d,0,1,official,principal
2364,0,1,0.9991339267995445,probability_native,0.9991339267995445,u_185bda853c58829d,0,1,official,principal
3192,0,0,2.2598383852268854e-11,probability_native,2.2598383852268854e-11,u_185bda853c58829d,0,1,official,principal
5151,0,0,0.0001349190407924764,probability_native,0.0001349190407924764,u_185bda853c58829d,0,1,official,principal
3847,0,0,0.0004662561080359026,probability_native,0.0004662561080359026,u_185bda853c58829d,0,1,official,principal
1690,0,0,0.007063721614355121,probability_native,0.007063721614355121,u_185bda853c58829d,0,1,official,principal
1234,0,0,0.019736795446078773,probability_native,0.019736795446078773,u_185bda853c58829d,0,1,official,principal
2053,1,1,0.9576107956330879,probability_native,0.9576107956330879,u_185bda853c58829d,0,1,official,principal
5620,0,0,7.165524314831561e-08,probability_native,7.165524314831561e-08,u_185bda853c58829d,0,1,official,principal
5811,0,0,3.5196815708248887e-08,probability_native,3.5196815708248887e-08,u_185bda853c58829d,0,1,official,principal
366,0,1,0.8706346623198638,probability_native,0.8706346623198638,u_185bda853c58829d,0,1,official,principal
2452,1,1,0.9983833227561171,probability_native,0.9983833227561171,u_185bda853c58829d,0,1,official,principal
3548,0,0,0.00015329507470237278,probability_native,0.00015329507470237278,u_185bda853c58829d,0,1,official,principal
3801,1,1,0.9997570511415255,probability_native,0.9997570511415255,u_185bda853c58829d,0,1,official,principal
3344,1,1,0.9972132822057572,probability_native,0.9972132822057572,u_185bda853c58829d,0,1,official,principal
2834,0,0,1.8561034037557395e-07,probability_native,1.8561034037557395e-07,u_185bda853c58829d,0,1,official,principal
1998,1,1,0.9802034240191465,probability_native,0.9802034240191465,u_185bda853c58829d,0,1,official,principal
1608,0,0,2.1982127374151e-05,probability_native,2.1982127374151e-05,u_185bda853c58829d,0,1,official,principal
3533,0,0,3.0111997187142013e-05,probability_native,3.0111997187142013e-05,u_185bda853c58829d,0,1,official,principal
5200,0,0,0.02894707871248279,probability_native,0.02894707871248279,u_185bda853c58829d,0,1,official,principal
970,1,1,0.999783456922282,probability_native,0.999783456922282,u_185bda853c58829d,0,1,official,principal
4286,0,1,0.998859214635176,probability_native,0.998859214635176,u_185bda853c58829d,0,1,official,principal
5898,0,0,1.5124991609449488e-07,probability_native,1.5124991609449488e-07,u_185bda853c58829d,0,1,official,principal
1629,0,0,1.5401839391091798e-09,probability_native,1.5401839391091798e-09,u_185bda853c58829d,0,1,official,principal
5021,0,0,0.004396974021043325,probability_native,0.004396974021043325,u_185bda853c58829d,0,1,official,principal
5636,1,1,0.9743719990285424,probability_native,0.9743719990285424,u_185bda853c58829d,0,1,official,principal
1432,0,0,0.0005693756466218818,probability_native,0.0005693756466218818,u_185bda853c58829d,0,1,official,principal
4211,1,1,0.9974297957040028,probability_native,0.9974297957040028,u_185bda853c58829d,0,1,official,principal
1780,1,0,3.820748930197457e-06,probability_native,3.820748930197457e-06,u_185bda853c58829d,0,1,official,principal
5575,0,0,1.781431350538964e-05,probability_native,1.781431350538964e-05,u_185bda853c58829d,0,1,official,principal
62,0,0,2.059254377784638e-10,probability_native,2.059254377784638e-10,u_185bda853c58829d,0,1,official,principal
1031,0,0,0.44114481840975883,probability_native,0.44114481840975883,u_185bda853c58829d,0,1,official,principal
3439,1,0,4.403961078982231e-07,probability_native,4.403961078982231e-07,u_185bda853c58829d,0,1,official,principal
3902,0,0,0.11960307530097126,probability_native,0.11960307530097126,u_185bda853c58829d,0,1,official,principal
6212,0,1,0.5414443101970879,probability_native,0.5414443101970879,u_185bda853c58829d,0,1,official,principal
65,0,1,0.9965538794970784,probability_native,0.9965538794970784,u_185bda853c58829d,0,1,official,principal
2459,0,0,0.0005124852321566772,probability_native,0.0005124852321566772,u_185bda853c58829d,0,1,official,principal
6233,0,0,0.0004983994271597755,probability_native,0.0004983994271597755,u_185bda853c58829d,0,1,official,principal
4875,1,1,0.8731371747710879,probability_native,0.8731371747710879,u_185bda853c58829d,0,1,official,principal
3415,1,0,0.1413346938105843,probability_native,0.1413346938105843,u_185bda853c58829d,0,1,official,principal
5796,0,0,3.8607712592828926e-10,probability_native,3.8607712592828926e-10,u_185bda853c58829d,0,1,official,principal
3725,1,1,0.9966336335200535,probability_native,0.9966336335200535,u_185bda853c58829d,0,1,official,principal
521,0,1,0.9985376192416183,probability_native,0.9985376192416183,u_185bda853c58829d,0,1,official,principal
3648,0,0,0.4079135866213998,probability_native,0.4079135866213998,u_185bda853c58829d,0,1,official,principal
6757,1,0,0.0018304930066567345,probability_native,0.0018304930066567345,u_185bda853c58829d,0,1,official,principal
340,0,1,0.8705163618414604,probability_native,0.8705163618414604,u_185bda853c58829d,0,1,official,principal
4899,1,1,0.9648503179494169,probability_native,0.9648503179494169,u_185bda853c58829d,0,1,official,principal
4383,0,0,2.1891987852888406e-05,probability_native,2.1891987852888406e-05,u_185bda853c58829d,0,1,official,principal
3796,1,1,0.9965186012939483,probability_native,0.9965186012939483,u_185bda853c58829d,0,1,official,principal
4021,1,0,0.00014953296152098552,probability_native,0.00014953296152098552,u_185bda853c58829d,0,1,official,principal
434,0,0,2.0482391045518265e-10,probability_native,2.0482391045518265e-10,u_185bda853c58829d,0,1,official,principal
4625,0,1,0.9997715135426095,probability_native,0.9997715135426095,u_185bda853c58829d,0,1,official,principal
4800,1,1,0.9999938831945157,probability_native,0.9999938831945157,u_185bda853c58829d,0,1,official,principal
98,0,0,1.1576820899434406e-11,probability_native,1.1576820899434406e-11,u_185bda853c58829d,0,1,official,principal
4410,0,1,0.9980294811825338,probability_native,0.9980294811825338,u_185bda853c58829d,0,1,official,principal
6381,0,0,8.289692010516766e-05,probability_native,8.289692010516766e-05,u_185bda853c58829d,0,1,official,principal
1291,1,1,0.9911214104171979,probability_native,0.9911214104171979,u_185bda853c58829d,0,1,official,principal
526,0,0,1.013716387909368e-10,probability_native,1.013716387909368e-10,u_185bda853c58829d,0,1,official,principal
5101,0,1,0.947869595272317,probability_native,0.947869595272317,u_185bda853c58829d,0,1,official,principal
822,0,1,0.8967296540933736,probability_native,0.8967296540933736,u_185bda853c58829d,0,1,official,principal
2788,0,0,0.0002694418822642845,probability_native,0.0002694418822642845,u_185bda853c58829d,0,1,official,principal
3641,0,0,2.1878803677664627e-07,probability_native,2.1878803677664627e-07,u_185bda853c58829d,0,1,official,principal
5732,0,1,0.999856911665608,probability_native,0.999856911665608,u_185bda853c58829d,0,1,official,principal
4809,0,0,0.0028570360864141157,probability_native,0.0028570360864141157,u_185bda853c58829d,0,1,official,principal
712,0,0,4.448811245995766e-12,probability_native,4.448811245995766e-12,u_185bda853c58829d,0,1,official,principal
6854,0,0,0.0004296700805900082,probability_native,0.0004296700805900082,u_185bda853c58829d,0,1,official,principal
2567,1,1,0.9748548599143596,probability_native,0.9748548599143596,u_185bda853c58829d,0,1,official,principal
5341,1,1,0.99966725858888,probability_native,0.99966725858888,u_185bda853c58829d,0,1,official,principal
3424,1,1,0.9999234982729478,probability_native,0.9999234982729478,u_185bda853c58829d,0,1,official,principal
2468,1,1,0.9921182220939735,probability_native,0.9921182220939735,u_185bda853c58829d,0,1,official,principal
5970,0,1,0.9989575892563087,probability_native,0.9989575892563087,u_185bda853c58829d,0,1,official,principal
692,0,0,9.550652007097146e-08,probability_native,9.550652007097146e-08,u_185bda853c58829d,0,1,official,principal
5857,1,1,0.9913030307390046,probability_native,0.9913030307390046,u_185bda853c58829d,0,1,official,principal
4109,1,1,0.9771768891791403,probability_native,0.9771768891791403,u_185bda853c58829d,0,1,official,principal
1074,0,0,0.0005790798922199011,probability_native,0.0005790798922199011,u_185bda853c58829d,0,1,official,principal
4229,0,0,5.615399158165521e-10,probability_native,5.615399158165521e-10,u_185bda853c58829d,0,1,official,principal
5475,1,0,0.07270850778848652,probability_native,0.07270850778848652,u_185bda853c58829d,0,1,official,principal
2226,0,0,8.122582323084642e-11,probability_native,8.122582323084642e-11,u_185bda853c58829d,0,1,official,principal
4358,0,1,0.6875568193650267,probability_native,0.6875568193650267,u_185bda853c58829d,0,1,official,principal
475,1,1,0.9995198259447277,probability_native,0.9995198259447277,u_185bda853c58829d,0,1,official,principal
7013,0,1,0.9918410695020056,probability_native,0.9918410695020056,u_185bda853c58829d,0,1,official,principal
6037,0,1,0.8930042342686868,probability_native,0.8930042342686868,u_185bda853c58829d,0,1,official,principal
2478,0,1,0.8542392600279112,probability_native,0.8542392600279112,u_185bda853c58829d,0,1,official,principal
32,0,0,0.00010216599633538291,probability_native,0.00010216599633538291,u_185bda853c58829d,0,1,official,principal
3804,0,1,0.9990792273303222,probability_native,0.9990792273303222,u_185bda853c58829d,0,1,official,principal
3585,0,0,0.07195762941433548,probability_native,0.07195762941433548,u_185bda853c58829d,0,1,official,principal
2266,0,0,0.1086812012247964,probability_native,0.1086812012247964,u_185bda853c58829d,0,1,official,principal
4006,0,0,6.340084232186492e-14,probability_native,6.340084232186492e-14,u_185bda853c58829d,0,1,official,principal
3731,0,1,0.9998183484009859,probability_native,0.9998183484009859,u_185bda853c58829d,0,1,official,principal
5505,0,0,6.347355659070952e-05,probability_native,6.347355659070952e-05,u_185bda853c58829d,0,1,official,principal
1942,0,0,1.3579831888843805e-12,probability_native,1.3579831888843805e-12,u_185bda853c58829d,0,1,official,principal
5951,0,1,0.7352119165020707,probability_native,0.7352119165020707,u_185bda853c58829d,0,1,official,principal
2109,0,0,6.827877601860138e-11,probability_native,6.827877601860138e-11,u_185bda853c58829d,0,1,official,principal
1157,0,0,0.06939359221013315,probability_native,0.06939359221013315,u_185bda853c58829d,0,1,official,principal
694,0,0,0.00014432379444215892,probability_native,0.00014432379444215892,u_185bda853c58829d,0,1,official,principal
4170,0,0,2.5796424018116643e-10,probability_native,2.5796424018116643e-10,u_185bda853c58829d,0,1,official,principal
988,0,0,3.6977867570959194e-05,probability_native,3.6977867570959194e-05,u_185bda853c58829d,0,1,official,principal
2807,0,0,1.4945191931743144e-06,probability_native,1.4945191931743144e-06,u_185bda853c58829d,0,1,official,principal
977,0,1,0.9993878020504287,probability_native,0.9993878020504287,u_185bda853c58829d,0,1,official,principal
1474,0,1,0.8511871104838767,probability_native,0.8511871104838767,u_185bda853c58829d,0,1,official,principal
455,0,1,0.999664619839362,probability_native,0.999664619839362,u_185bda853c58829d,0,1,official,principal
256,0,0,2.382199331507214e-11,probability_native,2.382199331507214e-11,u_185bda853c58829d,0,1,official,principal
637,0,0,2.1658077253505168e-11,probability_native,2.1658077253505168e-11,u_185bda853c58829d,0,1,official,principal
6822,1,1,0.9933905841005893,probability_native,0.9933905841005893,u_185bda853c58829d,0,1,official,principal
3196,0,0,1.1933566848382056e-05,probability_native,1.1933566848382056e-05,u_185bda853c58829d,0,1,official,principal
2019,1,0,0.0773829772309259,probability_native,0.0773829772309259,u_185bda853c58829d,0,1,official,principal
498,1,1,0.9795921344662613,probability_native,0.9795921344662613,u_185bda853c58829d,0,1,official,principal
1963,0,1,0.9954918619266094,probability_native,0.9954918619266094,u_185bda853c58829d,0,1,official,principal
4124,0,1,0.9999731140266988,probability_native,0.9999731140266988,u_185bda853c58829d,0,1,official,principal
1842,0,1,0.9663752323001066,probability_native,0.9663752323001066,u_185bda853c58829d,0,1,official,principal
1571,0,0,8.69486974208913e-05,probability_native,8.69486974208913e-05,u_185bda853c58829d,0,1,official,principal
1933,0,0,2.3765573513275492e-05,probability_native,2.3765573513275492e-05,u_185bda853c58829d,0,1,official,principal
1297,0,1,0.9994975838952667,probability_native,0.9994975838952667,u_185bda853c58829d,0,1,official,principal
3333,0,0,9.836912074723116e-12,probability_native,9.836912074723116e-12,u_185bda853c58829d,0,1,official,principal
6016,1,0,0.02719730921120844,probability_native,0.02719730921120844,u_185bda853c58829d,0,1,official,principal
5503,0,0,8.964092033827929e-07,probability_native,8.964092033827929e-07,u_185bda853c58829d,0,1,official,principal
1888,0,0,0.10077056919753163,probability_native,0.10077056919753163,u_185bda853c58829d,0,1,official,principal
4745,0,1,0.9991666994129742,probability_native,0.9991666994129742,u_185bda853c58829d,0,1,official,principal
6713,0,1,0.9953565046343629,probability_native,0.9953565046343629,u_185bda853c58829d,0,1,official,principal
5740,0,0,3.986239935673817e-12,probability_native,3.986239935673817e-12,u_185bda853c58829d,0,1,official,principal
2871,1,1,0.9997747591026614,probability_native,0.9997747591026614,u_185bda853c58829d,0,1,official,principal
4608,0,0,8.702703771183965e-07,probability_native,8.702703771183965e-07,u_185bda853c58829d,0,1,official,principal
5033,0,0,0.0017240788535862468,probability_native,0.0017240788535862468,u_185bda853c58829d,0,1,official,principal
2216,0,1,0.6975261880628691,probability_native,0.6975261880628691,u_185bda853c58829d,0,1,official,principal
3314,0,1,0.7278958638937364,probability_native,0.7278958638937364,u_185bda853c58829d,0,1,official,principal
1240,0,0,0.0009953137263068383,probability_native,0.0009953137263068383,u_185bda853c58829d,0,1,official,principal
320,1,0,0.01910278353312678,probability_native,0.01910278353312678,u_185bda853c58829d,0,1,official,principal
2058,0,0,5.435938900671881e-10,probability_native,5.435938900671881e-10,u_185bda853c58829d,0,1,official,principal
1628,0,1,0.9998692655488473,probability_native,0.9998692655488473,u_185bda853c58829d,0,1,official,principal
1726,0,1,0.9569589600531283,probability_native,0.9569589600531283,u_185bda853c58829d,0,1,official,principal
413,0,1,0.9719327074407462,probability_native,0.9719327074407462,u_185bda853c58829d,0,1,official,principal
5373,0,0,7.436034164409982e-08,probability_native,7.436034164409982e-08,u_185bda853c58829d,0,1,official,principal
3973,0,0,6.819501736371463e-05,probability_native,6.819501736371463e-05,u_185bda853c58829d,0,1,official,principal
3381,0,0,0.027333678810370004,probability_native,0.027333678810370004,u_185bda853c58829d,0,1,official,principal
1601,0,1,0.7968754056434647,probability_native,0.7968754056434647,u_185bda853c58829d,0,1,official,principal
6568,0,0,1.5157762229728942e-12,probability_native,1.5157762229728942e-12,u_185bda853c58829d,0,1,official,principal
2853,0,0,0.32014311771315873,probability_native,0.32014311771315873,u_185bda853c58829d,0,1,official,principal
820,0,1,0.8921529613830145,probability_native,0.8921529613830145,u_185bda853c58829d,0,1,official,principal
1538,1,1,0.9996574330258973,probability_native,0.9996574330258973,u_185bda853c58829d,0,1,official,principal
3507,0,0,0.00047492247195529306,probability_native,0.00047492247195529306,u_185bda853c58829d,0,1,official,principal
6223,1,1,0.9971508368898743,probability_native,0.9971508368898743,u_185bda853c58829d,0,1,official,principal
3373,1,1,0.9996842256457316,probability_native,0.9996842256457316,u_185bda853c58829d,0,1,official,principal
5765,1,0,0.007617707564141345,probability_native,0.007617707564141345,u_185bda853c58829d,0,1,official,principal
2055,0,0,0.27336408314892013,probability_native,0.27336408314892013,u_185bda853c58829d,0,1,official,principal
1698,0,0,2.124159469041426e-08,probability_native,2.124159469041426e-08,u_185bda853c58829d,0,1,official,principal
5568,0,0,0.07427522075432293,probability_native,0.07427522075432293,u_185bda853c58829d,0,1,official,principal
1124,0,1,0.9695852802671506,probability_native,0.9695852802671506,u_185bda853c58829d,0,1,official,principal
2140,1,1,0.5253390037501959,probability_native,0.5253390037501959,u_185bda853c58829d,0,1,official,principal
4240,1,1,0.9997995886540366,probability_native,0.9997995886540366,u_185bda853c58829d,0,1,official,principal
5345,1,1,0.9977621727454641,probability_native,0.9977621727454641,u_185bda853c58829d,0,1,official,principal
710,1,0,0.0004999786769037935,probability_native,0.0004999786769037935,u_185bda853c58829d,0,1,official,principal
1011,0,0,1.131684912770156e-11,probability_native,1.131684912770156e-11,u_185bda853c58829d,0,1,official,principal
4208,0,0,0.00016574735681966696,probability_native,0.00016574735681966696,u_185bda853c58829d,0,1,official,principal
4245,0,0,1.1728941272368699e-13,probability_native,1.1728941272368699e-13,u_185bda853c58829d,0,1,official,principal
3700,1,0,0.003032774703105915,probability_native,0.003032774703105915,u_185bda853c58829d,0,1,official,principal
3627,0,0,6.568928253730192e-06,probability_native,6.568928253730192e-06,u_185bda853c58829d,0,1,official,principal
4971,0,0,0.0012156352869787627,probability_native,0.0012156352869787627,u_185bda853c58829d,0,1,official,principal
3728,0,0,0.0014160686521874984,probability_native,0.0014160686521874984,u_185bda853c58829d,0,1,official,principal
2634,1,1,0.9990108463429105,probability_native,0.9990108463429105,u_185bda853c58829d,0,1,official,principal
2082,0,0,8.408413803800533e-05,probability_native,8.408413803800533e-05,u_185bda853c58829d,0,1,official,principal
1716,0,1,0.9192656895428646,probability_native,0.9192656895428646,u_185bda853c58829d,0,1,official,principal
3068,0,0,0.008925072277022382,probability_native,0.008925072277022382,u_185bda853c58829d,0,1,official,principal
494,0,0,0.0005421124960142987,probability_native,0.0005421124960142987,u_185bda853c58829d,0,1,official,principal
4304,0,0,1.9042076706446107e-07,probability_native,1.9042076706446107e-07,u_185bda853c58829d,0,1,official,principal
5139,0,0,5.48583243356478e-13,probability_native,5.48583243356478e-13,u_185bda853c58829d,0,1,official,principal
4412,0,0,2.967613666123585e-06,probability_native,2.967613666123585e-06,u_185bda853c58829d,0,1,official,principal
4671,1,1,0.9997754412444825,probability_native,0.9997754412444825,u_185bda853c58829d,0,1,official,principal
2719,0,0,1.4390204410003647e-09,probability_native,1.4390204410003647e-09,u_185bda853c58829d,0,1,official,principal
1177,0,0,2.624452454239567e-08,probability_native,2.624452454239567e-08,u_185bda853c58829d,0,1,official,principal
55,1,1,0.9999884176816586,probability_native,0.9999884176816586,u_185bda853c58829d,0,1,official,principal
1135,0,0,6.723160624055877e-09,probability_native,6.723160624055877e-09,u_185bda853c58829d,0,1,official,principal
5308,0,0,4.185226375364104e-10,probability_native,4.185226375364104e-10,u_185bda853c58829d,0,1,official,principal
4697,0,1,0.9449518293171694,probability_native,0.9449518293171694,u_185bda853c58829d,0,1,official,principal
1326,0,0,0.00029109541470168136,probability_native,0.00029109541470168136,u_185bda853c58829d,0,1,official,principal
3697,0,1,0.9172086658251487,probability_native,0.9172086658251487,u_185bda853c58829d,0,1,official,principal
5589,1,0,2.0045636908375134e-09,probability_native,2.0045636908375134e-09,u_185bda853c58829d,0,1,official,principal
4192,0,0,1.6638886003727534e-05,probability_native,1.6638886003727534e-05,u_185bda853c58829d,0,1,official,principal
5174,1,1,0.9977669785952036,probability_native,0.9977669785952036,u_185bda853c58829d,0,1,official,principal
6354,0,0,0.0012024249649246986,probability_native,0.0012024249649246986,u_185bda853c58829d,0,1,official,principal
551,0,0,1.6815381049608642e-10,probability_native,1.6815381049608642e-10,u_185bda853c58829d,0,1,official,principal
6662,0,0,2.6803539301333826e-05,probability_native,2.6803539301333826e-05,u_185bda853c58829d,0,1,official,principal
1370,0,0,1.4100582458846625e-10,probability_native,1.4100582458846625e-10,u_185bda853c58829d,0,1,official,principal
2928,0,0,1.938510005154868e-10,probability_native,1.938510005154868e-10,u_185bda853c58829d,0,1,official,principal
3270,0,1,0.9953384594510083,probability_native,0.9953384594510083,u_185bda853c58829d,0,1,official,principal
2328,0,1,0.9975556323381052,probability_native,0.9975556323381052,u_185bda853c58829d,0,1,official,principal
5836,0,0,9.626052968806549e-06,probability_native,9.626052968806549e-06,u_185bda853c58829d,0,1,official,principal
925,0,0,0.02090683015470151,probability_native,0.02090683015470151,u_185bda853c58829d,0,1,official,principal
1819,0,0,2.125955137301499e-11,probability_native,2.125955137301499e-11,u_185bda853c58829d,0,1,official,principal
546,1,1,0.8069370640059114,probability_native,0.8069370640059114,u_185bda853c58829d,0,1,official,principal
2101,1,0,0.28391738308546055,probability_native,0.28391738308546055,u_185bda853c58829d,0,1,official,principal
828,1,0,0.0323422243351849,probability_native,0.0323422243351849,u_185bda853c58829d,0,1,official,principal
335,1,0,0.0004999952701538295,probability_native,0.0004999952701538295,u_185bda853c58829d,0,1,official,principal
4,1,1,0.9998198636308188,probability_native,0.9998198636308188,u_185bda853c58829d,0,1,official,principal
6421,0,0,3.3836640534317287e-09,probability_native,3.3836640534317287e-09,u_185bda853c58829d,0,1,official,principal
5785,0,0,1.3484270529697855e-12,probability_native,1.3484270529697855e-12,u_185bda853c58829d,0,1,official,principal
5243,0,0,0.29062565922597977,probability_native,0.29062565922597977,u_185bda853c58829d,0,1,official,principal
6372,0,0,7.250025375130965e-13,probability_native,7.250025375130965e-13,u_185bda853c58829d,0,1,official,principal
6542,1,1,0.9965058995060012,probability_native,0.9965058995060012,u_185bda853c58829d,0,1,official,principal
2048,1,1,0.999861829396228,probability_native,0.999861829396228,u_185bda853c58829d,0,1,official,principal
440,0,1,0.9400472528037513,probability_native,0.9400472528037513,u_185bda853c58829d,0,1,official,principal
4913,0,0,6.3938511956554354e-09,probability_native,6.3938511956554354e-09,u_185bda853c58829d,0,1,official,principal
3233,0,1,0.9920082613066529,probability_native,0.9920082613066529,u_185bda853c58829d,0,1,official,principal
2476,0,0,3.5174896614252724e-10,probability_native,3.5174896614252724e-10,u_185bda853c58829d,0,1,official,principal
1535,0,1,0.9421967131673177,probability_native,0.9421967131673177,u_185bda853c58829d,0,1,official,principal
4418,1,0,8.966926291386335e-05,probability_native,8.966926291386335e-05,u_185bda853c58829d,0,1,official,principal
2027,0,0,2.3780443076500442e-06,probability_native,2.3780443076500442e-06,u_185bda853c58829d,0,1,official,principal
3532,1,1,0.9976810926509189,probability_native,0.9976810926509189,u_185bda853c58829d,0,1,official,principal
3254,0,1,0.9999644018908528,probability_native,0.9999644018908528,u_185bda853c58829d,0,1,official,principal
2933,0,0,1.6570949334129218e-12,probability_native,1.6570949334129218e-12,u_185bda853c58829d,0,1,official,principal
3060,0,0,0.00839152446695591,probability_native,0.00839152446695591,u_185bda853c58829d,0,1,official,principal
108,0,0,0.39316755264391323,probability_native,0.39316755264391323,u_185bda853c58829d,0,1,official,principal
1332,0,0,5.410662490207368e-12,probability_native,5.410662490207368e-12,u_185bda853c58829d,0,1,official,principal
4580,0,0,1.0402119835598465e-13,probability_native,1.0402119835598465e-13,u_185bda853c58829d,0,1,official,principal
5751,0,0,1.4079382266040744e-12,probability_native,1.4079382266040744e-12,u_185bda853c58829d,0,1,official,principal
2160,0,0,1.2446263601179004e-10,probability_native,1.2446263601179004e-10,u_185bda853c58829d,0,1,official,principal
6060,0,1,0.999974778442812,probability_native,0.999974778442812,u_185bda853c58829d,0,1,official,principal
5201,0,0,0.0005375538446152991,probability_native,0.0005375538446152991,u_185bda853c58829d,0,1,official,principal
505,1,1,0.9999508701825384,probability_native,0.9999508701825384,u_185bda853c58829d,0,1,official,principal
4476,1,0,0.0005446604049687354,probability_native,0.0005446604049687354,u_185bda853c58829d,0,1,official,principal
97,1,0,0.000572351961727926,probability_native,0.000572351961727926,u_185bda853c58829d,0,1,official,principal
512,1,1,0.9999504083161262,probability_native,0.9999504083161262,u_185bda853c58829d,0,1,official,principal
2326,0,0,9.94190740546091e-05,probability_native,9.94190740546091e-05,u_185bda853c58829d,0,1,official,principal
4961,0,1,0.9359114291602918,probability_native,0.9359114291602918,u_185bda853c58829d,0,1,official,principal
4981,1,1,0.9960014950683875,probability_native,0.9960014950683875,u_185bda853c58829d,0,1,official,principal
6918,1,0,0.38968705185404645,probability_native,0.38968705185404645,u_185bda853c58829d,0,1,official,principal
1311,0,0,0.000547508994833433,probability_native,0.000547508994833433,u_185bda853c58829d,0,1,official,principal
4104,0,1,0.9447056120914739,probability_native,0.9447056120914739,u_185bda853c58829d,0,1,official,principal
3005,0,0,0.006551671533331139,probability_native,0.006551671533331139,u_185bda853c58829d,0,1,official,principal
4794,0,0,0.0005733048494665929,probability_native,0.0005733048494665929,u_185bda853c58829d,0,1,official,principal
3055,1,0,0.3022481141484442,probability_native,0.3022481141484442,u_185bda853c58829d,0,1,official,principal
1662,1,1,0.9997732790549596,probability_native,0.9997732790549596,u_185bda853c58829d,0,1,official,principal
2857,0,0,2.7245748361474968e-09,probability_native,2.7245748361474968e-09,u_185bda853c58829d,0,1,official,principal
2174,0,0,1.9615626460179633e-06,probability_native,1.9615626460179633e-06,u_185bda853c58829d,0,1,official,principal
6390,0,0,0.00446936909560451,probability_native,0.00446936909560451,u_185bda853c58829d,0,1,official,principal
362,0,0,0.0006862590483215556,probability_native,0.0006862590483215556,u_185bda853c58829d,0,1,official,principal
4624,1,1,0.9998990196961314,probability_native,0.9998990196961314,u_185bda853c58829d,0,1,official,principal
46,0,1,0.7761599135505381,probability_native,0.7761599135505381,u_185bda853c58829d,0,1,official,principal
236,0,0,2.4917377078239787e-08,probability_native,2.4917377078239787e-08,u_185bda853c58829d,0,1,official,principal
3460,0,0,0.45353583293880095,probability_native,0.45353583293880095,u_185bda853c58829d,0,1,official,principal
2910,0,0,1.51344675562349e-12,probability_native,1.51344675562349e-12,u_185bda853c58829d,0,1,official,principal
5135,0,0,0.008632979119334808,probability_native,0.008632979119334808,u_185bda853c58829d,0,1,official,principal
6340,0,1,0.9319594381724089,probability_native,0.9319594381724089,u_185bda853c58829d,0,1,official,principal
95,1,1,0.9989206312198463,probability_native,0.9989206312198463,u_185bda853c58829d,0,1,official,principal
3853,0,1,0.9720880125174012,probability_native,0.9720880125174012,u_185bda853c58829d,0,1,official,principal
5157,0,0,3.2258977366416447e-09,probability_native,3.2258977366416447e-09,u_185bda853c58829d,0,1,official,principal
6366,0,0,2.9481244853764817e-09,probability_native,2.9481244853764817e-09,u_185bda853c58829d,0,1,official,principal
5023,1,1,0.9998072803570754,probability_native,0.9998072803570754,u_185bda853c58829d,0,1,official,principal
2898,0,0,2.661922376265309e-08,probability_native,2.661922376265309e-08,u_185bda853c58829d,0,1,official,principal
4241,1,0,0.0274161417595294,probability_native,0.0274161417595294,u_185bda853c58829d,0,1,official,principal
1082,0,0,4.611444264509555e-12,probability_native,4.611444264509555e-12,u_185bda853c58829d,0,1,official,principal
3760,0,1,0.9858133551202607,probability_native,0.9858133551202607,u_185bda853c58829d,0,1,official,principal
1427,0,1,0.9988952896137353,probability_native,0.9988952896137353,u_185bda853c58829d,0,1,official,principal
1071,1,1,0.7701531012350493,probability_native,0.7701531012350493,u_185bda853c58829d,0,1,official,principal
2944,0,0,0.46613635851714214,probability_native,0.46613635851714214,u_185bda853c58829d,0,1,official,principal
919,0,0,0.38450651142590025,probability_native,0.38450651142590025,u_185bda853c58829d,0,1,official,principal
5271,0,1,0.5056564648114031,probability_native,0.5056564648114031,u_185bda853c58829d,0,1,official,principal
4967,1,1,0.9949551293925487,probability_native,0.9949551293925487,u_185bda853c58829d,0,1,official,principal
3452,0,1,0.9453431022099327,probability_native,0.9453431022099327,u_185bda853c58829d,0,1,official,principal
7032,1,1,0.9999827409334284,probability_native,0.9999827409334284,u_185bda853c58829d,0,1,official,principal
1455,0,0,9.905761851747133e-09,probability_native,9.905761851747133e-09,u_185bda853c58829d,0,1,official,principal
3330,1,1,0.9997585671347575,probability_native,0.9997585671347575,u_185bda853c58829d,0,1,official,principal
2429,0,0,0.012684254097640943,probability_native,0.012684254097640943,u_185bda853c58829d,0,1,official,principal
2187,0,0,4.404238911057077e-09,probability_native,4.404238911057077e-09,u_185bda853c58829d,0,1,official,principal
5776,0,0,7.008473630145417e-10,probability_native,7.008473630145417e-10,u_185bda853c58829d,0,1,official,principal
6449,0,0,0.0004999786769037935,probability_native,0.0004999786769037935,u_185bda853c58829d,0,1,official,principal
3247,0,0,1.69967509877336e-08,probability_native,1.69967509877336e-08,u_185bda853c58829d,0,1,official,principal
4499,1,1,0.9933575637877887,probability_native,0.9933575637877887,u_185bda853c58829d,0,1,official,principal
927,1,1,0.9994240271261497,probability_native,0.9994240271261497,u_185bda853c58829d,0,1,official,principal
5343,0,0,9.641985658083676e-11,probability_native,9.641985658083676e-11,u_185bda853c58829d,0,1,official,principal
7040,0,0,0.36211252625612433,probability_native,0.36211252625612433,u_185bda853c58829d,0,1,official,principal
2925,0,0,0.0019163249090148233,probability_native,0.0019163249090148233,u_185bda853c58829d,0,1,official,principal
6698,0,0,0.055885248549569,probability_native,0.055885248549569,u_185bda853c58829d,0,1,official,principal
6582,0,0,2.678303828030681e-09,probability_native,2.678303828030681e-09,u_185bda853c58829d,0,1,official,principal
2784,1,1,0.9842093871954972,probability_native,0.9842093871954972,u_185bda853c58829d,0,1,official,principal
3990,0,1,0.9999134831317475,probability_native,0.9999134831317475,u_185bda853c58829d,0,1,official,principal
3223,0,0,0.0705407016714432,probability_native,0.0705407016714432,u_185bda853c58829d,0,1,official,principal
2176,0,0,9.105595173058864e-14,probability_native,9.105595173058864e-14,u_185bda853c58829d,0,1,official,principal
160,0,1,0.868587545963891,probability_native,0.868587545963891,u_185bda853c58829d,0,1,official,principal
806,0,0,0.1775819510482312,probability_native,0.1775819510482312,u_185bda853c58829d,0,1,official,principal
1708,1,1,0.9967763925777369,probability_native,0.9967763925777369,u_185bda853c58829d,0,1,official,principal
5925,0,1,0.6952239751047343,probability_native,0.6952239751047343,u_185bda853c58829d,0,1,official,principal
3539,1,1,0.9510635171422318,probability_native,0.9510635171422318,u_185bda853c58829d,0,1,official,principal
5760,0,1,0.999685494089595,probability_native,0.999685494089595,u_185bda853c58829d,0,1,official,principal
7025,0,1,0.9945791421719378,probability_native,0.9945791421719378,u_185bda853c58829d,0,1,official,principal
4979,0,0,1.2380097607480708e-12,probability_native,1.2380097607480708e-12,u_185bda853c58829d,0,1,official,principal
258,1,1,0.6625094201450175,probability_native,0.6625094201450175,u_185bda853c58829d,0,1,official,principal
2313,0,0,0.005706785053920087,probability_native,0.005706785053920087,u_185bda853c58829d,0,1,official,principal
4768,0,0,1.3683868508190555e-13,probability_native,1.3683868508190555e-13,u_185bda853c58829d,0,1,official,principal
6401,1,0,0.1159369773884407,probability_native,0.1159369773884407,u_185bda853c58829d,0,1,official,principal
1889,0,1,0.5894065525855962,probability_native,0.5894065525855962,u_185bda853c58829d,0,1,official,principal
3914,0,0,2.7470477204803376e-06,probability_native,2.7470477204803376e-06,u_185bda853c58829d,0,1,official,principal
5220,0,0,0.00044202371659219974,probability_native,0.00044202371659219974,u_185bda853c58829d,0,1,official,principal
1924,0,1,0.9941929703877393,probability_native,0.9941929703877393,u_185bda853c58829d,0,1,official,principal
3458,1,1,0.9990378556426823,probability_native,0.9990378556426823,u_185bda853c58829d,0,1,official,principal
3901,0,0,1.693598133991175e-08,probability_native,1.693598133991175e-08,u_185bda853c58829d,0,1,official,principal
6743,0,0,0.04452838723496286,probability_native,0.04452838723496286,u_185bda853c58829d,0,1,official,principal
5758,0,0,6.438667158040729e-06,probability_native,6.438667158040729e-06,u_185bda853c58829d,0,1,official,principal
392,0,1,0.9995111888228114,probability_native,0.9995111888228114,u_185bda853c58829d,0,1,official,principal
6528,0,0,2.183243386857796e-14,probability_native,2.183243386857796e-14,u_185bda853c58829d,0,1,official,principal
5664,1,1,0.9985779596146374,probability_native,0.9985779596146374,u_185bda853c58829d,0,1,official,principal
2818,1,0,0.22395217049334645,probability_native,0.22395217049334645,u_185bda853c58829d,0,1,official,principal
2411,0,0,1.429049551458726e-08,probability_native,1.429049551458726e-08,u_185bda853c58829d,0,1,official,principal
5781,0,1,0.9979054235858015,probability_native,0.9979054235858015,u_185bda853c58829d,0,1,official,principal
5949,0,0,0.15726534894745337,probability_native,0.15726534894745337,u_185bda853c58829d,0,1,official,principal
1659,0,0,5.125740647190617e-11,probability_native,5.125740647190617e-11,u_185bda853c58829d,0,1,official,principal
347,0,0,1.1907277542471328e-12,probability_native,1.1907277542471328e-12,u_185bda853c58829d,0,1,official,principal
4142,0,0,2.2422227548333003e-05,probability_native,2.2422227548333003e-05,u_185bda853c58829d,0,1,official,principal
2417,0,1,0.7172561752952391,probability_native,0.7172561752952391,u_185bda853c58829d,0,1,official,principal
373,0,0,0.0005840670398152512,probability_native,0.0005840670398152512,u_185bda853c58829d,0,1,official,principal
6921,0,1,0.9744904601873476,probability_native,0.9744904601873476,u_185bda853c58829d,0,1,official,principal
5543,0,1,0.9987190784402158,probability_native,0.9987190784402158,u_185bda853c58829d,0,1,official,principal
4032,0,1,0.9436481217872981,probability_native,0.9436481217872981,u_185bda853c58829d,0,1,official,principal
6261,0,0,4.342920891643771e-13,probability_native,4.342920891643771e-13,u_185bda853c58829d,0,1,official,principal
2623,0,1,0.5292083501293887,probability_native,0.5292083501293887,u_185bda853c58829d,0,1,official,principal
6843,1,1,0.9216232373252959,probability_native,0.9216232373252959,u_185bda853c58829d,0,1,official,principal
1618,1,1,0.9999654353776812,probability_native,0.9999654353776812,u_185bda853c58829d,0,1,official,principal
6917,0,0,1.7831956536160457e-08,probability_native,1.7831956536160457e-08,u_185bda853c58829d,0,1,official,principal
1605,0,0,1.3495923788924438e-12,probability_native,1.3495923788924438e-12,u_185bda853c58829d,0,1,official,principal
6963,0,1,0.9022501311247949,probability_native,0.9022501311247949,u_185bda853c58829d,0,1,official,principal
6493,0,0,0.12254829450484742,probability_native,0.12254829450484742,u_185bda853c58829d,0,1,official,principal
3000,1,1,0.9999012322154612,probability_native,0.9999012322154612,u_185bda853c58829d,0,1,official,principal
1665,0,1,0.999834045824204,probability_native,0.999834045824204,u_185bda853c58829d,0,1,official,principal
4232,1,1,0.9965357778168001,probability_native,0.9965357778168001,u_185bda853c58829d,0,1,official,principal
812,0,0,9.70082145168243e-11,probability_native,9.70082145168243e-11,u_185bda853c58829d,0,1,official,principal
5850,1,1,0.989745845709187,probability_native,0.989745845709187,u_185bda853c58829d,0,1,official,principal
5227,0,1,0.9998061917527378,probability_native,0.9998061917527378,u_185bda853c58829d,0,1,official,principal
992,0,0,6.822672499050025e-13,probability_native,6.822672499050025e-13,u_185bda853c58829d,0,1,official,principal
5782,1,1,0.9999729767186452,probability_native,0.9999729767186452,u_185bda853c58829d,0,1,official,principal
5144,0,1,0.9902021805584295,probability_native,0.9902021805584295,u_185bda853c58829d,0,1,official,principal
5506,0,0,0.0005319320767041928,probability_native,0.0005319320767041928,u_185bda853c58829d,0,1,official,principal
5693,0,0,4.537060283457126e-08,probability_native,4.537060283457126e-08,u_185bda853c58829d,0,1,official,principal
6540,0,0,0.13085847248135285,probability_native,0.13085847248135285,u_185bda853c58829d,0,1,official,principal
3396,0,0,0.00017716339353360532,probability_native,0.00017716339353360532,u_185bda853c58829d,0,1,official,principal
1551,0,0,3.0684715147618897e-11,probability_native,3.0684715147618897e-11,u_185bda853c58829d,0,1,official,principal
3873,0,0,5.5213343696875665e-11,probability_native,5.5213343696875665e-11,u_185bda853c58829d,0,1,official,principal
6649,0,0,1.2717385652037303e-05,probability_native,1.2717385652037303e-05,u_185bda853c58829d,0,1,official,principal
316,0,0,8.689649087954712e-13,probability_native,8.689649087954712e-13,u_185bda853c58829d,0,1,official,principal
5894,1,1,0.9274783175070073,probability_native,0.9274783175070073,u_185bda853c58829d,0,1,official,principal
341,0,0,2.4946008689569587e-11,probability_native,2.4946008689569587e-11,u_185bda853c58829d,0,1,official,principal
1471,0,1,0.8450482995505265,probability_native,0.8450482995505265,u_185bda853c58829d,0,1,official,principal
3488,0,1,0.9413199965104622,probability_native,0.9413199965104622,u_185bda853c58829d,0,1,official,principal
7012,0,0,2.705996811006964e-08,probability_native,2.705996811006964e-08,u_185bda853c58829d,0,1,official,principal
2052,0,1,0.991730323284746,probability_native,0.991730323284746,u_185bda853c58829d,0,1,official,principal
5916,0,0,2.1380908543567248e-10,probability_native,2.1380908543567248e-10,u_185bda853c58829d,0,1,official,principal
5293,0,0,0.25225122327895705,probability_native,0.25225122327895705,u_185bda853c58829d,0,1,official,principal
6084,0,1,0.9967141648960196,probability_native,0.9967141648960196,u_185bda853c58829d,0,1,official,principal
4246,0,0,1.3326919393304123e-08,probability_native,1.3326919393304123e-08,u_185bda853c58829d,0,1,official,principal
1093,0,0,8.414818043552207e-10,probability_native,8.414818043552207e-10,u_185bda853c58829d,0,1,official,principal
6695,0,0,8.211579773901158e-12,probability_native,8.211579773901158e-12,u_185bda853c58829d,0,1,official,principal
2220,0,0,1.2984067792217417e-09,probability_native,1.2984067792217417e-09,u_185bda853c58829d,0,1,official,principal
4369,1,1,0.8975928680168044,probability_native,0.8975928680168044,u_185bda853c58829d,0,1,official,principal
2071,0,0,1.851554901126664e-10,probability_native,1.851554901126664e-10,u_185bda853c58829d,0,1,official,principal
863,1,1,0.9998964516075634,probability_native,0.9998964516075634,u_185bda853c58829d,0,1,official,principal
544,1,0,0.0913569481253007,probability_native,0.0913569481253007,u_185bda853c58829d,0,1,official,principal
5830,0,0,4.319879247271552e-06,probability_native,4.319879247271552e-06,u_185bda853c58829d,0,1,official,principal
313,0,1,0.99993484104596,probability_native,0.99993484104596,u_185bda853c58829d,0,1,official,principal
649,0,1,0.9876816704510831,probability_native,0.9876816704510831,u_185bda853c58829d,0,1,official,principal
5388,1,0,4.033276957472737e-05,probability_native,4.033276957472737e-05,u_185bda853c58829d,0,1,official,principal
161,1,1,0.9889127710748594,probability_native,0.9889127710748594,u_185bda853c58829d,0,1,official,principal
3331,0,0,2.1595699322573166e-12,probability_native,2.1595699322573166e-12,u_185bda853c58829d,0,1,official,principal
5189,0,1,0.9907089830462903,probability_native,0.9907089830462903,u_185bda853c58829d,0,1,official,principal
4532,1,1,0.9996604057261754,probability_native,0.9996604057261754,u_185bda853c58829d,0,1,official,principal
4635,0,0,1.5678053797218431e-12,probability_native,1.5678053797218431e-12,u_185bda853c58829d,0,1,official,principal
3194,1,0,0.38403928824640254,probability_native,0.38403928824640254,u_185bda853c58829d,0,1,official,principal
