row_id,y_true,y_pred,score_positive,score_type,probability_native,unit_id,outer_fold,replicate,purpose,variant
3810,0,1,0.8869807308786053,probability_native,0.8869807308786053,u_ed1a8dfc72a2b260,2,1,official,principal
3938,0,1,0.6188372370851561,probability_native,0.6188372370851561,u_ed1a8dfc72a2b260,2,1,official,principal
2764,0,0,0.11050873816802212,probability_native,0.11050873816802212,u_ed1a8dfc72a2b260,2,1,official,principal
3113,0,1,0.9992407630113946,probability_native,0.9992407630113946,u_ed1a8dfc72a2b260,2,1,official,principal
4559,0,0,0.0037724808649195253,probability_native,0.0037724808649195253,u_ed1a8dfc72a2b260,2,1,official,principal
2935,0,0,9.24868344478637e-09,probability_native,9.24868344478637e-09,u_ed1a8dfc72a2b260,2,1,official,principal
1236,1,1,0.9998434290050735,probability_native,0.9998434290050735,u_ed1a8dfc72a2b260,2,1,official,principal
6780,0,1,0.5211867523843985,probability_native,0.5211867523843985,u_ed1a8dfc72a2b260,2,1,official,principal
2564,1,0,0.1025186457100956,probability_native,0.1025186457100956,u_ed1a8dfc72a2b260,2,1,official,principal
3128,0,0,0.00012356717475868264,probability_native,0.00012356717475868264,u_ed1a8dfc72a2b260,2,1,official,principal
645,1,1,0.9999619773537787,probability_native,0.9999619773537787,u_ed1a8dfc72a2b260,2,1,official,principal
6155,1,0,0.000770918031100063,probability_native,0.000770918031100063,u_ed1a8dfc72a2b260,2,1,official,principal
3716,1,1,0.9997002992222113,probability_native,0.9997002992222113,u_ed1a8dfc72a2b260,2,1,official,principal
2455,1,1,0.9987739568001005,probability_native,0.9987739568001005,u_ed1a8dfc72a2b260,2,1,official,principal
6812,0,1,0.9367504040734767,probability_native,0.9367504040734767,u_ed1a8dfc72a2b260,2,1,official,principal
2189,0,0,1.6576667348081438e-11,probability_native,1.6576667348081438e-11,u_ed1a8dfc72a2b260,2,1,official,principal
4095,0,1,0.9150269749656122,probability_native,0.9150269749656122,u_ed1a8dfc72a2b260,2,1,official,principal
5786,0,0,2.3328363165511053e-09,probability_native,2.3328363165511053e-09,u_ed1a8dfc72a2b260,2,1,official,principal
3948,0,0,0.0503975630323067,probability_native,0.0503975630323067,u_ed1a8dfc72a2b260,2,1,official,principal
5121,0,0,0.032108973512097023,probability_native,0.032108973512097023,u_ed1a8dfc72a2b260,2,1,official,principal
6944,0,0,0.004043448139743675,probability_native,0.004043448139743675,u_ed1a8dfc72a2b260,2,1,official,principal
3552,0,0,3.0193464757240843e-07,probability_native,3.0193464757240843e-07,u_ed1a8dfc72a2b260,2,1,official,principal
3101,0,1,0.890182480022891,probability_native,0.890182480022891,u_ed1a8dfc72a2b260,2,1,official,principal
2553,0,0,0.10586692910968132,probability_native,0.10586692910968132,u_ed1a8dfc72a2b260,2,1,official,principal
3070,0,0,0.019375856906534754,probability_native,0.019375856906534754,u_ed1a8dfc72a2b260,2,1,official,principal
4690,0,0,0.3208921716532364,probability_native,0.3208921716532364,u_ed1a8dfc72a2b260,2,1,official,principal
537,0,0,0.0022176667089366677,probability_native,0.0022176667089366677,u_ed1a8dfc72a2b260,2,1,official,principal
6228,0,0,7.122429499511546e-05,probability_native,7.122429499511546e-05,u_ed1a8dfc72a2b260,2,1,official,principal
465,0,0,1.4545446889450725e-08,probability_native,1.4545446889450725e-08,u_ed1a8dfc72a2b260,2,1,official,principal
1657,0,0,0.046196898535832406,probability_native,0.046196898535832406,u_ed1a8dfc72a2b260,2,1,official,principal
835,0,1,0.9312102870752768,probability_native,0.9312102870752768,u_ed1a8dfc72a2b260,2,1,official,principal
763,0,0,7.414258175405401e-10,probability_native,7.414258175405401e-10,u_ed1a8dfc72a2b260,2,1,official,principal
1002,0,1,0.9689102360815577,probability_native,0.9689102360815577,u_ed1a8dfc72a2b260,2,1,official,principal
6146,1,1,0.9994182636131244,probability_native,0.9994182636131244,u_ed1a8dfc72a2b260,2,1,official,principal
1720,0,1,0.9998442392000455,probability_native,0.9998442392000455,u_ed1a8dfc72a2b260,2,1,official,principal
1682,0,0,3.027617044149274e-07,probability_native,3.027617044149274e-07,u_ed1a8dfc72a2b260,2,1,official,principal
6715,0,1,0.9998235135183318,probability_native,0.9998235135183318,u_ed1a8dfc72a2b260,2,1,official,principal
3046,0,0,0.03941634861239478,probability_native,0.03941634861239478,u_ed1a8dfc72a2b260,2,1,official,principal
1957,0,1,0.6537490061654223,probability_native,0.6537490061654223,u_ed1a8dfc72a2b260,2,1,official,principal
3462,1,1,0.9983377579752376,probability_native,0.9983377579752376,u_ed1a8dfc72a2b260,2,1,official,principal
2655,1,1,0.9624231675783795,probability_native,0.9624231675783795,u_ed1a8dfc72a2b260,2,1,official,principal
6831,1,1,0.9998894323645937,probability_native,0.9998894323645937,u_ed1a8dfc72a2b260,2,1,official,principal
5825,1,1,0.9999350000946963,probability_native,0.9999350000946963,u_ed1a8dfc72a2b260,2,1,official,principal
5963,0,0,0.02576569482676087,probability_native,0.02576569482676087,u_ed1a8dfc72a2b260,2,1,official,principal
931,0,0,4.2837371157224406e-06,probability_native,4.2837371157224406e-06,u_ed1a8dfc72a2b260,2,1,official,principal
4680,0,1,0.8749812522819024,probability_native,0.8749812522819024,u_ed1a8dfc72a2b260,2,1,official,principal
940,0,0,1.2829225999235804e-05,probability_native,1.2829225999235804e-05,u_ed1a8dfc72a2b260,2,1,official,principal
771,1,1,0.9998953784272422,probability_native,0.9998953784272422,u_ed1a8dfc72a2b260,2,1,official,principal
2482,0,1,0.992660150675157,probability_native,0.992660150675157,u_ed1a8dfc72a2b260,2,1,official,principal
1146,0,0,0.0002977673382861395,probability_native,0.0002977673382861395,u_ed1a8dfc72a2b260,2,1,official,principal
3179,0,0,1.2694286129494707e-09,probability_native,1.2694286129494707e-09,u_ed1a8dfc72a2b260,2,1,official,principal
6258,0,0,0.0019468153485578303,probability_native,0.0019468153485578303,u_ed1a8dfc72a2b260,2,1,official,principal
5934,1,1,0.9998109167308032,probability_native,0.9998109167308032,u_ed1a8dfc72a2b260,2,1,official,principal
295,0,0,0.001365532611051048,probability_native,0.001365532611051048,u_ed1a8dfc72a2b260,2,1,official,principal
2298,0,0,7.013866017709936e-08,probability_native,7.013866017709936e-08,u_ed1a8dfc72a2b260,2,1,official,principal
4756,0,0,0.47992786559830236,probability_native,0.47992786559830236,u_ed1a8dfc72a2b260,2,1,official,principal
1988,1,1,0.5280981886594586,probability_native,0.5280981886594586,u_ed1a8dfc72a2b260,2,1,official,principal
3110,0,0,0.0012391784499687461,probability_native,0.0012391784499687461,u_ed1a8dfc72a2b260,2,1,official,principal
597,0,1,0.7715328664487262,probability_native,0.7715328664487262,u_ed1a8dfc72a2b260,2,1,official,principal
105,0,0,0.20902651489442878,probability_native,0.20902651489442878,u_ed1a8dfc72a2b260,2,1,official,principal
60,0,1,0.9966851918411853,probability_native,0.9966851918411853,u_ed1a8dfc72a2b260,2,1,official,principal
1109,0,1,0.612217861076455,probability_native,0.612217861076455,u_ed1a8dfc72a2b260,2,1,official,principal
1672,0,0,5.727270591859475e-11,probability_native,5.727270591859475e-11,u_ed1a8dfc72a2b260,2,1,official,principal
2696,0,0,4.1236761558560476e-10,probability_native,4.1236761558560476e-10,u_ed1a8dfc72a2b260,2,1,official,principal
5707,0,1,0.9852671011071925,probability_native,0.9852671011071925,u_ed1a8dfc72a2b260,2,1,official,principal
3586,1,0,0.026163894860113408,probability_native,0.026163894860113408,u_ed1a8dfc72a2b260,2,1,official,principal
2538,0,0,2.986637034840615e-07,probability_native,2.986637034840615e-07,u_ed1a8dfc72a2b260,2,1,official,principal
221,0,0,6.870925926749189e-11,probability_native,6.870925926749189e-11,u_ed1a8dfc72a2b260,2,1,official,principal
3167,0,0,6.022240053442541e-09,probability_native,6.022240053442541e-09,u_ed1a8dfc72a2b260,2,1,official,principal
2108,0,1,0.6907751013894847,probability_native,0.6907751013894847,u_ed1a8dfc72a2b260,2,1,official,principal
4565,0,0,4.937077603036965e-05,probability_native,4.937077603036965e-05,u_ed1a8dfc72a2b260,2,1,official,principal
6905,0,1,0.9251427239365757,probability_native,0.9251427239365757,u_ed1a8dfc72a2b260,2,1,official,principal
5041,0,0,1.1180953492901215e-05,probability_native,1.1180953492901215e-05,u_ed1a8dfc72a2b260,2,1,official,principal
718,0,1,0.6163332235823137,probability_native,0.6163332235823137,u_ed1a8dfc72a2b260,2,1,official,principal
5408,0,0,5.573521498798682e-10,probability_native,5.573521498798682e-10,u_ed1a8dfc72a2b260,2,1,official,principal
2991,0,1,0.9940810908420353,probability_native,0.9940810908420353,u_ed1a8dfc72a2b260,2,1,official,principal
5310,0,0,0.06822425897677212,probability_native,0.06822425897677212,u_ed1a8dfc72a2b260,2,1,official,principal
3709,0,1,0.898594191173842,probability_native,0.898594191173842,u_ed1a8dfc72a2b260,2,1,official,principal
2724,0,0,7.025685219894384e-07,probability_native,7.025685219894384e-07,u_ed1a8dfc72a2b260,2,1,official,principal
5361,0,0,2.7710879856988226e-05,probability_native,2.7710879856988226e-05,u_ed1a8dfc72a2b260,2,1,official,principal
2258,0,0,0.001526230911260817,probability_native,0.001526230911260817,u_ed1a8dfc72a2b260,2,1,official,principal
6040,1,1,0.988149858175783,probability_native,0.988149858175783,u_ed1a8dfc72a2b260,2,1,official,principal
6632,1,0,0.38883313021576876,probability_native,0.38883313021576876,u_ed1a8dfc72a2b260,2,1,official,principal
2903,0,0,0.007780716946713416,probability_native,0.007780716946713416,u_ed1a8dfc72a2b260,2,1,official,principal
1945,0,0,8.318920168841034e-12,probability_native,8.318920168841034e-12,u_ed1a8dfc72a2b260,2,1,official,principal
3557,0,1,0.9033366974739188,probability_native,0.9033366974739188,u_ed1a8dfc72a2b260,2,1,official,principal
168,1,1,0.9111862440702639,probability_native,0.9111862440702639,u_ed1a8dfc72a2b260,2,1,official,principal
1734,1,1,0.9930402805675508,probability_native,0.9930402805675508,u_ed1a8dfc72a2b260,2,1,official,principal
6560,0,0,3.9552391468484816e-06,probability_native,3.9552391468484816e-06,u_ed1a8dfc72a2b260,2,1,official,principal
5957,1,1,0.9997431847308584,probability_native,0.9997431847308584,u_ed1a8dfc72a2b260,2,1,official,principal
6514,0,0,1.7071596083992494e-08,probability_native,1.7071596083992494e-08,u_ed1a8dfc72a2b260,2,1,official,principal
956,0,0,1.5247760235844814e-11,probability_native,1.5247760235844814e-11,u_ed1a8dfc72a2b260,2,1,official,principal
3614,0,0,2.053043792989902e-09,probability_native,2.053043792989902e-09,u_ed1a8dfc72a2b260,2,1,official,principal
3399,0,0,5.484693835766801e-07,probability_native,5.484693835766801e-07,u_ed1a8dfc72a2b260,2,1,official,principal
1904,1,1,0.9694789722533267,probability_native,0.9694789722533267,u_ed1a8dfc72a2b260,2,1,official,principal
4735,0,0,0.09109082426203005,probability_native,0.09109082426203005,u_ed1a8dfc72a2b260,2,1,official,principal
1702,1,1,0.9874629030052966,probability_native,0.9874629030052966,u_ed1a8dfc72a2b260,2,1,official,principal
2579,0,0,4.503582253861786e-11,probability_native,4.503582253861786e-11,u_ed1a8dfc72a2b260,2,1,official,principal
5245,0,0,4.07901097750246e-12,probability_native,4.07901097750246e-12,u_ed1a8dfc72a2b260,2,1,official,principal
1528,0,1,0.9974724871083468,probability_native,0.9974724871083468,u_ed1a8dfc72a2b260,2,1,official,principal
873,1,1,0.8696368669712946,probability_native,0.8696368669712946,u_ed1a8dfc72a2b260,2,1,official,principal
5824,0,0,4.386188006934414e-08,probability_native,4.386188006934414e-08,u_ed1a8dfc72a2b260,2,1,official,principal
6504,1,1,0.9995386982529206,probability_native,0.9995386982529206,u_ed1a8dfc72a2b260,2,1,official,principal
1808,1,1,0.9994396178453374,probability_native,0.9994396178453374,u_ed1a8dfc72a2b260,2,1,official,principal
5889,0,1,0.9611687016353135,probability_native,0.9611687016353135,u_ed1a8dfc72a2b260,2,1,official,principal
2886,0,0,0.36175986105922286,probability_native,0.36175986105922286,u_ed1a8dfc72a2b260,2,1,official,principal
5349,0,0,4.688655185462567e-09,probability_native,4.688655185462567e-09,u_ed1a8dfc72a2b260,2,1,official,principal
6438,1,1,0.9999767924449012,probability_native,0.9999767924449012,u_ed1a8dfc72a2b260,2,1,official,principal
273,0,1,0.9984709312327108,probability_native,0.9984709312327108,u_ed1a8dfc72a2b260,2,1,official,principal
2265,1,1,0.9760396993743884,probability_native,0.9760396993743884,u_ed1a8dfc72a2b260,2,1,official,principal
613,0,0,0.21173614141899946,probability_native,0.21173614141899946,u_ed1a8dfc72a2b260,2,1,official,principal
4072,0,1,0.9999751581791376,probability_native,0.9999751581791376,u_ed1a8dfc72a2b260,2,1,official,principal
1411,0,1,0.9993938389196958,probability_native,0.9993938389196958,u_ed1a8dfc72a2b260,2,1,official,principal
5964,0,0,0.007923158434164192,probability_native,0.007923158434164192,u_ed1a8dfc72a2b260,2,1,official,principal
4213,1,1,0.9166171744639485,probability_native,0.9166171744639485,u_ed1a8dfc72a2b260,2,1,official,principal
1485,1,1,0.9999782642981113,probability_native,0.9999782642981113,u_ed1a8dfc72a2b260,2,1,official,principal
607,0,0,0.0002133344228640856,probability_native,0.0002133344228640856,u_ed1a8dfc72a2b260,2,1,official,principal
696,0,0,5.2446651568026354e-08,probability_native,5.2446651568026354e-08,u_ed1a8dfc72a2b260,2,1,official,principal
5817,1,1,0.9823649720207921,probability_native,0.9823649720207921,u_ed1a8dfc72a2b260,2,1,official,principal
4646,0,1,0.9967463671898984,probability_native,0.9967463671898984,u_ed1a8dfc72a2b260,2,1,official,principal
6981,0,1,0.9899641439070236,probability_native,0.9899641439070236,u_ed1a8dfc72a2b260,2,1,official,principal
3945,1,0,0.03567519830405034,probability_native,0.03567519830405034,u_ed1a8dfc72a2b260,2,1,official,principal
6487,0,0,9.535974286017307e-07,probability_native,9.535974286017307e-07,u_ed1a8dfc72a2b260,2,1,official,principal
6739,0,1,0.99847991957413,probability_native,0.99847991957413,u_ed1a8dfc72a2b260,2,1,official,principal
441,0,1,0.8490780866844823,probability_native,0.8490780866844823,u_ed1a8dfc72a2b260,2,1,official,principal
5178,0,0,0.05772739230081447,probability_native,0.05772739230081447,u_ed1a8dfc72a2b260,2,1,official,principal
3451,0,1,0.6041014343512311,probability_native,0.6041014343512311,u_ed1a8dfc72a2b260,2,1,official,principal
6056,0,0,0.0003470274278561149,probability_native,0.0003470274278561149,u_ed1a8dfc72a2b260,2,1,official,principal
190,0,0,0.0004759536331962099,probability_native,0.0004759536331962099,u_ed1a8dfc72a2b260,2,1,official,principal
930,0,1,0.9902087707024749,probability_native,0.9902087707024749,u_ed1a8dfc72a2b260,2,1,official,principal
2434,0,0,0.0001438108495080288,probability_native,0.0001438108495080288,u_ed1a8dfc72a2b260,2,1,official,principal
3576,0,0,1.9852649025443286e-06,probability_native,1.9852649025443286e-06,u_ed1a8dfc72a2b260,2,1,official,principal
1376,1,1,0.6190388833714201,probability_native,0.6190388833714201,u_ed1a8dfc72a2b260,2,1,official,principal
5241,0,0,0.12434343691453036,probability_native,0.12434343691453036,u_ed1a8dfc72a2b260,2,1,official,principal
5766,0,0,0.046508334911349904,probability_native,0.046508334911349904,u_ed1a8dfc72a2b260,2,1,official,principal
6014,0,0,0.1429211353085681,probability_native,0.1429211353085681,u_ed1a8dfc72a2b260,2,1,official,principal
2867,0,0,7.382254211279533e-06,probability_native,7.382254211279533e-06,u_ed1a8dfc72a2b260,2,1,official,principal
5500,0,0,5.575341865931782e-09,probability_native,5.575341865931782e-09,u_ed1a8dfc72a2b260,2,1,official,principal
826,1,1,0.9998881683181189,probability_native,0.9998881683181189,u_ed1a8dfc72a2b260,2,1,official,principal
638,1,0,0.11474099877820365,probability_native,0.11474099877820365,u_ed1a8dfc72a2b260,2,1,official,principal
4446,1,1,0.9999815224829085,probability_native,0.9999815224829085,u_ed1a8dfc72a2b260,2,1,official,principal
1516,0,1,0.9991884465950945,probability_native,0.9991884465950945,u_ed1a8dfc72a2b260,2,1,official,principal
5017,0,0,0.00024681475160302356,probability_native,0.00024681475160302356,u_ed1a8dfc72a2b260,2,1,official,principal
207,1,1,0.9994996457839906,probability_native,0.9994996457839906,u_ed1a8dfc72a2b260,2,1,official,principal
6225,0,0,4.5456595738203623e-10,probability_native,4.5456595738203623e-10,u_ed1a8dfc72a2b260,2,1,official,principal
4769,0,0,1.702765308675938e-05,probability_native,1.702765308675938e-05,u_ed1a8dfc72a2b260,2,1,official,principal
4726,0,0,5.2637918399506555e-08,probability_native,5.2637918399506555e-08,u_ed1a8dfc72a2b260,2,1,official,principal
3302,1,1,0.9722141537699899,probability_native,0.9722141537699899,u_ed1a8dfc72a2b260,2,1,official,principal
387,0,0,0.011352289178232272,probability_native,0.011352289178232272,u_ed1a8dfc72a2b260,2,1,official,principal
976,1,1,0.999769242911843,probability_native,0.999769242911843,u_ed1a8dfc72a2b260,2,1,official,principal
3425,0,0,0.471486701811231,probability_native,0.471486701811231,u_ed1a8dfc72a2b260,2,1,official,principal
2837,1,0,0.001414502133975203,probability_native,0.001414502133975203,u_ed1a8dfc72a2b260,2,1,official,principal
973,1,1,0.925825552715192,probability_native,0.925825552715192,u_ed1a8dfc72a2b260,2,1,official,principal
2419,0,0,0.05859293372063073,probability_native,0.05859293372063073,u_ed1a8dfc72a2b260,2,1,official,principal
6217,0,0,0.0008730420006048038,probability_native,0.0008730420006048038,u_ed1a8dfc72a2b260,2,1,official,principal
2370,0,0,1.954228625123521e-08,probability_native,1.954228625123521e-08,u_ed1a8dfc72a2b260,2,1,official,principal
3954,0,1,0.9999673968218982,probability_native,0.9999673968218982,u_ed1a8dfc72a2b260,2,1,official,principal
903,0,0,0.004371940360911311,probability_native,0.004371940360911311,u_ed1a8dfc72a2b260,2,1,official,principal
1863,0,0,3.64496635321052e-05,probability_native,3.64496635321052e-05,u_ed1a8dfc72a2b260,2,1,official,principal
4620,0,0,3.4696468977826764e-10,probability_native,3.4696468977826764e-10,u_ed1a8dfc72a2b260,2,1,official,principal
3089,0,0,3.5226471489247313e-09,probability_native,3.5226471489247313e-09,u_ed1a8dfc72a2b260,2,1,official,principal
3668,0,0,0.16695186579750193,probability_native,0.16695186579750193,u_ed1a8dfc72a2b260,2,1,official,principal
271,0,0,1.6604804496295365e-07,probability_native,1.6604804496295365e-07,u_ed1a8dfc72a2b260,2,1,official,principal
1100,0,0,0.01859340285625867,probability_native,0.01859340285625867,u_ed1a8dfc72a2b260,2,1,official,principal
6247,0,0,8.246125604409961e-05,probability_native,8.246125604409961e-05,u_ed1a8dfc72a2b260,2,1,official,principal
6703,1,1,0.9934355429104926,probability_native,0.9934355429104926,u_ed1a8dfc72a2b260,2,1,official,principal
4628,0,0,0.2455218223953422,probability_native,0.2455218223953422,u_ed1a8dfc72a2b260,2,1,official,principal
6802,0,1,0.9951158718856922,probability_native,0.9951158718856922,u_ed1a8dfc72a2b260,2,1,official,principal
2974,1,1,0.9001428563528049,probability_native,0.9001428563528049,u_ed1a8dfc72a2b260,2,1,official,principal
4850,0,0,0.023203944864011682,probability_native,0.023203944864011682,u_ed1a8dfc72a2b260,2,1,official,principal
6151,1,1,0.9990537835748768,probability_native,0.9990537835748768,u_ed1a8dfc72a2b260,2,1,official,principal
5792,1,1,0.9816847323748272,probability_native,0.9816847323748272,u_ed1a8dfc72a2b260,2,1,official,principal
4609,0,0,0.009860730288331752,probability_native,0.009860730288331752,u_ed1a8dfc72a2b260,2,1,official,principal
1408,0,0,0.0014701198434278816,probability_native,0.0014701198434278816,u_ed1a8dfc72a2b260,2,1,official,principal
2525,0,0,9.971798868405398e-10,probability_native,9.971798868405398e-10,u_ed1a8dfc72a2b260,2,1,official,principal
26,1,1,0.9826387448098222,probability_native,0.9826387448098222,u_ed1a8dfc72a2b260,2,1,official,principal
1272,0,0,0.00011722380269001508,probability_native,0.00011722380269001508,u_ed1a8dfc72a2b260,2,1,official,principal
2625,0,1,0.9630756384577055,probability_native,0.9630756384577055,u_ed1a8dfc72a2b260,2,1,official,principal
5071,0,1,0.9221784673789937,probability_native,0.9221784673789937,u_ed1a8dfc72a2b260,2,1,official,principal
574,0,1,0.9987887170485608,probability_native,0.9987887170485608,u_ed1a8dfc72a2b260,2,1,official,principal
6816,1,1,0.9997722696482384,probability_native,0.9997722696482384,u_ed1a8dfc72a2b260,2,1,official,principal
1433,0,0,0.37373039646056455,probability_native,0.37373039646056455,u_ed1a8dfc72a2b260,2,1,official,principal
1404,0,0,1.1454200868051952e-09,probability_native,1.1454200868051952e-09,u_ed1a8dfc72a2b260,2,1,official,principal
1330,0,0,0.0028541294918360007,probability_native,0.0028541294918360007,u_ed1a8dfc72a2b260,2,1,official,principal
4844,0,0,6.468881921844365e-06,probability_native,6.468881921844365e-06,u_ed1a8dfc72a2b260,2,1,official,principal
1298,0,0,0.008007076150023017,probability_native,0.008007076150023017,u_ed1a8dfc72a2b260,2,1,official,principal
811,1,0,2.0050373031515946e-08,probability_native,2.0050373031515946e-08,u_ed1a8dfc72a2b260,2,1,official,principal
3861,0,0,3.073819339239595e-05,probability_native,3.073819339239595e-05,u_ed1a8dfc72a2b260,2,1,official,principal
369,0,0,3.460067003481103e-10,probability_native,3.460067003481103e-10,u_ed1a8dfc72a2b260,2,1,official,principal
1202,1,0,0.40371171442123993,probability_native,0.40371171442123993,u_ed1a8dfc72a2b260,2,1,official,principal
6029,0,1,0.9104170647897444,probability_native,0.9104170647897444,u_ed1a8dfc72a2b260,2,1,official,principal
4535,1,1,0.9964630768903768,probability_native,0.9964630768903768,u_ed1a8dfc72a2b260,2,1,official,principal
6424,1,0,4.6693911811124476e-07,probability_native,4.6693911811124476e-07,u_ed1a8dfc72a2b260,2,1,official,principal
4998,0,0,0.15896054072268861,probability_native,0.15896054072268861,u_ed1a8dfc72a2b260,2,1,official,principal
1810,0,0,2.939175292083513e-05,probability_native,2.939175292083513e-05,u_ed1a8dfc72a2b260,2,1,official,principal
3952,0,0,2.3975183033390515e-08,probability_native,2.3975183033390515e-08,u_ed1a8dfc72a2b260,2,1,official,principal
4830,0,0,5.2675019115685e-07,probability_native,5.2675019115685e-07,u_ed1a8dfc72a2b260,2,1,official,principal
5327,0,0,3.2848745676692317e-11,probability_native,3.2848745676692317e-11,u_ed1a8dfc72a2b260,2,1,official,principal
6400,0,0,3.110772387463101e-08,probability_native,3.110772387463101e-08,u_ed1a8dfc72a2b260,2,1,official,principal
292,0,0,0.009605574723020104,probability_native,0.009605574723020104,u_ed1a8dfc72a2b260,2,1,official,principal
6774,0,0,0.0013056797655781735,probability_native,0.0013056797655781735,u_ed1a8dfc72a2b260,2,1,official,principal
474,1,1,0.9969837033825767,probability_native,0.9969837033825767,u_ed1a8dfc72a2b260,2,1,official,principal
6306,0,0,0.0009553632766794111,probability_native,0.0009553632766794111,u_ed1a8dfc72a2b260,2,1,official,principal
6771,0,0,0.0035864263511224148,probability_native,0.0035864263511224148,u_ed1a8dfc72a2b260,2,1,official,principal
4055,0,0,3.217036267203275e-08,probability_native,3.217036267203275e-08,u_ed1a8dfc72a2b260,2,1,official,principal
1131,1,1,0.944548367566403,probability_native,0.944548367566403,u_ed1a8dfc72a2b260,2,1,official,principal
2159,0,0,2.969478839441703e-09,probability_native,2.969478839441703e-09,u_ed1a8dfc72a2b260,2,1,official,principal
4972,0,0,9.153195292920778e-12,probability_native,9.153195292920778e-12,u_ed1a8dfc72a2b260,2,1,official,principal
6842,0,0,9.227535818498759e-05,probability_native,9.227535818498759e-05,u_ed1a8dfc72a2b260,2,1,official,principal
6165,0,1,0.9999661215834041,probability_native,0.9999661215834041,u_ed1a8dfc72a2b260,2,1,official,principal
1454,0,0,0.00026676036195131755,probability_native,0.00026676036195131755,u_ed1a8dfc72a2b260,2,1,official,principal
4757,1,1,0.596733797756946,probability_native,0.596733797756946,u_ed1a8dfc72a2b260,2,1,official,principal
3165,0,0,1.8340080006560555e-06,probability_native,1.8340080006560555e-06,u_ed1a8dfc72a2b260,2,1,official,principal
4066,0,0,0.004522570642390091,probability_native,0.004522570642390091,u_ed1a8dfc72a2b260,2,1,official,principal
4101,0,1,0.9564201047864698,probability_native,0.9564201047864698,u_ed1a8dfc72a2b260,2,1,official,principal
4891,0,1,0.9907815223908186,probability_native,0.9907815223908186,u_ed1a8dfc72a2b260,2,1,official,principal
3555,1,1,0.9998207364270207,probability_native,0.9998207364270207,u_ed1a8dfc72a2b260,2,1,official,principal
2733,0,1,0.9591368376890456,probability_native,0.9591368376890456,u_ed1a8dfc72a2b260,2,1,official,principal
3229,1,1,0.9999075860571538,probability_native,0.9999075860571538,u_ed1a8dfc72a2b260,2,1,official,principal
7038,0,0,0.004714969075455941,probability_native,0.004714969075455941,u_ed1a8dfc72a2b260,2,1,official,principal
3469,0,1,0.9999807034197886,probability_native,0.9999807034197886,u_ed1a8dfc72a2b260,2,1,official,principal
6333,1,1,0.7537293970184566,probability_native,0.7537293970184566,u_ed1a8dfc72a2b260,2,1,official,principal
6956,0,0,2.4267881118472616e-07,probability_native,2.4267881118472616e-07,u_ed1a8dfc72a2b260,2,1,official,principal
1475,0,0,8.033614014960623e-08,probability_native,8.033614014960623e-08,u_ed1a8dfc72a2b260,2,1,official,principal
2794,0,1,0.8436045850770668,probability_native,0.8436045850770668,u_ed1a8dfc72a2b260,2,1,official,principal
4012,1,1,0.9835957133232529,probability_native,0.9835957133232529,u_ed1a8dfc72a2b260,2,1,official,principal
5794,0,0,5.696360913583042e-07,probability_native,5.696360913583042e-07,u_ed1a8dfc72a2b260,2,1,official,principal
3349,1,1,0.9997400678044343,probability_native,0.9997400678044343,u_ed1a8dfc72a2b260,2,1,official,principal
3409,0,0,6.904360607919963e-07,probability_native,6.904360607919963e-07,u_ed1a8dfc72a2b260,2,1,official,principal
5821,0,0,7.42609726183957e-05,probability_native,7.42609726183957e-05,u_ed1a8dfc72a2b260,2,1,official,principal
1170,0,0,1.3799329644383323e-08,probability_native,1.3799329644383323e-08,u_ed1a8dfc72a2b260,2,1,official,principal
4016,0,1,0.8361784435690715,probability_native,0.8361784435690715,u_ed1a8dfc72a2b260,2,1,official,principal
1374,0,0,1.0598078102190573e-08,probability_native,1.0598078102190573e-08,u_ed1a8dfc72a2b260,2,1,official,principal
5247,1,1,0.9969576863899228,probability_native,0.9969576863899228,u_ed1a8dfc72a2b260,2,1,official,principal
2838,0,0,1.7412563905153298e-10,probability_native,1.7412563905153298e-10,u_ed1a8dfc72a2b260,2,1,official,principal
2656,0,0,0.15423522324899197,probability_native,0.15423522324899197,u_ed1a8dfc72a2b260,2,1,official,principal
923,0,0,0.001812504721801597,probability_native,0.001812504721801597,u_ed1a8dfc72a2b260,2,1,official,principal
1322,0,0,0.005638900770559182,probability_native,0.005638900770559182,u_ed1a8dfc72a2b260,2,1,official,principal
691,0,0,0.005149334731887901,probability_native,0.005149334731887901,u_ed1a8dfc72a2b260,2,1,official,principal
3974,0,0,0.013729723577192952,probability_native,0.013729723577192952,u_ed1a8dfc72a2b260,2,1,official,principal
5313,0,1,0.7694010518101526,probability_native,0.7694010518101526,u_ed1a8dfc72a2b260,2,1,official,principal
4675,1,1,0.8597389975317349,probability_native,0.8597389975317349,u_ed1a8dfc72a2b260,2,1,official,principal
2610,1,0,0.00736600264432284,probability_native,0.00736600264432284,u_ed1a8dfc72a2b260,2,1,official,principal
3570,0,0,5.258292726671747e-11,probability_native,5.258292726671747e-11,u_ed1a8dfc72a2b260,2,1,official,principal
6256,1,1,0.5245389277087351,probability_native,0.5245389277087351,u_ed1a8dfc72a2b260,2,1,official,principal
6626,1,1,0.9999589149140629,probability_native,0.9999589149140629,u_ed1a8dfc72a2b260,2,1,official,principal
4413,1,1,0.9999273768831995,probability_native,0.9999273768831995,u_ed1a8dfc72a2b260,2,1,official,principal
1603,1,1,0.9672572279420549,probability_native,0.9672572279420549,u_ed1a8dfc72a2b260,2,1,official,principal
1724,0,1,0.9995114485911019,probability_native,0.9995114485911019,u_ed1a8dfc72a2b260,2,1,official,principal
2302,0,0,6.811279347662475e-10,probability_native,6.811279347662475e-10,u_ed1a8dfc72a2b260,2,1,official,principal
1871,0,1,0.86451369866857,probability_native,0.86451369866857,u_ed1a8dfc72a2b260,2,1,official,principal
443,0,1,0.8851799467273298,probability_native,0.8851799467273298,u_ed1a8dfc72a2b260,2,1,official,principal
6320,0,0,0.1019784774870519,probability_native,0.1019784774870519,u_ed1a8dfc72a2b260,2,1,official,principal
4025,1,1,0.9984497517042423,probability_native,0.9984497517042423,u_ed1a8dfc72a2b260,2,1,official,principal
6045,0,0,3.8999433408440896e-07,probability_native,3.8999433408440896e-07,u_ed1a8dfc72a2b260,2,1,official,principal
6663,0,1,0.9984626132927407,probability_native,0.9984626132927407,u_ed1a8dfc72a2b260,2,1,official,principal
1499,0,1,0.9931945058072071,probability_native,0.9931945058072071,u_ed1a8dfc72a2b260,2,1,official,principal
599,0,0,2.9071036190970865e-11,probability_native,2.9071036190970865e-11,u_ed1a8dfc72a2b260,2,1,official,principal
1107,0,0,7.400750940650786e-11,probability_native,7.400750940650786e-11,u_ed1a8dfc72a2b260,2,1,official,principal
2972,0,0,9.973716202750889e-11,probability_native,9.973716202750889e-11,u_ed1a8dfc72a2b260,2,1,official,principal
6669,0,1,0.9996886298735987,probability_native,0.9996886298735987,u_ed1a8dfc72a2b260,2,1,official,principal
209,0,0,0.0018355342791858658,probability_native,0.0018355342791858658,u_ed1a8dfc72a2b260,2,1,official,principal
1315,0,0,2.372464381234951e-11,probability_native,2.372464381234951e-11,u_ed1a8dfc72a2b260,2,1,official,principal
1864,0,0,0.27096111395551137,probability_native,0.27096111395551137,u_ed1a8dfc72a2b260,2,1,official,principal
1539,0,1,0.6777408761201239,probability_native,0.6777408761201239,u_ed1a8dfc72a2b260,2,1,official,principal
3506,0,1,0.99799313946252,probability_native,0.99799313946252,u_ed1a8dfc72a2b260,2,1,official,principal
4247,0,0,1.0783040653917936e-09,probability_native,1.0783040653917936e-09,u_ed1a8dfc72a2b260,2,1,official,principal
6074,1,1,0.8992569125594762,probability_native,0.8992569125594762,u_ed1a8dfc72a2b260,2,1,official,principal
133,1,1,0.9838057120751651,probability_native,0.9838057120751651,u_ed1a8dfc72a2b260,2,1,official,principal
4316,0,0,2.2577547637165764e-09,probability_native,2.2577547637165764e-09,u_ed1a8dfc72a2b260,2,1,official,principal
1087,0,1,0.7743135204908035,probability_native,0.7743135204908035,u_ed1a8dfc72a2b260,2,1,official,principal
838,0,0,0.18055436346809342,probability_native,0.18055436346809342,u_ed1a8dfc72a2b260,2,1,official,principal
2780,1,0,0.0033354111966622034,probability_native,0.0033354111966622034,u_ed1a8dfc72a2b260,2,1,official,principal
5190,0,1,0.999500057023096,probability_native,0.999500057023096,u_ed1a8dfc72a2b260,2,1,official,principal
1405,1,1,0.999448447366285,probability_native,0.999448447366285,u_ed1a8dfc72a2b260,2,1,official,principal
5096,0,0,6.255986840237804e-10,probability_native,6.255986840237804e-10,u_ed1a8dfc72a2b260,2,1,official,principal
2781,0,1,0.9826683616876271,probability_native,0.9826683616876271,u_ed1a8dfc72a2b260,2,1,official,principal
3820,0,0,0.02056152070957967,probability_native,0.02056152070957967,u_ed1a8dfc72a2b260,2,1,official,principal
3035,0,1,0.9998482948066688,probability_native,0.9998482948066688,u_ed1a8dfc72a2b260,2,1,official,principal
6766,0,0,2.9826645735476085e-06,probability_native,2.9826645735476085e-06,u_ed1a8dfc72a2b260,2,1,official,principal
5516,1,1,0.7591771608921449,probability_native,0.7591771608921449,u_ed1a8dfc72a2b260,2,1,official,principal
706,0,0,1.0901687956803563e-08,probability_native,1.0901687956803563e-08,u_ed1a8dfc72a2b260,2,1,official,principal
1907,0,1,0.9711126577177961,probability_native,0.9711126577177961,u_ed1a8dfc72a2b260,2,1,official,principal
3642,0,1,0.9998963229698141,probability_native,0.9998963229698141,u_ed1a8dfc72a2b260,2,1,official,principal
2940,1,1,0.9832596658054229,probability_native,0.9832596658054229,u_ed1a8dfc72a2b260,2,1,official,principal
3705,0,0,1.9069346139896065e-10,probability_native,1.9069346139896065e-10,u_ed1a8dfc72a2b260,2,1,official,principal
818,1,1,0.9951619678520162,probability_native,0.9951619678520162,u_ed1a8dfc72a2b260,2,1,official,principal
511,0,1,0.9481526099999479,probability_native,0.9481526099999479,u_ed1a8dfc72a2b260,2,1,official,principal
6943,1,0,0.03319746064268871,probability_native,0.03319746064268871,u_ed1a8dfc72a2b260,2,1,official,principal
6512,0,1,0.9714284805261494,probability_native,0.9714284805261494,u_ed1a8dfc72a2b260,2,1,official,principal
3615,1,1,0.9973698492217336,probability_native,0.9973698492217336,u_ed1a8dfc72a2b260,2,1,official,principal
169,0,0,0.0015505263531284041,probability_native,0.0015505263531284041,u_ed1a8dfc72a2b260,2,1,official,principal
4699,0,0,1.0483535874200656e-08,probability_native,1.0483535874200656e-08,u_ed1a8dfc72a2b260,2,1,official,principal
3037,0,0,5.210214107662035e-06,probability_native,5.210214107662035e-06,u_ed1a8dfc72a2b260,2,1,official,principal
7031,0,0,0.003079987088075301,probability_native,0.003079987088075301,u_ed1a8dfc72a2b260,2,1,official,principal
3345,0,0,0.15960517584320752,probability_native,0.15960517584320752,u_ed1a8dfc72a2b260,2,1,official,principal
1675,1,1,0.9996014513995295,probability_native,0.9996014513995295,u_ed1a8dfc72a2b260,2,1,official,principal
1140,0,0,2.12171488345584e-08,probability_native,2.12171488345584e-08,u_ed1a8dfc72a2b260,2,1,official,principal
5946,1,0,0.0003934438196011136,probability_native,0.0003934438196011136,u_ed1a8dfc72a2b260,2,1,official,principal
4990,0,0,0.3531958125377897,probability_native,0.3531958125377897,u_ed1a8dfc72a2b260,2,1,official,principal
4789,1,1,0.9882803130170995,probability_native,0.9882803130170995,u_ed1a8dfc72a2b260,2,1,official,principal
3575,0,1,0.6908750591930173,probability_native,0.6908750591930173,u_ed1a8dfc72a2b260,2,1,official,principal
589,0,0,2.5884561516145833e-09,probability_native,2.5884561516145833e-09,u_ed1a8dfc72a2b260,2,1,official,principal
4071,0,1,0.9168195962294001,probability_native,0.9168195962294001,u_ed1a8dfc72a2b260,2,1,official,principal
4890,0,1,0.8068049558523521,probability_native,0.8068049558523521,u_ed1a8dfc72a2b260,2,1,official,principal
2534,0,0,0.00013244959182198246,probability_native,0.00013244959182198246,u_ed1a8dfc72a2b260,2,1,official,principal
2836,0,1,0.9913036488266831,probability_native,0.9913036488266831,u_ed1a8dfc72a2b260,2,1,official,principal
5847,0,1,0.5083852348292344,probability_native,0.5083852348292344,u_ed1a8dfc72a2b260,2,1,official,principal
5630,1,1,0.9985626952518237,probability_native,0.9985626952518237,u_ed1a8dfc72a2b260,2,1,official,principal
1269,0,0,2.8248607502555892e-09,probability_native,2.8248607502555892e-09,u_ed1a8dfc72a2b260,2,1,official,principal
3173,0,0,1.0350827899676336e-05,probability_native,1.0350827899676336e-05,u_ed1a8dfc72a2b260,2,1,official,principal
5045,0,1,0.6594624906304777,probability_native,0.6594624906304777,u_ed1a8dfc72a2b260,2,1,official,principal
3260,1,1,0.9938776802513303,probability_native,0.9938776802513303,u_ed1a8dfc72a2b260,2,1,official,principal
557,0,0,0.002118888780791809,probability_native,0.002118888780791809,u_ed1a8dfc72a2b260,2,1,official,principal
5223,0,0,1.4731763839783883e-10,probability_native,1.4731763839783883e-10,u_ed1a8dfc72a2b260,2,1,official,principal
953,0,1,0.7086001387697545,probability_native,0.7086001387697545,u_ed1a8dfc72a2b260,2,1,official,principal
5060,0,1,0.763532880453596,probability_native,0.763532880453596,u_ed1a8dfc72a2b260,2,1,official,principal
4939,0,0,0.0012014923061398665,probability_native,0.0012014923061398665,u_ed1a8dfc72a2b260,2,1,official,principal
4462,1,1,0.9997676202147678,probability_native,0.9997676202147678,u_ed1a8dfc72a2b260,2,1,official,principal
3130,0,0,0.0166363803483632,probability_native,0.0166363803483632,u_ed1a8dfc72a2b260,2,1,official,principal
6862,1,1,0.9999781801151149,probability_native,0.9999781801151149,u_ed1a8dfc72a2b260,2,1,official,principal
5376,0,0,3.854813144681327e-05,probability_native,3.854813144681327e-05,u_ed1a8dfc72a2b260,2,1,official,principal
1089,0,1,0.9898684287586508,probability_native,0.9898684287586508,u_ed1a8dfc72a2b260,2,1,official,principal
6476,0,0,0.0001759081754720305,probability_native,0.0001759081754720305,u_ed1a8dfc72a2b260,2,1,official,principal
2251,0,1,0.9986124199885571,probability_native,0.9986124199885571,u_ed1a8dfc72a2b260,2,1,official,principal
4662,0,0,6.004705864418274e-05,probability_native,6.004705864418274e-05,u_ed1a8dfc72a2b260,2,1,official,principal
1262,0,1,0.9887783778862134,probability_native,0.9887783778862134,u_ed1a8dfc72a2b260,2,1,official,principal
5979,0,0,2.3046150297437595e-10,probability_native,2.3046150297437595e-10,u_ed1a8dfc72a2b260,2,1,official,principal
2430,0,0,7.421515980095706e-07,probability_native,7.421515980095706e-07,u_ed1a8dfc72a2b260,2,1,official,principal
792,0,0,2.392729070147621e-10,probability_native,2.392729070147621e-10,u_ed1a8dfc72a2b260,2,1,official,principal
1034,0,0,4.44512436181348e-09,probability_native,4.44512436181348e-09,u_ed1a8dfc72a2b260,2,1,official,principal
2068,0,0,0.19284976541753698,probability_native,0.19284976541753698,u_ed1a8dfc72a2b260,2,1,official,principal
1856,1,1,0.6880530420967964,probability_native,0.6880530420967964,u_ed1a8dfc72a2b260,2,1,official,principal
5759,1,1,0.9966876662799146,probability_native,0.9966876662799146,u_ed1a8dfc72a2b260,2,1,official,principal
2276,0,1,0.9921084015882092,probability_native,0.9921084015882092,u_ed1a8dfc72a2b260,2,1,official,principal
681,0,0,6.568273081917503e-08,probability_native,6.568273081917503e-08,u_ed1a8dfc72a2b260,2,1,official,principal
6083,0,0,5.952507056472142e-10,probability_native,5.952507056472142e-10,u_ed1a8dfc72a2b260,2,1,official,principal
679,0,1,0.9204326359765578,probability_native,0.9204326359765578,u_ed1a8dfc72a2b260,2,1,official,principal
548,0,0,0.3405615648759993,probability_native,0.3405615648759993,u_ed1a8dfc72a2b260,2,1,official,principal
5213,0,1,0.9999676033889453,probability_native,0.9999676033889453,u_ed1a8dfc72a2b260,2,1,official,principal
4477,0,0,0.020226352027753254,probability_native,0.020226352027753254,u_ed1a8dfc72a2b260,2,1,official,principal
1350,0,0,6.50860421617681e-09,probability_native,6.50860421617681e-09,u_ed1a8dfc72a2b260,2,1,official,principal
78,0,1,0.9974729094904895,probability_native,0.9974729094904895,u_ed1a8dfc72a2b260,2,1,official,principal
386,1,1,0.9972848011984523,probability_native,0.9972848011984523,u_ed1a8dfc72a2b260,2,1,official,principal
1447,1,1,0.6505372277095802,probability_native,0.6505372277095802,u_ed1a8dfc72a2b260,2,1,official,principal
2264,0,0,3.780382245051663e-08,probability_native,3.780382245051663e-08,u_ed1a8dfc72a2b260,2,1,official,principal
1627,0,1,0.9938186523208641,probability_native,0.9938186523208641,u_ed1a8dfc72a2b260,2,1,official,principal
2095,1,1,0.9998723701178224,probability_native,0.9998723701178224,u_ed1a8dfc72a2b260,2,1,official,principal
4153,0,0,1.7233986237746962e-05,probability_native,1.7233986237746962e-05,u_ed1a8dfc72a2b260,2,1,official,principal
2449,0,1,0.9049406614058249,probability_native,0.9049406614058249,u_ed1a8dfc72a2b260,2,1,official,principal
6675,0,0,0.05635163471691293,probability_native,0.05635163471691293,u_ed1a8dfc72a2b260,2,1,official,principal
4857,0,0,0.0773718208187163,probability_native,0.0773718208187163,u_ed1a8dfc72a2b260,2,1,official,principal
5095,0,0,0.028149748932739818,probability_native,0.028149748932739818,u_ed1a8dfc72a2b260,2,1,official,principal
179,0,0,1.7324922995395143e-06,probability_native,1.7324922995395143e-06,u_ed1a8dfc72a2b260,2,1,official,principal
2644,1,0,0.19803684994859835,probability_native,0.19803684994859835,u_ed1a8dfc72a2b260,2,1,official,principal
665,0,1,0.9956466671649375,probability_native,0.9956466671649375,u_ed1a8dfc72a2b260,2,1,official,principal
1553,0,1,0.7065586442088715,probability_native,0.7065586442088715,u_ed1a8dfc72a2b260,2,1,official,principal
1111,1,1,0.9711783788182035,probability_native,0.9711783788182035,u_ed1a8dfc72a2b260,2,1,official,principal
6349,0,0,1.0143035719885425e-11,probability_native,1.0143035719885425e-11,u_ed1a8dfc72a2b260,2,1,official,principal
4946,1,1,0.999870579213847,probability_native,0.999870579213847,u_ed1a8dfc72a2b260,2,1,official,principal
245,0,1,0.9992970009370004,probability_native,0.9992970009370004,u_ed1a8dfc72a2b260,2,1,official,principal
1850,0,0,0.40357906763433354,probability_native,0.40357906763433354,u_ed1a8dfc72a2b260,2,1,official,principal
1735,0,0,7.282471022411522e-10,probability_native,7.282471022411522e-10,u_ed1a8dfc72a2b260,2,1,official,principal
6382,0,0,0.0024180231210781476,probability_native,0.0024180231210781476,u_ed1a8dfc72a2b260,2,1,official,principal
6694,0,0,4.446426856863034e-08,probability_native,4.446426856863034e-08,u_ed1a8dfc72a2b260,2,1,official,principal
4682,1,1,0.9911785777228567,probability_native,0.9911785777228567,u_ed1a8dfc72a2b260,2,1,official,principal
2744,0,0,9.816670997959245e-07,probability_native,9.816670997959245e-07,u_ed1a8dfc72a2b260,2,1,official,principal
5697,1,0,0.027360025507961985,probability_native,0.027360025507961985,u_ed1a8dfc72a2b260,2,1,official,principal
1373,0,0,0.0002857547620491787,probability_native,0.0002857547620491787,u_ed1a8dfc72a2b260,2,1,official,principal
1894,0,1,0.9217951280120182,probability_native,0.9217951280120182,u_ed1a8dfc72a2b260,2,1,official,principal
2844,1,1,0.9998859088827963,probability_native,0.9998859088827963,u_ed1a8dfc72a2b260,2,1,official,principal
6398,1,0,1.3335327942211585e-07,probability_native,1.3335327942211585e-07,u_ed1a8dfc72a2b260,2,1,official,principal
3771,1,1,0.9998698769293465,probability_native,0.9998698769293465,u_ed1a8dfc72a2b260,2,1,official,principal
851,0,0,2.1152072337652935e-08,probability_native,2.1152072337652935e-08,u_ed1a8dfc72a2b260,2,1,official,principal
2249,0,1,0.8139623175263755,probability_native,0.8139623175263755,u_ed1a8dfc72a2b260,2,1,official,principal
2175,1,1,0.9917612363424634,probability_native,0.9917612363424634,u_ed1a8dfc72a2b260,2,1,official,principal
5918,0,0,6.195400849794646e-12,probability_native,6.195400849794646e-12,u_ed1a8dfc72a2b260,2,1,official,principal
6128,0,1,0.9996041838410243,probability_native,0.9996041838410243,u_ed1a8dfc72a2b260,2,1,official,principal
2398,0,0,0.12776368783638498,probability_native,0.12776368783638498,u_ed1a8dfc72a2b260,2,1,official,principal
6152,1,1,0.9808166323615103,probability_native,0.9808166323615103,u_ed1a8dfc72a2b260,2,1,official,principal
5807,0,0,2.2756923371788842e-11,probability_native,2.2756923371788842e-11,u_ed1a8dfc72a2b260,2,1,official,principal
131,1,0,0.03003970609250188,probability_native,0.03003970609250188,u_ed1a8dfc72a2b260,2,1,official,principal
1832,1,1,0.9749534629542665,probability_native,0.9749534629542665,u_ed1a8dfc72a2b260,2,1,official,principal
513,0,1,0.8472578267387054,probability_native,0.8472578267387054,u_ed1a8dfc72a2b260,2,1,official,principal
5010,0,0,1.4185300085107032e-08,probability_native,1.4185300085107032e-08,u_ed1a8dfc72a2b260,2,1,official,principal
5971,0,0,1.5111213431693274e-12,probability_native,1.5111213431693274e-12,u_ed1a8dfc72a2b260,2,1,official,principal
5521,0,1,0.8264391070427995,probability_native,0.8264391070427995,u_ed1a8dfc72a2b260,2,1,official,principal
1785,0,0,3.6126246470922344e-10,probability_native,3.6126246470922344e-10,u_ed1a8dfc72a2b260,2,1,official,principal
5233,1,1,0.9980859542344622,probability_native,0.9980859542344622,u_ed1a8dfc72a2b260,2,1,official,principal
5502,1,1,0.999508344366417,probability_native,0.999508344366417,u_ed1a8dfc72a2b260,2,1,official,principal
663,0,0,1.2797787141583607e-08,probability_native,1.2797787141583607e-08,u_ed1a8dfc72a2b260,2,1,official,principal
3717,0,1,0.8062403573793213,probability_native,0.8062403573793213,u_ed1a8dfc72a2b260,2,1,official,principal
1221,0,0,0.48482198258616,probability_native,0.48482198258616,u_ed1a8dfc72a2b260,2,1,official,principal
5125,1,1,0.9998296756616057,probability_native,0.9998296756616057,u_ed1a8dfc72a2b260,2,1,official,principal
3770,0,0,9.771455147142775e-11,probability_native,9.771455147142775e-11,u_ed1a8dfc72a2b260,2,1,official,principal
3494,1,1,0.9948321981297343,probability_native,0.9948321981297343,u_ed1a8dfc72a2b260,2,1,official,principal
6262,0,0,0.10416181591450004,probability_native,0.10416181591450004,u_ed1a8dfc72a2b260,2,1,official,principal
2987,0,0,2.96962856311609e-11,probability_native,2.96962856311609e-11,u_ed1a8dfc72a2b260,2,1,official,principal
1712,0,1,0.7739392846307093,probability_native,0.7739392846307093,u_ed1a8dfc72a2b260,2,1,official,principal
5193,0,0,9.031349836687582e-12,probability_native,9.031349836687582e-12,u_ed1a8dfc72a2b260,2,1,official,principal
5527,0,0,0.007241996113433977,probability_native,0.007241996113433977,u_ed1a8dfc72a2b260,2,1,official,principal
4637,0,0,0.004215398325020524,probability_native,0.004215398325020524,u_ed1a8dfc72a2b260,2,1,official,principal
5031,0,1,0.9909493306744228,probability_native,0.9909493306744228,u_ed1a8dfc72a2b260,2,1,official,principal
286,0,1,0.9936862042358565,probability_native,0.9936862042358565,u_ed1a8dfc72a2b260,2,1,official,principal
6643,0,1,0.9995170193925866,probability_native,0.9995170193925866,u_ed1a8dfc72a2b260,2,1,official,principal
4876,1,1,0.9983218706743453,probability_native,0.9983218706743453,u_ed1a8dfc72a2b260,2,1,official,principal
1049,1,0,0.0013056797655781735,probability_native,0.0013056797655781735,u_ed1a8dfc72a2b260,2,1,official,principal
1180,0,0,1.5199658170377203e-06,probability_native,1.5199658170377203e-06,u_ed1a8dfc72a2b260,2,1,official,principal
4928,1,1,0.9820534056398521,probability_native,0.9820534056398521,u_ed1a8dfc72a2b260,2,1,official,principal
3039,0,0,3.0076284725008188e-09,probability_native,3.0076284725008188e-09,u_ed1a8dfc72a2b260,2,1,official,principal
1508,0,1,0.995207108993832,probability_native,0.995207108993832,u_ed1a8dfc72a2b260,2,1,official,principal
3405,0,0,0.07548207235304671,probability_native,0.07548207235304671,u_ed1a8dfc72a2b260,2,1,official,principal
6171,0,1,0.7390502474585271,probability_native,0.7390502474585271,u_ed1a8dfc72a2b260,2,1,official,principal
3266,0,0,7.323639819857446e-12,probability_native,7.323639819857446e-12,u_ed1a8dfc72a2b260,2,1,official,principal
6004,0,0,0.0006623393431780017,probability_native,0.0006623393431780017,u_ed1a8dfc72a2b260,2,1,official,principal
1191,0,0,5.049340610621134e-09,probability_native,5.049340610621134e-09,u_ed1a8dfc72a2b260,2,1,official,principal
269,0,0,3.066898409154155e-11,probability_native,3.066898409154155e-11,u_ed1a8dfc72a2b260,2,1,official,principal
2110,0,0,0.020657565146321912,probability_native,0.020657565146321912,u_ed1a8dfc72a2b260,2,1,official,principal
1529,0,0,7.441492054393885e-11,probability_native,7.441492054393885e-11,u_ed1a8dfc72a2b260,2,1,official,principal
3766,1,1,0.9975073151316737,probability_native,0.9975073151316737,u_ed1a8dfc72a2b260,2,1,official,principal
2562,0,0,3.885147462888455e-09,probability_native,3.885147462888455e-09,u_ed1a8dfc72a2b260,2,1,official,principal
4833,0,0,2.921138103084721e-05,probability_native,2.921138103084721e-05,u_ed1a8dfc72a2b260,2,1,official,principal
5160,0,1,0.998748731934021,probability_native,0.998748731934021,u_ed1a8dfc72a2b260,2,1,official,principal
3942,1,1,0.9957197337477798,probability_native,0.9957197337477798,u_ed1a8dfc72a2b260,2,1,official,principal
3387,0,0,0.001357749661904877,probability_native,0.001357749661904877,u_ed1a8dfc72a2b260,2,1,official,principal
1015,1,0,0.009210883183690104,probability_native,0.009210883183690104,u_ed1a8dfc72a2b260,2,1,official,principal
1683,0,0,1.5054107152509508e-11,probability_native,1.5054107152509508e-11,u_ed1a8dfc72a2b260,2,1,official,principal
3773,1,0,0.27553978570470844,probability_native,0.27553978570470844,u_ed1a8dfc72a2b260,2,1,official,principal
3038,0,0,0.36435126492287384,probability_native,0.36435126492287384,u_ed1a8dfc72a2b260,2,1,official,principal
1225,1,1,0.9313718431963479,probability_native,0.9313718431963479,u_ed1a8dfc72a2b260,2,1,official,principal
417,0,0,1.5114585983317706e-10,probability_native,1.5114585983317706e-10,u_ed1a8dfc72a2b260,2,1,official,principal
4177,0,0,0.38870068203089303,probability_native,0.38870068203089303,u_ed1a8dfc72a2b260,2,1,official,principal
5025,0,1,0.9973541144305332,probability_native,0.9973541144305332,u_ed1a8dfc72a2b260,2,1,official,principal
629,1,1,0.8959638007034335,probability_native,0.8959638007034335,u_ed1a8dfc72a2b260,2,1,official,principal
1556,1,1,0.9962043896825503,probability_native,0.9962043896825503,u_ed1a8dfc72a2b260,2,1,official,principal
3255,0,0,0.0005336314020437196,probability_native,0.0005336314020437196,u_ed1a8dfc72a2b260,2,1,official,principal
586,0,0,1.0567304941170263e-07,probability_native,1.0567304941170263e-07,u_ed1a8dfc72a2b260,2,1,official,principal
2633,0,0,0.0036555812834627253,probability_native,0.0036555812834627253,u_ed1a8dfc72a2b260,2,1,official,principal
3436,0,0,0.0001797735549517713,probability_native,0.0001797735549517713,u_ed1a8dfc72a2b260,2,1,official,principal
1047,0,1,0.811357340041324,probability_native,0.811357340041324,u_ed1a8dfc72a2b260,2,1,official,principal
2260,1,1,0.8009334848079663,probability_native,0.8009334848079663,u_ed1a8dfc72a2b260,2,1,official,principal
3027,0,0,0.003862792623980549,probability_native,0.003862792623980549,u_ed1a8dfc72a2b260,2,1,official,principal
3322,1,1,0.999982249792304,probability_native,0.999982249792304,u_ed1a8dfc72a2b260,2,1,official,principal
1530,1,0,0.4309875352681995,probability_native,0.4309875352681995,u_ed1a8dfc72a2b260,2,1,official,principal
3538,0,0,1.375933322362925e-10,probability_native,1.375933322362925e-10,u_ed1a8dfc72a2b260,2,1,official,principal
5032,0,1,0.9997800215402484,probability_native,0.9997800215402484,u_ed1a8dfc72a2b260,2,1,official,principal
2111,0,0,4.097521512625729e-11,probability_native,4.097521512625729e-11,u_ed1a8dfc72a2b260,2,1,official,principal
3784,1,1,0.9999152896008243,probability_native,0.9999152896008243,u_ed1a8dfc72a2b260,2,1,official,principal
2261,0,0,0.43532778958726587,probability_native,0.43532778958726587,u_ed1a8dfc72a2b260,2,1,official,principal
5314,0,0,1.1561617779143531e-09,probability_native,1.1561617779143531e-09,u_ed1a8dfc72a2b260,2,1,official,principal
3846,0,1,0.968985252019092,probability_native,0.968985252019092,u_ed1a8dfc72a2b260,2,1,official,principal
532,0,1,0.9998771613147145,probability_native,0.9998771613147145,u_ed1a8dfc72a2b260,2,1,official,principal
2934,0,0,0.00027730662741876105,probability_native,0.00027730662741876105,u_ed1a8dfc72a2b260,2,1,official,principal
5519,0,0,0.35383974652249717,probability_native,0.35383974652249717,u_ed1a8dfc72a2b260,2,1,official,principal
5558,0,0,2.278868136073557e-10,probability_native,2.278868136073557e-10,u_ed1a8dfc72a2b260,2,1,official,principal
969,1,1,0.9999322720256727,probability_native,0.9999322720256727,u_ed1a8dfc72a2b260,2,1,official,principal
4391,0,1,0.9586272252230356,probability_native,0.9586272252230356,u_ed1a8dfc72a2b260,2,1,official,principal
1816,0,0,0.001236393833893399,probability_native,0.001236393833893399,u_ed1a8dfc72a2b260,2,1,official,principal
4738,1,1,0.9893615732698232,probability_native,0.9893615732698232,u_ed1a8dfc72a2b260,2,1,official,principal
1122,1,0,0.06243989583032068,probability_native,0.06243989583032068,u_ed1a8dfc72a2b260,2,1,official,principal
5059,1,1,0.999305128306783,probability_native,0.999305128306783,u_ed1a8dfc72a2b260,2,1,official,principal
5134,1,1,0.9999470253457369,probability_native,0.9999470253457369,u_ed1a8dfc72a2b260,2,1,official,principal
4073,1,1,0.8964541221018283,probability_native,0.8964541221018283,u_ed1a8dfc72a2b260,2,1,official,principal
3571,0,1,0.992887127952007,probability_native,0.992887127952007,u_ed1a8dfc72a2b260,2,1,official,principal
68,0,0,3.226807628475301e-11,probability_native,3.226807628475301e-11,u_ed1a8dfc72a2b260,2,1,official,principal
1899,0,1,0.9796942289170131,probability_native,0.9796942289170131,u_ed1a8dfc72a2b260,2,1,official,principal
1190,0,1,0.8380530964467235,probability_native,0.8380530964467235,u_ed1a8dfc72a2b260,2,1,official,principal
6211,1,1,0.9938893756352706,probability_native,0.9938893756352706,u_ed1a8dfc72a2b260,2,1,official,principal
6257,1,1,0.999948149785361,probability_native,0.999948149785361,u_ed1a8dfc72a2b260,2,1,official,principal
6851,0,0,2.3766884591424585e-06,probability_native,2.3766884591424585e-06,u_ed1a8dfc72a2b260,2,1,official,principal
4727,0,0,3.0287029418135825e-10,probability_native,3.0287029418135825e-10,u_ed1a8dfc72a2b260,2,1,official,principal
5998,0,0,2.366446962087188e-10,probability_native,2.366446962087188e-10,u_ed1a8dfc72a2b260,2,1,official,principal
664,0,0,2.1542821198001258e-11,probability_native,2.1542821198001258e-11,u_ed1a8dfc72a2b260,2,1,official,principal
4672,0,0,0.4722241225305381,probability_native,0.4722241225305381,u_ed1a8dfc72a2b260,2,1,official,principal
1375,0,0,2.4830605026980535e-10,probability_native,2.4830605026980535e-10,u_ed1a8dfc72a2b260,2,1,official,principal
2552,0,0,9.86563484332994e-05,probability_native,9.86563484332994e-05,u_ed1a8dfc72a2b260,2,1,official,principal
3367,0,0,6.138073450541474e-08,probability_native,6.138073450541474e-08,u_ed1a8dfc72a2b260,2,1,official,principal
1196,0,0,4.674050971317847e-08,probability_native,4.674050971317847e-08,u_ed1a8dfc72a2b260,2,1,official,principal
6298,0,1,0.8947392836202713,probability_native,0.8947392836202713,u_ed1a8dfc72a2b260,2,1,official,principal
3019,1,0,0.43662262980460625,probability_native,0.43662262980460625,u_ed1a8dfc72a2b260,2,1,official,principal
538,0,0,0.010701243339179045,probability_native,0.010701243339179045,u_ed1a8dfc72a2b260,2,1,official,principal
232,1,1,0.9898556741264819,probability_native,0.9898556741264819,u_ed1a8dfc72a2b260,2,1,official,principal
3984,0,0,1.3943666357380517e-11,probability_native,1.3943666357380517e-11,u_ed1a8dfc72a2b260,2,1,official,principal
1746,0,0,2.562020860758787e-08,probability_native,2.562020860758787e-08,u_ed1a8dfc72a2b260,2,1,official,principal
470,0,0,0.00015609475384454724,probability_native,0.00015609475384454724,u_ed1a8dfc72a2b260,2,1,official,principal
6470,0,0,0.03761965557100151,probability_native,0.03761965557100151,u_ed1a8dfc72a2b260,2,1,official,principal
3933,0,0,0.00041342841519698213,probability_native,0.00041342841519698213,u_ed1a8dfc72a2b260,2,1,official,principal
619,0,1,0.9985054148889608,probability_native,0.9985054148889608,u_ed1a8dfc72a2b260,2,1,official,principal
1932,0,0,0.001359129860148506,probability_native,0.001359129860148506,u_ed1a8dfc72a2b260,2,1,official,principal
6117,0,0,2.979953801620727e-10,probability_native,2.979953801620727e-10,u_ed1a8dfc72a2b260,2,1,official,principal
5814,0,0,0.0013325836004692857,probability_native,0.0013325836004692857,u_ed1a8dfc72a2b260,2,1,official,principal
3388,0,0,0.054699194471353116,probability_native,0.054699194471353116,u_ed1a8dfc72a2b260,2,1,official,principal
3925,0,0,0.008013750970941683,probability_native,0.008013750970941683,u_ed1a8dfc72a2b260,2,1,official,principal
4940,0,1,0.9998203715803702,probability_native,0.9998203715803702,u_ed1a8dfc72a2b260,2,1,official,principal
643,0,1,0.872844762889196,probability_native,0.872844762889196,u_ed1a8dfc72a2b260,2,1,official,principal
4090,0,0,0.207210476576205,probability_native,0.207210476576205,u_ed1a8dfc72a2b260,2,1,official,principal
2103,0,1,0.9999206759883409,probability_native,0.9999206759883409,u_ed1a8dfc72a2b260,2,1,official,principal
2750,0,0,0.0001339187491996188,probability_native,0.0001339187491996188,u_ed1a8dfc72a2b260,2,1,official,principal
2007,1,1,0.9998717719562304,probability_native,0.9998717719562304,u_ed1a8dfc72a2b260,2,1,official,principal
3622,0,0,6.223735932607076e-11,probability_native,6.223735932607076e-11,u_ed1a8dfc72a2b260,2,1,official,principal
6619,0,0,0.0043459883456359654,probability_native,0.0043459883456359654,u_ed1a8dfc72a2b260,2,1,official,principal
1456,1,1,0.9996394171317512,probability_native,0.9996394171317512,u_ed1a8dfc72a2b260,2,1,official,principal
1905,0,0,5.49304846655857e-05,probability_native,5.49304846655857e-05,u_ed1a8dfc72a2b260,2,1,official,principal
6279,0,1,0.9415937169780778,probability_native,0.9415937169780778,u_ed1a8dfc72a2b260,2,1,official,principal
1868,0,1,0.980112811236793,probability_native,0.980112811236793,u_ed1a8dfc72a2b260,2,1,official,principal
2887,1,1,0.9479477967367008,probability_native,0.9479477967367008,u_ed1a8dfc72a2b260,2,1,official,principal
415,0,1,0.9156331510455878,probability_native,0.9156331510455878,u_ed1a8dfc72a2b260,2,1,official,principal
4180,1,1,0.9675201428506146,probability_native,0.9675201428506146,u_ed1a8dfc72a2b260,2,1,official,principal
4361,0,0,0.0883346761001198,probability_native,0.0883346761001198,u_ed1a8dfc72a2b260,2,1,official,principal
3307,0,0,3.5847783819892337e-07,probability_native,3.5847783819892337e-07,u_ed1a8dfc72a2b260,2,1,official,principal
6980,1,1,0.9447497350451401,probability_native,0.9447497350451401,u_ed1a8dfc72a2b260,2,1,official,principal
1112,0,0,1.3431876109550544e-08,probability_native,1.3431876109550544e-08,u_ed1a8dfc72a2b260,2,1,official,principal
6193,0,0,0.35568452057974,probability_native,0.35568452057974,u_ed1a8dfc72a2b260,2,1,official,principal
4834,0,0,1.9113356966275496e-11,probability_native,1.9113356966275496e-11,u_ed1a8dfc72a2b260,2,1,official,principal
298,0,1,0.9646850203369053,probability_native,0.9646850203369053,u_ed1a8dfc72a2b260,2,1,official,principal
6486,1,1,0.8159378152157061,probability_native,0.8159378152157061,u_ed1a8dfc72a2b260,2,1,official,principal
1325,1,1,0.9999658393590948,probability_native,0.9999658393590948,u_ed1a8dfc72a2b260,2,1,official,principal
251,1,1,0.9928385202408347,probability_native,0.9928385202408347,u_ed1a8dfc72a2b260,2,1,official,principal
3657,0,0,4.509263182344397e-10,probability_native,4.509263182344397e-10,u_ed1a8dfc72a2b260,2,1,official,principal
3015,0,0,3.8708245033866184e-08,probability_native,3.8708245033866184e-08,u_ed1a8dfc72a2b260,2,1,official,principal
738,0,1,0.9986253864550152,probability_native,0.9986253864550152,u_ed1a8dfc72a2b260,2,1,official,principal
5170,0,0,0.0013056797655781735,probability_native,0.0013056797655781735,u_ed1a8dfc72a2b260,2,1,official,principal
6958,0,0,6.195407715483771e-10,probability_native,6.195407715483771e-10,u_ed1a8dfc72a2b260,2,1,official,principal
6770,0,1,0.9812158584515795,probability_native,0.9812158584515795,u_ed1a8dfc72a2b260,2,1,official,principal
418,1,1,0.984879976058732,probability_native,0.984879976058732,u_ed1a8dfc72a2b260,2,1,official,principal
1176,1,1,0.9542580722685922,probability_native,0.9542580722685922,u_ed1a8dfc72a2b260,2,1,official,principal
1486,1,1,0.5303108916181258,probability_native,0.5303108916181258,u_ed1a8dfc72a2b260,2,1,official,principal
6269,0,0,0.08970554387541417,probability_native,0.08970554387541417,u_ed1a8dfc72a2b260,2,1,official,principal
1574,0,0,4.724457850724231e-06,probability_native,4.724457850724231e-06,u_ed1a8dfc72a2b260,2,1,official,principal
5684,1,0,0.00660589363596715,probability_native,0.00660589363596715,u_ed1a8dfc72a2b260,2,1,official,principal
504,0,0,7.002624678198788e-10,probability_native,7.002624678198788e-10,u_ed1a8dfc72a2b260,2,1,official,principal
5358,0,0,0.000769293269194006,probability_native,0.000769293269194006,u_ed1a8dfc72a2b260,2,1,official,principal
1324,1,0,0.00013828561885553318,probability_native,0.00013828561885553318,u_ed1a8dfc72a2b260,2,1,official,principal
1669,0,1,0.9920563975158078,probability_native,0.9920563975158078,u_ed1a8dfc72a2b260,2,1,official,principal
427,0,1,0.9959510901171589,probability_native,0.9959510901171589,u_ed1a8dfc72a2b260,2,1,official,principal
2939,1,1,0.9929502675276567,probability_native,0.9929502675276567,u_ed1a8dfc72a2b260,2,1,official,principal
1224,1,1,0.6810248929935795,probability_native,0.6810248929935795,u_ed1a8dfc72a2b260,2,1,official,principal
2960,1,1,0.9991660493767975,probability_native,0.9991660493767975,u_ed1a8dfc72a2b260,2,1,official,principal
2030,0,1,0.519396876020796,probability_native,0.519396876020796,u_ed1a8dfc72a2b260,2,1,official,principal
3061,1,1,0.9999312623552095,probability_native,0.9999312623552095,u_ed1a8dfc72a2b260,2,1,official,principal
3893,0,1,0.9913708822367254,probability_native,0.9913708822367254,u_ed1a8dfc72a2b260,2,1,official,principal
1677,0,0,1.53172769873493e-10,probability_native,1.53172769873493e-10,u_ed1a8dfc72a2b260,2,1,official,principal
672,1,1,0.9977460395332922,probability_native,0.9977460395332922,u_ed1a8dfc72a2b260,2,1,official,principal
2146,0,0,0.0005813771518153869,probability_native,0.0005813771518153869,u_ed1a8dfc72a2b260,2,1,official,principal
4378,0,0,8.639070639021786e-06,probability_native,8.639070639021786e-06,u_ed1a8dfc72a2b260,2,1,official,principal
6062,0,1,0.9657644237555821,probability_native,0.9657644237555821,u_ed1a8dfc72a2b260,2,1,official,principal
143,0,0,0.007752035842098249,probability_native,0.007752035842098249,u_ed1a8dfc72a2b260,2,1,official,principal
5883,0,0,0.003980573952783605,probability_native,0.003980573952783605,u_ed1a8dfc72a2b260,2,1,official,principal
3136,1,1,0.9996116324008317,probability_native,0.9996116324008317,u_ed1a8dfc72a2b260,2,1,official,principal
6250,0,0,1.7470528910460382e-07,probability_native,1.7470528910460382e-07,u_ed1a8dfc72a2b260,2,1,official,principal
4970,0,0,0.009348134359416007,probability_native,0.009348134359416007,u_ed1a8dfc72a2b260,2,1,official,principal
4048,0,0,4.2358364376786195e-10,probability_native,4.2358364376786195e-10,u_ed1a8dfc72a2b260,2,1,official,principal
999,0,1,0.9860537984818724,probability_native,0.9860537984818724,u_ed1a8dfc72a2b260,2,1,official,principal
4360,0,1,0.9980289381551096,probability_native,0.9980289381551096,u_ed1a8dfc72a2b260,2,1,official,principal
2010,1,1,0.9990955649651638,probability_native,0.9990955649651638,u_ed1a8dfc72a2b260,2,1,official,principal
1238,1,1,0.9999842003466403,probability_native,0.9999842003466403,u_ed1a8dfc72a2b260,2,1,official,principal
2778,0,1,0.78204980727648,probability_native,0.78204980727648,u_ed1a8dfc72a2b260,2,1,official,principal
4236,0,0,0.0005024930788929848,probability_native,0.0005024930788929848,u_ed1a8dfc72a2b260,2,1,official,principal
6697,0,0,0.056931362039259026,probability_native,0.056931362039259026,u_ed1a8dfc72a2b260,2,1,official,principal
6049,0,0,5.611575218863086e-12,probability_native,5.611575218863086e-12,u_ed1a8dfc72a2b260,2,1,official,principal
1327,1,0,0.2731428068085836,probability_native,0.2731428068085836,u_ed1a8dfc72a2b260,2,1,official,principal
2149,0,1,0.9406288838117353,probability_native,0.9406288838117353,u_ed1a8dfc72a2b260,2,1,official,principal
4841,0,1,0.9988304583792362,probability_native,0.9988304583792362,u_ed1a8dfc72a2b260,2,1,official,principal
5062,1,1,0.5121917151921291,probability_native,0.5121917151921291,u_ed1a8dfc72a2b260,2,1,official,principal
4043,0,0,1.8079964689930093e-08,probability_native,1.8079964689930093e-08,u_ed1a8dfc72a2b260,2,1,official,principal
421,0,1,0.9987266641956859,probability_native,0.9987266641956859,u_ed1a8dfc72a2b260,2,1,official,principal
1811,0,1,0.9989844115695198,probability_native,0.9989844115695198,u_ed1a8dfc72a2b260,2,1,official,principal
2955,1,1,0.9999225667429076,probability_native,0.9999225667429076,u_ed1a8dfc72a2b260,2,1,official,principal
29,1,1,0.9233017460732261,probability_native,0.9233017460732261,u_ed1a8dfc72a2b260,2,1,official,principal
6800,1,0,0.03349279723927388,probability_native,0.03349279723927388,u_ed1a8dfc72a2b260,2,1,official,principal
296,0,0,4.79301573426662e-07,probability_native,4.79301573426662e-07,u_ed1a8dfc72a2b260,2,1,official,principal
1005,0,1,0.5528797355420774,probability_native,0.5528797355420774,u_ed1a8dfc72a2b260,2,1,official,principal
1185,1,1,0.9990130437227486,probability_native,0.9990130437227486,u_ed1a8dfc72a2b260,2,1,official,principal
3276,1,1,0.9998536896186819,probability_native,0.9998536896186819,u_ed1a8dfc72a2b260,2,1,official,principal
6090,0,0,4.967549634831587e-09,probability_native,4.967549634831587e-09,u_ed1a8dfc72a2b260,2,1,official,principal
22,1,0,0.0013527529519301203,probability_native,0.0013527529519301203,u_ed1a8dfc72a2b260,2,1,official,principal
2438,1,1,0.9870938127245098,probability_native,0.9870938127245098,u_ed1a8dfc72a2b260,2,1,official,principal
6772,1,0,0.03493073949547263,probability_native,0.03493073949547263,u_ed1a8dfc72a2b260,2,1,official,principal
2312,0,0,2.4206065193895382e-05,probability_native,2.4206065193895382e-05,u_ed1a8dfc72a2b260,2,1,official,principal
146,0,0,3.2569836599717886e-05,probability_native,3.2569836599717886e-05,u_ed1a8dfc72a2b260,2,1,official,principal
4396,1,1,0.9927775667891605,probability_native,0.9927775667891605,u_ed1a8dfc72a2b260,2,1,official,principal
583,0,0,0.0005037521608268921,probability_native,0.0005037521608268921,u_ed1a8dfc72a2b260,2,1,official,principal
1960,0,0,0.09103444730231627,probability_native,0.09103444730231627,u_ed1a8dfc72a2b260,2,1,official,principal
2637,0,0,1.7955735206120262e-10,probability_native,1.7955735206120262e-10,u_ed1a8dfc72a2b260,2,1,official,principal
448,0,1,0.9986229537043179,probability_native,0.9986229537043179,u_ed1a8dfc72a2b260,2,1,official,principal
2761,1,1,0.996687066009461,probability_native,0.996687066009461,u_ed1a8dfc72a2b260,2,1,official,principal
4489,0,0,0.006053769020216159,probability_native,0.006053769020216159,u_ed1a8dfc72a2b260,2,1,official,principal
2607,1,1,0.9999660124086418,probability_native,0.9999660124086418,u_ed1a8dfc72a2b260,2,1,official,principal
82,1,1,0.9963742020497477,probability_native,0.9963742020497477,u_ed1a8dfc72a2b260,2,1,official,principal
1809,1,1,0.9998896033104622,probability_native,0.9998896033104622,u_ed1a8dfc72a2b260,2,1,official,principal
5696,1,1,0.7856883468269836,probability_native,0.7856883468269836,u_ed1a8dfc72a2b260,2,1,official,principal
4538,1,1,0.9974378723750587,probability_native,0.9974378723750587,u_ed1a8dfc72a2b260,2,1,official,principal
2861,1,1,0.9998709040283716,probability_native,0.9998709040283716,u_ed1a8dfc72a2b260,2,1,official,principal
5224,0,1,0.9612841977282709,probability_native,0.9612841977282709,u_ed1a8dfc72a2b260,2,1,official,principal
3813,0,0,1.0889858786569576e-06,probability_native,1.0889858786569576e-06,u_ed1a8dfc72a2b260,2,1,official,principal
1080,0,0,2.7830957872716226e-09,probability_native,2.7830957872716226e-09,u_ed1a8dfc72a2b260,2,1,official,principal
2708,1,1,0.9999214573552158,probability_native,0.9999214573552158,u_ed1a8dfc72a2b260,2,1,official,principal
3309,0,0,6.657712613720863e-06,probability_native,6.657712613720863e-06,u_ed1a8dfc72a2b260,2,1,official,principal
6768,0,0,5.3903288844948543e-11,probability_native,5.3903288844948543e-11,u_ed1a8dfc72a2b260,2,1,official,principal
1616,0,0,3.570583716448305e-11,probability_native,3.570583716448305e-11,u_ed1a8dfc72a2b260,2,1,official,principal
4344,0,0,6.136349826091155e-06,probability_native,6.136349826091155e-06,u_ed1a8dfc72a2b260,2,1,official,principal
3722,0,0,0.00019478862923028573,probability_native,0.00019478862923028573,u_ed1a8dfc72a2b260,2,1,official,principal
1511,0,0,3.8406312721062384e-11,probability_native,3.8406312721062384e-11,u_ed1a8dfc72a2b260,2,1,official,principal
3074,0,0,0.05623849958307869,probability_native,0.05623849958307869,u_ed1a8dfc72a2b260,2,1,official,principal
4631,1,1,0.9998552818954157,probability_native,0.9998552818954157,u_ed1a8dfc72a2b260,2,1,official,principal
7017,0,0,2.951386276587139e-10,probability_native,2.951386276587139e-10,u_ed1a8dfc72a2b260,2,1,official,principal
3832,0,0,0.005540660261882291,probability_native,0.005540660261882291,u_ed1a8dfc72a2b260,2,1,official,principal
4293,1,1,0.9980344307802438,probability_native,0.9980344307802438,u_ed1a8dfc72a2b260,2,1,official,principal
1195,0,1,0.9989433535358826,probability_native,0.9989433535358826,u_ed1a8dfc72a2b260,2,1,official,principal
1200,0,0,0.12496228542007826,probability_native,0.12496228542007826,u_ed1a8dfc72a2b260,2,1,official,principal
6750,0,0,0.0006542152951734993,probability_native,0.0006542152951734993,u_ed1a8dfc72a2b260,2,1,official,principal
553,0,0,1.1152887034157187e-10,probability_native,1.1152887034157187e-10,u_ed1a8dfc72a2b260,2,1,official,principal
748,0,0,5.309852023016772e-11,probability_native,5.309852023016772e-11,u_ed1a8dfc72a2b260,2,1,official,principal
906,0,1,0.9985607424308612,probability_native,0.9985607424308612,u_ed1a8dfc72a2b260,2,1,official,principal
3923,1,1,0.9980436912825477,probability_native,0.9980436912825477,u_ed1a8dfc72a2b260,2,1,official,principal
4115,0,0,0.0014564919479582424,probability_native,0.0014564919479582424,u_ed1a8dfc72a2b260,2,1,official,principal
1526,0,1,0.9994619235530783,probability_native,0.9994619235530783,u_ed1a8dfc72a2b260,2,1,official,principal
3022,0,0,0.001265508815930145,probability_native,0.001265508815930145,u_ed1a8dfc72a2b260,2,1,official,principal
707,0,1,0.9363698614602175,probability_native,0.9363698614602175,u_ed1a8dfc72a2b260,2,1,official,principal
1041,0,0,5.848286062836257e-05,probability_native,5.848286062836257e-05,u_ed1a8dfc72a2b260,2,1,official,principal
662,0,0,0.001340076336347047,probability_native,0.001340076336347047,u_ed1a8dfc72a2b260,2,1,official,principal
1745,0,0,1.0928827333030213e-11,probability_native,1.0928827333030213e-11,u_ed1a8dfc72a2b260,2,1,official,principal
1364,0,0,6.263773794028803e-10,probability_native,6.263773794028803e-10,u_ed1a8dfc72a2b260,2,1,official,principal
2218,0,0,4.4506326852998063e-10,probability_native,4.4506326852998063e-10,u_ed1a8dfc72a2b260,2,1,official,principal
687,1,1,0.997311348956244,probability_native,0.997311348956244,u_ed1a8dfc72a2b260,2,1,official,principal
6858,1,1,0.9966532540266195,probability_native,0.9966532540266195,u_ed1a8dfc72a2b260,2,1,official,principal
1012,0,1,0.9970075178708095,probability_native,0.9970075178708095,u_ed1a8dfc72a2b260,2,1,official,principal
319,0,1,0.8367782529286077,probability_native,0.8367782529286077,u_ed1a8dfc72a2b260,2,1,official,principal
635,1,1,0.7663263271473849,probability_native,0.7663263271473849,u_ed1a8dfc72a2b260,2,1,official,principal
1069,0,0,0.02430865479797083,probability_native,0.02430865479797083,u_ed1a8dfc72a2b260,2,1,official,principal
400,0,0,3.538990495162578e-05,probability_native,3.538990495162578e-05,u_ed1a8dfc72a2b260,2,1,official,principal
4825,0,1,0.999194248878549,probability_native,0.999194248878549,u_ed1a8dfc72a2b260,2,1,official,principal
3551,1,1,0.9993770769266886,probability_native,0.9993770769266886,u_ed1a8dfc72a2b260,2,1,official,principal
2315,0,0,0.048953609719495327,probability_native,0.048953609719495327,u_ed1a8dfc72a2b260,2,1,official,principal
1966,0,1,0.8835154132488872,probability_native,0.8835154132488872,u_ed1a8dfc72a2b260,2,1,official,principal
5443,0,1,0.9722191336124419,probability_native,0.9722191336124419,u_ed1a8dfc72a2b260,2,1,official,principal
5324,0,0,0.05882132277989397,probability_native,0.05882132277989397,u_ed1a8dfc72a2b260,2,1,official,principal
6123,0,0,0.021729487960744462,probability_native,0.021729487960744462,u_ed1a8dfc72a2b260,2,1,official,principal
3757,0,0,6.940110089758978e-08,probability_native,6.940110089758978e-08,u_ed1a8dfc72a2b260,2,1,official,principal
2922,1,1,0.958979577881025,probability_native,0.958979577881025,u_ed1a8dfc72a2b260,2,1,official,principal
6418,0,0,0.07065662393942514,probability_native,0.07065662393942514,u_ed1a8dfc72a2b260,2,1,official,principal
4172,0,0,0.001287244629992541,probability_native,0.001287244629992541,u_ed1a8dfc72a2b260,2,1,official,principal
5887,0,0,0.37874558955063903,probability_native,0.37874558955063903,u_ed1a8dfc72a2b260,2,1,official,principal
846,0,0,3.8314009870648326e-08,probability_native,3.8314009870648326e-08,u_ed1a8dfc72a2b260,2,1,official,principal
1213,0,0,9.373878775614154e-12,probability_native,9.373878775614154e-12,u_ed1a8dfc72a2b260,2,1,official,principal
3433,0,0,0.18766879201964565,probability_native,0.18766879201964565,u_ed1a8dfc72a2b260,2,1,official,principal
1921,0,0,2.113300303642434e-09,probability_native,2.113300303642434e-09,u_ed1a8dfc72a2b260,2,1,official,principal
3599,0,0,0.00533491766916843,probability_native,0.00533491766916843,u_ed1a8dfc72a2b260,2,1,official,principal
4295,0,0,0.004241876581581258,probability_native,0.004241876581581258,u_ed1a8dfc72a2b260,2,1,official,principal
2563,1,1,0.995882387289361,probability_native,0.995882387289361,u_ed1a8dfc72a2b260,2,1,official,principal
121,0,0,0.0011894678165272612,probability_native,0.0011894678165272612,u_ed1a8dfc72a2b260,2,1,official,principal
1479,0,0,0.372418152097691,probability_native,0.372418152097691,u_ed1a8dfc72a2b260,2,1,official,principal
6126,1,1,0.9985933838593275,probability_native,0.9985933838593275,u_ed1a8dfc72a2b260,2,1,official,principal
2859,0,0,1.0040603708795206e-08,probability_native,1.0040603708795206e-08,u_ed1a8dfc72a2b260,2,1,official,principal
3131,0,0,1.601711761173895e-08,probability_native,1.601711761173895e-08,u_ed1a8dfc72a2b260,2,1,official,principal
6032,1,1,0.9852111874814021,probability_native,0.9852111874814021,u_ed1a8dfc72a2b260,2,1,official,principal
1962,0,0,0.2688408929207328,probability_native,0.2688408929207328,u_ed1a8dfc72a2b260,2,1,official,principal
6860,1,1,0.9944675225011143,probability_native,0.9944675225011143,u_ed1a8dfc72a2b260,2,1,official,principal
3531,0,0,7.928981906451224e-06,probability_native,7.928981906451224e-06,u_ed1a8dfc72a2b260,2,1,official,principal
6038,1,0,4.2552682090048356e-09,probability_native,4.2552682090048356e-09,u_ed1a8dfc72a2b260,2,1,official,principal
5055,0,0,2.1494741862092322e-10,probability_native,2.1494741862092322e-10,u_ed1a8dfc72a2b260,2,1,official,principal
6229,0,0,7.120114392651155e-09,probability_native,7.120114392651155e-09,u_ed1a8dfc72a2b260,2,1,official,principal
1547,1,0,0.31631879296693977,probability_native,0.31631879296693977,u_ed1a8dfc72a2b260,2,1,official,principal
4381,1,1,0.9860987451189084,probability_native,0.9860987451189084,u_ed1a8dfc72a2b260,2,1,official,principal
6835,0,0,0.1345485677673743,probability_native,0.1345485677673743,u_ed1a8dfc72a2b260,2,1,official,principal
520,0,0,0.06725396982155794,probability_native,0.06725396982155794,u_ed1a8dfc72a2b260,2,1,official,principal
6452,0,1,0.9959527028501043,probability_native,0.9959527028501043,u_ed1a8dfc72a2b260,2,1,official,principal
6012,1,1,0.9978297457975509,probability_native,0.9978297457975509,u_ed1a8dfc72a2b260,2,1,official,principal
4836,0,1,0.6502457547078062,probability_native,0.6502457547078062,u_ed1a8dfc72a2b260,2,1,official,principal
6597,1,1,0.8520283695683981,probability_native,0.8520283695683981,u_ed1a8dfc72a2b260,2,1,official,principal
2736,0,1,0.9916515517527794,probability_native,0.9916515517527794,u_ed1a8dfc72a2b260,2,1,official,principal
1075,0,0,0.3167045120877516,probability_native,0.3167045120877516,u_ed1a8dfc72a2b260,2,1,official,principal
4063,1,1,0.9996981016519766,probability_native,0.9996981016519766,u_ed1a8dfc72a2b260,2,1,official,principal
4494,0,1,0.999125285499949,probability_native,0.999125285499949,u_ed1a8dfc72a2b260,2,1,official,principal
2031,0,0,0.03716266799281097,probability_native,0.03716266799281097,u_ed1a8dfc72a2b260,2,1,official,principal
468,0,0,3.191320459202847e-11,probability_native,3.191320459202847e-11,u_ed1a8dfc72a2b260,2,1,official,principal
6682,0,0,1.2707675182035992e-07,probability_native,1.2707675182035992e-07,u_ed1a8dfc72a2b260,2,1,official,principal
2200,0,1,0.626950575917973,probability_native,0.626950575917973,u_ed1a8dfc72a2b260,2,1,official,principal
6676,0,1,0.7550724966386351,probability_native,0.7550724966386351,u_ed1a8dfc72a2b260,2,1,official,principal
6326,0,0,2.7855982604617477e-08,probability_native,2.7855982604617477e-08,u_ed1a8dfc72a2b260,2,1,official,principal
2890,1,1,0.9477950040870089,probability_native,0.9477950040870089,u_ed1a8dfc72a2b260,2,1,official,principal
5197,0,0,4.049222730432596e-07,probability_native,4.049222730432596e-07,u_ed1a8dfc72a2b260,2,1,official,principal
2322,0,0,9.618160720428737e-12,probability_native,9.618160720428737e-12,u_ed1a8dfc72a2b260,2,1,official,principal
1251,1,1,0.998796575771799,probability_native,0.998796575771799,u_ed1a8dfc72a2b260,2,1,official,principal
4510,0,0,0.16737039858879996,probability_native,0.16737039858879996,u_ed1a8dfc72a2b260,2,1,official,principal
6021,0,0,0.0004170746466345745,probability_native,0.0004170746466345745,u_ed1a8dfc72a2b260,2,1,official,principal
1017,0,0,3.7643392215068114e-05,probability_native,3.7643392215068114e-05,u_ed1a8dfc72a2b260,2,1,official,principal
6150,0,1,0.9987104366010482,probability_native,0.9987104366010482,u_ed1a8dfc72a2b260,2,1,official,principal
4854,0,0,0.0006094783141468363,probability_native,0.0006094783141468363,u_ed1a8dfc72a2b260,2,1,official,principal
1495,0,0,0.14850515359341576,probability_native,0.14850515359341576,u_ed1a8dfc72a2b260,2,1,official,principal
6067,0,0,0.002439323555321287,probability_native,0.002439323555321287,u_ed1a8dfc72a2b260,2,1,official,principal
2050,0,0,1.4672581815479034e-09,probability_native,1.4672581815479034e-09,u_ed1a8dfc72a2b260,2,1,official,principal
5590,0,0,0.0002516369014938075,probability_native,0.0002516369014938075,u_ed1a8dfc72a2b260,2,1,official,principal
1422,0,0,4.935593180505412e-10,probability_native,4.935593180505412e-10,u_ed1a8dfc72a2b260,2,1,official,principal
5774,0,1,0.9504279619039068,probability_native,0.9504279619039068,u_ed1a8dfc72a2b260,2,1,official,principal
3450,0,1,0.5952431104087061,probability_native,0.5952431104087061,u_ed1a8dfc72a2b260,2,1,official,principal
6668,0,1,0.9954634108568758,probability_native,0.9954634108568758,u_ed1a8dfc72a2b260,2,1,official,principal
2995,0,1,0.5243721370117072,probability_native,0.5243721370117072,u_ed1a8dfc72a2b260,2,1,official,principal
3004,1,1,0.9600822435870962,probability_native,0.9600822435870962,u_ed1a8dfc72a2b260,2,1,official,principal
3611,0,0,1.701116369562126e-06,probability_native,1.701116369562126e-06,u_ed1a8dfc72a2b260,2,1,official,principal
4131,1,0,0.00506559405305955,probability_native,0.00506559405305955,u_ed1a8dfc72a2b260,2,1,official,principal
3455,1,1,0.9999153354132035,probability_native,0.9999153354132035,u_ed1a8dfc72a2b260,2,1,official,principal
1954,1,1,0.9998460761940962,probability_native,0.9998460761940962,u_ed1a8dfc72a2b260,2,1,official,principal
5637,0,0,0.0017209136393653002,probability_native,0.0017209136393653002,u_ed1a8dfc72a2b260,2,1,official,principal
6028,1,1,0.7685198513997743,probability_native,0.7685198513997743,u_ed1a8dfc72a2b260,2,1,official,principal
4900,1,1,0.9998523343218811,probability_native,0.9998523343218811,u_ed1a8dfc72a2b260,2,1,official,principal
5583,1,1,0.9993990678893445,probability_native,0.9993990678893445,u_ed1a8dfc72a2b260,2,1,official,principal
1534,0,0,1.2053826822330327e-12,probability_native,1.2053826822330327e-12,u_ed1a8dfc72a2b260,2,1,official,principal
1108,0,0,1.9280018991987875e-11,probability_native,1.9280018991987875e-11,u_ed1a8dfc72a2b260,2,1,official,principal
5882,0,0,2.0657764811471218e-10,probability_native,2.0657764811471218e-10,u_ed1a8dfc72a2b260,2,1,official,principal
4052,1,1,0.9934321221215167,probability_native,0.9934321221215167,u_ed1a8dfc72a2b260,2,1,official,principal
910,1,1,0.9999287463342665,probability_native,0.9999287463342665,u_ed1a8dfc72a2b260,2,1,official,principal
3600,1,1,0.9923413996378614,probability_native,0.9923413996378614,u_ed1a8dfc72a2b260,2,1,official,principal
3003,1,1,0.9900357949421253,probability_native,0.9900357949421253,u_ed1a8dfc72a2b260,2,1,official,principal
6782,0,1,0.977991838009583,probability_native,0.977991838009583,u_ed1a8dfc72a2b260,2,1,official,principal
703,0,0,0.0042913736436673185,probability_native,0.0042913736436673185,u_ed1a8dfc72a2b260,2,1,official,principal
6874,0,0,0.4217085158310926,probability_native,0.4217085158310926,u_ed1a8dfc72a2b260,2,1,official,principal
2577,1,1,0.9999355766098226,probability_native,0.9999355766098226,u_ed1a8dfc72a2b260,2,1,official,principal
4137,0,0,0.00015625984091757888,probability_native,0.00015625984091757888,u_ed1a8dfc72a2b260,2,1,official,principal
2821,1,1,0.9999548004787432,probability_native,0.9999548004787432,u_ed1a8dfc72a2b260,2,1,official,principal
5701,0,0,0.3401734913618123,probability_native,0.3401734913618123,u_ed1a8dfc72a2b260,2,1,official,principal
5573,1,1,0.9999665229226838,probability_native,0.9999665229226838,u_ed1a8dfc72a2b260,2,1,official,principal
3002,0,0,0.0986854072514957,probability_native,0.0986854072514957,u_ed1a8dfc72a2b260,2,1,official,principal
145,0,0,2.582742070778002e-09,probability_native,2.582742070778002e-09,u_ed1a8dfc72a2b260,2,1,official,principal
929,0,1,0.5432055493374064,probability_native,0.5432055493374064,u_ed1a8dfc72a2b260,2,1,official,principal
3150,0,0,0.48951599982426375,probability_native,0.48951599982426375,u_ed1a8dfc72a2b260,2,1,official,principal
1022,0,1,0.9999661117093797,probability_native,0.9999661117093797,u_ed1a8dfc72a2b260,2,1,official,principal
6011,0,0,0.0005865097095994923,probability_native,0.0005865097095994923,u_ed1a8dfc72a2b260,2,1,official,principal
3102,1,1,0.812155276361587,probability_native,0.812155276361587,u_ed1a8dfc72a2b260,2,1,official,principal
2453,0,1,0.9999751659261773,probability_native,0.9999751659261773,u_ed1a8dfc72a2b260,2,1,official,principal
1588,0,1,0.9038910832547188,probability_native,0.9038910832547188,u_ed1a8dfc72a2b260,2,1,official,principal
2612,0,0,0.1277888349449884,probability_native,0.1277888349449884,u_ed1a8dfc72a2b260,2,1,official,principal
6489,1,0,0.00438602827715266,probability_native,0.00438602827715266,u_ed1a8dfc72a2b260,2,1,official,principal
116,0,0,5.204768154651854e-08,probability_native,5.204768154651854e-08,u_ed1a8dfc72a2b260,2,1,official,principal
4351,0,0,0.0012939251813902511,probability_native,0.0012939251813902511,u_ed1a8dfc72a2b260,2,1,official,principal
1948,1,1,0.9994978963128898,probability_native,0.9994978963128898,u_ed1a8dfc72a2b260,2,1,official,principal
2225,0,0,0.29436524621095905,probability_native,0.29436524621095905,u_ed1a8dfc72a2b260,2,1,official,principal
6267,1,1,0.9997734545915519,probability_native,0.9997734545915519,u_ed1a8dfc72a2b260,2,1,official,principal
3340,1,1,0.999429732333098,probability_native,0.999429732333098,u_ed1a8dfc72a2b260,2,1,official,principal
6051,0,0,0.0008057660310481556,probability_native,0.0008057660310481556,u_ed1a8dfc72a2b260,2,1,official,principal
5996,0,0,1.3619339252902612e-10,probability_native,1.3619339252902612e-10,u_ed1a8dfc72a2b260,2,1,official,principal
567,0,0,5.626652243905229e-10,probability_native,5.626652243905229e-10,u_ed1a8dfc72a2b260,2,1,official,principal
6707,0,0,2.2127501238748717e-10,probability_native,2.2127501238748717e-10,u_ed1a8dfc72a2b260,2,1,official,principal
3969,0,1,0.9248493526950141,probability_native,0.9248493526950141,u_ed1a8dfc72a2b260,2,1,official,principal
6987,0,1,0.9649568410293295,probability_native,0.9649568410293295,u_ed1a8dfc72a2b260,2,1,official,principal
2092,0,0,2.8880577234970345e-10,probability_native,2.8880577234970345e-10,u_ed1a8dfc72a2b260,2,1,official,principal
2201,0,0,0.007264930759007413,probability_native,0.007264930759007413,u_ed1a8dfc72a2b260,2,1,official,principal
1857,0,0,6.247337176917148e-10,probability_native,6.247337176917148e-10,u_ed1a8dfc72a2b260,2,1,official,principal
545,0,0,0.48162346775562737,probability_native,0.48162346775562737,u_ed1a8dfc72a2b260,2,1,official,principal
231,0,0,0.16517575700955853,probability_native,0.16517575700955853,u_ed1a8dfc72a2b260,2,1,official,principal
4037,0,0,1.3253101414377197e-11,probability_native,1.3253101414377197e-11,u_ed1a8dfc72a2b260,2,1,official,principal
2700,0,1,0.6087174696917881,probability_native,0.6087174696917881,u_ed1a8dfc72a2b260,2,1,official,principal
275,1,1,0.9972834781959133,probability_native,0.9972834781959133,u_ed1a8dfc72a2b260,2,1,official,principal
5801,0,1,0.999813511607811,probability_native,0.999813511607811,u_ed1a8dfc72a2b260,2,1,official,principal
4387,0,0,0.001091061314382765,probability_native,0.001091061314382765,u_ed1a8dfc72a2b260,2,1,official,principal
5980,0,0,0.00410770016781366,probability_native,0.00410770016781366,u_ed1a8dfc72a2b260,2,1,official,principal
5921,0,0,0.022673517602630533,probability_native,0.022673517602630533,u_ed1a8dfc72a2b260,2,1,official,principal
1764,0,0,8.629771858826738e-10,probability_native,8.629771858826738e-10,u_ed1a8dfc72a2b260,2,1,official,principal
843,0,0,0.45956727528295466,probability_native,0.45956727528295466,u_ed1a8dfc72a2b260,2,1,official,principal
3884,0,1,0.9982827985954277,probability_native,0.9982827985954277,u_ed1a8dfc72a2b260,2,1,official,principal
2046,0,0,0.07321146074089063,probability_native,0.07321146074089063,u_ed1a8dfc72a2b260,2,1,official,principal
983,1,1,0.9999043814837677,probability_native,0.9999043814837677,u_ed1a8dfc72a2b260,2,1,official,principal
2865,0,0,1.4612053482987458e-08,probability_native,1.4612053482987458e-08,u_ed1a8dfc72a2b260,2,1,official,principal
5670,1,0,0.00018439338234183574,probability_native,0.00018439338234183574,u_ed1a8dfc72a2b260,2,1,official,principal
3593,1,1,0.99591756309093,probability_native,0.99591756309093,u_ed1a8dfc72a2b260,2,1,official,principal
1825,0,1,0.9909129309434657,probability_native,0.9909129309434657,u_ed1a8dfc72a2b260,2,1,official,principal
4341,1,1,0.9994468633402246,probability_native,0.9994468633402246,u_ed1a8dfc72a2b260,2,1,official,principal
6409,0,0,2.625961352157875e-06,probability_native,2.625961352157875e-06,u_ed1a8dfc72a2b260,2,1,official,principal
2523,0,0,5.009139390489661e-12,probability_native,5.009139390489661e-12,u_ed1a8dfc72a2b260,2,1,official,principal
2728,0,0,0.07551991724376265,probability_native,0.07551991724376265,u_ed1a8dfc72a2b260,2,1,official,principal
3517,1,0,0.0008610313224389172,probability_native,0.0008610313224389172,u_ed1a8dfc72a2b260,2,1,official,principal
1973,0,0,1.7600154635438467e-08,probability_native,1.7600154635438467e-08,u_ed1a8dfc72a2b260,2,1,official,principal
6076,0,0,0.00016912469352297864,probability_native,0.00016912469352297864,u_ed1a8dfc72a2b260,2,1,official,principal
1946,0,0,0.3934977893879612,probability_native,0.3934977893879612,u_ed1a8dfc72a2b260,2,1,official,principal
5659,0,0,8.11322972948772e-08,probability_native,8.11322972948772e-08,u_ed1a8dfc72a2b260,2,1,official,principal
2714,0,0,4.543653523172308e-06,probability_native,4.543653523172308e-06,u_ed1a8dfc72a2b260,2,1,official,principal
2561,0,0,4.0771525634643585e-09,probability_native,4.0771525634643585e-09,u_ed1a8dfc72a2b260,2,1,official,principal
6908,1,1,0.9655460486696529,probability_native,0.9655460486696529,u_ed1a8dfc72a2b260,2,1,official,principal
5035,0,1,0.999094416261248,probability_native,0.999094416261248,u_ed1a8dfc72a2b260,2,1,official,principal
3171,0,0,6.335595429913708e-10,probability_native,6.335595429913708e-10,u_ed1a8dfc72a2b260,2,1,official,principal
6443,0,0,0.0027270083993740993,probability_native,0.0027270083993740993,u_ed1a8dfc72a2b260,2,1,official,principal
1079,0,1,0.997731861775624,probability_native,0.997731861775624,u_ed1a8dfc72a2b260,2,1,official,principal
3900,0,0,1.2212085918667927e-06,probability_native,1.2212085918667927e-06,u_ed1a8dfc72a2b260,2,1,official,principal
2988,0,0,4.4890962496159714e-07,probability_native,4.4890962496159714e-07,u_ed1a8dfc72a2b260,2,1,official,principal
408,1,0,0.00490192359366043,probability_native,0.00490192359366043,u_ed1a8dfc72a2b260,2,1,official,principal
5909,0,0,0.2819241305499392,probability_native,0.2819241305499392,u_ed1a8dfc72a2b260,2,1,official,principal
6389,0,0,2.4333081570681065e-12,probability_native,2.4333081570681065e-12,u_ed1a8dfc72a2b260,2,1,official,principal
4273,1,1,0.9017886215500868,probability_native,0.9017886215500868,u_ed1a8dfc72a2b260,2,1,official,principal
1705,0,1,0.9444111962502544,probability_native,0.9444111962502544,u_ed1a8dfc72a2b260,2,1,official,principal
1054,1,1,0.9948906384735574,probability_native,0.9948906384735574,u_ed1a8dfc72a2b260,2,1,official,principal
2224,1,1,0.9998379173944669,probability_native,0.9998379173944669,u_ed1a8dfc72a2b260,2,1,official,principal
6887,0,0,1.3750091035434082e-10,probability_native,1.3750091035434082e-10,u_ed1a8dfc72a2b260,2,1,official,principal
670,0,0,4.684035634063272e-06,probability_native,4.684035634063272e-06,u_ed1a8dfc72a2b260,2,1,official,principal
5372,0,1,0.9977977713478944,probability_native,0.9977977713478944,u_ed1a8dfc72a2b260,2,1,official,principal
2841,0,1,0.8486593659606417,probability_native,0.8486593659606417,u_ed1a8dfc72a2b260,2,1,official,principal
4951,0,1,0.9999080897177538,probability_native,0.9999080897177538,u_ed1a8dfc72a2b260,2,1,official,principal
6840,0,0,0.0009973054894777248,probability_native,0.0009973054894777248,u_ed1a8dfc72a2b260,2,1,official,principal
1438,0,0,0.08003023048582303,probability_native,0.08003023048582303,u_ed1a8dfc72a2b260,2,1,official,principal
3560,0,1,0.7779555239224877,probability_native,0.7779555239224877,u_ed1a8dfc72a2b260,2,1,official,principal
5612,0,0,0.0010601776337399948,probability_native,0.0010601776337399948,u_ed1a8dfc72a2b260,2,1,official,principal
3427,0,1,0.9997305932085062,probability_native,0.9997305932085062,u_ed1a8dfc72a2b260,2,1,official,principal
6910,0,0,3.6285350536631936e-08,probability_native,3.6285350536631936e-08,u_ed1a8dfc72a2b260,2,1,official,principal
2184,1,1,0.9999789573875342,probability_native,0.9999789573875342,u_ed1a8dfc72a2b260,2,1,official,principal
6210,0,0,0.002807676551898329,probability_native,0.002807676551898329,u_ed1a8dfc72a2b260,2,1,official,principal
1003,0,0,2.2543576327076037e-10,probability_native,2.2543576327076037e-10,u_ed1a8dfc72a2b260,2,1,official,principal
4239,0,0,0.00011023780484912498,probability_native,0.00011023780484912498,u_ed1a8dfc72a2b260,2,1,official,principal
1762,0,1,0.9662294796529732,probability_native,0.9662294796529732,u_ed1a8dfc72a2b260,2,1,official,principal
891,1,1,0.8420415259772006,probability_native,0.8420415259772006,u_ed1a8dfc72a2b260,2,1,official,principal
4996,0,0,2.9877872812487413e-08,probability_native,2.9877872812487413e-08,u_ed1a8dfc72a2b260,2,1,official,principal
4724,0,0,0.0008562654989750154,probability_native,0.0008562654989750154,u_ed1a8dfc72a2b260,2,1,official,principal
4077,0,1,0.9998703996572229,probability_native,0.9998703996572229,u_ed1a8dfc72a2b260,2,1,official,principal
3163,0,1,0.999416910107626,probability_native,0.999416910107626,u_ed1a8dfc72a2b260,2,1,official,principal
3431,1,1,0.9994874636905099,probability_native,0.9994874636905099,u_ed1a8dfc72a2b260,2,1,official,principal
4105,0,0,8.835069762092133e-10,probability_native,8.835069762092133e-10,u_ed1a8dfc72a2b260,2,1,official,principal
6932,0,1,0.9889034467048017,probability_native,0.9889034467048017,u_ed1a8dfc72a2b260,2,1,official,principal
349,0,0,0.022399117799426015,probability_native,0.022399117799426015,u_ed1a8dfc72a2b260,2,1,official,principal
495,1,0,0.09225603780306561,probability_native,0.09225603780306561,u_ed1a8dfc72a2b260,2,1,official,principal
795,0,1,0.7914963913914224,probability_native,0.7914963913914224,u_ed1a8dfc72a2b260,2,1,official,principal
4388,0,0,5.000050990298815e-10,probability_native,5.000050990298815e-10,u_ed1a8dfc72a2b260,2,1,official,principal
5959,0,0,1.0533535691600909e-11,probability_native,1.0533535691600909e-11,u_ed1a8dfc72a2b260,2,1,official,principal
5972,1,1,0.7551024096175692,probability_native,0.7551024096175692,u_ed1a8dfc72a2b260,2,1,official,principal
6924,1,1,0.9997649401588009,probability_native,0.9997649401588009,u_ed1a8dfc72a2b260,2,1,official,principal
6265,0,1,0.9329811991334416,probability_native,0.9329811991334416,u_ed1a8dfc72a2b260,2,1,official,principal
1995,1,1,0.9999666340819194,probability_native,0.9999666340819194,u_ed1a8dfc72a2b260,2,1,official,principal
4859,0,0,7.564734507444517e-08,probability_native,7.564734507444517e-08,u_ed1a8dfc72a2b260,2,1,official,principal
656,0,0,4.110477832023727e-10,probability_native,4.110477832023727e-10,u_ed1a8dfc72a2b260,2,1,official,principal
4496,0,0,6.401047332575876e-11,probability_native,6.401047332575876e-11,u_ed1a8dfc72a2b260,2,1,official,principal
2754,0,0,0.0212960414504397,probability_native,0.0212960414504397,u_ed1a8dfc72a2b260,2,1,official,principal
4157,0,1,0.5896008073646178,probability_native,0.5896008073646178,u_ed1a8dfc72a2b260,2,1,official,principal
4433,0,1,0.9998376445831139,probability_native,0.9998376445831139,u_ed1a8dfc72a2b260,2,1,official,principal
5906,1,1,0.9999479580632221,probability_native,0.9999479580632221,u_ed1a8dfc72a2b260,2,1,official,principal
1218,1,1,0.9855501608802527,probability_native,0.9855501608802527,u_ed1a8dfc72a2b260,2,1,official,principal
6525,0,0,9.15490549511708e-12,probability_native,9.15490549511708e-12,u_ed1a8dfc72a2b260,2,1,official,principal
3118,0,0,2.39148725408824e-06,probability_native,2.39148725408824e-06,u_ed1a8dfc72a2b260,2,1,official,principal
6378,1,1,0.9676884288646262,probability_native,0.9676884288646262,u_ed1a8dfc72a2b260,2,1,official,principal
3487,0,0,3.0979242648156324e-11,probability_native,3.0979242648156324e-11,u_ed1a8dfc72a2b260,2,1,official,principal
1580,0,1,0.5906287737528945,probability_native,0.5906287737528945,u_ed1a8dfc72a2b260,2,1,official,principal
5753,0,0,0.0015442870496841501,probability_native,0.0015442870496841501,u_ed1a8dfc72a2b260,2,1,official,principal
6907,1,1,0.9738579549640949,probability_native,0.9738579549640949,u_ed1a8dfc72a2b260,2,1,official,principal
3687,1,0,0.08717565682072585,probability_native,0.08717565682072585,u_ed1a8dfc72a2b260,2,1,official,principal
6834,0,0,1.2428756546631042e-06,probability_native,1.2428756546631042e-06,u_ed1a8dfc72a2b260,2,1,official,principal
4723,1,1,0.9996556099336219,probability_native,0.9996556099336219,u_ed1a8dfc72a2b260,2,1,official,principal
6460,1,1,0.9636114858184419,probability_native,0.9636114858184419,u_ed1a8dfc72a2b260,2,1,official,principal
2930,0,0,6.28730222357552e-11,probability_native,6.28730222357552e-11,u_ed1a8dfc72a2b260,2,1,official,principal
2848,0,0,0.0021650054666052976,probability_native,0.0021650054666052976,u_ed1a8dfc72a2b260,2,1,official,principal
2622,0,1,0.781064954848485,probability_native,0.781064954848485,u_ed1a8dfc72a2b260,2,1,official,principal
1285,1,1,0.999971841381077,probability_native,0.999971841381077,u_ed1a8dfc72a2b260,2,1,official,principal
1504,0,1,0.9996141754655179,probability_native,0.9996141754655179,u_ed1a8dfc72a2b260,2,1,official,principal
960,0,0,0.48581882269032606,probability_native,0.48581882269032606,u_ed1a8dfc72a2b260,2,1,official,principal
4385,0,0,7.374517989710664e-05,probability_native,7.374517989710664e-05,u_ed1a8dfc72a2b260,2,1,official,principal
3504,0,0,9.810668925845439e-12,probability_native,9.810668925845439e-12,u_ed1a8dfc72a2b260,2,1,official,principal
6502,0,0,0.014092948529873441,probability_native,0.014092948529873441,u_ed1a8dfc72a2b260,2,1,official,principal
3071,0,0,1.0733201762012634e-08,probability_native,1.0733201762012634e-08,u_ed1a8dfc72a2b260,2,1,official,principal
57,0,0,0.07878827416345986,probability_native,0.07878827416345986,u_ed1a8dfc72a2b260,2,1,official,principal
2963,0,0,3.873137219521768e-06,probability_native,3.873137219521768e-06,u_ed1a8dfc72a2b260,2,1,official,principal
965,1,1,0.9358238022713927,probability_native,0.9358238022713927,u_ed1a8dfc72a2b260,2,1,official,principal
2828,0,0,7.621519297493555e-10,probability_native,7.621519297493555e-10,u_ed1a8dfc72a2b260,2,1,official,principal
4178,0,0,2.4285939960714865e-10,probability_native,2.4285939960714865e-10,u_ed1a8dfc72a2b260,2,1,official,principal
1497,0,0,0.4428519589794408,probability_native,0.4428519589794408,u_ed1a8dfc72a2b260,2,1,official,principal
4242,0,0,0.001318095945347156,probability_native,0.001318095945347156,u_ed1a8dfc72a2b260,2,1,official,principal
5578,0,0,1.8460091406022664e-11,probability_native,1.8460091406022664e-11,u_ed1a8dfc72a2b260,2,1,official,principal
6534,0,0,0.058782746593876674,probability_native,0.058782746593876674,u_ed1a8dfc72a2b260,2,1,official,principal
3010,0,1,0.9578416467910315,probability_native,0.9578416467910315,u_ed1a8dfc72a2b260,2,1,official,principal
6745,1,1,0.9865743552088047,probability_native,0.9865743552088047,u_ed1a8dfc72a2b260,2,1,official,principal
4636,0,0,2.159666435853706e-06,probability_native,2.159666435853706e-06,u_ed1a8dfc72a2b260,2,1,official,principal
598,0,0,0.09160863201172313,probability_native,0.09160863201172313,u_ed1a8dfc72a2b260,2,1,official,principal
3395,0,0,0.31236911742015877,probability_native,0.31236911742015877,u_ed1a8dfc72a2b260,2,1,official,principal
2765,0,1,0.9996848318736568,probability_native,0.9996848318736568,u_ed1a8dfc72a2b260,2,1,official,principal
3386,0,0,0.02308362145740592,probability_native,0.02308362145740592,u_ed1a8dfc72a2b260,2,1,official,principal
4187,0,0,7.367941901927139e-11,probability_native,7.367941901927139e-11,u_ed1a8dfc72a2b260,2,1,official,principal
3797,0,0,0.32147478621259884,probability_native,0.32147478621259884,u_ed1a8dfc72a2b260,2,1,official,principal
5317,1,1,0.9054721990955232,probability_native,0.9054721990955232,u_ed1a8dfc72a2b260,2,1,official,principal
1505,1,1,0.9999769835538014,probability_native,0.9999769835538014,u_ed1a8dfc72a2b260,2,1,official,principal
196,0,0,8.356993414011657e-10,probability_native,8.356993414011657e-10,u_ed1a8dfc72a2b260,2,1,official,principal
6069,0,0,7.725877163812399e-05,probability_native,7.725877163812399e-05,u_ed1a8dfc72a2b260,2,1,official,principal
5686,1,1,0.9994451359440454,probability_native,0.9994451359440454,u_ed1a8dfc72a2b260,2,1,official,principal
1793,0,0,1.309319556860213e-11,probability_native,1.309319556860213e-11,u_ed1a8dfc72a2b260,2,1,official,principal
744,0,1,0.8402866510987856,probability_native,0.8402866510987856,u_ed1a8dfc72a2b260,2,1,official,principal
1106,0,0,2.5172249541416217e-06,probability_native,2.5172249541416217e-06,u_ed1a8dfc72a2b260,2,1,official,principal
1952,0,1,0.9332793061927659,probability_native,0.9332793061927659,u_ed1a8dfc72a2b260,2,1,official,principal
5113,0,0,9.645763649589542e-11,probability_native,9.645763649589542e-11,u_ed1a8dfc72a2b260,2,1,official,principal
5522,1,1,0.9966876662799146,probability_native,0.9966876662799146,u_ed1a8dfc72a2b260,2,1,official,principal
1897,1,1,0.9818888102462199,probability_native,0.9818888102462199,u_ed1a8dfc72a2b260,2,1,official,principal
1593,0,0,0.00013904653136937714,probability_native,0.00013904653136937714,u_ed1a8dfc72a2b260,2,1,official,principal
3446,0,0,0.23980366738943432,probability_native,0.23980366738943432,u_ed1a8dfc72a2b260,2,1,official,principal
745,0,0,7.715943735618839e-08,probability_native,7.715943735618839e-08,u_ed1a8dfc72a2b260,2,1,official,principal
4251,0,0,4.233635454465155e-09,probability_native,4.233635454465155e-09,u_ed1a8dfc72a2b260,2,1,official,principal
6463,0,0,0.0014563137916808297,probability_native,0.0014563137916808297,u_ed1a8dfc72a2b260,2,1,official,principal
5818,0,0,1.4152473016998653e-07,probability_native,1.4152473016998653e-07,u_ed1a8dfc72a2b260,2,1,official,principal
6503,0,0,0.0003111056797780877,probability_native,0.0003111056797780877,u_ed1a8dfc72a2b260,2,1,official,principal
5956,1,1,0.9994599360754953,probability_native,0.9994599360754953,u_ed1a8dfc72a2b260,2,1,official,principal
6681,1,1,0.9999267111748116,probability_native,0.9999267111748116,u_ed1a8dfc72a2b260,2,1,official,principal
4212,1,1,0.9996923005994118,probability_native,0.9996923005994118,u_ed1a8dfc72a2b260,2,1,official,principal
3478,0,1,0.7777729817646194,probability_native,0.7777729817646194,u_ed1a8dfc72a2b260,2,1,official,principal
605,0,0,6.370071617956459e-10,probability_native,6.370071617956459e-10,u_ed1a8dfc72a2b260,2,1,official,principal
3968,0,0,3.3065994069427294e-11,probability_native,3.3065994069427294e-11,u_ed1a8dfc72a2b260,2,1,official,principal
3961,0,0,0.4887388744201412,probability_native,0.4887388744201412,u_ed1a8dfc72a2b260,2,1,official,principal
6371,0,0,2.637824658793763e-10,probability_native,2.637824658793763e-10,u_ed1a8dfc72a2b260,2,1,official,principal
1634,0,0,1.27757950989406e-08,probability_native,1.27757950989406e-08,u_ed1a8dfc72a2b260,2,1,official,principal
5727,0,0,1.29460248741826e-07,probability_native,1.29460248741826e-07,u_ed1a8dfc72a2b260,2,1,official,principal
6164,0,0,5.125301086790601e-08,probability_native,5.125301086790601e-08,u_ed1a8dfc72a2b260,2,1,official,principal
3636,0,0,8.451302187455681e-05,probability_native,8.451302187455681e-05,u_ed1a8dfc72a2b260,2,1,official,principal
997,1,1,0.9999896155576335,probability_native,0.9999896155576335,u_ed1a8dfc72a2b260,2,1,official,principal
3334,1,1,0.99800725730955,probability_native,0.99800725730955,u_ed1a8dfc72a2b260,2,1,official,principal
6237,1,1,0.9991528062096994,probability_native,0.9991528062096994,u_ed1a8dfc72a2b260,2,1,official,principal
5108,0,0,0.4313478548693152,probability_native,0.4313478548693152,u_ed1a8dfc72a2b260,2,1,official,principal
6391,0,0,0.00339933462250625,probability_native,0.00339933462250625,u_ed1a8dfc72a2b260,2,1,official,principal
6017,0,1,0.9384785162544467,probability_native,0.9384785162544467,u_ed1a8dfc72a2b260,2,1,official,principal
6551,0,0,0.48992940783932165,probability_native,0.48992940783932165,u_ed1a8dfc72a2b260,2,1,official,principal
1961,0,0,0.061271358527820854,probability_native,0.061271358527820854,u_ed1a8dfc72a2b260,2,1,official,principal
964,1,1,0.9499413051885973,probability_native,0.9499413051885973,u_ed1a8dfc72a2b260,2,1,official,principal
2511,0,1,0.5819913806838107,probability_native,0.5819913806838107,u_ed1a8dfc72a2b260,2,1,official,principal
6986,1,1,0.8130648210980433,probability_native,0.8130648210980433,u_ed1a8dfc72a2b260,2,1,official,principal
306,1,1,0.9998345969332862,probability_native,0.9998345969332862,u_ed1a8dfc72a2b260,2,1,official,principal
1576,0,0,0.014190995058559586,probability_native,0.014190995058559586,u_ed1a8dfc72a2b260,2,1,official,principal
3686,1,1,0.9968693258324604,probability_native,0.9968693258324604,u_ed1a8dfc72a2b260,2,1,official,principal
1763,0,1,0.9956932228004997,probability_native,0.9956932228004997,u_ed1a8dfc72a2b260,2,1,official,principal
4199,1,0,0.32530130352958936,probability_native,0.32530130352958936,u_ed1a8dfc72a2b260,2,1,official,principal
563,0,0,2.418709364104619e-07,probability_native,2.418709364104619e-07,u_ed1a8dfc72a2b260,2,1,official,principal
4907,0,0,2.133017606677298e-11,probability_native,2.133017606677298e-11,u_ed1a8dfc72a2b260,2,1,official,principal
3159,0,1,0.9999893662095042,probability_native,0.9999893662095042,u_ed1a8dfc72a2b260,2,1,official,principal
4299,0,1,0.9740487812091486,probability_native,0.9740487812091486,u_ed1a8dfc72a2b260,2,1,official,principal
3661,0,0,0.09384701056827519,probability_native,0.09384701056827519,u_ed1a8dfc72a2b260,2,1,official,principal
5569,1,1,0.9972005512124903,probability_native,0.9972005512124903,u_ed1a8dfc72a2b260,2,1,official,principal
6144,0,1,0.9992488196554663,probability_native,0.9992488196554663,u_ed1a8dfc72a2b260,2,1,official,principal
3324,0,1,0.9989174345037438,probability_native,0.9989174345037438,u_ed1a8dfc72a2b260,2,1,official,principal
378,0,0,1.0081887919409883e-07,probability_native,1.0081887919409883e-07,u_ed1a8dfc72a2b260,2,1,official,principal
1399,0,0,2.8516468744358018e-06,probability_native,2.8516468744358018e-06,u_ed1a8dfc72a2b260,2,1,official,principal
6998,0,1,0.9998052392065013,probability_native,0.9998052392065013,u_ed1a8dfc72a2b260,2,1,official,principal
3465,0,1,0.9966570144340732,probability_native,0.9966570144340732,u_ed1a8dfc72a2b260,2,1,official,principal
5081,0,0,5.7887230004729115e-09,probability_native,5.7887230004729115e-09,u_ed1a8dfc72a2b260,2,1,official,principal
472,0,1,0.9630357480611982,probability_native,0.9630357480611982,u_ed1a8dfc72a2b260,2,1,official,principal
6561,0,1,0.9996342502100826,probability_native,0.9996342502100826,u_ed1a8dfc72a2b260,2,1,official,principal
602,0,0,0.053162372420139915,probability_native,0.053162372420139915,u_ed1a8dfc72a2b260,2,1,official,principal
666,1,1,0.9991746900773022,probability_native,0.9991746900773022,u_ed1a8dfc72a2b260,2,1,official,principal
1953,1,1,0.9984579148586528,probability_native,0.9984579148586528,u_ed1a8dfc72a2b260,2,1,official,principal
2303,1,1,0.9815171335263045,probability_native,0.9815171335263045,u_ed1a8dfc72a2b260,2,1,official,principal
6328,0,0,7.667946682738642e-10,probability_native,7.667946682738642e-10,u_ed1a8dfc72a2b260,2,1,official,principal
3459,0,0,2.5692840626994267e-10,probability_native,2.5692840626994267e-10,u_ed1a8dfc72a2b260,2,1,official,principal
2924,1,1,0.9995504681859199,probability_native,0.9995504681859199,u_ed1a8dfc72a2b260,2,1,official,principal
5392,0,0,6.314068136983957e-10,probability_native,6.314068136983957e-10,u_ed1a8dfc72a2b260,2,1,official,principal
1174,0,0,0.29830934869011766,probability_native,0.29830934869011766,u_ed1a8dfc72a2b260,2,1,official,principal
4831,0,0,0.001309465437934008,probability_native,0.001309465437934008,u_ed1a8dfc72a2b260,2,1,official,principal
4444,1,0,0.0013640386037184556,probability_native,0.0013640386037184556,u_ed1a8dfc72a2b260,2,1,official,principal
5016,1,0,0.0004969578799326577,probability_native,0.0004969578799326577,u_ed1a8dfc72a2b260,2,1,official,principal
2014,0,0,0.14838412542537,probability_native,0.14838412542537,u_ed1a8dfc72a2b260,2,1,official,principal
1906,0,0,0.00019561578924529326,probability_native,0.00019561578924529326,u_ed1a8dfc72a2b260,2,1,official,principal
3261,0,0,4.071294171884233e-10,probability_native,4.071294171884233e-10,u_ed1a8dfc72a2b260,2,1,official,principal
3220,0,0,6.476186411467479e-10,probability_native,6.476186411467479e-10,u_ed1a8dfc72a2b260,2,1,official,principal
688,0,0,0.0010153950370895945,probability_native,0.0010153950370895945,u_ed1a8dfc72a2b260,2,1,official,principal
721,0,0,2.2794170840135068e-12,probability_native,2.2794170840135068e-12,u_ed1a8dfc72a2b260,2,1,official,principal
5647,0,1,0.5688087419598663,probability_native,0.5688087419598663,u_ed1a8dfc72a2b260,2,1,official,principal
4481,0,0,0.23932296836868444,probability_native,0.23932296836868444,u_ed1a8dfc72a2b260,2,1,official,principal
4661,0,0,2.5182448114385902e-09,probability_native,2.5182448114385902e-09,u_ed1a8dfc72a2b260,2,1,official,principal
571,0,0,1.8051408807589345e-06,probability_native,1.8051408807589345e-06,u_ed1a8dfc72a2b260,2,1,official,principal
2405,1,1,0.9986386465436676,probability_native,0.9986386465436676,u_ed1a8dfc72a2b260,2,1,official,principal
4235,0,0,0.056285051956035004,probability_native,0.056285051956035004,u_ed1a8dfc72a2b260,2,1,official,principal
4832,0,0,0.0014695335631963694,probability_native,0.0014695335631963694,u_ed1a8dfc72a2b260,2,1,official,principal
896,0,0,1.0619948282987307e-08,probability_native,1.0619948282987307e-08,u_ed1a8dfc72a2b260,2,1,official,principal
1402,1,1,0.8738892919181046,probability_native,0.8738892919181046,u_ed1a8dfc72a2b260,2,1,official,principal
1231,0,0,0.3115981116809937,probability_native,0.3115981116809937,u_ed1a8dfc72a2b260,2,1,official,principal
4695,0,0,1.1436457622151257e-05,probability_native,1.1436457622151257e-05,u_ed1a8dfc72a2b260,2,1,official,principal
2130,1,1,0.576569799153578,probability_native,0.576569799153578,u_ed1a8dfc72a2b260,2,1,official,principal
2881,0,0,0.1057914627800798,probability_native,0.1057914627800798,u_ed1a8dfc72a2b260,2,1,official,principal
5528,0,0,0.004066020557856888,probability_native,0.004066020557856888,u_ed1a8dfc72a2b260,2,1,official,principal
3851,0,0,5.0188916263559865e-11,probability_native,5.0188916263559865e-11,u_ed1a8dfc72a2b260,2,1,official,principal
2299,0,0,2.221051886993615e-08,probability_native,2.221051886993615e-08,u_ed1a8dfc72a2b260,2,1,official,principal
1900,0,0,7.341534936857515e-11,probability_native,7.341534936857515e-11,u_ed1a8dfc72a2b260,2,1,official,principal
6167,0,1,0.6890533554010749,probability_native,0.6890533554010749,u_ed1a8dfc72a2b260,2,1,official,principal
2170,0,0,0.145938102544399,probability_native,0.145938102544399,u_ed1a8dfc72a2b260,2,1,official,principal
5225,0,0,0.0009255486564376775,probability_native,0.0009255486564376775,u_ed1a8dfc72a2b260,2,1,official,principal
559,0,1,0.9839948452695327,probability_native,0.9839948452695327,u_ed1a8dfc72a2b260,2,1,official,principal
4400,0,1,0.6238558063749278,probability_native,0.6238558063749278,u_ed1a8dfc72a2b260,2,1,official,principal
5953,0,1,0.820914272644798,probability_native,0.820914272644798,u_ed1a8dfc72a2b260,2,1,official,principal
1854,1,1,0.9963946837985044,probability_native,0.9963946837985044,u_ed1a8dfc72a2b260,2,1,official,principal
5410,0,0,6.490084234358893e-07,probability_native,6.490084234358893e-07,u_ed1a8dfc72a2b260,2,1,official,principal
2609,1,1,0.9689503752025419,probability_native,0.9689503752025419,u_ed1a8dfc72a2b260,2,1,official,principal
336,1,0,0.00021306603203444984,probability_native,0.00021306603203444984,u_ed1a8dfc72a2b260,2,1,official,principal
1512,0,1,0.9987844780557835,probability_native,0.9987844780557835,u_ed1a8dfc72a2b260,2,1,official,principal
1417,0,1,0.955548928962083,probability_native,0.955548928962083,u_ed1a8dfc72a2b260,2,1,official,principal
1848,0,0,9.148312803917508e-06,probability_native,9.148312803917508e-06,u_ed1a8dfc72a2b260,2,1,official,principal
409,1,0,0.004709642388429752,probability_native,0.004709642388429752,u_ed1a8dfc72a2b260,2,1,official,principal
2229,0,1,0.9983435815549393,probability_native,0.9983435815549393,u_ed1a8dfc72a2b260,2,1,official,principal
4958,0,1,0.9205254845328459,probability_native,0.9205254845328459,u_ed1a8dfc72a2b260,2,1,official,principal
3883,0,1,0.9989770795055877,probability_native,0.9989770795055877,u_ed1a8dfc72a2b260,2,1,official,principal
5027,1,1,0.9998682703729417,probability_native,0.9998682703729417,u_ed1a8dfc72a2b260,2,1,official,principal
2556,0,1,0.7543026203812356,probability_native,0.7543026203812356,u_ed1a8dfc72a2b260,2,1,official,principal
6638,0,0,6.8038669173986e-11,probability_native,6.8038669173986e-11,u_ed1a8dfc72a2b260,2,1,official,principal
2921,1,1,0.9999177565235179,probability_native,0.9999177565235179,u_ed1a8dfc72a2b260,2,1,official,principal
5394,0,0,0.48039396448926636,probability_native,0.48039396448926636,u_ed1a8dfc72a2b260,2,1,official,principal
634,0,0,0.009096126375728151,probability_native,0.009096126375728151,u_ed1a8dfc72a2b260,2,1,official,principal
678,0,1,0.9899194891761104,probability_native,0.9899194891761104,u_ed1a8dfc72a2b260,2,1,official,principal
1847,0,0,3.0732875406239267e-12,probability_native,3.0732875406239267e-12,u_ed1a8dfc72a2b260,2,1,official,principal
4753,1,1,0.9950711241341615,probability_native,0.9950711241341615,u_ed1a8dfc72a2b260,2,1,official,principal
3104,0,1,0.9999715502139271,probability_native,0.9999715502139271,u_ed1a8dfc72a2b260,2,1,official,principal
4632,1,0,0.00014295229105024004,probability_native,0.00014295229105024004,u_ed1a8dfc72a2b260,2,1,official,principal
2897,0,0,9.675115593743196e-10,probability_native,9.675115593743196e-10,u_ed1a8dfc72a2b260,2,1,official,principal
6010,0,0,8.203745946452425e-11,probability_native,8.203745946452425e-11,u_ed1a8dfc72a2b260,2,1,official,principal
3001,0,0,0.0011496399061374759,probability_native,0.0011496399061374759,u_ed1a8dfc72a2b260,2,1,official,principal
3493,0,1,0.9812305188784414,probability_native,0.9812305188784414,u_ed1a8dfc72a2b260,2,1,official,principal
2946,0,1,0.8967057741857324,probability_native,0.8967057741857324,u_ed1a8dfc72a2b260,2,1,official,principal
4049,0,1,0.7971665610959803,probability_native,0.7971665610959803,u_ed1a8dfc72a2b260,2,1,official,principal
5275,1,1,0.9877711516461657,probability_native,0.9877711516461657,u_ed1a8dfc72a2b260,2,1,official,principal
3691,0,0,0.08660720664833832,probability_native,0.08660720664833832,u_ed1a8dfc72a2b260,2,1,official,principal
2028,0,0,5.633756522955314e-10,probability_native,5.633756522955314e-10,u_ed1a8dfc72a2b260,2,1,official,principal
2144,0,1,0.8058699804992687,probability_native,0.8058699804992687,u_ed1a8dfc72a2b260,2,1,official,principal
93,0,0,0.10497502615193192,probability_native,0.10497502615193192,u_ed1a8dfc72a2b260,2,1,official,principal
6453,1,1,0.9994643289312429,probability_native,0.9994643289312429,u_ed1a8dfc72a2b260,2,1,official,principal
5329,1,1,0.7409746376374909,probability_native,0.7409746376374909,u_ed1a8dfc72a2b260,2,1,official,principal
4480,1,1,0.993406746528577,probability_native,0.993406746528577,u_ed1a8dfc72a2b260,2,1,official,principal
4145,0,0,0.42154234442106375,probability_native,0.42154234442106375,u_ed1a8dfc72a2b260,2,1,official,principal
2132,0,0,1.90746245404572e-06,probability_native,1.90746245404572e-06,u_ed1a8dfc72a2b260,2,1,official,principal
3515,0,0,0.4460760001669891,probability_native,0.4460760001669891,u_ed1a8dfc72a2b260,2,1,official,principal
6194,0,0,0.004022226507416076,probability_native,0.004022226507416076,u_ed1a8dfc72a2b260,2,1,official,principal
6058,0,1,0.9587463973525224,probability_native,0.9587463973525224,u_ed1a8dfc72a2b260,2,1,official,principal
5561,0,0,0.020430165948076028,probability_native,0.020430165948076028,u_ed1a8dfc72a2b260,2,1,official,principal
305,0,0,1.8716379706604858e-11,probability_native,1.8716379706604858e-11,u_ed1a8dfc72a2b260,2,1,official,principal
1204,0,0,0.01038449991738458,probability_native,0.01038449991738458,u_ed1a8dfc72a2b260,2,1,official,principal
3807,1,1,0.999058711603112,probability_native,0.999058711603112,u_ed1a8dfc72a2b260,2,1,official,principal
1038,0,1,0.779912471066107,probability_native,0.779912471066107,u_ed1a8dfc72a2b260,2,1,official,principal
3526,1,1,0.9973536693688898,probability_native,0.9973536693688898,u_ed1a8dfc72a2b260,2,1,official,principal
2869,1,1,0.9998929285697081,probability_native,0.9998929285697081,u_ed1a8dfc72a2b260,2,1,official,principal
1895,0,0,1.0534451193225536e-08,probability_native,1.0534451193225536e-08,u_ed1a8dfc72a2b260,2,1,official,principal
4377,0,1,0.9795051522650126,probability_native,0.9795051522650126,u_ed1a8dfc72a2b260,2,1,official,principal
2800,0,0,0.00010096265601044639,probability_native,0.00010096265601044639,u_ed1a8dfc72a2b260,2,1,official,principal
5083,0,0,0.027967945961067837,probability_native,0.027967945961067837,u_ed1a8dfc72a2b260,2,1,official,principal
5955,0,0,7.155286551133515e-10,probability_native,7.155286551133515e-10,u_ed1a8dfc72a2b260,2,1,official,principal
21,0,0,3.315141843804973e-05,probability_native,3.315141843804973e-05,u_ed1a8dfc72a2b260,2,1,official,principal
4965,1,1,0.9920930709778966,probability_native,0.9920930709778966,u_ed1a8dfc72a2b260,2,1,official,principal
6605,1,0,0.003907648054814741,probability_native,0.003907648054814741,u_ed1a8dfc72a2b260,2,1,official,principal
842,1,0,8.099005777236149e-06,probability_native,8.099005777236149e-06,u_ed1a8dfc72a2b260,2,1,official,principal
122,1,1,0.9998388748665792,probability_native,0.9998388748665792,u_ed1a8dfc72a2b260,2,1,official,principal
5294,0,0,4.24365725048685e-08,probability_native,4.24365725048685e-08,u_ed1a8dfc72a2b260,2,1,official,principal
1590,0,0,7.06213678958332e-11,probability_native,7.06213678958332e-11,u_ed1a8dfc72a2b260,2,1,official,principal
4526,0,1,0.9400368208121245,probability_native,0.9400368208121245,u_ed1a8dfc72a2b260,2,1,official,principal
3018,0,0,1.584668776007099e-10,probability_native,1.584668776007099e-10,u_ed1a8dfc72a2b260,2,1,official,principal
1533,1,1,0.9983565119709269,probability_native,0.9983565119709269,u_ed1a8dfc72a2b260,2,1,official,principal
2767,0,1,0.7694145681606227,probability_native,0.7694145681606227,u_ed1a8dfc72a2b260,2,1,official,principal
1470,0,0,0.0010954459810853055,probability_native,0.0010954459810853055,u_ed1a8dfc72a2b260,2,1,official,principal
4128,1,1,0.7797372365097045,probability_native,0.7797372365097045,u_ed1a8dfc72a2b260,2,1,official,principal
451,0,1,0.8465094171941654,probability_native,0.8465094171941654,u_ed1a8dfc72a2b260,2,1,official,principal
881,0,0,3.888586798829544e-05,probability_native,3.888586798829544e-05,u_ed1a8dfc72a2b260,2,1,official,principal
4054,0,1,0.9952756763266944,probability_native,0.9952756763266944,u_ed1a8dfc72a2b260,2,1,official,principal
3105,0,1,0.5785226072744254,probability_native,0.5785226072744254,u_ed1a8dfc72a2b260,2,1,official,principal
6440,0,1,0.9995221012640199,probability_native,0.9995221012640199,u_ed1a8dfc72a2b260,2,1,official,principal
353,1,1,0.9846344372955458,probability_native,0.9846344372955458,u_ed1a8dfc72a2b260,2,1,official,principal
4094,0,1,0.995793472082147,probability_native,0.995793472082147,u_ed1a8dfc72a2b260,2,1,official,principal
886,0,1,0.9999700755424362,probability_native,0.9999700755424362,u_ed1a8dfc72a2b260,2,1,official,principal
4795,1,0,6.057562596685276e-06,probability_native,6.057562596685276e-06,u_ed1a8dfc72a2b260,2,1,official,principal
187,0,1,0.5638325405688753,probability_native,0.5638325405688753,u_ed1a8dfc72a2b260,2,1,official,principal
3545,0,1,0.9986666263565072,probability_native,0.9986666263565072,u_ed1a8dfc72a2b260,2,1,official,principal
3793,0,0,0.0011805054516401264,probability_native,0.0011805054516401264,u_ed1a8dfc72a2b260,2,1,official,principal
3652,1,1,0.9745554128715858,probability_native,0.9745554128715858,u_ed1a8dfc72a2b260,2,1,official,principal
3303,1,1,0.9950216496815096,probability_native,0.9950216496815096,u_ed1a8dfc72a2b260,2,1,official,principal
2547,0,0,1.20900973004511e-09,probability_native,1.20900973004511e-09,u_ed1a8dfc72a2b260,2,1,official,principal
7034,1,0,0.09016471836055225,probability_native,0.09016471836055225,u_ed1a8dfc72a2b260,2,1,official,principal
6855,0,0,0.005239019707670712,probability_native,0.005239019707670712,u_ed1a8dfc72a2b260,2,1,official,principal
6192,0,1,0.9999114968509584,probability_native,0.9999114968509584,u_ed1a8dfc72a2b260,2,1,official,principal
5390,1,1,0.9999792602869617,probability_native,0.9999792602869617,u_ed1a8dfc72a2b260,2,1,official,principal
2718,0,0,5.068493444597251e-09,probability_native,5.068493444597251e-09,u_ed1a8dfc72a2b260,2,1,official,principal
4869,0,1,0.9943677834656812,probability_native,0.9943677834656812,u_ed1a8dfc72a2b260,2,1,official,principal
6730,0,0,2.8892253905021328e-06,probability_native,2.8892253905021328e-06,u_ed1a8dfc72a2b260,2,1,official,principal
3034,1,1,0.9996596820281924,probability_native,0.9996596820281924,u_ed1a8dfc72a2b260,2,1,official,principal
4297,0,0,5.956686145080822e-08,probability_native,5.956686145080822e-08,u_ed1a8dfc72a2b260,2,1,official,principal
1980,0,1,0.9996907839208314,probability_native,0.9996907839208314,u_ed1a8dfc72a2b260,2,1,official,principal
6240,1,1,0.9996982863311592,probability_native,0.9996982863311592,u_ed1a8dfc72a2b260,2,1,official,principal
4906,0,0,4.797058280874984e-08,probability_native,4.797058280874984e-08,u_ed1a8dfc72a2b260,2,1,official,principal
5259,0,1,0.9927124763270035,probability_native,0.9927124763270035,u_ed1a8dfc72a2b260,2,1,official,principal
6473,1,1,0.9995397812368024,probability_native,0.9995397812368024,u_ed1a8dfc72a2b260,2,1,official,principal
2855,0,0,1.8273601005243588e-11,probability_native,1.8273601005243588e-11,u_ed1a8dfc72a2b260,2,1,official,principal
4352,0,0,0.4055742493927981,probability_native,0.4055742493927981,u_ed1a8dfc72a2b260,2,1,official,principal
5362,0,0,3.0990807853647005e-12,probability_native,3.0990807853647005e-12,u_ed1a8dfc72a2b260,2,1,official,principal
2489,0,0,0.0007117474221830067,probability_native,0.0007117474221830067,u_ed1a8dfc72a2b260,2,1,official,principal
377,1,1,0.9841004494675483,probability_native,0.9841004494675483,u_ed1a8dfc72a2b260,2,1,official,principal
1168,0,0,3.6473959204265493e-06,probability_native,3.6473959204265493e-06,u_ed1a8dfc72a2b260,2,1,official,principal
3564,0,0,0.013408299974108926,probability_native,0.013408299974108926,u_ed1a8dfc72a2b260,2,1,official,principal
5719,0,0,1.5885145693984516e-10,probability_native,1.5885145693984516e-10,u_ed1a8dfc72a2b260,2,1,official,principal
3840,0,0,1.1209601941608894e-10,probability_native,1.1209601941608894e-10,u_ed1a8dfc72a2b260,2,1,official,principal
5775,0,0,9.634848450847509e-07,probability_native,9.634848450847509e-07,u_ed1a8dfc72a2b260,2,1,official,principal
6586,0,0,4.314399263777233e-11,probability_native,4.314399263777233e-11,u_ed1a8dfc72a2b260,2,1,official,principal
1403,0,1,0.9991777195025323,probability_native,0.9991777195025323,u_ed1a8dfc72a2b260,2,1,official,principal
5279,0,0,2.0884192212217185e-12,probability_native,2.0884192212217185e-12,u_ed1a8dfc72a2b260,2,1,official,principal
389,0,1,0.9365133194563706,probability_native,0.9365133194563706,u_ed1a8dfc72a2b260,2,1,official,principal
4096,0,1,0.9905829173021029,probability_native,0.9905829173021029,u_ed1a8dfc72a2b260,2,1,official,principal
4076,0,0,2.1612146488167695e-08,probability_native,2.1612146488167695e-08,u_ed1a8dfc72a2b260,2,1,official,principal
912,0,0,0.0015939996192378756,probability_native,0.0015939996192378756,u_ed1a8dfc72a2b260,2,1,official,principal
5291,0,0,0.002429986618190313,probability_native,0.002429986618190313,u_ed1a8dfc72a2b260,2,1,official,principal
6587,0,1,0.9398377336019179,probability_native,0.9398377336019179,u_ed1a8dfc72a2b260,2,1,official,principal
6570,0,0,0.23613038646040105,probability_native,0.23613038646040105,u_ed1a8dfc72a2b260,2,1,official,principal
5163,0,0,0.019304861335229646,probability_native,0.019304861335229646,u_ed1a8dfc72a2b260,2,1,official,principal
6294,1,0,0.0012965102435888254,probability_native,0.0012965102435888254,u_ed1a8dfc72a2b260,2,1,official,principal
3273,1,1,0.9966238680421187,probability_native,0.9966238680421187,u_ed1a8dfc72a2b260,2,1,official,principal
406,0,0,0.011424820313324287,probability_native,0.011424820313324287,u_ed1a8dfc72a2b260,2,1,official,principal
318,1,1,0.9999079731500555,probability_native,0.9999079731500555,u_ed1a8dfc72a2b260,2,1,official,principal
1010,0,1,0.8238846449318209,probability_native,0.8238846449318209,u_ed1a8dfc72a2b260,2,1,official,principal
4943,0,0,1.240634376589608e-09,probability_native,1.240634376589608e-09,u_ed1a8dfc72a2b260,2,1,official,principal
6291,0,0,0.00011258538419343815,probability_native,0.00011258538419343815,u_ed1a8dfc72a2b260,2,1,official,principal
5204,0,1,0.9500369864466985,probability_native,0.9500369864466985,u_ed1a8dfc72a2b260,2,1,official,principal
157,0,0,2.036270318207512e-06,probability_native,2.036270318207512e-06,u_ed1a8dfc72a2b260,2,1,official,principal
4873,0,0,0.00118592986354057,probability_native,0.00118592986354057,u_ed1a8dfc72a2b260,2,1,official,principal
6579,0,0,1.2765081062631645e-09,probability_native,1.2765081062631645e-09,u_ed1a8dfc72a2b260,2,1,official,principal
6459,0,0,0.15615314982920625,probability_native,0.15615314982920625,u_ed1a8dfc72a2b260,2,1,official,principal
661,0,1,0.7910113891589855,probability_native,0.7910113891589855,u_ed1a8dfc72a2b260,2,1,official,principal
2386,0,0,0.07126734054273727,probability_native,0.07126734054273727,u_ed1a8dfc72a2b260,2,1,official,principal
1685,0,1,0.9998319168230576,probability_native,0.9998319168230576,u_ed1a8dfc72a2b260,2,1,official,principal
6158,0,0,0.053513031437544295,probability_native,0.053513031437544295,u_ed1a8dfc72a2b260,2,1,official,principal
990,0,0,3.7670862039381395e-07,probability_native,3.7670862039381395e-07,u_ed1a8dfc72a2b260,2,1,official,principal
4290,1,0,0.32997427231883875,probability_native,0.32997427231883875,u_ed1a8dfc72a2b260,2,1,official,principal
516,0,0,0.0027325468860469227,probability_native,0.0027325468860469227,u_ed1a8dfc72a2b260,2,1,official,principal
6246,0,0,7.215667559125781e-07,probability_native,7.215667559125781e-07,u_ed1a8dfc72a2b260,2,1,official,principal
2072,0,0,5.418170518387316e-06,probability_native,5.418170518387316e-06,u_ed1a8dfc72a2b260,2,1,official,principal
3806,0,1,0.9999136917809436,probability_native,0.9999136917809436,u_ed1a8dfc72a2b260,2,1,official,principal
2107,0,1,0.9978865588856475,probability_native,0.9978865588856475,u_ed1a8dfc72a2b260,2,1,official,principal
6647,0,0,7.771391950496355e-10,probability_native,7.771391950496355e-10,u_ed1a8dfc72a2b260,2,1,official,principal
1299,1,1,0.9902502558322787,probability_native,0.9902502558322787,u_ed1a8dfc72a2b260,2,1,official,principal
4605,0,0,1.8785775522958467e-08,probability_native,1.8785775522958467e-08,u_ed1a8dfc72a2b260,2,1,official,principal
2602,0,0,0.011798050748667115,probability_native,0.011798050748667115,u_ed1a8dfc72a2b260,2,1,official,principal
1258,0,0,1.3870427825955307e-10,probability_native,1.3870427825955307e-10,u_ed1a8dfc72a2b260,2,1,official,principal
2241,0,0,2.208310553933405e-11,probability_native,2.208310553933405e-11,u_ed1a8dfc72a2b260,2,1,official,principal
6642,0,1,0.5048995406623381,probability_native,0.5048995406623381,u_ed1a8dfc72a2b260,2,1,official,principal
608,0,0,6.045909235329016e-10,probability_native,6.045909235329016e-10,u_ed1a8dfc72a2b260,2,1,official,principal
4359,0,1,0.9895179074492183,probability_native,0.9895179074492183,u_ed1a8dfc72a2b260,2,1,official,principal
4083,1,1,0.9931596863022857,probability_native,0.9931596863022857,u_ed1a8dfc72a2b260,2,1,official,principal
4250,0,0,0.00018868654206981937,probability_native,0.00018868654206981937,u_ed1a8dfc72a2b260,2,1,official,principal
6227,1,1,0.9249722240900757,probability_native,0.9249722240900757,u_ed1a8dfc72a2b260,2,1,official,principal
4673,1,1,0.9960116929220597,probability_native,0.9960116929220597,u_ed1a8dfc72a2b260,2,1,official,principal
2710,0,0,3.4874949909115196e-06,probability_native,3.4874949909115196e-06,u_ed1a8dfc72a2b260,2,1,official,principal
