row_id,y_true,y_pred,score_positive,score_type,probability_native,unit_id,outer_fold,replicate,purpose,variant
2986,0,0,2.2346067338674208e-10,probability_native,2.2346067338674208e-10,u_24191b76c3278782,1,0,official,principal
5427,0,1,0.7702544422761174,probability_native,0.7702544422761174,u_24191b76c3278782,1,0,official,principal
6234,0,0,1.3909230247447393e-13,probability_native,1.3909230247447393e-13,u_24191b76c3278782,1,0,official,principal
6937,0,0,0.09495834502022767,probability_native,0.09495834502022767,u_24191b76c3278782,1,0,official,principal
6491,1,1,0.9999239557565404,probability_native,0.9999239557565404,u_24191b76c3278782,1,0,official,principal
478,1,1,0.9997267811849587,probability_native,0.9997267811849587,u_24191b76c3278782,1,0,official,principal
5704,0,1,0.9998711186875628,probability_native,0.9998711186875628,u_24191b76c3278782,1,0,official,principal
4453,1,1,0.9998922853410144,probability_native,0.9998922853410144,u_24191b76c3278782,1,0,official,principal
2320,0,0,5.757557137467022e-14,probability_native,5.757557137467022e-14,u_24191b76c3278782,1,0,official,principal
4437,0,0,2.0780745183858884e-10,probability_native,2.0780745183858884e-10,u_24191b76c3278782,1,0,official,principal
3511,0,0,1.3496443260337905e-13,probability_native,1.3496443260337905e-13,u_24191b76c3278782,1,0,official,principal
3404,0,0,2.504168670701478e-05,probability_native,2.504168670701478e-05,u_24191b76c3278782,1,0,official,principal
1565,0,1,0.9937467424474519,probability_native,0.9937467424474519,u_24191b76c3278782,1,0,official,principal
1096,0,0,0.24580234279261737,probability_native,0.24580234279261737,u_24191b76c3278782,1,0,official,principal
733,0,0,5.577706048826315e-12,probability_native,5.577706048826315e-12,u_24191b76c3278782,1,0,official,principal
6846,1,1,0.9985373843717236,probability_native,0.9985373843717236,u_24191b76c3278782,1,0,official,principal
6891,0,1,0.5725431393057157,probability_native,0.5725431393057157,u_24191b76c3278782,1,0,official,principal
3011,0,0,3.859015245047676e-14,probability_native,3.859015245047676e-14,u_24191b76c3278782,1,0,official,principal
6009,1,1,0.9987048019086167,probability_native,0.9987048019086167,u_24191b76c3278782,1,0,official,principal
4163,0,0,6.165609166472322e-06,probability_native,6.165609166472322e-06,u_24191b76c3278782,1,0,official,principal
5717,0,0,1.1138053009560194e-12,probability_native,1.1138053009560194e-12,u_24191b76c3278782,1,0,official,principal
6803,0,0,3.5208134126991014e-05,probability_native,3.5208134126991014e-05,u_24191b76c3278782,1,0,official,principal
1426,0,0,0.0018074805017110713,probability_native,0.0018074805017110713,u_24191b76c3278782,1,0,official,principal
3860,0,0,0.04763058291668295,probability_native,0.04763058291668295,u_24191b76c3278782,1,0,official,principal
810,1,0,0.14312182486924835,probability_native,0.14312182486924835,u_24191b76c3278782,1,0,official,principal
2936,0,1,0.9856812048651342,probability_native,0.9856812048651342,u_24191b76c3278782,1,0,official,principal
2205,0,1,0.9866938351209542,probability_native,0.9866938351209542,u_24191b76c3278782,1,0,official,principal
6563,1,1,0.9906097898625267,probability_native,0.9906097898625267,u_24191b76c3278782,1,0,official,principal
2997,1,1,0.9948131930343859,probability_native,0.9948131930343859,u_24191b76c3278782,1,0,official,principal
1265,0,0,0.000744980385835534,probability_native,0.000744980385835534,u_24191b76c3278782,1,0,official,principal
948,1,1,0.999965832064342,probability_native,0.999965832064342,u_24191b76c3278782,1,0,official,principal
3521,0,0,0.0001075151494173113,probability_native,0.0001075151494173113,u_24191b76c3278782,1,0,official,principal
6809,1,1,0.9999043916224403,probability_native,0.9999043916224403,u_24191b76c3278782,1,0,official,principal
3563,0,1,0.9806216968995843,probability_native,0.9806216968995843,u_24191b76c3278782,1,0,official,principal
393,0,0,0.000924159459358908,probability_native,0.000924159459358908,u_24191b76c3278782,1,0,official,principal
2693,0,0,5.346161285462442e-14,probability_native,5.346161285462442e-14,u_24191b76c3278782,1,0,official,principal
3187,0,1,0.9869866762861439,probability_native,0.9869866762861439,u_24191b76c3278782,1,0,official,principal
6446,0,0,0.00043033800747266924,probability_native,0.00043033800747266924,u_24191b76c3278782,1,0,official,principal
3633,0,1,0.9999885880447695,probability_native,0.9999885880447695,u_24191b76c3278782,1,0,official,principal
5864,0,0,1.6363558220647562e-13,probability_native,1.6363558220647562e-13,u_24191b76c3278782,1,0,official,principal
4069,0,0,1.9853741495544782e-11,probability_native,1.9853741495544782e-11,u_24191b76c3278782,1,0,official,principal
3383,1,1,0.999851289305301,probability_native,0.999851289305301,u_24191b76c3278782,1,0,official,principal
6456,0,0,1.9684030395582551e-10,probability_native,1.9684030395582551e-10,u_24191b76c3278782,1,0,official,principal
1263,1,1,0.9743039345961545,probability_native,0.9743039345961545,u_24191b76c3278782,1,0,official,principal
272,1,1,0.5749708667767576,probability_native,0.5749708667767576,u_24191b76c3278782,1,0,official,principal
2070,1,0,0.0721330434438444,probability_native,0.0721330434438444,u_24191b76c3278782,1,0,official,principal
4842,1,1,0.9898023244683034,probability_native,0.9898023244683034,u_24191b76c3278782,1,0,official,principal
4872,0,0,3.924355077135068e-12,probability_native,3.924355077135068e-12,u_24191b76c3278782,1,0,official,principal
5272,1,1,0.9999379074525893,probability_native,0.9999379074525893,u_24191b76c3278782,1,0,official,principal
3646,0,0,0.16479881602062585,probability_native,0.16479881602062585,u_24191b76c3278782,1,0,official,principal
3935,0,0,2.6175696972909646e-15,probability_native,2.6175696972909646e-15,u_24191b76c3278782,1,0,official,principal
4788,0,0,5.985965015923359e-11,probability_native,5.985965015923359e-11,u_24191b76c3278782,1,0,official,principal
6124,0,0,3.63201243982708e-06,probability_native,3.63201243982708e-06,u_24191b76c3278782,1,0,official,principal
736,0,0,0.006690543335630423,probability_native,0.006690543335630423,u_24191b76c3278782,1,0,official,principal
5876,1,1,0.9999878986347468,probability_native,0.9999878986347468,u_24191b76c3278782,1,0,official,principal
2566,0,0,1.0710062241383179e-13,probability_native,1.0710062241383179e-13,u_24191b76c3278782,1,0,official,principal
1400,0,0,0.0001657370682848648,probability_native,0.0001657370682848648,u_24191b76c3278782,1,0,official,principal
1879,1,1,0.9999210331970513,probability_native,0.9999210331970513,u_24191b76c3278782,1,0,official,principal
6613,0,0,0.0016167153447775708,probability_native,0.0016167153447775708,u_24191b76c3278782,1,0,official,principal
2793,0,1,0.999151211437325,probability_native,0.999151211437325,u_24191b76c3278782,1,0,official,principal
5185,0,0,9.487901248521664e-06,probability_native,9.487901248521664e-06,u_24191b76c3278782,1,0,official,principal
1955,0,1,0.9540974101200146,probability_native,0.9540974101200146,u_24191b76c3278782,1,0,official,principal
5161,0,0,0.436633840857933,probability_native,0.436633840857933,u_24191b76c3278782,1,0,official,principal
4569,1,0,0.2941956705972439,probability_native,0.2941956705972439,u_24191b76c3278782,1,0,official,principal
1722,0,0,0.0013668790155873189,probability_native,0.0013668790155873189,u_24191b76c3278782,1,0,official,principal
2662,1,1,0.995111743734704,probability_native,0.995111743734704,u_24191b76c3278782,1,0,official,principal
3768,0,1,0.7053982676093845,probability_native,0.7053982676093845,u_24191b76c3278782,1,0,official,principal
4926,0,0,3.906592286540512e-12,probability_native,3.906592286540512e-12,u_24191b76c3278782,1,0,official,principal
439,0,0,0.4557812818444419,probability_native,0.4557812818444419,u_24191b76c3278782,1,0,official,principal
416,0,0,9.390454365780094e-11,probability_native,9.390454365780094e-11,u_24191b76c3278782,1,0,official,principal
3341,0,1,0.8320635630899165,probability_native,0.8320635630899165,u_24191b76c3278782,1,0,official,principal
6276,0,0,1.1957547357682264e-07,probability_native,1.1957547357682264e-07,u_24191b76c3278782,1,0,official,principal
2502,0,0,1.6034785289268095e-07,probability_native,1.6034785289268095e-07,u_24191b76c3278782,1,0,official,principal
5397,1,1,0.9999136489474733,probability_native,0.9999136489474733,u_24191b76c3278782,1,0,official,principal
6734,1,1,0.73269760636803,probability_native,0.73269760636803,u_24191b76c3278782,1,0,official,principal
5992,1,0,1.037792558637378e-06,probability_native,1.037792558637378e-06,u_24191b76c3278782,1,0,official,principal
4985,0,0,4.71727304782614e-13,probability_native,4.71727304782614e-13,u_24191b76c3278782,1,0,official,principal
5863,1,1,0.9999573998786458,probability_native,0.9999573998786458,u_24191b76c3278782,1,0,official,principal
6801,0,0,0.09286154183679701,probability_native,0.09286154183679701,u_24191b76c3278782,1,0,official,principal
3133,0,0,5.874320486735726e-05,probability_native,5.874320486735726e-05,u_24191b76c3278782,1,0,official,principal
4709,0,1,0.9922216982864338,probability_native,0.9922216982864338,u_24191b76c3278782,1,0,official,principal
5553,1,1,0.9887490119806183,probability_native,0.9887490119806183,u_24191b76c3278782,1,0,official,principal
6871,0,1,0.8448335842805337,probability_native,0.8448335842805337,u_24191b76c3278782,1,0,official,principal
1536,0,0,2.04113329561218e-13,probability_native,2.04113329561218e-13,u_24191b76c3278782,1,0,official,principal
982,0,0,0.05711205454474123,probability_native,0.05711205454474123,u_24191b76c3278782,1,0,official,principal
5325,0,0,8.153147072539917e-06,probability_native,8.153147072539917e-06,u_24191b76c3278782,1,0,official,principal
1540,0,0,0.050456088155581516,probability_native,0.050456088155581516,u_24191b76c3278782,1,0,official,principal
2432,0,0,0.00011748761464803766,probability_native,0.00011748761464803766,u_24191b76c3278782,1,0,official,principal
4921,0,0,0.3382838658391041,probability_native,0.3382838658391041,u_24191b76c3278782,1,0,official,principal
6109,0,1,0.8873365933097084,probability_native,0.8873365933097084,u_24191b76c3278782,1,0,official,principal
874,0,0,3.93045412728711e-09,probability_native,3.93045412728711e-09,u_24191b76c3278782,1,0,official,principal
5339,0,1,0.99025093323227,probability_native,0.99025093323227,u_24191b76c3278782,1,0,official,principal
1923,0,0,3.355156778306619e-14,probability_native,3.355156778306619e-14,u_24191b76c3278782,1,0,official,principal
1827,0,0,0.031221407267902835,probability_native,0.031221407267902835,u_24191b76c3278782,1,0,official,principal
972,0,0,5.817608837877641e-11,probability_native,5.817608837877641e-11,u_24191b76c3278782,1,0,official,principal
3673,1,1,0.9994689593446239,probability_native,0.9994689593446239,u_24191b76c3278782,1,0,official,principal
5747,0,0,0.00028589568522641596,probability_native,0.00028589568522641596,u_24191b76c3278782,1,0,official,principal
3904,0,0,2.2955181763379273e-05,probability_native,2.2955181763379273e-05,u_24191b76c3278782,1,0,official,principal
3987,1,1,0.9999352487833204,probability_native,0.9999352487833204,u_24191b76c3278782,1,0,official,principal
555,0,0,0.00027765495138589206,probability_native,0.00027765495138589206,u_24191b76c3278782,1,0,official,principal
2918,0,1,0.873910605155824,probability_native,0.873910605155824,u_24191b76c3278782,1,0,official,principal
2752,1,0,0.0003234224701588903,probability_native,0.0003234224701588903,u_24191b76c3278782,1,0,official,principal
5457,0,0,0.08790902828846778,probability_native,0.08790902828846778,u_24191b76c3278782,1,0,official,principal
6934,0,0,1.3371676041009847e-11,probability_native,1.3371676041009847e-11,u_24191b76c3278782,1,0,official,principal
2152,0,1,0.9991817412576559,probability_native,0.9991817412576559,u_24191b76c3278782,1,0,official,principal
3921,0,0,0.08330344163864084,probability_native,0.08330344163864084,u_24191b76c3278782,1,0,official,principal
2192,0,0,6.265527640617684e-11,probability_native,6.265527640617684e-11,u_24191b76c3278782,1,0,official,principal
2274,1,1,0.8191766702879674,probability_native,0.8191766702879674,u_24191b76c3278782,1,0,official,principal
5401,0,0,2.8575409970913006e-13,probability_native,2.8575409970913006e-13,u_24191b76c3278782,1,0,official,principal
3715,0,1,0.9999903102185754,probability_native,0.9999903102185754,u_24191b76c3278782,1,0,official,principal
217,0,0,5.198344331004783e-13,probability_native,5.198344331004783e-13,u_24191b76c3278782,1,0,official,principal
7029,0,1,0.999425499599767,probability_native,0.999425499599767,u_24191b76c3278782,1,0,official,principal
2232,0,0,3.3686834404125915e-15,probability_native,3.3686834404125915e-15,u_24191b76c3278782,1,0,official,principal
5395,1,1,0.9973664021142988,probability_native,0.9973664021142988,u_24191b76c3278782,1,0,official,principal
6122,0,0,5.242748924805489e-06,probability_native,5.242748924805489e-06,u_24191b76c3278782,1,0,official,principal
3012,0,0,1.4158733169867758e-13,probability_native,1.4158733169867758e-13,u_24191b76c3278782,1,0,official,principal
941,0,0,0.34939457682144215,probability_native,0.34939457682144215,u_24191b76c3278782,1,0,official,principal
4694,0,0,0.00023629719872508164,probability_native,0.00023629719872508164,u_24191b76c3278782,1,0,official,principal
94,0,0,1.721719186659031e-09,probability_native,1.721719186659031e-09,u_24191b76c3278782,1,0,official,principal
1794,0,0,1.5398101074746483e-14,probability_native,1.5398101074746483e-14,u_24191b76c3278782,1,0,official,principal
2256,0,0,6.2860615225255e-06,probability_native,6.2860615225255e-06,u_24191b76c3278782,1,0,official,principal
4371,0,0,2.3658092073480174e-06,probability_native,2.3658092073480174e-06,u_24191b76c3278782,1,0,official,principal
3361,0,0,0.04084857447365796,probability_native,0.04084857447365796,u_24191b76c3278782,1,0,official,principal
1619,0,0,4.4043348924957547e-13,probability_native,4.4043348924957547e-13,u_24191b76c3278782,1,0,official,principal
6578,0,0,3.1694061029057376e-05,probability_native,3.1694061029057376e-05,u_24191b76c3278782,1,0,official,principal
5199,0,0,0.15453161884358918,probability_native,0.15453161884358918,u_24191b76c3278782,1,0,official,principal
5490,0,1,0.846311180012031,probability_native,0.846311180012031,u_24191b76c3278782,1,0,official,principal
2069,1,1,0.9995977586210755,probability_native,0.9995977586210755,u_24191b76c3278782,1,0,official,principal
380,0,0,0.02912414248220374,probability_native,0.02912414248220374,u_24191b76c3278782,1,0,official,principal
2393,1,0,0.004916275813888379,probability_native,0.004916275813888379,u_24191b76c3278782,1,0,official,principal
2811,0,0,9.33582811125132e-15,probability_native,9.33582811125132e-15,u_24191b76c3278782,1,0,official,principal
6422,0,0,0.0036838183642675638,probability_native,0.0036838183642675638,u_24191b76c3278782,1,0,official,principal
6414,0,0,5.262128418924217e-15,probability_native,5.262128418924217e-15,u_24191b76c3278782,1,0,official,principal
4935,0,0,2.4388870729299598e-06,probability_native,2.4388870729299598e-06,u_24191b76c3278782,1,0,official,principal
4942,1,1,0.9848979858109929,probability_native,0.9848979858109929,u_24191b76c3278782,1,0,official,principal
3789,0,0,0.0012100014821406786,probability_native,0.0012100014821406786,u_24191b76c3278782,1,0,official,principal
3583,0,0,1.2802107649073568e-05,probability_native,1.2802107649073568e-05,u_24191b76c3278782,1,0,official,principal
1587,0,0,3.760879830868259e-14,probability_native,3.760879830868259e-14,u_24191b76c3278782,1,0,official,principal
3148,0,0,0.20606649062043017,probability_native,0.20606649062043017,u_24191b76c3278782,1,0,official,principal
7028,0,0,1.4575753109528e-11,probability_native,1.4575753109528e-11,u_24191b76c3278782,1,0,official,principal
3981,0,1,0.9999747884885299,probability_native,0.9999747884885299,u_24191b76c3278782,1,0,official,principal
4228,1,1,0.9983490199250481,probability_native,0.9983490199250481,u_24191b76c3278782,1,0,official,principal
2321,0,1,0.9858862730963959,probability_native,0.9858862730963959,u_24191b76c3278782,1,0,official,principal
1692,0,0,3.9836556893339334e-05,probability_native,3.9836556893339334e-05,u_24191b76c3278782,1,0,official,principal
4866,0,1,0.9973948398461828,probability_native,0.9973948398461828,u_24191b76c3278782,1,0,official,principal
5570,0,1,0.9864776835759771,probability_native,0.9864776835759771,u_24191b76c3278782,1,0,official,principal
4642,1,0,1.7097187255053223e-12,probability_native,1.7097187255053223e-12,u_24191b76c3278782,1,0,official,principal
2277,1,1,0.8277205562614055,probability_native,0.8277205562614055,u_24191b76c3278782,1,0,official,principal
6330,0,1,0.9767530420007479,probability_native,0.9767530420007479,u_24191b76c3278782,1,0,official,principal
5576,1,1,0.9889114788338494,probability_native,0.9889114788338494,u_24191b76c3278782,1,0,official,principal
6913,0,0,0.00013596653312644485,probability_native,0.00013596653312644485,u_24191b76c3278782,1,0,official,principal
2745,1,1,0.9999887625295243,probability_native,0.9999887625295243,u_24191b76c3278782,1,0,official,principal
1874,0,0,1.882877705691957e-12,probability_native,1.882877705691957e-12,u_24191b76c3278782,1,0,official,principal
2638,1,0,0.027991656294440212,probability_native,0.027991656294440212,u_24191b76c3278782,1,0,official,principal
6079,0,1,0.9684671713878508,probability_native,0.9684671713878508,u_24191b76c3278782,1,0,official,principal
782,0,0,0.010620102341067162,probability_native,0.010620102341067162,u_24191b76c3278782,1,0,official,principal
3602,0,1,0.5832696345736883,probability_native,0.5832696345736883,u_24191b76c3278782,1,0,official,principal
6282,0,0,9.47409318337585e-15,probability_native,9.47409318337585e-15,u_24191b76c3278782,1,0,official,principal
2404,0,0,0.0004951220197360068,probability_native,0.0004951220197360068,u_24191b76c3278782,1,0,official,principal
332,0,0,0.056147820421146764,probability_native,0.056147820421146764,u_24191b76c3278782,1,0,official,principal
2127,1,0,0.0011033087326828119,probability_native,0.0011033087326828119,u_24191b76c3278782,1,0,official,principal
6047,0,1,0.983683617099099,probability_native,0.983683617099099,u_24191b76c3278782,1,0,official,principal
5038,0,0,3.130900337802051e-05,probability_native,3.130900337802051e-05,u_24191b76c3278782,1,0,official,principal
2959,0,0,0.25416098427039413,probability_native,0.25416098427039413,u_24191b76c3278782,1,0,official,principal
1778,0,0,4.842137694119529e-16,probability_native,4.842137694119529e-16,u_24191b76c3278782,1,0,official,principal
6896,1,1,0.8867036128543114,probability_native,0.8867036128543114,u_24191b76c3278782,1,0,official,principal
5169,0,0,0.0004738543622883236,probability_native,0.0004738543622883236,u_24191b76c3278782,1,0,official,principal
6888,0,1,0.9992043846882812,probability_native,0.9992043846882812,u_24191b76c3278782,1,0,official,principal
6055,0,1,0.9993774906642778,probability_native,0.9993774906642778,u_24191b76c3278782,1,0,official,principal
6744,0,0,0.00035613886812161505,probability_native,0.00035613886812161505,u_24191b76c3278782,1,0,official,principal
3364,1,1,0.9967764550346833,probability_native,0.9967764550346833,u_24191b76c3278782,1,0,official,principal
3226,0,0,0.0013477029285207495,probability_native,0.0013477029285207495,u_24191b76c3278782,1,0,official,principal
6869,1,0,3.633581242858135e-05,probability_native,3.633581242858135e-05,u_24191b76c3278782,1,0,official,principal
2270,1,1,0.9999886256914438,probability_native,0.9999886256914438,u_24191b76c3278782,1,0,official,principal
4173,0,1,0.999959781975841,probability_native,0.999959781975841,u_24191b76c3278782,1,0,official,principal
3817,0,0,7.960478471013889e-14,probability_native,7.960478471013889e-14,u_24191b76c3278782,1,0,official,principal
2368,0,0,1.408153797357169e-13,probability_native,1.408153797357169e-13,u_24191b76c3278782,1,0,official,principal
4916,0,1,0.9995641842340751,probability_native,0.9995641842340751,u_24191b76c3278782,1,0,official,principal
2191,1,1,0.9999961761848166,probability_native,0.9999961761848166,u_24191b76c3278782,1,0,official,principal
2790,1,0,1.7779986171120512e-09,probability_native,1.7779986171120512e-09,u_24191b76c3278782,1,0,official,principal
6660,1,1,0.9998053420854548,probability_native,0.9998053420854548,u_24191b76c3278782,1,0,official,principal
5429,0,0,1.8172447680300174e-13,probability_native,1.8172447680300174e-13,u_24191b76c3278782,1,0,official,principal
3503,0,0,0.04869455562968116,probability_native,0.04869455562968116,u_24191b76c3278782,1,0,official,principal
3310,1,1,0.9999715015438231,probability_native,0.9999715015438231,u_24191b76c3278782,1,0,official,principal
6878,1,1,0.999972919498238,probability_native,0.999972919498238,u_24191b76c3278782,1,0,official,principal
4851,1,1,0.9999872487616034,probability_native,0.9999872487616034,u_24191b76c3278782,1,0,official,principal
719,0,1,0.7752167628850967,probability_native,0.7752167628850967,u_24191b76c3278782,1,0,official,principal
1500,0,0,0.27436809276688817,probability_native,0.27436809276688817,u_24191b76c3278782,1,0,official,principal
4060,0,0,8.441508833823606e-12,probability_native,8.441508833823606e-12,u_24191b76c3278782,1,0,official,principal
2342,0,1,0.7273467814127779,probability_native,0.7273467814127779,u_24191b76c3278782,1,0,official,principal
222,0,0,3.9191939433717596e-05,probability_native,3.9191939433717596e-05,u_24191b76c3278782,1,0,official,principal
1323,0,0,2.1606201472592083e-13,probability_native,2.1606201472592083e-13,u_24191b76c3278782,1,0,official,principal
3366,0,1,0.9308286172409739,probability_native,0.9308286172409739,u_24191b76c3278782,1,0,official,principal
5799,1,1,0.9878760549437283,probability_native,0.9878760549437283,u_24191b76c3278782,1,0,official,principal
2825,0,0,0.15591845728046866,probability_native,0.15591845728046866,u_24191b76c3278782,1,0,official,principal
3193,0,0,3.2686825859012956e-14,probability_native,3.2686825859012956e-14,u_24191b76c3278782,1,0,official,principal
5154,1,1,0.9799919159970515,probability_native,0.9799919159970515,u_24191b76c3278782,1,0,official,principal
80,1,1,0.9996755624635861,probability_native,0.9996755624635861,u_24191b76c3278782,1,0,official,principal
54,0,0,4.308798318311089e-06,probability_native,4.308798318311089e-06,u_24191b76c3278782,1,0,official,principal
6673,0,1,0.9988508487656744,probability_native,0.9988508487656744,u_24191b76c3278782,1,0,official,principal
2626,0,0,0.00011163198888316469,probability_native,0.00011163198888316469,u_24191b76c3278782,1,0,official,principal
6947,0,0,0.00037993339509068407,probability_native,0.00037993339509068407,u_24191b76c3278782,1,0,official,principal
5985,0,0,0.0004392682477603677,probability_native,0.0004392682477603677,u_24191b76c3278782,1,0,official,principal
6451,0,0,0.00020805930047665972,probability_native,0.00020805930047665972,u_24191b76c3278782,1,0,official,principal
6364,0,0,1.3137570846490323e-13,probability_native,1.3137570846490323e-13,u_24191b76c3278782,1,0,official,principal
2285,1,1,0.746651233829803,probability_native,0.746651233829803,u_24191b76c3278782,1,0,official,principal
6242,0,0,6.4522557848013084e-15,probability_native,6.4522557848013084e-15,u_24191b76c3278782,1,0,official,principal
30,0,0,2.355760161021312e-12,probability_native,2.355760161021312e-12,u_24191b76c3278782,1,0,official,principal
673,0,0,0.0019357875471428408,probability_native,0.0019357875471428408,u_24191b76c3278782,1,0,official,principal
684,0,1,0.9940021025466207,probability_native,0.9940021025466207,u_24191b76c3278782,1,0,official,principal
4424,1,0,0.47622914490732066,probability_native,0.47622914490732066,u_24191b76c3278782,1,0,official,principal
1502,0,0,0.019382979718556882,probability_native,0.019382979718556882,u_24191b76c3278782,1,0,official,principal
860,0,0,1.147632062184624e-06,probability_native,1.147632062184624e-06,u_24191b76c3278782,1,0,official,principal
5445,0,0,9.738933651671066e-11,probability_native,9.738933651671066e-11,u_24191b76c3278782,1,0,official,principal
3827,0,0,8.551941621822061e-06,probability_native,8.551941621822061e-06,u_24191b76c3278782,1,0,official,principal
5014,0,0,0.4409741458486866,probability_native,0.4409741458486866,u_24191b76c3278782,1,0,official,principal
1149,1,1,0.9762466113206676,probability_native,0.9762466113206676,u_24191b76c3278782,1,0,official,principal
6990,0,1,0.9932185054174074,probability_native,0.9932185054174074,u_24191b76c3278782,1,0,official,principal
1678,0,0,4.358918824371168e-05,probability_native,4.358918824371168e-05,u_24191b76c3278782,1,0,official,principal
6957,0,1,0.997988667335477,probability_native,0.997988667335477,u_24191b76c3278782,1,0,official,principal
6575,0,0,0.22024299595100894,probability_native,0.22024299595100894,u_24191b76c3278782,1,0,official,principal
2574,1,1,0.999841781210262,probability_native,0.999841781210262,u_24191b76c3278782,1,0,official,principal
5403,0,0,0.2916667257256628,probability_native,0.2916667257256628,u_24191b76c3278782,1,0,official,principal
3947,0,0,0.14167386375320726,probability_native,0.14167386375320726,u_24191b76c3278782,1,0,official,principal
1357,0,1,0.6415786817061391,probability_native,0.6415786817061391,u_24191b76c3278782,1,0,official,principal
1386,0,0,3.967376957283983e-12,probability_native,3.967376957283983e-12,u_24191b76c3278782,1,0,official,principal
4701,0,1,0.9999721873403887,probability_native,0.9999721873403887,u_24191b76c3278782,1,0,official,principal
3213,0,0,6.211773956831953e-07,probability_native,6.211773956831953e-07,u_24191b76c3278782,1,0,official,principal
6536,0,0,0.27705996505641195,probability_native,0.27705996505641195,u_24191b76c3278782,1,0,official,principal
3406,0,0,4.016399506131987e-06,probability_native,4.016399506131987e-06,u_24191b76c3278782,1,0,official,principal
1078,0,0,1.1908193078205075e-08,probability_native,1.1908193078205075e-08,u_24191b76c3278782,1,0,official,principal
3849,1,0,3.1638588279916263e-10,probability_native,3.1638588279916263e-10,u_24191b76c3278782,1,0,official,principal
5307,0,1,0.9994904660063254,probability_native,0.9994904660063254,u_24191b76c3278782,1,0,official,principal
3168,0,0,5.1870367335651436e-06,probability_native,5.1870367335651436e-06,u_24191b76c3278782,1,0,official,principal
4159,0,1,0.9736888542217463,probability_native,0.9736888542217463,u_24191b76c3278782,1,0,official,principal
3865,0,0,0.00034530775805031457,probability_native,0.00034530775805031457,u_24191b76c3278782,1,0,official,principal
5549,1,1,0.9995079939390848,probability_native,0.9995079939390848,u_24191b76c3278782,1,0,official,principal
1647,1,1,0.9937821164440421,probability_native,0.9937821164440421,u_24191b76c3278782,1,0,official,principal
1943,0,1,0.9482494410748441,probability_native,0.9482494410748441,u_24191b76c3278782,1,0,official,principal
1545,0,0,6.796558459063831e-09,probability_native,6.796558459063831e-09,u_24191b76c3278782,1,0,official,principal
4980,0,0,9.352502810583158e-05,probability_native,9.352502810583158e-05,u_24191b76c3278782,1,0,official,principal
6798,0,1,0.9979339676842633,probability_native,0.9979339676842633,u_24191b76c3278782,1,0,official,principal
5289,0,0,0.00011165840077061118,probability_native,0.00011165840077061118,u_24191b76c3278782,1,0,official,principal
4463,1,1,0.9999204896094878,probability_native,0.9999204896094878,u_24191b76c3278782,1,0,official,principal
6359,0,0,0.23658040738896755,probability_native,0.23658040738896755,u_24191b76c3278782,1,0,official,principal
4804,0,0,0.0014576351311531021,probability_native,0.0014576351311531021,u_24191b76c3278782,1,0,official,principal
5182,0,0,3.966854167375904e-06,probability_native,3.966854167375904e-06,u_24191b76c3278782,1,0,official,principal
136,0,1,0.9863014763042421,probability_native,0.9863014763042421,u_24191b76c3278782,1,0,official,principal
3588,0,1,0.8619900792252655,probability_native,0.8619900792252655,u_24191b76c3278782,1,0,official,principal
2166,0,0,0.009804658427873756,probability_native,0.009804658427873756,u_24191b76c3278782,1,0,official,principal
5111,1,1,0.8706486066264696,probability_native,0.8706486066264696,u_24191b76c3278782,1,0,official,principal
4279,0,0,0.0009445728564981613,probability_native,0.0009445728564981613,u_24191b76c3278782,1,0,official,principal
6767,0,0,0.029898714298245886,probability_native,0.029898714298245886,u_24191b76c3278782,1,0,official,principal
4321,0,1,0.9998918093176443,probability_native,0.9998918093176443,u_24191b76c3278782,1,0,official,principal
1409,0,1,0.9394623474690392,probability_native,0.9394623474690392,u_24191b76c3278782,1,0,official,principal
2060,0,0,2.6913530816538136e-13,probability_native,2.6913530816538136e-13,u_24191b76c3278782,1,0,official,principal
2462,0,0,0.1621119766195208,probability_native,0.1621119766195208,u_24191b76c3278782,1,0,official,principal
5973,0,0,5.656868926592824e-09,probability_native,5.656868926592824e-09,u_24191b76c3278782,1,0,official,principal
289,1,1,0.8914851886749984,probability_native,0.8914851886749984,u_24191b76c3278782,1,0,official,principal
4342,0,0,5.608951489483413e-10,probability_native,5.608951489483413e-10,u_24191b76c3278782,1,0,official,principal
2864,0,1,0.9481445324340123,probability_native,0.9481445324340123,u_24191b76c3278782,1,0,official,principal
2033,1,0,0.006611915219544872,probability_native,0.006611915219544872,u_24191b76c3278782,1,0,official,principal
3605,0,1,0.9917272934435424,probability_native,0.9917272934435424,u_24191b76c3278782,1,0,official,principal
280,0,0,0.2668814139757732,probability_native,0.2668814139757732,u_24191b76c3278782,1,0,official,principal
1930,0,0,0.1362351122651184,probability_native,0.1362351122651184,u_24191b76c3278782,1,0,official,principal
4222,0,0,6.0353331694883124e-05,probability_native,6.0353331694883124e-05,u_24191b76c3278782,1,0,official,principal
839,0,0,4.352859295474124e-14,probability_native,4.352859295474124e-14,u_24191b76c3278782,1,0,official,principal
6275,0,0,1.923337100014766e-12,probability_native,1.923337100014766e-12,u_24191b76c3278782,1,0,official,principal
506,0,1,0.9821257749060854,probability_native,0.9821257749060854,u_24191b76c3278782,1,0,official,principal
5434,0,1,0.8226294221030197,probability_native,0.8226294221030197,u_24191b76c3278782,1,0,official,principal
6526,1,0,0.022572707836990783,probability_native,0.022572707836990783,u_24191b76c3278782,1,0,official,principal
5295,0,1,0.6960257907347646,probability_native,0.6960257907347646,u_24191b76c3278782,1,0,official,principal
2703,1,1,0.984609745562332,probability_native,0.984609745562332,u_24191b76c3278782,1,0,official,principal
2537,0,0,1.1537736212565537e-12,probability_native,1.1537736212565537e-12,u_24191b76c3278782,1,0,official,principal
824,0,0,1.1045439917906891e-13,probability_native,1.1045439917906891e-13,u_24191b76c3278782,1,0,official,principal
908,0,0,0.00017231428384763863,probability_native,0.00017231428384763863,u_24191b76c3278782,1,0,official,principal
6823,0,1,0.9222008983952935,probability_native,0.9222008983952935,u_24191b76c3278782,1,0,official,principal
3210,0,0,1.1721407246509536e-06,probability_native,1.1721407246509536e-06,u_24191b76c3278782,1,0,official,principal
25,0,1,0.659112923548371,probability_native,0.659112923548371,u_24191b76c3278782,1,0,official,principal
2379,1,1,0.9960325555094938,probability_native,0.9960325555094938,u_24191b76c3278782,1,0,official,principal
6078,0,0,0.0009865485963622854,probability_native,0.0009865485963622854,u_24191b76c3278782,1,0,official,principal
6325,1,1,0.5364905343997387,probability_native,0.5364905343997387,u_24191b76c3278782,1,0,official,principal
1257,0,0,0.12656912514967292,probability_native,0.12656912514967292,u_24191b76c3278782,1,0,official,principal
6216,0,0,1.3399482008305178e-14,probability_native,1.3399482008305178e-14,u_24191b76c3278782,1,0,official,principal
4116,0,0,9.46196817670765e-07,probability_native,9.46196817670765e-07,u_24191b76c3278782,1,0,official,principal
3746,1,1,0.9998166994881349,probability_native,0.9998166994881349,u_24191b76c3278782,1,0,official,principal
6844,0,1,0.8197164731795207,probability_native,0.8197164731795207,u_24191b76c3278782,1,0,official,principal
6893,1,0,0.00686602987935484,probability_native,0.00686602987935484,u_24191b76c3278782,1,0,official,principal
1524,0,0,0.08343217600543618,probability_native,0.08343217600543618,u_24191b76c3278782,1,0,official,principal
2196,0,0,4.8988154326889646e-05,probability_native,4.8988154326889646e-05,u_24191b76c3278782,1,0,official,principal
2621,0,0,2.942476495207004e-12,probability_native,2.942476495207004e-12,u_24191b76c3278782,1,0,official,principal
379,0,1,0.521220312735453,probability_native,0.521220312735453,u_24191b76c3278782,1,0,official,principal
3929,0,0,0.003431563831578279,probability_native,0.003431563831578279,u_24191b76c3278782,1,0,official,principal
7026,1,1,0.9901715505761433,probability_native,0.9901715505761433,u_24191b76c3278782,1,0,official,principal
3221,0,1,0.8477732090277088,probability_native,0.8477732090277088,u_24191b76c3278782,1,0,official,principal
2366,1,1,0.9999881609515485,probability_native,0.9999881609515485,u_24191b76c3278782,1,0,official,principal
6255,0,0,0.00020322148175322513,probability_native,0.00020322148175322513,u_24191b76c3278782,1,0,official,principal
5638,1,0,0.027217083389281364,probability_native,0.027217083389281364,u_24191b76c3278782,1,0,official,principal
6606,1,1,0.9928967067446467,probability_native,0.9928967067446467,u_24191b76c3278782,1,0,official,principal
1796,0,1,0.6692065849436154,probability_native,0.6692065849436154,u_24191b76c3278782,1,0,official,principal
2682,1,1,0.9300807620602178,probability_native,0.9300807620602178,u_24191b76c3278782,1,0,official,principal
6517,0,1,0.9534272965942899,probability_native,0.9534272965942899,u_24191b76c3278782,1,0,official,principal
1217,0,0,4.4752143708409666e-07,probability_native,4.4752143708409666e-07,u_24191b76c3278782,1,0,official,principal
5124,0,0,1.8921399701895112e-14,probability_native,1.8921399701895112e-14,u_24191b76c3278782,1,0,official,principal
5856,0,1,0.9638190232230482,probability_native,0.9638190232230482,u_24191b76c3278782,1,0,official,principal
5136,0,1,0.9998301866450302,probability_native,0.9998301866450302,u_24191b76c3278782,1,0,official,principal
398,0,1,0.9823833667947043,probability_native,0.9823833667947043,u_24191b76c3278782,1,0,official,principal
918,0,1,0.9997915581154329,probability_native,0.9997915581154329,u_24191b76c3278782,1,0,official,principal
6759,0,0,0.10039103964849794,probability_native,0.10039103964849794,u_24191b76c3278782,1,0,official,principal
3562,1,1,0.999989369002293,probability_native,0.999989369002293,u_24191b76c3278782,1,0,official,principal
3120,0,0,2.448702259908755e-14,probability_native,2.448702259908755e-14,u_24191b76c3278782,1,0,official,principal
5290,0,0,2.2352183144925946e-14,probability_native,2.2352183144925946e-14,u_24191b76c3278782,1,0,official,principal
4617,0,0,0.023492134501105613,probability_native,0.023492134501105613,u_24191b76c3278782,1,0,official,principal
1642,0,0,0.0002599765470623884,probability_native,0.0002599765470623884,u_24191b76c3278782,1,0,official,principal
5104,0,0,2.1703046199160664e-13,probability_native,2.1703046199160664e-13,u_24191b76c3278782,1,0,official,principal
4807,0,0,1.0115583842100394e-11,probability_native,1.0115583842100394e-11,u_24191b76c3278782,1,0,official,principal
5800,0,1,0.9967223095896858,probability_native,0.9967223095896858,u_24191b76c3278782,1,0,official,principal
3558,0,0,0.1511188296243969,probability_native,0.1511188296243969,u_24191b76c3278782,1,0,official,principal
6819,1,1,0.9967471375985552,probability_native,0.9967471375985552,u_24191b76c3278782,1,0,official,principal
5644,1,1,0.9988107202674177,probability_native,0.9988107202674177,u_24191b76c3278782,1,0,official,principal
4138,1,1,0.9999403597413522,probability_native,0.9999403597413522,u_24191b76c3278782,1,0,official,principal
460,0,0,0.00013515073570435416,probability_native,0.00013515073570435416,u_24191b76c3278782,1,0,official,principal
3199,0,0,1.7013263784942013e-13,probability_native,1.7013263784942013e-13,u_24191b76c3278782,1,0,official,principal
2332,0,0,0.00037977668372740213,probability_native,0.00037977668372740213,u_24191b76c3278782,1,0,official,principal
5682,0,1,0.914618550125201,probability_native,0.914618550125201,u_24191b76c3278782,1,0,official,principal
6859,0,0,4.679823225445374e-13,probability_native,4.679823225445374e-13,u_24191b76c3278782,1,0,official,principal
2418,0,1,0.9996096016278263,probability_native,0.9996096016278263,u_24191b76c3278782,1,0,official,principal
6784,0,0,0.0061868033963157765,probability_native,0.0061868033963157765,u_24191b76c3278782,1,0,official,principal
6035,1,0,0.04271353350861626,probability_native,0.04271353350861626,u_24191b76c3278782,1,0,official,principal
2929,0,0,5.542266201103712e-07,probability_native,5.542266201103712e-07,u_24191b76c3278782,1,0,official,principal
2177,0,0,1.508126565384026e-11,probability_native,1.508126565384026e-11,u_24191b76c3278782,1,0,official,principal
2632,0,0,9.229247232016289e-10,probability_native,9.229247232016289e-10,u_24191b76c3278782,1,0,official,principal
4787,0,0,0.15180538646660494,probability_native,0.15180538646660494,u_24191b76c3278782,1,0,official,principal
1976,1,1,0.9999968068639403,probability_native,0.9999968068639403,u_24191b76c3278782,1,0,official,principal
762,1,1,0.9998019813987961,probability_native,0.9998019813987961,u_24191b76c3278782,1,0,official,principal
5757,0,0,0.003649578325612117,probability_native,0.003649578325612117,u_24191b76c3278782,1,0,official,principal
2977,0,0,0.00619119164123869,probability_native,0.00619119164123869,u_24191b76c3278782,1,0,official,principal
2215,0,0,5.885948402682564e-13,probability_native,5.885948402682564e-13,u_24191b76c3278782,1,0,official,principal
5042,0,0,2.512847373030031e-07,probability_native,2.512847373030031e-07,u_24191b76c3278782,1,0,official,principal
3572,0,1,0.9999725205027216,probability_native,0.9999725205027216,u_24191b76c3278782,1,0,official,principal
565,0,0,3.151458509190407e-14,probability_native,3.151458509190407e-14,u_24191b76c3278782,1,0,official,principal
4888,0,0,0.1938786618850454,probability_native,0.1938786618850454,u_24191b76c3278782,1,0,official,principal
2948,1,1,0.9998395330844798,probability_native,0.9998395330844798,u_24191b76c3278782,1,0,official,principal
1979,0,0,1.0125187486465324e-13,probability_native,1.0125187486465324e-13,u_24191b76c3278782,1,0,official,principal
2406,1,1,0.9999470718632455,probability_native,0.9999470718632455,u_24191b76c3278782,1,0,official,principal
1344,0,0,0.00028510960984968385,probability_native,0.00028510960984968385,u_24191b76c3278782,1,0,official,principal
6953,1,1,0.9999929155185954,probability_native,0.9999929155185954,u_24191b76c3278782,1,0,official,principal
6052,0,0,1.2444067027582394e-11,probability_native,1.2444067027582394e-11,u_24191b76c3278782,1,0,official,principal
6296,0,0,0.0004370196734684963,probability_native,0.0004370196734684963,u_24191b76c3278782,1,0,official,principal
2309,0,0,5.575665942526624e-10,probability_native,5.575665942526624e-10,u_24191b76c3278782,1,0,official,principal
6790,0,0,8.248550686089095e-13,probability_native,8.248550686089095e-13,u_24191b76c3278782,1,0,official,principal
89,0,0,0.16764580051951192,probability_native,0.16764580051951192,u_24191b76c3278782,1,0,official,principal
3594,0,1,0.9382416499201371,probability_native,0.9382416499201371,u_24191b76c3278782,1,0,official,principal
3033,0,0,5.2916979804736525e-11,probability_native,5.2916979804736525e-11,u_24191b76c3278782,1,0,official,principal
2979,0,0,0.10446834061485948,probability_native,0.10446834061485948,u_24191b76c3278782,1,0,official,principal
5893,0,0,7.394896512603877e-13,probability_native,7.394896512603877e-13,u_24191b76c3278782,1,0,official,principal
2966,0,1,0.9993944479620233,probability_native,0.9993944479620233,u_24191b76c3278782,1,0,official,principal
1741,0,1,0.9926475809856491,probability_native,0.9926475809856491,u_24191b76c3278782,1,0,official,principal
5126,0,0,0.2389978560137084,probability_native,0.2389978560137084,u_24191b76c3278782,1,0,official,principal
2096,1,0,0.027365386802903326,probability_native,0.027365386802903326,u_24191b76c3278782,1,0,official,principal
5712,0,0,0.012674115869208392,probability_native,0.012674115869208392,u_24191b76c3278782,1,0,official,principal
3289,0,1,0.9765204847772766,probability_native,0.9765204847772766,u_24191b76c3278782,1,0,official,principal
1091,0,0,0.09593168977834324,probability_native,0.09593168977834324,u_24191b76c3278782,1,0,official,principal
5305,0,0,4.5912017204851283e-10,probability_native,4.5912017204851283e-10,u_24191b76c3278782,1,0,official,principal
5391,0,0,0.010161062755902023,probability_native,0.010161062755902023,u_24191b76c3278782,1,0,official,principal
5153,0,1,0.9997961626442682,probability_native,0.9997961626442682,u_24191b76c3278782,1,0,official,principal
2288,0,1,0.998476068437108,probability_native,0.998476068437108,u_24191b76c3278782,1,0,official,principal
4035,0,0,0.34667044579270356,probability_native,0.34667044579270356,u_24191b76c3278782,1,0,official,principal
937,1,1,0.9990260063212267,probability_native,0.9990260063212267,u_24191b76c3278782,1,0,official,principal
2026,0,0,0.005754121307046374,probability_native,0.005754121307046374,u_24191b76c3278782,1,0,official,principal
3894,0,0,2.2118518540461892e-13,probability_native,2.2118518540461892e-13,u_24191b76c3278782,1,0,official,principal
5165,1,1,0.9999871185375169,probability_native,0.9999871185375169,u_24191b76c3278782,1,0,official,principal
947,0,1,0.9877499822281899,probability_native,0.9877499822281899,u_24191b76c3278782,1,0,official,principal
3232,0,0,2.625891718939287e-05,probability_native,2.625891718939287e-05,u_24191b76c3278782,1,0,official,principal
4974,1,0,0.17967223484475042,probability_native,0.17967223484475042,u_24191b76c3278782,1,0,official,principal
5152,0,0,9.484001239671843e-15,probability_native,9.484001239671843e-15,u_24191b76c3278782,1,0,official,principal
6813,1,0,1.2642329218282592e-12,probability_native,1.2642329218282592e-12,u_24191b76c3278782,1,0,official,principal
4644,0,1,0.7642695504921043,probability_native,0.7642695504921043,u_24191b76c3278782,1,0,official,principal
1226,0,0,4.62454182578124e-14,probability_native,4.62454182578124e-14,u_24191b76c3278782,1,0,official,principal
5210,1,0,0.0031575124099803265,probability_native,0.0031575124099803265,u_24191b76c3278782,1,0,official,principal
5769,0,0,4.7269644925648936e-12,probability_native,4.7269644925648936e-12,u_24191b76c3278782,1,0,official,principal
5186,1,1,0.9988060542339294,probability_native,0.9988060542339294,u_24191b76c3278782,1,0,official,principal
1372,0,1,0.9890990982287577,probability_native,0.9890990982287577,u_24191b76c3278782,1,0,official,principal
3825,0,0,4.129010960346868e-15,probability_native,4.129010960346868e-15,u_24191b76c3278782,1,0,official,principal
104,1,0,8.399318943942442e-11,probability_native,8.399318943942442e-11,u_24191b76c3278782,1,0,official,principal
4949,1,1,0.9305324923190865,probability_native,0.9305324923190865,u_24191b76c3278782,1,0,official,principal
1233,0,0,6.4281637480066235e-15,probability_native,6.4281637480066235e-15,u_24191b76c3278782,1,0,official,principal
4634,0,0,0.006578183010259173,probability_native,0.006578183010259173,u_24191b76c3278782,1,0,official,principal
739,0,0,8.566874734704736e-12,probability_native,8.566874734704736e-12,u_24191b76c3278782,1,0,official,principal
1663,1,1,0.9986127954040052,probability_native,0.9986127954040052,u_24191b76c3278782,1,0,official,principal
5417,0,0,1.8009199948826514e-10,probability_native,1.8009199948826514e-10,u_24191b76c3278782,1,0,official,principal
6357,1,0,0.0017026234588156752,probability_native,0.0017026234588156752,u_24191b76c3278782,1,0,official,principal
59,0,0,2.479591591872965e-11,probability_native,2.479591591872965e-11,u_24191b76c3278782,1,0,official,principal
4384,1,1,0.9884620535462018,probability_native,0.9884620535462018,u_24191b76c3278782,1,0,official,principal
5467,0,0,0.0010828091331398376,probability_native,0.0010828091331398376,u_24191b76c3278782,1,0,official,principal
3754,0,0,0.0014775609905383683,probability_native,0.0014775609905383683,u_24191b76c3278782,1,0,official,principal
6870,0,1,0.9952874150644138,probability_native,0.9952874150644138,u_24191b76c3278782,1,0,official,principal
5731,0,0,0.005594342231377315,probability_native,0.005594342231377315,u_24191b76c3278782,1,0,official,principal
2100,0,0,0.008111697608303556,probability_native,0.008111697608303556,u_24191b76c3278782,1,0,official,principal
5843,0,1,0.8730517535227624,probability_native,0.8730517535227624,u_24191b76c3278782,1,0,official,principal
6358,0,0,3.9229750670942055e-13,probability_native,3.9229750670942055e-13,u_24191b76c3278782,1,0,official,principal
2947,0,0,0.2330111030078752,probability_native,0.2330111030078752,u_24191b76c3278782,1,0,official,principal
6066,1,1,0.999801866642321,probability_native,0.999801866642321,u_24191b76c3278782,1,0,official,principal
5599,1,1,0.9367325790372002,probability_native,0.9367325790372002,u_24191b76c3278782,1,0,official,principal
5741,1,1,0.9999165001687076,probability_native,0.9999165001687076,u_24191b76c3278782,1,0,official,principal
3336,0,0,3.4699450643118865e-15,probability_native,3.4699450643118865e-15,u_24191b76c3278782,1,0,official,principal
6708,1,1,0.9999882023370332,probability_native,0.9999882023370332,u_24191b76c3278782,1,0,official,principal
5454,1,1,0.9999711208315077,probability_native,0.9999711208315077,u_24191b76c3278782,1,0,official,principal
4368,1,1,0.9999925565270531,probability_native,0.9999925565270531,u_24191b76c3278782,1,0,official,principal
2953,1,1,0.9825952146570048,probability_native,0.9825952146570048,u_24191b76c3278782,1,0,official,principal
3181,0,0,1.1855403293554914e-12,probability_native,1.1855403293554914e-12,u_24191b76c3278782,1,0,official,principal
5353,0,1,0.8940397515424287,probability_native,0.8940397515424287,u_24191b76c3278782,1,0,official,principal
3919,1,1,0.9998790391188416,probability_native,0.9998790391188416,u_24191b76c3278782,1,0,official,principal
4380,0,0,4.099100479013907e-14,probability_native,4.099100479013907e-14,u_24191b76c3278782,1,0,official,principal
6007,0,0,0.00018743414733517723,probability_native,0.00018743414733517723,u_24191b76c3278782,1,0,official,principal
4331,0,0,1.2202636893382411e-13,probability_native,1.2202636893382411e-13,u_24191b76c3278782,1,0,official,principal
3351,1,1,0.6572163548054057,probability_native,0.6572163548054057,u_24191b76c3278782,1,0,official,principal
6962,1,1,0.9990668641043701,probability_native,0.9990668641043701,u_24191b76c3278782,1,0,official,principal
5873,0,1,0.9980843462948467,probability_native,0.9980843462948467,u_24191b76c3278782,1,0,official,principal
486,0,1,0.9999380262400926,probability_native,0.9999380262400926,u_24191b76c3278782,1,0,official,principal
2378,1,1,0.9991734593931365,probability_native,0.9991734593931365,u_24191b76c3278782,1,0,official,principal
2958,0,0,0.0004703362617907651,probability_native,0.0004703362617907651,u_24191b76c3278782,1,0,official,principal
5112,1,0,0.0016215943717843078,probability_native,0.0016215943717843078,u_24191b76c3278782,1,0,official,principal
1013,0,1,0.9903600653551085,probability_native,0.9903600653551085,u_24191b76c3278782,1,0,official,principal
6868,1,1,0.9999616762090566,probability_native,0.9999616762090566,u_24191b76c3278782,1,0,official,principal
2141,0,0,0.0010220069603489059,probability_native,0.0010220069603489059,u_24191b76c3278782,1,0,official,principal
5306,1,1,0.9987033205400365,probability_native,0.9987033205400365,u_24191b76c3278782,1,0,official,principal
540,0,0,2.554532051928436e-13,probability_native,2.554532051928436e-13,u_24191b76c3278782,1,0,official,principal
2242,0,0,2.7705263420414754e-06,probability_native,2.7705263420414754e-06,u_24191b76c3278782,1,0,official,principal
5994,1,1,0.9922671805232799,probability_native,0.9922671805232799,u_24191b76c3278782,1,0,official,principal
3257,0,1,0.9976330030650322,probability_native,0.9976330030650322,u_24191b76c3278782,1,0,official,principal
5641,0,0,1.7337953395047183e-06,probability_native,1.7337953395047183e-06,u_24191b76c3278782,1,0,official,principal
1,0,0,0.0007936702492681418,probability_native,0.0007936702492681418,u_24191b76c3278782,1,0,official,principal
2269,1,1,0.9939625756533875,probability_native,0.9939625756533875,u_24191b76c3278782,1,0,official,principal
6617,0,0,0.0008576112709474392,probability_native,0.0008576112709474392,u_24191b76c3278782,1,0,official,principal
4762,0,1,0.984520863781254,probability_native,0.984520863781254,u_24191b76c3278782,1,0,official,principal
3017,0,0,4.5787196235289175e-05,probability_native,4.5787196235289175e-05,u_24191b76c3278782,1,0,official,principal
1203,0,0,8.994568169338863e-14,probability_native,8.994568169338863e-14,u_24191b76c3278782,1,0,official,principal
410,1,1,0.9999834451730711,probability_native,0.9999834451730711,u_24191b76c3278782,1,0,official,principal
1591,0,0,0.00035525319049277713,probability_native,0.00035525319049277713,u_24191b76c3278782,1,0,official,principal
2660,0,0,0.07537623337687258,probability_native,0.07537623337687258,u_24191b76c3278782,1,0,official,principal
5426,0,0,1.3462920224332996e-09,probability_native,1.3462920224332996e-09,u_24191b76c3278782,1,0,official,principal
877,0,0,5.486518385926485e-06,probability_native,5.486518385926485e-06,u_24191b76c3278782,1,0,official,principal
1839,0,0,2.497349448456714e-12,probability_native,2.497349448456714e-12,u_24191b76c3278782,1,0,official,principal
862,1,1,0.9998905978498946,probability_native,0.9998905978498946,u_24191b76c3278782,1,0,official,principal
3318,1,0,0.1917158773049218,probability_native,0.1917158773049218,u_24191b76c3278782,1,0,official,principal
5537,0,0,1.6136006815103275e-11,probability_native,1.6136006815103275e-11,u_24191b76c3278782,1,0,official,principal
1919,1,1,0.8672426806345715,probability_native,0.8672426806345715,u_24191b76c3278782,1,0,official,principal
4276,1,1,0.9665432438798668,probability_native,0.9665432438798668,u_24191b76c3278782,1,0,official,principal
509,0,0,0.0015506022051699016,probability_native,0.0015506022051699016,u_24191b76c3278782,1,0,official,principal
624,1,0,0.004614209791468653,probability_native,0.004614209791468653,u_24191b76c3278782,1,0,official,principal
2151,0,0,5.755077648343838e-13,probability_native,5.755077648343838e-13,u_24191b76c3278782,1,0,official,principal
2532,0,1,0.6115799760227217,probability_native,0.6115799760227217,u_24191b76c3278782,1,0,official,principal
2203,0,0,3.6144408589375505e-07,probability_native,3.6144408589375505e-07,u_24191b76c3278782,1,0,official,principal
6736,0,0,6.0949916079064955e-15,probability_native,6.0949916079064955e-15,u_24191b76c3278782,1,0,official,principal
2912,0,1,0.9998160864830248,probability_native,0.9998160864830248,u_24191b76c3278782,1,0,official,principal
1964,0,0,0.00020518362436198714,probability_native,0.00020518362436198714,u_24191b76c3278782,1,0,official,principal
566,0,0,0.009145708394121457,probability_native,0.009145708394121457,u_24191b76c3278782,1,0,official,principal
159,0,0,4.250412879772684e-12,probability_native,4.250412879772684e-12,u_24191b76c3278782,1,0,official,principal
235,1,1,0.9748256182571364,probability_native,0.9748256182571364,u_24191b76c3278782,1,0,official,principal
3393,0,0,4.719185861427362e-10,probability_native,4.719185861427362e-10,u_24191b76c3278782,1,0,official,principal
2183,0,1,0.6268316296399808,probability_native,0.6268316296399808,u_24191b76c3278782,1,0,official,principal
1320,0,0,0.0003343581787921697,probability_native,0.0003343581787921697,u_24191b76c3278782,1,0,official,principal
1779,0,1,0.9987626104607475,probability_native,0.9987626104607475,u_24191b76c3278782,1,0,official,principal
3696,1,1,0.9687073855437778,probability_native,0.9687073855437778,u_24191b76c3278782,1,0,official,principal
6914,1,1,0.9996022639781398,probability_native,0.9996022639781398,u_24191b76c3278782,1,0,official,principal
1575,1,1,0.9059459967594684,probability_native,0.9059459967594684,u_24191b76c3278782,1,0,official,principal
6553,0,0,2.9236236545169277e-12,probability_native,2.9236236545169277e-12,u_24191b76c3278782,1,0,official,principal
2787,0,0,1.6455668477929581e-15,probability_native,1.6455668477929581e-15,u_24191b76c3278782,1,0,official,principal
6406,0,0,0.4571233428599499,probability_native,0.4571233428599499,u_24191b76c3278782,1,0,official,principal
2717,0,0,3.7030733159012303e-14,probability_native,3.7030733159012303e-14,u_24191b76c3278782,1,0,official,principal
285,0,0,0.49244286969314954,probability_native,0.49244286969314954,u_24191b76c3278782,1,0,official,principal
1274,0,0,7.484714131763285e-11,probability_native,7.484714131763285e-11,u_24191b76c3278782,1,0,official,principal
31,0,1,0.9989600276126331,probability_native,0.9989600276126331,u_24191b76c3278782,1,0,official,principal
5879,0,0,1.3398514491287343e-11,probability_native,1.3398514491287343e-11,u_24191b76c3278782,1,0,official,principal
4987,0,0,4.552122569262663e-14,probability_native,4.552122569262663e-14,u_24191b76c3278782,1,0,official,principal
1493,0,1,0.985431737703917,probability_native,0.985431737703917,u_24191b76c3278782,1,0,official,principal
6903,0,0,0.09979593694262158,probability_native,0.09979593694262158,u_24191b76c3278782,1,0,official,principal
174,0,0,1.1954777485024421e-05,probability_native,1.1954777485024421e-05,u_24191b76c3278782,1,0,official,principal
361,0,0,1.798346561456426e-08,probability_native,1.798346561456426e-08,u_24191b76c3278782,1,0,official,principal
2882,0,1,0.9996682160732182,probability_native,0.9996682160732182,u_24191b76c3278782,1,0,official,principal
3184,0,0,3.5831840936478523e-12,probability_native,3.5831840936478523e-12,u_24191b76c3278782,1,0,official,principal
6616,1,1,0.9993621894310883,probability_native,0.9993621894310883,u_24191b76c3278782,1,0,official,principal
3328,0,1,0.9999266666611721,probability_native,0.9999266666611721,u_24191b76c3278782,1,0,official,principal
4751,1,0,0.0005863542561377436,probability_native,0.0005863542561377436,u_24191b76c3278782,1,0,official,principal
5737,0,0,0.12145112747240328,probability_native,0.12145112747240328,u_24191b76c3278782,1,0,official,principal
5009,0,0,1.0391321771608872e-05,probability_native,1.0391321771608872e-05,u_24191b76c3278782,1,0,official,principal
4482,1,1,0.999942940989489,probability_native,0.999942940989489,u_24191b76c3278782,1,0,official,principal
5981,0,0,4.5107774024527635e-14,probability_native,4.5107774024527635e-14,u_24191b76c3278782,1,0,official,principal
2619,1,1,0.9993005126200766,probability_native,0.9993005126200766,u_24191b76c3278782,1,0,official,principal
109,0,0,2.419159671280161e-16,probability_native,2.419159671280161e-16,u_24191b76c3278782,1,0,official,principal
4182,1,1,0.9994936207817982,probability_native,0.9994936207817982,u_24191b76c3278782,1,0,official,principal
2507,0,0,1.173040894748299e-12,probability_native,1.173040894748299e-12,u_24191b76c3278782,1,0,official,principal
6172,1,1,0.999740793516619,probability_native,0.999740793516619,u_24191b76c3278782,1,0,official,principal
5455,0,0,0.00046750620030254107,probability_native,0.00046750620030254107,u_24191b76c3278782,1,0,official,principal
4467,0,0,0.002535656057346463,probability_native,0.002535656057346463,u_24191b76c3278782,1,0,official,principal
4167,0,0,0.02400635590093121,probability_native,0.02400635590093121,u_24191b76c3278782,1,0,official,principal
4269,1,0,0.2567205606201596,probability_native,0.2567205606201596,u_24191b76c3278782,1,0,official,principal
847,0,0,4.2166540550782865e-07,probability_native,4.2166540550782865e-07,u_24191b76c3278782,1,0,official,principal
1145,0,1,0.9442626715372566,probability_native,0.9442626715372566,u_24191b76c3278782,1,0,official,principal
1971,0,0,8.144174275134378e-06,probability_native,8.144174275134378e-06,u_24191b76c3278782,1,0,official,principal
5827,0,1,0.7509871658547349,probability_native,0.7509871658547349,u_24191b76c3278782,1,0,official,principal
5832,1,1,0.9971278959915304,probability_native,0.9971278959915304,u_24191b76c3278782,1,0,official,principal
1349,0,1,0.8826464251202567,probability_native,0.8826464251202567,u_24191b76c3278782,1,0,official,principal
77,0,0,0.019605968570094695,probability_native,0.019605968570094695,u_24191b76c3278782,1,0,official,principal
1859,1,1,0.9979346708331434,probability_native,0.9979346708331434,u_24191b76c3278782,1,0,official,principal
720,0,0,3.979309581506428e-07,probability_native,3.979309581506428e-07,u_24191b76c3278782,1,0,official,principal
2245,0,0,5.416430913931983e-11,probability_native,5.416430913931983e-11,u_24191b76c3278782,1,0,official,principal
6699,0,0,3.2530064331907405e-13,probability_native,3.2530064331907405e-13,u_24191b76c3278782,1,0,official,principal
572,0,0,0.0026946021506146917,probability_native,0.0026946021506146917,u_24191b76c3278782,1,0,official,principal
7014,0,1,0.9994493493900126,probability_native,0.9994493493900126,u_24191b76c3278782,1,0,official,principal
5342,1,1,0.9986881053335064,probability_native,0.9986881053335064,u_24191b76c3278782,1,0,official,principal
3733,0,0,5.332287441695513e-13,probability_native,5.332287441695513e-13,u_24191b76c3278782,1,0,official,principal
1937,0,0,2.98173168586558e-14,probability_native,2.98173168586558e-14,u_24191b76c3278782,1,0,official,principal
4294,0,0,0.10219473644874331,probability_native,0.10219473644874331,u_24191b76c3278782,1,0,official,principal
5861,0,0,2.0921409940171258e-13,probability_native,2.0921409940171258e-13,u_24191b76c3278782,1,0,official,principal
994,0,0,1.7806962254747335e-13,probability_native,1.7806962254747335e-13,u_24191b76c3278782,1,0,official,principal
4783,0,0,0.0003706568361998918,probability_native,0.0003706568361998918,u_24191b76c3278782,1,0,official,principal
330,0,0,5.548340931014121e-14,probability_native,5.548340931014121e-14,u_24191b76c3278782,1,0,official,principal
5411,1,1,0.9894198853788909,probability_native,0.9894198853788909,u_24191b76c3278782,1,0,official,principal
604,0,0,0.03048808536952584,probability_native,0.03048808536952584,u_24191b76c3278782,1,0,official,principal
6607,1,1,0.8089063970841246,probability_native,0.8089063970841246,u_24191b76c3278782,1,0,official,principal
6176,1,1,0.9990213547071107,probability_native,0.9990213547071107,u_24191b76c3278782,1,0,official,principal
1419,0,0,7.170583592926029e-15,probability_native,7.170583592926029e-15,u_24191b76c3278782,1,0,official,principal
6516,1,1,0.9305911181120496,probability_native,0.9305911181120496,u_24191b76c3278782,1,0,official,principal
2777,0,0,0.02087857886138806,probability_native,0.02087857886138806,u_24191b76c3278782,1,0,official,principal
3343,0,0,2.2182082053387826e-05,probability_native,2.2182082053387826e-05,u_24191b76c3278782,1,0,official,principal
6524,1,1,0.9990412379056107,probability_native,0.9990412379056107,u_24191b76c3278782,1,0,official,principal
1167,0,0,0.04689875244063258,probability_native,0.04689875244063258,u_24191b76c3278782,1,0,official,principal
2592,0,0,0.0012015759592607482,probability_native,0.0012015759592607482,u_24191b76c3278782,1,0,official,principal
205,0,0,0.17916493780958853,probability_native,0.17916493780958853,u_24191b76c3278782,1,0,official,principal
4196,0,0,1.8928670314180758e-15,probability_native,1.8928670314180758e-15,u_24191b76c3278782,1,0,official,principal
4356,0,0,0.0013407412268501046,probability_native,0.0013407412268501046,u_24191b76c3278782,1,0,official,principal
3977,0,0,1.039936697065639e-12,probability_native,1.039936697065639e-12,u_24191b76c3278782,1,0,official,principal
6920,0,0,1.1552971993102415e-14,probability_native,1.1552971993102415e-14,u_24191b76c3278782,1,0,official,principal
1085,1,1,0.999973668692346,probability_native,0.999973668692346,u_24191b76c3278782,1,0,official,principal
4952,0,1,0.9960157907706507,probability_native,0.9960157907706507,u_24191b76c3278782,1,0,official,principal
5746,1,1,0.9930327347016539,probability_native,0.9930327347016539,u_24191b76c3278782,1,0,official,principal
480,0,0,2.988267574650697e-14,probability_native,2.988267574650697e-14,u_24191b76c3278782,1,0,official,principal
6305,1,1,0.9995224938273696,probability_native,0.9995224938273696,u_24191b76c3278782,1,0,official,principal
6651,0,0,0.02751944917116696,probability_native,0.02751944917116696,u_24191b76c3278782,1,0,official,principal
5823,0,0,0.004016791974104515,probability_native,0.004016791974104515,u_24191b76c3278782,1,0,official,principal
5146,0,1,0.9983958399108263,probability_native,0.9983958399108263,u_24191b76c3278782,1,0,official,principal
3842,0,1,0.9623357582726535,probability_native,0.9623357582726535,u_24191b76c3278782,1,0,official,principal
2314,0,0,1.692117236764971e-13,probability_native,1.692117236764971e-13,u_24191b76c3278782,1,0,official,principal
3924,1,0,0.030324194715918212,probability_native,0.030324194715918212,u_24191b76c3278782,1,0,official,principal
6450,0,0,1.7898963072670253e-14,probability_native,1.7898963072670253e-14,u_24191b76c3278782,1,0,official,principal
3135,1,1,0.9997581239022432,probability_native,0.9997581239022432,u_24191b76c3278782,1,0,official,principal
550,0,0,3.109572241677427e-12,probability_native,3.109572241677427e-12,u_24191b76c3278782,1,0,official,principal
1982,0,0,0.00012283154142344138,probability_native,0.00012283154142344138,u_24191b76c3278782,1,0,official,principal
2158,0,0,1.7054044804937978e-11,probability_native,1.7054044804937978e-11,u_24191b76c3278782,1,0,official,principal
2169,0,0,7.92621373456291e-13,probability_native,7.92621373456291e-13,u_24191b76c3278782,1,0,official,principal
200,0,0,0.0030783032430921485,probability_native,0.0030783032430921485,u_24191b76c3278782,1,0,official,principal
5632,0,0,1.6028664715816572e-14,probability_native,1.6028664715816572e-14,u_24191b76c3278782,1,0,official,principal
4189,0,0,1.3442488811162786e-07,probability_native,1.3442488811162786e-07,u_24191b76c3278782,1,0,official,principal
1938,0,0,0.0017109929907637412,probability_native,0.0017109929907637412,u_24191b76c3278782,1,0,official,principal
3607,0,0,0.0004078948238011617,probability_native,0.0004078948238011617,u_24191b76c3278782,1,0,official,principal
2916,0,0,0.0017128758360075594,probability_native,0.0017128758360075594,u_24191b76c3278782,1,0,official,principal
5645,0,0,0.00014893822706805884,probability_native,0.00014893822706805884,u_24191b76c3278782,1,0,official,principal
2706,1,1,0.9987822715404987,probability_native,0.9987822715404987,u_24191b76c3278782,1,0,official,principal
1668,0,1,0.7655636363747151,probability_native,0.7655636363747151,u_24191b76c3278782,1,0,official,principal
6380,0,1,0.9939329188824195,probability_native,0.9939329188824195,u_24191b76c3278782,1,0,official,principal
464,0,0,1.0263680509559717e-11,probability_native,1.0263680509559717e-11,u_24191b76c3278782,1,0,official,principal
3308,0,0,4.824712665769817e-13,probability_native,4.824712665769817e-13,u_24191b76c3278782,1,0,official,principal
6341,1,1,0.9995105254761281,probability_native,0.9995105254761281,u_24191b76c3278782,1,0,official,principal
2116,1,1,0.994764536206323,probability_native,0.994764536206323,u_24191b76c3278782,1,0,official,principal
3241,1,0,0.0014845305852738604,probability_native,0.0014845305852738604,u_24191b76c3278782,1,0,official,principal
3645,0,0,0.0011162538168147111,probability_native,0.0011162538168147111,u_24191b76c3278782,1,0,official,principal
5525,0,0,1.2759535737571727e-06,probability_native,1.2759535737571727e-06,u_24191b76c3278782,1,0,official,principal
2128,0,0,0.008258132958662703,probability_native,0.008258132958662703,u_24191b76c3278782,1,0,official,principal
6797,0,1,0.9955219636349815,probability_native,0.9955219636349815,u_24191b76c3278782,1,0,official,principal
6762,1,1,0.8378305206410656,probability_native,0.8378305206410656,u_24191b76c3278782,1,0,official,principal
633,0,0,6.661831919797116e-06,probability_native,6.661831919797116e-06,u_24191b76c3278782,1,0,official,principal
1612,1,0,0.0027326175015542817,probability_native,0.0027326175015542817,u_24191b76c3278782,1,0,official,principal
5904,0,0,0.082772760567374,probability_native,0.082772760567374,u_24191b76c3278782,1,0,official,principal
6856,0,0,1.7135611191896158e-15,probability_native,1.7135611191896158e-15,u_24191b76c3278782,1,0,official,principal
1181,1,1,0.9985938944541425,probability_native,0.9985938944541425,u_24191b76c3278782,1,0,official,principal
5495,1,1,0.999180474355252,probability_native,0.999180474355252,u_24191b76c3278782,1,0,official,principal
6277,1,0,0.0012503315091495285,probability_native,0.0012503315091495285,u_24191b76c3278782,1,0,official,principal
2306,0,1,0.9999175879504049,probability_native,0.9999175879504049,u_24191b76c3278782,1,0,official,principal
1094,0,0,0.001946517394443244,probability_native,0.001946517394443244,u_24191b76c3278782,1,0,official,principal
2872,0,0,2.651233938854868e-13,probability_native,2.651233938854868e-13,u_24191b76c3278782,1,0,official,principal
4777,0,0,0.4271402214310126,probability_native,0.4271402214310126,u_24191b76c3278782,1,0,official,principal
3189,0,0,5.055076774846357e-05,probability_native,5.055076774846357e-05,u_24191b76c3278782,1,0,official,principal
4591,0,0,0.11255244707820745,probability_native,0.11255244707820745,u_24191b76c3278782,1,0,official,principal
1908,0,0,6.699519267253256e-15,probability_native,6.699519267253256e-15,u_24191b76c3278782,1,0,official,principal
2560,1,1,0.9838829668346216,probability_native,0.9838829668346216,u_24191b76c3278782,1,0,official,principal
4616,0,1,0.9349749711543356,probability_native,0.9349749711543356,u_24191b76c3278782,1,0,official,principal
3859,0,0,0.22626710440439643,probability_native,0.22626710440439643,u_24191b76c3278782,1,0,official,principal
780,0,0,6.530993269363753e-13,probability_native,6.530993269363753e-13,u_24191b76c3278782,1,0,official,principal
4720,0,0,0.10215206095574472,probability_native,0.10215206095574472,u_24191b76c3278782,1,0,official,principal
858,0,0,0.0002733176525956964,probability_native,0.0002733176525956964,u_24191b76c3278782,1,0,official,principal
1521,0,0,0.0011327776501086646,probability_native,0.0011327776501086646,u_24191b76c3278782,1,0,official,principal
1319,1,0,0.000746529831990179,probability_native,0.000746529831990179,u_24191b76c3278782,1,0,official,principal
3161,0,0,7.2488230357881055e-06,probability_native,7.2488230357881055e-06,u_24191b76c3278782,1,0,official,principal
4181,0,1,0.9897501680400891,probability_native,0.9897501680400891,u_24191b76c3278782,1,0,official,principal
5114,0,1,0.995251594864616,probability_native,0.995251594864616,u_24191b76c3278782,1,0,official,principal
5064,1,0,0.047937526119152106,probability_native,0.047937526119152106,u_24191b76c3278782,1,0,official,principal
1882,0,0,0.1009171500804976,probability_native,0.1009171500804976,u_24191b76c3278782,1,0,official,principal
1301,0,0,3.184600868211433e-14,probability_native,3.184600868211433e-14,u_24191b76c3278782,1,0,official,principal
5366,0,0,5.82215819840383e-11,probability_native,5.82215819840383e-11,u_24191b76c3278782,1,0,official,principal
677,1,1,0.9895559010084118,probability_native,0.9895559010084118,u_24191b76c3278782,1,0,official,principal
1944,1,0,0.04405679552279492,probability_native,0.04405679552279492,u_24191b76c3278782,1,0,official,principal
693,1,1,0.9972242474043517,probability_native,0.9972242474043517,u_24191b76c3278782,1,0,official,principal
1914,0,1,0.9857402526526795,probability_native,0.9857402526526795,u_24191b76c3278782,1,0,official,principal
6960,0,1,0.9996138562885054,probability_native,0.9996138562885054,u_24191b76c3278782,1,0,official,principal
141,1,1,0.8254017396801031,probability_native,0.8254017396801031,u_24191b76c3278782,1,0,official,principal
4515,0,1,0.9992885035430851,probability_native,0.9992885035430851,u_24191b76c3278782,1,0,official,principal
5683,1,1,0.9819962363461867,probability_native,0.9819962363461867,u_24191b76c3278782,1,0,official,principal
1542,0,0,1.1445734057374139e-11,probability_native,1.1445734057374139e-11,u_24191b76c3278782,1,0,official,principal
5073,0,0,0.0014408476421683507,probability_native,0.0014408476421683507,u_24191b76c3278782,1,0,official,principal
261,1,1,0.9999824693014084,probability_native,0.9999824693014084,u_24191b76c3278782,1,0,official,principal
2658,0,0,2.5256747586081174e-14,probability_native,2.5256747586081174e-14,u_24191b76c3278782,1,0,official,principal
5192,0,0,5.298694672150593e-15,probability_native,5.298694672150593e-15,u_24191b76c3278782,1,0,official,principal
2852,0,0,3.1188771858826674e-12,probability_native,3.1188771858826674e-12,u_24191b76c3278782,1,0,official,principal
2994,0,0,3.952725977501561e-14,probability_native,3.952725977501561e-14,u_24191b76c3278782,1,0,official,principal
2839,0,0,2.7074873502085374e-14,probability_native,2.7074873502085374e-14,u_24191b76c3278782,1,0,official,principal
1983,0,0,0.0004525527622031294,probability_native,0.0004525527622031294,u_24191b76c3278782,1,0,official,principal
1437,0,1,0.8300107363332236,probability_native,0.8300107363332236,u_24191b76c3278782,1,0,official,principal
2901,0,0,5.910949587050848e-11,probability_native,5.910949587050848e-11,u_24191b76c3278782,1,0,official,principal
220,1,1,0.9999167128821216,probability_native,0.9999167128821216,u_24191b76c3278782,1,0,official,principal
759,0,0,8.760082386877291e-13,probability_native,8.760082386877291e-13,u_24191b76c3278782,1,0,official,principal
2153,0,1,0.9993093237379549,probability_native,0.9993093237379549,u_24191b76c3278782,1,0,official,principal
2394,0,0,0.005066717538967897,probability_native,0.005066717538967897,u_24191b76c3278782,1,0,official,principal
39,1,1,0.9997564804530541,probability_native,0.9997564804530541,u_24191b76c3278782,1,0,official,principal
668,1,1,0.8971720661600974,probability_native,0.8971720661600974,u_24191b76c3278782,1,0,official,principal
4772,0,0,7.0650299325496006e-06,probability_native,7.0650299325496006e-06,u_24191b76c3278782,1,0,official,principal
2065,0,1,0.9993783474693221,probability_native,0.9993783474693221,u_24191b76c3278782,1,0,official,principal
1754,0,0,0.0002427785525027045,probability_native,0.0002427785525027045,u_24191b76c3278782,1,0,official,principal
6756,0,1,0.9998700158290034,probability_native,0.9998700158290034,u_24191b76c3278782,1,0,official,principal
2599,0,0,2.785067059457682e-13,probability_native,2.785067059457682e-13,u_24191b76c3278782,1,0,official,principal
5565,1,1,0.9579763522062202,probability_native,0.9579763522062202,u_24191b76c3278782,1,0,official,principal
1132,1,1,0.9990660968891033,probability_native,0.9990660968891033,u_24191b76c3278782,1,0,official,principal
2441,0,1,0.9994791499039376,probability_native,0.9994791499039376,u_24191b76c3278782,1,0,official,principal
3243,0,1,0.9769696938836689,probability_native,0.9769696938836689,u_24191b76c3278782,1,0,official,principal
4260,0,0,0.002497121699158854,probability_native,0.002497121699158854,u_24191b76c3278782,1,0,official,principal
432,0,1,0.9044206761492235,probability_native,0.9044206761492235,u_24191b76c3278782,1,0,official,principal
4146,1,1,0.9993686314199268,probability_native,0.9993686314199268,u_24191b76c3278782,1,0,official,principal
2971,0,0,2.344164284533623e-14,probability_native,2.344164284533623e-14,u_24191b76c3278782,1,0,official,principal
855,1,0,0.12619100761711788,probability_native,0.12619100761711788,u_24191b76c3278782,1,0,official,principal
1581,0,0,0.11067680090730596,probability_native,0.11067680090730596,u_24191b76c3278782,1,0,official,principal
1550,0,1,0.9999631726160924,probability_native,0.9999631726160924,u_24191b76c3278782,1,0,official,principal
1715,0,0,6.452328101667095e-15,probability_native,6.452328101667095e-15,u_24191b76c3278782,1,0,official,principal
732,0,1,0.9930713671754199,probability_native,0.9930713671754199,u_24191b76c3278782,1,0,official,principal
239,0,0,4.495507385286228e-13,probability_native,4.495507385286228e-13,u_24191b76c3278782,1,0,official,principal
1243,1,1,0.9934823857685375,probability_native,0.9934823857685375,u_24191b76c3278782,1,0,official,principal
2741,1,1,0.9999954818357537,probability_native,0.9999954818357537,u_24191b76c3278782,1,0,official,principal
4421,0,1,0.9385856429260584,probability_native,0.9385856429260584,u_24191b76c3278782,1,0,official,principal
6033,1,1,0.999973967710187,probability_native,0.999973967710187,u_24191b76c3278782,1,0,official,principal
6082,1,1,0.9608177264163946,probability_native,0.9608177264163946,u_24191b76c3278782,1,0,official,principal
3219,0,0,3.721953678309009e-14,probability_native,3.721953678309009e-14,u_24191b76c3278782,1,0,official,principal
3053,0,0,5.537006513447623e-11,probability_native,5.537006513447623e-11,u_24191b76c3278782,1,0,official,principal
4091,0,1,0.627352403277265,probability_native,0.627352403277265,u_24191b76c3278782,1,0,official,principal
2751,0,0,0.050298585888661144,probability_native,0.050298585888661144,u_24191b76c3278782,1,0,official,principal
5790,0,1,0.6805609501751163,probability_native,0.6805609501751163,u_24191b76c3278782,1,0,official,principal
1463,1,1,0.9996521219535051,probability_native,0.9996521219535051,u_24191b76c3278782,1,0,official,principal
3086,0,1,0.9951562929568795,probability_native,0.9951562929568795,u_24191b76c3278782,1,0,official,principal
648,1,1,0.9999552800971597,probability_native,0.9999552800971597,u_24191b76c3278782,1,0,official,principal
204,0,1,0.8303335169505773,probability_native,0.8303335169505773,u_24191b76c3278782,1,0,official,principal
1384,1,1,0.9996208565542728,probability_native,0.9996208565542728,u_24191b76c3278782,1,0,official,principal
4746,1,1,0.9999501286883057,probability_native,0.9999501286883057,u_24191b76c3278782,1,0,official,principal
3421,0,0,3.013050999426249e-12,probability_native,3.013050999426249e-12,u_24191b76c3278782,1,0,official,principal
957,0,1,0.9107224262322681,probability_native,0.9107224262322681,u_24191b76c3278782,1,0,official,principal
2387,0,1,0.9996401920324783,probability_native,0.9996401920324783,u_24191b76c3278782,1,0,official,principal
1679,0,1,0.9632981286061582,probability_native,0.9632981286061582,u_24191b76c3278782,1,0,official,principal
4578,0,1,0.9102997223700764,probability_native,0.9102997223700764,u_24191b76c3278782,1,0,official,principal
2578,1,1,0.9945381496719299,probability_native,0.9945381496719299,u_24191b76c3278782,1,0,official,principal
1148,1,1,0.9999812295176806,probability_native,0.9999812295176806,u_24191b76c3278782,1,0,official,principal
4679,0,0,3.3274038494583764e-12,probability_native,3.3274038494583764e-12,u_24191b76c3278782,1,0,official,principal
926,1,1,0.999981754249252,probability_native,0.999981754249252,u_24191b76c3278782,1,0,official,principal
4882,0,0,2.0276971862244882e-12,probability_native,2.0276971862244882e-12,u_24191b76c3278782,1,0,official,principal
781,0,0,0.27173599511632107,probability_native,0.27173599511632107,u_24191b76c3278782,1,0,official,principal
4102,0,1,0.8757127993454102,probability_native,0.8757127993454102,u_24191b76c3278782,1,0,official,principal
6769,0,0,3.1007050152983366e-14,probability_native,3.1007050152983366e-14,u_24191b76c3278782,1,0,official,principal
1858,1,1,0.9950139581678445,probability_native,0.9950139581678445,u_24191b76c3278782,1,0,official,principal
1183,0,0,0.24298908775286165,probability_native,0.24298908775286165,u_24191b76c3278782,1,0,official,principal
4217,0,1,0.9999680166089593,probability_native,0.9999680166089593,u_24191b76c3278782,1,0,official,principal
3299,0,0,8.027355935254408e-06,probability_native,8.027355935254408e-06,u_24191b76c3278782,1,0,official,principal
5663,0,1,0.9974707232221818,probability_native,0.9974707232221818,u_24191b76c3278782,1,0,official,principal
5028,0,0,4.039649413500224e-11,probability_native,4.039649413500224e-11,u_24191b76c3278782,1,0,official,principal
3920,0,0,4.1372245191131123e-11,probability_native,4.1372245191131123e-11,u_24191b76c3278782,1,0,official,principal
425,0,1,0.8899592426311786,probability_native,0.8899592426311786,u_24191b76c3278782,1,0,official,principal
4846,0,1,0.9976730147954856,probability_native,0.9976730147954856,u_24191b76c3278782,1,0,official,principal
6013,0,1,0.7242506142805047,probability_native,0.7242506142805047,u_24191b76c3278782,1,0,official,principal
1367,0,1,0.9977436210600075,probability_native,0.9977436210600075,u_24191b76c3278782,1,0,official,principal
4366,0,1,0.9933726829506083,probability_native,0.9933726829506083,u_24191b76c3278782,1,0,official,principal
2214,1,1,0.9998837682497628,probability_native,0.9998837682497628,u_24191b76c3278782,1,0,official,principal
2057,1,1,0.89699720590924,probability_native,0.89699720590924,u_24191b76c3278782,1,0,official,principal
1974,1,1,0.9998286261002676,probability_native,0.9998286261002676,u_24191b76c3278782,1,0,official,principal
5318,0,0,4.718805600171508e-13,probability_native,4.718805600171508e-13,u_24191b76c3278782,1,0,official,principal
725,0,0,0.016708750734587843,probability_native,0.016708750734587843,u_24191b76c3278782,1,0,official,principal
3323,0,0,7.768635587692584e-05,probability_native,7.768635587692584e-05,u_24191b76c3278782,1,0,official,principal
3403,0,0,0.00048754822561355635,probability_native,0.00048754822561355635,u_24191b76c3278782,1,0,official,principal
5802,0,1,0.9866408441883872,probability_native,0.9866408441883872,u_24191b76c3278782,1,0,official,principal
5047,0,1,0.9777398059004766,probability_native,0.9777398059004766,u_24191b76c3278782,1,0,official,principal
3620,0,1,0.8765827873213339,probability_native,0.8765827873213339,u_24191b76c3278782,1,0,official,principal
2115,0,0,2.2764187015875826e-11,probability_native,2.2764187015875826e-11,u_24191b76c3278782,1,0,official,principal
6099,0,0,6.125657207988687e-15,probability_native,6.125657207988687e-15,u_24191b76c3278782,1,0,official,principal
5309,0,0,6.0028687786048055e-15,probability_native,6.0028687786048055e-15,u_24191b76c3278782,1,0,official,principal
1655,1,0,0.2824970310091922,probability_native,0.2824970310091922,u_24191b76c3278782,1,0,official,principal
5191,0,0,2.6253872816843294e-12,probability_native,2.6253872816843294e-12,u_24191b76c3278782,1,0,official,principal
6347,0,1,0.998410653806436,probability_native,0.998410653806436,u_24191b76c3278782,1,0,official,principal
151,1,1,0.99802442399684,probability_native,0.99802442399684,u_24191b76c3278782,1,0,official,principal
508,1,1,0.9907168105102064,probability_native,0.9907168105102064,u_24191b76c3278782,1,0,official,principal
562,0,0,0.041476780820847055,probability_native,0.041476780820847055,u_24191b76c3278782,1,0,official,principal
5772,0,0,6.0088425981265025e-12,probability_native,6.0088425981265025e-12,u_24191b76c3278782,1,0,official,principal
1355,0,0,0.09736037630097402,probability_native,0.09736037630097402,u_24191b76c3278782,1,0,official,principal
6546,0,1,0.9636954928527812,probability_native,0.9636954928527812,u_24191b76c3278782,1,0,official,principal
6441,0,0,0.003728834470946216,probability_native,0.003728834470946216,u_24191b76c3278782,1,0,official,principal
5180,0,0,3.346044522380585e-14,probability_native,3.346044522380585e-14,u_24191b76c3278782,1,0,official,principal
3045,0,0,0.1446897229206123,probability_native,0.1446897229206123,u_24191b76c3278782,1,0,official,principal
3204,0,0,4.018209416262655e-06,probability_native,4.018209416262655e-06,u_24191b76c3278782,1,0,official,principal
2413,0,0,6.658227857239998e-14,probability_native,6.658227857239998e-14,u_24191b76c3278782,1,0,official,principal
5084,0,0,9.539159116144065e-07,probability_native,9.539159116144065e-07,u_24191b76c3278782,1,0,official,principal
7010,1,1,0.9999803895638575,probability_native,0.9999803895638575,u_24191b76c3278782,1,0,official,principal
6787,0,1,0.9050012735219277,probability_native,0.9050012735219277,u_24191b76c3278782,1,0,official,principal
3962,1,1,0.9999871308294265,probability_native,0.9999871308294265,u_24191b76c3278782,1,0,official,principal
4209,0,0,0.06784739328913521,probability_native,0.06784739328913521,u_24191b76c3278782,1,0,official,principal
1967,1,0,5.565628236003148e-06,probability_native,5.565628236003148e-06,u_24191b76c3278782,1,0,official,principal
2087,1,1,0.6707943959459637,probability_native,0.6707943959459637,u_24191b76c3278782,1,0,official,principal
3800,0,0,5.612014692194217e-13,probability_native,5.612014692194217e-13,u_24191b76c3278782,1,0,official,principal
857,1,1,0.990439275096486,probability_native,0.990439275096486,u_24191b76c3278782,1,0,official,principal
6671,0,0,2.352761939612272e-10,probability_native,2.352761939612272e-10,u_24191b76c3278782,1,0,official,principal
3527,1,1,0.9992732456609811,probability_native,0.9992732456609811,u_24191b76c3278782,1,0,official,principal
2198,0,0,0.001327052448668129,probability_native,0.001327052448668129,u_24191b76c3278782,1,0,official,principal
3224,1,1,0.998361174304214,probability_native,0.998361174304214,u_24191b76c3278782,1,0,official,principal
1804,0,0,2.696614636483981e-05,probability_native,2.696614636483981e-05,u_24191b76c3278782,1,0,official,principal
5866,0,0,0.006951947724865469,probability_native,0.006951947724865469,u_24191b76c3278782,1,0,official,principal
974,0,0,2.698702897739789e-12,probability_native,2.698702897739789e-12,u_24191b76c3278782,1,0,official,principal
4406,0,0,0.025565874336731766,probability_native,0.025565874336731766,u_24191b76c3278782,1,0,official,principal
5404,0,0,0.0025898451927134584,probability_native,0.0025898451927134584,u_24191b76c3278782,1,0,official,principal
5513,0,0,2.496325198749023e-10,probability_native,2.496325198749023e-10,u_24191b76c3278782,1,0,official,principal
1194,0,1,0.9882509265156052,probability_native,0.9882509265156052,u_24191b76c3278782,1,0,official,principal
4689,0,0,0.041101539150392885,probability_native,0.041101539150392885,u_24191b76c3278782,1,0,official,principal
5468,1,1,0.9999562443997438,probability_native,0.9999562443997438,u_24191b76c3278782,1,0,official,principal
3816,0,0,1.2253603749173988e-10,probability_native,1.2253603749173988e-10,u_24191b76c3278782,1,0,official,principal
4786,0,0,8.303146868208437e-09,probability_native,8.303146868208437e-09,u_24191b76c3278782,1,0,official,principal
6621,0,0,1.9946877679196843e-15,probability_native,1.9946877679196843e-15,u_24191b76c3278782,1,0,official,principal
5380,1,1,0.9999534076492413,probability_native,0.9999534076492413,u_24191b76c3278782,1,0,official,principal
0,0,1,0.9185923565063312,probability_native,0.9185923565063312,u_24191b76c3278782,1,0,official,principal
360,0,0,0.00014157060023847819,probability_native,0.00014157060023847819,u_24191b76c3278782,1,0,official,principal
4067,0,0,4.6451269655757094e-12,probability_native,4.6451269655757094e-12,u_24191b76c3278782,1,0,official,principal
6741,1,1,0.9999421069073741,probability_native,0.9999421069073741,u_24191b76c3278782,1,0,official,principal
1484,0,0,2.800560932638537e-08,probability_native,2.800560932638537e-08,u_24191b76c3278782,1,0,official,principal
2145,0,1,0.9992853051691343,probability_native,0.9992853051691343,u_24191b76c3278782,1,0,official,principal
502,0,0,2.3410212684207263e-05,probability_native,2.3410212684207263e-05,u_24191b76c3278782,1,0,official,principal
2391,0,1,0.9995016201983898,probability_native,0.9995016201983898,u_24191b76c3278782,1,0,official,principal
6841,0,0,0.246158535862692,probability_native,0.246158535862692,u_24191b76c3278782,1,0,official,principal
735,0,0,0.014347504826821386,probability_native,0.014347504826821386,u_24191b76c3278782,1,0,official,principal
1813,0,1,0.996846820191696,probability_native,0.996846820191696,u_24191b76c3278782,1,0,official,principal
6609,1,0,0.006550351073152905,probability_native,0.006550351073152905,u_24191b76c3278782,1,0,official,principal
1667,0,0,1.6151239567704367e-05,probability_native,1.6151239567704367e-05,u_24191b76c3278782,1,0,official,principal
2243,0,1,0.9961701629919133,probability_native,0.9961701629919133,u_24191b76c3278782,1,0,official,principal
4106,1,1,0.999980725756125,probability_native,0.999980725756125,u_24191b76c3278782,1,0,official,principal
4779,0,1,0.9998089381749514,probability_native,0.9998089381749514,u_24191b76c3278782,1,0,official,principal
5668,0,1,0.9993321185230265,probability_native,0.9993321185230265,u_24191b76c3278782,1,0,official,principal
1264,0,0,5.163934115217568e-12,probability_native,5.163934115217568e-12,u_24191b76c3278782,1,0,official,principal
3,0,0,1.5225187995644086e-05,probability_native,1.5225187995644086e-05,u_24191b76c3278782,1,0,official,principal
2705,0,0,4.9421305242742495e-14,probability_native,4.9421305242742495e-14,u_24191b76c3278782,1,0,official,principal
3175,1,1,0.9992764502968807,probability_native,0.9992764502968807,u_24191b76c3278782,1,0,official,principal
2831,1,1,0.9999506130211661,probability_native,0.9999506130211661,u_24191b76c3278782,1,0,official,principal
3677,0,0,0.06610691812549065,probability_native,0.06610691812549065,u_24191b76c3278782,1,0,official,principal
4896,0,1,0.9236312971973759,probability_native,0.9236312971973759,u_24191b76c3278782,1,0,official,principal
986,0,1,0.9537093071088499,probability_native,0.9537093071088499,u_24191b76c3278782,1,0,official,principal
4434,0,1,0.9597171500144054,probability_native,0.9597171500144054,u_24191b76c3278782,1,0,official,principal
5865,0,0,0.0007890712598607322,probability_native,0.0007890712598607322,u_24191b76c3278782,1,0,official,principal
4742,0,0,7.854321467275778e-14,probability_native,7.854321467275778e-14,u_24191b76c3278782,1,0,official,principal
4502,1,1,0.9990335499001254,probability_native,0.9990335499001254,u_24191b76c3278782,1,0,official,principal
3294,1,1,0.9719236081499699,probability_native,0.9719236081499699,u_24191b76c3278782,1,0,official,principal
4237,1,1,0.9995735625561658,probability_native,0.9995735625561658,u_24191b76c3278782,1,0,official,principal
2721,1,1,0.9999907285648313,probability_native,0.9999907285648313,u_24191b76c3278782,1,0,official,principal
4886,0,0,1.03857541093331e-05,probability_native,1.03857541093331e-05,u_24191b76c3278782,1,0,official,principal
647,0,0,0.004860177572159686,probability_native,0.004860177572159686,u_24191b76c3278782,1,0,official,principal
6601,0,0,6.273731976765855e-12,probability_native,6.273731976765855e-12,u_24191b76c3278782,1,0,official,principal
6071,0,0,9.45377396291475e-12,probability_native,9.45377396291475e-12,u_24191b76c3278782,1,0,official,principal
6448,1,0,0.14520372734981965,probability_native,0.14520372734981965,u_24191b76c3278782,1,0,official,principal
6811,1,1,0.9905583868998487,probability_native,0.9905583868998487,u_24191b76c3278782,1,0,official,principal
91,0,1,0.9995235887866872,probability_native,0.9995235887866872,u_24191b76c3278782,1,0,official,principal
2,1,1,0.61773815417667,probability_native,0.61773815417667,u_24191b76c3278782,1,0,official,principal
6612,1,1,0.9708302234135187,probability_native,0.9708302234135187,u_24191b76c3278782,1,0,official,principal
2524,0,0,6.394882536633247e-16,probability_native,6.394882536633247e-16,u_24191b76c3278782,1,0,official,principal
2835,0,0,6.593915079703497e-05,probability_native,6.593915079703497e-05,u_24191b76c3278782,1,0,official,principal
3637,1,0,0.001231647824734617,probability_native,0.001231647824734617,u_24191b76c3278782,1,0,official,principal
2356,0,1,0.5826202835238881,probability_native,0.5826202835238881,u_24191b76c3278782,1,0,official,principal
630,1,1,0.819120655135829,probability_native,0.819120655135829,u_24191b76c3278782,1,0,official,principal
4702,0,0,0.26529315311493235,probability_native,0.26529315311493235,u_24191b76c3278782,1,0,official,principal
1057,1,1,0.9848546063641772,probability_native,0.9848546063641772,u_24191b76c3278782,1,0,official,principal
1749,0,1,0.993427892495717,probability_native,0.993427892495717,u_24191b76c3278782,1,0,official,principal
3285,0,0,3.4175973422735265e-13,probability_native,3.4175973422735265e-13,u_24191b76c3278782,1,0,official,principal
6248,0,0,5.452673804002364e-13,probability_native,5.452673804002364e-13,u_24191b76c3278782,1,0,official,principal
6089,1,1,0.9999795876236781,probability_native,0.9999795876236781,u_24191b76c3278782,1,0,official,principal
3829,1,1,0.9997723736762896,probability_native,0.9997723736762896,u_24191b76c3278782,1,0,official,principal
394,0,1,0.9999190800729499,probability_native,0.9999190800729499,u_24191b76c3278782,1,0,official,principal
4623,0,1,0.9433992213695803,probability_native,0.9433992213695803,u_24191b76c3278782,1,0,official,principal
76,0,0,0.004673445210823104,probability_native,0.004673445210823104,u_24191b76c3278782,1,0,official,principal
920,0,0,1.3935375150492246e-06,probability_native,1.3935375150492246e-06,u_24191b76c3278782,1,0,official,principal
4884,0,1,0.9560649714550901,probability_native,0.9560649714550901,u_24191b76c3278782,1,0,official,principal
5256,1,0,2.776279551392359e-10,probability_native,2.776279551392359e-10,u_24191b76c3278782,1,0,official,principal
6343,0,0,2.2263208934436242e-06,probability_native,2.2263208934436242e-06,u_24191b76c3278782,1,0,official,principal
1903,0,1,0.9999730721265793,probability_native,0.9999730721265793,u_24191b76c3278782,1,0,official,principal
4975,0,0,7.80844062331361e-10,probability_native,7.80844062331361e-10,u_24191b76c3278782,1,0,official,principal
2630,0,0,5.08783279681526e-12,probability_native,5.08783279681526e-12,u_24191b76c3278782,1,0,official,principal
5094,0,0,0.0032529256208089184,probability_native,0.0032529256208089184,u_24191b76c3278782,1,0,official,principal
3609,0,0,0.38110713951260444,probability_native,0.38110713951260444,u_24191b76c3278782,1,0,official,principal
6837,0,1,0.9999926496556197,probability_native,0.9999926496556197,u_24191b76c3278782,1,0,official,principal
6403,0,0,2.1127824075272358e-13,probability_native,2.1127824075272358e-13,u_24191b76c3278782,1,0,official,principal
1820,0,1,0.8047482798000256,probability_native,0.8047482798000256,u_24191b76c3278782,1,0,official,principal
1602,1,1,0.9998977303419119,probability_native,0.9998977303419119,u_24191b76c3278782,1,0,official,principal
1410,1,1,0.9999968055704406,probability_native,0.9999968055704406,u_24191b76c3278782,1,0,official,principal
438,0,1,0.9779899716488588,probability_native,0.9779899716488588,u_24191b76c3278782,1,0,official,principal
4328,0,1,0.9969565007600949,probability_native,0.9969565007600949,u_24191b76c3278782,1,0,official,principal
3912,0,0,4.227997301119457e-14,probability_native,4.227997301119457e-14,u_24191b76c3278782,1,0,official,principal
5933,1,1,0.999988164915211,probability_native,0.999988164915211,u_24191b76c3278782,1,0,official,principal
5844,0,1,0.9902453146069004,probability_native,0.9902453146069004,u_24191b76c3278782,1,0,official,principal
1267,0,0,7.246276642339946e-11,probability_native,7.246276642339946e-11,u_24191b76c3278782,1,0,official,principal
4911,0,0,3.753636701118414e-12,probability_native,3.753636701118414e-12,u_24191b76c3278782,1,0,official,principal
5554,0,0,1.7497919530538247e-13,probability_native,1.7497919530538247e-13,u_24191b76c3278782,1,0,official,principal
4420,0,0,9.081352472806311e-05,probability_native,9.081352472806311e-05,u_24191b76c3278782,1,0,official,principal
1053,1,1,0.9541479238323579,probability_native,0.9541479238323579,u_24191b76c3278782,1,0,official,principal
5944,1,0,0.05938302845314088,probability_native,0.05938302845314088,u_24191b76c3278782,1,0,official,principal
3862,0,0,1.8946664218954875e-15,probability_native,1.8946664218954875e-15,u_24191b76c3278782,1,0,official,principal
2369,0,0,1.092290500802323e-12,probability_native,1.092290500802323e-12,u_24191b76c3278782,1,0,official,principal
4452,0,0,4.048771365810041e-14,probability_native,4.048771365810041e-14,u_24191b76c3278782,1,0,official,principal
2559,0,0,9.116656990725534e-12,probability_native,9.116656990725534e-12,u_24191b76c3278782,1,0,official,principal
3522,0,0,3.502597644324602e-08,probability_native,3.502597644324602e-08,u_24191b76c3278782,1,0,official,principal
4819,1,0,2.990950633339457e-14,probability_native,2.990950633339457e-14,u_24191b76c3278782,1,0,official,principal
6535,1,1,0.6432735883383318,probability_native,0.6432735883383318,u_24191b76c3278782,1,0,official,principal
1691,0,0,6.695127690197487e-16,probability_native,6.695127690197487e-16,u_24191b76c3278782,1,0,official,principal
892,0,1,0.9967289681736629,probability_native,0.9967289681736629,u_24191b76c3278782,1,0,official,principal
1541,0,0,5.5402564236178747e-14,probability_native,5.5402564236178747e-14,u_24191b76c3278782,1,0,official,principal
1689,0,0,0.006587210148324495,probability_native,0.006587210148324495,u_24191b76c3278782,1,0,official,principal
5967,1,1,0.973676348664396,probability_native,0.973676348664396,u_24191b76c3278782,1,0,official,principal
6909,0,0,0.419468328938935,probability_native,0.419468328938935,u_24191b76c3278782,1,0,official,principal
5120,1,0,0.012581451319835464,probability_native,0.012581451319835464,u_24191b76c3278782,1,0,official,principal
6764,1,1,0.9999239557565404,probability_native,0.9999239557565404,u_24191b76c3278782,1,0,official,principal
6259,0,0,5.754172495514069e-12,probability_native,5.754172495514069e-12,u_24191b76c3278782,1,0,official,principal
229,0,0,6.54293894138848e-13,probability_native,6.54293894138848e-13,u_24191b76c3278782,1,0,official,principal
6287,1,1,0.9999078469699306,probability_native,0.9999078469699306,u_24191b76c3278782,1,0,official,principal
6658,1,1,0.9999536779153404,probability_native,0.9999536779153404,u_24191b76c3278782,1,0,official,principal
399,0,0,2.3251348279273786e-07,probability_native,2.3251348279273786e-07,u_24191b76c3278782,1,0,official,principal
1830,0,0,3.4535337867813245e-14,probability_native,3.4535337867813245e-14,u_24191b76c3278782,1,0,official,principal
4194,0,0,2.1749255026635943e-14,probability_native,2.1749255026635943e-14,u_24191b76c3278782,1,0,official,principal
1227,0,0,0.024234134776331226,probability_native,0.024234134776331226,u_24191b76c3278782,1,0,official,principal
5236,0,0,0.46875388296802667,probability_native,0.46875388296802667,u_24191b76c3278782,1,0,official,principal
1849,1,1,0.9978423281282988,probability_native,0.9978423281282988,u_24191b76c3278782,1,0,official,principal
4221,0,0,0.0004294580127146844,probability_native,0.0004294580127146844,u_24191b76c3278782,1,0,official,principal
1134,0,1,0.6745071346135997,probability_native,0.6745071346135997,u_24191b76c3278782,1,0,official,principal
4394,0,1,0.9345285564281238,probability_native,0.9345285564281238,u_24191b76c3278782,1,0,official,principal
2040,0,0,3.8140489129833877e-13,probability_native,3.8140489129833877e-13,u_24191b76c3278782,1,0,official,principal
2097,0,1,0.9999450589115975,probability_native,0.9999450589115975,u_24191b76c3278782,1,0,official,principal
6178,0,0,7.82423929698616e-13,probability_native,7.82423929698616e-13,u_24191b76c3278782,1,0,official,principal
5419,0,0,3.016602864862652e-10,probability_native,3.016602864862652e-10,u_24191b76c3278782,1,0,official,principal
5257,1,1,0.9999566446745838,probability_native,0.9999566446745838,u_24191b76c3278782,1,0,official,principal
2690,1,1,0.9895238475684253,probability_native,0.9895238475684253,u_24191b76c3278782,1,0,official,principal
3111,1,0,5.171293342687924e-10,probability_native,5.171293342687924e-10,u_24191b76c3278782,1,0,official,principal
3870,0,0,0.0007942163153355243,probability_native,0.0007942163153355243,u_24191b76c3278782,1,0,official,principal
615,0,1,0.8804959717261986,probability_native,0.8804959717261986,u_24191b76c3278782,1,0,official,principal
4108,0,0,2.044935227001799e-06,probability_native,2.044935227001799e-06,u_24191b76c3278782,1,0,official,principal
5795,0,1,0.9928381036297479,probability_native,0.9928381036297479,u_24191b76c3278782,1,0,official,principal
4752,0,0,4.9943441475075455e-06,probability_native,4.9943441475075455e-06,u_24191b76c3278782,1,0,official,principal
2018,1,1,0.974279677740432,probability_native,0.974279677740432,u_24191b76c3278782,1,0,official,principal
3878,0,0,2.367323800099368e-13,probability_native,2.367323800099368e-13,u_24191b76c3278782,1,0,official,principal
5090,1,1,0.9724573070156297,probability_native,0.9724573070156297,u_24191b76c3278782,1,0,official,principal
6533,0,1,0.9993783766038924,probability_native,0.9993783766038924,u_24191b76c3278782,1,0,official,principal
1481,0,0,4.524690529662207e-15,probability_native,4.524690529662207e-15,u_24191b76c3278782,1,0,official,principal
1046,0,0,1.9099674550593633e-05,probability_native,1.9099674550593633e-05,u_24191b76c3278782,1,0,official,principal
6716,1,1,0.9923702219169426,probability_native,0.9923702219169426,u_24191b76c3278782,1,0,official,principal
697,1,1,0.967689484586945,probability_native,0.967689484586945,u_24191b76c3278782,1,0,official,principal
6850,0,0,2.458378659023322e-13,probability_native,2.458378659023322e-13,u_24191b76c3278782,1,0,official,principal
6721,0,0,2.371875496409675e-11,probability_native,2.371875496409675e-11,u_24191b76c3278782,1,0,official,principal
4791,0,0,0.001712968006096748,probability_native,0.001712968006096748,u_24191b76c3278782,1,0,official,principal
3619,0,0,4.0013508103884415e-14,probability_native,4.0013508103884415e-14,u_24191b76c3278782,1,0,official,principal
2047,0,1,0.9936666566633411,probability_native,0.9936666566633411,u_24191b76c3278782,1,0,official,principal
5253,0,1,0.6961035190160023,probability_native,0.6961035190160023,u_24191b76c3278782,1,0,official,principal
6392,0,0,0.2993767942645581,probability_native,0.2993767942645581,u_24191b76c3278782,1,0,official,principal
5880,1,1,0.9542278084952339,probability_native,0.9542278084952339,u_24191b76c3278782,1,0,official,principal
5976,0,0,0.24298746131225804,probability_native,0.24298746131225804,u_24191b76c3278782,1,0,official,principal
191,1,1,0.9996405483417785,probability_native,0.9996405483417785,u_24191b76c3278782,1,0,official,principal
4348,1,0,0.006373025934413156,probability_native,0.006373025934413156,u_24191b76c3278782,1,0,official,principal
2720,1,1,0.9946139512650203,probability_native,0.9946139512650203,u_24191b76c3278782,1,0,official,principal
600,0,1,0.9362110753442483,probability_native,0.9362110753442483,u_24191b76c3278782,1,0,official,principal
4143,1,1,0.9999129499616061,probability_native,0.9999129499616061,u_24191b76c3278782,1,0,official,principal
1660,0,0,0.0033206432889435243,probability_native,0.0033206432889435243,u_24191b76c3278782,1,0,official,principal
596,0,0,2.7370620156498787e-12,probability_native,2.7370620156498787e-12,u_24191b76c3278782,1,0,official,principal
6549,1,1,0.9994583228988164,probability_native,0.9994583228988164,u_24191b76c3278782,1,0,official,principal
3971,1,0,2.581880424102448e-13,probability_native,2.581880424102448e-13,u_24191b76c3278782,1,0,official,principal
788,0,0,0.005951472889598498,probability_native,0.005951472889598498,u_24191b76c3278782,1,0,official,principal
5950,0,1,0.8005791158326221,probability_native,0.8005791158326221,u_24191b76c3278782,1,0,official,principal
1686,1,1,0.6798290534914901,probability_native,0.6798290534914901,u_24191b76c3278782,1,0,official,principal
6900,0,1,0.8377829490659625,probability_native,0.8377829490659625,u_24191b76c3278782,1,0,official,principal
865,1,1,0.953358182228373,probability_native,0.953358182228373,u_24191b76c3278782,1,0,official,principal
3091,0,0,1.3098158733786204e-05,probability_native,1.3098158733786204e-05,u_24191b76c3278782,1,0,official,principal
111,0,0,7.668452089057237e-06,probability_native,7.668452089057237e-06,u_24191b76c3278782,1,0,official,principal
4283,0,1,0.9999675404044385,probability_native,0.9999675404044385,u_24191b76c3278782,1,0,official,principal
44,0,1,0.8150588012006392,probability_native,0.8150588012006392,u_24191b76c3278782,1,0,official,principal
4602,0,0,2.443956598131178e-13,probability_native,2.443956598131178e-13,u_24191b76c3278782,1,0,official,principal
2680,0,0,4.3300944360424826e-14,probability_native,4.3300944360424826e-14,u_24191b76c3278782,1,0,official,principal
702,0,1,0.9998884277681471,probability_native,0.9998884277681471,u_24191b76c3278782,1,0,official,principal
6644,0,0,0.19614607167088438,probability_native,0.19614607167088438,u_24191b76c3278782,1,0,official,principal
6005,0,0,0.09133452619712534,probability_native,0.09133452619712534,u_24191b76c3278782,1,0,official,principal
5729,0,0,0.002546884034808053,probability_native,0.002546884034808053,u_24191b76c3278782,1,0,official,principal
5452,0,0,0.00033901774010585377,probability_native,0.00033901774010585377,u_24191b76c3278782,1,0,official,principal
6317,1,1,0.9999008793525377,probability_native,0.9999008793525377,u_24191b76c3278782,1,0,official,principal
4197,0,1,0.9994342580363827,probability_native,0.9994342580363827,u_24191b76c3278782,1,0,official,principal
6785,1,0,6.322751142968452e-12,probability_native,6.322751142968452e-12,u_24191b76c3278782,1,0,official,principal
5598,0,0,1.1662342395757906e-08,probability_native,1.1662342395757906e-08,u_24191b76c3278782,1,0,official,principal
1113,1,1,0.9364671499163365,probability_native,0.9364671499163365,u_24191b76c3278782,1,0,official,principal
2263,1,1,0.8857162441425225,probability_native,0.8857162441425225,u_24191b76c3278782,1,0,official,principal
6880,0,0,5.619105982652501e-15,probability_native,5.619105982652501e-15,u_24191b76c3278782,1,0,official,principal
5738,1,0,0.0015558008736704584,probability_native,0.0015558008736704584,u_24191b76c3278782,1,0,official,principal
4549,0,0,0.462808353694933,probability_native,0.462808353694933,u_24191b76c3278782,1,0,official,principal
4271,0,0,1.979641238077605e-07,probability_native,1.979641238077605e-07,u_24191b76c3278782,1,0,official,principal
5266,0,0,1.666760396698283e-05,probability_native,1.666760396698283e-05,u_24191b76c3278782,1,0,official,principal
1993,1,1,0.9739579376151251,probability_native,0.9739579376151251,u_24191b76c3278782,1,0,official,principal
4082,1,0,0.0008718396094808316,probability_native,0.0008718396094808316,u_24191b76c3278782,1,0,official,principal
4997,1,1,0.9997638760221536,probability_native,0.9997638760221536,u_24191b76c3278782,1,0,official,principal
63,0,0,0.00021196212293353664,probability_native,0.00021196212293353664,u_24191b76c3278782,1,0,official,principal
5853,0,0,0.004565991016986848,probability_native,0.004565991016986848,u_24191b76c3278782,1,0,official,principal
4730,0,1,0.9982214526234228,probability_native,0.9982214526234228,u_24191b76c3278782,1,0,official,principal
4225,0,0,0.0005285297195237668,probability_native,0.0005285297195237668,u_24191b76c3278782,1,0,official,principal
368,0,0,0.0025739404081856075,probability_native,0.0025739404081856075,u_24191b76c3278782,1,0,official,principal
2407,1,1,0.9998236582781307,probability_native,0.9998236582781307,u_24191b76c3278782,1,0,official,principal
5118,0,1,0.5006875613016643,probability_native,0.5006875613016643,u_24191b76c3278782,1,0,official,principal
1912,0,0,1.2433270259830803e-06,probability_native,1.2433270259830803e-06,u_24191b76c3278782,1,0,official,principal
4277,0,0,0.006024602090628359,probability_native,0.006024602090628359,u_24191b76c3278782,1,0,official,principal
2826,0,0,0.2250203795023669,probability_native,0.2250203795023669,u_24191b76c3278782,1,0,official,principal
6883,0,1,0.6849438071309912,probability_native,0.6849438071309912,u_24191b76c3278782,1,0,official,principal
3578,0,0,0.1322562118224419,probability_native,0.1322562118224419,u_24191b76c3278782,1,0,official,principal
2648,0,1,0.9369869656570449,probability_native,0.9369869656570449,u_24191b76c3278782,1,0,official,principal
2458,0,0,1.092592501794251e-09,probability_native,1.092592501794251e-09,u_24191b76c3278782,1,0,official,principal
2420,0,0,0.0014939759583396394,probability_native,0.0014939759583396394,u_24191b76c3278782,1,0,official,principal
1464,0,0,0.1171747737689146,probability_native,0.1171747737689146,u_24191b76c3278782,1,0,official,principal
3121,1,1,0.9956234027677509,probability_native,0.9956234027677509,u_24191b76c3278782,1,0,official,principal
6360,1,0,0.007134605350973726,probability_native,0.007134605350973726,u_24191b76c3278782,1,0,official,principal
6622,1,1,0.9906150543551329,probability_native,0.9906150543551329,u_24191b76c3278782,1,0,official,principal
5649,0,0,0.00022131040833679312,probability_native,0.00022131040833679312,u_24191b76c3278782,1,0,official,principal
4983,1,1,0.9778949422956987,probability_native,0.9778949422956987,u_24191b76c3278782,1,0,official,principal
4149,1,0,1.2782141008765339e-10,probability_native,1.2782141008765339e-10,u_24191b76c3278782,1,0,official,principal
5405,0,0,0.14432413591313126,probability_native,0.14432413591313126,u_24191b76c3278782,1,0,official,principal
944,0,0,0.19305453133466638,probability_native,0.19305453133466638,u_24191b76c3278782,1,0,official,principal
5074,0,0,4.382622250824093e-08,probability_native,4.382622250824093e-08,u_24191b76c3278782,1,0,official,principal
5285,0,0,3.0209246924911326e-12,probability_native,3.0209246924911326e-12,u_24191b76c3278782,1,0,official,principal
247,1,1,0.9999631713213784,probability_native,0.9999631713213784,u_24191b76c3278782,1,0,official,principal
5451,0,0,7.571154925009004e-05,probability_native,7.571154925009004e-05,u_24191b76c3278782,1,0,official,principal
147,1,1,0.9985554585206389,probability_native,0.9985554585206389,u_24191b76c3278782,1,0,official,principal
4291,0,0,5.305675246341427e-13,probability_native,5.305675246341427e-13,u_24191b76c3278782,1,0,official,principal
152,0,0,4.456247277234128e-06,probability_native,4.456247277234128e-06,u_24191b76c3278782,1,0,official,principal
5127,1,0,0.00011495221772240218,probability_native,0.00011495221772240218,u_24191b76c3278782,1,0,official,principal
488,0,0,6.096725360588964e-12,probability_native,6.096725360588964e-12,u_24191b76c3278782,1,0,official,principal
3999,1,1,0.9999867884395509,probability_native,0.9999867884395509,u_24191b76c3278782,1,0,official,principal
5140,0,1,0.9999740611467968,probability_native,0.9999740611467968,u_24191b76c3278782,1,0,official,principal
4812,1,1,0.6045807527336329,probability_native,0.6045807527336329,u_24191b76c3278782,1,0,official,principal
5744,0,1,0.5180802371153381,probability_native,0.5180802371153381,u_24191b76c3278782,1,0,official,principal
4959,1,0,0.00011136216924718943,probability_native,0.00011136216924718943,u_24191b76c3278782,1,0,official,principal
2059,0,1,0.9867755973571695,probability_native,0.9867755973571695,u_24191b76c3278782,1,0,official,principal
1680,0,0,3.055012249865369e-07,probability_native,3.055012249865369e-07,u_24191b76c3278782,1,0,official,principal
4747,0,0,1.0065206375146091e-05,probability_native,1.0065206375146091e-05,u_24191b76c3278782,1,0,official,principal
5618,0,0,0.001156975626424377,probability_native,0.001156975626424377,u_24191b76c3278782,1,0,official,principal
1434,1,1,0.9947627718218175,probability_native,0.9947627718218175,u_24191b76c3278782,1,0,official,principal
899,0,0,0.18828436536335474,probability_native,0.18828436536335474,u_24191b76c3278782,1,0,official,principal
1729,0,0,0.00034414638626305933,probability_native,0.00034414638626305933,u_24191b76c3278782,1,0,official,principal
310,0,0,0.0216839651054412,probability_native,0.0216839651054412,u_24191b76c3278782,1,0,official,principal
4668,0,0,0.21210314304348932,probability_native,0.21210314304348932,u_24191b76c3278782,1,0,official,principal
5261,0,0,2.4092876658707225e-08,probability_native,2.4092876658707225e-08,u_24191b76c3278782,1,0,official,principal
5022,0,0,6.64878316314524e-15,probability_native,6.64878316314524e-15,u_24191b76c3278782,1,0,official,principal
5676,0,0,0.0013825203167726207,probability_native,0.0013825203167726207,u_24191b76c3278782,1,0,official,principal
2907,1,1,0.9975452758808605,probability_native,0.9975452758808605,u_24191b76c3278782,1,0,official,principal
6602,0,0,0.48215408792431547,probability_native,0.48215408792431547,u_24191b76c3278782,1,0,official,principal
4389,0,1,0.9919593132080686,probability_native,0.9919593132080686,u_24191b76c3278782,1,0,official,principal
4136,0,0,1.9043563542473993e-06,probability_native,1.9043563542473993e-06,u_24191b76c3278782,1,0,official,principal
6511,0,0,7.588517427383414e-12,probability_native,7.588517427383414e-12,u_24191b76c3278782,1,0,official,principal
2148,0,0,0.00016659700574718413,probability_native,0.00016659700574718413,u_24191b76c3278782,1,0,official,principal
4691,1,1,0.9955090278048802,probability_native,0.9955090278048802,u_24191b76c3278782,1,0,official,principal
711,0,1,0.9236521852359812,probability_native,0.9236521852359812,u_24191b76c3278782,1,0,official,principal
5914,0,0,0.030192317838857067,probability_native,0.030192317838857067,u_24191b76c3278782,1,0,official,principal
228,0,1,0.93440891485208,probability_native,0.93440891485208,u_24191b76c3278782,1,0,official,principal
4450,1,1,0.5112285389812792,probability_native,0.5112285389812792,u_24191b76c3278782,1,0,official,principal
6293,0,0,4.7342432078183096e-14,probability_native,4.7342432078183096e-14,u_24191b76c3278782,1,0,official,principal
1212,0,1,0.9999131664887354,probability_native,0.9999131664887354,u_24191b76c3278782,1,0,official,principal
4581,0,0,5.546318797287812e-14,probability_native,5.546318797287812e-14,u_24191b76c3278782,1,0,official,principal
5231,1,1,0.9999774953566808,probability_native,0.9999774953566808,u_24191b76c3278782,1,0,official,principal
1939,0,0,0.0008676504691217004,probability_native,0.0008676504691217004,u_24191b76c3278782,1,0,official,principal
2847,0,1,0.9847400013073622,probability_native,0.9847400013073622,u_24191b76c3278782,1,0,official,principal
6415,0,0,0.0008716861942022841,probability_native,0.0008716861942022841,u_24191b76c3278782,1,0,official,principal
5625,0,0,0.009404866569578884,probability_native,0.009404866569578884,u_24191b76c3278782,1,0,official,principal
2124,1,1,0.9134515418404443,probability_native,0.9134515418404443,u_24191b76c3278782,1,0,official,principal
176,1,1,0.9997608667555388,probability_native,0.9997608667555388,u_24191b76c3278782,1,0,official,principal
6685,0,0,0.33264837838109246,probability_native,0.33264837838109246,u_24191b76c3278782,1,0,official,principal
5761,0,0,1.2289363518777818e-14,probability_native,1.2289363518777818e-14,u_24191b76c3278782,1,0,official,principal
6733,0,0,0.20533202171451737,probability_native,0.20533202171451737,u_24191b76c3278782,1,0,official,principal
2640,0,1,0.9834663611511113,probability_native,0.9834663611511113,u_24191b76c3278782,1,0,official,principal
4525,0,1,0.6087207779381074,probability_native,0.6087207779381074,u_24191b76c3278782,1,0,official,principal
1182,0,0,0.45335568858353326,probability_native,0.45335568858353326,u_24191b76c3278782,1,0,official,principal
528,0,0,1.0850118993321335e-14,probability_native,1.0850118993321335e-14,u_24191b76c3278782,1,0,official,principal
2126,0,1,0.8831833019489431,probability_native,0.8831833019489431,u_24191b76c3278782,1,0,official,principal
2840,0,0,0.0136350532354421,probability_native,0.0136350532354421,u_24191b76c3278782,1,0,official,principal
1610,0,0,2.942458896069372e-14,probability_native,2.942458896069372e-14,u_24191b76c3278782,1,0,official,principal
6467,0,1,0.9997062514178762,probability_native,0.9997062514178762,u_24191b76c3278782,1,0,official,principal
853,0,1,0.9444966804443404,probability_native,0.9444966804443404,u_24191b76c3278782,1,0,official,principal
2343,0,1,0.9361934892731384,probability_native,0.9361934892731384,u_24191b76c3278782,1,0,official,principal
3141,1,1,0.9874313374981853,probability_native,0.9874313374981853,u_24191b76c3278782,1,0,official,principal
2581,0,0,0.00037011849100756914,probability_native,0.00037011849100756914,u_24191b76c3278782,1,0,official,principal
4511,0,0,0.016978352597312448,probability_native,0.016978352597312448,u_24191b76c3278782,1,0,official,principal
5472,0,0,0.03495935906748869,probability_native,0.03495935906748869,u_24191b76c3278782,1,0,official,principal
4711,0,0,2.971340224258665e-06,probability_native,2.971340224258665e-06,u_24191b76c3278782,1,0,official,principal
2727,1,1,0.9998765452142243,probability_native,0.9998765452142243,u_24191b76c3278782,1,0,official,principal
1116,0,0,0.00037563453568116535,probability_native,0.00037563453568116535,u_24191b76c3278782,1,0,official,principal
6781,1,1,0.9971023709462564,probability_native,0.9971023709462564,u_24191b76c3278782,1,0,official,principal
3651,0,0,7.588914695516888e-14,probability_native,7.588914695516888e-14,u_24191b76c3278782,1,0,official,principal
4785,1,1,0.9998257142363894,probability_native,0.9998257142363894,u_24191b76c3278782,1,0,official,principal
278,0,1,0.9581916659423142,probability_native,0.9581916659423142,u_24191b76c3278782,1,0,official,principal
584,0,0,0.006844152054816222,probability_native,0.006844152054816222,u_24191b76c3278782,1,0,official,principal
5469,0,1,0.9448356827832198,probability_native,0.9448356827832198,u_24191b76c3278782,1,0,official,principal
6120,0,1,0.9952505092479775,probability_native,0.9952505092479775,u_24191b76c3278782,1,0,official,principal
3230,0,0,1.7158843720077524e-15,probability_native,1.7158843720077524e-15,u_24191b76c3278782,1,0,official,principal
1348,1,1,0.9998782409959938,probability_native,0.9998782409959938,u_24191b76c3278782,1,0,official,principal
484,1,1,0.9982497548720892,probability_native,0.9982497548720892,u_24191b76c3278782,1,0,official,principal
3170,0,1,0.9047879400635417,probability_native,0.9047879400635417,u_24191b76c3278782,1,0,official,principal
2885,0,0,5.378566883356448e-12,probability_native,5.378566883356448e-12,u_24191b76c3278782,1,0,official,principal
3208,0,0,0.0035816033563273453,probability_native,0.0035816033563273453,u_24191b76c3278782,1,0,official,principal
3491,0,0,0.026226866006608642,probability_native,0.026226866006608642,u_24191b76c3278782,1,0,official,principal
1959,0,0,0.03707874120672171,probability_native,0.03707874120672171,u_24191b76c3278782,1,0,official,principal
5249,0,0,2.587231497184449e-15,probability_native,2.587231497184449e-15,u_24191b76c3278782,1,0,official,principal
1239,0,0,0.4442689559976646,probability_native,0.4442689559976646,u_24191b76c3278782,1,0,official,principal
6465,0,0,2.8366244630031843e-15,probability_native,2.8366244630031843e-15,u_24191b76c3278782,1,0,official,principal
1303,0,0,3.896411124981838e-15,probability_native,3.896411124981838e-15,u_24191b76c3278782,1,0,official,principal
2330,0,1,0.8588072656128434,probability_native,0.8588072656128434,u_24191b76c3278782,1,0,official,principal
5167,0,0,1.1358944812319192e-12,probability_native,1.1358944812319192e-12,u_24191b76c3278782,1,0,official,principal
3710,0,0,4.545361587231957e-07,probability_native,4.545361587231957e-07,u_24191b76c3278782,1,0,official,principal
1695,0,0,0.0028487501039881897,probability_native,0.0028487501039881897,u_24191b76c3278782,1,0,official,principal
1021,0,0,6.966359673914136e-05,probability_native,6.966359673914136e-05,u_24191b76c3278782,1,0,official,principal
3788,1,0,6.985049928346229e-12,probability_native,6.985049928346229e-12,u_24191b76c3278782,1,0,official,principal
4863,0,0,2.874957097876445e-15,probability_native,2.874957097876445e-15,u_24191b76c3278782,1,0,official,principal
4545,0,1,0.9643022763807734,probability_native,0.9643022763807734,u_24191b76c3278782,1,0,official,principal
3021,0,0,0.0014395637134186562,probability_native,0.0014395637134186562,u_24191b76c3278782,1,0,official,principal
6552,1,1,0.9999620111118714,probability_native,0.9999620111118714,u_24191b76c3278782,1,0,official,principal
3215,0,1,0.9980365098944743,probability_native,0.9980365098944743,u_24191b76c3278782,1,0,official,principal
6901,0,0,0.03469479947307332,probability_native,0.03469479947307332,u_24191b76c3278782,1,0,official,principal
5148,0,0,6.658348577208845e-10,probability_native,6.658348577208845e-10,u_24191b76c3278782,1,0,official,principal
5269,0,1,0.9793833835300737,probability_native,0.9793833835300737,u_24191b76c3278782,1,0,official,principal
4047,0,0,3.27722664103654e-11,probability_native,3.27722664103654e-11,u_24191b76c3278782,1,0,official,principal
6008,0,0,1.1393955151813523e-06,probability_native,1.1393955151813523e-06,u_24191b76c3278782,1,0,official,principal
240,0,0,1.5570662139552008e-11,probability_native,1.5570662139552008e-11,u_24191b76c3278782,1,0,official,principal
2873,1,1,0.9996801834354854,probability_native,0.9996801834354854,u_24191b76c3278782,1,0,official,principal
5660,0,0,0.013428470835551582,probability_native,0.013428470835551582,u_24191b76c3278782,1,0,official,principal
3114,0,1,0.9226112383871647,probability_native,0.9226112383871647,u_24191b76c3278782,1,0,official,principal
4516,0,0,1.7676699950348706e-13,probability_native,1.7676699950348706e-13,u_24191b76c3278782,1,0,official,principal
6425,0,0,6.978640178790644e-06,probability_native,6.978640178790644e-06,u_24191b76c3278782,1,0,official,principal
6458,0,1,0.6897716391284872,probability_native,0.6897716391284872,u_24191b76c3278782,1,0,official,principal
3953,1,1,0.9999079143691794,probability_native,0.9999079143691794,u_24191b76c3278782,1,0,official,principal
3675,0,0,0.0016482834938616705,probability_native,0.0016482834938616705,u_24191b76c3278782,1,0,official,principal
4425,0,0,0.0398482448996348,probability_native,0.0398482448996348,u_24191b76c3278782,1,0,official,principal
5990,0,1,0.9970823969570592,probability_native,0.9970823969570592,u_24191b76c3278782,1,0,official,principal
4126,0,0,6.679107605733186e-05,probability_native,6.679107605733186e-05,u_24191b76c3278782,1,0,official,principal
5288,1,1,0.9999611631489644,probability_native,0.9999611631489644,u_24191b76c3278782,1,0,official,principal
6348,0,1,0.9879291091659123,probability_native,0.9879291091659123,u_24191b76c3278782,1,0,official,principal
2422,0,1,0.9999872946909595,probability_native,0.9999872946909595,u_24191b76c3278782,1,0,official,principal
975,1,0,1.1552993444119217e-10,probability_native,1.1552993444119217e-10,u_24191b76c3278782,1,0,official,principal
573,1,0,0.0036650778495217334,probability_native,0.0036650778495217334,u_24191b76c3278782,1,0,official,principal
6219,1,1,0.9268617367312533,probability_native,0.9268617367312533,u_24191b76c3278782,1,0,official,principal
1043,1,1,0.968214607050444,probability_native,0.968214607050444,u_24191b76c3278782,1,0,official,principal
2529,1,0,0.001208305555465725,probability_native,0.001208305555465725,u_24191b76c3278782,1,0,official,principal
1282,0,1,0.9944067497262244,probability_native,0.9944067497262244,u_24191b76c3278782,1,0,official,principal
1340,0,0,7.377619766381031e-14,probability_native,7.377619766381031e-14,u_24191b76c3278782,1,0,official,principal
6189,0,0,1.5097908718537387e-14,probability_native,1.5097908718537387e-14,u_24191b76c3278782,1,0,official,principal
5510,0,1,0.956032824443401,probability_native,0.956032824443401,u_24191b76c3278782,1,0,official,principal
3354,0,0,2.210698855166956e-05,probability_native,2.210698855166956e-05,u_24191b76c3278782,1,0,official,principal
905,1,1,0.9999930574743234,probability_native,0.9999930574743234,u_24191b76c3278782,1,0,official,principal
2735,0,1,0.9989774320756455,probability_native,0.9989774320756455,u_24191b76c3278782,1,0,official,principal
6712,0,1,0.9816580182571651,probability_native,0.9816580182571651,u_24191b76c3278782,1,0,official,principal
4333,0,0,0.10053867973484813,probability_native,0.10053867973484813,u_24191b76c3278782,1,0,official,principal
1514,0,0,1.339790558927752e-15,probability_native,1.339790558927752e-15,u_24191b76c3278782,1,0,official,principal
6608,1,0,0.002877446486749858,probability_native,0.002877446486749858,u_24191b76c3278782,1,0,official,principal
135,0,0,4.612060982628975e-13,probability_native,4.612060982628975e-13,u_24191b76c3278782,1,0,official,principal
3413,0,1,0.9018264806016397,probability_native,0.9018264806016397,u_24191b76c3278782,1,0,official,principal
219,0,1,0.9997332315114392,probability_native,0.9997332315114392,u_24191b76c3278782,1,0,official,principal
6754,0,0,6.639219893883466e-11,probability_native,6.639219893883466e-11,u_24191b76c3278782,1,0,official,principal
6610,0,1,0.999129918702923,probability_native,0.999129918702923,u_24191b76c3278782,1,0,official,principal
3549,0,0,3.7083027535301145e-13,probability_native,3.7083027535301145e-13,u_24191b76c3278782,1,0,official,principal
257,0,0,3.452353824744233e-05,probability_native,3.452353824744233e-05,u_24191b76c3278782,1,0,official,principal
4799,0,0,0.0009490769732759074,probability_native,0.0009490769732759074,u_24191b76c3278782,1,0,official,principal
5248,0,0,2.3796269020653168e-11,probability_native,2.3796269020653168e-11,u_24191b76c3278782,1,0,official,principal
3965,0,1,0.8288053271442561,probability_native,0.8288053271442561,u_24191b76c3278782,1,0,official,principal
2942,0,0,2.2245310754379116e-12,probability_native,2.2245310754379116e-12,u_24191b76c3278782,1,0,official,principal
5370,0,1,0.9911117617546232,probability_native,0.9911117617546232,u_24191b76c3278782,1,0,official,principal
4495,1,1,0.9999262913678895,probability_native,0.9999262913678895,u_24191b76c3278782,1,0,official,principal
3932,1,1,0.999986423648869,probability_native,0.999986423648869,u_24191b76c3278782,1,0,official,principal
5347,0,0,1.2349829792978514e-13,probability_native,1.2349829792978514e-13,u_24191b76c3278782,1,0,official,principal
5531,0,0,4.6418855015952787e-07,probability_native,4.6418855015952787e-07,u_24191b76c3278782,1,0,official,principal
1273,0,1,0.9814832642329716,probability_native,0.9814832642329716,u_24191b76c3278782,1,0,official,principal
6318,0,0,4.3858806136624216e-05,probability_native,4.3858806136624216e-05,u_24191b76c3278782,1,0,official,principal
4284,0,1,0.9999215239094469,probability_native,0.9999215239094469,u_24191b76c3278782,1,0,official,principal
1494,1,0,1.6706793644496015e-06,probability_native,1.6706793644496015e-06,u_24191b76c3278782,1,0,official,principal
2190,0,0,7.389481355029977e-13,probability_native,7.389481355029977e-13,u_24191b76c3278782,1,0,official,principal
4808,0,0,8.85183445392393e-11,probability_native,8.85183445392393e-11,u_24191b76c3278782,1,0,official,principal
5926,0,0,0.061274616486619214,probability_native,0.061274616486619214,u_24191b76c3278782,1,0,official,principal
138,0,0,2.974018232677326e-14,probability_native,2.974018232677326e-14,u_24191b76c3278782,1,0,official,principal
1371,1,1,0.9999936868203011,probability_native,0.9999936868203011,u_24191b76c3278782,1,0,official,principal
5357,0,0,1.9183066899413605e-14,probability_native,1.9183066899413605e-14,u_24191b76c3278782,1,0,official,principal
1009,0,0,0.0011230643531474954,probability_native,0.0011230643531474954,u_24191b76c3278782,1,0,official,principal
3995,1,1,0.8548967768156254,probability_native,0.8548967768156254,u_24191b76c3278782,1,0,official,principal
3483,0,1,0.9983090444775232,probability_native,0.9983090444775232,u_24191b76c3278782,1,0,official,principal
5815,1,1,0.9999935105759329,probability_native,0.9999935105759329,u_24191b76c3278782,1,0,official,principal
1812,0,1,0.8558419114152963,probability_native,0.8558419114152963,u_24191b76c3278782,1,0,official,principal
5493,1,1,0.999986254724576,probability_native,0.999986254724576,u_24191b76c3278782,1,0,official,principal
3663,0,1,0.9994080120209107,probability_native,0.9994080120209107,u_24191b76c3278782,1,0,official,principal
3654,0,1,0.7862486502012175,probability_native,0.7862486502012175,u_24191b76c3278782,1,0,official,principal
568,1,1,0.9997913181155733,probability_native,0.9997913181155733,u_24191b76c3278782,1,0,official,principal
5586,0,0,3.816853483756293e-06,probability_native,3.816853483756293e-06,u_24191b76c3278782,1,0,official,principal
1656,0,1,0.7368291496694518,probability_native,0.7368291496694518,u_24191b76c3278782,1,0,official,principal
4257,0,1,0.975678160695699,probability_native,0.975678160695699,u_24191b76c3278782,1,0,official,principal
304,0,1,0.9098349173946253,probability_native,0.9098349173946253,u_24191b76c3278782,1,0,official,principal
5239,0,0,2.626297280558258e-06,probability_native,2.626297280558258e-06,u_24191b76c3278782,1,0,official,principal
2624,0,0,0.09902169713737437,probability_native,0.09902169713737437,u_24191b76c3278782,1,0,official,principal
4586,0,0,1.5687048888175187e-13,probability_native,1.5687048888175187e-13,u_24191b76c3278782,1,0,official,principal
939,0,0,0.0011612795812658658,probability_native,0.0011612795812658658,u_24191b76c3278782,1,0,official,principal
4915,0,0,0.31719568467373216,probability_native,0.31719568467373216,u_24191b76c3278782,1,0,official,principal
5846,0,1,0.9997956614862046,probability_native,0.9997956614862046,u_24191b76c3278782,1,0,official,principal
4036,0,0,0.0002488725198914472,probability_native,0.0002488725198914472,u_24191b76c3278782,1,0,official,principal
6235,1,0,0.016672711496267867,probability_native,0.016672711496267867,u_24191b76c3278782,1,0,official,principal
4314,1,1,0.9999815704678268,probability_native,0.9999815704678268,u_24191b76c3278782,1,0,official,principal
2545,0,0,1.3357149174232006e-05,probability_native,1.3357149174232006e-05,u_24191b76c3278782,1,0,official,principal
6006,0,0,0.023896046446159353,probability_native,0.023896046446159353,u_24191b76c3278782,1,0,official,principal
1492,1,1,0.9999816739187327,probability_native,0.9999816739187327,u_24191b76c3278782,1,0,official,principal
4332,0,0,6.742539597891015e-13,probability_native,6.742539597891015e-13,u_24191b76c3278782,1,0,official,principal
4093,0,1,0.990264757186529,probability_native,0.990264757186529,u_24191b76c3278782,1,0,official,principal
6696,0,1,0.9995074529516631,probability_native,0.9995074529516631,u_24191b76c3278782,1,0,official,principal
