row_id,y_true,y_pred,score_positive,score_type,probability_native,unit_id,outer_fold,replicate,purpose,variant
3738,0,0,0.25155365467071533,probability_native,0.25155365467071533,u_37284a7b9ebe924a,0,2,official,principal
4860,0,0,0.02687363140285015,probability_native,0.02687363140285015,u_37284a7b9ebe924a,0,2,official,principal
2645,0,0,0.32346126437187195,probability_native,0.32346126437187195,u_37284a7b9ebe924a,0,2,official,principal
5767,0,0,0.028232835233211517,probability_native,0.028232835233211517,u_37284a7b9ebe924a,0,2,official,principal
2414,0,0,0.04001130536198616,probability_native,0.04001130536198616,u_37284a7b9ebe924a,0,2,official,principal
577,0,1,0.6403608322143555,probability_native,0.6403608322143555,u_37284a7b9ebe924a,0,2,official,principal
1201,0,0,0.335732102394104,probability_native,0.335732102394104,u_37284a7b9ebe924a,0,2,official,principal
7004,0,0,0.3704107701778412,probability_native,0.3704107701778412,u_37284a7b9ebe924a,0,2,official,principal
5338,0,0,0.044938068836927414,probability_native,0.044938068836927414,u_37284a7b9ebe924a,0,2,official,principal
6773,1,1,0.5724255442619324,probability_native,0.5724255442619324,u_37284a7b9ebe924a,0,2,official,principal
1118,0,0,0.31404176354408264,probability_native,0.31404176354408264,u_37284a7b9ebe924a,0,2,official,principal
1797,0,0,0.01565500535070896,probability_native,0.01565500535070896,u_37284a7b9ebe924a,0,2,official,principal
2823,0,0,0.019015099853277206,probability_native,0.019015099853277206,u_37284a7b9ebe924a,0,2,official,principal
593,0,0,0.23320676386356354,probability_native,0.23320676386356354,u_37284a7b9ebe924a,0,2,official,principal
6353,0,0,0.2003062516450882,probability_native,0.2003062516450882,u_37284a7b9ebe924a,0,2,official,principal
2197,0,0,0.14972946047782898,probability_native,0.14972946047782898,u_37284a7b9ebe924a,0,2,official,principal
2085,1,1,0.5739256739616394,probability_native,0.5739256739616394,u_37284a7b9ebe924a,0,2,official,principal
6139,0,0,0.1075025424361229,probability_native,0.1075025424361229,u_37284a7b9ebe924a,0,2,official,principal
6494,0,0,0.1600082814693451,probability_native,0.1600082814693451,u_37284a7b9ebe924a,0,2,official,principal
6808,0,0,0.17345958948135376,probability_native,0.17345958948135376,u_37284a7b9ebe924a,0,2,official,principal
282,0,0,0.30349263548851013,probability_native,0.30349263548851013,u_37284a7b9ebe924a,0,2,official,principal
592,0,0,0.023061128333210945,probability_native,0.023061128333210945,u_37284a7b9ebe924a,0,2,official,principal
3931,0,0,0.11559052765369415,probability_native,0.11559052765369415,u_37284a7b9ebe924a,0,2,official,principal
3868,1,0,0.2968604862689972,probability_native,0.2968604862689972,u_37284a7b9ebe924a,0,2,official,principal
4889,0,0,0.16782158613204956,probability_native,0.16782158613204956,u_37284a7b9ebe924a,0,2,official,principal
1515,0,0,0.14765875041484833,probability_native,0.14765875041484833,u_37284a7b9ebe924a,0,2,official,principal
149,0,0,0.1705283373594284,probability_native,0.1705283373594284,u_37284a7b9ebe924a,0,2,official,principal
871,0,0,0.1818944662809372,probability_native,0.1818944662809372,u_37284a7b9ebe924a,0,2,official,principal
403,0,0,0.03643558919429779,probability_native,0.03643558919429779,u_37284a7b9ebe924a,0,2,official,principal
6048,1,1,0.5758379697799683,probability_native,0.5758379697799683,u_37284a7b9ebe924a,0,2,official,principal
1369,0,0,0.1234079897403717,probability_native,0.1234079897403717,u_37284a7b9ebe924a,0,2,official,principal
4700,0,0,0.4239995777606964,probability_native,0.4239995777606964,u_37284a7b9ebe924a,0,2,official,principal
1337,0,0,0.015585051849484444,probability_native,0.015585051849484444,u_37284a7b9ebe924a,0,2,official,principal
6826,0,0,0.15282218158245087,probability_native,0.15282218158245087,u_37284a7b9ebe924a,0,2,official,principal
1736,1,0,0.3178544044494629,probability_native,0.3178544044494629,u_37284a7b9ebe924a,0,2,official,principal
6688,0,0,0.016707781702280045,probability_native,0.016707781702280045,u_37284a7b9ebe924a,0,2,official,principal
1870,0,1,0.5658536553382874,probability_native,0.5658536553382874,u_37284a7b9ebe924a,0,2,official,principal
1969,0,0,0.05395914614200592,probability_native,0.05395914614200592,u_37284a7b9ebe924a,0,2,official,principal
4198,0,0,0.012357562780380249,probability_native,0.012357562780380249,u_37284a7b9ebe924a,0,2,official,principal
4409,0,0,0.015413092449307442,probability_native,0.015413092449307442,u_37284a7b9ebe924a,0,2,official,principal
4684,1,0,0.16231919825077057,probability_native,0.16231919825077057,u_37284a7b9ebe924a,0,2,official,principal
2782,0,0,0.032203007489442825,probability_native,0.032203007489442825,u_37284a7b9ebe924a,0,2,official,principal
6971,1,0,0.4942934215068817,probability_native,0.4942934215068817,u_37284a7b9ebe924a,0,2,official,principal
5709,0,0,0.033843208104372025,probability_native,0.033843208104372025,u_37284a7b9ebe924a,0,2,official,principal
6618,0,0,0.28152596950531006,probability_native,0.28152596950531006,u_37284a7b9ebe924a,0,2,official,principal
5277,1,1,0.6618350148200989,probability_native,0.6618350148200989,u_37284a7b9ebe924a,0,2,official,principal
1563,0,1,0.5913684964179993,probability_native,0.5913684964179993,u_37284a7b9ebe924a,0,2,official,principal
1490,0,0,0.08440570533275604,probability_native,0.08440570533275604,u_37284a7b9ebe924a,0,2,official,principal
2491,0,0,0.05150267481803894,probability_native,0.05150267481803894,u_37284a7b9ebe924a,0,2,official,principal
1266,0,1,0.7073525786399841,probability_native,0.7073525786399841,u_37284a7b9ebe924a,0,2,official,principal
6982,0,0,0.015127744525671005,probability_native,0.015127744525671005,u_37284a7b9ebe924a,0,2,official,principal
2388,0,1,0.7044966220855713,probability_native,0.7044966220855713,u_37284a7b9ebe924a,0,2,official,principal
3581,0,0,0.014431498013436794,probability_native,0.014431498013436794,u_37284a7b9ebe924a,0,2,official,principal
1869,0,0,0.006757606752216816,probability_native,0.006757606752216816,u_37284a7b9ebe924a,0,2,official,principal
5538,1,1,0.8269776105880737,probability_native,0.8269776105880737,u_37284a7b9ebe924a,0,2,official,principal
4978,1,1,0.678013026714325,probability_native,0.678013026714325,u_37284a7b9ebe924a,0,2,official,principal
5982,0,0,0.03417675197124481,probability_native,0.03417675197124481,u_37284a7b9ebe924a,0,2,official,principal
5097,0,0,0.24063998460769653,probability_native,0.24063998460769653,u_37284a7b9ebe924a,0,2,official,principal
1483,0,0,0.051570482552051544,probability_native,0.051570482552051544,u_37284a7b9ebe924a,0,2,official,principal
1423,1,1,0.7630917429924011,probability_native,0.7630917429924011,u_37284a7b9ebe924a,0,2,official,principal
4599,0,0,0.07157161831855774,probability_native,0.07157161831855774,u_37284a7b9ebe924a,0,2,official,principal
2295,1,1,0.7250557541847229,probability_native,0.7250557541847229,u_37284a7b9ebe924a,0,2,official,principal
244,0,0,0.3796556293964386,probability_native,0.3796556293964386,u_37284a7b9ebe924a,0,2,official,principal
5476,1,1,0.6676694750785828,probability_native,0.6676694750785828,u_37284a7b9ebe924a,0,2,official,principal
2546,0,0,0.13033153116703033,probability_native,0.13033153116703033,u_37284a7b9ebe924a,0,2,official,principal
6630,0,1,0.6374409794807434,probability_native,0.6374409794807434,u_37284a7b9ebe924a,0,2,official,principal
6224,0,0,0.09865636378526688,probability_native,0.09865636378526688,u_37284a7b9ebe924a,0,2,official,principal
4045,1,0,0.41369563341140747,probability_native,0.41369563341140747,u_37284a7b9ebe924a,0,2,official,principal
1086,1,1,0.5683150887489319,probability_native,0.5683150887489319,u_37284a7b9ebe924a,0,2,official,principal
1710,0,1,0.7221165895462036,probability_native,0.7221165895462036,u_37284a7b9ebe924a,0,2,official,principal
6677,0,0,0.3067968785762787,probability_native,0.3067968785762787,u_37284a7b9ebe924a,0,2,official,principal
5046,0,0,0.4868484437465668,probability_native,0.4868484437465668,u_37284a7b9ebe924a,0,2,official,principal
4490,0,0,0.1943848878145218,probability_native,0.1943848878145218,u_37284a7b9ebe924a,0,2,official,principal
3492,0,0,0.4016162157058716,probability_native,0.4016162157058716,u_37284a7b9ebe924a,0,2,official,principal
5155,0,0,0.211038276553154,probability_native,0.211038276553154,u_37284a7b9ebe924a,0,2,official,principal
623,0,0,0.01677083410322666,probability_native,0.01677083410322666,u_37284a7b9ebe924a,0,2,official,principal
3976,1,0,0.48293277621269226,probability_native,0.48293277621269226,u_37284a7b9ebe924a,0,2,official,principal
3279,0,0,0.04604722186923027,probability_native,0.04604722186923027,u_37284a7b9ebe924a,0,2,official,principal
3889,0,0,0.032605353742837906,probability_native,0.032605353742837906,u_37284a7b9ebe924a,0,2,official,principal
6319,0,0,0.23475132882595062,probability_native,0.23475132882595062,u_37284a7b9ebe924a,0,2,official,principal
6554,1,1,0.7127990126609802,probability_native,0.7127990126609802,u_37284a7b9ebe924a,0,2,official,principal
1248,1,1,0.5874675512313843,probability_native,0.5874675512313843,u_37284a7b9ebe924a,0,2,official,principal
6890,0,0,0.14737586677074432,probability_native,0.14737586677074432,u_37284a7b9ebe924a,0,2,official,principal
6717,1,0,0.4354878067970276,probability_native,0.4354878067970276,u_37284a7b9ebe924a,0,2,official,principal
6471,0,0,0.027971995994448662,probability_native,0.027971995994448662,u_37284a7b9ebe924a,0,2,official,principal
3073,0,0,0.04467742145061493,probability_native,0.04467742145061493,u_37284a7b9ebe924a,0,2,official,principal
2163,1,1,0.6481483578681946,probability_native,0.6481483578681946,u_37284a7b9ebe924a,0,2,official,principal
2822,1,0,0.08734609186649323,probability_native,0.08734609186649323,u_37284a7b9ebe924a,0,2,official,principal
3139,1,0,0.34268224239349365,probability_native,0.34268224239349365,u_37284a7b9ebe924a,0,2,official,principal
4504,0,0,0.02798704244196415,probability_native,0.02798704244196415,u_37284a7b9ebe924a,0,2,official,principal
6394,0,0,0.0995720848441124,probability_native,0.0995720848441124,u_37284a7b9ebe924a,0,2,official,principal
3939,1,1,0.7377246618270874,probability_native,0.7377246618270874,u_37284a7b9ebe924a,0,2,official,principal
5367,0,0,0.02250578999519348,probability_native,0.02250578999519348,u_37284a7b9ebe924a,0,2,official,principal
1313,1,0,0.45176902413368225,probability_native,0.45176902413368225,u_37284a7b9ebe924a,0,2,official,principal
6177,1,0,0.3775429427623749,probability_native,0.3775429427623749,u_37284a7b9ebe924a,0,2,official,principal
2301,0,1,0.7450281977653503,probability_native,0.7450281977653503,u_37284a7b9ebe924a,0,2,official,principal
5087,0,0,0.13605700433254242,probability_native,0.13605700433254242,u_37284a7b9ebe924a,0,2,official,principal
1704,1,1,0.895475447177887,probability_native,0.895475447177887,u_37284a7b9ebe924a,0,2,official,principal
3843,1,1,0.670494556427002,probability_native,0.670494556427002,u_37284a7b9ebe924a,0,2,official,principal
943,0,0,0.01187699194997549,probability_native,0.01187699194997549,u_37284a7b9ebe924a,0,2,official,principal
4736,0,0,0.017706094309687614,probability_native,0.017706094309687614,u_37284a7b9ebe924a,0,2,official,principal
41,0,0,0.020629405975341797,probability_native,0.020629405975341797,u_37284a7b9ebe924a,0,2,official,principal
5351,1,0,0.34943535923957825,probability_native,0.34943535923957825,u_37284a7b9ebe924a,0,2,official,principal
4607,0,0,0.43701109290122986,probability_native,0.43701109290122986,u_37284a7b9ebe924a,0,2,official,principal
6495,1,1,0.7886144518852234,probability_native,0.7886144518852234,u_37284a7b9ebe924a,0,2,official,principal
5238,0,0,0.06994792073965073,probability_native,0.06994792073965073,u_37284a7b9ebe924a,0,2,official,principal
4973,0,0,0.3989627957344055,probability_native,0.3989627957344055,u_37284a7b9ebe924a,0,2,official,principal
6274,0,0,0.2423309087753296,probability_native,0.2423309087753296,u_37284a7b9ebe924a,0,2,official,principal
5633,0,0,0.11121135205030441,probability_native,0.11121135205030441,u_37284a7b9ebe924a,0,2,official,principal
5622,1,0,0.49857428669929504,probability_native,0.49857428669929504,u_37284a7b9ebe924a,0,2,official,principal
1676,0,1,0.6738672852516174,probability_native,0.6738672852516174,u_37284a7b9ebe924a,0,2,official,principal
833,0,0,0.3944443166255951,probability_native,0.3944443166255951,u_37284a7b9ebe924a,0,2,official,principal
4584,0,0,0.02232031151652336,probability_native,0.02232031151652336,u_37284a7b9ebe924a,0,2,official,principal
4330,1,0,0.4992832839488983,probability_native,0.4992832839488983,u_37284a7b9ebe924a,0,2,official,principal
1641,0,0,0.011663230136036873,probability_native,0.011663230136036873,u_37284a7b9ebe924a,0,2,official,principal
4051,0,0,0.047992024570703506,probability_native,0.047992024570703506,u_37284a7b9ebe924a,0,2,official,principal
6527,1,0,0.27244728803634644,probability_native,0.27244728803634644,u_37284a7b9ebe924a,0,2,official,principal
5486,0,0,0.03035683184862137,probability_native,0.03035683184862137,u_37284a7b9ebe924a,0,2,official,principal
4205,0,0,0.033727485686540604,probability_native,0.033727485686540604,u_37284a7b9ebe924a,0,2,official,principal
6064,1,1,0.6648604273796082,probability_native,0.6648604273796082,u_37284a7b9ebe924a,0,2,official,principal
6094,0,0,0.013250093907117844,probability_native,0.013250093907117844,u_37284a7b9ebe924a,0,2,official,principal
3730,1,0,0.37442830204963684,probability_native,0.37442830204963684,u_37284a7b9ebe924a,0,2,official,principal
740,0,0,0.026260653510689735,probability_native,0.026260653510689735,u_37284a7b9ebe924a,0,2,official,principal
6145,0,0,0.014679771848022938,probability_native,0.014679771848022938,u_37284a7b9ebe924a,0,2,official,principal
6236,0,0,0.46711859107017517,probability_native,0.46711859107017517,u_37284a7b9ebe924a,0,2,official,principal
4544,1,1,0.8119817972183228,probability_native,0.8119817972183228,u_37284a7b9ebe924a,0,2,official,principal
4902,0,0,0.08686602115631104,probability_native,0.08686602115631104,u_37284a7b9ebe924a,0,2,official,principal
1478,1,1,0.5608402490615845,probability_native,0.5608402490615845,u_37284a7b9ebe924a,0,2,official,principal
749,0,0,0.11253024637699127,probability_native,0.11253024637699127,u_37284a7b9ebe924a,0,2,official,principal
4164,0,0,0.04721702262759209,probability_native,0.04721702262759209,u_37284a7b9ebe924a,0,2,official,principal
3153,0,0,0.1599852740764618,probability_native,0.1599852740764618,u_37284a7b9ebe924a,0,2,official,principal
4399,0,0,0.20438171923160553,probability_native,0.20438171923160553,u_37284a7b9ebe924a,0,2,official,principal
6370,1,0,0.3056217432022095,probability_native,0.3056217432022095,u_37284a7b9ebe924a,0,2,official,principal
716,0,0,0.02488814853131771,probability_native,0.02488814853131771,u_37284a7b9ebe924a,0,2,official,principal
33,0,0,0.35069966316223145,probability_native,0.35069966316223145,u_37284a7b9ebe924a,0,2,official,principal
1694,1,1,0.7367845177650452,probability_native,0.7367845177650452,u_37284a7b9ebe924a,0,2,official,principal
6313,1,1,0.7834513783454895,probability_native,0.7834513783454895,u_37284a7b9ebe924a,0,2,official,principal
5315,1,1,0.678013026714325,probability_native,0.678013026714325,u_37284a7b9ebe924a,0,2,official,principal
4034,0,0,0.21339768171310425,probability_native,0.21339768171310425,u_37284a7b9ebe924a,0,2,official,principal
6311,0,0,0.39756518602371216,probability_native,0.39756518602371216,u_37284a7b9ebe924a,0,2,official,principal
6025,0,0,0.09837683290243149,probability_native,0.09837683290243149,u_37284a7b9ebe924a,0,2,official,principal
6596,0,0,0.06329136341810226,probability_native,0.06329136341810226,u_37284a7b9ebe924a,0,2,official,principal
3774,0,0,0.18064244091510773,probability_native,0.18064244091510773,u_37284a7b9ebe924a,0,2,official,principal
2439,0,0,0.029141370207071304,probability_native,0.029141370207071304,u_37284a7b9ebe924a,0,2,official,principal
3274,0,0,0.451705664396286,probability_native,0.451705664396286,u_37284a7b9ebe924a,0,2,official,principal
5989,1,1,0.8295982480049133,probability_native,0.8295982480049133,u_37284a7b9ebe924a,0,2,official,principal
1721,1,0,0.4720412790775299,probability_native,0.4720412790775299,u_37284a7b9ebe924a,0,2,official,principal
3147,0,1,0.5298169851303101,probability_native,0.5298169851303101,u_37284a7b9ebe924a,0,2,official,principal
5346,0,0,0.029403936117887497,probability_native,0.029403936117887497,u_37284a7b9ebe924a,0,2,official,principal
193,0,0,0.03711959347128868,probability_native,0.03711959347128868,u_37284a7b9ebe924a,0,2,official,principal
2039,1,1,0.5527575612068176,probability_native,0.5527575612068176,u_37284a7b9ebe924a,0,2,official,principal
2307,0,0,0.15006007254123688,probability_native,0.15006007254123688,u_37284a7b9ebe924a,0,2,official,principal
5885,0,0,0.030800452455878258,probability_native,0.030800452455878258,u_37284a7b9ebe924a,0,2,official,principal
6661,0,0,0.014885974116623402,probability_native,0.014885974116623402,u_37284a7b9ebe924a,0,2,official,principal
4647,0,0,0.25500211119651794,probability_native,0.25500211119651794,u_37284a7b9ebe924a,0,2,official,principal
4313,0,0,0.2688882350921631,probability_native,0.2688882350921631,u_37284a7b9ebe924a,0,2,official,principal
5479,0,1,0.5324521064758301,probability_native,0.5324521064758301,u_37284a7b9ebe924a,0,2,official,principal
6815,0,0,0.006127373781055212,probability_native,0.006127373781055212,u_37284a7b9ebe924a,0,2,official,principal
6892,0,0,0.20803280174732208,probability_native,0.20803280174732208,u_37284a7b9ebe924a,0,2,official,principal
5541,1,0,0.1964026540517807,probability_native,0.1964026540517807,u_37284a7b9ebe924a,0,2,official,principal
1884,0,0,0.04672364890575409,probability_native,0.04672364890575409,u_37284a7b9ebe924a,0,2,official,principal
5437,1,0,0.29965758323669434,probability_native,0.29965758323669434,u_37284a7b9ebe924a,0,2,official,principal
5142,0,0,0.12216654419898987,probability_native,0.12216654419898987,u_37284a7b9ebe924a,0,2,official,principal
4127,0,0,0.016125721856951714,probability_native,0.016125721856951714,u_37284a7b9ebe924a,0,2,official,principal
4597,1,1,0.6887733936309814,probability_native,0.6887733936309814,u_37284a7b9ebe924a,0,2,official,principal
3830,1,1,0.8271164298057556,probability_native,0.8271164298057556,u_37284a7b9ebe924a,0,2,official,principal
226,0,0,0.07411985099315643,probability_native,0.07411985099315643,u_37284a7b9ebe924a,0,2,official,principal
6760,1,0,0.3438566327095032,probability_native,0.3438566327095032,u_37284a7b9ebe924a,0,2,official,principal
6933,1,1,0.7886144518852234,probability_native,0.7886144518852234,u_37284a7b9ebe924a,0,2,official,principal
5015,0,0,0.12432187795639038,probability_native,0.12432187795639038,u_37284a7b9ebe924a,0,2,official,principal
6566,0,0,0.08611829578876495,probability_native,0.08611829578876495,u_37284a7b9ebe924a,0,2,official,principal
6799,0,0,0.13385538756847382,probability_native,0.13385538756847382,u_37284a7b9ebe924a,0,2,official,principal
2062,0,0,0.01951870135962963,probability_native,0.01951870135962963,u_37284a7b9ebe924a,0,2,official,principal
6928,0,0,0.07583550363779068,probability_native,0.07583550363779068,u_37284a7b9ebe924a,0,2,official,principal
3653,0,0,0.03260175883769989,probability_native,0.03260175883769989,u_37284a7b9ebe924a,0,2,official,principal
6670,0,0,0.12346555292606354,probability_native,0.12346555292606354,u_37284a7b9ebe924a,0,2,official,principal
4681,1,1,0.7879694104194641,probability_native,0.7879694104194641,u_37284a7b9ebe924a,0,2,official,principal
3621,1,0,0.35536932945251465,probability_native,0.35536932945251465,u_37284a7b9ebe924a,0,2,official,principal
2975,0,0,0.3249703049659729,probability_native,0.3249703049659729,u_37284a7b9ebe924a,0,2,official,principal
500,0,0,0.1712653636932373,probability_native,0.1712653636932373,u_37284a7b9ebe924a,0,2,official,principal
355,1,1,0.5902077555656433,probability_native,0.5902077555656433,u_37284a7b9ebe924a,0,2,official,principal
6260,0,0,0.04666992649435997,probability_native,0.04666992649435997,u_37284a7b9ebe924a,0,2,official,principal
632,0,0,0.008304123766720295,probability_native,0.008304123766720295,u_37284a7b9ebe924a,0,2,official,principal
3077,0,0,0.022897429764270782,probability_native,0.022897429764270782,u_37284a7b9ebe924a,0,2,official,principal
6565,0,0,0.3826289772987366,probability_native,0.3826289772987366,u_37284a7b9ebe924a,0,2,official,principal
382,0,0,0.010736332274973392,probability_native,0.010736332274973392,u_37284a7b9ebe924a,0,2,official,principal
6531,0,0,0.14760424196720123,probability_native,0.14760424196720123,u_37284a7b9ebe924a,0,2,official,principal
2952,0,0,0.05419470742344856,probability_native,0.05419470742344856,u_37284a7b9ebe924a,0,2,official,principal
1110,0,0,0.027250949293375015,probability_native,0.027250949293375015,u_37284a7b9ebe924a,0,2,official,principal
2105,1,1,0.6211493015289307,probability_native,0.6211493015289307,u_37284a7b9ebe924a,0,2,official,principal
570,0,0,0.011009883135557175,probability_native,0.011009883135557175,u_37284a7b9ebe924a,0,2,official,principal
4910,1,0,0.06037420034408569,probability_native,0.06037420034408569,u_37284a7b9ebe924a,0,2,official,principal
1673,1,0,0.31291666626930237,probability_native,0.31291666626930237,u_37284a7b9ebe924a,0,2,official,principal
3434,0,0,0.1006181612610817,probability_native,0.1006181612610817,u_37284a7b9ebe924a,0,2,official,principal
3326,1,0,0.08621752262115479,probability_native,0.08621752262115479,u_37284a7b9ebe924a,0,2,official,principal
3097,0,0,0.1161935105919838,probability_native,0.1161935105919838,u_37284a7b9ebe924a,0,2,official,principal
238,1,1,0.7193994522094727,probability_native,0.7193994522094727,u_37284a7b9ebe924a,0,2,official,principal
3258,0,1,0.7230119705200195,probability_native,0.7230119705200195,u_37284a7b9ebe924a,0,2,official,principal
1632,1,0,0.28970199823379517,probability_native,0.28970199823379517,u_37284a7b9ebe924a,0,2,official,principal
1949,0,0,0.06797530502080917,probability_native,0.06797530502080917,u_37284a7b9ebe924a,0,2,official,principal
6861,1,1,0.5820006132125854,probability_native,0.5820006132125854,u_37284a7b9ebe924a,0,2,official,principal
1743,0,0,0.014646489173173904,probability_native,0.014646489173173904,u_37284a7b9ebe924a,0,2,official,principal
4621,0,0,0.34509149193763733,probability_native,0.34509149193763733,u_37284a7b9ebe924a,0,2,official,principal
6312,1,0,0.16460512578487396,probability_native,0.16460512578487396,u_37284a7b9ebe924a,0,2,official,principal
5907,0,1,0.5658536553382874,probability_native,0.5658536553382874,u_37284a7b9ebe924a,0,2,official,principal
3072,0,0,0.07539083063602448,probability_native,0.07539083063602448,u_37284a7b9ebe924a,0,2,official,principal
6026,0,0,0.05902150273323059,probability_native,0.05902150273323059,u_37284a7b9ebe924a,0,2,official,principal
1164,0,0,0.013465513475239277,probability_native,0.013465513475239277,u_37284a7b9ebe924a,0,2,official,principal
2514,1,1,0.5832056999206543,probability_native,0.5832056999206543,u_37284a7b9ebe924a,0,2,official,principal
2133,1,1,0.8174062371253967,probability_native,0.8174062371253967,u_37284a7b9ebe924a,0,2,official,principal
2384,0,0,0.39055415987968445,probability_native,0.39055415987968445,u_37284a7b9ebe924a,0,2,official,principal
2208,1,1,0.9206140637397766,probability_native,0.9206140637397766,u_37284a7b9ebe924a,0,2,official,principal
1826,0,0,0.347942054271698,probability_native,0.347942054271698,u_37284a7b9ebe924a,0,2,official,principal
2025,0,0,0.033813588321208954,probability_native,0.033813588321208954,u_37284a7b9ebe924a,0,2,official,principal
3456,0,0,0.03192067891359329,probability_native,0.03192067891359329,u_37284a7b9ebe924a,0,2,official,principal
3943,0,1,0.650002121925354,probability_native,0.650002121925354,u_37284a7b9ebe924a,0,2,official,principal
2889,0,0,0.04568559676408768,probability_native,0.04568559676408768,u_37284a7b9ebe924a,0,2,official,principal
4861,0,0,0.11923296749591827,probability_native,0.11923296749591827,u_37284a7b9ebe924a,0,2,official,principal
4663,1,1,0.7521868944168091,probability_native,0.7521868944168091,u_37284a7b9ebe924a,0,2,official,principal
803,0,0,0.03140447661280632,probability_native,0.03140447661280632,u_37284a7b9ebe924a,0,2,official,principal
5983,0,0,0.4355141222476959,probability_native,0.4355141222476959,u_37284a7b9ebe924a,0,2,official,principal
4041,0,0,0.033999212086200714,probability_native,0.033999212086200714,u_37284a7b9ebe924a,0,2,official,principal
815,0,0,0.4089466333389282,probability_native,0.4089466333389282,u_37284a7b9ebe924a,0,2,official,principal
4938,1,0,0.4440058171749115,probability_native,0.4440058171749115,u_37284a7b9ebe924a,0,2,official,principal
4936,0,0,0.36102673411369324,probability_native,0.36102673411369324,u_37284a7b9ebe924a,0,2,official,principal
5961,0,0,0.4303213953971863,probability_native,0.4303213953971863,u_37284a7b9ebe924a,0,2,official,principal
6352,0,0,0.44825929403305054,probability_native,0.44825929403305054,u_37284a7b9ebe924a,0,2,official,principal
5440,0,0,0.16992413997650146,probability_native,0.16992413997650146,u_37284a7b9ebe924a,0,2,official,principal
2281,1,0,0.2832075357437134,probability_native,0.2832075357437134,u_37284a7b9ebe924a,0,2,official,principal
6498,1,1,0.803126335144043,probability_native,0.803126335144043,u_37284a7b9ebe924a,0,2,official,principal
3384,1,1,0.6246947050094604,probability_native,0.6246947050094604,u_37284a7b9ebe924a,0,2,official,principal
5848,0,0,0.020358294248580933,probability_native,0.020358294248580933,u_37284a7b9ebe924a,0,2,official,principal
6218,0,0,0.06572937965393066,probability_native,0.06572937965393066,u_37284a7b9ebe924a,0,2,official,principal
6278,0,0,0.10830490291118622,probability_native,0.10830490291118622,u_37284a7b9ebe924a,0,2,official,principal
2515,0,0,0.10707329213619232,probability_native,0.10707329213619232,u_37284a7b9ebe924a,0,2,official,principal
4007,0,0,0.016429618000984192,probability_native,0.016429618000984192,u_37284a7b9ebe924a,0,2,official,principal
2813,0,0,0.015157682821154594,probability_native,0.015157682821154594,u_37284a7b9ebe924a,0,2,official,principal
4929,0,0,0.06246079131960869,probability_native,0.06246079131960869,u_37284a7b9ebe924a,0,2,official,principal
3959,0,0,0.08614068478345871,probability_native,0.08614068478345871,u_37284a7b9ebe924a,0,2,official,principal
4509,1,1,0.7350014448165894,probability_native,0.7350014448165894,u_37284a7b9ebe924a,0,2,official,principal
2973,1,0,0.3400387167930603,probability_native,0.3400387167930603,u_37284a7b9ebe924a,0,2,official,principal
1129,0,0,0.3553117513656616,probability_native,0.3553117513656616,u_37284a7b9ebe924a,0,2,official,principal
2380,0,0,0.23637285828590393,probability_native,0.23637285828590393,u_37284a7b9ebe924a,0,2,official,principal
1365,1,0,0.1976487636566162,probability_native,0.1976487636566162,u_37284a7b9ebe924a,0,2,official,principal
3778,0,0,0.39038175344467163,probability_native,0.39038175344467163,u_37284a7b9ebe924a,0,2,official,principal
2041,0,0,0.029124027118086815,probability_native,0.029124027118086815,u_37284a7b9ebe924a,0,2,official,principal
5463,1,1,0.5211818218231201,probability_native,0.5211818218231201,u_37284a7b9ebe924a,0,2,official,principal
5258,1,0,0.1863962560892105,probability_native,0.1863962560892105,u_37284a7b9ebe924a,0,2,official,principal
5813,0,0,0.10101964324712753,probability_native,0.10101964324712753,u_37284a7b9ebe924a,0,2,official,principal
723,1,1,0.5093644857406616,probability_native,0.5093644857406616,u_37284a7b9ebe924a,0,2,official,principal
4924,1,1,0.7367845177650452,probability_native,0.7367845177650452,u_37284a7b9ebe924a,0,2,official,principal
6205,1,0,0.3470170795917511,probability_native,0.3470170795917511,u_37284a7b9ebe924a,0,2,official,principal
2106,0,0,0.04772736504673958,probability_native,0.04772736504673958,u_37284a7b9ebe924a,0,2,official,principal
3520,0,0,0.06737212091684341,probability_native,0.06737212091684341,u_37284a7b9ebe924a,0,2,official,principal
1210,1,0,0.47457486391067505,probability_native,0.47457486391067505,u_37284a7b9ebe924a,0,2,official,principal
971,0,0,0.26319897174835205,probability_native,0.26319897174835205,u_37284a7b9ebe924a,0,2,official,principal
4764,1,1,0.5208378434181213,probability_native,0.5208378434181213,u_37284a7b9ebe924a,0,2,official,principal
6488,1,1,0.7886144518852234,probability_native,0.7886144518852234,u_37284a7b9ebe924a,0,2,official,principal
5435,0,0,0.12166086584329605,probability_native,0.12166086584329605,u_37284a7b9ebe924a,0,2,official,principal
4062,1,1,0.7127990126609802,probability_native,0.7127990126609802,u_37284a7b9ebe924a,0,2,official,principal
309,0,0,0.09594819694757462,probability_native,0.09594819694757462,u_37284a7b9ebe924a,0,2,official,principal
5687,0,0,0.11093564331531525,probability_native,0.11093564331531525,u_37284a7b9ebe924a,0,2,official,principal
1569,0,0,0.21770398318767548,probability_native,0.21770398318767548,u_37284a7b9ebe924a,0,2,official,principal
4775,1,0,0.4477907717227936,probability_native,0.4477907717227936,u_37284a7b9ebe924a,0,2,official,principal
2803,0,0,0.018441801890730858,probability_native,0.018441801890730858,u_37284a7b9ebe924a,0,2,official,principal
2271,0,1,0.5124052166938782,probability_native,0.5124052166938782,u_37284a7b9ebe924a,0,2,official,principal
6714,0,1,0.6422774195671082,probability_native,0.6422774195671082,u_37284a7b9ebe924a,0,2,official,principal
1498,1,1,0.552543580532074,probability_native,0.552543580532074,u_37284a7b9ebe924a,0,2,official,principal
5596,0,0,0.015393118374049664,probability_native,0.015393118374049664,u_37284a7b9ebe924a,0,2,official,principal
6738,0,0,0.33571192622184753,probability_native,0.33571192622184753,u_37284a7b9ebe924a,0,2,official,principal
3095,0,1,0.5460126996040344,probability_native,0.5460126996040344,u_37284a7b9ebe924a,0,2,official,principal
8,1,1,0.5388537645339966,probability_native,0.5388537645339966,u_37284a7b9ebe924a,0,2,official,principal
4816,0,0,0.04809537157416344,probability_native,0.04809537157416344,u_37284a7b9ebe924a,0,2,official,principal
2044,0,0,0.04886145889759064,probability_native,0.04886145889759064,u_37284a7b9ebe924a,0,2,official,principal
4685,0,0,0.16101163625717163,probability_native,0.16101163625717163,u_37284a7b9ebe924a,0,2,official,principal
1915,0,0,0.13617725670337677,probability_native,0.13617725670337677,u_37284a7b9ebe924a,0,2,official,principal
1532,0,0,0.06407438218593597,probability_native,0.06407438218593597,u_37284a7b9ebe924a,0,2,official,principal
2454,0,0,0.01959438994526863,probability_native,0.01959438994526863,u_37284a7b9ebe924a,0,2,official,principal
5977,0,0,0.015600715763866901,probability_native,0.015600715763866901,u_37284a7b9ebe924a,0,2,official,principal
2446,1,0,0.4264508783817291,probability_native,0.4264508783817291,u_37284a7b9ebe924a,0,2,official,principal
1278,0,0,0.05500008165836334,probability_native,0.05500008165836334,u_37284a7b9ebe924a,0,2,official,principal
1911,0,0,0.03173917904496193,probability_native,0.03173917904496193,u_37284a7b9ebe924a,0,2,official,principal
2431,1,1,0.5595134496688843,probability_native,0.5595134496688843,u_37284a7b9ebe924a,0,2,official,principal
4219,0,0,0.1351054310798645,probability_native,0.1351054310798645,u_37284a7b9ebe924a,0,2,official,principal
4417,1,1,0.6723853349685669,probability_native,0.6723853349685669,u_37284a7b9ebe924a,0,2,official,principal
411,0,0,0.04586073383688927,probability_native,0.04586073383688927,u_37284a7b9ebe924a,0,2,official,principal
612,0,0,0.009472769685089588,probability_native,0.009472769685089588,u_37284a7b9ebe924a,0,2,official,principal
2073,0,0,0.06331219524145126,probability_native,0.06331219524145126,u_37284a7b9ebe924a,0,2,official,principal
5752,0,0,0.014598888345062733,probability_native,0.014598888345062733,u_37284a7b9ebe924a,0,2,official,principal
5164,0,0,0.3998243808746338,probability_native,0.3998243808746338,u_37284a7b9ebe924a,0,2,official,principal
2606,0,0,0.37659788131713867,probability_native,0.37659788131713867,u_37284a7b9ebe924a,0,2,official,principal
5673,0,0,0.06653039902448654,probability_native,0.06653039902448654,u_37284a7b9ebe924a,0,2,official,principal
1876,0,0,0.2580168545246124,probability_native,0.2580168545246124,u_37284a7b9ebe924a,0,2,official,principal
2520,0,0,0.023858509957790375,probability_native,0.023858509957790375,u_37284a7b9ebe924a,0,2,official,principal
5496,0,0,0.014957528561353683,probability_native,0.014957528561353683,u_37284a7b9ebe924a,0,2,official,principal
6249,0,1,0.6155468821525574,probability_native,0.6155468821525574,u_37284a7b9ebe924a,0,2,official,principal
5007,0,0,0.0538967102766037,probability_native,0.0538967102766037,u_37284a7b9ebe924a,0,2,official,principal
4610,1,0,0.06030898913741112,probability_native,0.06030898913741112,u_37284a7b9ebe924a,0,2,official,principal
5354,0,1,0.8255265355110168,probability_native,0.8255265355110168,u_37284a7b9ebe924a,0,2,official,principal
2450,0,0,0.03863929584622383,probability_native,0.03863929584622383,u_37284a7b9ebe924a,0,2,official,principal
3795,0,1,0.6168749332427979,probability_native,0.6168749332427979,u_37284a7b9ebe924a,0,2,official,principal
5820,0,0,0.05753875896334648,probability_native,0.05753875896334648,u_37284a7b9ebe924a,0,2,official,principal
4244,0,0,0.010743516497313976,probability_native,0.010743516497313976,u_37284a7b9ebe924a,0,2,official,principal
5228,0,0,0.3202762305736542,probability_native,0.3202762305736542,u_37284a7b9ebe924a,0,2,official,principal
5724,1,1,0.70151686668396,probability_native,0.70151686668396,u_37284a7b9ebe924a,0,2,official,principal
3164,0,1,0.5052366256713867,probability_native,0.5052366256713867,u_37284a7b9ebe924a,0,2,official,principal
5626,0,0,0.1682002991437912,probability_native,0.1682002991437912,u_37284a7b9ebe924a,0,2,official,principal
2757,0,0,0.06997942924499512,probability_native,0.06997942924499512,u_37284a7b9ebe924a,0,2,official,principal
5387,0,0,0.35471129417419434,probability_native,0.35471129417419434,u_37284a7b9ebe924a,0,2,official,principal
3782,0,1,0.6348121762275696,probability_native,0.6348121762275696,u_37284a7b9ebe924a,0,2,official,principal
2598,0,1,0.6483612060546875,probability_native,0.6483612060546875,u_37284a7b9ebe924a,0,2,official,principal
5421,0,0,0.015585051849484444,probability_native,0.015585051849484444,u_37284a7b9ebe924a,0,2,official,principal
4044,0,0,0.03659305348992348,probability_native,0.03659305348992348,u_37284a7b9ebe924a,0,2,official,principal
6042,0,0,0.03974789381027222,probability_native,0.03974789381027222,u_37284a7b9ebe924a,0,2,official,principal
1799,1,1,0.788467526435852,probability_native,0.788467526435852,u_37284a7b9ebe924a,0,2,official,principal
4583,0,0,0.023890331387519836,probability_native,0.023890331387519836,u_37284a7b9ebe924a,0,2,official,principal
2809,0,0,0.24070680141448975,probability_native,0.24070680141448975,u_37284a7b9ebe924a,0,2,official,principal
210,1,0,0.4286648631095886,probability_native,0.4286648631095886,u_37284a7b9ebe924a,0,2,official,principal
2272,0,1,0.6290716528892517,probability_native,0.6290716528892517,u_37284a7b9ebe924a,0,2,official,principal
4688,0,0,0.3039356768131256,probability_native,0.3039356768131256,u_37284a7b9ebe924a,0,2,official,principal
3096,0,0,0.027365757152438164,probability_native,0.027365757152438164,u_37284a7b9ebe924a,0,2,official,principal
5176,0,0,0.09719879925251007,probability_native,0.09719879925251007,u_37284a7b9ebe924a,0,2,official,principal
5061,0,0,0.06756696850061417,probability_native,0.06756696850061417,u_37284a7b9ebe924a,0,2,official,principal
2540,0,0,0.10949598252773285,probability_native,0.10949598252773285,u_37284a7b9ebe924a,0,2,official,principal
4612,0,0,0.021082473918795586,probability_native,0.021082473918795586,u_37284a7b9ebe924a,0,2,official,principal
878,0,0,0.05375244840979576,probability_native,0.05375244840979576,u_37284a7b9ebe924a,0,2,official,principal
5464,0,0,0.02100750245153904,probability_native,0.02100750245153904,u_37284a7b9ebe924a,0,2,official,principal
3353,0,1,0.5377950072288513,probability_native,0.5377950072288513,u_37284a7b9ebe924a,0,2,official,principal
6687,1,1,0.7046018838882446,probability_native,0.7046018838882446,u_37284a7b9ebe924a,0,2,official,principal
5244,0,0,0.3547629415988922,probability_native,0.3547629415988922,u_37284a7b9ebe924a,0,2,official,principal
698,0,0,0.17125283181667328,probability_native,0.17125283181667328,u_37284a7b9ebe924a,0,2,official,principal
2722,0,0,0.010767803527414799,probability_native,0.010767803527414799,u_37284a7b9ebe924a,0,2,official,principal
3698,0,0,0.3089836537837982,probability_native,0.3089836537837982,u_37284a7b9ebe924a,0,2,official,principal
3500,0,0,0.263044536113739,probability_native,0.263044536113739,u_37284a7b9ebe924a,0,2,official,principal
2067,0,0,0.2267765998840332,probability_native,0.2267765998840332,u_37284a7b9ebe924a,0,2,official,principal
1312,0,0,0.0749923512339592,probability_native,0.0749923512339592,u_37284a7b9ebe924a,0,2,official,principal
4514,0,0,0.4502396583557129,probability_native,0.4502396583557129,u_37284a7b9ebe924a,0,2,official,principal
5378,0,0,0.018985167145729065,probability_native,0.018985167145729065,u_37284a7b9ebe924a,0,2,official,principal
1968,0,0,0.22741053998470306,probability_native,0.22741053998470306,u_37284a7b9ebe924a,0,2,official,principal
5646,1,0,0.22164073586463928,probability_native,0.22164073586463928,u_37284a7b9ebe924a,0,2,official,principal
2883,0,0,0.011514171957969666,probability_native,0.011514171957969666,u_37284a7b9ebe924a,0,2,official,principal
1252,0,0,0.3987019658088684,probability_native,0.3987019658088684,u_37284a7b9ebe924a,0,2,official,principal
5051,0,0,0.30791184306144714,probability_native,0.30791184306144714,u_37284a7b9ebe924a,0,2,official,principal
827,0,0,0.07104826718568802,probability_native,0.07104826718568802,u_37284a7b9ebe924a,0,2,official,principal
6030,1,0,0.2483396679162979,probability_native,0.2483396679162979,u_37284a7b9ebe924a,0,2,official,principal
890,0,0,0.2410304844379425,probability_native,0.2410304844379425,u_37284a7b9ebe924a,0,2,official,principal
590,0,0,0.04682300239801407,probability_native,0.04682300239801407,u_37284a7b9ebe924a,0,2,official,principal
793,0,0,0.019053256139159203,probability_native,0.019053256139159203,u_37284a7b9ebe924a,0,2,official,principal
6059,0,0,0.06714878976345062,probability_native,0.06714878976345062,u_37284a7b9ebe924a,0,2,official,principal
5158,0,0,0.00900031067430973,probability_native,0.00900031067430973,u_37284a7b9ebe924a,0,2,official,principal
2209,0,0,0.1375589221715927,probability_native,0.1375589221715927,u_37284a7b9ebe924a,0,2,official,principal
887,0,0,0.28773489594459534,probability_native,0.28773489594459534,u_37284a7b9ebe924a,0,2,official,principal
1382,0,0,0.03017004206776619,probability_native,0.03017004206776619,u_37284a7b9ebe924a,0,2,official,principal
3997,0,0,0.03295033797621727,probability_native,0.03295033797621727,u_37284a7b9ebe924a,0,2,official,principal
3631,1,1,0.6546370387077332,probability_native,0.6546370387077332,u_37284a7b9ebe924a,0,2,official,principal
3008,0,0,0.045149024575948715,probability_native,0.045149024575948715,u_37284a7b9ebe924a,0,2,official,principal
2408,0,0,0.0123065747320652,probability_native,0.0123065747320652,u_37284a7b9ebe924a,0,2,official,principal
435,0,0,0.1779719740152359,probability_native,0.1779719740152359,u_37284a7b9ebe924a,0,2,official,principal
329,0,0,0.46664538979530334,probability_native,0.46664538979530334,u_37284a7b9ebe924a,0,2,official,principal
17,0,0,0.049219973385334015,probability_native,0.049219973385334015,u_37284a7b9ebe924a,0,2,official,principal
5466,0,0,0.05349486693739891,probability_native,0.05349486693739891,u_37284a7b9ebe924a,0,2,official,principal
1795,1,0,0.3843860626220703,probability_native,0.3843860626220703,u_37284a7b9ebe924a,0,2,official,principal
4957,0,0,0.16293442249298096,probability_native,0.16293442249298096,u_37284a7b9ebe924a,0,2,official,principal
419,1,1,0.7399210333824158,probability_native,0.7399210333824158,u_37284a7b9ebe924a,0,2,official,principal
6818,0,0,0.07282385230064392,probability_native,0.07282385230064392,u_37284a7b9ebe924a,0,2,official,principal
264,0,0,0.1426897644996643,probability_native,0.1426897644996643,u_37284a7b9ebe924a,0,2,official,principal
6625,1,1,0.7265591025352478,probability_native,0.7265591025352478,u_37284a7b9ebe924a,0,2,official,principal
5260,0,0,0.4350065588951111,probability_native,0.4350065588951111,u_37284a7b9ebe924a,0,2,official,principal
3370,0,0,0.131429985165596,probability_native,0.131429985165596,u_37284a7b9ebe924a,0,2,official,principal
5089,0,0,0.3775072991847992,probability_native,0.3775072991847992,u_37284a7b9ebe924a,0,2,official,principal
5145,0,0,0.031756505370140076,probability_native,0.031756505370140076,u_37284a7b9ebe924a,0,2,official,principal
4485,0,0,0.02515580505132675,probability_native,0.02515580505132675,u_37284a7b9ebe924a,0,2,official,principal
6135,0,0,0.04667828604578972,probability_native,0.04667828604578972,u_37284a7b9ebe924a,0,2,official,principal
326,0,1,0.6346123218536377,probability_native,0.6346123218536377,u_37284a7b9ebe924a,0,2,official,principal
1633,0,1,0.5856221318244934,probability_native,0.5856221318244934,u_37284a7b9ebe924a,0,2,official,principal
728,1,0,0.2328958362340927,probability_native,0.2328958362340927,u_37284a7b9ebe924a,0,2,official,principal
4988,0,0,0.022351793944835663,probability_native,0.022351793944835663,u_37284a7b9ebe924a,0,2,official,principal
6068,1,0,0.301092267036438,probability_native,0.301092267036438,u_37284a7b9ebe924a,0,2,official,principal
2891,1,1,0.8269776105880737,probability_native,0.8269776105880737,u_37284a7b9ebe924a,0,2,official,principal
1965,1,0,0.13161402940750122,probability_native,0.13161402940750122,u_37284a7b9ebe924a,0,2,official,principal
4714,0,0,0.024523355066776276,probability_native,0.024523355066776276,u_37284a7b9ebe924a,0,2,official,principal
6484,0,0,0.08544158935546875,probability_native,0.08544158935546875,u_37284a7b9ebe924a,0,2,official,principal
1137,0,0,0.007499581668525934,probability_native,0.007499581668525934,u_37284a7b9ebe924a,0,2,official,principal
1393,0,0,0.33571192622184753,probability_native,0.33571192622184753,u_37284a7b9ebe924a,0,2,official,principal
2945,0,0,0.4662800133228302,probability_native,0.4662800133228302,u_37284a7b9ebe924a,0,2,official,principal
424,0,0,0.22485563158988953,probability_native,0.22485563158988953,u_37284a7b9ebe924a,0,2,official,principal
5605,0,0,0.19690877199172974,probability_native,0.19690877199172974,u_37284a7b9ebe924a,0,2,official,principal
628,0,0,0.10293542593717575,probability_native,0.10293542593717575,u_37284a7b9ebe924a,0,2,official,principal
4243,0,0,0.09366504848003387,probability_native,0.09366504848003387,u_37284a7b9ebe924a,0,2,official,principal
206,0,0,0.009404843673110008,probability_native,0.009404843673110008,u_37284a7b9ebe924a,0,2,official,principal
4031,0,0,0.06403681635856628,probability_native,0.06403681635856628,u_37284a7b9ebe924a,0,2,official,principal
2667,0,0,0.0383552685379982,probability_native,0.0383552685379982,u_37284a7b9ebe924a,0,2,official,principal
4129,0,0,0.2993766665458679,probability_native,0.2993766665458679,u_37284a7b9ebe924a,0,2,official,principal
3635,0,0,0.01699342392385006,probability_native,0.01699342392385006,u_37284a7b9ebe924a,0,2,official,principal
3601,0,0,0.04048807546496391,probability_native,0.04048807546496391,u_37284a7b9ebe924a,0,2,official,principal
334,1,1,0.5736684799194336,probability_native,0.5736684799194336,u_37284a7b9ebe924a,0,2,official,principal
6041,0,0,0.11202546209096909,probability_native,0.11202546209096909,u_37284a7b9ebe924a,0,2,official,principal
2799,0,0,0.01763460598886013,probability_native,0.01763460598886013,u_37284a7b9ebe924a,0,2,official,principal
2730,0,0,0.24451689422130585,probability_native,0.24451689422130585,u_37284a7b9ebe924a,0,2,official,principal
1042,0,0,0.4212052822113037,probability_native,0.4212052822113037,u_37284a7b9ebe924a,0,2,official,principal
5938,0,0,0.494176983833313,probability_native,0.494176983833313,u_37284a7b9ebe924a,0,2,official,principal
3429,0,0,0.02037654258310795,probability_native,0.02037654258310795,u_37284a7b9ebe924a,0,2,official,principal
6272,0,0,0.08031874895095825,probability_native,0.08031874895095825,u_37284a7b9ebe924a,0,2,official,principal
5117,0,0,0.02830321341753006,probability_native,0.02830321341753006,u_37284a7b9ebe924a,0,2,official,principal
3589,0,0,0.129559725522995,probability_native,0.129559725522995,u_37284a7b9ebe924a,0,2,official,principal
1977,0,1,0.5030800700187683,probability_native,0.5030800700187683,u_37284a7b9ebe924a,0,2,official,principal
2497,0,0,0.11208474636077881,probability_native,0.11208474636077881,u_37284a7b9ebe924a,0,2,official,principal
5783,1,1,0.8643458485603333,probability_native,0.8643458485603333,u_37284a7b9ebe924a,0,2,official,principal
4822,0,0,0.0280690249055624,probability_native,0.0280690249055624,u_37284a7b9ebe924a,0,2,official,principal
3828,0,0,0.01237619947642088,probability_native,0.01237619947642088,u_37284a7b9ebe924a,0,2,official,principal
1173,1,1,0.506606936454773,probability_native,0.506606936454773,u_37284a7b9ebe924a,0,2,official,principal
6865,0,0,0.05300931632518768,probability_native,0.05300931632518768,u_37284a7b9ebe924a,0,2,official,principal
2056,0,0,0.19724570214748383,probability_native,0.19724570214748383,u_37284a7b9ebe924a,0,2,official,principal
6036,0,0,0.165516197681427,probability_native,0.165516197681427,u_37284a7b9ebe924a,0,2,official,principal
1235,0,0,0.14767910540103912,probability_native,0.14767910540103912,u_37284a7b9ebe924a,0,2,official,principal
6252,0,0,0.12914994359016418,probability_native,0.12914994359016418,u_37284a7b9ebe924a,0,2,official,principal
5278,0,0,0.27180010080337524,probability_native,0.27180010080337524,u_37284a7b9ebe924a,0,2,official,principal
2876,0,0,0.04516659304499626,probability_native,0.04516659304499626,u_37284a7b9ebe924a,0,2,official,principal
6926,1,0,0.2778213322162628,probability_native,0.2778213322162628,u_37284a7b9ebe924a,0,2,official,principal
1862,0,0,0.25743839144706726,probability_native,0.25743839144706726,u_37284a7b9ebe924a,0,2,official,principal
43,0,0,0.023379763588309288,probability_native,0.023379763588309288,u_37284a7b9ebe924a,0,2,official,principal
1984,1,0,0.47260674834251404,probability_native,0.47260674834251404,u_37284a7b9ebe924a,0,2,official,principal
3826,0,0,0.12031252682209015,probability_native,0.12031252682209015,u_37284a7b9ebe924a,0,2,official,principal
6186,1,0,0.19787895679473877,probability_native,0.19787895679473877,u_37284a7b9ebe924a,0,2,official,principal
6113,0,0,0.3026985228061676,probability_native,0.3026985228061676,u_37284a7b9ebe924a,0,2,official,principal
127,0,0,0.01134266797453165,probability_native,0.01134266797453165,u_37284a7b9ebe924a,0,2,official,principal
5004,0,0,0.36124661564826965,probability_native,0.36124661564826965,u_37284a7b9ebe924a,0,2,official,principal
1784,1,0,0.1196879968047142,probability_native,0.1196879968047142,u_37284a7b9ebe924a,0,2,official,principal
2354,0,0,0.02174798958003521,probability_native,0.02174798958003521,u_37284a7b9ebe924a,0,2,official,principal
299,1,1,0.6106722354888916,probability_native,0.6106722354888916,u_37284a7b9ebe924a,0,2,official,principal
5069,1,1,0.6378833651542664,probability_native,0.6378833651542664,u_37284a7b9ebe924a,0,2,official,principal
3989,0,0,0.3698993921279907,probability_native,0.3698993921279907,u_37284a7b9ebe924a,0,2,official,principal
2223,1,0,0.4999029338359833,probability_native,0.4999029338359833,u_37284a7b9ebe924a,0,2,official,principal
5929,0,0,0.245514914393425,probability_native,0.245514914393425,u_37284a7b9ebe924a,0,2,official,principal
3348,0,0,0.2815423309803009,probability_native,0.2815423309803009,u_37284a7b9ebe924a,0,2,official,principal
837,1,0,0.4868484437465668,probability_native,0.4868484437465668,u_37284a7b9ebe924a,0,2,official,principal
801,1,1,0.8023501634597778,probability_native,0.8023501634597778,u_37284a7b9ebe924a,0,2,official,principal
5497,1,0,0.11399538069963455,probability_native,0.11399538069963455,u_37284a7b9ebe924a,0,2,official,principal
2815,1,1,0.581908106803894,probability_native,0.581908106803894,u_37284a7b9ebe924a,0,2,official,principal
5548,0,0,0.014890743419528008,probability_native,0.014890743419528008,u_37284a7b9ebe924a,0,2,official,principal
5246,1,1,0.6953455209732056,probability_native,0.6953455209732056,u_37284a7b9ebe924a,0,2,official,principal
2250,0,0,0.03644103929400444,probability_native,0.03644103929400444,u_37284a7b9ebe924a,0,2,official,principal
1249,1,0,0.4868484437465668,probability_native,0.4868484437465668,u_37284a7b9ebe924a,0,2,official,principal
4529,0,0,0.26283589005470276,probability_native,0.26283589005470276,u_37284a7b9ebe924a,0,2,official,principal
5874,1,1,0.8370115160942078,probability_native,0.8370115160942078,u_37284a7b9ebe924a,0,2,official,principal
6543,0,0,0.03512251377105713,probability_native,0.03512251377105713,u_37284a7b9ebe924a,0,2,official,principal
3597,0,0,0.36755773425102234,probability_native,0.36755773425102234,u_37284a7b9ebe924a,0,2,official,principal
934,0,0,0.1186097040772438,probability_native,0.1186097040772438,u_37284a7b9ebe924a,0,2,official,principal
96,0,0,0.02163371443748474,probability_native,0.02163371443748474,u_37284a7b9ebe924a,0,2,official,principal
5276,0,0,0.04148968309164047,probability_native,0.04148968309164047,u_37284a7b9ebe924a,0,2,official,principal
173,1,0,0.22271068394184113,probability_native,0.22271068394184113,u_37284a7b9ebe924a,0,2,official,principal
1986,0,0,0.04417199268937111,probability_native,0.04417199268937111,u_37284a7b9ebe924a,0,2,official,principal
1940,0,0,0.05049380660057068,probability_native,0.05049380660057068,u_37284a7b9ebe924a,0,2,official,principal
4839,1,1,0.5721762776374817,probability_native,0.5721762776374817,u_37284a7b9ebe924a,0,2,official,principal
4000,0,1,0.6376703977584839,probability_native,0.6376703977584839,u_37284a7b9ebe924a,0,2,official,principal
1527,0,0,0.005907519720494747,probability_native,0.005907519720494747,u_37284a7b9ebe924a,0,2,official,principal
5903,0,0,0.04896848276257515,probability_native,0.04896848276257515,u_37284a7b9ebe924a,0,2,official,principal
186,0,0,0.19612735509872437,probability_native,0.19612735509872437,u_37284a7b9ebe924a,0,2,official,principal
4964,1,0,0.3225829601287842,probability_native,0.3225829601287842,u_37284a7b9ebe924a,0,2,official,principal
4595,0,0,0.0250130333006382,probability_native,0.0250130333006382,u_37284a7b9ebe924a,0,2,official,principal
1562,0,0,0.17157068848609924,probability_native,0.17157068848609924,u_37284a7b9ebe924a,0,2,official,principal
4698,1,0,0.04687366634607315,probability_native,0.04687366634607315,u_37284a7b9ebe924a,0,2,official,principal
5040,0,0,0.3083235025405884,probability_native,0.3083235025405884,u_37284a7b9ebe924a,0,2,official,principal
3756,1,1,0.6176887154579163,probability_native,0.6176887154579163,u_37284a7b9ebe924a,0,2,official,principal
5870,1,0,0.1732359230518341,probability_native,0.1732359230518341,u_37284a7b9ebe924a,0,2,official,principal
5024,0,0,0.00900031067430973,probability_native,0.00900031067430973,u_37284a7b9ebe924a,0,2,official,principal
6629,0,0,0.015500467270612717,probability_native,0.015500467270612717,u_37284a7b9ebe924a,0,2,official,principal
6350,0,0,0.17407113313674927,probability_native,0.17407113313674927,u_37284a7b9ebe924a,0,2,official,principal
2501,0,0,0.01071430929005146,probability_native,0.01071430929005146,u_37284a7b9ebe924a,0,2,official,principal
2795,1,1,0.726784348487854,probability_native,0.726784348487854,u_37284a7b9ebe924a,0,2,official,principal
4334,0,0,0.4342731237411499,probability_native,0.4342731237411499,u_37284a7b9ebe924a,0,2,official,principal
5708,0,1,0.5597302317619324,probability_native,0.5597302317619324,u_37284a7b9ebe924a,0,2,official,principal
5702,1,0,0.15617448091506958,probability_native,0.15617448091506958,u_37284a7b9ebe924a,0,2,official,principal
3025,0,0,0.011740184389054775,probability_native,0.011740184389054775,u_37284a7b9ebe924a,0,2,official,principal
2756,1,0,0.33571192622184753,probability_native,0.33571192622184753,u_37284a7b9ebe924a,0,2,official,principal
241,0,0,0.05943165719509125,probability_native,0.05943165719509125,u_37284a7b9ebe924a,0,2,official,principal
117,1,1,0.766086995601654,probability_native,0.766086995601654,u_37284a7b9ebe924a,0,2,official,principal
3684,0,0,0.3102589249610901,probability_native,0.3102589249610901,u_37284a7b9ebe924a,0,2,official,principal
3685,0,0,0.07553671300411224,probability_native,0.07553671300411224,u_37284a7b9ebe924a,0,2,official,principal
1429,0,0,0.014699909836053848,probability_native,0.014699909836053848,u_37284a7b9ebe924a,0,2,official,principal
5330,1,1,0.5818334221839905,probability_native,0.5818334221839905,u_37284a7b9ebe924a,0,2,official,principal
252,1,1,0.7051234841346741,probability_native,0.7051234841346741,u_37284a7b9ebe924a,0,2,official,principal
4188,1,1,0.5937932729721069,probability_native,0.5937932729721069,u_37284a7b9ebe924a,0,2,official,principal
6961,1,0,0.34834298491477966,probability_native,0.34834298491477966,u_37284a7b9ebe924a,0,2,official,principal
2410,0,0,0.29920169711112976,probability_native,0.29920169711112976,u_37284a7b9ebe924a,0,2,official,principal
71,0,0,0.04384850710630417,probability_native,0.04384850710630417,u_37284a7b9ebe924a,0,2,official,principal
3917,1,1,0.7486259341239929,probability_native,0.7486259341239929,u_37284a7b9ebe924a,0,2,official,principal
6241,1,1,0.5045966506004333,probability_native,0.5045966506004333,u_37284a7b9ebe924a,0,2,official,principal
4335,0,1,0.6109037399291992,probability_native,0.6109037399291992,u_37284a7b9ebe924a,0,2,official,principal
5267,0,0,0.06802235543727875,probability_native,0.06802235543727875,u_37284a7b9ebe924a,0,2,official,principal
5947,1,0,0.01782776042819023,probability_native,0.01782776042819023,u_37284a7b9ebe924a,0,2,official,principal
1482,0,1,0.740318238735199,probability_native,0.740318238735199,u_37284a7b9ebe924a,0,2,official,principal
3222,0,0,0.335172563791275,probability_native,0.335172563791275,u_37284a7b9ebe924a,0,2,official,principal
6923,0,0,0.0580422505736351,probability_native,0.0580422505736351,u_37284a7b9ebe924a,0,2,official,principal
2587,0,0,0.02359992079436779,probability_native,0.02359992079436779,u_37284a7b9ebe924a,0,2,official,principal
5771,0,0,0.07573871314525604,probability_native,0.07573871314525604,u_37284a7b9ebe924a,0,2,official,principal
99,1,1,0.6117509007453918,probability_native,0.6117509007453918,u_37284a7b9ebe924a,0,2,official,principal
6464,0,0,0.1496105045080185,probability_native,0.1496105045080185,u_37284a7b9ebe924a,0,2,official,principal
1356,0,1,0.602874755859375,probability_native,0.602874755859375,u_37284a7b9ebe924a,0,2,official,principal
6989,0,0,0.08596374839544296,probability_native,0.08596374839544296,u_37284a7b9ebe924a,0,2,official,principal
2492,1,0,0.3210975229740143,probability_native,0.3210975229740143,u_37284a7b9ebe924a,0,2,official,principal
1981,1,0,0.3592893183231354,probability_native,0.3592893183231354,u_37284a7b9ebe924a,0,2,official,principal
3833,0,0,0.25223881006240845,probability_native,0.25223881006240845,u_37284a7b9ebe924a,0,2,official,principal
1138,0,0,0.21457774937152863,probability_native,0.21457774937152863,u_37284a7b9ebe924a,0,2,official,principal
2746,0,0,0.012036795727908611,probability_native,0.012036795727908611,u_37284a7b9ebe924a,0,2,official,principal
2336,1,0,0.3383784294128418,probability_native,0.3383784294128418,u_37284a7b9ebe924a,0,2,official,principal
6338,0,0,0.4128773808479309,probability_native,0.4128773808479309,u_37284a7b9ebe924a,0,2,official,principal
5171,0,0,0.19137823581695557,probability_native,0.19137823581695557,u_37284a7b9ebe924a,0,2,official,principal
2395,0,0,0.3638772666454315,probability_native,0.3638772666454315,u_37284a7b9ebe924a,0,2,official,principal
2738,0,0,0.024819180369377136,probability_native,0.024819180369377136,u_37284a7b9ebe924a,0,2,official,principal
1066,0,0,0.01448964886367321,probability_native,0.01448964886367321,u_37284a7b9ebe924a,0,2,official,principal
1342,0,0,0.025949876755475998,probability_native,0.025949876755475998,u_37284a7b9ebe924a,0,2,official,principal
4547,0,0,0.32331615686416626,probability_native,0.32331615686416626,u_37284a7b9ebe924a,0,2,official,principal
1666,0,0,0.02770180068910122,probability_native,0.02770180068910122,u_37284a7b9ebe924a,0,2,official,principal
2668,1,0,0.27748364210128784,probability_native,0.27748364210128784,u_37284a7b9ebe924a,0,2,official,principal
2119,0,0,0.03002253919839859,probability_native,0.03002253919839859,u_37284a7b9ebe924a,0,2,official,principal
534,1,1,0.8701359033584595,probability_native,0.8701359033584595,u_37284a7b9ebe924a,0,2,official,principal
2937,0,0,0.2017110288143158,probability_native,0.2017110288143158,u_37284a7b9ebe924a,0,2,official,principal
3352,1,1,0.8068898916244507,probability_native,0.8068898916244507,u_37284a7b9ebe924a,0,2,official,principal
561,0,0,0.25284436345100403,probability_native,0.25284436345100403,u_37284a7b9ebe924a,0,2,official,principal
1215,1,1,0.7015569806098938,probability_native,0.7015569806098938,u_37284a7b9ebe924a,0,2,official,principal
3144,0,0,0.07803922146558762,probability_native,0.07803922146558762,u_37284a7b9ebe924a,0,2,official,principal
4522,0,0,0.029485978186130524,probability_native,0.029485978186130524,u_37284a7b9ebe924a,0,2,official,principal
2692,0,0,0.2818443477153778,probability_native,0.2818443477153778,u_37284a7b9ebe924a,0,2,official,principal
5420,0,0,0.09405156970024109,probability_native,0.09405156970024109,u_37284a7b9ebe924a,0,2,official,principal
3639,0,0,0.25534921884536743,probability_native,0.25534921884536743,u_37284a7b9ebe924a,0,2,official,principal
243,0,0,0.20208585262298584,probability_native,0.20208585262298584,u_37284a7b9ebe924a,0,2,official,principal
1281,0,0,0.03205803036689758,probability_native,0.03205803036689758,u_37284a7b9ebe924a,0,2,official,principal
6243,0,0,0.012116550467908382,probability_native,0.012116550467908382,u_37284a7b9ebe924a,0,2,official,principal
4903,1,1,0.7626660466194153,probability_native,0.7626660466194153,u_37284a7b9ebe924a,0,2,official,principal
6591,1,1,0.5711009502410889,probability_native,0.5711009502410889,u_37284a7b9ebe924a,0,2,official,principal
3238,0,0,0.011081081815063953,probability_native,0.011081081815063953,u_37284a7b9ebe924a,0,2,official,principal
6095,0,0,0.14307650923728943,probability_native,0.14307650923728943,u_37284a7b9ebe924a,0,2,official,principal
646,1,1,0.5658536553382874,probability_native,0.5658536553382874,u_37284a7b9ebe924a,0,2,official,principal
6983,0,0,0.22423605620861053,probability_native,0.22423605620861053,u_37284a7b9ebe924a,0,2,official,principal
757,0,0,0.12750744819641113,probability_native,0.12750744819641113,u_37284a7b9ebe924a,0,2,official,principal
6737,0,0,0.1295493245124817,probability_native,0.1295493245124817,u_37284a7b9ebe924a,0,2,official,principal
242,0,0,0.06747683882713318,probability_native,0.06747683882713318,u_37284a7b9ebe924a,0,2,official,principal
3256,0,0,0.04276344180107117,probability_native,0.04276344180107117,u_37284a7b9ebe924a,0,2,official,principal
6925,0,0,0.03151067718863487,probability_native,0.03151067718863487,u_37284a7b9ebe924a,0,2,official,principal
1927,1,0,0.3478148281574249,probability_native,0.3478148281574249,u_37284a7b9ebe924a,0,2,official,principal
6001,0,1,0.6201013326644897,probability_native,0.6201013326644897,u_37284a7b9ebe924a,0,2,official,principal
4643,0,0,0.4360449016094208,probability_native,0.4360449016094208,u_37284a7b9ebe924a,0,2,official,principal
4110,0,0,0.017220772802829742,probability_native,0.017220772802829742,u_37284a7b9ebe924a,0,2,official,principal
611,1,0,0.14766785502433777,probability_native,0.14766785502433777,u_37284a7b9ebe924a,0,2,official,principal
4917,0,0,0.06737212091684341,probability_native,0.06737212091684341,u_37284a7b9ebe924a,0,2,official,principal
4937,0,0,0.056458842009305954,probability_native,0.056458842009305954,u_37284a7b9ebe924a,0,2,official,principal
2392,0,0,0.4468524754047394,probability_native,0.4468524754047394,u_37284a7b9ebe924a,0,2,official,principal
3378,0,0,0.009935625828802586,probability_native,0.009935625828802586,u_37284a7b9ebe924a,0,2,official,principal
345,0,1,0.8562794327735901,probability_native,0.8562794327735901,u_37284a7b9ebe924a,0,2,official,principal
3356,1,0,0.306769996881485,probability_native,0.306769996881485,u_37284a7b9ebe924a,0,2,official,principal
6508,1,0,0.49016258120536804,probability_native,0.49016258120536804,u_37284a7b9ebe924a,0,2,official,principal
1503,0,0,0.34833866357803345,probability_native,0.34833866357803345,u_37284a7b9ebe924a,0,2,official,principal
2611,1,1,0.6379590630531311,probability_native,0.6379590630531311,u_37284a7b9ebe924a,0,2,official,principal
6580,0,0,0.07192809879779816,probability_native,0.07192809879779816,u_37284a7b9ebe924a,0,2,official,principal
3093,0,0,0.06240910291671753,probability_native,0.06240910291671753,u_37284a7b9ebe924a,0,2,official,principal
3385,1,1,0.7766432166099548,probability_native,0.7766432166099548,u_37284a7b9ebe924a,0,2,official,principal
5428,1,1,0.6560156345367432,probability_native,0.6560156345367432,u_37284a7b9ebe924a,0,2,official,principal
5602,0,0,0.0763380229473114,probability_native,0.0763380229473114,u_37284a7b9ebe924a,0,2,official,principal
6439,0,0,0.39519062638282776,probability_native,0.39519062638282776,u_37284a7b9ebe924a,0,2,official,principal
167,0,0,0.011663230136036873,probability_native,0.011663230136036873,u_37284a7b9ebe924a,0,2,official,principal
2862,1,1,0.6463643312454224,probability_native,0.6463643312454224,u_37284a7b9ebe924a,0,2,official,principal
756,0,0,0.012104381807148457,probability_native,0.012104381807148457,u_37284a7b9ebe924a,0,2,official,principal
4005,1,0,0.49318039417266846,probability_native,0.49318039417266846,u_37284a7b9ebe924a,0,2,official,principal
2316,0,0,0.10639326274394989,probability_native,0.10639326274394989,u_37284a7b9ebe924a,0,2,official,principal
5296,0,0,0.061537567526102066,probability_native,0.061537567526102066,u_37284a7b9ebe924a,0,2,official,principal
2863,0,0,0.4868484437465668,probability_native,0.4868484437465668,u_37284a7b9ebe924a,0,2,official,principal
2461,0,0,0.023358546197414398,probability_native,0.023358546197414398,u_37284a7b9ebe924a,0,2,official,principal
705,1,0,0.2488982230424881,probability_native,0.2488982230424881,u_37284a7b9ebe924a,0,2,official,principal
1229,0,0,0.0218812208622694,probability_native,0.0218812208622694,u_37284a7b9ebe924a,0,2,official,principal
2689,0,0,0.040441494435071945,probability_native,0.040441494435071945,u_37284a7b9ebe924a,0,2,official,principal
6895,0,0,0.025844767689704895,probability_native,0.025844767689704895,u_37284a7b9ebe924a,0,2,official,principal
6461,0,0,0.26757580041885376,probability_native,0.26757580041885376,u_37284a7b9ebe924a,0,2,official,principal
5099,1,0,0.06624850630760193,probability_native,0.06624850630760193,u_37284a7b9ebe924a,0,2,official,principal
4712,0,0,0.2823673188686371,probability_native,0.2823673188686371,u_37284a7b9ebe924a,0,2,official,principal
274,1,1,0.6249243021011353,probability_native,0.6249243021011353,u_37284a7b9ebe924a,0,2,official,principal
5368,1,1,0.700089156627655,probability_native,0.700089156627655,u_37284a7b9ebe924a,0,2,official,principal
1223,1,1,0.7279629707336426,probability_native,0.7279629707336426,u_37284a7b9ebe924a,0,2,official,principal
3444,0,0,0.06575511395931244,probability_native,0.06575511395931244,u_37284a7b9ebe924a,0,2,official,principal
6163,0,1,0.610934317111969,probability_native,0.610934317111969,u_37284a7b9ebe924a,0,2,official,principal
1742,1,1,0.6354191303253174,probability_native,0.6354191303253174,u_37284a7b9ebe924a,0,2,official,principal
5750,1,1,0.6267477869987488,probability_native,0.6267477869987488,u_37284a7b9ebe924a,0,2,official,principal
4435,0,0,0.3889051675796509,probability_native,0.3889051675796509,u_37284a7b9ebe924a,0,2,official,principal
6046,0,1,0.6246030926704407,probability_native,0.6246030926704407,u_37284a7b9ebe924a,0,2,official,principal
5088,0,0,0.009905940853059292,probability_native,0.009905940853059292,u_37284a7b9ebe924a,0,2,official,principal
5416,0,0,0.21814793348312378,probability_native,0.21814793348312378,u_37284a7b9ebe924a,0,2,official,principal
459,0,1,0.836743175983429,probability_native,0.836743175983429,u_37284a7b9ebe924a,0,2,official,principal
6295,0,0,0.011480934917926788,probability_native,0.011480934917926788,u_37284a7b9ebe924a,0,2,official,principal
2941,0,0,0.025342298671603203,probability_native,0.025342298671603203,u_37284a7b9ebe924a,0,2,official,principal
2284,0,0,0.24130196869373322,probability_native,0.24130196869373322,u_37284a7b9ebe924a,0,2,official,principal
3608,1,0,0.3230759799480438,probability_native,0.3230759799480438,u_37284a7b9ebe924a,0,2,official,principal
6742,0,0,0.03372602537274361,probability_native,0.03372602537274361,u_37284a7b9ebe924a,0,2,official,principal
2628,0,1,0.5567585229873657,probability_native,0.5567585229873657,u_37284a7b9ebe924a,0,2,official,principal
2713,0,0,0.4128773808479309,probability_native,0.4128773808479309,u_37284a7b9ebe924a,0,2,official,principal
1800,0,1,0.5658536553382874,probability_native,0.5658536553382874,u_37284a7b9ebe924a,0,2,official,principal
2469,0,0,0.027641450986266136,probability_native,0.027641450986266136,u_37284a7b9ebe924a,0,2,official,principal
3321,0,0,0.01523618958890438,probability_native,0.01523618958890438,u_37284a7b9ebe924a,0,2,official,principal
823,0,0,0.31224489212036133,probability_native,0.31224489212036133,u_37284a7b9ebe924a,0,2,official,principal
952,0,0,0.09555065631866455,probability_native,0.09555065631866455,u_37284a7b9ebe924a,0,2,official,principal
1198,0,0,0.0202960018068552,probability_native,0.0202960018068552,u_37284a7b9ebe924a,0,2,official,principal
3758,0,0,0.4155825078487396,probability_native,0.4155825078487396,u_37284a7b9ebe924a,0,2,official,principal
1361,1,1,0.6242969036102295,probability_native,0.6242969036102295,u_37284a7b9ebe924a,0,2,official,principal
2575,0,0,0.04155785217881203,probability_native,0.04155785217881203,u_37284a7b9ebe924a,0,2,official,principal
81,0,0,0.24185271561145782,probability_native,0.24185271561145782,u_37284a7b9ebe924a,0,2,official,principal
56,0,0,0.18598532676696777,probability_native,0.18598532676696777,u_37284a7b9ebe924a,0,2,official,principal
5461,0,0,0.021261876448988914,probability_native,0.021261876448988914,u_37284a7b9ebe924a,0,2,official,principal
3116,0,0,0.1584528088569641,probability_native,0.1584528088569641,u_37284a7b9ebe924a,0,2,official,principal
4767,0,0,0.18007612228393555,probability_native,0.18007612228393555,u_37284a7b9ebe924a,0,2,official,principal
114,0,0,0.040671661496162415,probability_native,0.040671661496162415,u_37284a7b9ebe924a,0,2,official,principal
5005,1,0,0.21313585340976715,probability_native,0.21313585340976715,u_37284a7b9ebe924a,0,2,official,principal
5591,1,1,0.7541414499282837,probability_native,0.7541414499282837,u_37284a7b9ebe924a,0,2,official,principal
1786,1,0,0.2427234798669815,probability_native,0.2427234798669815,u_37284a7b9ebe924a,0,2,official,principal
836,0,0,0.03810509666800499,probability_native,0.03810509666800499,u_37284a7b9ebe924a,0,2,official,principal
2273,0,0,0.0288896095007658,probability_native,0.0288896095007658,u_37284a7b9ebe924a,0,2,official,principal
2114,0,0,0.09317097067832947,probability_native,0.09317097067832947,u_37284a7b9ebe924a,0,2,official,principal
395,0,0,0.029301170259714127,probability_native,0.029301170259714127,u_37284a7b9ebe924a,0,2,official,principal
6758,0,0,0.06802868843078613,probability_native,0.06802868843078613,u_37284a7b9ebe924a,0,2,official,principal
6700,0,0,0.07385922223329544,probability_native,0.07385922223329544,u_37284a7b9ebe924a,0,2,official,principal
1413,0,0,0.03016752190887928,probability_native,0.03016752190887928,u_37284a7b9ebe924a,0,2,official,principal
5685,0,0,0.0155101977288723,probability_native,0.0155101977288723,u_37284a7b9ebe924a,0,2,official,principal
3858,0,0,0.07195718586444855,probability_native,0.07195718586444855,u_37284a7b9ebe924a,0,2,official,principal
6129,0,0,0.26545771956443787,probability_native,0.26545771956443787,u_37284a7b9ebe924a,0,2,official,principal
4968,0,0,0.06161009520292282,probability_native,0.06161009520292282,u_37284a7b9ebe924a,0,2,official,principal
5550,0,0,0.042692407965660095,probability_native,0.042692407965660095,u_37284a7b9ebe924a,0,2,official,principal
4262,1,0,0.33824583888053894,probability_native,0.33824583888053894,u_37284a7b9ebe924a,0,2,official,principal
4641,0,1,0.5404556393623352,probability_native,0.5404556393623352,u_37284a7b9ebe924a,0,2,official,principal
4944,0,0,0.12275362759828568,probability_native,0.12275362759828568,u_37284a7b9ebe924a,0,2,official,principal
6897,0,0,0.1253667026758194,probability_native,0.1253667026758194,u_37284a7b9ebe924a,0,2,official,principal
5292,0,0,0.06701101362705231,probability_native,0.06701101362705231,u_37284a7b9ebe924a,0,2,official,principal
4590,0,0,0.0712890550494194,probability_native,0.0712890550494194,u_37284a7b9ebe924a,0,2,official,principal
1425,0,0,0.3391585052013397,probability_native,0.3391585052013397,u_37284a7b9ebe924a,0,2,official,principal
6442,0,0,0.04088025167584419,probability_native,0.04088025167584419,u_37284a7b9ebe924a,0,2,official,principal
86,0,0,0.07064742594957352,probability_native,0.07064742594957352,u_37284a7b9ebe924a,0,2,official,principal
6807,0,0,0.030052345246076584,probability_native,0.030052345246076584,u_37284a7b9ebe924a,0,2,official,principal
639,1,1,0.7567219734191895,probability_native,0.7567219734191895,u_37284a7b9ebe924a,0,2,official,principal
6020,0,0,0.05533064901828766,probability_native,0.05533064901828766,u_37284a7b9ebe924a,0,2,official,principal
1300,0,0,0.06489583104848862,probability_native,0.06489583104848862,u_37284a7b9ebe924a,0,2,official,principal
2661,0,0,0.023522082716226578,probability_native,0.023522082716226578,u_37284a7b9ebe924a,0,2,official,principal
5658,0,1,0.5904881358146667,probability_native,0.5904881358146667,u_37284a7b9ebe924a,0,2,official,principal
3407,0,0,0.019163379445672035,probability_native,0.019163379445672035,u_37284a7b9ebe924a,0,2,official,principal
4002,0,0,0.008424381725490093,probability_native,0.008424381725490093,u_37284a7b9ebe924a,0,2,official,principal
3066,0,1,0.5760547518730164,probability_native,0.5760547518730164,u_37284a7b9ebe924a,0,2,official,principal
2893,1,0,0.17425452172756195,probability_native,0.17425452172756195,u_37284a7b9ebe924a,0,2,official,principal
4649,0,0,0.04251695051789284,probability_native,0.04251695051789284,u_37284a7b9ebe924a,0,2,official,principal
5932,1,1,0.756965696811676,probability_native,0.756965696811676,u_37284a7b9ebe924a,0,2,official,principal
2061,1,0,0.2624691128730774,probability_native,0.2624691128730774,u_37284a7b9ebe924a,0,2,official,principal
5739,0,0,0.07243429124355316,probability_native,0.07243429124355316,u_37284a7b9ebe924a,0,2,official,principal
5945,0,0,0.19721205532550812,probability_native,0.19721205532550812,u_37284a7b9ebe924a,0,2,official,principal
547,0,0,0.18559890985488892,probability_native,0.18559890985488892,u_37284a7b9ebe924a,0,2,official,principal
4966,0,0,0.14992746710777283,probability_native,0.14992746710777283,u_37284a7b9ebe924a,0,2,official,principal
5901,1,0,0.28594866394996643,probability_native,0.28594866394996643,u_37284a7b9ebe924a,0,2,official,principal
88,0,0,0.01551695168018341,probability_native,0.01551695168018341,u_37284a7b9ebe924a,0,2,official,principal
4451,0,0,0.42572706937789917,probability_native,0.42572706937789917,u_37284a7b9ebe924a,0,2,official,principal
5441,1,0,0.017871137708425522,probability_native,0.017871137708425522,u_37284a7b9ebe924a,0,2,official,principal
3502,0,0,0.17895768582820892,probability_native,0.17895768582820892,u_37284a7b9ebe924a,0,2,official,principal
6936,1,1,0.6847169399261475,probability_native,0.6847169399261475,u_37284a7b9ebe924a,0,2,official,principal
1268,1,0,0.24116383492946625,probability_native,0.24116383492946625,u_37284a7b9ebe924a,0,2,official,principal
1211,1,0,0.3410264253616333,probability_native,0.3410264253616333,u_37284a7b9ebe924a,0,2,official,principal
549,0,0,0.06331219524145126,probability_native,0.06331219524145126,u_37284a7b9ebe924a,0,2,official,principal
5251,1,1,0.6102428436279297,probability_native,0.6102428436279297,u_37284a7b9ebe924a,0,2,official,principal
67,0,0,0.03333105519413948,probability_native,0.03333105519413948,u_37284a7b9ebe924a,0,2,official,principal
3275,0,0,0.01810561679303646,probability_native,0.01810561679303646,u_37284a7b9ebe924a,0,2,official,principal
897,0,0,0.21884962916374207,probability_native,0.21884962916374207,u_37284a7b9ebe924a,0,2,official,principal
50,0,0,0.48287495970726013,probability_native,0.48287495970726013,u_37284a7b9ebe924a,0,2,official,principal
2171,0,0,0.42588815093040466,probability_native,0.42588815093040466,u_37284a7b9ebe924a,0,2,official,principal
3660,0,0,0.2003290206193924,probability_native,0.2003290206193924,u_37284a7b9ebe924a,0,2,official,principal
5604,0,0,0.4939948618412018,probability_native,0.4939948618412018,u_37284a7b9ebe924a,0,2,official,principal
6405,0,0,0.20784693956375122,probability_native,0.20784693956375122,u_37284a7b9ebe924a,0,2,official,principal
1293,0,0,0.1234404519200325,probability_native,0.1234404519200325,u_37284a7b9ebe924a,0,2,official,principal
5546,0,0,0.24516038596630096,probability_native,0.24516038596630096,u_37284a7b9ebe924a,0,2,official,principal
4204,0,1,0.7296040058135986,probability_native,0.7296040058135986,u_37284a7b9ebe924a,0,2,official,principal
3262,1,0,0.32948416471481323,probability_native,0.32948416471481323,u_37284a7b9ebe924a,0,2,official,principal
1055,0,0,0.025701848790049553,probability_native,0.025701848790049553,u_37284a7b9ebe924a,0,2,official,principal
467,0,0,0.1282208114862442,probability_native,0.1282208114862442,u_37284a7b9ebe924a,0,2,official,principal
1390,0,0,0.007329745218157768,probability_native,0.007329745218157768,u_37284a7b9ebe924a,0,2,official,principal
3612,0,1,0.5525460243225098,probability_native,0.5525460243225098,u_37284a7b9ebe924a,0,2,official,principal
4558,1,1,0.5477262139320374,probability_native,0.5477262139320374,u_37284a7b9ebe924a,0,2,official,principal
4086,0,0,0.008808260783553123,probability_native,0.008808260783553123,u_37284a7b9ebe924a,0,2,official,principal
3819,0,0,0.09180102497339249,probability_native,0.09180102497339249,u_37284a7b9ebe924a,0,2,official,principal
4493,0,0,0.018088538199663162,probability_native,0.018088538199663162,u_37284a7b9ebe924a,0,2,official,principal
2135,0,0,0.32635608315467834,probability_native,0.32635608315467834,u_37284a7b9ebe924a,0,2,official,principal
166,1,1,0.5691056251525879,probability_native,0.5691056251525879,u_37284a7b9ebe924a,0,2,official,principal
6087,0,0,0.10129193216562271,probability_native,0.10129193216562271,u_37284a7b9ebe924a,0,2,official,principal
3295,0,0,0.007252491544932127,probability_native,0.007252491544932127,u_37284a7b9ebe924a,0,2,official,principal
998,0,0,0.007674417924135923,probability_native,0.007674417924135923,u_37284a7b9ebe924a,0,2,official,principal
2374,0,0,0.1479630023241043,probability_native,0.1479630023241043,u_37284a7b9ebe924a,0,2,official,principal
5688,0,0,0.014975286088883877,probability_native,0.014975286088883877,u_37284a7b9ebe924a,0,2,official,principal
6916,0,0,0.0108234453946352,probability_native,0.0108234453946352,u_37284a7b9ebe924a,0,2,official,principal
5518,1,0,0.36673083901405334,probability_native,0.36673083901405334,u_37284a7b9ebe924a,0,2,official,principal
5742,0,0,0.04165882244706154,probability_native,0.04165882244706154,u_37284a7b9ebe924a,0,2,official,principal
614,0,0,0.03191870450973511,probability_native,0.03191870450973511,u_37284a7b9ebe924a,0,2,official,principal
515,1,0,0.3699982166290283,probability_native,0.3699982166290283,u_37284a7b9ebe924a,0,2,official,principal
4312,0,0,0.02915778197348118,probability_native,0.02915778197348118,u_37284a7b9ebe924a,0,2,official,principal
1758,0,0,0.012084009125828743,probability_native,0.012084009125828743,u_37284a7b9ebe924a,0,2,official,principal
3416,0,0,0.204914391040802,probability_native,0.204914391040802,u_37284a7b9ebe924a,0,2,official,principal
6413,1,0,0.3661239743232727,probability_native,0.3661239743232727,u_37284a7b9ebe924a,0,2,official,principal
6722,0,0,0.21430259943008423,probability_native,0.21430259943008423,u_37284a7b9ebe924a,0,2,official,principal
171,1,1,0.8215664029121399,probability_native,0.8215664029121399,u_37284a7b9ebe924a,0,2,official,principal
2483,1,0,0.3829902410507202,probability_native,0.3829902410507202,u_37284a7b9ebe924a,0,2,official,principal
2555,0,0,0.34210512042045593,probability_native,0.34210512042045593,u_37284a7b9ebe924a,0,2,official,principal
1507,0,0,0.014058933593332767,probability_native,0.014058933593332767,u_37284a7b9ebe924a,0,2,official,principal
5447,0,0,0.3332024812698364,probability_native,0.3332024812698364,u_37284a7b9ebe924a,0,2,official,principal
5920,0,1,0.5190463066101074,probability_native,0.5190463066101074,u_37284a7b9ebe924a,0,2,official,principal
5340,0,0,0.077309250831604,probability_native,0.077309250831604,u_37284a7b9ebe924a,0,2,official,principal
1570,0,0,0.012106400914490223,probability_native,0.012106400914490223,u_37284a7b9ebe924a,0,2,official,principal
5320,0,0,0.01647753082215786,probability_native,0.01647753082215786,u_37284a7b9ebe924a,0,2,official,principal
6080,1,0,0.49335360527038574,probability_native,0.49335360527038574,u_37284a7b9ebe924a,0,2,official,principal
6949,0,0,0.07299882173538208,probability_native,0.07299882173538208,u_37284a7b9ebe924a,0,2,official,principal
3049,1,0,0.17122559249401093,probability_native,0.17122559249401093,u_37284a7b9ebe924a,0,2,official,principal
5265,0,0,0.14455102384090424,probability_native,0.14455102384090424,u_37284a7b9ebe924a,0,2,official,principal
2769,1,0,0.06737212091684341,probability_native,0.06737212091684341,u_37284a7b9ebe924a,0,2,official,principal
1161,1,1,0.5546379685401917,probability_native,0.5546379685401917,u_37284a7b9ebe924a,0,2,official,principal
359,0,0,0.24132537841796875,probability_native,0.24132537841796875,u_37284a7b9ebe924a,0,2,official,principal
6198,0,0,0.016495445743203163,probability_native,0.016495445743203163,u_37284a7b9ebe924a,0,2,official,principal
4336,0,0,0.04684785380959511,probability_native,0.04684785380959511,u_37284a7b9ebe924a,0,2,official,principal
518,1,0,0.25981026887893677,probability_native,0.25981026887893677,u_37284a7b9ebe924a,0,2,official,principal
2570,1,0,0.4471023678779602,probability_native,0.4471023678779602,u_37284a7b9ebe924a,0,2,official,principal
4657,0,0,0.20757539570331573,probability_native,0.20757539570331573,u_37284a7b9ebe924a,0,2,official,principal
3264,0,1,0.6373254060745239,probability_native,0.6373254060745239,u_37284a7b9ebe924a,0,2,official,principal
4611,0,0,0.011184046044945717,probability_native,0.011184046044945717,u_37284a7b9ebe924a,0,2,official,principal
3529,0,1,0.7049770355224609,probability_native,0.7049770355224609,u_37284a7b9ebe924a,0,2,official,principal
482,0,1,0.6212499141693115,probability_native,0.6212499141693115,u_37284a7b9ebe924a,0,2,official,principal
3941,0,0,0.11903794854879379,probability_native,0.11903794854879379,u_37284a7b9ebe924a,0,2,official,principal
5299,1,0,0.48392537236213684,probability_native,0.48392537236213684,u_37284a7b9ebe924a,0,2,official,principal
2965,1,0,0.22117623686790466,probability_native,0.22117623686790466,u_37284a7b9ebe924a,0,2,official,principal
5835,0,0,0.011384639889001846,probability_native,0.011384639889001846,u_37284a7b9ebe924a,0,2,official,principal
2879,1,0,0.43783900141716003,probability_native,0.43783900141716003,u_37284a7b9ebe924a,0,2,official,principal
2335,0,0,0.29196715354919434,probability_native,0.29196715354919434,u_37284a7b9ebe924a,0,2,official,principal
2363,0,1,0.678013026714325,probability_native,0.678013026714325,u_37284a7b9ebe924a,0,2,official,principal
2129,1,1,0.836743175983429,probability_native,0.836743175983429,u_37284a7b9ebe924a,0,2,official,principal
3591,1,1,0.5974776744842529,probability_native,0.5974776744842529,u_37284a7b9ebe924a,0,2,official,principal
1652,0,0,0.16028761863708496,probability_native,0.16028761863708496,u_37284a7b9ebe924a,0,2,official,principal
4258,1,0,0.25240522623062134,probability_native,0.25240522623062134,u_37284a7b9ebe924a,0,2,official,principal
1753,0,0,0.01819327287375927,probability_native,0.01819327287375927,u_37284a7b9ebe924a,0,2,official,principal
6387,0,0,0.13735522329807281,probability_native,0.13735522329807281,u_37284a7b9ebe924a,0,2,official,principal
3695,0,0,0.49200761318206787,probability_native,0.49200761318206787,u_37284a7b9ebe924a,0,2,official,principal
322,0,1,0.678013026714325,probability_native,0.678013026714325,u_37284a7b9ebe924a,0,2,official,principal
6562,1,1,0.760558545589447,probability_native,0.760558545589447,u_37284a7b9ebe924a,0,2,official,principal
758,1,0,0.4016167223453522,probability_native,0.4016167223453522,u_37284a7b9ebe924a,0,2,official,principal
4318,0,0,0.07752096652984619,probability_native,0.07752096652984619,u_37284a7b9ebe924a,0,2,official,principal
6027,0,0,0.01380742248147726,probability_native,0.01380742248147726,u_37284a7b9ebe924a,0,2,official,principal
6652,0,0,0.017521144822239876,probability_native,0.017521144822239876,u_37284a7b9ebe924a,0,2,official,principal
1687,0,0,0.04854481667280197,probability_native,0.04854481667280197,u_37284a7b9ebe924a,0,2,official,principal
5780,0,0,0.023395445197820663,probability_native,0.023395445197820663,u_37284a7b9ebe924a,0,2,official,principal
3680,1,0,0.274354487657547,probability_native,0.274354487657547,u_37284a7b9ebe924a,0,2,official,principal
3203,0,0,0.009808951057493687,probability_native,0.009808951057493687,u_37284a7b9ebe924a,0,2,official,principal
6709,0,0,0.2785601317882538,probability_native,0.2785601317882538,u_37284a7b9ebe924a,0,2,official,principal
225,0,0,0.126450777053833,probability_native,0.126450777053833,u_37284a7b9ebe924a,0,2,official,principal
6550,1,1,0.6977618932723999,probability_native,0.6977618932723999,u_37284a7b9ebe924a,0,2,official,principal
5978,0,0,0.17327958345413208,probability_native,0.17327958345413208,u_37284a7b9ebe924a,0,2,official,principal
92,0,0,0.026664111763238907,probability_native,0.026664111763238907,u_37284a7b9ebe924a,0,2,official,principal
281,0,0,0.28832682967185974,probability_native,0.28832682967185974,u_37284a7b9ebe924a,0,2,official,principal
6558,1,0,0.06331219524145126,probability_native,0.06331219524145126,u_37284a7b9ebe924a,0,2,official,principal
4652,0,0,0.04001130536198616,probability_native,0.04001130536198616,u_37284a7b9ebe924a,0,2,official,principal
5833,0,0,0.31967389583587646,probability_native,0.31967389583587646,u_37284a7b9ebe924a,0,2,official,principal
5280,0,0,0.1616264134645462,probability_native,0.1616264134645462,u_37284a7b9ebe924a,0,2,official,principal
5203,0,0,0.31769853830337524,probability_native,0.31769853830337524,u_37284a7b9ebe924a,0,2,official,principal
5252,0,0,0.2713373005390167,probability_native,0.2713373005390167,u_37284a7b9ebe924a,0,2,official,principal
5137,0,0,0.3851014971733093,probability_native,0.3851014971733093,u_37284a7b9ebe924a,0,2,official,principal
7039,0,0,0.1093936413526535,probability_native,0.1093936413526535,u_37284a7b9ebe924a,0,2,official,principal
5986,0,1,0.5864381790161133,probability_native,0.5864381790161133,u_37284a7b9ebe924a,0,2,official,principal
1761,0,0,0.021067511290311813,probability_native,0.021067511290311813,u_37284a7b9ebe924a,0,2,official,principal
351,0,0,0.07657764106988907,probability_native,0.07657764106988907,u_37284a7b9ebe924a,0,2,official,principal
3296,0,0,0.16344313323497772,probability_native,0.16344313323497772,u_37284a7b9ebe924a,0,2,official,principal
2364,0,1,0.6522279381752014,probability_native,0.6522279381752014,u_37284a7b9ebe924a,0,2,official,principal
3192,0,0,0.01604815572500229,probability_native,0.01604815572500229,u_37284a7b9ebe924a,0,2,official,principal
5151,0,0,0.14725394546985626,probability_native,0.14725394546985626,u_37284a7b9ebe924a,0,2,official,principal
3847,0,0,0.12123721092939377,probability_native,0.12123721092939377,u_37284a7b9ebe924a,0,2,official,principal
1690,0,0,0.18567070364952087,probability_native,0.18567070364952087,u_37284a7b9ebe924a,0,2,official,principal
1234,0,0,0.2207978218793869,probability_native,0.2207978218793869,u_37284a7b9ebe924a,0,2,official,principal
2053,1,0,0.28375035524368286,probability_native,0.28375035524368286,u_37284a7b9ebe924a,0,2,official,principal
5620,0,0,0.06340979784727097,probability_native,0.06340979784727097,u_37284a7b9ebe924a,0,2,official,principal
5811,0,0,0.03455086424946785,probability_native,0.03455086424946785,u_37284a7b9ebe924a,0,2,official,principal
366,0,0,0.146305650472641,probability_native,0.146305650472641,u_37284a7b9ebe924a,0,2,official,principal
2452,1,1,0.5131731033325195,probability_native,0.5131731033325195,u_37284a7b9ebe924a,0,2,official,principal
3548,0,0,0.06887723505496979,probability_native,0.06887723505496979,u_37284a7b9ebe924a,0,2,official,principal
3801,1,1,0.5705525875091553,probability_native,0.5705525875091553,u_37284a7b9ebe924a,0,2,official,principal
3344,1,1,0.5760547518730164,probability_native,0.5760547518730164,u_37284a7b9ebe924a,0,2,official,principal
2834,0,0,0.0232875794172287,probability_native,0.0232875794172287,u_37284a7b9ebe924a,0,2,official,principal
1998,1,1,0.5249438881874084,probability_native,0.5249438881874084,u_37284a7b9ebe924a,0,2,official,principal
1608,0,0,0.04374479502439499,probability_native,0.04374479502439499,u_37284a7b9ebe924a,0,2,official,principal
3533,0,0,0.06736242771148682,probability_native,0.06736242771148682,u_37284a7b9ebe924a,0,2,official,principal
5200,0,0,0.3002097010612488,probability_native,0.3002097010612488,u_37284a7b9ebe924a,0,2,official,principal
970,1,1,0.7841206192970276,probability_native,0.7841206192970276,u_37284a7b9ebe924a,0,2,official,principal
4286,0,1,0.7150880694389343,probability_native,0.7150880694389343,u_37284a7b9ebe924a,0,2,official,principal
5898,0,0,0.030799681320786476,probability_native,0.030799681320786476,u_37284a7b9ebe924a,0,2,official,principal
1629,0,0,0.01997174508869648,probability_native,0.01997174508869648,u_37284a7b9ebe924a,0,2,official,principal
5021,0,0,0.12845905125141144,probability_native,0.12845905125141144,u_37284a7b9ebe924a,0,2,official,principal
5636,1,0,0.36678072810173035,probability_native,0.36678072810173035,u_37284a7b9ebe924a,0,2,official,principal
1432,0,0,0.05150267481803894,probability_native,0.05150267481803894,u_37284a7b9ebe924a,0,2,official,principal
4211,1,1,0.5445398092269897,probability_native,0.5445398092269897,u_37284a7b9ebe924a,0,2,official,principal
1780,1,0,0.027097297832369804,probability_native,0.027097297832369804,u_37284a7b9ebe924a,0,2,official,principal
5575,0,0,0.04203568026423454,probability_native,0.04203568026423454,u_37284a7b9ebe924a,0,2,official,principal
62,0,0,0.015184113755822182,probability_native,0.015184113755822182,u_37284a7b9ebe924a,0,2,official,principal
1031,0,0,0.12835049629211426,probability_native,0.12835049629211426,u_37284a7b9ebe924a,0,2,official,principal
3439,1,0,0.08584383875131607,probability_native,0.08584383875131607,u_37284a7b9ebe924a,0,2,official,principal
3902,0,0,0.49335360527038574,probability_native,0.49335360527038574,u_37284a7b9ebe924a,0,2,official,principal
6212,0,0,0.24178846180438995,probability_native,0.24178846180438995,u_37284a7b9ebe924a,0,2,official,principal
65,0,0,0.4660208821296692,probability_native,0.4660208821296692,u_37284a7b9ebe924a,0,2,official,principal
2459,0,0,0.1298583596944809,probability_native,0.1298583596944809,u_37284a7b9ebe924a,0,2,official,principal
6233,0,0,0.1451246589422226,probability_native,0.1451246589422226,u_37284a7b9ebe924a,0,2,official,principal
4875,1,0,0.3339344561100006,probability_native,0.3339344561100006,u_37284a7b9ebe924a,0,2,official,principal
3415,1,0,0.1991570144891739,probability_native,0.1991570144891739,u_37284a7b9ebe924a,0,2,official,principal
5796,0,0,0.03350195288658142,probability_native,0.03350195288658142,u_37284a7b9ebe924a,0,2,official,principal
3725,1,1,0.70151686668396,probability_native,0.70151686668396,u_37284a7b9ebe924a,0,2,official,principal
521,0,0,0.28835034370422363,probability_native,0.28835034370422363,u_37284a7b9ebe924a,0,2,official,principal
3648,0,0,0.2731803059577942,probability_native,0.2731803059577942,u_37284a7b9ebe924a,0,2,official,principal
6757,1,0,0.08239889144897461,probability_native,0.08239889144897461,u_37284a7b9ebe924a,0,2,official,principal
340,0,0,0.11824008077383041,probability_native,0.11824008077383041,u_37284a7b9ebe924a,0,2,official,principal
4899,1,1,0.55543452501297,probability_native,0.55543452501297,u_37284a7b9ebe924a,0,2,official,principal
4383,0,0,0.04674181714653969,probability_native,0.04674181714653969,u_37284a7b9ebe924a,0,2,official,principal
3796,1,0,0.40011316537857056,probability_native,0.40011316537857056,u_37284a7b9ebe924a,0,2,official,principal
4021,1,0,0.3629225790500641,probability_native,0.3629225790500641,u_37284a7b9ebe924a,0,2,official,principal
434,0,0,0.0313473641872406,probability_native,0.0313473641872406,u_37284a7b9ebe924a,0,2,official,principal
4625,0,1,0.5910429954528809,probability_native,0.5910429954528809,u_37284a7b9ebe924a,0,2,official,principal
4800,1,1,0.9026051163673401,probability_native,0.9026051163673401,u_37284a7b9ebe924a,0,2,official,principal
98,0,0,0.01497313380241394,probability_native,0.01497313380241394,u_37284a7b9ebe924a,0,2,official,principal
4410,0,0,0.4833146929740906,probability_native,0.4833146929740906,u_37284a7b9ebe924a,0,2,official,principal
6381,0,0,0.27748364210128784,probability_native,0.27748364210128784,u_37284a7b9ebe924a,0,2,official,principal
1291,1,0,0.469082236289978,probability_native,0.469082236289978,u_37284a7b9ebe924a,0,2,official,principal
526,0,0,0.03355865553021431,probability_native,0.03355865553021431,u_37284a7b9ebe924a,0,2,official,principal
5101,0,0,0.3977709710597992,probability_native,0.3977709710597992,u_37284a7b9ebe924a,0,2,official,principal
822,0,0,0.36935436725616455,probability_native,0.36935436725616455,u_37284a7b9ebe924a,0,2,official,principal
2788,0,0,0.050396233797073364,probability_native,0.050396233797073364,u_37284a7b9ebe924a,0,2,official,principal
3641,0,0,0.03728947415947914,probability_native,0.03728947415947914,u_37284a7b9ebe924a,0,2,official,principal
5732,0,1,0.5462073087692261,probability_native,0.5462073087692261,u_37284a7b9ebe924a,0,2,official,principal
4809,0,0,0.4128773808479309,probability_native,0.4128773808479309,u_37284a7b9ebe924a,0,2,official,principal
712,0,0,0.020775755867362022,probability_native,0.020775755867362022,u_37284a7b9ebe924a,0,2,official,principal
6854,0,0,0.14581581950187683,probability_native,0.14581581950187683,u_37284a7b9ebe924a,0,2,official,principal
2567,1,0,0.34087294340133667,probability_native,0.34087294340133667,u_37284a7b9ebe924a,0,2,official,principal
5341,1,1,0.790635883808136,probability_native,0.790635883808136,u_37284a7b9ebe924a,0,2,official,principal
3424,1,1,0.7216553092002869,probability_native,0.7216553092002869,u_37284a7b9ebe924a,0,2,official,principal
2468,1,1,0.5434557795524597,probability_native,0.5434557795524597,u_37284a7b9ebe924a,0,2,official,principal
5970,0,1,0.7161110639572144,probability_native,0.7161110639572144,u_37284a7b9ebe924a,0,2,official,principal
692,0,0,0.02317742444574833,probability_native,0.02317742444574833,u_37284a7b9ebe924a,0,2,official,principal
5857,1,0,0.44649288058280945,probability_native,0.44649288058280945,u_37284a7b9ebe924a,0,2,official,principal
4109,1,1,0.5811508297920227,probability_native,0.5811508297920227,u_37284a7b9ebe924a,0,2,official,principal
1074,0,0,0.33571192622184753,probability_native,0.33571192622184753,u_37284a7b9ebe924a,0,2,official,principal
4229,0,0,0.040441494435071945,probability_native,0.040441494435071945,u_37284a7b9ebe924a,0,2,official,principal
5475,1,0,0.1269301325082779,probability_native,0.1269301325082779,u_37284a7b9ebe924a,0,2,official,principal
2226,0,0,0.022951338440179825,probability_native,0.022951338440179825,u_37284a7b9ebe924a,0,2,official,principal
4358,0,0,0.23918373882770538,probability_native,0.23918373882770538,u_37284a7b9ebe924a,0,2,official,principal
475,1,0,0.47914034128189087,probability_native,0.47914034128189087,u_37284a7b9ebe924a,0,2,official,principal
7013,0,0,0.3453535735607147,probability_native,0.3453535735607147,u_37284a7b9ebe924a,0,2,official,principal
6037,0,0,0.26990678906440735,probability_native,0.26990678906440735,u_37284a7b9ebe924a,0,2,official,principal
2478,0,0,0.2832697629928589,probability_native,0.2832697629928589,u_37284a7b9ebe924a,0,2,official,principal
32,0,0,0.03758493810892105,probability_native,0.03758493810892105,u_37284a7b9ebe924a,0,2,official,principal
3804,0,1,0.5840498208999634,probability_native,0.5840498208999634,u_37284a7b9ebe924a,0,2,official,principal
3585,0,0,0.12291528284549713,probability_native,0.12291528284549713,u_37284a7b9ebe924a,0,2,official,principal
2266,0,0,0.20641465485095978,probability_native,0.20641465485095978,u_37284a7b9ebe924a,0,2,official,principal
4006,0,0,0.007542021106928587,probability_native,0.007542021106928587,u_37284a7b9ebe924a,0,2,official,principal
3731,0,1,0.6648240685462952,probability_native,0.6648240685462952,u_37284a7b9ebe924a,0,2,official,principal
5505,0,0,0.09006998687982559,probability_native,0.09006998687982559,u_37284a7b9ebe924a,0,2,official,principal
1942,0,0,0.013341301120817661,probability_native,0.013341301120817661,u_37284a7b9ebe924a,0,2,official,principal
5951,0,0,0.3577534258365631,probability_native,0.3577534258365631,u_37284a7b9ebe924a,0,2,official,principal
2109,0,0,0.01926582120358944,probability_native,0.01926582120358944,u_37284a7b9ebe924a,0,2,official,principal
1157,0,0,0.16725356876850128,probability_native,0.16725356876850128,u_37284a7b9ebe924a,0,2,official,principal
694,0,0,0.05767637491226196,probability_native,0.05767637491226196,u_37284a7b9ebe924a,0,2,official,principal
4170,0,0,0.03792669624090195,probability_native,0.03792669624090195,u_37284a7b9ebe924a,0,2,official,principal
988,0,0,0.038354646414518356,probability_native,0.038354646414518356,u_37284a7b9ebe924a,0,2,official,principal
2807,0,0,0.04734991863369942,probability_native,0.04734991863369942,u_37284a7b9ebe924a,0,2,official,principal
977,0,1,0.5467671751976013,probability_native,0.5467671751976013,u_37284a7b9ebe924a,0,2,official,principal
1474,0,0,0.31560462713241577,probability_native,0.31560462713241577,u_37284a7b9ebe924a,0,2,official,principal
455,0,1,0.629514753818512,probability_native,0.629514753818512,u_37284a7b9ebe924a,0,2,official,principal
256,0,0,0.07652013748884201,probability_native,0.07652013748884201,u_37284a7b9ebe924a,0,2,official,principal
637,0,0,0.016665305942296982,probability_native,0.016665305942296982,u_37284a7b9ebe924a,0,2,official,principal
6822,1,0,0.3845447897911072,probability_native,0.3845447897911072,u_37284a7b9ebe924a,0,2,official,principal
3196,0,0,0.08450383692979813,probability_native,0.08450383692979813,u_37284a7b9ebe924a,0,2,official,principal
2019,1,0,0.22766855359077454,probability_native,0.22766855359077454,u_37284a7b9ebe924a,0,2,official,principal
498,1,0,0.47825369238853455,probability_native,0.47825369238853455,u_37284a7b9ebe924a,0,2,official,principal
1963,0,0,0.45602598786354065,probability_native,0.45602598786354065,u_37284a7b9ebe924a,0,2,official,principal
4124,0,1,0.692836344242096,probability_native,0.692836344242096,u_37284a7b9ebe924a,0,2,official,principal
1842,0,0,0.2140609323978424,probability_native,0.2140609323978424,u_37284a7b9ebe924a,0,2,official,principal
1571,0,0,0.3080410659313202,probability_native,0.3080410659313202,u_37284a7b9ebe924a,0,2,official,principal
1933,0,0,0.04516659304499626,probability_native,0.04516659304499626,u_37284a7b9ebe924a,0,2,official,principal
1297,0,1,0.6211493015289307,probability_native,0.6211493015289307,u_37284a7b9ebe924a,0,2,official,principal
3333,0,0,0.015949105843901634,probability_native,0.015949105843901634,u_37284a7b9ebe924a,0,2,official,principal
6016,1,0,0.20436035096645355,probability_native,0.20436035096645355,u_37284a7b9ebe924a,0,2,official,principal
5503,0,0,0.02358005754649639,probability_native,0.02358005754649639,u_37284a7b9ebe924a,0,2,official,principal
1888,0,0,0.06359480321407318,probability_native,0.06359480321407318,u_37284a7b9ebe924a,0,2,official,principal
4745,0,1,0.593469500541687,probability_native,0.593469500541687,u_37284a7b9ebe924a,0,2,official,principal
6713,0,0,0.3784817159175873,probability_native,0.3784817159175873,u_37284a7b9ebe924a,0,2,official,principal
5740,0,0,0.016117794439196587,probability_native,0.016117794439196587,u_37284a7b9ebe924a,0,2,official,principal
2871,1,1,0.6548801064491272,probability_native,0.6548801064491272,u_37284a7b9ebe924a,0,2,official,principal
4608,0,0,0.05461621284484863,probability_native,0.05461621284484863,u_37284a7b9ebe924a,0,2,official,principal
5033,0,0,0.36893007159233093,probability_native,0.36893007159233093,u_37284a7b9ebe924a,0,2,official,principal
2216,0,0,0.2553443908691406,probability_native,0.2553443908691406,u_37284a7b9ebe924a,0,2,official,principal
3314,0,0,0.17028366029262543,probability_native,0.17028366029262543,u_37284a7b9ebe924a,0,2,official,principal
1240,0,0,0.07461864501237869,probability_native,0.07461864501237869,u_37284a7b9ebe924a,0,2,official,principal
320,1,0,0.07036970555782318,probability_native,0.07036970555782318,u_37284a7b9ebe924a,0,2,official,principal
2058,0,0,0.009925720281898975,probability_native,0.009925720281898975,u_37284a7b9ebe924a,0,2,official,principal
1628,0,1,0.503474235534668,probability_native,0.503474235534668,u_37284a7b9ebe924a,0,2,official,principal
1726,0,0,0.1750570386648178,probability_native,0.1750570386648178,u_37284a7b9ebe924a,0,2,official,principal
413,0,0,0.32586005330085754,probability_native,0.32586005330085754,u_37284a7b9ebe924a,0,2,official,principal
5373,0,0,0.10710955411195755,probability_native,0.10710955411195755,u_37284a7b9ebe924a,0,2,official,principal
3973,0,0,0.06850986927747726,probability_native,0.06850986927747726,u_37284a7b9ebe924a,0,2,official,principal
3381,0,0,0.0749901682138443,probability_native,0.0749901682138443,u_37284a7b9ebe924a,0,2,official,principal
1601,0,0,0.2707241177558899,probability_native,0.2707241177558899,u_37284a7b9ebe924a,0,2,official,principal
6568,0,0,0.020959114655852318,probability_native,0.020959114655852318,u_37284a7b9ebe924a,0,2,official,principal
2853,0,0,0.12834568321704865,probability_native,0.12834568321704865,u_37284a7b9ebe924a,0,2,official,principal
820,0,0,0.42387789487838745,probability_native,0.42387789487838745,u_37284a7b9ebe924a,0,2,official,principal
1538,1,1,0.7304202914237976,probability_native,0.7304202914237976,u_37284a7b9ebe924a,0,2,official,principal
3507,0,0,0.11483883857727051,probability_native,0.11483883857727051,u_37284a7b9ebe924a,0,2,official,principal
6223,1,1,0.6045679450035095,probability_native,0.6045679450035095,u_37284a7b9ebe924a,0,2,official,principal
3373,1,1,0.6869018077850342,probability_native,0.6869018077850342,u_37284a7b9ebe924a,0,2,official,principal
5765,1,0,0.1373259723186493,probability_native,0.1373259723186493,u_37284a7b9ebe924a,0,2,official,principal
2055,0,0,0.3219797909259796,probability_native,0.3219797909259796,u_37284a7b9ebe924a,0,2,official,principal
1698,0,0,0.052029095590114594,probability_native,0.052029095590114594,u_37284a7b9ebe924a,0,2,official,principal
5568,0,0,0.20300687849521637,probability_native,0.20300687849521637,u_37284a7b9ebe924a,0,2,official,principal
1124,0,0,0.24023309350013733,probability_native,0.24023309350013733,u_37284a7b9ebe924a,0,2,official,principal
2140,1,0,0.2873644232749939,probability_native,0.2873644232749939,u_37284a7b9ebe924a,0,2,official,principal
4240,1,1,0.7489370703697205,probability_native,0.7489370703697205,u_37284a7b9ebe924a,0,2,official,principal
5345,1,0,0.33701571822166443,probability_native,0.33701571822166443,u_37284a7b9ebe924a,0,2,official,principal
710,1,0,0.3178544044494629,probability_native,0.3178544044494629,u_37284a7b9ebe924a,0,2,official,principal
1011,0,0,0.011575420387089252,probability_native,0.011575420387089252,u_37284a7b9ebe924a,0,2,official,principal
4208,0,0,0.08119598776102066,probability_native,0.08119598776102066,u_37284a7b9ebe924a,0,2,official,principal
4245,0,0,0.009583556093275547,probability_native,0.009583556093275547,u_37284a7b9ebe924a,0,2,official,principal
3700,1,0,0.10658297687768936,probability_native,0.10658297687768936,u_37284a7b9ebe924a,0,2,official,principal
3627,0,0,0.031793560832738876,probability_native,0.031793560832738876,u_37284a7b9ebe924a,0,2,official,principal
4971,0,0,0.08384347707033157,probability_native,0.08384347707033157,u_37284a7b9ebe924a,0,2,official,principal
3728,0,0,0.07082105427980423,probability_native,0.07082105427980423,u_37284a7b9ebe924a,0,2,official,principal
2634,1,1,0.7398168444633484,probability_native,0.7398168444633484,u_37284a7b9ebe924a,0,2,official,principal
2082,0,0,0.05749372020363808,probability_native,0.05749372020363808,u_37284a7b9ebe924a,0,2,official,principal
1716,0,0,0.3567301630973816,probability_native,0.3567301630973816,u_37284a7b9ebe924a,0,2,official,principal
3068,0,0,0.18341515958309174,probability_native,0.18341515958309174,u_37284a7b9ebe924a,0,2,official,principal
494,0,0,0.33571192622184753,probability_native,0.33571192622184753,u_37284a7b9ebe924a,0,2,official,principal
4304,0,0,0.02265850640833378,probability_native,0.02265850640833378,u_37284a7b9ebe924a,0,2,official,principal
5139,0,0,0.012752791866660118,probability_native,0.012752791866660118,u_37284a7b9ebe924a,0,2,official,principal
4412,0,0,0.029024701565504074,probability_native,0.029024701565504074,u_37284a7b9ebe924a,0,2,official,principal
4671,1,1,0.6193554401397705,probability_native,0.6193554401397705,u_37284a7b9ebe924a,0,2,official,principal
2719,0,0,0.02571924589574337,probability_native,0.02571924589574337,u_37284a7b9ebe924a,0,2,official,principal
1177,0,0,0.03456473723053932,probability_native,0.03456473723053932,u_37284a7b9ebe924a,0,2,official,principal
55,1,1,0.7007653117179871,probability_native,0.7007653117179871,u_37284a7b9ebe924a,0,2,official,principal
1135,0,0,0.040441494435071945,probability_native,0.040441494435071945,u_37284a7b9ebe924a,0,2,official,principal
5308,0,0,0.025417402386665344,probability_native,0.025417402386665344,u_37284a7b9ebe924a,0,2,official,principal
4697,0,0,0.28230956196784973,probability_native,0.28230956196784973,u_37284a7b9ebe924a,0,2,official,principal
1326,0,0,0.05358729138970375,probability_native,0.05358729138970375,u_37284a7b9ebe924a,0,2,official,principal
3697,0,0,0.2786228656768799,probability_native,0.2786228656768799,u_37284a7b9ebe924a,0,2,official,principal
5589,1,0,0.026971306651830673,probability_native,0.026971306651830673,u_37284a7b9ebe924a,0,2,official,principal
4192,0,0,0.02659771218895912,probability_native,0.02659771218895912,u_37284a7b9ebe924a,0,2,official,principal
5174,1,1,0.5932228565216064,probability_native,0.5932228565216064,u_37284a7b9ebe924a,0,2,official,principal
6354,0,0,0.07460137456655502,probability_native,0.07460137456655502,u_37284a7b9ebe924a,0,2,official,principal
551,0,0,0.033813588321208954,probability_native,0.033813588321208954,u_37284a7b9ebe924a,0,2,official,principal
6662,0,0,0.05301079899072647,probability_native,0.05301079899072647,u_37284a7b9ebe924a,0,2,official,principal
1370,0,0,0.0202960018068552,probability_native,0.0202960018068552,u_37284a7b9ebe924a,0,2,official,principal
2928,0,0,0.029390962794423103,probability_native,0.029390962794423103,u_37284a7b9ebe924a,0,2,official,principal
3270,0,1,0.7660847902297974,probability_native,0.7660847902297974,u_37284a7b9ebe924a,0,2,official,principal
2328,0,0,0.41658374667167664,probability_native,0.41658374667167664,u_37284a7b9ebe924a,0,2,official,principal
5836,0,0,0.04495915025472641,probability_native,0.04495915025472641,u_37284a7b9ebe924a,0,2,official,principal
925,0,0,0.07841533422470093,probability_native,0.07841533422470093,u_37284a7b9ebe924a,0,2,official,principal
1819,0,0,0.019235046580433846,probability_native,0.019235046580433846,u_37284a7b9ebe924a,0,2,official,principal
546,1,0,0.27656614780426025,probability_native,0.27656614780426025,u_37284a7b9ebe924a,0,2,official,principal
2101,1,0,0.3074381947517395,probability_native,0.3074381947517395,u_37284a7b9ebe924a,0,2,official,principal
828,1,0,0.10995031148195267,probability_native,0.10995031148195267,u_37284a7b9ebe924a,0,2,official,principal
335,1,0,0.06434475630521774,probability_native,0.06434475630521774,u_37284a7b9ebe924a,0,2,official,principal
4,1,1,0.6648240685462952,probability_native,0.6648240685462952,u_37284a7b9ebe924a,0,2,official,principal
6421,0,0,0.02444271929562092,probability_native,0.02444271929562092,u_37284a7b9ebe924a,0,2,official,principal
5785,0,0,0.01551695168018341,probability_native,0.01551695168018341,u_37284a7b9ebe924a,0,2,official,principal
5243,0,0,0.24583810567855835,probability_native,0.24583810567855835,u_37284a7b9ebe924a,0,2,official,principal
6372,0,0,0.029655156657099724,probability_native,0.029655156657099724,u_37284a7b9ebe924a,0,2,official,principal
6542,1,0,0.467383474111557,probability_native,0.467383474111557,u_37284a7b9ebe924a,0,2,official,principal
2048,1,1,0.5302537679672241,probability_native,0.5302537679672241,u_37284a7b9ebe924a,0,2,official,principal
440,0,1,0.6044660210609436,probability_native,0.6044660210609436,u_37284a7b9ebe924a,0,2,official,principal
4913,0,0,0.026685239747166634,probability_native,0.026685239747166634,u_37284a7b9ebe924a,0,2,official,principal
3233,0,1,0.5914551615715027,probability_native,0.5914551615715027,u_37284a7b9ebe924a,0,2,official,principal
2476,0,0,0.024988507851958275,probability_native,0.024988507851958275,u_37284a7b9ebe924a,0,2,official,principal
1535,0,0,0.28320032358169556,probability_native,0.28320032358169556,u_37284a7b9ebe924a,0,2,official,principal
4418,1,0,0.036902252584695816,probability_native,0.036902252584695816,u_37284a7b9ebe924a,0,2,official,principal
2027,0,0,0.02659771218895912,probability_native,0.02659771218895912,u_37284a7b9ebe924a,0,2,official,principal
3532,1,0,0.3746074438095093,probability_native,0.3746074438095093,u_37284a7b9ebe924a,0,2,official,principal
3254,0,1,0.6798797845840454,probability_native,0.6798797845840454,u_37284a7b9ebe924a,0,2,official,principal
2933,0,0,0.01422454509884119,probability_native,0.01422454509884119,u_37284a7b9ebe924a,0,2,official,principal
3060,0,0,0.14338234066963196,probability_native,0.14338234066963196,u_37284a7b9ebe924a,0,2,official,principal
108,0,0,0.21134905517101288,probability_native,0.21134905517101288,u_37284a7b9ebe924a,0,2,official,principal
1332,0,0,0.015157682821154594,probability_native,0.015157682821154594,u_37284a7b9ebe924a,0,2,official,principal
4580,0,0,0.008818787522614002,probability_native,0.008818787522614002,u_37284a7b9ebe924a,0,2,official,principal
5751,0,0,0.01467328891158104,probability_native,0.01467328891158104,u_37284a7b9ebe924a,0,2,official,principal
2160,0,0,0.008711005561053753,probability_native,0.008711005561053753,u_37284a7b9ebe924a,0,2,official,principal
6060,0,1,0.7233941555023193,probability_native,0.7233941555023193,u_37284a7b9ebe924a,0,2,official,principal
5201,0,0,0.09456038475036621,probability_native,0.09456038475036621,u_37284a7b9ebe924a,0,2,official,principal
505,1,1,0.654089629650116,probability_native,0.654089629650116,u_37284a7b9ebe924a,0,2,official,principal
4476,1,0,0.33571192622184753,probability_native,0.33571192622184753,u_37284a7b9ebe924a,0,2,official,principal
97,1,0,0.11368387937545776,probability_native,0.11368387937545776,u_37284a7b9ebe924a,0,2,official,principal
512,1,1,0.7447858452796936,probability_native,0.7447858452796936,u_37284a7b9ebe924a,0,2,official,principal
2326,0,0,0.0869651660323143,probability_native,0.0869651660323143,u_37284a7b9ebe924a,0,2,official,principal
4961,0,0,0.20694871246814728,probability_native,0.20694871246814728,u_37284a7b9ebe924a,0,2,official,principal
4981,1,0,0.4723178744316101,probability_native,0.4723178744316101,u_37284a7b9ebe924a,0,2,official,principal
6918,1,0,0.2855753004550934,probability_native,0.2855753004550934,u_37284a7b9ebe924a,0,2,official,principal
1311,0,0,0.10591742396354675,probability_native,0.10591742396354675,u_37284a7b9ebe924a,0,2,official,principal
4104,0,0,0.3082088828086853,probability_native,0.3082088828086853,u_37284a7b9ebe924a,0,2,official,principal
3005,0,0,0.10556294769048691,probability_native,0.10556294769048691,u_37284a7b9ebe924a,0,2,official,principal
4794,0,0,0.132502019405365,probability_native,0.132502019405365,u_37284a7b9ebe924a,0,2,official,principal
3055,1,0,0.18448534607887268,probability_native,0.18448534607887268,u_37284a7b9ebe924a,0,2,official,principal
1662,1,1,0.6538127064704895,probability_native,0.6538127064704895,u_37284a7b9ebe924a,0,2,official,principal
2857,0,0,0.02416364848613739,probability_native,0.02416364848613739,u_37284a7b9ebe924a,0,2,official,principal
2174,0,0,0.03380102664232254,probability_native,0.03380102664232254,u_37284a7b9ebe924a,0,2,official,principal
6390,0,0,0.23688676953315735,probability_native,0.23688676953315735,u_37284a7b9ebe924a,0,2,official,principal
362,0,0,0.0574931725859642,probability_native,0.0574931725859642,u_37284a7b9ebe924a,0,2,official,principal
4624,1,1,0.744973361492157,probability_native,0.744973361492157,u_37284a7b9ebe924a,0,2,official,principal
46,0,0,0.32482895255088806,probability_native,0.32482895255088806,u_37284a7b9ebe924a,0,2,official,principal
236,0,0,0.07890505343675613,probability_native,0.07890505343675613,u_37284a7b9ebe924a,0,2,official,principal
3460,0,0,0.3523339629173279,probability_native,0.3523339629173279,u_37284a7b9ebe924a,0,2,official,principal
2910,0,0,0.019745396450161934,probability_native,0.019745396450161934,u_37284a7b9ebe924a,0,2,official,principal
5135,0,0,0.3987019658088684,probability_native,0.3987019658088684,u_37284a7b9ebe924a,0,2,official,principal
6340,0,0,0.38780829310417175,probability_native,0.38780829310417175,u_37284a7b9ebe924a,0,2,official,principal
95,1,1,0.5880956053733826,probability_native,0.5880956053733826,u_37284a7b9ebe924a,0,2,official,principal
3853,0,0,0.2058141529560089,probability_native,0.2058141529560089,u_37284a7b9ebe924a,0,2,official,principal
5157,0,0,0.026716845110058784,probability_native,0.026716845110058784,u_37284a7b9ebe924a,0,2,official,principal
6366,0,0,0.02642926201224327,probability_native,0.02642926201224327,u_37284a7b9ebe924a,0,2,official,principal
5023,1,1,0.7886144518852234,probability_native,0.7886144518852234,u_37284a7b9ebe924a,0,2,official,principal
2898,0,0,0.07523947954177856,probability_native,0.07523947954177856,u_37284a7b9ebe924a,0,2,official,principal
4241,1,0,0.08453518152236938,probability_native,0.08453518152236938,u_37284a7b9ebe924a,0,2,official,principal
1082,0,0,0.12031252682209015,probability_native,0.12031252682209015,u_37284a7b9ebe924a,0,2,official,principal
3760,0,1,0.5732421875,probability_native,0.5732421875,u_37284a7b9ebe924a,0,2,official,principal
1427,0,0,0.2891397774219513,probability_native,0.2891397774219513,u_37284a7b9ebe924a,0,2,official,principal
1071,1,0,0.4169066250324249,probability_native,0.4169066250324249,u_37284a7b9ebe924a,0,2,official,principal
2944,0,0,0.1993466466665268,probability_native,0.1993466466665268,u_37284a7b9ebe924a,0,2,official,principal
919,0,0,0.3064899742603302,probability_native,0.3064899742603302,u_37284a7b9ebe924a,0,2,official,principal
5271,0,0,0.16529586911201477,probability_native,0.16529586911201477,u_37284a7b9ebe924a,0,2,official,principal
4967,1,1,0.5209193229675293,probability_native,0.5209193229675293,u_37284a7b9ebe924a,0,2,official,principal
3452,0,1,0.5658536553382874,probability_native,0.5658536553382874,u_37284a7b9ebe924a,0,2,official,principal
7032,1,1,0.8640509247779846,probability_native,0.8640509247779846,u_37284a7b9ebe924a,0,2,official,principal
1455,0,0,0.145785853266716,probability_native,0.145785853266716,u_37284a7b9ebe924a,0,2,official,principal
3330,1,1,0.5841754674911499,probability_native,0.5841754674911499,u_37284a7b9ebe924a,0,2,official,principal
2429,0,0,0.09469102323055267,probability_native,0.09469102323055267,u_37284a7b9ebe924a,0,2,official,principal
2187,0,0,0.10633842647075653,probability_native,0.10633842647075653,u_37284a7b9ebe924a,0,2,official,principal
5776,0,0,0.011286307126283646,probability_native,0.011286307126283646,u_37284a7b9ebe924a,0,2,official,principal
6449,0,0,0.3178544044494629,probability_native,0.3178544044494629,u_37284a7b9ebe924a,0,2,official,principal
3247,0,0,0.06560838967561722,probability_native,0.06560838967561722,u_37284a7b9ebe924a,0,2,official,principal
4499,1,1,0.544220507144928,probability_native,0.544220507144928,u_37284a7b9ebe924a,0,2,official,principal
927,1,1,0.5848875641822815,probability_native,0.5848875641822815,u_37284a7b9ebe924a,0,2,official,principal
5343,0,0,0.025389263406395912,probability_native,0.025389263406395912,u_37284a7b9ebe924a,0,2,official,principal
7040,0,0,0.2832183241844177,probability_native,0.2832183241844177,u_37284a7b9ebe924a,0,2,official,principal
2925,0,0,0.17691810429096222,probability_native,0.17691810429096222,u_37284a7b9ebe924a,0,2,official,principal
6698,0,0,0.17205210030078888,probability_native,0.17205210030078888,u_37284a7b9ebe924a,0,2,official,principal
6582,0,0,0.056417401880025864,probability_native,0.056417401880025864,u_37284a7b9ebe924a,0,2,official,principal
2784,1,1,0.6794673800468445,probability_native,0.6794673800468445,u_37284a7b9ebe924a,0,2,official,principal
3990,0,1,0.6735737919807434,probability_native,0.6735737919807434,u_37284a7b9ebe924a,0,2,official,principal
3223,0,0,0.4016162157058716,probability_native,0.4016162157058716,u_37284a7b9ebe924a,0,2,official,principal
2176,0,0,0.012586578726768494,probability_native,0.012586578726768494,u_37284a7b9ebe924a,0,2,official,principal
160,0,0,0.23947417736053467,probability_native,0.23947417736053467,u_37284a7b9ebe924a,0,2,official,principal
806,0,0,0.13905327022075653,probability_native,0.13905327022075653,u_37284a7b9ebe924a,0,2,official,principal
1708,1,0,0.4234972894191742,probability_native,0.4234972894191742,u_37284a7b9ebe924a,0,2,official,principal
5925,0,0,0.1786382645368576,probability_native,0.1786382645368576,u_37284a7b9ebe924a,0,2,official,principal
3539,1,0,0.3185763657093048,probability_native,0.3185763657093048,u_37284a7b9ebe924a,0,2,official,principal
5760,0,1,0.6269354224205017,probability_native,0.6269354224205017,u_37284a7b9ebe924a,0,2,official,principal
7025,0,0,0.4288986027240753,probability_native,0.4288986027240753,u_37284a7b9ebe924a,0,2,official,principal
4979,0,0,0.015409156680107117,probability_native,0.015409156680107117,u_37284a7b9ebe924a,0,2,official,principal
258,1,0,0.4286648631095886,probability_native,0.4286648631095886,u_37284a7b9ebe924a,0,2,official,principal
2313,0,0,0.27852821350097656,probability_native,0.27852821350097656,u_37284a7b9ebe924a,0,2,official,principal
4768,0,0,0.009333819150924683,probability_native,0.009333819150924683,u_37284a7b9ebe924a,0,2,official,principal
6401,1,0,0.2718559801578522,probability_native,0.2718559801578522,u_37284a7b9ebe924a,0,2,official,principal
1889,0,0,0.27503153681755066,probability_native,0.27503153681755066,u_37284a7b9ebe924a,0,2,official,principal
3914,0,0,0.027641450986266136,probability_native,0.027641450986266136,u_37284a7b9ebe924a,0,2,official,principal
5220,0,0,0.04390894994139671,probability_native,0.04390894994139671,u_37284a7b9ebe924a,0,2,official,principal
1924,0,0,0.36072587966918945,probability_native,0.36072587966918945,u_37284a7b9ebe924a,0,2,official,principal
3458,1,0,0.3841744065284729,probability_native,0.3841744065284729,u_37284a7b9ebe924a,0,2,official,principal
3901,0,0,0.1518680453300476,probability_native,0.1518680453300476,u_37284a7b9ebe924a,0,2,official,principal
6743,0,0,0.2052217721939087,probability_native,0.2052217721939087,u_37284a7b9ebe924a,0,2,official,principal
5758,0,0,0.03208998963236809,probability_native,0.03208998963236809,u_37284a7b9ebe924a,0,2,official,principal
392,0,1,0.5958833694458008,probability_native,0.5958833694458008,u_37284a7b9ebe924a,0,2,official,principal
6528,0,0,0.009269524365663528,probability_native,0.009269524365663528,u_37284a7b9ebe924a,0,2,official,principal
5664,1,1,0.6309480667114258,probability_native,0.6309480667114258,u_37284a7b9ebe924a,0,2,official,principal
2818,1,0,0.2306579202413559,probability_native,0.2306579202413559,u_37284a7b9ebe924a,0,2,official,principal
2411,0,0,0.043795596808195114,probability_native,0.043795596808195114,u_37284a7b9ebe924a,0,2,official,principal
5781,0,0,0.4050499498844147,probability_native,0.4050499498844147,u_37284a7b9ebe924a,0,2,official,principal
5949,0,0,0.15475952625274658,probability_native,0.15475952625274658,u_37284a7b9ebe924a,0,2,official,principal
1659,0,0,0.021384399384260178,probability_native,0.021384399384260178,u_37284a7b9ebe924a,0,2,official,principal
347,0,0,0.011498676612973213,probability_native,0.011498676612973213,u_37284a7b9ebe924a,0,2,official,principal
4142,0,0,0.03191196173429489,probability_native,0.03191196173429489,u_37284a7b9ebe924a,0,2,official,principal
2417,0,0,0.30911073088645935,probability_native,0.30911073088645935,u_37284a7b9ebe924a,0,2,official,principal
373,0,0,0.1731547862291336,probability_native,0.1731547862291336,u_37284a7b9ebe924a,0,2,official,principal
6921,0,0,0.26433518528938293,probability_native,0.26433518528938293,u_37284a7b9ebe924a,0,2,official,principal
5543,0,0,0.4369973838329315,probability_native,0.4369973838329315,u_37284a7b9ebe924a,0,2,official,principal
4032,0,0,0.26865512132644653,probability_native,0.26865512132644653,u_37284a7b9ebe924a,0,2,official,principal
6261,0,0,0.009451514109969139,probability_native,0.009451514109969139,u_37284a7b9ebe924a,0,2,official,principal
2623,0,1,0.542651891708374,probability_native,0.542651891708374,u_37284a7b9ebe924a,0,2,official,principal
6843,1,0,0.49429866671562195,probability_native,0.49429866671562195,u_37284a7b9ebe924a,0,2,official,principal
1618,1,1,0.5549495816230774,probability_native,0.5549495816230774,u_37284a7b9ebe924a,0,2,official,principal
6917,0,0,0.018820151686668396,probability_native,0.018820151686668396,u_37284a7b9ebe924a,0,2,official,principal
1605,0,0,0.01578432321548462,probability_native,0.01578432321548462,u_37284a7b9ebe924a,0,2,official,principal
6963,0,1,0.71294766664505,probability_native,0.71294766664505,u_37284a7b9ebe924a,0,2,official,principal
6493,0,0,0.18508587777614594,probability_native,0.18508587777614594,u_37284a7b9ebe924a,0,2,official,principal
3000,1,1,0.6995342373847961,probability_native,0.6995342373847961,u_37284a7b9ebe924a,0,2,official,principal
1665,0,1,0.713699460029602,probability_native,0.713699460029602,u_37284a7b9ebe924a,0,2,official,principal
4232,1,1,0.6978098154067993,probability_native,0.6978098154067993,u_37284a7b9ebe924a,0,2,official,principal
812,0,0,0.028989896178245544,probability_native,0.028989896178245544,u_37284a7b9ebe924a,0,2,official,principal
5850,1,0,0.295990914106369,probability_native,0.295990914106369,u_37284a7b9ebe924a,0,2,official,principal
5227,0,1,0.7292937636375427,probability_native,0.7292937636375427,u_37284a7b9ebe924a,0,2,official,principal
992,0,0,0.018088538199663162,probability_native,0.018088538199663162,u_37284a7b9ebe924a,0,2,official,principal
5782,1,1,0.8174062371253967,probability_native,0.8174062371253967,u_37284a7b9ebe924a,0,2,official,principal
5144,0,1,0.6566191911697388,probability_native,0.6566191911697388,u_37284a7b9ebe924a,0,2,official,principal
5506,0,0,0.35069966316223145,probability_native,0.35069966316223145,u_37284a7b9ebe924a,0,2,official,principal
5693,0,0,0.02784978598356247,probability_native,0.02784978598356247,u_37284a7b9ebe924a,0,2,official,principal
6540,0,0,0.07930399477481842,probability_native,0.07930399477481842,u_37284a7b9ebe924a,0,2,official,principal
3396,0,0,0.11687978357076645,probability_native,0.11687978357076645,u_37284a7b9ebe924a,0,2,official,principal
1551,0,0,0.023009752854704857,probability_native,0.023009752854704857,u_37284a7b9ebe924a,0,2,official,principal
3873,0,0,0.01756586879491806,probability_native,0.01756586879491806,u_37284a7b9ebe924a,0,2,official,principal
6649,0,0,0.07863977551460266,probability_native,0.07863977551460266,u_37284a7b9ebe924a,0,2,official,principal
316,0,0,0.01236091461032629,probability_native,0.01236091461032629,u_37284a7b9ebe924a,0,2,official,principal
5894,1,0,0.41517361998558044,probability_native,0.41517361998558044,u_37284a7b9ebe924a,0,2,official,principal
341,0,0,0.013186667114496231,probability_native,0.013186667114496231,u_37284a7b9ebe924a,0,2,official,principal
1471,0,0,0.2840663492679596,probability_native,0.2840663492679596,u_37284a7b9ebe924a,0,2,official,principal
3488,0,0,0.3099991977214813,probability_native,0.3099991977214813,u_37284a7b9ebe924a,0,2,official,principal
7012,0,0,0.04758787155151367,probability_native,0.04758787155151367,u_37284a7b9ebe924a,0,2,official,principal
2052,0,1,0.5083267092704773,probability_native,0.5083267092704773,u_37284a7b9ebe924a,0,2,official,principal
5916,0,0,0.04234587773680687,probability_native,0.04234587773680687,u_37284a7b9ebe924a,0,2,official,principal
5293,0,0,0.12023081630468369,probability_native,0.12023081630468369,u_37284a7b9ebe924a,0,2,official,principal
6084,0,0,0.4226100444793701,probability_native,0.4226100444793701,u_37284a7b9ebe924a,0,2,official,principal
4246,0,0,0.17080071568489075,probability_native,0.17080071568489075,u_37284a7b9ebe924a,0,2,official,principal
1093,0,0,0.04765267297625542,probability_native,0.04765267297625542,u_37284a7b9ebe924a,0,2,official,principal
6695,0,0,0.00789785198867321,probability_native,0.00789785198867321,u_37284a7b9ebe924a,0,2,official,principal
2220,0,0,0.010577368550002575,probability_native,0.010577368550002575,u_37284a7b9ebe924a,0,2,official,principal
4369,1,0,0.43230000138282776,probability_native,0.43230000138282776,u_37284a7b9ebe924a,0,2,official,principal
2071,0,0,0.04339519143104553,probability_native,0.04339519143104553,u_37284a7b9ebe924a,0,2,official,principal
863,1,1,0.731810450553894,probability_native,0.731810450553894,u_37284a7b9ebe924a,0,2,official,principal
544,1,0,0.18989026546478271,probability_native,0.18989026546478271,u_37284a7b9ebe924a,0,2,official,principal
5830,0,0,0.031715042889118195,probability_native,0.031715042889118195,u_37284a7b9ebe924a,0,2,official,principal
313,0,1,0.6912503838539124,probability_native,0.6912503838539124,u_37284a7b9ebe924a,0,2,official,principal
649,0,0,0.2697010040283203,probability_native,0.2697010040283203,u_37284a7b9ebe924a,0,2,official,principal
5388,1,0,0.3080410659313202,probability_native,0.3080410659313202,u_37284a7b9ebe924a,0,2,official,principal
161,1,0,0.38486167788505554,probability_native,0.38486167788505554,u_37284a7b9ebe924a,0,2,official,principal
3331,0,0,0.08531931042671204,probability_native,0.08531931042671204,u_37284a7b9ebe924a,0,2,official,principal
5189,0,1,0.6216564774513245,probability_native,0.6216564774513245,u_37284a7b9ebe924a,0,2,official,principal
4532,1,1,0.6250450015068054,probability_native,0.6250450015068054,u_37284a7b9ebe924a,0,2,official,principal
4635,0,0,0.012319589033722878,probability_native,0.012319589033722878,u_37284a7b9ebe924a,0,2,official,principal
3194,1,0,0.20887237787246704,probability_native,0.20887237787246704,u_37284a7b9ebe924a,0,2,official,principal
