row_id,y_true,y_pred,score_positive,score_type,probability_native,unit_id,outer_fold,replicate,purpose,variant
3151,0,0,0.4896245687609524,probability_native,0.4896245687609524,u_6e9c69a582120421,4,0,official,principal
3867,0,0,0.1563015828035329,probability_native,0.1563015828035329,u_6e9c69a582120421,4,0,official,principal
6950,0,1,0.5022168172776972,probability_native,0.5022168172776972,u_6e9c69a582120421,4,0,official,principal
11,0,0,0.11309905620530389,probability_native,0.11309905620530389,u_6e9c69a582120421,4,0,official,principal
6271,0,0,0.36419257347992784,probability_native,0.36419257347992784,u_6e9c69a582120421,4,0,official,principal
3741,0,0,0.10848290187621608,probability_native,0.10848290187621608,u_6e9c69a582120421,4,0,official,principal
622,0,0,0.4064430182534157,probability_native,0.4064430182534157,u_6e9c69a582120421,4,0,official,principal
6969,1,1,0.6214853807878915,probability_native,0.6214853807878915,u_6e9c69a582120421,4,0,official,principal
1056,1,1,0.8410108470526331,probability_native,0.8410108470526331,u_6e9c69a582120421,4,0,official,principal
2582,0,1,0.7740540690892003,probability_native,0.7740540690892003,u_6e9c69a582120421,4,0,official,principal
4805,0,0,0.029526248423387077,probability_native,0.029526248423387077,u_6e9c69a582120421,4,0,official,principal
5488,0,0,0.3279192658774256,probability_native,0.3279192658774256,u_6e9c69a582120421,4,0,official,principal
4392,0,1,0.5054861494290175,probability_native,0.5054861494290175,u_6e9c69a582120421,4,0,official,principal
3887,1,1,0.6399970211628299,probability_native,0.6399970211628299,u_6e9c69a582120421,4,0,official,principal
2652,0,1,0.7050998510243138,probability_native,0.7050998510243138,u_6e9c69a582120421,4,0,official,principal
3420,0,0,0.32801894651274055,probability_native,0.32801894651274055,u_6e9c69a582120421,4,0,official,principal
6148,0,0,0.04678796702123303,probability_native,0.04678796702123303,u_6e9c69a582120421,4,0,official,principal
6385,1,1,0.839989535268023,probability_native,0.839989535268023,u_6e9c69a582120421,4,0,official,principal
4428,1,1,0.5471436331691502,probability_native,0.5471436331691502,u_6e9c69a582120421,4,0,official,principal
3214,0,0,0.2866024625182155,probability_native,0.2866024625182155,u_6e9c69a582120421,4,0,official,principal
5859,0,0,0.024157007559641706,probability_native,0.024157007559641706,u_6e9c69a582120421,4,0,official,principal
288,1,1,0.7523231373479589,probability_native,0.7523231373479589,u_6e9c69a582120421,4,0,official,principal
2487,0,0,0.2224801855598593,probability_native,0.2224801855598593,u_6e9c69a582120421,4,0,official,principal
3402,1,1,0.8523115082812635,probability_native,0.8523115082812635,u_6e9c69a582120421,4,0,official,principal
6941,0,0,0.13134568661063548,probability_native,0.13134568661063548,u_6e9c69a582120421,4,0,official,principal
4472,0,0,0.11802262446084408,probability_native,0.11802262446084408,u_6e9c69a582120421,4,0,official,principal
1489,0,0,0.11056412736760324,probability_native,0.11056412736760324,u_6e9c69a582120421,4,0,official,principal
4818,0,0,0.2042265851434398,probability_native,0.2042265851434398,u_6e9c69a582120421,4,0,official,principal
1418,0,1,0.5532136141620204,probability_native,0.5532136141620204,u_6e9c69a582120421,4,0,official,principal
4976,0,0,0.12143986272735896,probability_native,0.12143986272735896,u_6e9c69a582120421,4,0,official,principal
2485,1,1,0.756792953651018,probability_native,0.756792953651018,u_6e9c69a582120421,4,0,official,principal
2527,1,1,0.8343754066600678,probability_native,0.8343754066600678,u_6e9c69a582120421,4,0,official,principal
2304,0,0,0.3509301699905594,probability_native,0.3509301699905594,u_6e9c69a582120421,4,0,official,principal
1032,1,1,0.8228364178786295,probability_native,0.8228364178786295,u_6e9c69a582120421,4,0,official,principal
5896,0,0,0.021684005148237956,probability_native,0.021684005148237956,u_6e9c69a582120421,4,0,official,principal
5068,0,0,0.03445382935922985,probability_native,0.03445382935922985,u_6e9c69a582120421,4,0,official,principal
4019,1,1,0.8074789939668477,probability_native,0.8074789939668477,u_6e9c69a582120421,4,0,official,principal
641,1,0,0.4303918578065293,probability_native,0.4303918578065293,u_6e9c69a582120421,4,0,official,principal
6264,0,0,0.20803666993623465,probability_native,0.20803666993623465,u_6e9c69a582120421,4,0,official,principal
5287,0,1,0.5070367117001036,probability_native,0.5070367117001036,u_6e9c69a582120421,4,0,official,principal
3785,1,1,0.8176090070061721,probability_native,0.8176090070061721,u_6e9c69a582120421,4,0,official,principal
1465,0,1,0.6933000225838529,probability_native,0.6933000225838529,u_6e9c69a582120421,4,0,official,principal
5511,0,0,0.06865261967111562,probability_native,0.06865261967111562,u_6e9c69a582120421,4,0,official,principal
690,0,1,0.6428761246113578,probability_native,0.6428761246113578,u_6e9c69a582120421,4,0,official,principal
4660,1,0,0.3469783316652977,probability_native,0.3469783316652977,u_6e9c69a582120421,4,0,official,principal
2616,1,1,0.5844468699694226,probability_native,0.5844468699694226,u_6e9c69a582120421,4,0,official,principal
2443,0,0,0.07250900121277595,probability_native,0.07250900121277595,u_6e9c69a582120421,4,0,official,principal
6003,0,0,0.02775859855371445,probability_native,0.02775859855371445,u_6e9c69a582120421,4,0,official,principal
4484,0,1,0.8782348000612675,probability_native,0.8782348000612675,u_6e9c69a582120421,4,0,official,principal
1102,1,1,0.5799802773664186,probability_native,0.5799802773664186,u_6e9c69a582120421,4,0,official,principal
6788,0,0,0.1398313404071091,probability_native,0.1398313404071091,u_6e9c69a582120421,4,0,official,principal
2147,0,0,0.36351704945310964,probability_native,0.36351704945310964,u_6e9c69a582120421,4,0,official,principal
6102,0,0,0.03198153368709959,probability_native,0.03198153368709959,u_6e9c69a582120421,4,0,official,principal
3683,0,0,0.07619744310890442,probability_native,0.07619744310890442,u_6e9c69a582120421,4,0,official,principal
2671,0,1,0.5653913609659458,probability_native,0.5653913609659458,u_6e9c69a582120421,4,0,official,principal
3838,0,1,0.6492417473790806,probability_native,0.6492417473790806,u_6e9c69a582120421,4,0,official,principal
3246,1,1,0.6473331048494031,probability_native,0.6473331048494031,u_6e9c69a582120421,4,0,official,principal
5385,1,0,0.44750705131631446,probability_native,0.44750705131631446,u_6e9c69a582120421,4,0,official,principal
3748,0,0,0.09097837498169305,probability_native,0.09097837498169305,u_6e9c69a582120421,4,0,official,principal
1896,0,0,0.22619623021962848,probability_native,0.22619623021962848,u_6e9c69a582120421,4,0,official,principal
4337,0,1,0.5443993295860065,probability_native,0.5443993295860065,u_6e9c69a582120421,4,0,official,principal
3745,1,1,0.8304192745256768,probability_native,0.8304192745256768,u_6e9c69a582120421,4,0,official,principal
4429,0,0,0.043021786511066314,probability_native,0.043021786511066314,u_6e9c69a582120421,4,0,official,principal
3298,0,0,0.45409256958531297,probability_native,0.45409256958531297,u_6e9c69a582120421,4,0,official,principal
2045,0,0,0.38041968675552423,probability_native,0.38041968675552423,u_6e9c69a582120421,4,0,official,principal
6297,0,0,0.27499077168576547,probability_native,0.27499077168576547,u_6e9c69a582120421,4,0,official,principal
3811,0,1,0.5879570845259341,probability_native,0.5879570845259341,u_6e9c69a582120421,4,0,official,principal
2572,0,0,0.026095557271606142,probability_native,0.026095557271606142,u_6e9c69a582120421,4,0,official,principal
6581,0,0,0.17441433477077362,probability_native,0.17441433477077362,u_6e9c69a582120421,4,0,official,principal
5600,1,1,0.7013675097979996,probability_native,0.7013675097979996,u_6e9c69a582120421,4,0,official,principal
4908,1,1,0.7213819058315702,probability_native,0.7213819058315702,u_6e9c69a582120421,4,0,official,principal
5517,0,0,0.15755359901103327,probability_native,0.15755359901103327,u_6e9c69a582120421,4,0,official,principal
6513,0,0,0.31772347539403534,probability_native,0.31772347539403534,u_6e9c69a582120421,4,0,official,principal
5648,0,0,0.34919246645443885,probability_native,0.34919246645443885,u_6e9c69a582120421,4,0,official,principal
4718,0,0,0.08295751500536984,probability_native,0.08295751500536984,u_6e9c69a582120421,4,0,official,principal
682,0,0,0.4144114206731719,probability_native,0.4144114206731719,u_6e9c69a582120421,4,0,official,principal
5616,0,0,0.30029355672699337,probability_native,0.30029355672699337,u_6e9c69a582120421,4,0,official,principal
414,0,1,0.5734419065435151,probability_native,0.5734419065435151,u_6e9c69a582120421,4,0,official,principal
6214,0,0,0.048080572428179084,probability_native,0.048080572428179084,u_6e9c69a582120421,4,0,official,principal
5196,0,0,0.4061063006916191,probability_native,0.4061063006916191,u_6e9c69a582120421,4,0,official,principal
1821,1,1,0.5835621498122332,probability_native,0.5835621498122332,u_6e9c69a582120421,4,0,official,principal
5679,1,1,0.8261307733542681,probability_native,0.8261307733542681,u_6e9c69a582120421,4,0,official,principal
1169,0,0,0.3131930516065184,probability_native,0.3131930516065184,u_6e9c69a582120421,4,0,official,principal
2737,0,1,0.5728122088133284,probability_native,0.5728122088133284,u_6e9c69a582120421,4,0,official,principal
6521,0,0,0.059923294319850016,probability_native,0.059923294319850016,u_6e9c69a582120421,4,0,official,principal
4790,0,1,0.7015456084391151,probability_native,0.7015456084391151,u_6e9c69a582120421,4,0,official,principal
872,0,0,0.043683833514384984,probability_native,0.043683833514384984,u_6e9c69a582120421,4,0,official,principal
4574,0,0,0.3517665108442383,probability_native,0.3517665108442383,u_6e9c69a582120421,4,0,official,principal
1028,1,1,0.7122380654920994,probability_native,0.7122380654920994,u_6e9c69a582120421,4,0,official,principal
3245,1,0,0.39866414283393553,probability_native,0.39866414283393553,u_6e9c69a582120421,4,0,official,principal
3156,0,0,0.17690541363192178,probability_native,0.17690541363192178,u_6e9c69a582120421,4,0,official,principal
889,1,0,0.4390440027577132,probability_native,0.4390440027577132,u_6e9c69a582120421,4,0,official,principal
579,0,0,0.4889137570345808,probability_native,0.4889137570345808,u_6e9c69a582120421,4,0,official,principal
6411,0,1,0.7986007014578537,probability_native,0.7986007014578537,u_6e9c69a582120421,4,0,official,principal
1970,1,1,0.8282328159463905,probability_native,0.8282328159463905,u_6e9c69a582120421,4,0,official,principal
3566,0,0,0.2073793824769765,probability_native,0.2073793824769765,u_6e9c69a582120421,4,0,official,principal
2188,0,0,0.4723412454113383,probability_native,0.4723412454113383,u_6e9c69a582120421,4,0,official,principal
2984,0,0,0.09112729246322626,probability_native,0.09112729246322626,u_6e9c69a582120421,4,0,official,principal
2023,1,1,0.8167975445967053,probability_native,0.8167975445967053,u_6e9c69a582120421,4,0,official,principal
5584,1,1,0.7141916839638498,probability_native,0.7141916839638498,u_6e9c69a582120421,4,0,official,principal
5677,0,0,0.3284649747971219,probability_native,0.3284649747971219,u_6e9c69a582120421,4,0,official,principal
3913,0,0,0.02337631033010761,probability_native,0.02337631033010761,u_6e9c69a582120421,4,0,official,principal
4550,0,0,0.03986864497915365,probability_native,0.03986864497915365,u_6e9c69a582120421,4,0,official,principal
1621,1,1,0.7028373529293607,probability_native,0.7028373529293607,u_6e9c69a582120421,4,0,official,principal
2173,0,1,0.7630889351857089,probability_native,0.7630889351857089,u_6e9c69a582120421,4,0,official,principal
2726,0,0,0.04450429260604924,probability_native,0.04450429260604924,u_6e9c69a582120421,4,0,official,principal
3606,0,1,0.5566264690919247,probability_native,0.5566264690919247,u_6e9c69a582120421,4,0,official,principal
6728,0,0,0.09284938793113869,probability_native,0.09284938793113869,u_6e9c69a582120421,4,0,official,principal
4014,0,0,0.3405274374305877,probability_native,0.3405274374305877,u_6e9c69a582120421,4,0,official,principal
3855,0,0,0.1756930792358499,probability_native,0.1756930792358499,u_6e9c69a582120421,4,0,official,principal
61,0,1,0.5594314034086527,probability_native,0.5594314034086527,u_6e9c69a582120421,4,0,official,principal
6329,0,0,0.29301416143126985,probability_native,0.29301416143126985,u_6e9c69a582120421,4,0,official,principal
1000,1,1,0.8388802257353473,probability_native,0.8388802257353473,u_6e9c69a582120421,4,0,official,principal
1598,0,0,0.06103514338757119,probability_native,0.06103514338757119,u_6e9c69a582120421,4,0,official,principal
5482,1,0,0.15512221112459146,probability_native,0.15512221112459146,u_6e9c69a582120421,4,0,official,principal
3390,0,0,0.0934459466871486,probability_native,0.0934459466871486,u_6e9c69a582120421,4,0,official,principal
4541,1,1,0.6965052119982685,probability_native,0.6965052119982685,u_6e9c69a582120421,4,0,official,principal
4085,0,0,0.2821711766854933,probability_native,0.2821711766854933,u_6e9c69a582120421,4,0,official,principal
5984,1,1,0.7964610689355156,probability_native,0.7964610689355156,u_6e9c69a582120421,4,0,official,principal
6640,0,0,0.06649547030290108,probability_native,0.06649547030290108,u_6e9c69a582120421,4,0,official,principal
5432,1,1,0.5599103431659467,probability_native,0.5599103431659467,u_6e9c69a582120421,4,0,official,principal
6085,1,1,0.6711024964598546,probability_native,0.6711024964598546,u_6e9c69a582120421,4,0,official,principal
1121,0,0,0.1845777341329185,probability_native,0.1845777341329185,u_6e9c69a582120421,4,0,official,principal
5810,1,1,0.7225118026328526,probability_native,0.7225118026328526,u_6e9c69a582120421,4,0,official,principal
1994,0,0,0.07374060961708746,probability_native,0.07374060961708746,u_6e9c69a582120421,4,0,official,principal
850,0,0,0.04925693660255935,probability_native,0.04925693660255935,u_6e9c69a582120421,4,0,official,principal
6600,1,0,0.4762134207870824,probability_native,0.4762134207870824,u_6e9c69a582120421,4,0,official,principal
5334,1,0,0.309869875101567,probability_native,0.309869875101567,u_6e9c69a582120421,4,0,official,principal
5323,0,0,0.36827133363424336,probability_native,0.36827133363424336,u_6e9c69a582120421,4,0,official,principal
3177,0,0,0.0698604524257195,probability_native,0.0698604524257195,u_6e9c69a582120421,4,0,official,principal
845,0,0,0.11187770166867937,probability_native,0.11187770166867937,u_6e9c69a582120421,4,0,official,principal
3190,0,0,0.076181593605389,probability_native,0.076181593605389,u_6e9c69a582120421,4,0,official,principal
5720,0,0,0.4708009006965046,probability_native,0.4708009006965046,u_6e9c69a582120421,4,0,official,principal
7019,0,0,0.04614395990964479,probability_native,0.04614395990964479,u_6e9c69a582120421,4,0,official,principal
942,0,1,0.5933142764683997,probability_native,0.5933142764683997,u_6e9c69a582120421,4,0,official,principal
1609,0,1,0.534584204505471,probability_native,0.534584204505471,u_6e9c69a582120421,4,0,official,principal
2311,0,0,0.4549254261383019,probability_native,0.4549254261383019,u_6e9c69a582120421,4,0,official,principal
3835,0,0,0.06866760003686895,probability_native,0.06866760003686895,u_6e9c69a582120421,4,0,official,principal
766,0,1,0.5641137058307483,probability_native,0.5641137058307483,u_6e9c69a582120421,4,0,official,principal
3358,0,0,0.19137447702634486,probability_native,0.19137447702634486,u_6e9c69a582120421,4,0,official,principal
5552,0,0,0.07168162184841682,probability_native,0.07168162184841682,u_6e9c69a582120421,4,0,official,principal
1589,0,1,0.6336281880060093,probability_native,0.6336281880060093,u_6e9c69a582120421,4,0,official,principal
3765,0,0,0.4138883778673365,probability_native,0.4138883778673365,u_6e9c69a582120421,4,0,official,principal
6829,0,0,0.040934564412505293,probability_native,0.040934564412505293,u_6e9c69a582120421,4,0,official,principal
1160,0,1,0.6915740732467905,probability_native,0.6915740732467905,u_6e9c69a582120421,4,0,official,principal
2904,1,0,0.4460411479937442,probability_native,0.4460411479937442,u_6e9c69a582120421,4,0,official,principal
1152,0,1,0.5675785728388202,probability_native,0.5675785728388202,u_6e9c69a582120421,4,0,official,principal
4324,0,0,0.351855227021279,probability_native,0.351855227021279,u_6e9c69a582120421,4,0,official,principal
3791,0,1,0.7784447252835673,probability_native,0.7784447252835673,u_6e9c69a582120421,4,0,official,principal
279,0,1,0.6132754714398083,probability_native,0.6132754714398083,u_6e9c69a582120421,4,0,official,principal
1902,0,0,0.011801064725881669,probability_native,0.011801064725881669,u_6e9c69a582120421,4,0,official,principal
1865,0,1,0.5692144037302453,probability_native,0.5692144037302453,u_6e9c69a582120421,4,0,official,principal
1139,0,0,0.0726477975546374,probability_native,0.0726477975546374,u_6e9c69a582120421,4,0,official,principal
6173,0,0,0.42904858943879937,probability_native,0.42904858943879937,u_6e9c69a582120421,4,0,official,principal
1415,0,0,0.36103522287167045,probability_native,0.36103522287167045,u_6e9c69a582120421,4,0,official,principal
4716,0,0,0.05137302206779484,probability_native,0.05137302206779484,u_6e9c69a582120421,4,0,official,principal
2707,1,1,0.7706298041922703,probability_native,0.7706298041922703,u_6e9c69a582120421,4,0,official,principal
343,0,0,0.07918000947877263,probability_native,0.07918000947877263,u_6e9c69a582120421,4,0,official,principal
769,0,0,0.19559397421473082,probability_native,0.19559397421473082,u_6e9c69a582120421,4,0,official,principal
5606,0,0,0.18974275174927213,probability_native,0.18974275174927213,u_6e9c69a582120421,4,0,official,principal
5995,0,0,0.07765682373516271,probability_native,0.07765682373516271,u_6e9c69a582120421,4,0,official,principal
2131,0,0,0.06722042894389996,probability_native,0.06722042894389996,u_6e9c69a582120421,4,0,official,principal
883,0,0,0.45156540108307974,probability_native,0.45156540108307974,u_6e9c69a582120421,4,0,official,principal
4282,0,0,0.309300013463128,probability_native,0.309300013463128,u_6e9c69a582120421,4,0,official,principal
2252,0,0,0.08958318289587021,probability_native,0.08958318289587021,u_6e9c69a582120421,4,0,official,principal
2917,0,0,0.03381890272083803,probability_native,0.03381890272083803,u_6e9c69a582120421,4,0,official,principal
6254,0,0,0.22810607862952512,probability_native,0.22810607862952512,u_6e9c69a582120421,4,0,official,principal
2317,0,0,0.03203328232749927,probability_native,0.03203328232749927,u_6e9c69a582120421,4,0,official,principal
6116,0,0,0.19643425658436786,probability_native,0.19643425658436786,u_6e9c69a582120421,4,0,official,principal
2344,0,0,0.14418681286873544,probability_native,0.14418681286873544,u_6e9c69a582120421,4,0,official,principal
3143,0,0,0.4797621428713193,probability_native,0.4797621428713193,u_6e9c69a582120421,4,0,official,principal
6828,0,0,0.07666144748316675,probability_native,0.07666144748316675,u_6e9c69a582120421,4,0,official,principal
1643,0,1,0.508618472137051,probability_native,0.508618472137051,u_6e9c69a582120421,4,0,official,principal
2396,0,0,0.2780610045823469,probability_native,0.2780610045823469,u_6e9c69a582120421,4,0,official,principal
5439,1,1,0.642454515731442,probability_native,0.642454515731442,u_6e9c69a582120421,4,0,official,principal
5159,0,1,0.80309633080789,probability_native,0.80309633080789,u_6e9c69a582120421,4,0,official,principal
867,0,0,0.4363710050469769,probability_native,0.4363710050469769,u_6e9c69a582120421,4,0,official,principal
3209,1,1,0.9044056569611372,probability_native,0.9044056569611372,u_6e9c69a582120421,4,0,official,principal
3106,0,0,0.053014367576652566,probability_native,0.053014367576652566,u_6e9c69a582120421,4,0,official,principal
4874,1,0,0.3727277364027161,probability_native,0.3727277364027161,u_6e9c69a582120421,4,0,official,principal
742,1,1,0.6969445947639883,probability_native,0.6969445947639883,u_6e9c69a582120421,4,0,official,principal
4176,0,0,0.08321257101911841,probability_native,0.08321257101911841,u_6e9c69a582120421,4,0,official,principal
2589,1,1,0.8480626353552445,probability_native,0.8480626353552445,u_6e9c69a582120421,4,0,official,principal
4288,1,1,0.7406598437967362,probability_native,0.7406598437967362,u_6e9c69a582120421,4,0,official,principal
5917,0,0,0.3010184817163026,probability_native,0.3010184817163026,u_6e9c69a582120421,4,0,official,principal
1537,0,0,0.10427800648255221,probability_native,0.10427800648255221,u_6e9c69a582120421,4,0,official,principal
6775,0,0,0.1579387246055014,probability_native,0.1579387246055014,u_6e9c69a582120421,4,0,official,principal
3277,0,0,0.08044678144786925,probability_native,0.08044678144786925,u_6e9c69a582120421,4,0,official,principal
5650,0,0,0.24357975568483833,probability_native,0.24357975568483833,u_6e9c69a582120421,4,0,official,principal
4837,1,1,0.8562601241473327,probability_native,0.8562601241473327,u_6e9c69a582120421,4,0,official,principal
6168,1,1,0.8808771251088541,probability_native,0.8808771251088541,u_6e9c69a582120421,4,0,official,principal
4796,0,0,0.4023067036532829,probability_native,0.4023067036532829,u_6e9c69a582120421,4,0,official,principal
1928,1,0,0.21693913976228557,probability_native,0.21693913976228557,u_6e9c69a582120421,4,0,official,principal
5,1,1,0.8642512958752788,probability_native,0.8642512958752788,u_6e9c69a582120421,4,0,official,principal
4548,1,1,0.586200037032237,probability_native,0.586200037032237,u_6e9c69a582120421,4,0,official,principal
5498,1,1,0.7426935205008085,probability_native,0.7426935205008085,u_6e9c69a582120421,4,0,official,principal
1430,0,0,0.16013882475055258,probability_native,0.16013882475055258,u_6e9c69a582120421,4,0,official,principal
6472,0,0,0.1605625773065254,probability_native,0.1605625773065254,u_6e9c69a582120421,4,0,official,principal
727,0,1,0.7961297089426367,probability_native,0.7961297089426367,u_6e9c69a582120421,4,0,official,principal
4168,0,0,0.03295433187563904,probability_native,0.03295433187563904,u_6e9c69a582120421,4,0,official,principal
6653,0,0,0.4044820222861154,probability_native,0.4044820222861154,u_6e9c69a582120421,4,0,official,principal
932,0,0,0.05107043701120184,probability_native,0.05107043701120184,u_6e9c69a582120421,4,0,official,principal
6836,1,1,0.8196314138859829,probability_native,0.8196314138859829,u_6e9c69a582120421,4,0,official,principal
5640,1,1,0.8410959153302149,probability_native,0.8410959153302149,u_6e9c69a582120421,4,0,official,principal
3267,0,0,0.04454107817530126,probability_native,0.04454107817530126,u_6e9c69a582120421,4,0,official,principal
3183,1,1,0.6466494161139306,probability_native,0.6466494161139306,u_6e9c69a582120421,4,0,official,principal
4534,0,1,0.6506110816277834,probability_native,0.6506110816277834,u_6e9c69a582120421,4,0,official,principal
6072,0,0,0.23234630018873983,probability_native,0.23234630018873983,u_6e9c69a582120421,4,0,official,principal
5209,0,0,0.10255435279768704,probability_native,0.10255435279768704,u_6e9c69a582120421,4,0,official,principal
5230,0,0,0.2391347459926628,probability_native,0.2391347459926628,u_6e9c69a582120421,4,0,official,principal
6532,0,0,0.1741730574426471,probability_native,0.1741730574426471,u_6e9c69a582120421,4,0,official,principal
1759,0,0,0.21997922985705054,probability_native,0.21997922985705054,u_6e9c69a582120421,4,0,official,principal
5703,0,0,0.038461071520909246,probability_native,0.038461071520909246,u_6e9c69a582120421,4,0,official,principal
4302,0,0,0.18795401311000592,probability_native,0.18795401311000592,u_6e9c69a582120421,4,0,official,principal
1027,0,0,0.2006654062091619,probability_native,0.2006654062091619,u_6e9c69a582120421,4,0,official,principal
3809,0,0,0.09482267670668022,probability_native,0.09482267670668022,u_6e9c69a582120421,4,0,official,principal
3319,1,1,0.5942998395019269,probability_native,0.5942998395019269,u_6e9c69a582120421,4,0,official,principal
6077,0,0,0.2455516672659834,probability_native,0.2455516672659834,u_6e9c69a582120421,4,0,official,principal
4948,0,1,0.6129392029805243,probability_native,0.6129392029805243,u_6e9c69a582120421,4,0,official,principal
921,0,0,0.299867395530639,probability_native,0.299867395530639,u_6e9c69a582120421,4,0,official,principal
3618,0,0,0.42116786176027865,probability_native,0.42116786176027865,u_6e9c69a582120421,4,0,official,principal
452,0,0,0.2866962910967095,probability_native,0.2866962910967095,u_6e9c69a582120421,4,0,official,principal
5919,0,0,0.06996600165042965,probability_native,0.06996600165042965,u_6e9c69a582120421,4,0,official,principal
4306,0,0,0.3690601214664487,probability_native,0.3690601214664487,u_6e9c69a582120421,4,0,official,principal
774,1,0,0.48743932859786,probability_native,0.48743932859786,u_6e9c69a582120421,4,0,official,principal
4920,0,0,0.01682464885176165,probability_native,0.01682464885176165,u_6e9c69a582120421,4,0,official,principal
3410,1,1,0.6091635138508807,probability_native,0.6091635138508807,u_6e9c69a582120421,4,0,official,principal
1625,1,1,0.703524196828343,probability_native,0.703524196828343,u_6e9c69a582120421,4,0,official,principal
2716,0,0,0.3235325322024279,probability_native,0.3235325322024279,u_6e9c69a582120421,4,0,official,principal
2996,0,0,0.32672466780877146,probability_native,0.32672466780877146,u_6e9c69a582120421,4,0,official,principal
4518,1,1,0.8004031570972958,probability_native,0.8004031570972958,u_6e9c69a582120421,4,0,official,principal
178,0,1,0.7139679835507089,probability_native,0.7139679835507089,u_6e9c69a582120421,4,0,official,principal
2920,0,0,0.02060922591064064,probability_native,0.02060922591064064,u_6e9c69a582120421,4,0,official,principal
2238,0,1,0.8074244342030545,probability_native,0.8074244342030545,u_6e9c69a582120421,4,0,official,principal
1378,0,0,0.3474777001354805,probability_native,0.3474777001354805,u_6e9c69a582120421,4,0,official,principal
3023,0,0,0.012586954886305004,probability_native,0.012586954886305004,u_6e9c69a582120421,4,0,official,principal
4885,0,0,0.1624817549834028,probability_native,0.1624817549834028,u_6e9c69a582120421,4,0,official,principal
3191,0,1,0.5224950326386959,probability_native,0.5224950326386959,u_6e9c69a582120421,4,0,official,principal
6547,0,0,0.21090627729409955,probability_native,0.21090627729409955,u_6e9c69a582120421,4,0,official,principal
4763,0,1,0.5900415424669389,probability_native,0.5900415424669389,u_6e9c69a582120421,4,0,official,principal
1341,1,1,0.6062480328732414,probability_native,0.6062480328732414,u_6e9c69a582120421,4,0,official,principal
5763,0,1,0.8142528591630729,probability_native,0.8142528591630729,u_6e9c69a582120421,4,0,official,principal
6814,0,0,0.42281248238741215,probability_native,0.42281248238741215,u_6e9c69a582120421,4,0,official,principal
490,0,0,0.37750179170564285,probability_native,0.37750179170564285,u_6e9c69a582120421,4,0,official,principal
5564,0,0,0.06623516130577631,probability_native,0.06623516130577631,u_6e9c69a582120421,4,0,official,principal
6166,1,1,0.5975263334926101,probability_native,0.5975263334926101,u_6e9c69a582120421,4,0,official,principal
397,1,1,0.5856539159193932,probability_native,0.5856539159193932,u_6e9c69a582120421,4,0,official,principal
2583,0,0,0.11905877042602199,probability_native,0.11905877042602199,u_6e9c69a582120421,4,0,official,principal
591,0,0,0.13497094784329033,probability_native,0.13497094784329033,u_6e9c69a582120421,4,0,official,principal
3937,0,0,0.27429338669333275,probability_native,0.27429338669333275,u_6e9c69a582120421,4,0,official,principal
2182,0,0,0.3653370149548342,probability_native,0.3653370149548342,u_6e9c69a582120421,4,0,official,principal
6915,0,0,0.3519568475044613,probability_native,0.3519568475044613,u_6e9c69a582120421,4,0,official,principal
3169,0,0,0.17855634201533824,probability_native,0.17855634201533824,u_6e9c69a582120421,4,0,official,principal
3078,1,1,0.8867630979205222,probability_native,0.8867630979205222,u_6e9c69a582120421,4,0,official,principal
3603,1,1,0.729880772316032,probability_native,0.729880772316032,u_6e9c69a582120421,4,0,official,principal
4397,0,0,0.11226542866467497,probability_native,0.11226542866467497,u_6e9c69a582120421,4,0,official,principal
4315,1,1,0.8524117899681751,probability_native,0.8524117899681751,u_6e9c69a582120421,4,0,official,principal
5900,1,0,0.24181175125195598,probability_native,0.24181175125195598,u_6e9c69a582120421,4,0,official,principal
6376,0,0,0.10248324310565322,probability_native,0.10248324310565322,u_6e9c69a582120421,4,0,official,principal
4677,1,1,0.708372366424245,probability_native,0.708372366424245,u_6e9c69a582120421,4,0,official,principal
2289,0,0,0.13402621133862908,probability_native,0.13402621133862908,u_6e9c69a582120421,4,0,official,principal
4945,0,0,0.022000033585413158,probability_native,0.022000033585413158,u_6e9c69a582120421,4,0,official,principal
84,0,0,0.04947332317189953,probability_native,0.04947332317189953,u_6e9c69a582120421,4,0,official,principal
462,1,1,0.7316697242650689,probability_native,0.7316697242650689,u_6e9c69a582120421,4,0,official,principal
4829,0,1,0.5289854839543642,probability_native,0.5289854839543642,u_6e9c69a582120421,4,0,official,principal
5254,0,0,0.09440177332104971,probability_native,0.09440177332104971,u_6e9c69a582120421,4,0,official,principal
3206,0,0,0.3166923688595565,probability_native,0.3166923688595565,u_6e9c69a582120421,4,0,official,principal
4619,1,1,0.7377054236729605,probability_native,0.7377054236729605,u_6e9c69a582120421,4,0,official,principal
1186,0,0,0.07072416954259779,probability_native,0.07072416954259779,u_6e9c69a582120421,4,0,official,principal
2698,0,0,0.4884528645601662,probability_native,0.4884528645601662,u_6e9c69a582120421,4,0,official,principal
2093,0,0,0.3416227975721435,probability_native,0.3416227975721435,u_6e9c69a582120421,4,0,official,principal
3423,1,0,0.4971099021076632,probability_native,0.4971099021076632,u_6e9c69a582120421,4,0,official,principal
3290,0,0,0.4786965421355241,probability_native,0.4786965421355241,u_6e9c69a582120421,4,0,official,principal
1270,0,0,0.014013502535218573,probability_native,0.014013502535218573,u_6e9c69a582120421,4,0,official,principal
5188,0,1,0.6741314743923367,probability_native,0.6741314743923367,u_6e9c69a582120421,4,0,official,principal
119,0,0,0.40625508797671805,probability_native,0.40625508797671805,u_6e9c69a582120421,4,0,official,principal
6410,0,0,0.17321062665417372,probability_native,0.17321062665417372,u_6e9c69a582120421,4,0,official,principal
158,0,0,0.09956077972502982,probability_native,0.09956077972502982,u_6e9c69a582120421,4,0,official,principal
1613,0,0,0.20667520553460136,probability_native,0.20667520553460136,u_6e9c69a582120421,4,0,official,principal
2389,0,0,0.22074161645443147,probability_native,0.22074161645443147,u_6e9c69a582120421,4,0,official,principal
5070,1,0,0.38468639483689254,probability_native,0.38468639483689254,u_6e9c69a582120421,4,0,official,principal
536,0,1,0.5214990647400698,probability_native,0.5214990647400698,u_6e9c69a582120421,4,0,official,principal
4214,1,1,0.8540469964295764,probability_native,0.8540469964295764,u_6e9c69a582120421,4,0,official,principal
4878,0,0,0.3486326761781378,probability_native,0.3486326761781378,u_6e9c69a582120421,4,0,official,principal
2283,1,1,0.8502106830082036,probability_native,0.8502106830082036,u_6e9c69a582120421,4,0,official,principal
5962,0,0,0.49569443020882786,probability_native,0.49569443020882786,u_6e9c69a582120421,4,0,official,principal
6475,0,0,0.25004218818507895,probability_native,0.25004218818507895,u_6e9c69a582120421,4,0,official,principal
3272,1,1,0.7119707155151079,probability_native,0.7119707155151079,u_6e9c69a582120421,4,0,official,principal
2712,0,0,0.48343718684374265,probability_native,0.48343718684374265,u_6e9c69a582120421,4,0,official,principal
2267,0,0,0.04769160163647047,probability_native,0.04769160163647047,u_6e9c69a582120421,4,0,official,principal
4962,0,0,0.30196389020494363,probability_native,0.30196389020494363,u_6e9c69a582120421,4,0,official,principal
197,0,1,0.6136789699328622,probability_native,0.6136789699328622,u_6e9c69a582120421,4,0,official,principal
2433,0,0,0.21898510528117782,probability_native,0.21898510528117782,u_6e9c69a582120421,4,0,official,principal
2642,1,1,0.6120160790617146,probability_native,0.6120160790617146,u_6e9c69a582120421,4,0,official,principal
651,1,1,0.8307396310432565,probability_native,0.8307396310432565,u_6e9c69a582120421,4,0,official,principal
1951,0,0,0.35343472932840825,probability_native,0.35343472932840825,u_6e9c69a582120421,4,0,official,principal
1020,0,0,0.20782755413001225,probability_native,0.20782755413001225,u_6e9c69a582120421,4,0,official,principal
5216,1,0,0.15498412415020738,probability_native,0.15498412415020738,u_6e9c69a582120421,4,0,official,principal
689,0,0,0.4905318976203295,probability_native,0.4905318976203295,u_6e9c69a582120421,4,0,official,principal
3029,1,0,0.16372811564514822,probability_native,0.16372811564514822,u_6e9c69a582120421,4,0,official,principal
3269,0,0,0.11596039692666885,probability_native,0.11596039692666885,u_6e9c69a582120421,4,0,official,principal
2300,1,0,0.29304186078143746,probability_native,0.29304186078143746,u_6e9c69a582120421,4,0,official,principal
4582,0,0,0.020221334983500948,probability_native,0.020221334983500948,u_6e9c69a582120421,4,0,official,principal
1579,1,1,0.788909599060425,probability_native,0.788909599060425,u_6e9c69a582120421,4,0,official,principal
6170,0,0,0.4591694777386957,probability_native,0.4591694777386957,u_6e9c69a582120421,4,0,official,principal
5557,0,1,0.7780460267370308,probability_native,0.7780460267370308,u_6e9c69a582120421,4,0,official,principal
1748,0,0,0.04960141876619943,probability_native,0.04960141876619943,u_6e9c69a582120421,4,0,official,principal
1555,1,0,0.34980604658412084,probability_native,0.34980604658412084,u_6e9c69a582120421,4,0,official,principal
5556,1,1,0.7426617119339227,probability_native,0.7426617119339227,u_6e9c69a582120421,4,0,official,principal
445,1,1,0.7237128569123084,probability_native,0.7237128569123084,u_6e9c69a582120421,4,0,official,principal
5952,0,0,0.44560466068714377,probability_native,0.44560466068714377,u_6e9c69a582120421,4,0,official,principal
5942,1,1,0.7090342117385685,probability_native,0.7090342117385685,u_6e9c69a582120421,4,0,official,principal
2382,0,0,0.1604362941844308,probability_native,0.1604362941844308,u_6e9c69a582120421,4,0,official,principal
5529,0,0,0.496265952022927,probability_native,0.496265952022927,u_6e9c69a582120421,4,0,official,principal
140,0,0,0.03369651456252936,probability_native,0.03369651456252936,u_6e9c69a582120421,4,0,official,principal
2456,0,0,0.03310683484755284,probability_native,0.03310683484755284,u_6e9c69a582120421,4,0,official,principal
5656,0,1,0.6362328435718151,probability_native,0.6362328435718151,u_6e9c69a582120421,4,0,official,principal
3926,0,0,0.4436627263433244,probability_native,0.4436627263433244,u_6e9c69a582120421,4,0,official,principal
2896,0,0,0.16578418172366063,probability_native,0.16578418172366063,u_6e9c69a582120421,4,0,official,principal
2063,0,0,0.09461747568987208,probability_native,0.09461747568987208,u_6e9c69a582120421,4,0,official,principal
5208,0,0,0.2797900609516256,probability_native,0.2797900609516256,u_6e9c69a582120421,4,0,official,principal
4427,0,0,0.19044797495080887,probability_native,0.19044797495080887,u_6e9c69a582120421,4,0,official,principal
6093,0,0,0.30786176425450784,probability_native,0.30786176425450784,u_6e9c69a582120421,4,0,official,principal
2471,1,1,0.5785620722196568,probability_native,0.5785620722196568,u_6e9c69a582120421,4,0,official,principal
5542,0,0,0.06465704184171511,probability_native,0.06465704184171511,u_6e9c69a582120421,4,0,official,principal
3735,0,1,0.8030642045772035,probability_native,0.8030642045772035,u_6e9c69a582120421,4,0,official,principal
3468,0,1,0.586792835081529,probability_native,0.586792835081529,u_6e9c69a582120421,4,0,official,principal
5734,0,0,0.008031461969909575,probability_native,0.008031461969909575,u_6e9c69a582120421,4,0,official,principal
644,0,0,0.308673843422646,probability_native,0.308673843422646,u_6e9c69a582120421,4,0,official,principal
1972,0,1,0.5646673808560599,probability_native,0.5646673808560599,u_6e9c69a582120421,4,0,official,principal
3509,0,1,0.7563008633149718,probability_native,0.7563008633149718,u_6e9c69a582120421,4,0,official,principal
385,1,0,0.2826108213040074,probability_native,0.2826108213040074,u_6e9c69a582120421,4,0,official,principal
6203,0,0,0.15985443128493604,probability_native,0.15985443128493604,u_6e9c69a582120421,4,0,official,principal
6238,0,0,0.45894777220287586,probability_native,0.45894777220287586,u_6e9c69a582120421,4,0,official,principal
3124,0,0,0.020643115171042607,probability_native,0.020643115171042607,u_6e9c69a582120421,4,0,official,principal
291,0,0,0.14359209360652256,probability_native,0.14359209360652256,u_6e9c69a582120421,4,0,official,principal
433,1,1,0.5206444833497762,probability_native,0.5206444833497762,u_6e9c69a582120421,4,0,official,principal
2465,1,1,0.7490266252969832,probability_native,0.7490266252969832,u_6e9c69a582120421,4,0,official,principal
5634,1,1,0.5944466932520741,probability_native,0.5944466932520741,u_6e9c69a582120421,4,0,official,principal
4310,0,0,0.027195591057470915,probability_native,0.027195591057470915,u_6e9c69a582120421,4,0,official,principal
3263,0,0,0.25086856292234533,probability_native,0.25086856292234533,u_6e9c69a582120421,4,0,official,principal
3020,0,0,0.14761302480896885,probability_native,0.14761302480896885,u_6e9c69a582120421,4,0,official,principal
181,0,1,0.7198059867144738,probability_native,0.7198059867144738,u_6e9c69a582120421,4,0,official,principal
5895,0,0,0.3394503355909367,probability_native,0.3394503355909367,u_6e9c69a582120421,4,0,official,principal
5365,0,0,0.056171765567235,probability_native,0.056171765567235,u_6e9c69a582120421,4,0,official,principal
4080,0,0,0.049620435313478976,probability_native,0.049620435313478976,u_6e9c69a582120421,4,0,official,principal
2734,0,0,0.27177994077763173,probability_native,0.27177994077763173,u_6e9c69a582120421,4,0,official,principal
1354,1,1,0.669364942197639,probability_native,0.669364942197639,u_6e9c69a582120421,4,0,official,principal
3734,0,0,0.1860937297763958,probability_native,0.1860937297763958,u_6e9c69a582120421,4,0,official,principal
529,0,0,0.22853904204764341,probability_native,0.22853904204764341,u_6e9c69a582120421,4,0,official,principal
3438,1,1,0.7642798010916176,probability_native,0.7642798010916176,u_6e9c69a582120421,4,0,official,principal
6825,0,1,0.6847544785956682,probability_native,0.6847544785956682,u_6e9c69a582120421,4,0,official,principal
1803,0,0,0.06923953278309529,probability_native,0.06923953278309529,u_6e9c69a582120421,4,0,official,principal
3280,0,0,0.18803393244137567,probability_native,0.18803393244137567,u_6e9c69a582120421,4,0,official,principal
6118,0,0,0.11699664643989056,probability_native,0.11699664643989056,u_6e9c69a582120421,4,0,official,principal
6431,0,0,0.07610004636487754,probability_native,0.07610004636487754,u_6e9c69a582120421,4,0,official,principal
2355,0,0,0.058044651153975446,probability_native,0.058044651153975446,u_6e9c69a582120421,4,0,official,principal
2775,1,0,0.14917420874971427,probability_native,0.14917420874971427,u_6e9c69a582120421,4,0,official,principal
4454,0,0,0.38441573804461526,probability_native,0.38441573804461526,u_6e9c69a582120421,4,0,official,principal
23,0,0,0.12548373089687545,probability_native,0.12548373089687545,u_6e9c69a582120421,4,0,official,principal
2528,1,1,0.7698465613712719,probability_native,0.7698465613712719,u_6e9c69a582120421,4,0,official,principal
1737,0,1,0.5713815806898116,probability_native,0.5713815806898116,u_6e9c69a582120421,4,0,official,principal
4564,1,1,0.6294081306452232,probability_native,0.6294081306452232,u_6e9c69a582120421,4,0,official,principal
1831,0,0,0.22633222583503135,probability_native,0.22633222583503135,u_6e9c69a582120421,4,0,official,principal
2104,1,1,0.7423666534929129,probability_native,0.7423666534929129,u_6e9c69a582120421,4,0,official,principal
4311,1,1,0.5932228077236459,probability_native,0.5932228077236459,u_6e9c69a582120421,4,0,official,principal
4883,1,1,0.7186724308263835,probability_native,0.7186724308263835,u_6e9c69a582120421,4,0,official,principal
5915,0,0,0.09023956861244374,probability_native,0.09023956861244374,u_6e9c69a582120421,4,0,official,principal
2980,0,0,0.034115576685953435,probability_native,0.034115576685953435,u_6e9c69a582120421,4,0,official,principal
1358,0,1,0.5507860259332162,probability_native,0.5507860259332162,u_6e9c69a582120421,4,0,official,principal
4191,0,1,0.6115312041113156,probability_native,0.6115312041113156,u_6e9c69a582120421,4,0,official,principal
1597,0,0,0.19353253625904948,probability_native,0.19353253625904948,u_6e9c69a582120421,4,0,official,principal
4414,0,0,0.20993016565971337,probability_native,0.20993016565971337,u_6e9c69a582120421,4,0,official,principal
5491,0,0,0.285469113206155,probability_native,0.285469113206155,u_6e9c69a582120421,4,0,official,principal
3149,0,0,0.43737841213370193,probability_native,0.43737841213370193,u_6e9c69a582120421,4,0,official,principal
6912,0,1,0.8386015023266874,probability_native,0.8386015023266874,u_6e9c69a582120421,4,0,official,principal
5494,1,1,0.6333776002937115,probability_native,0.6333776002937115,u_6e9c69a582120421,4,0,official,principal
3877,1,0,0.3268309973720532,probability_native,0.3268309973720532,u_6e9c69a582120421,4,0,official,principal
539,0,0,0.07118917766327507,probability_native,0.07118917766327507,u_6e9c69a582120421,4,0,official,principal
4798,0,1,0.6277495018708408,probability_native,0.6277495018708408,u_6e9c69a582120421,4,0,official,principal
1918,0,0,0.3656202675631907,probability_native,0.3656202675631907,u_6e9c69a582120421,4,0,official,principal
144,0,0,0.02274572123995969,probability_native,0.02274572123995969,u_6e9c69a582120421,4,0,official,principal
491,0,1,0.7267975495558154,probability_native,0.7267975495558154,u_6e9c69a582120421,4,0,official,principal
2770,1,1,0.7405809253934368,probability_native,0.7405809253934368,u_6e9c69a582120421,4,0,official,principal
6374,0,0,0.034843580157955925,probability_native,0.034843580157955925,u_6e9c69a582120421,4,0,official,principal
2346,0,0,0.2020656267437748,probability_native,0.2020656267437748,u_6e9c69a582120421,4,0,official,principal
6131,1,1,0.5484739626684506,probability_native,0.5484739626684506,u_6e9c69a582120421,4,0,official,principal
3499,1,1,0.6263324584786466,probability_native,0.6263324584786466,u_6e9c69a582120421,4,0,official,principal
6849,0,0,0.40564351963860235,probability_native,0.40564351963860235,u_6e9c69a582120421,4,0,official,principal
5026,0,0,0.06246079015954126,probability_native,0.06246079015954126,u_6e9c69a582120421,4,0,official,principal
1473,1,1,0.7696508786371407,probability_native,0.7696508786371407,u_6e9c69a582120421,4,0,official,principal
3467,1,1,0.8439629632449609,probability_native,0.8439629632449609,u_6e9c69a582120421,4,0,official,principal
4238,0,0,0.07905872604826857,probability_native,0.07905872604826857,u_6e9c69a582120421,4,0,official,principal
4190,1,1,0.6643744968399655,probability_native,0.6643744968399655,u_6e9c69a582120421,4,0,official,principal
3750,0,0,0.31757048531992454,probability_native,0.31757048531992454,u_6e9c69a582120421,4,0,official,principal
2654,1,1,0.870920659593293,probability_native,0.870920659593293,u_6e9c69a582120421,4,0,official,principal
5657,0,1,0.7647558462992065,probability_native,0.7647558462992065,u_6e9c69a582120421,4,0,official,principal
4468,1,0,0.31329691438433704,probability_native,0.31329691438433704,u_6e9c69a582120421,4,0,official,principal
5128,0,1,0.5792686343082029,probability_native,0.5792686343082029,u_6e9c69a582120421,4,0,official,principal
6154,0,0,0.2562427123654377,probability_native,0.2562427123654377,u_6e9c69a582120421,4,0,official,principal
3062,0,0,0.2605090825829274,probability_native,0.2605090825829274,u_6e9c69a582120421,4,0,official,principal
4615,0,0,0.04202242074415682,probability_native,0.04202242074415682,u_6e9c69a582120421,4,0,official,principal
4931,0,1,0.7303585483063202,probability_native,0.7303585483063202,u_6e9c69a582120421,4,0,official,principal
875,0,1,0.6645931900837608,probability_native,0.6645931900837608,u_6e9c69a582120421,4,0,official,principal
37,0,1,0.5162448936368568,probability_native,0.5162448936368568,u_6e9c69a582120421,4,0,official,principal
6407,0,0,0.22952016490339644,probability_native,0.22952016490339644,u_6e9c69a582120421,4,0,official,principal
3028,1,0,0.4427052602374526,probability_native,0.4427052602374526,u_6e9c69a582120421,4,0,official,principal
1363,0,0,0.023292435597734636,probability_native,0.023292435597734636,u_6e9c69a582120421,4,0,official,principal
731,0,0,0.3228800444066987,probability_native,0.3228800444066987,u_6e9c69a582120421,4,0,official,principal
840,1,1,0.61984961645927,probability_native,0.61984961645927,u_6e9c69a582120421,4,0,official,principal
2002,0,0,0.14632010953698074,probability_native,0.14632010953698074,u_6e9c69a582120421,4,0,official,principal
3497,0,1,0.8242843636278168,probability_native,0.8242843636278168,u_6e9c69a582120421,4,0,official,principal
4133,0,1,0.6160283653095892,probability_native,0.6160283653095892,u_6e9c69a582120421,4,0,official,principal
5834,0,1,0.5378929728075608,probability_native,0.5378929728075608,u_6e9c69a582120421,4,0,official,principal
456,0,0,0.20249112936013117,probability_native,0.20249112936013117,u_6e9c69a582120421,4,0,official,principal
1929,0,1,0.8562537814527486,probability_native,0.8562537814527486,u_6e9c69a582120421,4,0,official,principal
778,0,0,0.3090130720992022,probability_native,0.3090130720992022,u_6e9c69a582120421,4,0,official,principal
5711,1,1,0.6138369646564898,probability_native,0.6138369646564898,u_6e9c69a582120421,4,0,official,principal
3225,0,1,0.5488835873975053,probability_native,0.5488835873975053,u_6e9c69a582120421,4,0,official,principal
4774,0,0,0.3772356229125763,probability_native,0.3772356229125763,u_6e9c69a582120421,4,0,official,principal
7018,1,1,0.8093806925367172,probability_native,0.8093806925367172,u_6e9c69a582120421,4,0,official,principal
3930,0,0,0.35112915283789226,probability_native,0.35112915283789226,u_6e9c69a582120421,4,0,official,principal
2236,0,1,0.7732636087177976,probability_native,0.7732636087177976,u_6e9c69a582120421,4,0,official,principal
6188,0,0,0.23574354242992396,probability_native,0.23574354242992396,u_6e9c69a582120421,4,0,official,principal
1039,1,0,0.4435153995188953,probability_native,0.4435153995188953,u_6e9c69a582120421,4,0,official,principal
6589,0,0,0.05299960915566504,probability_native,0.05299960915566504,u_6e9c69a582120421,4,0,official,principal
6483,0,1,0.6580092685660571,probability_native,0.6580092685660571,u_6e9c69a582120421,4,0,official,principal
1142,0,1,0.6472268005566523,probability_native,0.6472268005566523,u_6e9c69a582120421,4,0,official,principal
4068,0,0,0.14515849474468479,probability_native,0.14515849474468479,u_6e9c69a582120421,4,0,official,principal
767,0,0,0.16991749045740487,probability_native,0.16991749045740487,u_6e9c69a582120421,4,0,official,principal
13,1,1,0.639423503483852,probability_native,0.639423503483852,u_6e9c69a582120421,4,0,official,principal
2715,0,0,0.24924016933625187,probability_native,0.24924016933625187,u_6e9c69a582120421,4,0,official,principal
2006,1,1,0.7119322964244824,probability_native,0.7119322964244824,u_6e9c69a582120421,4,0,official,principal
118,0,0,0.04601841731156542,probability_native,0.04601841731156542,u_6e9c69a582120421,4,0,official,principal
4848,1,1,0.8308152140073252,probability_native,0.8308152140073252,u_6e9c69a582120421,4,0,official,principal
3176,0,0,0.04806163132995039,probability_native,0.04806163132995039,u_6e9c69a582120421,4,0,official,principal
5054,0,0,0.15231438900502015,probability_native,0.15231438900502015,u_6e9c69a582120421,4,0,official,principal
915,1,1,0.8771933598685996,probability_native,0.8771933598685996,u_6e9c69a582120421,4,0,official,principal
5754,0,0,0.19958560902383055,probability_native,0.19958560902383055,u_6e9c69a582120421,4,0,official,principal
1072,0,0,0.13426583121716984,probability_native,0.13426583121716984,u_6e9c69a582120421,4,0,official,principal
5508,0,0,0.04231536167563122,probability_native,0.04231536167563122,u_6e9c69a582120421,4,0,official,principal
1255,1,1,0.5932717626218346,probability_native,0.5932717626218346,u_6e9c69a582120421,4,0,official,principal
2436,0,1,0.5219281900712531,probability_native,0.5219281900712531,u_6e9c69a582120421,4,0,official,principal
6839,1,1,0.8545835222395917,probability_native,0.8545835222395917,u_6e9c69a582120421,4,0,official,principal
2846,0,1,0.5512679078456076,probability_native,0.5512679078456076,u_6e9c69a582120421,4,0,official,principal
5988,0,0,0.06871107382992891,probability_native,0.06871107382992891,u_6e9c69a582120421,4,0,official,principal
6285,0,0,0.14082838110768303,probability_native,0.14082838110768303,u_6e9c69a582120421,4,0,official,principal
5147,0,0,0.3913753740175633,probability_native,0.3913753740175633,u_6e9c69a582120421,4,0,official,principal
3821,1,1,0.885361347653979,probability_native,0.885361347653979,u_6e9c69a582120421,4,0,official,principal
5534,0,0,0.4960864245900949,probability_native,0.4960864245900949,u_6e9c69a582120421,4,0,official,principal
1947,0,0,0.2390039806040631,probability_native,0.2390039806040631,u_6e9c69a582120421,4,0,official,principal
6938,0,0,0.08058646085547067,probability_native,0.08058646085547067,u_6e9c69a582120421,4,0,official,principal
754,0,1,0.6844635268871072,probability_native,0.6844635268871072,u_6e9c69a582120421,4,0,official,principal
6497,0,1,0.7529859088062788,probability_native,0.7529859088062788,u_6e9c69a582120421,4,0,official,principal
3198,0,0,0.48915608943406413,probability_native,0.48915608943406413,u_6e9c69a582120421,4,0,official,principal
5359,1,1,0.5117652905774781,probability_native,0.5117652905774781,u_6e9c69a582120421,4,0,official,principal
4759,1,1,0.885411216380636,probability_native,0.885411216380636,u_6e9c69a582120421,4,0,official,principal
5131,1,1,0.7308831850450476,probability_native,0.7308831850450476,u_6e9c69a582120421,4,0,official,principal
3732,0,0,0.06285530511115896,probability_native,0.06285530511115896,u_6e9c69a582120421,4,0,official,principal
4058,1,0,0.4906914801015162,probability_native,0.4906914801015162,u_6e9c69a582120421,4,0,official,principal
5011,0,0,0.47451196603572643,probability_native,0.47451196603572643,u_6e9c69a582120421,4,0,official,principal
2120,0,0,0.035099756449806646,probability_native,0.035099756449806646,u_6e9c69a582120421,4,0,official,principal
2020,0,0,0.17734132337051797,probability_native,0.17734132337051797,u_6e9c69a582120421,4,0,official,principal
6583,0,0,0.0691926682102023,probability_native,0.0691926682102023,u_6e9c69a582120421,4,0,official,principal
1714,0,0,0.3090648855857506,probability_native,0.3090648855857506,u_6e9c69a582120421,4,0,official,principal
817,0,0,0.3208590629280581,probability_native,0.3208590629280581,u_6e9c69a582120421,4,0,official,principal
4401,0,0,0.40419105334524486,probability_native,0.40419105334524486,u_6e9c69a582120421,4,0,official,principal
2530,0,1,0.7767040875198076,probability_native,0.7767040875198076,u_6e9c69a582120421,4,0,official,principal
4156,0,1,0.6690026510292347,probability_native,0.6690026510292347,u_6e9c69a582120421,4,0,official,principal
6221,0,0,0.07665883332953274,probability_native,0.07665883332953274,u_6e9c69a582120421,4,0,official,principal
3355,0,0,0.13890070354552825,probability_native,0.13890070354552825,u_6e9c69a582120421,4,0,official,principal
3315,0,0,0.46969897588022497,probability_native,0.46969897588022497,u_6e9c69a582120421,4,0,official,principal
2951,0,0,0.14582224994087573,probability_native,0.14582224994087573,u_6e9c69a582120421,4,0,official,principal
3972,0,0,0.29909599387091906,probability_native,0.29909599387091906,u_6e9c69a582120421,4,0,official,principal
3998,0,0,0.17795344033698504,probability_native,0.17795344033698504,u_6e9c69a582120421,4,0,official,principal
3138,1,1,0.803152213797403,probability_native,0.803152213797403,u_6e9c69a582120421,4,0,official,principal
804,1,1,0.8181788619405197,probability_native,0.8181788619405197,u_6e9c69a582120421,4,0,official,principal
2814,0,0,0.05161025893591185,probability_native,0.05161025893591185,u_6e9c69a582120421,4,0,official,principal
233,0,0,0.032953321396942334,probability_native,0.032953321396942334,u_6e9c69a582120421,4,0,official,principal
4089,1,1,0.8045713091211608,probability_native,0.8045713091211608,u_6e9c69a582120421,4,0,official,principal
1757,0,0,0.15679718376254034,probability_native,0.15679718376254034,u_6e9c69a582120421,4,0,official,principal
2694,0,0,0.2446644863639217,probability_native,0.2446644863639217,u_6e9c69a582120421,4,0,official,principal
813,0,0,0.14079783158655995,probability_native,0.14079783158655995,u_6e9c69a582120421,4,0,official,principal
3157,1,0,0.48376601764143573,probability_native,0.48376601764143573,u_6e9c69a582120421,4,0,official,principal
1681,0,0,0.022233160644876473,probability_native,0.022233160644876473,u_6e9c69a582120421,4,0,official,principal
6197,1,0,0.31566246769069495,probability_native,0.31566246769069495,u_6e9c69a582120421,4,0,official,principal
4613,1,1,0.6312296654193927,probability_native,0.6312296654193927,u_6e9c69a582120421,4,0,official,principal
764,0,0,0.02225829166505154,probability_native,0.02225829166505154,u_6e9c69a582120421,4,0,official,principal
1671,0,0,0.31095193412607125,probability_native,0.31095193412607125,u_6e9c69a582120421,4,0,official,principal
1765,0,0,0.33282777875620106,probability_native,0.33282777875620106,u_6e9c69a582120421,4,0,official,principal
4954,1,1,0.8353902097200734,probability_native,0.8353902097200734,u_6e9c69a582120421,4,0,official,principal
4778,0,0,0.05420181431204798,probability_native,0.05420181431204798,u_6e9c69a582120421,4,0,official,principal
2475,0,0,0.14576980741279885,probability_native,0.14576980741279885,u_6e9c69a582120421,4,0,official,principal
4020,0,0,0.035127423666951964,probability_native,0.035127423666951964,u_6e9c69a582120421,4,0,official,principal
4555,0,0,0.023699121883904963,probability_native,0.023699121883904963,u_6e9c69a582120421,4,0,official,principal
2858,0,0,0.25847256274845615,probability_native,0.25847256274845615,u_6e9c69a582120421,4,0,official,principal
5504,1,0,0.26415981231880764,probability_native,0.26415981231880764,u_6e9c69a582120421,4,0,official,principal
4169,1,1,0.7691657268610891,probability_native,0.7691657268610891,u_6e9c69a582120421,4,0,official,principal
1336,0,1,0.5469789096446818,probability_native,0.5469789096446818,u_6e9c69a582120421,4,0,official,principal
79,0,0,0.08874680389596656,probability_native,0.08874680389596656,u_6e9c69a582120421,4,0,official,principal
1406,0,0,0.042142238861456495,probability_native,0.042142238861456495,u_6e9c69a582120421,4,0,official,principal
6323,0,0,0.49175237390048127,probability_native,0.49175237390048127,u_6e9c69a582120421,4,0,official,principal
3747,0,1,0.5490377068519247,probability_native,0.5490377068519247,u_6e9c69a582120421,4,0,official,principal
2009,0,0,0.04535614825922205,probability_native,0.04535614825922205,u_6e9c69a582120421,4,0,official,principal
6361,0,0,0.48339272920689164,probability_native,0.48339272920689164,u_6e9c69a582120421,4,0,official,principal
4734,1,0,0.11691400512665925,probability_native,0.11691400512665925,u_6e9c69a582120421,4,0,official,principal
5072,0,1,0.7759322726348314,probability_native,0.7759322726348314,u_6e9c69a582120421,4,0,official,principal
1368,0,0,0.2101265486968552,probability_native,0.2101265486968552,u_6e9c69a582120421,4,0,official,principal
6054,1,1,0.5618667138887913,probability_native,0.5618667138887913,u_6e9c69a582120421,4,0,official,principal
3428,1,0,0.3857163871536198,probability_native,0.3857163871536198,u_6e9c69a582120421,4,0,official,principal
1501,0,0,0.0777512079201776,probability_native,0.0777512079201776,u_6e9c69a582120421,4,0,official,principal
6702,0,1,0.5892551308925839,probability_native,0.5892551308925839,u_6e9c69a582120421,4,0,official,principal
2470,0,0,0.03213614869131377,probability_native,0.03213614869131377,u_6e9c69a582120421,4,0,official,principal
3304,0,0,0.4215723232945374,probability_native,0.4215723232945374,u_6e9c69a582120421,4,0,official,principal
5526,0,0,0.0992834926605447,probability_native,0.0992834926605447,u_6e9c69a582120421,4,0,official,principal
6462,1,1,0.7648682841186811,probability_native,0.7648682841186811,u_6e9c69a582120421,4,0,official,principal
987,0,1,0.5805165824105522,probability_native,0.5805165824105522,u_6e9c69a582120421,4,0,official,principal
2437,0,0,0.49201605546984195,probability_native,0.49201605546984195,u_6e9c69a582120421,4,0,official,principal
1061,0,0,0.12025808688188888,probability_native,0.12025808688188888,u_6e9c69a582120421,4,0,official,principal
1469,1,0,0.4505433084457885,probability_native,0.4505433084457885,u_6e9c69a582120421,4,0,official,principal
6086,0,0,0.05576822527602166,probability_native,0.05576822527602166,u_6e9c69a582120421,4,0,official,principal
2878,0,1,0.5795387739739731,probability_native,0.5795387739739731,u_6e9c69a582120421,4,0,official,principal
4604,0,1,0.6018210211167453,probability_native,0.6018210211167453,u_6e9c69a582120421,4,0,official,principal
1752,0,0,0.12124829583791795,probability_native,0.12124829583791795,u_6e9c69a582120421,4,0,official,principal
6402,0,0,0.139282211172753,probability_native,0.139282211172753,u_6e9c69a582120421,4,0,official,principal
293,0,1,0.851252626285818,probability_native,0.851252626285818,u_6e9c69a582120421,4,0,official,principal
6336,0,1,0.6285992560424972,probability_native,0.6285992560424972,u_6e9c69a582120421,4,0,official,principal
4719,1,1,0.7065657936511,probability_native,0.7065657936511,u_6e9c69a582120421,4,0,official,principal
5855,0,0,0.30068725867118823,probability_native,0.30068725867118823,u_6e9c69a582120421,4,0,official,principal
2091,0,0,0.04658055891262239,probability_native,0.04658055891262239,u_6e9c69a582120421,4,0,official,principal
3016,1,1,0.7216663720138702,probability_native,0.7216663720138702,u_6e9c69a582120421,4,0,official,principal
6307,0,0,0.2543900268700514,probability_native,0.2543900268700514,u_6e9c69a582120421,4,0,official,principal
2122,0,0,0.3619609406142404,probability_native,0.3619609406142404,u_6e9c69a582120421,4,0,official,principal
2003,1,0,0.3463825066474264,probability_native,0.3463825066474264,u_6e9c69a582120421,4,0,official,principal
3195,0,1,0.6769583359760507,probability_native,0.6769583359760507,u_6e9c69a582120421,4,0,official,principal
4407,0,0,0.29635990803711587,probability_native,0.29635990803711587,u_6e9c69a582120421,4,0,official,principal
3714,0,0,0.05120921033926615,probability_native,0.05120921033926615,u_6e9c69a582120421,4,0,official,principal
4739,0,1,0.6447224336983463,probability_native,0.6447224336983463,u_6e9c69a582120421,4,0,official,principal
5396,0,0,0.08311557433691898,probability_native,0.08311557433691898,u_6e9c69a582120421,4,0,official,principal
6723,0,0,0.0671824945818792,probability_native,0.0671824945818792,u_6e9c69a582120421,4,0,official,principal
879,0,0,0.424036587700444,probability_native,0.424036587700444,u_6e9c69a582120421,4,0,official,principal
4993,0,0,0.01606827398060278,probability_native,0.01606827398060278,u_6e9c69a582120421,4,0,official,principal
3994,1,0,0.47352628930760043,probability_native,0.47352628930760043,u_6e9c69a582120421,4,0,official,principal
6499,0,1,0.6170057865259443,probability_native,0.6170057865259443,u_6e9c69a582120421,4,0,official,principal
2402,0,0,0.2559397109102812,probability_native,0.2559397109102812,u_6e9c69a582120421,4,0,official,principal
1068,1,1,0.6325612949502523,probability_native,0.6325612949502523,u_6e9c69a582120421,4,0,official,principal
1599,0,0,0.07353143876891653,probability_native,0.07353143876891653,u_6e9c69a582120421,4,0,official,principal
2401,0,0,0.49238784866406016,probability_native,0.49238784866406016,u_6e9c69a582120421,4,0,official,principal
2854,0,0,0.1609304485272991,probability_native,0.1609304485272991,u_6e9c69a582120421,4,0,official,principal
107,0,0,0.15108893033249182,probability_native,0.15108893033249182,u_6e9c69a582120421,4,0,official,principal
3030,1,1,0.885411216380636,probability_native,0.885411216380636,u_6e9c69a582120421,4,0,official,principal
1916,1,1,0.5232583477985654,probability_native,0.5232583477985654,u_6e9c69a582120421,4,0,official,principal
2213,0,0,0.11528873800811656,probability_native,0.11528873800811656,u_6e9c69a582120421,4,0,official,principal
3625,0,0,0.029844219761293204,probability_native,0.029844219761293204,u_6e9c69a582120421,4,0,official,principal
4024,0,1,0.5951006659013136,probability_native,0.5951006659013136,u_6e9c69a582120421,4,0,official,principal
364,0,1,0.517627967227047,probability_native,0.517627967227047,u_6e9c69a582120421,4,0,official,principal
4706,1,1,0.7387848169972515,probability_native,0.7387848169972515,u_6e9c69a582120421,4,0,official,principal
5450,1,1,0.8460270455826668,probability_native,0.8460270455826668,u_6e9c69a582120421,4,0,official,principal
391,0,0,0.3070972366329238,probability_native,0.3070972366329238,u_6e9c69a582120421,4,0,official,principal
4326,1,1,0.8664713720103276,probability_native,0.8664713720103276,u_6e9c69a582120421,4,0,official,principal
3569,0,0,0.07353237680577954,probability_native,0.07353237680577954,u_6e9c69a582120421,4,0,official,principal
3724,0,0,0.06458552115097206,probability_native,0.06458552115097206,u_6e9c69a582120421,4,0,official,principal
5374,1,1,0.8105091079834827,probability_native,0.8105091079834827,u_6e9c69a582120421,4,0,official,principal
2365,0,0,0.4098244537230755,probability_native,0.4098244537230755,u_6e9c69a582120421,4,0,official,principal
2866,0,1,0.7862101510725608,probability_native,0.7862101510725608,u_6e9c69a582120421,4,0,official,principal
6615,0,1,0.6073566975710264,probability_native,0.6073566975710264,u_6e9c69a582120421,4,0,official,principal
6719,0,0,0.02153350667227273,probability_native,0.02153350667227273,u_6e9c69a582120421,4,0,official,principal
4354,0,0,0.06160791292655997,probability_native,0.06160791292655997,u_6e9c69a582120421,4,0,official,principal
7021,1,0,0.30075656718188504,probability_native,0.30075656718188504,u_6e9c69a582120421,4,0,official,principal
5651,1,1,0.5251230299727241,probability_native,0.5251230299727241,u_6e9c69a582120421,4,0,official,principal
3337,0,1,0.836603551297609,probability_native,0.836603551297609,u_6e9c69a582120421,4,0,official,principal
2802,1,1,0.7004334989518219,probability_native,0.7004334989518219,u_6e9c69a582120421,4,0,official,principal
2297,1,0,0.4915667642637612,probability_native,0.4915667642637612,u_6e9c69a582120421,4,0,official,principal
3879,1,1,0.7698040241653956,probability_native,0.7698040241653956,u_6e9c69a582120421,4,0,official,principal
1172,0,1,0.6926322594509784,probability_native,0.6926322594509784,u_6e9c69a582120421,4,0,official,principal
6620,1,1,0.884970482365123,probability_native,0.884970482365123,u_6e9c69a582120421,4,0,official,principal
1773,0,0,0.0312614183451531,probability_native,0.0312614183451531,u_6e9c69a582120421,4,0,official,principal
1024,0,1,0.5676141774136596,probability_native,0.5676141774136596,u_6e9c69a582120421,4,0,official,principal
1459,0,0,0.32756701866317584,probability_native,0.32756701866317584,u_6e9c69a582120421,4,0,official,principal
2037,0,1,0.8548816218599709,probability_native,0.8548816218599709,u_6e9c69a582120421,4,0,official,principal
4771,1,1,0.8378004314573135,probability_native,0.8378004314573135,u_6e9c69a582120421,4,0,official,principal
1476,0,0,0.4042775311275524,probability_native,0.4042775311275524,u_6e9c69a582120421,4,0,official,principal
4858,0,0,0.05907796835561659,probability_native,0.05907796835561659,u_6e9c69a582120421,4,0,official,principal
3389,0,1,0.8488286739876978,probability_native,0.8488286739876978,u_6e9c69a582120421,4,0,official,principal
3671,1,1,0.8872836713569232,probability_native,0.8872836713569232,u_6e9c69a582120421,4,0,official,principal
4497,0,1,0.5436823422504491,probability_native,0.5436823422504491,u_6e9c69a582120421,4,0,official,principal
1835,0,1,0.7767888828862322,probability_native,0.7767888828862322,u_6e9c69a582120421,4,0,official,principal
367,0,0,0.47891480858197155,probability_native,0.47891480858197155,u_6e9c69a582120421,4,0,official,principal
2657,0,0,0.3972027832497222,probability_native,0.3972027832497222,u_6e9c69a582120421,4,0,official,principal
6196,0,0,0.3621813459753496,probability_native,0.3621813459753496,u_6e9c69a582120421,4,0,official,principal
2812,1,1,0.5136033578559928,probability_native,0.5136033578559928,u_6e9c69a582120421,4,0,official,principal
1256,0,0,0.020303548722919347,probability_native,0.020303548722919347,u_6e9c69a582120421,4,0,official,principal
6604,0,1,0.7410076292777711,probability_native,0.7410076292777711,u_6e9c69a582120421,4,0,official,principal
3808,0,0,0.29039241994238363,probability_native,0.29039241994238363,u_6e9c69a582120421,4,0,official,principal
6119,0,0,0.25804382883154453,probability_native,0.25804382883154453,u_6e9c69a582120421,4,0,official,principal
928,0,0,0.19177721698615194,probability_native,0.19177721698615194,u_6e9c69a582120421,4,0,official,principal
1886,0,0,0.041812201146379256,probability_native,0.041812201146379256,u_6e9c69a582120421,4,0,official,principal
4059,1,1,0.5898532955447306,probability_native,0.5898532955447306,u_6e9c69a582120421,4,0,official,principal
6039,1,0,0.39302442145964955,probability_native,0.39302442145964955,u_6e9c69a582120421,4,0,official,principal
4459,1,1,0.8258277860464953,probability_native,0.8258277860464953,u_6e9c69a582120421,4,0,official,principal
5892,0,0,0.4359750573494546,probability_native,0.4359750573494546,u_6e9c69a582120421,4,0,official,principal
5053,0,1,0.6510897703106917,probability_native,0.6510897703106917,u_6e9c69a582120421,4,0,official,principal
2094,0,0,0.26526335673487084,probability_native,0.26526335673487084,u_6e9c69a582120421,4,0,official,principal
6996,1,0,0.17041649301652953,probability_native,0.17041649301652953,u_6e9c69a582120421,4,0,official,principal
3140,0,1,0.6328518109389112,probability_native,0.6328518109389112,u_6e9c69a582120421,4,0,official,principal
1359,1,1,0.8543767834600865,probability_native,0.8543767834600865,u_6e9c69a582120421,4,0,official,principal
4655,0,0,0.15164981030630062,probability_native,0.15164981030630062,u_6e9c69a582120421,4,0,official,principal
3699,0,0,0.15983208794587367,probability_native,0.15983208794587367,u_6e9c69a582120421,4,0,official,principal
4363,0,1,0.5733874361611708,probability_native,0.5733874361611708,u_6e9c69a582120421,4,0,official,principal
4562,0,0,0.05550280115304083,probability_native,0.05550280115304083,u_6e9c69a582120421,4,0,official,principal
1594,0,0,0.035681375697352684,probability_native,0.035681375697352684,u_6e9c69a582120421,4,0,official,principal
270,1,1,0.6942669594867248,probability_native,0.6942669594867248,u_6e9c69a582120421,4,0,official,principal
6395,1,0,0.49710579219253426,probability_native,0.49710579219253426,u_6e9c69a582120421,4,0,official,principal
2345,0,0,0.4439752347256086,probability_native,0.4439752347256086,u_6e9c69a582120421,4,0,official,principal
4111,0,0,0.20833948216494214,probability_native,0.20833948216494214,u_6e9c69a582120421,4,0,official,principal
755,1,1,0.7723700855689671,probability_native,0.7723700855689671,u_6e9c69a582120421,4,0,official,principal
3382,0,0,0.009700981168235647,probability_native,0.009700981168235647,u_6e9c69a582120421,4,0,official,principal
2843,0,0,0.0275540409597825,probability_native,0.0275540409597825,u_6e9c69a582120421,4,0,official,principal
5935,0,1,0.6042361250328745,probability_native,0.6042361250328745,u_6e9c69a582120421,4,0,official,principal
2477,0,1,0.6566104015211457,probability_native,0.6566104015211457,u_6e9c69a582120421,4,0,official,principal
1230,0,1,0.5595502387684173,probability_native,0.5595502387684173,u_6e9c69a582120421,4,0,official,principal
4606,0,0,0.10835376633114448,probability_native,0.10835376633114448,u_6e9c69a582120421,4,0,official,principal
1271,0,0,0.2027034910711885,probability_native,0.2027034910711885,u_6e9c69a582120421,4,0,official,principal
1101,0,0,0.24511883637023346,probability_native,0.24511883637023346,u_6e9c69a582120421,4,0,official,principal
4338,0,1,0.5507937743682461,probability_native,0.5507937743682461,u_6e9c69a582120421,4,0,official,principal
2677,1,1,0.7633532994617143,probability_native,0.7633532994617143,u_6e9c69a582120421,4,0,official,principal
5477,0,0,0.017087387447461248,probability_native,0.017087387447461248,u_6e9c69a582120421,4,0,official,principal
2808,0,1,0.7091199249140631,probability_native,0.7091199249140631,u_6e9c69a582120421,4,0,official,principal
6334,0,0,0.2891507522273983,probability_native,0.2891507522273983,u_6e9c69a582120421,4,0,official,principal
1060,0,0,0.06643575687715601,probability_native,0.06643575687715601,u_6e9c69a582120421,4,0,official,principal
1880,1,1,0.8781722717041286,probability_native,0.8781722717041286,u_6e9c69a582120421,4,0,official,principal
4539,1,0,0.0776270556565949,probability_native,0.0776270556565949,u_6e9c69a582120421,4,0,official,principal
2500,0,0,0.17817996359728214,probability_native,0.17817996359728214,u_6e9c69a582120421,4,0,official,principal
2518,0,1,0.6602431487663877,probability_native,0.6602431487663877,u_6e9c69a582120421,4,0,official,principal
6432,0,0,0.1868397806871112,probability_native,0.1868397806871112,u_6e9c69a582120421,4,0,official,principal
2591,0,1,0.6837982631989848,probability_native,0.6837982631989848,u_6e9c69a582120421,4,0,official,principal
2549,0,0,0.3847488553076075,probability_native,0.3847488553076075,u_6e9c69a582120421,4,0,official,principal
4645,1,1,0.7291699109200362,probability_native,0.7291699109200362,u_6e9c69a582120421,4,0,official,principal
5431,0,0,0.12029490193551297,probability_native,0.12029490193551297,u_6e9c69a582120421,4,0,official,principal
75,0,0,0.3678408270179617,probability_native,0.3678408270179617,u_6e9c69a582120421,4,0,official,principal
2017,0,0,0.05492054269274597,probability_native,0.05492054269274597,u_6e9c69a582120421,4,0,official,principal
1051,0,0,0.42823440019271275,probability_native,0.42823440019271275,u_6e9c69a582120421,4,0,official,principal
2076,0,0,0.27335011593270775,probability_native,0.27335011593270775,u_6e9c69a582120421,4,0,official,principal
2291,1,1,0.8491520747320633,probability_native,0.8491520747320633,u_6e9c69a582120421,4,0,official,principal
6134,0,1,0.6025092693612963,probability_native,0.6025092693612963,u_6e9c69a582120421,4,0,official,principal
4042,0,1,0.7068088266372119,probability_native,0.7068088266372119,u_6e9c69a582120421,4,0,official,principal
5332,0,0,0.11126486406550506,probability_native,0.11126486406550506,u_6e9c69a582120421,4,0,official,principal
5922,0,0,0.2041202301834083,probability_native,0.2041202301834083,u_6e9c69a582120421,4,0,official,principal
787,0,0,0.19629825322515834,probability_native,0.19629825322515834,u_6e9c69a582120421,4,0,official,principal
6044,0,1,0.7775684004664124,probability_native,0.7775684004664124,u_6e9c69a582120421,4,0,official,principal
3248,1,1,0.8266985092860619,probability_native,0.8266985092860619,u_6e9c69a582120421,4,0,official,principal
3950,1,1,0.7540264238971514,probability_native,0.7540264238971514,u_6e9c69a582120421,4,0,official,principal
198,0,0,0.17483174642250024,probability_native,0.17483174642250024,u_6e9c69a582120421,4,0,official,principal
2725,0,1,0.7368739257463355,probability_native,0.7368739257463355,u_6e9c69a582120421,4,0,official,principal
3490,1,1,0.608399183928495,probability_native,0.608399183928495,u_6e9c69a582120421,4,0,official,principal
2117,0,0,0.018146304522042658,probability_native,0.018146304522042658,u_6e9c69a582120421,4,0,official,principal
317,1,0,0.1220829162938691,probability_native,0.1220829162938691,u_6e9c69a582120421,4,0,official,principal
211,0,1,0.753813159450088,probability_native,0.753813159450088,u_6e9c69a582120421,4,0,official,principal
3092,1,1,0.7084048869157286,probability_native,0.7084048869157286,u_6e9c69a582120421,4,0,official,principal
3265,1,1,0.6316468719861135,probability_native,0.6316468719861135,u_6e9c69a582120421,4,0,official,principal
6130,0,0,0.10067326050605835,probability_native,0.10067326050605835,u_6e9c69a582120421,4,0,official,principal
713,0,1,0.5198855680037452,probability_native,0.5198855680037452,u_6e9c69a582120421,4,0,official,principal
4303,0,0,0.05137988652468081,probability_native,0.05137988652468081,u_6e9c69a582120421,4,0,official,principal
2385,0,1,0.5681848939440838,probability_native,0.5681848939440838,u_6e9c69a582120421,4,0,official,principal
436,0,0,0.1165865639281622,probability_native,0.1165865639281622,u_6e9c69a582120421,4,0,official,principal
5446,1,1,0.6233057558880117,probability_native,0.6233057558880117,u_6e9c69a582120421,4,0,official,principal
1925,0,0,0.06940134247695558,probability_native,0.06940134247695558,u_6e9c69a582120421,4,0,official,principal
5667,0,0,0.45278234301001646,probability_native,0.45278234301001646,u_6e9c69a582120421,4,0,official,principal
1670,1,1,0.6862486866335036,probability_native,0.6862486866335036,u_6e9c69a582120421,4,0,official,principal
2956,0,1,0.7072073007222361,probability_native,0.7072073007222361,u_6e9c69a582120421,4,0,official,principal
1163,1,1,0.7462731506435325,probability_native,0.7462731506435325,u_6e9c69a582120421,4,0,official,principal
6427,0,0,0.04917564572205776,probability_native,0.04917564572205776,u_6e9c69a582120421,4,0,official,principal
6169,1,1,0.7447017555081602,probability_native,0.7447017555081602,u_6e9c69a582120421,4,0,official,principal
6444,1,0,0.21376247289793937,probability_native,0.21376247289793937,u_6e9c69a582120421,4,0,official,principal
2905,0,0,0.30048264409781167,probability_native,0.30048264409781167,u_6e9c69a582120421,4,0,official,principal
1877,0,0,0.030640411337401485,probability_native,0.030640411337401485,u_6e9c69a582120421,4,0,official,principal
148,0,0,0.1841983967906065,probability_native,0.1841983967906065,u_6e9c69a582120421,4,0,official,principal
1362,1,1,0.7603697301231885,probability_native,0.7603697301231885,u_6e9c69a582120421,4,0,official,principal
3286,1,1,0.7599010033625366,probability_native,0.7599010033625366,u_6e9c69a582120421,4,0,official,principal
3132,0,1,0.6961922474835633,probability_native,0.6961922474835633,u_6e9c69a582120421,4,0,official,principal
6280,0,0,0.23035781955766665,probability_native,0.23035781955766665,u_6e9c69a582120421,4,0,official,principal
5948,0,0,0.11141807836535492,probability_native,0.11141807836535492,u_6e9c69a582120421,4,0,official,principal
2594,0,0,0.3869473642113776,probability_native,0.3869473642113776,u_6e9c69a582120421,4,0,official,principal
5284,1,1,0.7240818423191818,probability_native,0.7240818423191818,u_6e9c69a582120421,4,0,official,principal
2376,0,0,0.32899551759449175,probability_native,0.32899551759449175,u_6e9c69a582120421,4,0,official,principal
2723,0,0,0.23805095521757202,probability_native,0.23805095521757202,u_6e9c69a582120421,4,0,official,principal
3674,1,1,0.7570228650985592,probability_native,0.7570228650985592,u_6e9c69a582120421,4,0,official,principal
2427,1,1,0.7702873392544011,probability_native,0.7702873392544011,u_6e9c69a582120421,4,0,official,principal
5674,0,0,0.25427344848162825,probability_native,0.25427344848162825,u_6e9c69a582120421,4,0,official,principal
5762,0,0,0.41200105663027786,probability_native,0.41200105663027786,u_6e9c69a582120421,4,0,official,principal
4292,1,1,0.692688005149893,probability_native,0.692688005149893,u_6e9c69a582120421,4,0,official,principal
2804,1,0,0.2775151030739295,probability_native,0.2775151030739295,u_6e9c69a582120421,4,0,official,principal
3916,0,1,0.7358329944258005,probability_native,0.7358329944258005,u_6e9c69a582120421,4,0,official,principal
856,0,0,0.035541962864306616,probability_native,0.035541962864306616,u_6e9c69a582120421,4,0,official,principal
4893,1,1,0.718193171414041,probability_native,0.718193171414041,u_6e9c69a582120421,4,0,official,principal
2870,0,0,0.4121340200731089,probability_native,0.4121340200731089,u_6e9c69a582120421,4,0,official,principal
2324,1,1,0.6610782560401404,probability_native,0.6610782560401404,u_6e9c69a582120421,4,0,official,principal
3927,1,0,0.23859714527171352,probability_native,0.23859714527171352,u_6e9c69a582120421,4,0,official,principal
869,0,0,0.21040155709650704,probability_native,0.21040155709650704,u_6e9c69a582120421,4,0,official,principal
3075,0,0,0.43153469114030735,probability_native,0.43153469114030735,u_6e9c69a582120421,4,0,official,principal
5958,0,0,0.45876628949820364,probability_native,0.45876628949820364,u_6e9c69a582120421,4,0,official,principal
5123,1,1,0.6555442525191638,probability_native,0.6555442525191638,u_6e9c69a582120421,4,0,official,principal
234,0,0,0.29357647619118127,probability_native,0.29357647619118127,u_6e9c69a582120421,4,0,official,principal
1178,1,1,0.6790306807388017,probability_native,0.6790306807388017,u_6e9c69a582120421,4,0,official,principal
2679,1,1,0.8342405122182797,probability_native,0.8342405122182797,u_6e9c69a582120421,4,0,official,principal
2038,1,1,0.694034107439013,probability_native,0.694034107439013,u_6e9c69a582120421,4,0,official,principal
6755,0,1,0.543681339115639,probability_native,0.543681339115639,u_6e9c69a582120421,4,0,official,principal
172,0,0,0.1260169677086721,probability_native,0.1260169677086721,u_6e9c69a582120421,4,0,official,principal
1651,1,1,0.886116279348851,probability_native,0.886116279348851,u_6e9c69a582120421,4,0,official,principal
1283,0,0,0.26553919801985665,probability_native,0.26553919801985665,u_6e9c69a582120421,4,0,official,principal
477,0,0,0.39019273923171455,probability_native,0.39019273923171455,u_6e9c69a582120421,4,0,official,principal
6351,1,0,0.4892986316346468,probability_native,0.4892986316346468,u_6e9c69a582120421,4,0,official,principal
1328,0,0,0.42144342624758946,probability_native,0.42144342624758946,u_6e9c69a582120421,4,0,official,principal
6222,0,0,0.446810750066227,probability_native,0.446810750066227,u_6e9c69a582120421,4,0,official,principal
3379,0,0,0.43037144111369796,probability_native,0.43037144111369796,u_6e9c69a582120421,4,0,official,principal
1622,0,0,0.13013472032133075,probability_native,0.13013472032133075,u_6e9c69a582120421,4,0,official,principal
365,1,1,0.7229267963338128,probability_native,0.7229267963338128,u_6e9c69a582120421,4,0,official,principal
2178,0,0,0.045934105962985375,probability_native,0.045934105962985375,u_6e9c69a582120421,4,0,official,principal
1290,0,0,0.04746623585388367,probability_native,0.04746623585388367,u_6e9c69a582120421,4,0,official,principal
6034,0,0,0.14981419813076904,probability_native,0.14981419813076904,u_6e9c69a582120421,4,0,official,principal
5923,0,1,0.7550473577080493,probability_native,0.7550473577080493,u_6e9c69a582120421,4,0,official,principal
5577,0,0,0.16216109259657263,probability_native,0.16216109259657263,u_6e9c69a582120421,4,0,official,principal
2066,0,0,0.04596821523041522,probability_native,0.04596821523041522,u_6e9c69a582120421,4,0,official,principal
5991,1,1,0.6952373573294689,probability_native,0.6952373573294689,u_6e9c69a582120421,4,0,official,principal
1891,1,1,0.7270222626759686,probability_native,0.7270222626759686,u_6e9c69a582120421,4,0,official,principal
2463,0,1,0.7812320158013109,probability_native,0.7812320158013109,u_6e9c69a582120421,4,0,official,principal
1837,1,1,0.5974808261506812,probability_native,0.5974808261506812,u_6e9c69a582120421,4,0,official,principal
3235,0,0,0.15817610373546856,probability_native,0.15817610373546856,u_6e9c69a582120421,4,0,official,principal
6648,0,0,0.20050576121432528,probability_native,0.20050576121432528,u_6e9c69a582120421,4,0,official,principal
6500,0,0,0.09665309916814958,probability_native,0.09665309916814958,u_6e9c69a582120421,4,0,official,principal
42,0,0,0.09254854965326402,probability_native,0.09254854965326402,u_6e9c69a582120421,4,0,official,principal
4989,0,0,0.4427557920793748,probability_native,0.4427557920793748,u_6e9c69a582120421,4,0,official,principal
1460,1,1,0.8297851020563831,probability_native,0.8297851020563831,u_6e9c69a582120421,4,0,official,principal
2830,0,0,0.14032049564608162,probability_native,0.14032049564608162,u_6e9c69a582120421,4,0,official,principal
308,0,1,0.6132161881058118,probability_native,0.6132161881058118,u_6e9c69a582120421,4,0,official,principal
3542,0,0,0.1283298821209053,probability_native,0.1283298821209053,u_6e9c69a582120421,4,0,official,principal
819,0,0,0.09690891923913744,probability_native,0.09690891923913744,u_6e9c69a582120421,4,0,official,principal
6624,0,0,0.032789846553451005,probability_native,0.032789846553451005,u_6e9c69a582120421,4,0,official,principal
5375,1,1,0.6461085589375795,probability_native,0.6461085589375795,u_6e9c69a582120421,4,0,official,principal
259,0,0,0.4583973247215337,probability_native,0.4583973247215337,u_6e9c69a582120421,4,0,official,principal
588,0,0,0.14869404565317676,probability_native,0.14869404565317676,u_6e9c69a582120421,4,0,official,principal
4919,0,0,0.08651075141110826,probability_native,0.08651075141110826,u_6e9c69a582120421,4,0,official,principal
1192,1,1,0.8475145295442655,probability_native,0.8475145295442655,u_6e9c69a582120421,4,0,official,principal
1611,0,0,0.019996554231995933,probability_native,0.019996554231995933,u_6e9c69a582120421,4,0,official,principal
5743,0,0,0.04781069315028444,probability_native,0.04781069315028444,u_6e9c69a582120421,4,0,official,principal
6832,0,0,0.03885370824385661,probability_native,0.03885370824385661,u_6e9c69a582120421,4,0,official,principal
218,0,0,0.080051648565867,probability_native,0.080051648565867,u_6e9c69a582120421,4,0,official,principal
374,0,1,0.5620416406705738,probability_native,0.5620416406705738,u_6e9c69a582120421,4,0,official,principal
3098,1,0,0.4997324644470595,probability_native,0.4997324644470595,u_6e9c69a582120421,4,0,official,principal
2498,0,0,0.4368249195076304,probability_native,0.4368249195076304,u_6e9c69a582120421,4,0,official,principal
12,0,0,0.36901604139605837,probability_native,0.36901604139605837,u_6e9c69a582120421,4,0,official,principal
1637,0,0,0.1876357089464105,probability_native,0.1876357089464105,u_6e9c69a582120421,4,0,official,principal
5214,1,1,0.7625766513960562,probability_native,0.7625766513960562,u_6e9c69a582120421,4,0,official,principal
2425,0,0,0.2970033438464684,probability_native,0.2970033438464684,u_6e9c69a582120421,4,0,official,principal
6959,0,0,0.4291793318388292,probability_native,0.4291793318388292,u_6e9c69a582120421,4,0,official,principal
1241,0,0,0.2915986469115371,probability_native,0.2915986469115371,u_6e9c69a582120421,4,0,official,principal
1892,0,1,0.6406087791974795,probability_native,0.6406087791974795,u_6e9c69a582120421,4,0,official,principal
5037,1,1,0.8006436864987045,probability_native,0.8006436864987045,u_6e9c69a582120421,4,0,official,principal
5363,0,0,0.012953053492329041,probability_native,0.012953053492329041,u_6e9c69a582120421,4,0,official,principal
4683,0,1,0.7722182200599493,probability_native,0.7722182200599493,u_6e9c69a582120421,4,0,official,principal
5539,0,0,0.05070310238617187,probability_native,0.05070310238617187,u_6e9c69a582120421,4,0,official,principal
2083,1,1,0.6628400959259041,probability_native,0.6628400959259041,u_6e9c69a582120421,4,0,official,principal
4732,0,0,0.01283644704130571,probability_native,0.01283644704130571,u_6e9c69a582120421,4,0,official,principal
1199,0,1,0.5739719431313364,probability_native,0.5739719431313364,u_6e9c69a582120421,4,0,official,principal
1130,0,0,0.031197306991228177,probability_native,0.031197306991228177,u_6e9c69a582120421,4,0,official,principal
4528,0,1,0.5099663742029779,probability_native,0.5099663742029779,u_6e9c69a582120421,4,0,official,principal
297,0,1,0.7602082107861472,probability_native,0.7602082107861472,u_6e9c69a582120421,4,0,official,principal
4141,0,1,0.6074976755284213,probability_native,0.6074976755284213,u_6e9c69a582120421,4,0,official,principal
2884,0,0,0.0360420068851257,probability_native,0.0360420068851257,u_6e9c69a582120421,4,0,official,principal
4741,0,1,0.7684018005444608,probability_native,0.7684018005444608,u_6e9c69a582120421,4,0,official,principal
2426,0,0,0.41910013089449066,probability_native,0.41910013089449066,u_6e9c69a582120421,4,0,official,principal
6202,1,0,0.13038266152351796,probability_native,0.13038266152351796,u_6e9c69a582120421,4,0,official,principal
4963,0,0,0.26242219829135033,probability_native,0.26242219829135033,u_6e9c69a582120421,4,0,official,principal
1755,0,1,0.5221375735362879,probability_native,0.5221375735362879,u_6e9c69a582120421,4,0,official,principal
5052,0,0,0.4103636992552686,probability_native,0.4103636992552686,u_6e9c69a582120421,4,0,official,principal
5281,0,0,0.04851843005784783,probability_native,0.04851843005784783,u_6e9c69a582120421,4,0,official,principal
457,0,0,0.05991360973258774,probability_native,0.05991360973258774,u_6e9c69a582120421,4,0,official,principal
2957,0,1,0.7979107438016699,probability_native,0.7979107438016699,u_6e9c69a582120421,4,0,official,principal
3249,0,0,0.422699855843342,probability_native,0.422699855843342,u_6e9c69a582120421,4,0,official,principal
6845,0,1,0.7721040951044122,probability_native,0.7721040951044122,u_6e9c69a582120421,4,0,official,principal
2022,0,1,0.7548333439345848,probability_native,0.7548333439345848,u_6e9c69a582120421,4,0,official,principal
5798,1,1,0.8678431824656287,probability_native,0.8678431824656287,u_6e9c69a582120421,4,0,official,principal
963,0,0,0.08991842046496673,probability_native,0.08991842046496673,u_6e9c69a582120421,4,0,official,principal
660,1,1,0.6249461476526674,probability_native,0.6249461476526674,u_6e9c69a582120421,4,0,official,principal
5478,0,0,0.30373287557804984,probability_native,0.30373287557804984,u_6e9c69a582120421,4,0,official,principal
4955,1,1,0.8201063255109442,probability_native,0.8201063255109442,u_6e9c69a582120421,4,0,official,principal
5678,1,0,0.4958744085551762,probability_native,0.4958744085551762,u_6e9c69a582120421,4,0,official,principal
5831,1,1,0.7766456700946646,probability_native,0.7766456700946646,u_6e9c69a582120421,4,0,official,principal
5030,1,1,0.7264352413166395,probability_native,0.7264352413166395,u_6e9c69a582120421,4,0,official,principal
1294,1,1,0.7034655834112149,probability_native,0.7034655834112149,u_6e9c69a582120421,4,0,official,principal
2212,0,0,0.11351757079631943,probability_native,0.11351757079631943,u_6e9c69a582120421,4,0,official,principal
6993,1,1,0.6635899106234061,probability_native,0.6635899106234061,u_6e9c69a582120421,4,0,official,principal
6342,0,1,0.754221232540878,probability_native,0.754221232540878,u_6e9c69a582120421,4,0,official,principal
3949,0,0,0.2712702540402134,probability_native,0.2712702540402134,u_6e9c69a582120421,4,0,official,principal
3967,0,0,0.06981635033998686,probability_native,0.06981635033998686,u_6e9c69a582120421,4,0,official,principal
276,1,1,0.7225630505121786,probability_native,0.7225630505121786,u_6e9c69a582120421,4,0,official,principal
5867,0,0,0.05222078598712005,probability_native,0.05222078598712005,u_6e9c69a582120421,4,0,official,principal
5132,0,0,0.14981286009541475,probability_native,0.14981286009541475,u_6e9c69a582120421,4,0,official,principal
142,0,0,0.3183434176314548,probability_native,0.3183434176314548,u_6e9c69a582120421,4,0,official,principal
1397,0,1,0.7928201393201552,probability_native,0.7928201393201552,u_6e9c69a582120421,4,0,official,principal
4524,1,1,0.6395160635725287,probability_native,0.6395160635725287,u_6e9c69a582120421,4,0,official,principal
4713,0,0,0.40252098952960813,probability_native,0.40252098952960813,u_6e9c69a582120421,4,0,official,principal
1141,0,0,0.23971087224468074,probability_native,0.23971087224468074,u_6e9c69a582120421,4,0,official,principal
4749,1,1,0.6249724524348874,probability_native,0.6249724524348874,u_6e9c69a582120421,4,0,official,principal
4119,0,0,0.05961367446918308,probability_native,0.05961367446918308,u_6e9c69a582120421,4,0,official,principal
4056,1,1,0.7302153619746236,probability_native,0.7302153619746236,u_6e9c69a582120421,4,0,official,principal
1136,0,0,0.015384780789766161,probability_native,0.015384780789766161,u_6e9c69a582120421,4,0,official,principal
3048,0,1,0.7403956691216002,probability_native,0.7403956691216002,u_6e9c69a582120421,4,0,official,principal
115,0,1,0.6168803858569363,probability_native,0.6168803858569363,u_6e9c69a582120421,4,0,official,principal
5298,0,1,0.7258984645014877,probability_native,0.7258984645014877,u_6e9c69a582120421,4,0,official,principal
5643,1,1,0.734591474475573,probability_native,0.734591474475573,u_6e9c69a582120421,4,0,official,principal
1008,1,0,0.48411807591463124,probability_native,0.48411807591463124,u_6e9c69a582120421,4,0,official,principal
1416,0,0,0.08679010876442389,probability_native,0.08679010876442389,u_6e9c69a582120421,4,0,official,principal
1989,0,0,0.08076238978649929,probability_native,0.08076238978649929,u_6e9c69a582120421,4,0,official,principal
3915,0,0,0.19752241766470285,probability_native,0.19752241766470285,u_6e9c69a582120421,4,0,official,principal
609,1,0,0.40409641643602034,probability_native,0.40409641643602034,u_6e9c69a582120421,4,0,official,principal
1189,0,1,0.716614640312043,probability_native,0.716614640312043,u_6e9c69a582120421,4,0,official,principal
2074,1,0,0.37834041101743165,probability_native,0.37834041101743165,u_6e9c69a582120421,4,0,official,principal
5106,0,1,0.5030367459413277,probability_native,0.5030367459413277,u_6e9c69a582120421,4,0,official,principal
2539,0,0,0.011959520254492532,probability_native,0.011959520254492532,u_6e9c69a582120421,4,0,official,principal
5002,0,0,0.0747376415314121,probability_native,0.0747376415314121,u_6e9c69a582120421,4,0,official,principal
4803,0,0,0.34769012586779674,probability_native,0.34769012586779674,u_6e9c69a582120421,4,0,official,principal
1067,0,1,0.5243627171341597,probability_native,0.5243627171341597,u_6e9c69a582120421,4,0,official,principal
5460,0,0,0.033766882676822915,probability_native,0.033766882676822915,u_6e9c69a582120421,4,0,official,principal
1841,0,0,0.15296342863412954,probability_native,0.15296342863412954,u_6e9c69a582120421,4,0,official,principal
6654,1,1,0.8474442336892308,probability_native,0.8474442336892308,u_6e9c69a582120421,4,0,official,principal
19,0,1,0.695700675399676,probability_native,0.695700675399676,u_6e9c69a582120421,4,0,official,principal
3882,0,1,0.6919927795447945,probability_native,0.6919927795447945,u_6e9c69a582120421,4,0,official,principal
1331,0,1,0.7124312476224172,probability_native,0.7124312476224172,u_6e9c69a582120421,4,0,official,principal
5399,0,0,0.14462627726903837,probability_native,0.14462627726903837,u_6e9c69a582120421,4,0,official,principal
1548,0,0,0.4483291732622814,probability_native,0.4483291732622814,u_6e9c69a582120421,4,0,official,principal
3271,1,1,0.8296804345471309,probability_native,0.8296804345471309,u_6e9c69a582120421,4,0,official,principal
461,0,0,0.4389324801271566,probability_native,0.4389324801271566,u_6e9c69a582120421,4,0,official,principal
390,0,1,0.6501513507791522,probability_native,0.6501513507791522,u_6e9c69a582120421,4,0,official,principal
775,0,0,0.08920526167576596,probability_native,0.08920526167576596,u_6e9c69a582120421,4,0,official,principal
2098,0,1,0.660192951782723,probability_native,0.660192951782723,u_6e9c69a582120421,4,0,official,principal
5912,1,1,0.5286208891956565,probability_native,0.5286208891956565,u_6e9c69a582120421,4,0,official,principal
431,0,0,0.023672093655694892,probability_native,0.023672093655694892,u_6e9c69a582120421,4,0,official,principal
6882,0,0,0.245167492580463,probability_native,0.245167492580463,u_6e9c69a582120421,4,0,official,principal
4158,0,0,0.02691498163620031,probability_native,0.02691498163620031,u_6e9c69a582120421,4,0,official,principal
6469,0,0,0.08978282571894307,probability_native,0.08978282571894307,u_6e9c69a582120421,4,0,official,principal
230,0,0,0.3591947028885486,probability_native,0.3591947028885486,u_6e9c69a582120421,4,0,official,principal
3485,1,1,0.775013483609342,probability_native,0.775013483609342,u_6e9c69a582120421,4,0,official,principal
5680,1,1,0.6119926402588439,probability_native,0.6119926402588439,u_6e9c69a582120421,4,0,official,principal
125,0,0,0.24562426826010283,probability_native,0.24562426826010283,u_6e9c69a582120421,4,0,official,principal
5749,0,1,0.6217993031135928,probability_native,0.6217993031135928,u_6e9c69a582120421,4,0,official,principal
2697,0,0,0.024465468456568305,probability_native,0.024465468456568305,u_6e9c69a582120421,4,0,official,principal
1843,0,0,0.011549456700277183,probability_native,0.011549456700277183,u_6e9c69a582120421,4,0,official,principal
5899,0,1,0.5298701371183128,probability_native,0.5298701371183128,u_6e9c69a582120421,4,0,official,principal
1150,0,1,0.5925753069554471,probability_native,0.5925753069554471,u_6e9c69a582120421,4,0,official,principal
2688,1,1,0.828845327823894,probability_native,0.828845327823894,u_6e9c69a582120421,4,0,official,principal
420,0,0,0.44099976804348645,probability_native,0.44099976804348645,u_6e9c69a582120421,4,0,official,principal
5653,1,1,0.8160107206891347,probability_native,0.8160107206891347,u_6e9c69a582120421,4,0,official,principal
1600,1,1,0.8751433076825549,probability_native,0.8751433076825549,u_6e9c69a582120421,4,0,official,principal
980,0,0,0.2876090695274175,probability_native,0.2876090695274175,u_6e9c69a582120421,4,0,official,principal
1084,0,0,0.07620532310730184,probability_native,0.07620532310730184,u_6e9c69a582120421,4,0,official,principal
2207,1,1,0.8163284464020601,probability_native,0.8163284464020601,u_6e9c69a582120421,4,0,official,principal
5297,0,0,0.042885320373774675,probability_native,0.042885320373774675,u_6e9c69a582120421,4,0,official,principal
1901,0,0,0.19679299116134158,probability_native,0.19679299116134158,u_6e9c69a582120421,4,0,official,principal
4865,0,1,0.6109957089867769,probability_native,0.6109957089867769,u_6e9c69a582120421,4,0,official,principal
4567,0,1,0.6510057794724077,probability_native,0.6510057794724077,u_6e9c69a582120421,4,0,official,principal
4033,0,0,0.052629102203097314,probability_native,0.052629102203097314,u_6e9c69a582120421,4,0,official,principal
5523,0,1,0.6965647776050561,probability_native,0.6965647776050561,u_6e9c69a582120421,4,0,official,principal
3123,0,1,0.5998082826920972,probability_native,0.5998082826920972,u_6e9c69a582120421,4,0,official,principal
3794,0,0,0.46487458423273176,probability_native,0.46487458423273176,u_6e9c69a582120421,4,0,official,principal
564,0,0,0.47158985475692206,probability_native,0.47158985475692206,u_6e9c69a582120421,4,0,official,principal
1873,0,0,0.052872848481003924,probability_native,0.052872848481003924,u_6e9c69a582120421,4,0,official,principal
6105,1,0,0.3463142926446528,probability_native,0.3463142926446528,u_6e9c69a582120421,4,0,official,principal
2544,0,0,0.3395023902628847,probability_native,0.3395023902628847,u_6e9c69a582120421,4,0,official,principal
4023,0,0,0.11857106186121291,probability_native,0.11857106186121291,u_6e9c69a582120421,4,0,official,principal
5723,0,0,0.35958702625267286,probability_native,0.35958702625267286,u_6e9c69a582120421,4,0,official,principal
2375,0,0,0.1067777132934995,probability_native,0.1067777132934995,u_6e9c69a582120421,4,0,official,principal
4183,0,1,0.5417516617110871,probability_native,0.5417516617110871,u_6e9c69a582120421,4,0,official,principal
3986,0,0,0.14555073710345304,probability_native,0.14555073710345304,u_6e9c69a582120421,4,0,official,principal
7003,0,0,0.3668145042865307,probability_native,0.3668145042865307,u_6e9c69a582120421,4,0,official,principal
1707,0,1,0.7475329571373603,probability_native,0.7475329571373603,u_6e9c69a582120421,4,0,official,principal
3126,0,0,0.23850636325686447,probability_native,0.23850636325686447,u_6e9c69a582120421,4,0,official,principal
5263,0,0,0.3878269303494373,probability_native,0.3878269303494373,u_6e9c69a582120421,4,0,official,principal
3528,1,0,0.23984826925281827,probability_native,0.23984826925281827,u_6e9c69a582120421,4,0,official,principal
5237,0,0,0.4255643347025508,probability_native,0.4255643347025508,u_6e9c69a582120421,4,0,official,principal
1788,0,0,0.0692921037023326,probability_native,0.0692921037023326,u_6e9c69a582120421,4,0,official,principal
2248,0,0,0.2130093659605227,probability_native,0.2130093659605227,u_6e9c69a582120421,4,0,official,principal
1435,0,0,0.4281546810994616,probability_native,0.4281546810994616,u_6e9c69a582120421,4,0,official,principal
501,0,0,0.1378425375753219,probability_native,0.1378425375753219,u_6e9c69a582120421,4,0,official,principal
5198,1,0,0.3873046306191065,probability_native,0.3873046306191065,u_6e9c69a582120421,4,0,official,principal
4255,1,0,0.3767720212955242,probability_native,0.3767720212955242,u_6e9c69a582120421,4,0,official,principal
3252,0,0,0.10182163868170488,probability_native,0.10182163868170488,u_6e9c69a582120421,4,0,official,principal
3584,0,1,0.6252418550636848,probability_native,0.6252418550636848,u_6e9c69a582120421,4,0,official,principal
3535,0,0,0.29594865028512873,probability_native,0.29594865028512873,u_6e9c69a582120421,4,0,official,principal
4099,0,1,0.5280459781594441,probability_native,0.5280459781594441,u_6e9c69a582120421,4,0,official,principal
2600,0,1,0.8486011661904643,probability_native,0.8486011661904643,u_6e9c69a582120421,4,0,official,principal
184,1,1,0.757414786975919,probability_native,0.757414786975919,u_6e9c69a582120421,4,0,official,principal
1836,1,1,0.6420695549275993,probability_native,0.6420695549275993,u_6e9c69a582120421,4,0,official,principal
5545,0,0,0.47932802448123973,probability_native,0.47932802448123973,u_6e9c69a582120421,4,0,official,principal
1156,0,0,0.07420680802009229,probability_native,0.07420680802009229,u_6e9c69a582120421,4,0,official,principal
1513,1,1,0.7358278630780235,probability_native,0.7358278630780235,u_6e9c69a582120421,4,0,official,principal
4568,0,0,0.3040790823346281,probability_native,0.3040790823346281,u_6e9c69a582120421,4,0,official,principal
4112,0,0,0.4159764779009466,probability_native,0.4159764779009466,u_6e9c69a582120421,4,0,official,principal
6050,0,0,0.31049679039831246,probability_native,0.31049679039831246,u_6e9c69a582120421,4,0,official,principal
1276,0,0,0.12609902274276208,probability_native,0.12609902274276208,u_6e9c69a582120421,4,0,official,principal
4588,0,0,0.45354830710825356,probability_native,0.45354830710825356,u_6e9c69a582120421,4,0,official,principal
4010,0,1,0.6134414231985403,probability_native,0.6134414231985403,u_6e9c69a582120421,4,0,official,principal
396,0,1,0.5013446193284569,probability_native,0.5013446193284569,u_6e9c69a582120421,4,0,official,principal
4523,0,1,0.6249351366195096,probability_native,0.6249351366195096,u_6e9c69a582120421,4,0,official,principal
4220,0,0,0.06295763216998833,probability_native,0.06295763216998833,u_6e9c69a582120421,4,0,official,principal
6138,0,0,0.2863486812234893,probability_native,0.2863486812234893,u_6e9c69a582120421,4,0,official,principal
2653,0,0,0.047894167896694054,probability_native,0.047894167896694054,u_6e9c69a582120421,4,0,official,principal
5492,0,0,0.033721818670808965,probability_native,0.033721818670808965,u_6e9c69a582120421,4,0,official,principal
6505,0,0,0.05583968654750844,probability_native,0.05583968654750844,u_6e9c69a582120421,4,0,official,principal
321,0,0,0.13183827816235177,probability_native,0.13183827816235177,u_6e9c69a582120421,4,0,official,principal
2357,0,0,0.17588659461244252,probability_native,0.17588659461244252,u_6e9c69a582120421,4,0,official,principal
407,0,1,0.5813652116988517,probability_native,0.5813652116988517,u_6e9c69a582120421,4,0,official,principal
4614,0,0,0.308711184712401,probability_native,0.308711184712401,u_6e9c69a582120421,4,0,official,principal
962,0,0,0.3624569766689175,probability_native,0.3624569766689175,u_6e9c69a582120421,4,0,official,principal
2253,0,0,0.0649059589647621,probability_native,0.0649059589647621,u_6e9c69a582120421,4,0,official,principal
4268,0,0,0.2566592764227472,probability_native,0.2566592764227472,u_6e9c69a582120421,4,0,official,principal
3443,0,0,0.2753478023825727,probability_native,0.2753478023825727,u_6e9c69a582120421,4,0,official,principal
2089,0,0,0.1609009727236027,probability_native,0.1609009727236027,u_6e9c69a582120421,4,0,official,principal
6711,0,1,0.6936763104994316,probability_native,0.6936763104994316,u_6e9c69a582120421,4,0,official,principal
2620,0,0,0.328280408866193,probability_native,0.328280408866193,u_6e9c69a582120421,4,0,official,principal
6988,0,0,0.2836326482800875,probability_native,0.2836326482800875,u_6e9c69a582120421,4,0,official,principal
4353,1,1,0.8512090258756336,probability_native,0.8512090258756336,u_6e9c69a582120421,4,0,official,principal
40,0,0,0.21336711883861237,probability_native,0.21336711883861237,u_6e9c69a582120421,4,0,official,principal
1158,0,0,0.4245559369050077,probability_native,0.4245559369050077,u_6e9c69a582120421,4,0,official,principal
3667,0,0,0.394329123206671,probability_native,0.394329123206671,u_6e9c69a582120421,4,0,official,principal
72,0,0,0.35915733465918215,probability_native,0.35915733465918215,u_6e9c69a582120421,4,0,official,principal
5043,1,1,0.599585135529466,probability_native,0.599585135529466,u_6e9c69a582120421,4,0,official,principal
354,1,1,0.5223105049830417,probability_native,0.5223105049830417,u_6e9c69a582120421,4,0,official,principal
3484,0,0,0.48501803806737653,probability_native,0.48501803806737653,u_6e9c69a582120421,4,0,official,principal
6556,0,0,0.15043702072437873,probability_native,0.15043702072437873,u_6e9c69a582120421,4,0,official,principal
7009,1,1,0.7000505679380976,probability_native,0.7000505679380976,u_6e9c69a582120421,4,0,official,principal
4092,0,1,0.6456760098248473,probability_native,0.6456760098248473,u_6e9c69a582120421,4,0,official,principal
576,0,0,0.22524719706998333,probability_native,0.22524719706998333,u_6e9c69a582120421,4,0,official,principal
4969,0,0,0.45081870607897073,probability_native,0.45081870607897073,u_6e9c69a582120421,4,0,official,principal
3432,0,0,0.06942296372109158,probability_native,0.06942296372109158,u_6e9c69a582120421,4,0,official,principal
1193,0,0,0.09323586670307998,probability_native,0.09323586670307998,u_6e9c69a582120421,4,0,official,principal
4828,0,0,0.29518226116293766,probability_native,0.29518226116293766,u_6e9c69a582120421,4,0,official,principal
5092,0,0,0.3723032632115346,probability_native,0.3723032632115346,u_6e9c69a582120421,4,0,official,principal
1442,0,0,0.37886604746064356,probability_native,0.37886604746064356,u_6e9c69a582120421,4,0,official,principal
620,0,0,0.4509388558242802,probability_native,0.4509388558242802,u_6e9c69a582120421,4,0,official,principal
7035,0,1,0.640707238156623,probability_native,0.640707238156623,u_6e9c69a582120421,4,0,official,principal
4289,0,0,0.06395349394008051,probability_native,0.06395349394008051,u_6e9c69a582120421,4,0,official,principal
1050,1,1,0.5216389838979776,probability_native,0.5216389838979776,u_6e9c69a582120421,4,0,official,principal
6161,0,1,0.5489115963048711,probability_native,0.5489115963048711,u_6e9c69a582120421,4,0,official,principal
6428,1,1,0.7409674208897981,probability_native,0.7409674208897981,u_6e9c69a582120421,4,0,official,principal
4274,0,0,0.1102883199118555,probability_native,0.1102883199118555,u_6e9c69a582120421,4,0,official,principal
4801,0,0,0.028254669312304546,probability_native,0.028254669312304546,u_6e9c69a582120421,4,0,official,principal
3574,0,1,0.6430980131089195,probability_native,0.6430980131089195,u_6e9c69a582120421,4,0,official,principal
6538,1,1,0.6976576046052324,probability_native,0.6976576046052324,u_6e9c69a582120421,4,0,official,principal
3823,0,0,0.024197102313719188,probability_native,0.024197102313719188,u_6e9c69a582120421,4,0,official,principal
1700,0,0,0.06600904311067254,probability_native,0.06600904311067254,u_6e9c69a582120421,4,0,official,principal
4469,0,0,0.1689065305083327,probability_native,0.1689065305083327,u_6e9c69a582120421,4,0,official,principal
3852,0,1,0.6084133373037095,probability_native,0.6084133373037095,u_6e9c69a582120421,4,0,official,principal
3186,0,0,0.02152160609430668,probability_native,0.02152160609430668,u_6e9c69a582120421,4,0,official,principal
493,0,0,0.19491083082499494,probability_native,0.19491083082499494,u_6e9c69a582120421,4,0,official,principal
6286,0,0,0.35851813184232595,probability_native,0.35851813184232595,u_6e9c69a582120421,4,0,official,principal
726,0,0,0.08323470863345933,probability_native,0.08323470863345933,u_6e9c69a582120421,4,0,official,principal
5483,1,1,0.6140395397147888,probability_native,0.6140395397147888,u_6e9c69a582120421,4,0,official,principal
1818,0,0,0.4315320751510303,probability_native,0.4315320751510303,u_6e9c69a582120421,4,0,official,principal
3188,1,1,0.6071749446576302,probability_native,0.6071749446576302,u_6e9c69a582120421,4,0,official,principal
2970,1,1,0.7439886594925698,probability_native,0.7439886594925698,u_6e9c69a582120421,4,0,official,principal
802,0,0,0.08534507561511413,probability_native,0.08534507561511413,u_6e9c69a582120421,4,0,official,principal
6136,0,0,0.026532473518331358,probability_native,0.026532473518331358,u_6e9c69a582120421,4,0,official,principal
1935,0,0,0.11706290944543266,probability_native,0.11706290944543266,u_6e9c69a582120421,4,0,official,principal
5352,0,1,0.6362708590090357,probability_native,0.6362708590090357,u_6e9c69a582120421,4,0,official,principal
2673,1,1,0.6130468393474169,probability_native,0.6130468393474169,u_6e9c69a582120421,4,0,official,principal
4230,1,1,0.6592474001440479,probability_native,0.6592474001440479,u_6e9c69a582120421,4,0,official,principal
3598,0,1,0.7726822327927065,probability_native,0.7726822327927065,u_6e9c69a582120421,4,0,official,principal
6810,1,0,0.4969580869654597,probability_native,0.4969580869654597,u_6e9c69a582120421,4,0,official,principal
6645,0,0,0.4923198375661695,probability_native,0.4923198375661695,u_6e9c69a582120421,4,0,official,principal
2334,0,1,0.6664648356614415,probability_native,0.6664648356614415,u_6e9c69a582120421,4,0,official,principal
1990,1,1,0.7903288423646471,probability_native,0.7903288423646471,u_6e9c69a582120421,4,0,official,principal
2167,1,1,0.8219555133866215,probability_native,0.8219555133866215,u_6e9c69a582120421,4,0,official,principal
2669,1,1,0.650007200835074,probability_native,0.650007200835074,u_6e9c69a582120421,4,0,official,principal
2573,1,1,0.7363481652644142,probability_native,0.7363481652644142,u_6e9c69a582120421,4,0,official,principal
83,0,1,0.5131893672134282,probability_native,0.5131893672134282,u_6e9c69a582120421,4,0,official,principal
4323,1,0,0.31889814955964296,probability_native,0.31889814955964296,u_6e9c69a582120421,4,0,official,principal
202,0,0,0.2313246392407572,probability_native,0.2313246392407572,u_6e9c69a582120421,4,0,official,principal
4498,0,0,0.16939562185913515,probability_native,0.16939562185913515,u_6e9c69a582120421,4,0,official,principal
4470,0,1,0.6450027635106647,probability_native,0.6450027635106647,u_6e9c69a582120421,4,0,official,principal
3014,0,1,0.6721434749926699,probability_native,0.6721434749926699,u_6e9c69a582120421,4,0,official,principal
5837,0,1,0.730624104807912,probability_native,0.730624104807912,u_6e9c69a582120421,4,0,official,principal
4843,0,0,0.014821175673820818,probability_native,0.014821175673820818,u_6e9c69a582120421,4,0,official,principal
5211,1,1,0.8382757587222182,probability_native,0.8382757587222182,u_6e9c69a582120421,4,0,official,principal
737,0,0,0.15895345398990587,probability_native,0.15895345398990587,u_6e9c69a582120421,4,0,official,principal
1646,0,0,0.05265881071354053,probability_native,0.05265881071354053,u_6e9c69a582120421,4,0,official,principal
1910,0,1,0.6517858154212884,probability_native,0.6517858154212884,u_6e9c69a582120421,4,0,official,principal
4892,0,1,0.7538631885302485,probability_native,0.7538631885302485,u_6e9c69a582120421,4,0,official,principal
6904,0,0,0.4255540861788472,probability_native,0.4255540861788472,u_6e9c69a582120421,4,0,official,principal
797,0,0,0.2282510652488498,probability_native,0.2282510652488498,u_6e9c69a582120421,4,0,official,principal
1188,0,1,0.5797121511660832,probability_native,0.5797121511660832,u_6e9c69a582120421,4,0,official,principal
4026,0,0,0.04575140210112704,probability_native,0.04575140210112704,u_6e9c69a582120421,4,0,official,principal
3430,0,0,0.305860193674168,probability_native,0.305860193674168,u_6e9c69a582120421,4,0,official,principal
5588,1,1,0.7241608204319145,probability_native,0.7241608204319145,u_6e9c69a582120421,4,0,official,principal
6018,0,0,0.05021666662771342,probability_native,0.05021666662771342,u_6e9c69a582120421,4,0,official,principal
4650,0,0,0.1682647924037364,probability_native,0.1682647924037364,u_6e9c69a582120421,4,0,official,principal
4776,0,1,0.7920605689915783,probability_native,0.7920605689915783,u_6e9c69a582120421,4,0,official,principal
2075,0,1,0.7633718937881722,probability_native,0.7633718937881722,u_6e9c69a582120421,4,0,official,principal
1445,0,1,0.5828632712878171,probability_native,0.5828632712878171,u_6e9c69a582120421,4,0,official,principal
4887,0,0,0.1687073622420879,probability_native,0.1687073622420879,u_6e9c69a582120421,4,0,official,principal
5371,1,0,0.39243114425289877,probability_native,0.39243114425289877,u_6e9c69a582120421,4,0,official,principal
3178,1,0,0.4310747697580532,probability_native,0.4310747697580532,u_6e9c69a582120421,4,0,official,principal
6302,1,1,0.7698348889164087,probability_native,0.7698348889164087,u_6e9c69a582120421,4,0,official,principal
4639,0,1,0.7633959573662129,probability_native,0.7633959573662129,u_6e9c69a582120421,4,0,official,principal
4471,1,0,0.3814146819646029,probability_native,0.3814146819646029,u_6e9c69a582120421,4,0,official,principal
2054,1,1,0.7652784083769482,probability_native,0.7652784083769482,u_6e9c69a582120421,4,0,official,principal
3909,0,0,0.12810509510452583,probability_native,0.12810509510452583,u_6e9c69a582120421,4,0,official,principal
5566,0,0,0.12279196093481733,probability_native,0.12279196093481733,u_6e9c69a582120421,4,0,official,principal
358,1,0,0.30440740899143665,probability_native,0.30440740899143665,u_6e9c69a582120421,4,0,official,principal
4960,1,1,0.7562923023324113,probability_native,0.7562923023324113,u_6e9c69a582120421,4,0,official,principal
1564,1,1,0.8520991172070951,probability_native,0.8520991172070951,u_6e9c69a582120421,4,0,official,principal
4826,1,1,0.8422688393092155,probability_native,0.8422688393092155,u_6e9c69a582120421,4,0,official,principal
5076,1,0,0.44733924266190456,probability_native,0.44733924266190456,u_6e9c69a582120421,4,0,official,principal
2533,0,0,0.09457292292371852,probability_native,0.09457292292371852,u_6e9c69a582120421,4,0,official,principal
5966,1,1,0.5716064819754766,probability_native,0.5716064819754766,u_6e9c69a582120421,4,0,official,principal
2774,0,1,0.5767878523273103,probability_native,0.5767878523273103,u_6e9c69a582120421,4,0,official,principal
2513,0,0,0.02606741238183244,probability_native,0.02606741238183244,u_6e9c69a582120421,4,0,official,principal
1387,0,0,0.013362303932441387,probability_native,0.013362303932441387,u_6e9c69a582120421,4,0,official,principal
784,0,0,0.10859677474555911,probability_native,0.10859677474555911,u_6e9c69a582120421,4,0,official,principal
4040,0,0,0.09942878202733868,probability_native,0.09942878202733868,u_6e9c69a582120421,4,0,official,principal
5235,0,1,0.6749499098560456,probability_native,0.6749499098560456,u_6e9c69a582120421,4,0,official,principal
1004,0,0,0.22130974421403507,probability_native,0.22130974421403507,u_6e9c69a582120421,4,0,official,principal
951,0,1,0.6611968895778184,probability_native,0.6611968895778184,u_6e9c69a582120421,4,0,official,principal
3590,0,0,0.10124535569237608,probability_native,0.10124535569237608,u_6e9c69a582120421,4,0,official,principal
6984,0,0,0.301464855654699,probability_native,0.301464855654699,u_6e9c69a582120421,4,0,official,principal
3316,0,0,0.17711370515225563,probability_native,0.17711370515225563,u_6e9c69a582120421,4,0,official,principal
3480,0,0,0.018622003037212696,probability_native,0.018622003037212696,u_6e9c69a582120421,4,0,official,principal
5187,0,1,0.7374081167978414,probability_native,0.7374081167978414,u_6e9c69a582120421,4,0,official,principal
6598,0,0,0.1019292693500159,probability_native,0.1019292693500159,u_6e9c69a582120421,4,0,official,principal
5609,1,1,0.5775714779385758,probability_native,0.5775714779385758,u_6e9c69a582120421,4,0,official,principal
924,0,0,0.44638921865069714,probability_native,0.44638921865069714,u_6e9c69a582120421,4,0,official,principal
6931,0,0,0.2716993387736584,probability_native,0.2716993387736584,u_6e9c69a582120421,4,0,official,principal
1295,0,0,0.058077783298725254,probability_native,0.058077783298725254,u_6e9c69a582120421,4,0,official,principal
3911,1,0,0.4937600588836694,probability_native,0.4937600588836694,u_6e9c69a582120421,4,0,official,principal
4057,0,0,0.01841028814879992,probability_native,0.01841028814879992,u_6e9c69a582120421,4,0,official,principal
4218,0,0,0.42162608200553753,probability_native,0.42162608200553753,u_6e9c69a582120421,4,0,official,principal
4895,0,0,0.31943616560937854,probability_native,0.31943616560937854,u_6e9c69a582120421,4,0,official,principal
514,0,0,0.31936552522053163,probability_native,0.31936552522053163,u_6e9c69a582120421,4,0,official,principal
4835,0,1,0.557358800285343,probability_native,0.557358800285343,u_6e9c69a582120421,4,0,official,principal
45,0,1,0.6731166349847888,probability_native,0.6731166349847888,u_6e9c69a582120421,4,0,official,principal
6749,0,0,0.1314485589679692,probability_native,0.1314485589679692,u_6e9c69a582120421,4,0,official,principal
2992,0,0,0.42603865297506965,probability_native,0.42603865297506965,u_6e9c69a582120421,4,0,official,principal
4991,1,0,0.392078042132067,probability_native,0.392078042132067,u_6e9c69a582120421,4,0,official,principal
3041,0,1,0.753570795985777,probability_native,0.753570795985777,u_6e9c69a582120421,4,0,official,principal
5788,0,1,0.7128985324514077,probability_native,0.7128985324514077,u_6e9c69a582120421,4,0,official,principal
1860,0,0,0.022730401208527304,probability_native,0.022730401208527304,u_6e9c69a582120421,4,0,official,principal
401,0,0,0.21241587482021615,probability_native,0.21241587482021615,u_6e9c69a582120421,4,0,official,principal
130,0,1,0.8028792890818757,probability_native,0.8028792890818757,u_6e9c69a582120421,4,0,official,principal
1392,0,0,0.04116530846705195,probability_native,0.04116530846705195,u_6e9c69a582120421,4,0,official,principal
287,1,1,0.8415336869049516,probability_native,0.8415336869049516,u_6e9c69a582120421,4,0,official,principal
4184,1,1,0.7566961983211473,probability_native,0.7566961983211473,u_6e9c69a582120421,4,0,official,principal
2412,1,0,0.13298016808558027,probability_native,0.13298016808558027,u_6e9c69a582120421,4,0,official,principal
1585,0,0,0.12745551418200696,probability_native,0.12745551418200696,u_6e9c69a582120421,4,0,official,principal
5705,0,1,0.6233057558880117,probability_native,0.6233057558880117,u_6e9c69a582120421,4,0,official,principal
6367,0,0,0.10387886066449627,probability_native,0.10387886066449627,u_6e9c69a582120421,4,0,official,principal
6373,0,1,0.5605591844475658,probability_native,0.5605591844475658,u_6e9c69a582120421,4,0,official,principal
4953,0,0,0.056358474683742464,probability_native,0.056358474683742464,u_6e9c69a582120421,4,0,official,principal
4540,0,1,0.5860289598831913,probability_native,0.5860289598831913,u_6e9c69a582120421,4,0,official,principal
848,0,0,0.042218603241847445,probability_native,0.042218603241847445,u_6e9c69a582120421,4,0,official,principal
6884,1,1,0.7472373863724411,probability_native,0.7472373863724411,u_6e9c69a582120421,4,0,official,principal
533,0,0,0.35210209775791507,probability_native,0.35210209775791507,u_6e9c69a582120421,4,0,official,principal
1518,0,0,0.4141523271277475,probability_native,0.4141523271277475,u_6e9c69a582120421,4,0,official,principal
4322,0,1,0.8032755186752621,probability_native,0.8032755186752621,u_6e9c69a582120421,4,0,official,principal
1958,0,1,0.5727727527897819,probability_native,0.5727727527897819,u_6e9c69a582120421,4,0,official,principal
1261,0,1,0.6811178022000842,probability_native,0.6811178022000842,u_6e9c69a582120421,4,0,official,principal
1640,0,0,0.23571069603473876,probability_native,0.23571069603473876,u_6e9c69a582120421,4,0,official,principal
5607,1,0,0.4078069850128535,probability_native,0.4078069850128535,u_6e9c69a582120421,4,0,official,principal
6024,1,1,0.7904803836475925,probability_native,0.7904803836475925,u_6e9c69a582120421,4,0,official,principal
6112,0,0,0.46787315439547045,probability_native,0.46787315439547045,u_6e9c69a582120421,4,0,official,principal
3474,0,0,0.36138554373721665,probability_native,0.36138554373721665,u_6e9c69a582120421,4,0,official,principal
1391,0,1,0.667565755672625,probability_native,0.667565755672625,u_6e9c69a582120421,4,0,official,principal
5690,0,0,0.054294773184739534,probability_native,0.054294773184739534,u_6e9c69a582120421,4,0,official,principal
4254,1,0,0.49150830376756316,probability_native,0.49150830376756316,u_6e9c69a582120421,4,0,official,principal
991,0,0,0.05097155008462951,probability_native,0.05097155008462951,u_6e9c69a582120421,4,0,official,principal
4492,0,0,0.08994231136918703,probability_native,0.08994231136918703,u_6e9c69a582120421,4,0,official,principal
2428,1,1,0.619047068761199,probability_native,0.619047068761199,u_6e9c69a582120421,4,0,official,principal
3339,0,0,0.018006171746322134,probability_native,0.018006171746322134,u_6e9c69a582120421,4,0,official,principal
2029,1,0,0.2981352371999631,probability_native,0.2981352371999631,u_6e9c69a582120421,4,0,official,principal
655,0,1,0.701272120445062,probability_native,0.701272120445062,u_6e9c69a582120421,4,0,official,principal
6180,0,0,0.2963171236383699,probability_native,0.2963171236383699,u_6e9c69a582120421,4,0,official,principal
3369,0,1,0.5844230439828129,probability_native,0.5844230439828129,u_6e9c69a582120421,4,0,official,principal
2541,0,0,0.06799713796752309,probability_native,0.06799713796752309,u_6e9c69a582120421,4,0,official,principal
1996,0,0,0.038633911942714316,probability_native,0.038633911942714316,u_6e9c69a582120421,4,0,official,principal
6778,0,0,0.047798361362424616,probability_native,0.047798361362424616,u_6e9c69a582120421,4,0,official,principal
6091,1,1,0.7907310147348947,probability_native,0.7907310147348947,u_6e9c69a582120421,4,0,official,principal
5001,1,0,0.35902557802288265,probability_native,0.35902557802288265,u_6e9c69a582120421,4,0,official,principal
6732,0,1,0.6595454942410561,probability_native,0.6595454942410561,u_6e9c69a582120421,4,0,official,principal
4687,1,1,0.5574617021410717,probability_native,0.5574617021410717,u_6e9c69a582120421,4,0,official,principal
3313,0,1,0.5329666745503031,probability_native,0.5329666745503031,u_6e9c69a582120421,4,0,official,principal
47,1,1,0.8508735725267945,probability_native,0.8508735725267945,u_6e9c69a582120421,4,0,official,principal
2585,0,0,0.05093289329294757,probability_native,0.05093289329294757,u_6e9c69a582120421,4,0,official,principal
6299,0,0,0.09783592552434105,probability_native,0.09783592552434105,u_6e9c69a582120421,4,0,official,principal
1128,0,0,0.3199409662580668,probability_native,0.3199409662580668,u_6e9c69a582120421,4,0,official,principal
6201,0,1,0.5874910361983919,probability_native,0.5874910361983919,u_6e9c69a582120421,4,0,official,principal
5897,0,0,0.01580984608949417,probability_native,0.01580984608949417,u_6e9c69a582120421,4,0,official,principal
1751,1,1,0.7317963936461102,probability_native,0.7317963936461102,u_6e9c69a582120421,4,0,official,principal
4904,0,1,0.5726901204917509,probability_native,0.5726901204917509,u_6e9c69a582120421,4,0,official,principal
4411,0,0,0.20493284428617553,probability_native,0.20493284428617553,u_6e9c69a582120421,4,0,official,principal
1314,1,0,0.2702862258887008,probability_native,0.2702862258887008,u_6e9c69a582120421,4,0,official,principal
6805,0,0,0.4150413367029286,probability_native,0.4150413367029286,u_6e9c69a582120421,4,0,official,principal
798,0,1,0.5623284425322153,probability_native,0.5623284425322153,u_6e9c69a582120421,4,0,official,principal
3690,1,0,0.47526026120718895,probability_native,0.47526026120718895,u_6e9c69a582120421,4,0,official,principal
5407,0,0,0.03548837778820115,probability_native,0.03548837778820115,u_6e9c69a582120421,4,0,official,principal
4134,0,1,0.59542469475291,probability_native,0.59542469475291,u_6e9c69a582120421,4,0,official,principal
5997,0,1,0.8567180075051459,probability_native,0.8567180075051459,u_6e9c69a582120421,4,0,official,principal
1790,1,1,0.6353437847300851,probability_native,0.6353437847300851,u_6e9c69a582120421,4,0,official,principal
112,0,1,0.6141296686559818,probability_native,0.6141296686559818,u_6e9c69a582120421,4,0,official,principal
5501,0,0,0.37360735347492097,probability_native,0.37360735347492097,u_6e9c69a582120421,4,0,official,principal
1414,0,0,0.4943896093933444,probability_native,0.4943896093933444,u_6e9c69a582120421,4,0,official,principal
625,0,1,0.6373038787537673,probability_native,0.6373038787537673,u_6e9c69a582120421,4,0,official,principal
3412,0,0,0.17387565289252824,probability_native,0.17387565289252824,u_6e9c69a582120421,4,0,official,principal
375,0,0,0.2350267134084422,probability_native,0.2350267134084422,u_6e9c69a582120421,4,0,official,principal
4557,0,0,0.2107358050801637,probability_native,0.2107358050801637,u_6e9c69a582120421,4,0,official,principal
1885,0,0,0.1772296955154026,probability_native,0.1772296955154026,u_6e9c69a582120421,4,0,official,principal
3498,1,0,0.4799843109456638,probability_native,0.4799843109456638,u_6e9c69a582120421,4,0,official,principal
3058,1,0,0.19541362723725153,probability_native,0.19541362723725153,u_6e9c69a582120421,4,0,official,principal
5530,0,0,0.32326530628688915,probability_native,0.32326530628688915,u_6e9c69a582120421,4,0,official,principal
1253,1,1,0.8196919279255739,probability_native,0.8196919279255739,u_6e9c69a582120421,4,0,official,principal
5386,0,1,0.5610006373354641,probability_native,0.5610006373354641,u_6e9c69a582120421,4,0,official,principal
58,0,0,0.03127863323960533,probability_native,0.03127863323960533,u_6e9c69a582120421,4,0,official,principal
1275,0,0,0.0550285582842709,probability_native,0.0550285582842709,u_6e9c69a582120421,4,0,official,principal
4546,1,1,0.7563865996004318,probability_native,0.7563865996004318,u_6e9c69a582120421,4,0,official,principal
3946,1,0,0.29812345661288087,probability_native,0.29812345661288087,u_6e9c69a582120421,4,0,official,principal
1488,0,1,0.5801871731061313,probability_native,0.5801871731061313,u_6e9c69a582120421,4,0,official,principal
6303,0,0,0.2839788130590824,probability_native,0.2839788130590824,u_6e9c69a582120421,4,0,official,principal
5639,0,0,0.3037342100678229,probability_native,0.3037342100678229,u_6e9c69a582120421,4,0,official,principal
