row_id,y_true,y_pred,score_positive,score_type,probability_native,unit_id,outer_fold,replicate,purpose,variant
2986,0,0,0.1730593678965178,probability_native,0.1730593678965178,u_e53d62724f244a02,1,2,official,principal
5427,0,1,0.5856514729633008,probability_native,0.5856514729633008,u_e53d62724f244a02,1,2,official,principal
6234,0,0,0.05858888604382528,probability_native,0.05858888604382528,u_e53d62724f244a02,1,2,official,principal
6937,0,0,0.4262100086026774,probability_native,0.4262100086026774,u_e53d62724f244a02,1,2,official,principal
6491,1,1,0.8289579636199699,probability_native,0.8289579636199699,u_e53d62724f244a02,1,2,official,principal
478,1,1,0.8268869293743102,probability_native,0.8268869293743102,u_e53d62724f244a02,1,2,official,principal
5704,0,1,0.8402970154835641,probability_native,0.8402970154835641,u_e53d62724f244a02,1,2,official,principal
4453,1,1,0.8904692531451109,probability_native,0.8904692531451109,u_e53d62724f244a02,1,2,official,principal
2320,0,0,0.0821753143514613,probability_native,0.0821753143514613,u_e53d62724f244a02,1,2,official,principal
4437,0,0,0.30705830153876246,probability_native,0.30705830153876246,u_e53d62724f244a02,1,2,official,principal
3511,0,0,0.05098432268497452,probability_native,0.05098432268497452,u_e53d62724f244a02,1,2,official,principal
3404,0,0,0.15003484567632666,probability_native,0.15003484567632666,u_e53d62724f244a02,1,2,official,principal
1565,0,1,0.5430972607586821,probability_native,0.5430972607586821,u_e53d62724f244a02,1,2,official,principal
1096,0,1,0.5095285331755042,probability_native,0.5095285331755042,u_e53d62724f244a02,1,2,official,principal
733,0,0,0.08185708160218226,probability_native,0.08185708160218226,u_e53d62724f244a02,1,2,official,principal
6846,1,1,0.815220042745964,probability_native,0.815220042745964,u_e53d62724f244a02,1,2,official,principal
6891,0,1,0.6762463805395228,probability_native,0.6762463805395228,u_e53d62724f244a02,1,2,official,principal
3011,0,0,0.13234695308323274,probability_native,0.13234695308323274,u_e53d62724f244a02,1,2,official,principal
6009,1,1,0.7608964065147694,probability_native,0.7608964065147694,u_e53d62724f244a02,1,2,official,principal
4163,0,0,0.10700604819742648,probability_native,0.10700604819742648,u_e53d62724f244a02,1,2,official,principal
5717,0,0,0.09150189665954848,probability_native,0.09150189665954848,u_e53d62724f244a02,1,2,official,principal
6803,0,0,0.24831477210276173,probability_native,0.24831477210276173,u_e53d62724f244a02,1,2,official,principal
1426,0,0,0.21748661765718774,probability_native,0.21748661765718774,u_e53d62724f244a02,1,2,official,principal
3860,0,1,0.5429728390326511,probability_native,0.5429728390326511,u_e53d62724f244a02,1,2,official,principal
810,1,1,0.5182397322430925,probability_native,0.5182397322430925,u_e53d62724f244a02,1,2,official,principal
2936,0,1,0.7342102904945698,probability_native,0.7342102904945698,u_e53d62724f244a02,1,2,official,principal
2205,0,1,0.6844284778116019,probability_native,0.6844284778116019,u_e53d62724f244a02,1,2,official,principal
6563,1,1,0.7103805790960582,probability_native,0.7103805790960582,u_e53d62724f244a02,1,2,official,principal
2997,1,1,0.6148824751315431,probability_native,0.6148824751315431,u_e53d62724f244a02,1,2,official,principal
1265,0,0,0.29816109643687944,probability_native,0.29816109643687944,u_e53d62724f244a02,1,2,official,principal
948,1,1,0.8303502957598562,probability_native,0.8303502957598562,u_e53d62724f244a02,1,2,official,principal
3521,0,0,0.10725422381767329,probability_native,0.10725422381767329,u_e53d62724f244a02,1,2,official,principal
6809,1,1,0.8244010396053376,probability_native,0.8244010396053376,u_e53d62724f244a02,1,2,official,principal
3563,0,1,0.6623580403246692,probability_native,0.6623580403246692,u_e53d62724f244a02,1,2,official,principal
393,0,0,0.31483110483458493,probability_native,0.31483110483458493,u_e53d62724f244a02,1,2,official,principal
2693,0,0,0.022737189196428854,probability_native,0.022737189196428854,u_e53d62724f244a02,1,2,official,principal
3187,0,1,0.6857569509612911,probability_native,0.6857569509612911,u_e53d62724f244a02,1,2,official,principal
6446,0,0,0.18581731154883788,probability_native,0.18581731154883788,u_e53d62724f244a02,1,2,official,principal
3633,0,1,0.846179954746798,probability_native,0.846179954746798,u_e53d62724f244a02,1,2,official,principal
5864,0,0,0.052303742518590886,probability_native,0.052303742518590886,u_e53d62724f244a02,1,2,official,principal
4069,0,0,0.147026140026965,probability_native,0.147026140026965,u_e53d62724f244a02,1,2,official,principal
3383,1,1,0.8355969504067152,probability_native,0.8355969504067152,u_e53d62724f244a02,1,2,official,principal
6456,0,0,0.1562425201408688,probability_native,0.1562425201408688,u_e53d62724f244a02,1,2,official,principal
1263,1,1,0.546312533475443,probability_native,0.546312533475443,u_e53d62724f244a02,1,2,official,principal
272,1,1,0.6584676533590769,probability_native,0.6584676533590769,u_e53d62724f244a02,1,2,official,principal
2070,1,0,0.29552966809064307,probability_native,0.29552966809064307,u_e53d62724f244a02,1,2,official,principal
4842,1,1,0.5929829412840262,probability_native,0.5929829412840262,u_e53d62724f244a02,1,2,official,principal
4872,0,0,0.08667407652853942,probability_native,0.08667407652853942,u_e53d62724f244a02,1,2,official,principal
5272,1,1,0.8705602723041558,probability_native,0.8705602723041558,u_e53d62724f244a02,1,2,official,principal
3646,0,0,0.3472831362704265,probability_native,0.3472831362704265,u_e53d62724f244a02,1,2,official,principal
3935,0,0,0.02564699589359063,probability_native,0.02564699589359063,u_e53d62724f244a02,1,2,official,principal
4788,0,0,0.0943895566939975,probability_native,0.0943895566939975,u_e53d62724f244a02,1,2,official,principal
6124,0,0,0.07705910308945019,probability_native,0.07705910308945019,u_e53d62724f244a02,1,2,official,principal
736,0,1,0.5341014711195774,probability_native,0.5341014711195774,u_e53d62724f244a02,1,2,official,principal
5876,1,1,0.8658770972420428,probability_native,0.8658770972420428,u_e53d62724f244a02,1,2,official,principal
2566,0,0,0.06614679384766187,probability_native,0.06614679384766187,u_e53d62724f244a02,1,2,official,principal
1400,0,0,0.3738031424946598,probability_native,0.3738031424946598,u_e53d62724f244a02,1,2,official,principal
1879,1,1,0.8234736232148536,probability_native,0.8234736232148536,u_e53d62724f244a02,1,2,official,principal
6613,0,0,0.43785095476349123,probability_native,0.43785095476349123,u_e53d62724f244a02,1,2,official,principal
2793,0,1,0.7801943539624114,probability_native,0.7801943539624114,u_e53d62724f244a02,1,2,official,principal
5185,0,0,0.1331811866987306,probability_native,0.1331811866987306,u_e53d62724f244a02,1,2,official,principal
1955,0,1,0.6708524278682001,probability_native,0.6708524278682001,u_e53d62724f244a02,1,2,official,principal
5161,0,0,0.35756211784959424,probability_native,0.35756211784959424,u_e53d62724f244a02,1,2,official,principal
4569,1,0,0.42279691758992244,probability_native,0.42279691758992244,u_e53d62724f244a02,1,2,official,principal
1722,0,0,0.37311978292648107,probability_native,0.37311978292648107,u_e53d62724f244a02,1,2,official,principal
2662,1,1,0.8423016792990712,probability_native,0.8423016792990712,u_e53d62724f244a02,1,2,official,principal
3768,0,1,0.5186293663745822,probability_native,0.5186293663745822,u_e53d62724f244a02,1,2,official,principal
4926,0,0,0.0634397094176603,probability_native,0.0634397094176603,u_e53d62724f244a02,1,2,official,principal
439,0,0,0.4984625128187643,probability_native,0.4984625128187643,u_e53d62724f244a02,1,2,official,principal
416,0,0,0.1657819615579194,probability_native,0.1657819615579194,u_e53d62724f244a02,1,2,official,principal
3341,0,0,0.29433948855324654,probability_native,0.29433948855324654,u_e53d62724f244a02,1,2,official,principal
6276,0,0,0.20204930782438124,probability_native,0.20204930782438124,u_e53d62724f244a02,1,2,official,principal
2502,0,0,0.06380613855350574,probability_native,0.06380613855350574,u_e53d62724f244a02,1,2,official,principal
5397,1,1,0.8411794671413987,probability_native,0.8411794671413987,u_e53d62724f244a02,1,2,official,principal
6734,1,0,0.42623575148509907,probability_native,0.42623575148509907,u_e53d62724f244a02,1,2,official,principal
5992,1,0,0.10897949912473323,probability_native,0.10897949912473323,u_e53d62724f244a02,1,2,official,principal
4985,0,0,0.07056520359097217,probability_native,0.07056520359097217,u_e53d62724f244a02,1,2,official,principal
5863,1,1,0.8707815738494185,probability_native,0.8707815738494185,u_e53d62724f244a02,1,2,official,principal
6801,0,1,0.5306122319111982,probability_native,0.5306122319111982,u_e53d62724f244a02,1,2,official,principal
3133,0,0,0.1352798884884284,probability_native,0.1352798884884284,u_e53d62724f244a02,1,2,official,principal
4709,0,1,0.5845468248930246,probability_native,0.5845468248930246,u_e53d62724f244a02,1,2,official,principal
5553,1,1,0.7099424066930135,probability_native,0.7099424066930135,u_e53d62724f244a02,1,2,official,principal
6871,0,1,0.578529046003987,probability_native,0.578529046003987,u_e53d62724f244a02,1,2,official,principal
1536,0,0,0.04401034192581595,probability_native,0.04401034192581595,u_e53d62724f244a02,1,2,official,principal
982,0,0,0.24885409587100754,probability_native,0.24885409587100754,u_e53d62724f244a02,1,2,official,principal
5325,0,0,0.30228802823348705,probability_native,0.30228802823348705,u_e53d62724f244a02,1,2,official,principal
1540,0,0,0.3545091765321869,probability_native,0.3545091765321869,u_e53d62724f244a02,1,2,official,principal
2432,0,0,0.15840067275760286,probability_native,0.15840067275760286,u_e53d62724f244a02,1,2,official,principal
4921,0,1,0.6358183642564762,probability_native,0.6358183642564762,u_e53d62724f244a02,1,2,official,principal
6109,0,1,0.6339619526801911,probability_native,0.6339619526801911,u_e53d62724f244a02,1,2,official,principal
874,0,0,0.33284490254818294,probability_native,0.33284490254818294,u_e53d62724f244a02,1,2,official,principal
5339,0,1,0.7055519172612826,probability_native,0.7055519172612826,u_e53d62724f244a02,1,2,official,principal
1923,0,0,0.0557161518676582,probability_native,0.0557161518676582,u_e53d62724f244a02,1,2,official,principal
1827,0,0,0.40474240029286973,probability_native,0.40474240029286973,u_e53d62724f244a02,1,2,official,principal
972,0,0,0.07628811589846121,probability_native,0.07628811589846121,u_e53d62724f244a02,1,2,official,principal
3673,1,1,0.7868876093183715,probability_native,0.7868876093183715,u_e53d62724f244a02,1,2,official,principal
5747,0,0,0.2758938156717416,probability_native,0.2758938156717416,u_e53d62724f244a02,1,2,official,principal
3904,0,0,0.18005814579503202,probability_native,0.18005814579503202,u_e53d62724f244a02,1,2,official,principal
3987,1,1,0.8250148035618088,probability_native,0.8250148035618088,u_e53d62724f244a02,1,2,official,principal
555,0,0,0.17912871989409057,probability_native,0.17912871989409057,u_e53d62724f244a02,1,2,official,principal
2918,0,1,0.7242216199717127,probability_native,0.7242216199717127,u_e53d62724f244a02,1,2,official,principal
2752,1,0,0.21484419684778172,probability_native,0.21484419684778172,u_e53d62724f244a02,1,2,official,principal
5457,0,0,0.3927445757043788,probability_native,0.3927445757043788,u_e53d62724f244a02,1,2,official,principal
6934,0,0,0.22106991575657897,probability_native,0.22106991575657897,u_e53d62724f244a02,1,2,official,principal
2152,0,1,0.7727518160967105,probability_native,0.7727518160967105,u_e53d62724f244a02,1,2,official,principal
3921,0,0,0.38970912830644155,probability_native,0.38970912830644155,u_e53d62724f244a02,1,2,official,principal
2192,0,0,0.10442200135145281,probability_native,0.10442200135145281,u_e53d62724f244a02,1,2,official,principal
2274,1,1,0.6326387857045523,probability_native,0.6326387857045523,u_e53d62724f244a02,1,2,official,principal
5401,0,0,0.08012590593527574,probability_native,0.08012590593527574,u_e53d62724f244a02,1,2,official,principal
3715,0,1,0.8346374253239365,probability_native,0.8346374253239365,u_e53d62724f244a02,1,2,official,principal
217,0,0,0.06219102354418389,probability_native,0.06219102354418389,u_e53d62724f244a02,1,2,official,principal
7029,0,1,0.8501411893173475,probability_native,0.8501411893173475,u_e53d62724f244a02,1,2,official,principal
2232,0,0,0.05861755472771274,probability_native,0.05861755472771274,u_e53d62724f244a02,1,2,official,principal
5395,1,1,0.8197075733259527,probability_native,0.8197075733259527,u_e53d62724f244a02,1,2,official,principal
6122,0,0,0.21414135654455496,probability_native,0.21414135654455496,u_e53d62724f244a02,1,2,official,principal
3012,0,0,0.05452961666555823,probability_native,0.05452961666555823,u_e53d62724f244a02,1,2,official,principal
941,0,1,0.5814275876998299,probability_native,0.5814275876998299,u_e53d62724f244a02,1,2,official,principal
4694,0,0,0.3602917056969745,probability_native,0.3602917056969745,u_e53d62724f244a02,1,2,official,principal
94,0,0,0.28474664944593636,probability_native,0.28474664944593636,u_e53d62724f244a02,1,2,official,principal
1794,0,0,0.05470379036427404,probability_native,0.05470379036427404,u_e53d62724f244a02,1,2,official,principal
2256,0,0,0.17199055476204586,probability_native,0.17199055476204586,u_e53d62724f244a02,1,2,official,principal
4371,0,0,0.24000463262034966,probability_native,0.24000463262034966,u_e53d62724f244a02,1,2,official,principal
3361,0,0,0.2574467836856,probability_native,0.2574467836856,u_e53d62724f244a02,1,2,official,principal
1619,0,0,0.06214689721163159,probability_native,0.06214689721163159,u_e53d62724f244a02,1,2,official,principal
6578,0,0,0.27575753349201687,probability_native,0.27575753349201687,u_e53d62724f244a02,1,2,official,principal
5199,0,1,0.5560969600236909,probability_native,0.5560969600236909,u_e53d62724f244a02,1,2,official,principal
5490,0,1,0.5135035103897491,probability_native,0.5135035103897491,u_e53d62724f244a02,1,2,official,principal
2069,1,1,0.8448669646976105,probability_native,0.8448669646976105,u_e53d62724f244a02,1,2,official,principal
380,0,0,0.32112780323679896,probability_native,0.32112780323679896,u_e53d62724f244a02,1,2,official,principal
2393,1,1,0.5253865542074049,probability_native,0.5253865542074049,u_e53d62724f244a02,1,2,official,principal
2811,0,0,0.05354508202720814,probability_native,0.05354508202720814,u_e53d62724f244a02,1,2,official,principal
6422,0,0,0.1472385092941515,probability_native,0.1472385092941515,u_e53d62724f244a02,1,2,official,principal
6414,0,0,0.06464655911129476,probability_native,0.06464655911129476,u_e53d62724f244a02,1,2,official,principal
4935,0,0,0.13838655290575397,probability_native,0.13838655290575397,u_e53d62724f244a02,1,2,official,principal
4942,1,1,0.7142996737982367,probability_native,0.7142996737982367,u_e53d62724f244a02,1,2,official,principal
3789,0,0,0.37867107032998165,probability_native,0.37867107032998165,u_e53d62724f244a02,1,2,official,principal
3583,0,0,0.24139034435659842,probability_native,0.24139034435659842,u_e53d62724f244a02,1,2,official,principal
1587,0,0,0.05081809791118981,probability_native,0.05081809791118981,u_e53d62724f244a02,1,2,official,principal
3148,0,0,0.3644759565356458,probability_native,0.3644759565356458,u_e53d62724f244a02,1,2,official,principal
7028,0,0,0.05981003285417523,probability_native,0.05981003285417523,u_e53d62724f244a02,1,2,official,principal
3981,0,1,0.8476154202860203,probability_native,0.8476154202860203,u_e53d62724f244a02,1,2,official,principal
4228,1,1,0.789749026399982,probability_native,0.789749026399982,u_e53d62724f244a02,1,2,official,principal
2321,0,1,0.5912613798436851,probability_native,0.5912613798436851,u_e53d62724f244a02,1,2,official,principal
1692,0,0,0.2573917653166965,probability_native,0.2573917653166965,u_e53d62724f244a02,1,2,official,principal
4866,0,1,0.69029590011091,probability_native,0.69029590011091,u_e53d62724f244a02,1,2,official,principal
5570,0,1,0.7122186345019831,probability_native,0.7122186345019831,u_e53d62724f244a02,1,2,official,principal
4642,1,0,0.061626865484013985,probability_native,0.061626865484013985,u_e53d62724f244a02,1,2,official,principal
2277,1,1,0.5951783013332197,probability_native,0.5951783013332197,u_e53d62724f244a02,1,2,official,principal
6330,0,1,0.716910692990312,probability_native,0.716910692990312,u_e53d62724f244a02,1,2,official,principal
5576,1,1,0.7317248593594697,probability_native,0.7317248593594697,u_e53d62724f244a02,1,2,official,principal
6913,0,0,0.332534257341236,probability_native,0.332534257341236,u_e53d62724f244a02,1,2,official,principal
2745,1,1,0.8992049015882343,probability_native,0.8992049015882343,u_e53d62724f244a02,1,2,official,principal
1874,0,0,0.1249997034308247,probability_native,0.1249997034308247,u_e53d62724f244a02,1,2,official,principal
2638,1,0,0.40210215073274125,probability_native,0.40210215073274125,u_e53d62724f244a02,1,2,official,principal
6079,0,1,0.556358386936646,probability_native,0.556358386936646,u_e53d62724f244a02,1,2,official,principal
782,0,0,0.3245853940558836,probability_native,0.3245853940558836,u_e53d62724f244a02,1,2,official,principal
3602,0,0,0.3668179941018239,probability_native,0.3668179941018239,u_e53d62724f244a02,1,2,official,principal
6282,0,0,0.14690415593559333,probability_native,0.14690415593559333,u_e53d62724f244a02,1,2,official,principal
2404,0,0,0.3983946117431748,probability_native,0.3983946117431748,u_e53d62724f244a02,1,2,official,principal
332,0,1,0.52514298475954,probability_native,0.52514298475954,u_e53d62724f244a02,1,2,official,principal
2127,1,0,0.2685390714630699,probability_native,0.2685390714630699,u_e53d62724f244a02,1,2,official,principal
6047,0,1,0.6655273095615245,probability_native,0.6655273095615245,u_e53d62724f244a02,1,2,official,principal
5038,0,0,0.309318812547619,probability_native,0.309318812547619,u_e53d62724f244a02,1,2,official,principal
2959,0,1,0.5330567045618649,probability_native,0.5330567045618649,u_e53d62724f244a02,1,2,official,principal
1778,0,0,0.024552317166936573,probability_native,0.024552317166936573,u_e53d62724f244a02,1,2,official,principal
6896,1,1,0.6084198548945305,probability_native,0.6084198548945305,u_e53d62724f244a02,1,2,official,principal
5169,0,0,0.2736345624190512,probability_native,0.2736345624190512,u_e53d62724f244a02,1,2,official,principal
6888,0,1,0.8371070655458086,probability_native,0.8371070655458086,u_e53d62724f244a02,1,2,official,principal
6055,0,1,0.7508602639530335,probability_native,0.7508602639530335,u_e53d62724f244a02,1,2,official,principal
6744,0,0,0.26380608007023504,probability_native,0.26380608007023504,u_e53d62724f244a02,1,2,official,principal
3364,1,1,0.8130228277011725,probability_native,0.8130228277011725,u_e53d62724f244a02,1,2,official,principal
3226,0,0,0.39508608602228706,probability_native,0.39508608602228706,u_e53d62724f244a02,1,2,official,principal
6869,1,0,0.14427525734966629,probability_native,0.14427525734966629,u_e53d62724f244a02,1,2,official,principal
2270,1,1,0.8706598199922618,probability_native,0.8706598199922618,u_e53d62724f244a02,1,2,official,principal
4173,0,1,0.8556454266514515,probability_native,0.8556454266514515,u_e53d62724f244a02,1,2,official,principal
3817,0,0,0.04246324332015344,probability_native,0.04246324332015344,u_e53d62724f244a02,1,2,official,principal
2368,0,0,0.1792792318805854,probability_native,0.1792792318805854,u_e53d62724f244a02,1,2,official,principal
4916,0,1,0.8070582200260575,probability_native,0.8070582200260575,u_e53d62724f244a02,1,2,official,principal
2191,1,1,0.9037737938019421,probability_native,0.9037737938019421,u_e53d62724f244a02,1,2,official,principal
2790,1,0,0.29788519183851586,probability_native,0.29788519183851586,u_e53d62724f244a02,1,2,official,principal
6660,1,1,0.8237278257743421,probability_native,0.8237278257743421,u_e53d62724f244a02,1,2,official,principal
5429,0,0,0.04777401714975687,probability_native,0.04777401714975687,u_e53d62724f244a02,1,2,official,principal
3503,0,0,0.447128178439336,probability_native,0.447128178439336,u_e53d62724f244a02,1,2,official,principal
3310,1,1,0.8498148993828307,probability_native,0.8498148993828307,u_e53d62724f244a02,1,2,official,principal
6878,1,1,0.882950445056942,probability_native,0.882950445056942,u_e53d62724f244a02,1,2,official,principal
4851,1,1,0.8371826460951801,probability_native,0.8371826460951801,u_e53d62724f244a02,1,2,official,principal
719,0,0,0.48274759121464916,probability_native,0.48274759121464916,u_e53d62724f244a02,1,2,official,principal
1500,0,1,0.5282145409859033,probability_native,0.5282145409859033,u_e53d62724f244a02,1,2,official,principal
4060,0,0,0.11574556632469209,probability_native,0.11574556632469209,u_e53d62724f244a02,1,2,official,principal
2342,0,1,0.5829636009862301,probability_native,0.5829636009862301,u_e53d62724f244a02,1,2,official,principal
222,0,0,0.38975023550228766,probability_native,0.38975023550228766,u_e53d62724f244a02,1,2,official,principal
1323,0,0,0.040420597427672504,probability_native,0.040420597427672504,u_e53d62724f244a02,1,2,official,principal
3366,0,1,0.688899385336323,probability_native,0.688899385336323,u_e53d62724f244a02,1,2,official,principal
5799,1,1,0.7503854513318075,probability_native,0.7503854513318075,u_e53d62724f244a02,1,2,official,principal
2825,0,1,0.5252212482488346,probability_native,0.5252212482488346,u_e53d62724f244a02,1,2,official,principal
3193,0,0,0.15251704601765814,probability_native,0.15251704601765814,u_e53d62724f244a02,1,2,official,principal
5154,1,1,0.788863202756623,probability_native,0.788863202756623,u_e53d62724f244a02,1,2,official,principal
80,1,1,0.8419320232681817,probability_native,0.8419320232681817,u_e53d62724f244a02,1,2,official,principal
54,0,0,0.10580018957731707,probability_native,0.10580018957731707,u_e53d62724f244a02,1,2,official,principal
6673,0,1,0.6942308762209464,probability_native,0.6942308762209464,u_e53d62724f244a02,1,2,official,principal
2626,0,0,0.1726712964850358,probability_native,0.1726712964850358,u_e53d62724f244a02,1,2,official,principal
6947,0,0,0.4116984671654794,probability_native,0.4116984671654794,u_e53d62724f244a02,1,2,official,principal
5985,0,0,0.18541076846399973,probability_native,0.18541076846399973,u_e53d62724f244a02,1,2,official,principal
6451,0,0,0.35470297478090884,probability_native,0.35470297478090884,u_e53d62724f244a02,1,2,official,principal
6364,0,0,0.12140815222430158,probability_native,0.12140815222430158,u_e53d62724f244a02,1,2,official,principal
2285,1,1,0.5174772466878199,probability_native,0.5174772466878199,u_e53d62724f244a02,1,2,official,principal
6242,0,0,0.08245404235071174,probability_native,0.08245404235071174,u_e53d62724f244a02,1,2,official,principal
30,0,0,0.10616589623447338,probability_native,0.10616589623447338,u_e53d62724f244a02,1,2,official,principal
673,0,0,0.39783154510407676,probability_native,0.39783154510407676,u_e53d62724f244a02,1,2,official,principal
684,0,1,0.7371196362664094,probability_native,0.7371196362664094,u_e53d62724f244a02,1,2,official,principal
4424,1,1,0.6736999368419342,probability_native,0.6736999368419342,u_e53d62724f244a02,1,2,official,principal
1502,0,0,0.23577689077806696,probability_native,0.23577689077806696,u_e53d62724f244a02,1,2,official,principal
860,0,0,0.1680367768605123,probability_native,0.1680367768605123,u_e53d62724f244a02,1,2,official,principal
5445,0,0,0.2379645773376821,probability_native,0.2379645773376821,u_e53d62724f244a02,1,2,official,principal
3827,0,0,0.3096379203989599,probability_native,0.3096379203989599,u_e53d62724f244a02,1,2,official,principal
5014,0,0,0.3750256013513541,probability_native,0.3750256013513541,u_e53d62724f244a02,1,2,official,principal
1149,1,1,0.777975529211376,probability_native,0.777975529211376,u_e53d62724f244a02,1,2,official,principal
6990,0,1,0.6935310027371211,probability_native,0.6935310027371211,u_e53d62724f244a02,1,2,official,principal
1678,0,0,0.2558685119901267,probability_native,0.2558685119901267,u_e53d62724f244a02,1,2,official,principal
6957,0,1,0.730246147993306,probability_native,0.730246147993306,u_e53d62724f244a02,1,2,official,principal
6575,0,0,0.374792140352897,probability_native,0.374792140352897,u_e53d62724f244a02,1,2,official,principal
2574,1,1,0.775534183986817,probability_native,0.775534183986817,u_e53d62724f244a02,1,2,official,principal
5403,0,0,0.44072837424422096,probability_native,0.44072837424422096,u_e53d62724f244a02,1,2,official,principal
3947,0,0,0.48884732844045864,probability_native,0.48884732844045864,u_e53d62724f244a02,1,2,official,principal
1357,0,1,0.6236763828536884,probability_native,0.6236763828536884,u_e53d62724f244a02,1,2,official,principal
1386,0,0,0.11448932649784767,probability_native,0.11448932649784767,u_e53d62724f244a02,1,2,official,principal
4701,0,1,0.8696774051857799,probability_native,0.8696774051857799,u_e53d62724f244a02,1,2,official,principal
3213,0,0,0.15130806895434895,probability_native,0.15130806895434895,u_e53d62724f244a02,1,2,official,principal
6536,0,1,0.6533436796964529,probability_native,0.6533436796964529,u_e53d62724f244a02,1,2,official,principal
3406,0,0,0.15265523214790241,probability_native,0.15265523214790241,u_e53d62724f244a02,1,2,official,principal
1078,0,0,0.23925343388720352,probability_native,0.23925343388720352,u_e53d62724f244a02,1,2,official,principal
3849,1,0,0.27606525152733025,probability_native,0.27606525152733025,u_e53d62724f244a02,1,2,official,principal
5307,0,1,0.8664060789108833,probability_native,0.8664060789108833,u_e53d62724f244a02,1,2,official,principal
3168,0,0,0.11060235423525874,probability_native,0.11060235423525874,u_e53d62724f244a02,1,2,official,principal
4159,0,1,0.5114383021419503,probability_native,0.5114383021419503,u_e53d62724f244a02,1,2,official,principal
3865,0,0,0.4507435344714647,probability_native,0.4507435344714647,u_e53d62724f244a02,1,2,official,principal
5549,1,1,0.834497310806346,probability_native,0.834497310806346,u_e53d62724f244a02,1,2,official,principal
1647,1,1,0.7501505872913478,probability_native,0.7501505872913478,u_e53d62724f244a02,1,2,official,principal
1943,0,1,0.7123757161223384,probability_native,0.7123757161223384,u_e53d62724f244a02,1,2,official,principal
1545,0,0,0.3309389457520738,probability_native,0.3309389457520738,u_e53d62724f244a02,1,2,official,principal
4980,0,0,0.25489933807911735,probability_native,0.25489933807911735,u_e53d62724f244a02,1,2,official,principal
6798,0,1,0.7222750796392987,probability_native,0.7222750796392987,u_e53d62724f244a02,1,2,official,principal
5289,0,0,0.3290273266040654,probability_native,0.3290273266040654,u_e53d62724f244a02,1,2,official,principal
4463,1,1,0.8232633184229796,probability_native,0.8232633184229796,u_e53d62724f244a02,1,2,official,principal
6359,0,0,0.31274218685443755,probability_native,0.31274218685443755,u_e53d62724f244a02,1,2,official,principal
4804,0,0,0.4178281934745446,probability_native,0.4178281934745446,u_e53d62724f244a02,1,2,official,principal
5182,0,0,0.2854866360464288,probability_native,0.2854866360464288,u_e53d62724f244a02,1,2,official,principal
136,0,1,0.5792835127945423,probability_native,0.5792835127945423,u_e53d62724f244a02,1,2,official,principal
3588,0,1,0.7043547317206974,probability_native,0.7043547317206974,u_e53d62724f244a02,1,2,official,principal
2166,0,0,0.2804856813799907,probability_native,0.2804856813799907,u_e53d62724f244a02,1,2,official,principal
5111,1,0,0.44209418917423116,probability_native,0.44209418917423116,u_e53d62724f244a02,1,2,official,principal
4279,0,0,0.32518688747671587,probability_native,0.32518688747671587,u_e53d62724f244a02,1,2,official,principal
6767,0,0,0.15621827977092065,probability_native,0.15621827977092065,u_e53d62724f244a02,1,2,official,principal
4321,0,1,0.7805581941754665,probability_native,0.7805581941754665,u_e53d62724f244a02,1,2,official,principal
1409,0,1,0.6370170843762155,probability_native,0.6370170843762155,u_e53d62724f244a02,1,2,official,principal
2060,0,0,0.06987348071514406,probability_native,0.06987348071514406,u_e53d62724f244a02,1,2,official,principal
2462,0,0,0.4509929578015817,probability_native,0.4509929578015817,u_e53d62724f244a02,1,2,official,principal
5973,0,0,0.3277483570370803,probability_native,0.3277483570370803,u_e53d62724f244a02,1,2,official,principal
289,1,1,0.6040227738011306,probability_native,0.6040227738011306,u_e53d62724f244a02,1,2,official,principal
4342,0,0,0.0915532416527829,probability_native,0.0915532416527829,u_e53d62724f244a02,1,2,official,principal
2864,0,1,0.5989889279310536,probability_native,0.5989889279310536,u_e53d62724f244a02,1,2,official,principal
2033,1,1,0.5062409402702674,probability_native,0.5062409402702674,u_e53d62724f244a02,1,2,official,principal
3605,0,0,0.4888888779483813,probability_native,0.4888888779483813,u_e53d62724f244a02,1,2,official,principal
280,0,0,0.4523562217253295,probability_native,0.4523562217253295,u_e53d62724f244a02,1,2,official,principal
1930,0,1,0.5708627903558091,probability_native,0.5708627903558091,u_e53d62724f244a02,1,2,official,principal
4222,0,0,0.2975559972306888,probability_native,0.2975559972306888,u_e53d62724f244a02,1,2,official,principal
839,0,0,0.05577836126492869,probability_native,0.05577836126492869,u_e53d62724f244a02,1,2,official,principal
6275,0,0,0.04151429253106341,probability_native,0.04151429253106341,u_e53d62724f244a02,1,2,official,principal
506,0,1,0.7226147449695653,probability_native,0.7226147449695653,u_e53d62724f244a02,1,2,official,principal
5434,0,1,0.5820527804111478,probability_native,0.5820527804111478,u_e53d62724f244a02,1,2,official,principal
6526,1,0,0.43947658494705916,probability_native,0.43947658494705916,u_e53d62724f244a02,1,2,official,principal
5295,0,1,0.5818061238871766,probability_native,0.5818061238871766,u_e53d62724f244a02,1,2,official,principal
2703,1,1,0.7153577986404698,probability_native,0.7153577986404698,u_e53d62724f244a02,1,2,official,principal
2537,0,0,0.12792613619299592,probability_native,0.12792613619299592,u_e53d62724f244a02,1,2,official,principal
824,0,0,0.054176828027073354,probability_native,0.054176828027073354,u_e53d62724f244a02,1,2,official,principal
908,0,0,0.34865291986662045,probability_native,0.34865291986662045,u_e53d62724f244a02,1,2,official,principal
6823,0,1,0.5623333456424279,probability_native,0.5623333456424279,u_e53d62724f244a02,1,2,official,principal
3210,0,0,0.07131453967507168,probability_native,0.07131453967507168,u_e53d62724f244a02,1,2,official,principal
25,0,0,0.3514133774244437,probability_native,0.3514133774244437,u_e53d62724f244a02,1,2,official,principal
2379,1,1,0.75860725980918,probability_native,0.75860725980918,u_e53d62724f244a02,1,2,official,principal
6078,0,0,0.26641745928320504,probability_native,0.26641745928320504,u_e53d62724f244a02,1,2,official,principal
6325,1,1,0.5579958531790797,probability_native,0.5579958531790797,u_e53d62724f244a02,1,2,official,principal
1257,0,0,0.3565271557247846,probability_native,0.3565271557247846,u_e53d62724f244a02,1,2,official,principal
6216,0,0,0.04030202709156688,probability_native,0.04030202709156688,u_e53d62724f244a02,1,2,official,principal
4116,0,0,0.17306679331584618,probability_native,0.17306679331584618,u_e53d62724f244a02,1,2,official,principal
3746,1,1,0.8298704649825978,probability_native,0.8298704649825978,u_e53d62724f244a02,1,2,official,principal
6844,0,1,0.5365298826322323,probability_native,0.5365298826322323,u_e53d62724f244a02,1,2,official,principal
6893,1,0,0.4179044197188063,probability_native,0.4179044197188063,u_e53d62724f244a02,1,2,official,principal
1524,0,1,0.5632652830836533,probability_native,0.5632652830836533,u_e53d62724f244a02,1,2,official,principal
2196,0,0,0.27339042645048495,probability_native,0.27339042645048495,u_e53d62724f244a02,1,2,official,principal
2621,0,0,0.09373604529351469,probability_native,0.09373604529351469,u_e53d62724f244a02,1,2,official,principal
379,0,1,0.5286230501131535,probability_native,0.5286230501131535,u_e53d62724f244a02,1,2,official,principal
3929,0,0,0.17676636820646616,probability_native,0.17676636820646616,u_e53d62724f244a02,1,2,official,principal
7026,1,1,0.6195873638481427,probability_native,0.6195873638481427,u_e53d62724f244a02,1,2,official,principal
3221,0,1,0.6775599291930522,probability_native,0.6775599291930522,u_e53d62724f244a02,1,2,official,principal
2366,1,1,0.8451419001463933,probability_native,0.8451419001463933,u_e53d62724f244a02,1,2,official,principal
6255,0,0,0.3161850665912098,probability_native,0.3161850665912098,u_e53d62724f244a02,1,2,official,principal
5638,1,1,0.5167291527668927,probability_native,0.5167291527668927,u_e53d62724f244a02,1,2,official,principal
6606,1,1,0.7529115802767178,probability_native,0.7529115802767178,u_e53d62724f244a02,1,2,official,principal
1796,0,1,0.6218501581580782,probability_native,0.6218501581580782,u_e53d62724f244a02,1,2,official,principal
2682,1,1,0.6317282470908305,probability_native,0.6317282470908305,u_e53d62724f244a02,1,2,official,principal
6517,0,1,0.6745360905353526,probability_native,0.6745360905353526,u_e53d62724f244a02,1,2,official,principal
1217,0,0,0.09502867741563578,probability_native,0.09502867741563578,u_e53d62724f244a02,1,2,official,principal
5124,0,0,0.08190268619688282,probability_native,0.08190268619688282,u_e53d62724f244a02,1,2,official,principal
5856,0,1,0.5990273407536459,probability_native,0.5990273407536459,u_e53d62724f244a02,1,2,official,principal
5136,0,1,0.8230683757357531,probability_native,0.8230683757357531,u_e53d62724f244a02,1,2,official,principal
398,0,1,0.6290771666991116,probability_native,0.6290771666991116,u_e53d62724f244a02,1,2,official,principal
918,0,1,0.7668284575308457,probability_native,0.7668284575308457,u_e53d62724f244a02,1,2,official,principal
6759,0,0,0.40941136810450957,probability_native,0.40941136810450957,u_e53d62724f244a02,1,2,official,principal
3562,1,1,0.8781315817257676,probability_native,0.8781315817257676,u_e53d62724f244a02,1,2,official,principal
3120,0,0,0.04391579910780894,probability_native,0.04391579910780894,u_e53d62724f244a02,1,2,official,principal
5290,0,0,0.04467195159152231,probability_native,0.04467195159152231,u_e53d62724f244a02,1,2,official,principal
4617,0,1,0.5143595665919057,probability_native,0.5143595665919057,u_e53d62724f244a02,1,2,official,principal
1642,0,0,0.2514086421661784,probability_native,0.2514086421661784,u_e53d62724f244a02,1,2,official,principal
5104,0,0,0.12245088821832904,probability_native,0.12245088821832904,u_e53d62724f244a02,1,2,official,principal
4807,0,0,0.2729998349380952,probability_native,0.2729998349380952,u_e53d62724f244a02,1,2,official,principal
5800,0,1,0.6985322083042129,probability_native,0.6985322083042129,u_e53d62724f244a02,1,2,official,principal
3558,0,1,0.5757756010399154,probability_native,0.5757756010399154,u_e53d62724f244a02,1,2,official,principal
6819,1,1,0.6802516718316522,probability_native,0.6802516718316522,u_e53d62724f244a02,1,2,official,principal
5644,1,1,0.7841370328707741,probability_native,0.7841370328707741,u_e53d62724f244a02,1,2,official,principal
4138,1,1,0.8683231963851853,probability_native,0.8683231963851853,u_e53d62724f244a02,1,2,official,principal
460,0,0,0.34849746688402045,probability_native,0.34849746688402045,u_e53d62724f244a02,1,2,official,principal
3199,0,0,0.0354441403598981,probability_native,0.0354441403598981,u_e53d62724f244a02,1,2,official,principal
2332,0,0,0.23175834540557677,probability_native,0.23175834540557677,u_e53d62724f244a02,1,2,official,principal
5682,0,1,0.7721716444992415,probability_native,0.7721716444992415,u_e53d62724f244a02,1,2,official,principal
6859,0,0,0.13102241347074814,probability_native,0.13102241347074814,u_e53d62724f244a02,1,2,official,principal
2418,0,1,0.7200256750803649,probability_native,0.7200256750803649,u_e53d62724f244a02,1,2,official,principal
6784,0,0,0.3698598140310038,probability_native,0.3698598140310038,u_e53d62724f244a02,1,2,official,principal
6035,1,0,0.4990658678460611,probability_native,0.4990658678460611,u_e53d62724f244a02,1,2,official,principal
2929,0,0,0.0981100890947153,probability_native,0.0981100890947153,u_e53d62724f244a02,1,2,official,principal
2177,0,0,0.1875210076036434,probability_native,0.1875210076036434,u_e53d62724f244a02,1,2,official,principal
2632,0,0,0.13797967339078476,probability_native,0.13797967339078476,u_e53d62724f244a02,1,2,official,principal
4787,0,0,0.4731543756294799,probability_native,0.4731543756294799,u_e53d62724f244a02,1,2,official,principal
1976,1,1,0.9160329764299152,probability_native,0.9160329764299152,u_e53d62724f244a02,1,2,official,principal
762,1,1,0.8167701929266477,probability_native,0.8167701929266477,u_e53d62724f244a02,1,2,official,principal
5757,0,0,0.331014146354071,probability_native,0.331014146354071,u_e53d62724f244a02,1,2,official,principal
2977,0,1,0.5049757963683705,probability_native,0.5049757963683705,u_e53d62724f244a02,1,2,official,principal
2215,0,0,0.05252304672255818,probability_native,0.05252304672255818,u_e53d62724f244a02,1,2,official,principal
5042,0,0,0.1672629427293038,probability_native,0.1672629427293038,u_e53d62724f244a02,1,2,official,principal
3572,0,1,0.7619830555910895,probability_native,0.7619830555910895,u_e53d62724f244a02,1,2,official,principal
565,0,0,0.03883280847894243,probability_native,0.03883280847894243,u_e53d62724f244a02,1,2,official,principal
4888,0,1,0.5065527340349488,probability_native,0.5065527340349488,u_e53d62724f244a02,1,2,official,principal
2948,1,1,0.8202410713349861,probability_native,0.8202410713349861,u_e53d62724f244a02,1,2,official,principal
1979,0,0,0.0581284839813068,probability_native,0.0581284839813068,u_e53d62724f244a02,1,2,official,principal
2406,1,1,0.8802747240797405,probability_native,0.8802747240797405,u_e53d62724f244a02,1,2,official,principal
1344,0,0,0.2584534670462391,probability_native,0.2584534670462391,u_e53d62724f244a02,1,2,official,principal
6953,1,1,0.8629514904892054,probability_native,0.8629514904892054,u_e53d62724f244a02,1,2,official,principal
6052,0,0,0.10875267988117752,probability_native,0.10875267988117752,u_e53d62724f244a02,1,2,official,principal
6296,0,0,0.3526921990421547,probability_native,0.3526921990421547,u_e53d62724f244a02,1,2,official,principal
2309,0,0,0.2351220969371656,probability_native,0.2351220969371656,u_e53d62724f244a02,1,2,official,principal
6790,0,0,0.04679650181546834,probability_native,0.04679650181546834,u_e53d62724f244a02,1,2,official,principal
89,0,1,0.5227622145930537,probability_native,0.5227622145930537,u_e53d62724f244a02,1,2,official,principal
3594,0,1,0.7127954835093471,probability_native,0.7127954835093471,u_e53d62724f244a02,1,2,official,principal
3033,0,0,0.24587128472616113,probability_native,0.24587128472616113,u_e53d62724f244a02,1,2,official,principal
2979,0,0,0.18135339034018122,probability_native,0.18135339034018122,u_e53d62724f244a02,1,2,official,principal
5893,0,0,0.1744672612658714,probability_native,0.1744672612658714,u_e53d62724f244a02,1,2,official,principal
2966,0,1,0.821779308786563,probability_native,0.821779308786563,u_e53d62724f244a02,1,2,official,principal
1741,0,1,0.6660252216389448,probability_native,0.6660252216389448,u_e53d62724f244a02,1,2,official,principal
5126,0,0,0.4750263384168869,probability_native,0.4750263384168869,u_e53d62724f244a02,1,2,official,principal
2096,1,1,0.5266214372615498,probability_native,0.5266214372615498,u_e53d62724f244a02,1,2,official,principal
5712,0,0,0.34965683974908873,probability_native,0.34965683974908873,u_e53d62724f244a02,1,2,official,principal
3289,0,1,0.6379383503347874,probability_native,0.6379383503347874,u_e53d62724f244a02,1,2,official,principal
1091,0,0,0.3848074960585989,probability_native,0.3848074960585989,u_e53d62724f244a02,1,2,official,principal
5305,0,0,0.16980609039938457,probability_native,0.16980609039938457,u_e53d62724f244a02,1,2,official,principal
5391,0,1,0.5803673937086437,probability_native,0.5803673937086437,u_e53d62724f244a02,1,2,official,principal
5153,0,1,0.7649011525401646,probability_native,0.7649011525401646,u_e53d62724f244a02,1,2,official,principal
2288,0,1,0.8055937781197975,probability_native,0.8055937781197975,u_e53d62724f244a02,1,2,official,principal
4035,0,0,0.4414122239750306,probability_native,0.4414122239750306,u_e53d62724f244a02,1,2,official,principal
937,1,1,0.7698667312706464,probability_native,0.7698667312706464,u_e53d62724f244a02,1,2,official,principal
2026,0,0,0.3212856719985526,probability_native,0.3212856719985526,u_e53d62724f244a02,1,2,official,principal
3894,0,0,0.1499126046166459,probability_native,0.1499126046166459,u_e53d62724f244a02,1,2,official,principal
5165,1,1,0.8387606571614812,probability_native,0.8387606571614812,u_e53d62724f244a02,1,2,official,principal
947,0,1,0.7239013978779723,probability_native,0.7239013978779723,u_e53d62724f244a02,1,2,official,principal
3232,0,0,0.13393514874012893,probability_native,0.13393514874012893,u_e53d62724f244a02,1,2,official,principal
4974,1,1,0.5935966414269442,probability_native,0.5935966414269442,u_e53d62724f244a02,1,2,official,principal
5152,0,0,0.05502405473754488,probability_native,0.05502405473754488,u_e53d62724f244a02,1,2,official,principal
6813,1,0,0.06357937467141463,probability_native,0.06357937467141463,u_e53d62724f244a02,1,2,official,principal
4644,0,0,0.4752220312015434,probability_native,0.4752220312015434,u_e53d62724f244a02,1,2,official,principal
1226,0,0,0.031025946809964462,probability_native,0.031025946809964462,u_e53d62724f244a02,1,2,official,principal
5210,1,0,0.3233737162829671,probability_native,0.3233737162829671,u_e53d62724f244a02,1,2,official,principal
5769,0,0,0.1909874697814118,probability_native,0.1909874697814118,u_e53d62724f244a02,1,2,official,principal
5186,1,1,0.841945660174496,probability_native,0.841945660174496,u_e53d62724f244a02,1,2,official,principal
1372,0,1,0.7180394648107937,probability_native,0.7180394648107937,u_e53d62724f244a02,1,2,official,principal
3825,0,0,0.035869656563165944,probability_native,0.035869656563165944,u_e53d62724f244a02,1,2,official,principal
104,1,0,0.24376812594347455,probability_native,0.24376812594347455,u_e53d62724f244a02,1,2,official,principal
4949,1,1,0.7860067939362148,probability_native,0.7860067939362148,u_e53d62724f244a02,1,2,official,principal
1233,0,0,0.02640604917709495,probability_native,0.02640604917709495,u_e53d62724f244a02,1,2,official,principal
4634,0,0,0.45456361211636,probability_native,0.45456361211636,u_e53d62724f244a02,1,2,official,principal
739,0,0,0.09790490271752286,probability_native,0.09790490271752286,u_e53d62724f244a02,1,2,official,principal
1663,1,1,0.7532844154658042,probability_native,0.7532844154658042,u_e53d62724f244a02,1,2,official,principal
5417,0,0,0.19322044083505047,probability_native,0.19322044083505047,u_e53d62724f244a02,1,2,official,principal
6357,1,0,0.2454411878725467,probability_native,0.2454411878725467,u_e53d62724f244a02,1,2,official,principal
59,0,0,0.24760407140824794,probability_native,0.24760407140824794,u_e53d62724f244a02,1,2,official,principal
4384,1,1,0.7232671185077754,probability_native,0.7232671185077754,u_e53d62724f244a02,1,2,official,principal
5467,0,0,0.3274723420594894,probability_native,0.3274723420594894,u_e53d62724f244a02,1,2,official,principal
3754,0,0,0.441592694277648,probability_native,0.441592694277648,u_e53d62724f244a02,1,2,official,principal
6870,0,1,0.5593058753536412,probability_native,0.5593058753536412,u_e53d62724f244a02,1,2,official,principal
5731,0,0,0.44420730173346984,probability_native,0.44420730173346984,u_e53d62724f244a02,1,2,official,principal
2100,0,0,0.40381891706944106,probability_native,0.40381891706944106,u_e53d62724f244a02,1,2,official,principal
5843,0,1,0.5408180920271785,probability_native,0.5408180920271785,u_e53d62724f244a02,1,2,official,principal
6358,0,0,0.05774858968834525,probability_native,0.05774858968834525,u_e53d62724f244a02,1,2,official,principal
2947,0,1,0.5399616323830041,probability_native,0.5399616323830041,u_e53d62724f244a02,1,2,official,principal
6066,1,1,0.8533303500589094,probability_native,0.8533303500589094,u_e53d62724f244a02,1,2,official,principal
5599,1,1,0.7123573814724673,probability_native,0.7123573814724673,u_e53d62724f244a02,1,2,official,principal
5741,1,1,0.8606429203258976,probability_native,0.8606429203258976,u_e53d62724f244a02,1,2,official,principal
3336,0,0,0.03269015021575131,probability_native,0.03269015021575131,u_e53d62724f244a02,1,2,official,principal
6708,1,1,0.8304822475069196,probability_native,0.8304822475069196,u_e53d62724f244a02,1,2,official,principal
5454,1,1,0.845654088282567,probability_native,0.845654088282567,u_e53d62724f244a02,1,2,official,principal
4368,1,1,0.8606230158312979,probability_native,0.8606230158312979,u_e53d62724f244a02,1,2,official,principal
2953,1,1,0.8009933957852681,probability_native,0.8009933957852681,u_e53d62724f244a02,1,2,official,principal
3181,0,0,0.07096497812045502,probability_native,0.07096497812045502,u_e53d62724f244a02,1,2,official,principal
5353,0,1,0.5288835507112751,probability_native,0.5288835507112751,u_e53d62724f244a02,1,2,official,principal
3919,1,1,0.8702755513742053,probability_native,0.8702755513742053,u_e53d62724f244a02,1,2,official,principal
4380,0,0,0.16740616154067925,probability_native,0.16740616154067925,u_e53d62724f244a02,1,2,official,principal
6007,0,0,0.2564268619704244,probability_native,0.2564268619704244,u_e53d62724f244a02,1,2,official,principal
4331,0,0,0.030970232762753812,probability_native,0.030970232762753812,u_e53d62724f244a02,1,2,official,principal
3351,1,0,0.4491679289125737,probability_native,0.4491679289125737,u_e53d62724f244a02,1,2,official,principal
6962,1,1,0.7731570685677075,probability_native,0.7731570685677075,u_e53d62724f244a02,1,2,official,principal
5873,0,1,0.6743458499522753,probability_native,0.6743458499522753,u_e53d62724f244a02,1,2,official,principal
486,0,1,0.8717671576084974,probability_native,0.8717671576084974,u_e53d62724f244a02,1,2,official,principal
2378,1,1,0.6653616707116637,probability_native,0.6653616707116637,u_e53d62724f244a02,1,2,official,principal
2958,0,0,0.45957420242133046,probability_native,0.45957420242133046,u_e53d62724f244a02,1,2,official,principal
5112,1,0,0.40879207482089525,probability_native,0.40879207482089525,u_e53d62724f244a02,1,2,official,principal
1013,0,1,0.6640338059226595,probability_native,0.6640338059226595,u_e53d62724f244a02,1,2,official,principal
6868,1,1,0.8551806988689956,probability_native,0.8551806988689956,u_e53d62724f244a02,1,2,official,principal
2141,0,0,0.350729980854885,probability_native,0.350729980854885,u_e53d62724f244a02,1,2,official,principal
5306,1,1,0.7826555316026201,probability_native,0.7826555316026201,u_e53d62724f244a02,1,2,official,principal
540,0,0,0.14079487824652434,probability_native,0.14079487824652434,u_e53d62724f244a02,1,2,official,principal
2242,0,0,0.13252773831976317,probability_native,0.13252773831976317,u_e53d62724f244a02,1,2,official,principal
5994,1,1,0.7275313040840302,probability_native,0.7275313040840302,u_e53d62724f244a02,1,2,official,principal
3257,0,1,0.7731833887912439,probability_native,0.7731833887912439,u_e53d62724f244a02,1,2,official,principal
5641,0,0,0.11975651950594503,probability_native,0.11975651950594503,u_e53d62724f244a02,1,2,official,principal
1,0,0,0.1791191937424061,probability_native,0.1791191937424061,u_e53d62724f244a02,1,2,official,principal
2269,1,1,0.7368393306871774,probability_native,0.7368393306871774,u_e53d62724f244a02,1,2,official,principal
6617,0,0,0.31303129710464744,probability_native,0.31303129710464744,u_e53d62724f244a02,1,2,official,principal
4762,0,1,0.5556987254622752,probability_native,0.5556987254622752,u_e53d62724f244a02,1,2,official,principal
3017,0,0,0.19359524416117974,probability_native,0.19359524416117974,u_e53d62724f244a02,1,2,official,principal
1203,0,0,0.04347590601919054,probability_native,0.04347590601919054,u_e53d62724f244a02,1,2,official,principal
410,1,1,0.8514116899664659,probability_native,0.8514116899664659,u_e53d62724f244a02,1,2,official,principal
1591,0,0,0.33133544608863896,probability_native,0.33133544608863896,u_e53d62724f244a02,1,2,official,principal
2660,0,0,0.4310702158834951,probability_native,0.4310702158834951,u_e53d62724f244a02,1,2,official,principal
5426,0,0,0.18540276681044773,probability_native,0.18540276681044773,u_e53d62724f244a02,1,2,official,principal
877,0,0,0.1464411286457549,probability_native,0.1464411286457549,u_e53d62724f244a02,1,2,official,principal
1839,0,0,0.2682540816747518,probability_native,0.2682540816747518,u_e53d62724f244a02,1,2,official,principal
862,1,1,0.7479266706474568,probability_native,0.7479266706474568,u_e53d62724f244a02,1,2,official,principal
3318,1,1,0.580800103401142,probability_native,0.580800103401142,u_e53d62724f244a02,1,2,official,principal
5537,0,0,0.1795375871989743,probability_native,0.1795375871989743,u_e53d62724f244a02,1,2,official,principal
1919,1,1,0.5992443565836362,probability_native,0.5992443565836362,u_e53d62724f244a02,1,2,official,principal
4276,1,1,0.6546028908030348,probability_native,0.6546028908030348,u_e53d62724f244a02,1,2,official,principal
509,0,0,0.4521959365542777,probability_native,0.4521959365542777,u_e53d62724f244a02,1,2,official,principal
624,1,0,0.40934591497385403,probability_native,0.40934591497385403,u_e53d62724f244a02,1,2,official,principal
2151,0,0,0.04110016200117782,probability_native,0.04110016200117782,u_e53d62724f244a02,1,2,official,principal
2532,0,1,0.5097781969480715,probability_native,0.5097781969480715,u_e53d62724f244a02,1,2,official,principal
2203,0,0,0.17444161970354544,probability_native,0.17444161970354544,u_e53d62724f244a02,1,2,official,principal
6736,0,0,0.028095923837739442,probability_native,0.028095923837739442,u_e53d62724f244a02,1,2,official,principal
2912,0,1,0.78228180409454,probability_native,0.78228180409454,u_e53d62724f244a02,1,2,official,principal
1964,0,0,0.09409874901925652,probability_native,0.09409874901925652,u_e53d62724f244a02,1,2,official,principal
566,0,0,0.48910701465283224,probability_native,0.48910701465283224,u_e53d62724f244a02,1,2,official,principal
159,0,0,0.17881394976922774,probability_native,0.17881394976922774,u_e53d62724f244a02,1,2,official,principal
235,1,1,0.6874873521243625,probability_native,0.6874873521243625,u_e53d62724f244a02,1,2,official,principal
3393,0,0,0.2860067087513067,probability_native,0.2860067087513067,u_e53d62724f244a02,1,2,official,principal
2183,0,1,0.569998730677722,probability_native,0.569998730677722,u_e53d62724f244a02,1,2,official,principal
1320,0,0,0.3147644121603878,probability_native,0.3147644121603878,u_e53d62724f244a02,1,2,official,principal
1779,0,1,0.7949584215228863,probability_native,0.7949584215228863,u_e53d62724f244a02,1,2,official,principal
3696,1,1,0.6099355490743948,probability_native,0.6099355490743948,u_e53d62724f244a02,1,2,official,principal
6914,1,1,0.7976660962996452,probability_native,0.7976660962996452,u_e53d62724f244a02,1,2,official,principal
1575,1,1,0.5678600215373446,probability_native,0.5678600215373446,u_e53d62724f244a02,1,2,official,principal
6553,0,0,0.11281412085839203,probability_native,0.11281412085839203,u_e53d62724f244a02,1,2,official,principal
2787,0,0,0.023878920042382623,probability_native,0.023878920042382623,u_e53d62724f244a02,1,2,official,principal
6406,0,1,0.5980990209693512,probability_native,0.5980990209693512,u_e53d62724f244a02,1,2,official,principal
2717,0,0,0.05791754638218038,probability_native,0.05791754638218038,u_e53d62724f244a02,1,2,official,principal
285,0,1,0.612097421976749,probability_native,0.612097421976749,u_e53d62724f244a02,1,2,official,principal
1274,0,0,0.24290529209055609,probability_native,0.24290529209055609,u_e53d62724f244a02,1,2,official,principal
31,0,1,0.867380087156676,probability_native,0.867380087156676,u_e53d62724f244a02,1,2,official,principal
5879,0,0,0.08810436784034364,probability_native,0.08810436784034364,u_e53d62724f244a02,1,2,official,principal
4987,0,0,0.030257215289741117,probability_native,0.030257215289741117,u_e53d62724f244a02,1,2,official,principal
1493,0,1,0.6292511327134868,probability_native,0.6292511327134868,u_e53d62724f244a02,1,2,official,principal
6903,0,0,0.3898131702864385,probability_native,0.3898131702864385,u_e53d62724f244a02,1,2,official,principal
174,0,0,0.14938712125584983,probability_native,0.14938712125584983,u_e53d62724f244a02,1,2,official,principal
361,0,0,0.3057082517461735,probability_native,0.3057082517461735,u_e53d62724f244a02,1,2,official,principal
2882,0,1,0.7813720498153244,probability_native,0.7813720498153244,u_e53d62724f244a02,1,2,official,principal
3184,0,0,0.12174332814201091,probability_native,0.12174332814201091,u_e53d62724f244a02,1,2,official,principal
6616,1,1,0.7880858831575261,probability_native,0.7880858831575261,u_e53d62724f244a02,1,2,official,principal
3328,0,1,0.8300316960937596,probability_native,0.8300316960937596,u_e53d62724f244a02,1,2,official,principal
4751,1,0,0.4190280244360604,probability_native,0.4190280244360604,u_e53d62724f244a02,1,2,official,principal
5737,0,0,0.45858248169977905,probability_native,0.45858248169977905,u_e53d62724f244a02,1,2,official,principal
5009,0,0,0.2639730342775505,probability_native,0.2639730342775505,u_e53d62724f244a02,1,2,official,principal
4482,1,1,0.8392878258714052,probability_native,0.8392878258714052,u_e53d62724f244a02,1,2,official,principal
5981,0,0,0.07056813052622753,probability_native,0.07056813052622753,u_e53d62724f244a02,1,2,official,principal
2619,1,1,0.7828030404614014,probability_native,0.7828030404614014,u_e53d62724f244a02,1,2,official,principal
109,0,0,0.01866132589819685,probability_native,0.01866132589819685,u_e53d62724f244a02,1,2,official,principal
4182,1,1,0.7557558429545951,probability_native,0.7557558429545951,u_e53d62724f244a02,1,2,official,principal
2507,0,0,0.05159031144059306,probability_native,0.05159031144059306,u_e53d62724f244a02,1,2,official,principal
6172,1,1,0.784318988773158,probability_native,0.784318988773158,u_e53d62724f244a02,1,2,official,principal
5455,0,0,0.42194111112524313,probability_native,0.42194111112524313,u_e53d62724f244a02,1,2,official,principal
4467,0,0,0.2586187764546475,probability_native,0.2586187764546475,u_e53d62724f244a02,1,2,official,principal
4167,0,0,0.355979044565448,probability_native,0.355979044565448,u_e53d62724f244a02,1,2,official,principal
4269,1,1,0.5797397306323389,probability_native,0.5797397306323389,u_e53d62724f244a02,1,2,official,principal
847,0,0,0.22719340524190862,probability_native,0.22719340524190862,u_e53d62724f244a02,1,2,official,principal
1145,0,1,0.5162554997171022,probability_native,0.5162554997171022,u_e53d62724f244a02,1,2,official,principal
1971,0,0,0.2539424018454763,probability_native,0.2539424018454763,u_e53d62724f244a02,1,2,official,principal
5827,0,1,0.6708367941698755,probability_native,0.6708367941698755,u_e53d62724f244a02,1,2,official,principal
5832,1,1,0.7016027293596347,probability_native,0.7016027293596347,u_e53d62724f244a02,1,2,official,principal
1349,0,1,0.5694439598214036,probability_native,0.5694439598214036,u_e53d62724f244a02,1,2,official,principal
77,0,0,0.3952077054796082,probability_native,0.3952077054796082,u_e53d62724f244a02,1,2,official,principal
1859,1,1,0.6059681408766646,probability_native,0.6059681408766646,u_e53d62724f244a02,1,2,official,principal
720,0,0,0.25873254217201436,probability_native,0.25873254217201436,u_e53d62724f244a02,1,2,official,principal
2245,0,0,0.2034322313426991,probability_native,0.2034322313426991,u_e53d62724f244a02,1,2,official,principal
6699,0,0,0.05241517161111386,probability_native,0.05241517161111386,u_e53d62724f244a02,1,2,official,principal
572,0,0,0.3655129246958506,probability_native,0.3655129246958506,u_e53d62724f244a02,1,2,official,principal
7014,0,1,0.735151898909301,probability_native,0.735151898909301,u_e53d62724f244a02,1,2,official,principal
5342,1,1,0.6357726739060513,probability_native,0.6357726739060513,u_e53d62724f244a02,1,2,official,principal
3733,0,0,0.08913922495062387,probability_native,0.08913922495062387,u_e53d62724f244a02,1,2,official,principal
1937,0,0,0.11666169097810425,probability_native,0.11666169097810425,u_e53d62724f244a02,1,2,official,principal
4294,0,1,0.5828496743085417,probability_native,0.5828496743085417,u_e53d62724f244a02,1,2,official,principal
5861,0,0,0.07020129455771504,probability_native,0.07020129455771504,u_e53d62724f244a02,1,2,official,principal
994,0,0,0.13840542434155928,probability_native,0.13840542434155928,u_e53d62724f244a02,1,2,official,principal
4783,0,0,0.149730131039221,probability_native,0.149730131039221,u_e53d62724f244a02,1,2,official,principal
330,0,0,0.07796248552095554,probability_native,0.07796248552095554,u_e53d62724f244a02,1,2,official,principal
5411,1,1,0.7960969191494505,probability_native,0.7960969191494505,u_e53d62724f244a02,1,2,official,principal
604,0,0,0.49704699801338875,probability_native,0.49704699801338875,u_e53d62724f244a02,1,2,official,principal
6607,1,1,0.728598842027226,probability_native,0.728598842027226,u_e53d62724f244a02,1,2,official,principal
6176,1,1,0.6468611669403519,probability_native,0.6468611669403519,u_e53d62724f244a02,1,2,official,principal
1419,0,0,0.0308596341776935,probability_native,0.0308596341776935,u_e53d62724f244a02,1,2,official,principal
6516,1,1,0.6170122446027271,probability_native,0.6170122446027271,u_e53d62724f244a02,1,2,official,principal
2777,0,0,0.4424863931832196,probability_native,0.4424863931832196,u_e53d62724f244a02,1,2,official,principal
3343,0,0,0.22672746535195223,probability_native,0.22672746535195223,u_e53d62724f244a02,1,2,official,principal
6524,1,1,0.8314726929259529,probability_native,0.8314726929259529,u_e53d62724f244a02,1,2,official,principal
1167,0,0,0.4066533106374866,probability_native,0.4066533106374866,u_e53d62724f244a02,1,2,official,principal
2592,0,0,0.3667685299710428,probability_native,0.3667685299710428,u_e53d62724f244a02,1,2,official,principal
205,0,0,0.36948371677133607,probability_native,0.36948371677133607,u_e53d62724f244a02,1,2,official,principal
4196,0,0,0.026185212883928433,probability_native,0.026185212883928433,u_e53d62724f244a02,1,2,official,principal
4356,0,0,0.4341459853101764,probability_native,0.4341459853101764,u_e53d62724f244a02,1,2,official,principal
3977,0,0,0.15244047638995353,probability_native,0.15244047638995353,u_e53d62724f244a02,1,2,official,principal
6920,0,0,0.07532094421767563,probability_native,0.07532094421767563,u_e53d62724f244a02,1,2,official,principal
1085,1,1,0.7960112488834807,probability_native,0.7960112488834807,u_e53d62724f244a02,1,2,official,principal
4952,0,1,0.7853084477717872,probability_native,0.7853084477717872,u_e53d62724f244a02,1,2,official,principal
5746,1,1,0.7767585816612245,probability_native,0.7767585816612245,u_e53d62724f244a02,1,2,official,principal
480,0,0,0.11886628413358245,probability_native,0.11886628413358245,u_e53d62724f244a02,1,2,official,principal
6305,1,1,0.7434980262996892,probability_native,0.7434980262996892,u_e53d62724f244a02,1,2,official,principal
6651,0,0,0.2684656885387785,probability_native,0.2684656885387785,u_e53d62724f244a02,1,2,official,principal
5823,0,0,0.3536062864473748,probability_native,0.3536062864473748,u_e53d62724f244a02,1,2,official,principal
5146,0,1,0.7769379481211904,probability_native,0.7769379481211904,u_e53d62724f244a02,1,2,official,principal
3842,0,1,0.7642195236672439,probability_native,0.7642195236672439,u_e53d62724f244a02,1,2,official,principal
2314,0,0,0.07338279080517168,probability_native,0.07338279080517168,u_e53d62724f244a02,1,2,official,principal
3924,1,0,0.4425194456897162,probability_native,0.4425194456897162,u_e53d62724f244a02,1,2,official,principal
6450,0,0,0.07755943152784521,probability_native,0.07755943152784521,u_e53d62724f244a02,1,2,official,principal
3135,1,1,0.7650348860895344,probability_native,0.7650348860895344,u_e53d62724f244a02,1,2,official,principal
550,0,0,0.18664163168311737,probability_native,0.18664163168311737,u_e53d62724f244a02,1,2,official,principal
1982,0,0,0.294389258737623,probability_native,0.294389258737623,u_e53d62724f244a02,1,2,official,principal
2158,0,0,0.12915651826085986,probability_native,0.12915651826085986,u_e53d62724f244a02,1,2,official,principal
2169,0,0,0.0679002108143088,probability_native,0.0679002108143088,u_e53d62724f244a02,1,2,official,principal
200,0,0,0.46584388595167353,probability_native,0.46584388595167353,u_e53d62724f244a02,1,2,official,principal
5632,0,0,0.035817285738965976,probability_native,0.035817285738965976,u_e53d62724f244a02,1,2,official,principal
4189,0,0,0.07716473582913212,probability_native,0.07716473582913212,u_e53d62724f244a02,1,2,official,principal
1938,0,0,0.45407721688103464,probability_native,0.45407721688103464,u_e53d62724f244a02,1,2,official,principal
3607,0,0,0.2176694939648209,probability_native,0.2176694939648209,u_e53d62724f244a02,1,2,official,principal
2916,0,0,0.23725851016933708,probability_native,0.23725851016933708,u_e53d62724f244a02,1,2,official,principal
5645,0,0,0.19273137838368895,probability_native,0.19273137838368895,u_e53d62724f244a02,1,2,official,principal
2706,1,1,0.7796770986770822,probability_native,0.7796770986770822,u_e53d62724f244a02,1,2,official,principal
1668,0,1,0.6208591798568427,probability_native,0.6208591798568427,u_e53d62724f244a02,1,2,official,principal
6380,0,1,0.7034856019537129,probability_native,0.7034856019537129,u_e53d62724f244a02,1,2,official,principal
464,0,0,0.18381133285237414,probability_native,0.18381133285237414,u_e53d62724f244a02,1,2,official,principal
3308,0,0,0.1613293796939466,probability_native,0.1613293796939466,u_e53d62724f244a02,1,2,official,principal
6341,1,1,0.8395359670540635,probability_native,0.8395359670540635,u_e53d62724f244a02,1,2,official,principal
2116,1,1,0.7124790457331647,probability_native,0.7124790457331647,u_e53d62724f244a02,1,2,official,principal
3241,1,0,0.4416818417215351,probability_native,0.4416818417215351,u_e53d62724f244a02,1,2,official,principal
3645,0,0,0.38587905692273333,probability_native,0.38587905692273333,u_e53d62724f244a02,1,2,official,principal
5525,0,0,0.10334224033729879,probability_native,0.10334224033729879,u_e53d62724f244a02,1,2,official,principal
2128,0,0,0.3687580196870412,probability_native,0.3687580196870412,u_e53d62724f244a02,1,2,official,principal
6797,0,1,0.6276972555739394,probability_native,0.6276972555739394,u_e53d62724f244a02,1,2,official,principal
6762,1,0,0.44293316774857083,probability_native,0.44293316774857083,u_e53d62724f244a02,1,2,official,principal
633,0,0,0.24845809867435104,probability_native,0.24845809867435104,u_e53d62724f244a02,1,2,official,principal
1612,1,0,0.2821010127434291,probability_native,0.2821010127434291,u_e53d62724f244a02,1,2,official,principal
5904,0,0,0.4573587083704517,probability_native,0.4573587083704517,u_e53d62724f244a02,1,2,official,principal
6856,0,0,0.039521404726985725,probability_native,0.039521404726985725,u_e53d62724f244a02,1,2,official,principal
1181,1,1,0.630403042851282,probability_native,0.630403042851282,u_e53d62724f244a02,1,2,official,principal
5495,1,1,0.7151229793584499,probability_native,0.7151229793584499,u_e53d62724f244a02,1,2,official,principal
6277,1,0,0.4306146977081405,probability_native,0.4306146977081405,u_e53d62724f244a02,1,2,official,principal
2306,0,1,0.820124847712749,probability_native,0.820124847712749,u_e53d62724f244a02,1,2,official,principal
1094,0,0,0.27419784153557564,probability_native,0.27419784153557564,u_e53d62724f244a02,1,2,official,principal
2872,0,0,0.08035371117351155,probability_native,0.08035371117351155,u_e53d62724f244a02,1,2,official,principal
4777,0,1,0.5392798542984888,probability_native,0.5392798542984888,u_e53d62724f244a02,1,2,official,principal
3189,0,0,0.2973761875168394,probability_native,0.2973761875168394,u_e53d62724f244a02,1,2,official,principal
4591,0,1,0.523472694195041,probability_native,0.523472694195041,u_e53d62724f244a02,1,2,official,principal
1908,0,0,0.025538781822434665,probability_native,0.025538781822434665,u_e53d62724f244a02,1,2,official,principal
2560,1,1,0.5950184266251052,probability_native,0.5950184266251052,u_e53d62724f244a02,1,2,official,principal
4616,0,1,0.5410770209602009,probability_native,0.5410770209602009,u_e53d62724f244a02,1,2,official,principal
3859,0,0,0.48318253476154804,probability_native,0.48318253476154804,u_e53d62724f244a02,1,2,official,principal
780,0,0,0.07391500936208535,probability_native,0.07391500936208535,u_e53d62724f244a02,1,2,official,principal
4720,0,0,0.4358777609413134,probability_native,0.4358777609413134,u_e53d62724f244a02,1,2,official,principal
858,0,0,0.18350697780256398,probability_native,0.18350697780256398,u_e53d62724f244a02,1,2,official,principal
1521,0,0,0.1756137175429605,probability_native,0.1756137175429605,u_e53d62724f244a02,1,2,official,principal
1319,1,0,0.4516130015167552,probability_native,0.4516130015167552,u_e53d62724f244a02,1,2,official,principal
3161,0,0,0.22943489138349646,probability_native,0.22943489138349646,u_e53d62724f244a02,1,2,official,principal
4181,0,1,0.7183787528013935,probability_native,0.7183787528013935,u_e53d62724f244a02,1,2,official,principal
5114,0,1,0.5440742448690702,probability_native,0.5440742448690702,u_e53d62724f244a02,1,2,official,principal
5064,1,1,0.6030935074154344,probability_native,0.6030935074154344,u_e53d62724f244a02,1,2,official,principal
1882,0,0,0.3791579972249537,probability_native,0.3791579972249537,u_e53d62724f244a02,1,2,official,principal
1301,0,0,0.031355578919627855,probability_native,0.031355578919627855,u_e53d62724f244a02,1,2,official,principal
5366,0,0,0.08728171675140114,probability_native,0.08728171675140114,u_e53d62724f244a02,1,2,official,principal
677,1,1,0.8060176815648865,probability_native,0.8060176815648865,u_e53d62724f244a02,1,2,official,principal
1944,1,1,0.5529003358229467,probability_native,0.5529003358229467,u_e53d62724f244a02,1,2,official,principal
693,1,1,0.8230113268890625,probability_native,0.8230113268890625,u_e53d62724f244a02,1,2,official,principal
1914,0,1,0.687030916146655,probability_native,0.687030916146655,u_e53d62724f244a02,1,2,official,principal
6960,0,1,0.7648185492891247,probability_native,0.7648185492891247,u_e53d62724f244a02,1,2,official,principal
141,1,1,0.5455884309288299,probability_native,0.5455884309288299,u_e53d62724f244a02,1,2,official,principal
4515,0,1,0.7575357843041686,probability_native,0.7575357843041686,u_e53d62724f244a02,1,2,official,principal
5683,1,1,0.666144408201317,probability_native,0.666144408201317,u_e53d62724f244a02,1,2,official,principal
1542,0,0,0.08950747226541896,probability_native,0.08950747226541896,u_e53d62724f244a02,1,2,official,principal
5073,0,1,0.5222679222854578,probability_native,0.5222679222854578,u_e53d62724f244a02,1,2,official,principal
261,1,1,0.8874952336396306,probability_native,0.8874952336396306,u_e53d62724f244a02,1,2,official,principal
2658,0,0,0.11197139968645749,probability_native,0.11197139968645749,u_e53d62724f244a02,1,2,official,principal
5192,0,0,0.02656928159992736,probability_native,0.02656928159992736,u_e53d62724f244a02,1,2,official,principal
2852,0,0,0.07440708829294941,probability_native,0.07440708829294941,u_e53d62724f244a02,1,2,official,principal
2994,0,0,0.04487309608862423,probability_native,0.04487309608862423,u_e53d62724f244a02,1,2,official,principal
2839,0,0,0.050984779748094025,probability_native,0.050984779748094025,u_e53d62724f244a02,1,2,official,principal
1983,0,0,0.29276361857199135,probability_native,0.29276361857199135,u_e53d62724f244a02,1,2,official,principal
1437,0,0,0.4627151538498022,probability_native,0.4627151538498022,u_e53d62724f244a02,1,2,official,principal
2901,0,0,0.18254723188170108,probability_native,0.18254723188170108,u_e53d62724f244a02,1,2,official,principal
220,1,1,0.816578695520703,probability_native,0.816578695520703,u_e53d62724f244a02,1,2,official,principal
759,0,0,0.07454862513415669,probability_native,0.07454862513415669,u_e53d62724f244a02,1,2,official,principal
2153,0,1,0.7195744196450728,probability_native,0.7195744196450728,u_e53d62724f244a02,1,2,official,principal
2394,0,0,0.2799689867954298,probability_native,0.2799689867954298,u_e53d62724f244a02,1,2,official,principal
39,1,1,0.8591441159764565,probability_native,0.8591441159764565,u_e53d62724f244a02,1,2,official,principal
668,1,1,0.5923415221291414,probability_native,0.5923415221291414,u_e53d62724f244a02,1,2,official,principal
4772,0,0,0.0650179861767439,probability_native,0.0650179861767439,u_e53d62724f244a02,1,2,official,principal
2065,0,1,0.738040759311853,probability_native,0.738040759311853,u_e53d62724f244a02,1,2,official,principal
1754,0,0,0.1970345134346128,probability_native,0.1970345134346128,u_e53d62724f244a02,1,2,official,principal
6756,0,1,0.8012605066210932,probability_native,0.8012605066210932,u_e53d62724f244a02,1,2,official,principal
2599,0,0,0.045548750823989036,probability_native,0.045548750823989036,u_e53d62724f244a02,1,2,official,principal
5565,1,1,0.735220718125777,probability_native,0.735220718125777,u_e53d62724f244a02,1,2,official,principal
1132,1,1,0.8211468277425134,probability_native,0.8211468277425134,u_e53d62724f244a02,1,2,official,principal
2441,0,1,0.8064185912112195,probability_native,0.8064185912112195,u_e53d62724f244a02,1,2,official,principal
3243,0,1,0.7003177627404377,probability_native,0.7003177627404377,u_e53d62724f244a02,1,2,official,principal
4260,0,0,0.2643138444024859,probability_native,0.2643138444024859,u_e53d62724f244a02,1,2,official,principal
432,0,1,0.5633688767039392,probability_native,0.5633688767039392,u_e53d62724f244a02,1,2,official,principal
4146,1,1,0.705443640868434,probability_native,0.705443640868434,u_e53d62724f244a02,1,2,official,principal
2971,0,0,0.07336055832791431,probability_native,0.07336055832791431,u_e53d62724f244a02,1,2,official,principal
855,1,1,0.5459154694976845,probability_native,0.5459154694976845,u_e53d62724f244a02,1,2,official,principal
1581,0,0,0.45847546171730635,probability_native,0.45847546171730635,u_e53d62724f244a02,1,2,official,principal
1550,0,1,0.8488639590376486,probability_native,0.8488639590376486,u_e53d62724f244a02,1,2,official,principal
1715,0,0,0.043692510002377685,probability_native,0.043692510002377685,u_e53d62724f244a02,1,2,official,principal
732,0,1,0.6586122906852937,probability_native,0.6586122906852937,u_e53d62724f244a02,1,2,official,principal
239,0,0,0.12194136291304053,probability_native,0.12194136291304053,u_e53d62724f244a02,1,2,official,principal
1243,1,1,0.6700600285088353,probability_native,0.6700600285088353,u_e53d62724f244a02,1,2,official,principal
2741,1,1,0.8920202338102752,probability_native,0.8920202338102752,u_e53d62724f244a02,1,2,official,principal
4421,0,1,0.6345058561219974,probability_native,0.6345058561219974,u_e53d62724f244a02,1,2,official,principal
6033,1,1,0.8229999932518306,probability_native,0.8229999932518306,u_e53d62724f244a02,1,2,official,principal
6082,1,1,0.6724905289772122,probability_native,0.6724905289772122,u_e53d62724f244a02,1,2,official,principal
3219,0,0,0.10320680504315123,probability_native,0.10320680504315123,u_e53d62724f244a02,1,2,official,principal
3053,0,0,0.21403226428224867,probability_native,0.21403226428224867,u_e53d62724f244a02,1,2,official,principal
4091,0,1,0.5491798262239261,probability_native,0.5491798262239261,u_e53d62724f244a02,1,2,official,principal
2751,0,1,0.5375820333836459,probability_native,0.5375820333836459,u_e53d62724f244a02,1,2,official,principal
5790,0,1,0.597237681138699,probability_native,0.597237681138699,u_e53d62724f244a02,1,2,official,principal
1463,1,1,0.7770560800398028,probability_native,0.7770560800398028,u_e53d62724f244a02,1,2,official,principal
3086,0,1,0.7157453356577711,probability_native,0.7157453356577711,u_e53d62724f244a02,1,2,official,principal
648,1,1,0.8521591579537904,probability_native,0.8521591579537904,u_e53d62724f244a02,1,2,official,principal
204,0,0,0.4615261550191722,probability_native,0.4615261550191722,u_e53d62724f244a02,1,2,official,principal
1384,1,1,0.7385837509068403,probability_native,0.7385837509068403,u_e53d62724f244a02,1,2,official,principal
4746,1,1,0.8528476245767205,probability_native,0.8528476245767205,u_e53d62724f244a02,1,2,official,principal
3421,0,0,0.09667652138025619,probability_native,0.09667652138025619,u_e53d62724f244a02,1,2,official,principal
957,0,1,0.5541272164418789,probability_native,0.5541272164418789,u_e53d62724f244a02,1,2,official,principal
2387,0,1,0.8686892968965969,probability_native,0.8686892968965969,u_e53d62724f244a02,1,2,official,principal
1679,0,1,0.600000194798212,probability_native,0.600000194798212,u_e53d62724f244a02,1,2,official,principal
4578,0,1,0.5746945741057133,probability_native,0.5746945741057133,u_e53d62724f244a02,1,2,official,principal
2578,1,1,0.7068922685772993,probability_native,0.7068922685772993,u_e53d62724f244a02,1,2,official,principal
1148,1,1,0.9107621876196111,probability_native,0.9107621876196111,u_e53d62724f244a02,1,2,official,principal
4679,0,0,0.0825371572856322,probability_native,0.0825371572856322,u_e53d62724f244a02,1,2,official,principal
926,1,1,0.8513523101068848,probability_native,0.8513523101068848,u_e53d62724f244a02,1,2,official,principal
4882,0,0,0.0800913605490598,probability_native,0.0800913605490598,u_e53d62724f244a02,1,2,official,principal
781,0,1,0.5301344252675767,probability_native,0.5301344252675767,u_e53d62724f244a02,1,2,official,principal
4102,0,1,0.5830817974705753,probability_native,0.5830817974705753,u_e53d62724f244a02,1,2,official,principal
6769,0,0,0.048610868203934794,probability_native,0.048610868203934794,u_e53d62724f244a02,1,2,official,principal
1858,1,1,0.6677234315200311,probability_native,0.6677234315200311,u_e53d62724f244a02,1,2,official,principal
1183,0,0,0.47465680857484943,probability_native,0.47465680857484943,u_e53d62724f244a02,1,2,official,principal
4217,0,1,0.8211913782041239,probability_native,0.8211913782041239,u_e53d62724f244a02,1,2,official,principal
3299,0,0,0.3048540638648328,probability_native,0.3048540638648328,u_e53d62724f244a02,1,2,official,principal
5663,0,1,0.7755560005734616,probability_native,0.7755560005734616,u_e53d62724f244a02,1,2,official,principal
5028,0,0,0.1658518803403001,probability_native,0.1658518803403001,u_e53d62724f244a02,1,2,official,principal
3920,0,0,0.13415484212804824,probability_native,0.13415484212804824,u_e53d62724f244a02,1,2,official,principal
425,0,0,0.3249102860954822,probability_native,0.3249102860954822,u_e53d62724f244a02,1,2,official,principal
4846,0,1,0.6976557243224296,probability_native,0.6976557243224296,u_e53d62724f244a02,1,2,official,principal
6013,0,1,0.5982881981588885,probability_native,0.5982881981588885,u_e53d62724f244a02,1,2,official,principal
1367,0,1,0.5757938783353097,probability_native,0.5757938783353097,u_e53d62724f244a02,1,2,official,principal
4366,0,1,0.6534342076665293,probability_native,0.6534342076665293,u_e53d62724f244a02,1,2,official,principal
2214,1,1,0.8063690862597845,probability_native,0.8063690862597845,u_e53d62724f244a02,1,2,official,principal
2057,1,1,0.598178799411904,probability_native,0.598178799411904,u_e53d62724f244a02,1,2,official,principal
1974,1,1,0.8181278970558543,probability_native,0.8181278970558543,u_e53d62724f244a02,1,2,official,principal
5318,0,0,0.0759107405335223,probability_native,0.0759107405335223,u_e53d62724f244a02,1,2,official,principal
725,0,0,0.4754755100548246,probability_native,0.4754755100548246,u_e53d62724f244a02,1,2,official,principal
3323,0,0,0.21691660040957045,probability_native,0.21691660040957045,u_e53d62724f244a02,1,2,official,principal
3403,0,0,0.43747125815742244,probability_native,0.43747125815742244,u_e53d62724f244a02,1,2,official,principal
5802,0,0,0.43938217458861484,probability_native,0.43938217458861484,u_e53d62724f244a02,1,2,official,principal
5047,0,1,0.6115643229710548,probability_native,0.6115643229710548,u_e53d62724f244a02,1,2,official,principal
3620,0,1,0.5624980470253274,probability_native,0.5624980470253274,u_e53d62724f244a02,1,2,official,principal
2115,0,0,0.22761385575129695,probability_native,0.22761385575129695,u_e53d62724f244a02,1,2,official,principal
6099,0,0,0.026028158818346313,probability_native,0.026028158818346313,u_e53d62724f244a02,1,2,official,principal
5309,0,0,0.03482776664774562,probability_native,0.03482776664774562,u_e53d62724f244a02,1,2,official,principal
1655,1,1,0.5451065869922218,probability_native,0.5451065869922218,u_e53d62724f244a02,1,2,official,principal
5191,0,0,0.2054580964110674,probability_native,0.2054580964110674,u_e53d62724f244a02,1,2,official,principal
6347,0,1,0.713331283312359,probability_native,0.713331283312359,u_e53d62724f244a02,1,2,official,principal
151,1,1,0.8292750210270426,probability_native,0.8292750210270426,u_e53d62724f244a02,1,2,official,principal
508,1,1,0.746931284049987,probability_native,0.746931284049987,u_e53d62724f244a02,1,2,official,principal
562,0,1,0.5483303975809566,probability_native,0.5483303975809566,u_e53d62724f244a02,1,2,official,principal
5772,0,0,0.09771406663107737,probability_native,0.09771406663107737,u_e53d62724f244a02,1,2,official,principal
1355,0,1,0.5271990981924175,probability_native,0.5271990981924175,u_e53d62724f244a02,1,2,official,principal
6546,0,0,0.47469336723319555,probability_native,0.47469336723319555,u_e53d62724f244a02,1,2,official,principal
6441,0,0,0.320373620804395,probability_native,0.320373620804395,u_e53d62724f244a02,1,2,official,principal
5180,0,0,0.0636908614650301,probability_native,0.0636908614650301,u_e53d62724f244a02,1,2,official,principal
3045,0,0,0.33808080066293356,probability_native,0.33808080066293356,u_e53d62724f244a02,1,2,official,principal
3204,0,0,0.12022930357557478,probability_native,0.12022930357557478,u_e53d62724f244a02,1,2,official,principal
2413,0,0,0.1695158804214814,probability_native,0.1695158804214814,u_e53d62724f244a02,1,2,official,principal
5084,0,0,0.16516247209697482,probability_native,0.16516247209697482,u_e53d62724f244a02,1,2,official,principal
7010,1,1,0.8714868950658268,probability_native,0.8714868950658268,u_e53d62724f244a02,1,2,official,principal
6787,0,1,0.7015050661453932,probability_native,0.7015050661453932,u_e53d62724f244a02,1,2,official,principal
3962,1,1,0.8838327542780736,probability_native,0.8838327542780736,u_e53d62724f244a02,1,2,official,principal
4209,0,0,0.23529088184135585,probability_native,0.23529088184135585,u_e53d62724f244a02,1,2,official,principal
1967,1,0,0.11028372034892114,probability_native,0.11028372034892114,u_e53d62724f244a02,1,2,official,principal
2087,1,1,0.6572288590850125,probability_native,0.6572288590850125,u_e53d62724f244a02,1,2,official,principal
3800,0,0,0.08892531623835023,probability_native,0.08892531623835023,u_e53d62724f244a02,1,2,official,principal
857,1,1,0.6561936258679005,probability_native,0.6561936258679005,u_e53d62724f244a02,1,2,official,principal
6671,0,0,0.23406057118269166,probability_native,0.23406057118269166,u_e53d62724f244a02,1,2,official,principal
3527,1,1,0.8140417592089257,probability_native,0.8140417592089257,u_e53d62724f244a02,1,2,official,principal
2198,0,0,0.335466098396623,probability_native,0.335466098396623,u_e53d62724f244a02,1,2,official,principal
3224,1,1,0.7679404870246633,probability_native,0.7679404870246633,u_e53d62724f244a02,1,2,official,principal
1804,0,0,0.1893890818120052,probability_native,0.1893890818120052,u_e53d62724f244a02,1,2,official,principal
5866,0,0,0.49215860474920514,probability_native,0.49215860474920514,u_e53d62724f244a02,1,2,official,principal
974,0,0,0.10769692410512899,probability_native,0.10769692410512899,u_e53d62724f244a02,1,2,official,principal
4406,0,0,0.3651042295425436,probability_native,0.3651042295425436,u_e53d62724f244a02,1,2,official,principal
5404,0,0,0.3901368042466814,probability_native,0.3901368042466814,u_e53d62724f244a02,1,2,official,principal
5513,0,0,0.11795134892824012,probability_native,0.11795134892824012,u_e53d62724f244a02,1,2,official,principal
1194,0,1,0.5833968417238411,probability_native,0.5833968417238411,u_e53d62724f244a02,1,2,official,principal
4689,0,1,0.528100889405015,probability_native,0.528100889405015,u_e53d62724f244a02,1,2,official,principal
5468,1,1,0.8526020737639077,probability_native,0.8526020737639077,u_e53d62724f244a02,1,2,official,principal
3816,0,0,0.12308690044053122,probability_native,0.12308690044053122,u_e53d62724f244a02,1,2,official,principal
4786,0,0,0.3545361772346083,probability_native,0.3545361772346083,u_e53d62724f244a02,1,2,official,principal
6621,0,0,0.0449631976296154,probability_native,0.0449631976296154,u_e53d62724f244a02,1,2,official,principal
5380,1,1,0.8572367500717867,probability_native,0.8572367500717867,u_e53d62724f244a02,1,2,official,principal
0,0,1,0.7658235268230936,probability_native,0.7658235268230936,u_e53d62724f244a02,1,2,official,principal
360,0,0,0.35634526700275443,probability_native,0.35634526700275443,u_e53d62724f244a02,1,2,official,principal
4067,0,0,0.07266415895802933,probability_native,0.07266415895802933,u_e53d62724f244a02,1,2,official,principal
6741,1,1,0.8609442236217641,probability_native,0.8609442236217641,u_e53d62724f244a02,1,2,official,principal
1484,0,0,0.34087266227814117,probability_native,0.34087266227814117,u_e53d62724f244a02,1,2,official,principal
2145,0,1,0.7319201308680462,probability_native,0.7319201308680462,u_e53d62724f244a02,1,2,official,principal
502,0,0,0.10346441949974167,probability_native,0.10346441949974167,u_e53d62724f244a02,1,2,official,principal
2391,0,1,0.7799045912340545,probability_native,0.7799045912340545,u_e53d62724f244a02,1,2,official,principal
6841,0,0,0.4292530257498698,probability_native,0.4292530257498698,u_e53d62724f244a02,1,2,official,principal
735,0,1,0.5280979645892518,probability_native,0.5280979645892518,u_e53d62724f244a02,1,2,official,principal
1813,0,1,0.7488742673238803,probability_native,0.7488742673238803,u_e53d62724f244a02,1,2,official,principal
6609,1,1,0.5060602099425044,probability_native,0.5060602099425044,u_e53d62724f244a02,1,2,official,principal
1667,0,0,0.3262169072907313,probability_native,0.3262169072907313,u_e53d62724f244a02,1,2,official,principal
2243,0,1,0.7149132138442772,probability_native,0.7149132138442772,u_e53d62724f244a02,1,2,official,principal
4106,1,1,0.8703204847857211,probability_native,0.8703204847857211,u_e53d62724f244a02,1,2,official,principal
4779,0,1,0.8433797773702907,probability_native,0.8433797773702907,u_e53d62724f244a02,1,2,official,principal
5668,0,1,0.7678656578029637,probability_native,0.7678656578029637,u_e53d62724f244a02,1,2,official,principal
1264,0,0,0.16537028802675183,probability_native,0.16537028802675183,u_e53d62724f244a02,1,2,official,principal
3,0,0,0.11359997990048974,probability_native,0.11359997990048974,u_e53d62724f244a02,1,2,official,principal
2705,0,0,0.03142288748327612,probability_native,0.03142288748327612,u_e53d62724f244a02,1,2,official,principal
3175,1,1,0.7185670810895793,probability_native,0.7185670810895793,u_e53d62724f244a02,1,2,official,principal
2831,1,1,0.8665215511815342,probability_native,0.8665215511815342,u_e53d62724f244a02,1,2,official,principal
3677,0,1,0.5705528576474603,probability_native,0.5705528576474603,u_e53d62724f244a02,1,2,official,principal
4896,0,0,0.4955226473958738,probability_native,0.4955226473958738,u_e53d62724f244a02,1,2,official,principal
986,0,1,0.5351610725573285,probability_native,0.5351610725573285,u_e53d62724f244a02,1,2,official,principal
4434,0,1,0.6603825975513372,probability_native,0.6603825975513372,u_e53d62724f244a02,1,2,official,principal
5865,0,0,0.44316673638397436,probability_native,0.44316673638397436,u_e53d62724f244a02,1,2,official,principal
4742,0,0,0.029347766837280184,probability_native,0.029347766837280184,u_e53d62724f244a02,1,2,official,principal
4502,1,1,0.7385849280542639,probability_native,0.7385849280542639,u_e53d62724f244a02,1,2,official,principal
3294,1,1,0.7445457168779852,probability_native,0.7445457168779852,u_e53d62724f244a02,1,2,official,principal
4237,1,1,0.7994307510149695,probability_native,0.7994307510149695,u_e53d62724f244a02,1,2,official,principal
2721,1,1,0.8383782267098467,probability_native,0.8383782267098467,u_e53d62724f244a02,1,2,official,principal
4886,0,0,0.28202226510433037,probability_native,0.28202226510433037,u_e53d62724f244a02,1,2,official,principal
647,0,0,0.2674454618294136,probability_native,0.2674454618294136,u_e53d62724f244a02,1,2,official,principal
6601,0,0,0.20087467083680477,probability_native,0.20087467083680477,u_e53d62724f244a02,1,2,official,principal
6071,0,0,0.18869011343739509,probability_native,0.18869011343739509,u_e53d62724f244a02,1,2,official,principal
6448,1,1,0.5151004093854872,probability_native,0.5151004093854872,u_e53d62724f244a02,1,2,official,principal
6811,1,1,0.8502161114290425,probability_native,0.8502161114290425,u_e53d62724f244a02,1,2,official,principal
91,0,1,0.7287903689284072,probability_native,0.7287903689284072,u_e53d62724f244a02,1,2,official,principal
2,1,1,0.5331910399026359,probability_native,0.5331910399026359,u_e53d62724f244a02,1,2,official,principal
6612,1,1,0.7371427384368349,probability_native,0.7371427384368349,u_e53d62724f244a02,1,2,official,principal
2524,0,0,0.01906174810140997,probability_native,0.01906174810140997,u_e53d62724f244a02,1,2,official,principal
2835,0,0,0.10134112190824252,probability_native,0.10134112190824252,u_e53d62724f244a02,1,2,official,principal
3637,1,0,0.37896252536822483,probability_native,0.37896252536822483,u_e53d62724f244a02,1,2,official,principal
2356,0,0,0.34775786441835377,probability_native,0.34775786441835377,u_e53d62724f244a02,1,2,official,principal
630,1,1,0.6270657828614298,probability_native,0.6270657828614298,u_e53d62724f244a02,1,2,official,principal
4702,0,0,0.427304869963607,probability_native,0.427304869963607,u_e53d62724f244a02,1,2,official,principal
1057,1,1,0.7169009392223854,probability_native,0.7169009392223854,u_e53d62724f244a02,1,2,official,principal
1749,0,1,0.6989337582491333,probability_native,0.6989337582491333,u_e53d62724f244a02,1,2,official,principal
3285,0,0,0.049427754064291125,probability_native,0.049427754064291125,u_e53d62724f244a02,1,2,official,principal
6248,0,0,0.11052680105715462,probability_native,0.11052680105715462,u_e53d62724f244a02,1,2,official,principal
6089,1,1,0.8969529528631773,probability_native,0.8969529528631773,u_e53d62724f244a02,1,2,official,principal
3829,1,1,0.8027858936993573,probability_native,0.8027858936993573,u_e53d62724f244a02,1,2,official,principal
394,0,1,0.8148344845504695,probability_native,0.8148344845504695,u_e53d62724f244a02,1,2,official,principal
4623,0,1,0.530298354071453,probability_native,0.530298354071453,u_e53d62724f244a02,1,2,official,principal
76,0,0,0.250029592090508,probability_native,0.250029592090508,u_e53d62724f244a02,1,2,official,principal
920,0,0,0.08016540223001363,probability_native,0.08016540223001363,u_e53d62724f244a02,1,2,official,principal
4884,0,1,0.6624105941587548,probability_native,0.6624105941587548,u_e53d62724f244a02,1,2,official,principal
5256,1,0,0.20748971463458238,probability_native,0.20748971463458238,u_e53d62724f244a02,1,2,official,principal
6343,0,0,0.11824456092721693,probability_native,0.11824456092721693,u_e53d62724f244a02,1,2,official,principal
1903,0,1,0.8837970975551922,probability_native,0.8837970975551922,u_e53d62724f244a02,1,2,official,principal
4975,0,0,0.2845643021463299,probability_native,0.2845643021463299,u_e53d62724f244a02,1,2,official,principal
2630,0,0,0.10865314870677355,probability_native,0.10865314870677355,u_e53d62724f244a02,1,2,official,principal
5094,0,0,0.2298489393177041,probability_native,0.2298489393177041,u_e53d62724f244a02,1,2,official,principal
3609,0,1,0.5870654940073939,probability_native,0.5870654940073939,u_e53d62724f244a02,1,2,official,principal
6837,0,1,0.863428208700452,probability_native,0.863428208700452,u_e53d62724f244a02,1,2,official,principal
6403,0,0,0.13874019261997536,probability_native,0.13874019261997536,u_e53d62724f244a02,1,2,official,principal
1820,0,1,0.5867191044828105,probability_native,0.5867191044828105,u_e53d62724f244a02,1,2,official,principal
1602,1,1,0.8007292621127188,probability_native,0.8007292621127188,u_e53d62724f244a02,1,2,official,principal
1410,1,1,0.9152903938516967,probability_native,0.9152903938516967,u_e53d62724f244a02,1,2,official,principal
438,0,1,0.6198134034184757,probability_native,0.6198134034184757,u_e53d62724f244a02,1,2,official,principal
4328,0,1,0.69380763469355,probability_native,0.69380763469355,u_e53d62724f244a02,1,2,official,principal
3912,0,0,0.14006592879911514,probability_native,0.14006592879911514,u_e53d62724f244a02,1,2,official,principal
5933,1,1,0.9050378865410483,probability_native,0.9050378865410483,u_e53d62724f244a02,1,2,official,principal
5844,0,1,0.7900772001431374,probability_native,0.7900772001431374,u_e53d62724f244a02,1,2,official,principal
1267,0,0,0.1066505808280902,probability_native,0.1066505808280902,u_e53d62724f244a02,1,2,official,principal
4911,0,0,0.07627686327634159,probability_native,0.07627686327634159,u_e53d62724f244a02,1,2,official,principal
5554,0,0,0.040284799831626174,probability_native,0.040284799831626174,u_e53d62724f244a02,1,2,official,principal
4420,0,0,0.206543308334804,probability_native,0.206543308334804,u_e53d62724f244a02,1,2,official,principal
1053,1,1,0.7486806066858951,probability_native,0.7486806066858951,u_e53d62724f244a02,1,2,official,principal
5944,1,0,0.32449097519673625,probability_native,0.32449097519673625,u_e53d62724f244a02,1,2,official,principal
3862,0,0,0.025265852283703757,probability_native,0.025265852283703757,u_e53d62724f244a02,1,2,official,principal
2369,0,0,0.11470976455231087,probability_native,0.11470976455231087,u_e53d62724f244a02,1,2,official,principal
4452,0,0,0.056407058660356606,probability_native,0.056407058660356606,u_e53d62724f244a02,1,2,official,principal
2559,0,0,0.21109448383884497,probability_native,0.21109448383884497,u_e53d62724f244a02,1,2,official,principal
3522,0,0,0.1035301285068873,probability_native,0.1035301285068873,u_e53d62724f244a02,1,2,official,principal
4819,1,0,0.03373279068797484,probability_native,0.03373279068797484,u_e53d62724f244a02,1,2,official,principal
6535,1,1,0.6002463733951959,probability_native,0.6002463733951959,u_e53d62724f244a02,1,2,official,principal
1691,0,0,0.027465049106380906,probability_native,0.027465049106380906,u_e53d62724f244a02,1,2,official,principal
892,0,1,0.694676776901265,probability_native,0.694676776901265,u_e53d62724f244a02,1,2,official,principal
1541,0,0,0.022852649725744554,probability_native,0.022852649725744554,u_e53d62724f244a02,1,2,official,principal
1689,0,1,0.5804792577655029,probability_native,0.5804792577655029,u_e53d62724f244a02,1,2,official,principal
5967,1,1,0.7183498340710059,probability_native,0.7183498340710059,u_e53d62724f244a02,1,2,official,principal
6909,0,1,0.5525237675179752,probability_native,0.5525237675179752,u_e53d62724f244a02,1,2,official,principal
5120,1,0,0.39544136282364456,probability_native,0.39544136282364456,u_e53d62724f244a02,1,2,official,principal
6764,1,1,0.8289579636199699,probability_native,0.8289579636199699,u_e53d62724f244a02,1,2,official,principal
6259,0,0,0.0783385035471855,probability_native,0.0783385035471855,u_e53d62724f244a02,1,2,official,principal
229,0,0,0.12289644073227186,probability_native,0.12289644073227186,u_e53d62724f244a02,1,2,official,principal
6287,1,1,0.7978293188782501,probability_native,0.7978293188782501,u_e53d62724f244a02,1,2,official,principal
6658,1,1,0.7574993001966205,probability_native,0.7574993001966205,u_e53d62724f244a02,1,2,official,principal
399,0,0,0.15566464432129068,probability_native,0.15566464432129068,u_e53d62724f244a02,1,2,official,principal
1830,0,0,0.06430068153943626,probability_native,0.06430068153943626,u_e53d62724f244a02,1,2,official,principal
4194,0,0,0.041689140762247584,probability_native,0.041689140762247584,u_e53d62724f244a02,1,2,official,principal
1227,0,0,0.37126250933168997,probability_native,0.37126250933168997,u_e53d62724f244a02,1,2,official,principal
5236,0,0,0.4633152763137686,probability_native,0.4633152763137686,u_e53d62724f244a02,1,2,official,principal
1849,1,1,0.6635964972943422,probability_native,0.6635964972943422,u_e53d62724f244a02,1,2,official,principal
4221,0,0,0.44813494427719713,probability_native,0.44813494427719713,u_e53d62724f244a02,1,2,official,principal
1134,0,0,0.4998654263876371,probability_native,0.4998654263876371,u_e53d62724f244a02,1,2,official,principal
4394,0,1,0.5031374931502747,probability_native,0.5031374931502747,u_e53d62724f244a02,1,2,official,principal
2040,0,0,0.066396094249573,probability_native,0.066396094249573,u_e53d62724f244a02,1,2,official,principal
2097,0,1,0.8644276896657772,probability_native,0.8644276896657772,u_e53d62724f244a02,1,2,official,principal
6178,0,0,0.05836737693819854,probability_native,0.05836737693819854,u_e53d62724f244a02,1,2,official,principal
5419,0,0,0.10760293101360194,probability_native,0.10760293101360194,u_e53d62724f244a02,1,2,official,principal
5257,1,1,0.8295235682167447,probability_native,0.8295235682167447,u_e53d62724f244a02,1,2,official,principal
2690,1,1,0.7816386668785511,probability_native,0.7816386668785511,u_e53d62724f244a02,1,2,official,principal
3111,1,0,0.299470121414656,probability_native,0.299470121414656,u_e53d62724f244a02,1,2,official,principal
3870,0,0,0.24687098227175933,probability_native,0.24687098227175933,u_e53d62724f244a02,1,2,official,principal
615,0,1,0.5528482282623419,probability_native,0.5528482282623419,u_e53d62724f244a02,1,2,official,principal
4108,0,0,0.14382603133908226,probability_native,0.14382603133908226,u_e53d62724f244a02,1,2,official,principal
5795,0,1,0.7194208277018576,probability_native,0.7194208277018576,u_e53d62724f244a02,1,2,official,principal
4752,0,0,0.18092228189984985,probability_native,0.18092228189984985,u_e53d62724f244a02,1,2,official,principal
2018,1,1,0.6701839378167762,probability_native,0.6701839378167762,u_e53d62724f244a02,1,2,official,principal
3878,0,0,0.14260277884782693,probability_native,0.14260277884782693,u_e53d62724f244a02,1,2,official,principal
5090,1,1,0.7686134211776632,probability_native,0.7686134211776632,u_e53d62724f244a02,1,2,official,principal
6533,0,1,0.7951476857828718,probability_native,0.7951476857828718,u_e53d62724f244a02,1,2,official,principal
1481,0,0,0.057724865563462624,probability_native,0.057724865563462624,u_e53d62724f244a02,1,2,official,principal
1046,0,0,0.1502184367870313,probability_native,0.1502184367870313,u_e53d62724f244a02,1,2,official,principal
6716,1,1,0.8153264255535877,probability_native,0.8153264255535877,u_e53d62724f244a02,1,2,official,principal
697,1,1,0.6722339203598385,probability_native,0.6722339203598385,u_e53d62724f244a02,1,2,official,principal
6850,0,0,0.030736192614877807,probability_native,0.030736192614877807,u_e53d62724f244a02,1,2,official,principal
6721,0,0,0.12846502854938494,probability_native,0.12846502854938494,u_e53d62724f244a02,1,2,official,principal
4791,0,0,0.42911283775158315,probability_native,0.42911283775158315,u_e53d62724f244a02,1,2,official,principal
3619,0,0,0.04332703859923194,probability_native,0.04332703859923194,u_e53d62724f244a02,1,2,official,principal
2047,0,1,0.7300661414393381,probability_native,0.7300661414393381,u_e53d62724f244a02,1,2,official,principal
5253,0,0,0.4282549898413823,probability_native,0.4282549898413823,u_e53d62724f244a02,1,2,official,principal
6392,0,0,0.45481888451871944,probability_native,0.45481888451871944,u_e53d62724f244a02,1,2,official,principal
5880,1,1,0.7418484916814054,probability_native,0.7418484916814054,u_e53d62724f244a02,1,2,official,principal
5976,0,0,0.4039574573163628,probability_native,0.4039574573163628,u_e53d62724f244a02,1,2,official,principal
191,1,1,0.8289786388449242,probability_native,0.8289786388449242,u_e53d62724f244a02,1,2,official,principal
4348,1,1,0.5153342806771523,probability_native,0.5153342806771523,u_e53d62724f244a02,1,2,official,principal
2720,1,1,0.629006669271102,probability_native,0.629006669271102,u_e53d62724f244a02,1,2,official,principal
600,0,1,0.6148226283757577,probability_native,0.6148226283757577,u_e53d62724f244a02,1,2,official,principal
4143,1,1,0.7969706539199992,probability_native,0.7969706539199992,u_e53d62724f244a02,1,2,official,principal
1660,0,0,0.23543183844185966,probability_native,0.23543183844185966,u_e53d62724f244a02,1,2,official,principal
596,0,0,0.16650290344952148,probability_native,0.16650290344952148,u_e53d62724f244a02,1,2,official,principal
6549,1,1,0.7765704083464754,probability_native,0.7765704083464754,u_e53d62724f244a02,1,2,official,principal
3971,1,0,0.12663828348166428,probability_native,0.12663828348166428,u_e53d62724f244a02,1,2,official,principal
788,0,0,0.40611694488732647,probability_native,0.40611694488732647,u_e53d62724f244a02,1,2,official,principal
5950,0,1,0.7277401480817517,probability_native,0.7277401480817517,u_e53d62724f244a02,1,2,official,principal
1686,1,0,0.4685268158544939,probability_native,0.4685268158544939,u_e53d62724f244a02,1,2,official,principal
6900,0,1,0.5399929425154802,probability_native,0.5399929425154802,u_e53d62724f244a02,1,2,official,principal
865,1,1,0.6814956865521562,probability_native,0.6814956865521562,u_e53d62724f244a02,1,2,official,principal
3091,0,0,0.3038039676891154,probability_native,0.3038039676891154,u_e53d62724f244a02,1,2,official,principal
111,0,0,0.08635924398866451,probability_native,0.08635924398866451,u_e53d62724f244a02,1,2,official,principal
4283,0,1,0.8294293846325353,probability_native,0.8294293846325353,u_e53d62724f244a02,1,2,official,principal
44,0,1,0.5839778212832034,probability_native,0.5839778212832034,u_e53d62724f244a02,1,2,official,principal
4602,0,0,0.0457639645991461,probability_native,0.0457639645991461,u_e53d62724f244a02,1,2,official,principal
2680,0,0,0.042440628082917195,probability_native,0.042440628082917195,u_e53d62724f244a02,1,2,official,principal
702,0,1,0.7863768124941241,probability_native,0.7863768124941241,u_e53d62724f244a02,1,2,official,principal
6644,0,1,0.5049410565236192,probability_native,0.5049410565236192,u_e53d62724f244a02,1,2,official,principal
6005,0,0,0.25583321965504574,probability_native,0.25583321965504574,u_e53d62724f244a02,1,2,official,principal
5729,0,0,0.23964775936308153,probability_native,0.23964775936308153,u_e53d62724f244a02,1,2,official,principal
5452,0,0,0.22763151650669228,probability_native,0.22763151650669228,u_e53d62724f244a02,1,2,official,principal
6317,1,1,0.8431478023500534,probability_native,0.8431478023500534,u_e53d62724f244a02,1,2,official,principal
4197,0,1,0.7821594536981107,probability_native,0.7821594536981107,u_e53d62724f244a02,1,2,official,principal
6785,1,0,0.20975098911138446,probability_native,0.20975098911138446,u_e53d62724f244a02,1,2,official,principal
5598,0,0,0.06271360375623451,probability_native,0.06271360375623451,u_e53d62724f244a02,1,2,official,principal
1113,1,1,0.6431956307319231,probability_native,0.6431956307319231,u_e53d62724f244a02,1,2,official,principal
2263,1,1,0.6178764563020703,probability_native,0.6178764563020703,u_e53d62724f244a02,1,2,official,principal
6880,0,0,0.02507674605669834,probability_native,0.02507674605669834,u_e53d62724f244a02,1,2,official,principal
5738,1,0,0.4425735219860005,probability_native,0.4425735219860005,u_e53d62724f244a02,1,2,official,principal
4549,0,1,0.6156736603530535,probability_native,0.6156736603530535,u_e53d62724f244a02,1,2,official,principal
4271,0,0,0.13645604576162199,probability_native,0.13645604576162199,u_e53d62724f244a02,1,2,official,principal
5266,0,0,0.12412067163026673,probability_native,0.12412067163026673,u_e53d62724f244a02,1,2,official,principal
1993,1,1,0.6918608906520092,probability_native,0.6918608906520092,u_e53d62724f244a02,1,2,official,principal
4082,1,0,0.24023973427224454,probability_native,0.24023973427224454,u_e53d62724f244a02,1,2,official,principal
4997,1,1,0.7414332618395002,probability_native,0.7414332618395002,u_e53d62724f244a02,1,2,official,principal
63,0,0,0.28097894013050945,probability_native,0.28097894013050945,u_e53d62724f244a02,1,2,official,principal
5853,0,0,0.32289276262733896,probability_native,0.32289276262733896,u_e53d62724f244a02,1,2,official,principal
4730,0,1,0.6825656031239521,probability_native,0.6825656031239521,u_e53d62724f244a02,1,2,official,principal
4225,0,0,0.3885323310429079,probability_native,0.3885323310429079,u_e53d62724f244a02,1,2,official,principal
368,0,0,0.4549091948510145,probability_native,0.4549091948510145,u_e53d62724f244a02,1,2,official,principal
2407,1,1,0.8279420796104828,probability_native,0.8279420796104828,u_e53d62724f244a02,1,2,official,principal
5118,0,1,0.5376178526791163,probability_native,0.5376178526791163,u_e53d62724f244a02,1,2,official,principal
1912,0,0,0.10662844684090848,probability_native,0.10662844684090848,u_e53d62724f244a02,1,2,official,principal
4277,0,0,0.4754506663350369,probability_native,0.4754506663350369,u_e53d62724f244a02,1,2,official,principal
2826,0,0,0.4587630069731057,probability_native,0.4587630069731057,u_e53d62724f244a02,1,2,official,principal
6883,0,1,0.6019338837120128,probability_native,0.6019338837120128,u_e53d62724f244a02,1,2,official,principal
3578,0,0,0.31109772552678405,probability_native,0.31109772552678405,u_e53d62724f244a02,1,2,official,principal
2648,0,0,0.4504422335111417,probability_native,0.4504422335111417,u_e53d62724f244a02,1,2,official,principal
2458,0,0,0.34383417654958515,probability_native,0.34383417654958515,u_e53d62724f244a02,1,2,official,principal
2420,0,1,0.5608257166345652,probability_native,0.5608257166345652,u_e53d62724f244a02,1,2,official,principal
1464,0,0,0.3930084786327639,probability_native,0.3930084786327639,u_e53d62724f244a02,1,2,official,principal
3121,1,1,0.5921590547661604,probability_native,0.5921590547661604,u_e53d62724f244a02,1,2,official,principal
6360,1,1,0.5175010308247285,probability_native,0.5175010308247285,u_e53d62724f244a02,1,2,official,principal
6622,1,1,0.698781176035969,probability_native,0.698781176035969,u_e53d62724f244a02,1,2,official,principal
5649,0,0,0.22863206344218118,probability_native,0.22863206344218118,u_e53d62724f244a02,1,2,official,principal
4983,1,1,0.6083577605629953,probability_native,0.6083577605629953,u_e53d62724f244a02,1,2,official,principal
4149,1,0,0.13617719882388812,probability_native,0.13617719882388812,u_e53d62724f244a02,1,2,official,principal
5405,0,1,0.5619482100659612,probability_native,0.5619482100659612,u_e53d62724f244a02,1,2,official,principal
944,0,1,0.5406278530522086,probability_native,0.5406278530522086,u_e53d62724f244a02,1,2,official,principal
5074,0,0,0.07516859194490694,probability_native,0.07516859194490694,u_e53d62724f244a02,1,2,official,principal
5285,0,0,0.10019096773542895,probability_native,0.10019096773542895,u_e53d62724f244a02,1,2,official,principal
247,1,1,0.7692002306226561,probability_native,0.7692002306226561,u_e53d62724f244a02,1,2,official,principal
5451,0,0,0.2437030150788419,probability_native,0.2437030150788419,u_e53d62724f244a02,1,2,official,principal
147,1,1,0.7250334569163865,probability_native,0.7250334569163865,u_e53d62724f244a02,1,2,official,principal
4291,0,0,0.12758917665014646,probability_native,0.12758917665014646,u_e53d62724f244a02,1,2,official,principal
152,0,0,0.33666482601521,probability_native,0.33666482601521,u_e53d62724f244a02,1,2,official,principal
5127,1,0,0.30336477480744417,probability_native,0.30336477480744417,u_e53d62724f244a02,1,2,official,principal
488,0,0,0.2749898293572635,probability_native,0.2749898293572635,u_e53d62724f244a02,1,2,official,principal
3999,1,1,0.8391562303768375,probability_native,0.8391562303768375,u_e53d62724f244a02,1,2,official,principal
5140,0,1,0.8878379112768415,probability_native,0.8878379112768415,u_e53d62724f244a02,1,2,official,principal
4812,1,1,0.5234779682333938,probability_native,0.5234779682333938,u_e53d62724f244a02,1,2,official,principal
5744,0,0,0.3551745825827164,probability_native,0.3551745825827164,u_e53d62724f244a02,1,2,official,principal
4959,1,0,0.47387917535963764,probability_native,0.47387917535963764,u_e53d62724f244a02,1,2,official,principal
2059,0,1,0.7126233917172103,probability_native,0.7126233917172103,u_e53d62724f244a02,1,2,official,principal
1680,0,0,0.09261482431097783,probability_native,0.09261482431097783,u_e53d62724f244a02,1,2,official,principal
4747,0,0,0.13330211052972266,probability_native,0.13330211052972266,u_e53d62724f244a02,1,2,official,principal
5618,0,0,0.36361736942654693,probability_native,0.36361736942654693,u_e53d62724f244a02,1,2,official,principal
1434,1,1,0.7864352368274429,probability_native,0.7864352368274429,u_e53d62724f244a02,1,2,official,principal
899,0,1,0.5262861343877843,probability_native,0.5262861343877843,u_e53d62724f244a02,1,2,official,principal
1729,0,0,0.20094430476207178,probability_native,0.20094430476207178,u_e53d62724f244a02,1,2,official,principal
310,0,1,0.5205515020458953,probability_native,0.5205515020458953,u_e53d62724f244a02,1,2,official,principal
4668,0,1,0.5775210086947208,probability_native,0.5775210086947208,u_e53d62724f244a02,1,2,official,principal
5261,0,0,0.39418507390687185,probability_native,0.39418507390687185,u_e53d62724f244a02,1,2,official,principal
5022,0,0,0.08873989493341608,probability_native,0.08873989493341608,u_e53d62724f244a02,1,2,official,principal
5676,0,0,0.46507063319716907,probability_native,0.46507063319716907,u_e53d62724f244a02,1,2,official,principal
2907,1,1,0.7901442062450753,probability_native,0.7901442062450753,u_e53d62724f244a02,1,2,official,principal
6602,0,1,0.6613528649220627,probability_native,0.6613528649220627,u_e53d62724f244a02,1,2,official,principal
4389,0,1,0.7110887043528755,probability_native,0.7110887043528755,u_e53d62724f244a02,1,2,official,principal
4136,0,0,0.09396462652559796,probability_native,0.09396462652559796,u_e53d62724f244a02,1,2,official,principal
6511,0,0,0.05125209117907403,probability_native,0.05125209117907403,u_e53d62724f244a02,1,2,official,principal
2148,0,0,0.35297751981122705,probability_native,0.35297751981122705,u_e53d62724f244a02,1,2,official,principal
4691,1,1,0.7156356859967825,probability_native,0.7156356859967825,u_e53d62724f244a02,1,2,official,principal
711,0,1,0.6055178767443196,probability_native,0.6055178767443196,u_e53d62724f244a02,1,2,official,principal
5914,0,0,0.26314011115302816,probability_native,0.26314011115302816,u_e53d62724f244a02,1,2,official,principal
228,0,1,0.6493310044197851,probability_native,0.6493310044197851,u_e53d62724f244a02,1,2,official,principal
4450,1,1,0.515780982872004,probability_native,0.515780982872004,u_e53d62724f244a02,1,2,official,principal
6293,0,0,0.08749206132456397,probability_native,0.08749206132456397,u_e53d62724f244a02,1,2,official,principal
1212,0,1,0.8021052641403068,probability_native,0.8021052641403068,u_e53d62724f244a02,1,2,official,principal
4581,0,0,0.03528488042246865,probability_native,0.03528488042246865,u_e53d62724f244a02,1,2,official,principal
5231,1,1,0.8858087827724562,probability_native,0.8858087827724562,u_e53d62724f244a02,1,2,official,principal
1939,0,0,0.4544796117524641,probability_native,0.4544796117524641,u_e53d62724f244a02,1,2,official,principal
2847,0,1,0.6339934032325422,probability_native,0.6339934032325422,u_e53d62724f244a02,1,2,official,principal
6415,0,0,0.23278452572483602,probability_native,0.23278452572483602,u_e53d62724f244a02,1,2,official,principal
5625,0,0,0.37451095253409783,probability_native,0.37451095253409783,u_e53d62724f244a02,1,2,official,principal
2124,1,1,0.7425509641539846,probability_native,0.7425509641539846,u_e53d62724f244a02,1,2,official,principal
176,1,1,0.7775357687581145,probability_native,0.7775357687581145,u_e53d62724f244a02,1,2,official,principal
6685,0,0,0.3697217062079855,probability_native,0.3697217062079855,u_e53d62724f244a02,1,2,official,principal
5761,0,0,0.044792483794298635,probability_native,0.044792483794298635,u_e53d62724f244a02,1,2,official,principal
6733,0,0,0.3194342695387956,probability_native,0.3194342695387956,u_e53d62724f244a02,1,2,official,principal
2640,0,1,0.6296501602261799,probability_native,0.6296501602261799,u_e53d62724f244a02,1,2,official,principal
4525,0,1,0.5616917182431888,probability_native,0.5616917182431888,u_e53d62724f244a02,1,2,official,principal
1182,0,0,0.431507713662709,probability_native,0.431507713662709,u_e53d62724f244a02,1,2,official,principal
528,0,0,0.058095862581340495,probability_native,0.058095862581340495,u_e53d62724f244a02,1,2,official,principal
2126,0,1,0.5986745649521933,probability_native,0.5986745649521933,u_e53d62724f244a02,1,2,official,principal
2840,0,0,0.34801692403956186,probability_native,0.34801692403956186,u_e53d62724f244a02,1,2,official,principal
1610,0,0,0.03649035009729228,probability_native,0.03649035009729228,u_e53d62724f244a02,1,2,official,principal
6467,0,1,0.7824866573146712,probability_native,0.7824866573146712,u_e53d62724f244a02,1,2,official,principal
853,0,1,0.5984057500959069,probability_native,0.5984057500959069,u_e53d62724f244a02,1,2,official,principal
2343,0,1,0.65784451607037,probability_native,0.65784451607037,u_e53d62724f244a02,1,2,official,principal
3141,1,1,0.7484930431029911,probability_native,0.7484930431029911,u_e53d62724f244a02,1,2,official,principal
2581,0,0,0.37868634035008736,probability_native,0.37868634035008736,u_e53d62724f244a02,1,2,official,principal
4511,0,0,0.403334697256262,probability_native,0.403334697256262,u_e53d62724f244a02,1,2,official,principal
5472,0,0,0.39184330421560265,probability_native,0.39184330421560265,u_e53d62724f244a02,1,2,official,principal
4711,0,0,0.1397868440107775,probability_native,0.1397868440107775,u_e53d62724f244a02,1,2,official,principal
2727,1,1,0.8700092316384342,probability_native,0.8700092316384342,u_e53d62724f244a02,1,2,official,principal
1116,0,0,0.23647775659647285,probability_native,0.23647775659647285,u_e53d62724f244a02,1,2,official,principal
6781,1,1,0.736283432891099,probability_native,0.736283432891099,u_e53d62724f244a02,1,2,official,principal
3651,0,0,0.037502130439774205,probability_native,0.037502130439774205,u_e53d62724f244a02,1,2,official,principal
4785,1,1,0.7798772681121138,probability_native,0.7798772681121138,u_e53d62724f244a02,1,2,official,principal
278,0,1,0.7225519206288858,probability_native,0.7225519206288858,u_e53d62724f244a02,1,2,official,principal
584,0,1,0.5013434559342476,probability_native,0.5013434559342476,u_e53d62724f244a02,1,2,official,principal
5469,0,1,0.5914027016625364,probability_native,0.5914027016625364,u_e53d62724f244a02,1,2,official,principal
6120,0,1,0.691229543444771,probability_native,0.691229543444771,u_e53d62724f244a02,1,2,official,principal
3230,0,0,0.024314761519247958,probability_native,0.024314761519247958,u_e53d62724f244a02,1,2,official,principal
1348,1,1,0.8395873214848926,probability_native,0.8395873214848926,u_e53d62724f244a02,1,2,official,principal
484,1,1,0.8088222267440998,probability_native,0.8088222267440998,u_e53d62724f244a02,1,2,official,principal
3170,0,1,0.6790418783711579,probability_native,0.6790418783711579,u_e53d62724f244a02,1,2,official,principal
2885,0,0,0.2011511075318484,probability_native,0.2011511075318484,u_e53d62724f244a02,1,2,official,principal
3208,0,0,0.3255437385508833,probability_native,0.3255437385508833,u_e53d62724f244a02,1,2,official,principal
3491,0,0,0.2962712311564918,probability_native,0.2962712311564918,u_e53d62724f244a02,1,2,official,principal
1959,0,1,0.5440667067446584,probability_native,0.5440667067446584,u_e53d62724f244a02,1,2,official,principal
5249,0,0,0.044527546828195964,probability_native,0.044527546828195964,u_e53d62724f244a02,1,2,official,principal
1239,0,1,0.6681339615719388,probability_native,0.6681339615719388,u_e53d62724f244a02,1,2,official,principal
6465,0,0,0.02951462065393482,probability_native,0.02951462065393482,u_e53d62724f244a02,1,2,official,principal
1303,0,0,0.021537698272332078,probability_native,0.021537698272332078,u_e53d62724f244a02,1,2,official,principal
2330,0,1,0.5350636704790699,probability_native,0.5350636704790699,u_e53d62724f244a02,1,2,official,principal
5167,0,0,0.0733271533853111,probability_native,0.0733271533853111,u_e53d62724f244a02,1,2,official,principal
3710,0,0,0.21752722497908786,probability_native,0.21752722497908786,u_e53d62724f244a02,1,2,official,principal
1695,0,0,0.2390208685165141,probability_native,0.2390208685165141,u_e53d62724f244a02,1,2,official,principal
1021,0,0,0.14422207226003975,probability_native,0.14422207226003975,u_e53d62724f244a02,1,2,official,principal
3788,1,0,0.15171731820153075,probability_native,0.15171731820153075,u_e53d62724f244a02,1,2,official,principal
4863,0,0,0.02947858801582205,probability_native,0.02947858801582205,u_e53d62724f244a02,1,2,official,principal
4545,0,1,0.6134725157897878,probability_native,0.6134725157897878,u_e53d62724f244a02,1,2,official,principal
3021,0,0,0.41125497969729524,probability_native,0.41125497969729524,u_e53d62724f244a02,1,2,official,principal
6552,1,1,0.8339140012272174,probability_native,0.8339140012272174,u_e53d62724f244a02,1,2,official,principal
3215,0,1,0.6726936505114243,probability_native,0.6726936505114243,u_e53d62724f244a02,1,2,official,principal
6901,0,0,0.45782081499727695,probability_native,0.45782081499727695,u_e53d62724f244a02,1,2,official,principal
5148,0,0,0.23767577998850828,probability_native,0.23767577998850828,u_e53d62724f244a02,1,2,official,principal
5269,0,1,0.6621278952760198,probability_native,0.6621278952760198,u_e53d62724f244a02,1,2,official,principal
4047,0,0,0.20816883124892643,probability_native,0.20816883124892643,u_e53d62724f244a02,1,2,official,principal
6008,0,0,0.2263824721834624,probability_native,0.2263824721834624,u_e53d62724f244a02,1,2,official,principal
240,0,0,0.09928111873025271,probability_native,0.09928111873025271,u_e53d62724f244a02,1,2,official,principal
2873,1,1,0.8081797950806793,probability_native,0.8081797950806793,u_e53d62724f244a02,1,2,official,principal
5660,0,0,0.3865405080228053,probability_native,0.3865405080228053,u_e53d62724f244a02,1,2,official,principal
3114,0,1,0.6129990647337494,probability_native,0.6129990647337494,u_e53d62724f244a02,1,2,official,principal
4516,0,0,0.06671530545525912,probability_native,0.06671530545525912,u_e53d62724f244a02,1,2,official,principal
6425,0,0,0.13698775137079197,probability_native,0.13698775137079197,u_e53d62724f244a02,1,2,official,principal
6458,0,1,0.5451837203999029,probability_native,0.5451837203999029,u_e53d62724f244a02,1,2,official,principal
3953,1,1,0.7835460797286308,probability_native,0.7835460797286308,u_e53d62724f244a02,1,2,official,principal
3675,0,0,0.4533603810638653,probability_native,0.4533603810638653,u_e53d62724f244a02,1,2,official,principal
4425,0,0,0.44683101571986206,probability_native,0.44683101571986206,u_e53d62724f244a02,1,2,official,principal
5990,0,1,0.7296933812206751,probability_native,0.7296933812206751,u_e53d62724f244a02,1,2,official,principal
4126,0,0,0.35392288602951844,probability_native,0.35392288602951844,u_e53d62724f244a02,1,2,official,principal
5288,1,1,0.8685891030583431,probability_native,0.8685891030583431,u_e53d62724f244a02,1,2,official,principal
6348,0,1,0.6566499786382193,probability_native,0.6566499786382193,u_e53d62724f244a02,1,2,official,principal
2422,0,1,0.839151408277705,probability_native,0.839151408277705,u_e53d62724f244a02,1,2,official,principal
975,1,0,0.20392792164709103,probability_native,0.20392792164709103,u_e53d62724f244a02,1,2,official,principal
573,1,0,0.46945323259860416,probability_native,0.46945323259860416,u_e53d62724f244a02,1,2,official,principal
6219,1,1,0.7423007209235868,probability_native,0.7423007209235868,u_e53d62724f244a02,1,2,official,principal
1043,1,1,0.5637851998501915,probability_native,0.5637851998501915,u_e53d62724f244a02,1,2,official,principal
2529,1,0,0.18925005247686547,probability_native,0.18925005247686547,u_e53d62724f244a02,1,2,official,principal
1282,0,1,0.7651570058321743,probability_native,0.7651570058321743,u_e53d62724f244a02,1,2,official,principal
1340,0,0,0.21536475583605064,probability_native,0.21536475583605064,u_e53d62724f244a02,1,2,official,principal
6189,0,0,0.07009997838183027,probability_native,0.07009997838183027,u_e53d62724f244a02,1,2,official,principal
5510,0,1,0.7475424672429904,probability_native,0.7475424672429904,u_e53d62724f244a02,1,2,official,principal
3354,0,0,0.11471555349725909,probability_native,0.11471555349725909,u_e53d62724f244a02,1,2,official,principal
905,1,1,0.9020776570554337,probability_native,0.9020776570554337,u_e53d62724f244a02,1,2,official,principal
2735,0,1,0.5609357963588857,probability_native,0.5609357963588857,u_e53d62724f244a02,1,2,official,principal
6712,0,1,0.6655909425539939,probability_native,0.6655909425539939,u_e53d62724f244a02,1,2,official,principal
4333,0,0,0.47718605231850075,probability_native,0.47718605231850075,u_e53d62724f244a02,1,2,official,principal
1514,0,0,0.025841100295399586,probability_native,0.025841100295399586,u_e53d62724f244a02,1,2,official,principal
6608,1,0,0.2807779139902951,probability_native,0.2807779139902951,u_e53d62724f244a02,1,2,official,principal
135,0,0,0.09657788674744074,probability_native,0.09657788674744074,u_e53d62724f244a02,1,2,official,principal
3413,0,1,0.7240059427418781,probability_native,0.7240059427418781,u_e53d62724f244a02,1,2,official,principal
219,0,1,0.8058113172533683,probability_native,0.8058113172533683,u_e53d62724f244a02,1,2,official,principal
6754,0,0,0.19018134171718354,probability_native,0.19018134171718354,u_e53d62724f244a02,1,2,official,principal
6610,0,1,0.8088446274274256,probability_native,0.8088446274274256,u_e53d62724f244a02,1,2,official,principal
3549,0,0,0.03754203994091413,probability_native,0.03754203994091413,u_e53d62724f244a02,1,2,official,principal
257,0,0,0.3224264392336826,probability_native,0.3224264392336826,u_e53d62724f244a02,1,2,official,principal
4799,0,0,0.39858087439570483,probability_native,0.39858087439570483,u_e53d62724f244a02,1,2,official,principal
5248,0,0,0.23015347082221363,probability_native,0.23015347082221363,u_e53d62724f244a02,1,2,official,principal
3965,0,1,0.6700929129660602,probability_native,0.6700929129660602,u_e53d62724f244a02,1,2,official,principal
2942,0,0,0.06707340643482615,probability_native,0.06707340643482615,u_e53d62724f244a02,1,2,official,principal
5370,0,1,0.7698297461958453,probability_native,0.7698297461958453,u_e53d62724f244a02,1,2,official,principal
4495,1,1,0.8298786345586048,probability_native,0.8298786345586048,u_e53d62724f244a02,1,2,official,principal
3932,1,1,0.8642799282300433,probability_native,0.8642799282300433,u_e53d62724f244a02,1,2,official,principal
5347,0,0,0.17432199781360705,probability_native,0.17432199781360705,u_e53d62724f244a02,1,2,official,principal
5531,0,0,0.09045891224566611,probability_native,0.09045891224566611,u_e53d62724f244a02,1,2,official,principal
1273,0,1,0.5406104172330367,probability_native,0.5406104172330367,u_e53d62724f244a02,1,2,official,principal
6318,0,0,0.3162517804159813,probability_native,0.3162517804159813,u_e53d62724f244a02,1,2,official,principal
4284,0,1,0.7744698551864249,probability_native,0.7744698551864249,u_e53d62724f244a02,1,2,official,principal
1494,1,0,0.28011581331575175,probability_native,0.28011581331575175,u_e53d62724f244a02,1,2,official,principal
2190,0,0,0.09404482209376402,probability_native,0.09404482209376402,u_e53d62724f244a02,1,2,official,principal
4808,0,0,0.10592352765476615,probability_native,0.10592352765476615,u_e53d62724f244a02,1,2,official,principal
5926,0,1,0.500846186901648,probability_native,0.500846186901648,u_e53d62724f244a02,1,2,official,principal
138,0,0,0.03771659594184521,probability_native,0.03771659594184521,u_e53d62724f244a02,1,2,official,principal
1371,1,1,0.8804979368270361,probability_native,0.8804979368270361,u_e53d62724f244a02,1,2,official,principal
5357,0,0,0.03334665813448565,probability_native,0.03334665813448565,u_e53d62724f244a02,1,2,official,principal
1009,0,0,0.3043090077512972,probability_native,0.3043090077512972,u_e53d62724f244a02,1,2,official,principal
3995,1,0,0.47743169193357554,probability_native,0.47743169193357554,u_e53d62724f244a02,1,2,official,principal
3483,0,1,0.6875761938835523,probability_native,0.6875761938835523,u_e53d62724f244a02,1,2,official,principal
5815,1,1,0.8683480881958827,probability_native,0.8683480881958827,u_e53d62724f244a02,1,2,official,principal
1812,0,1,0.6991251120989777,probability_native,0.6991251120989777,u_e53d62724f244a02,1,2,official,principal
5493,1,1,0.8802511430063854,probability_native,0.8802511430063854,u_e53d62724f244a02,1,2,official,principal
3663,0,1,0.8330055629044678,probability_native,0.8330055629044678,u_e53d62724f244a02,1,2,official,principal
3654,0,1,0.6331466758881589,probability_native,0.6331466758881589,u_e53d62724f244a02,1,2,official,principal
568,1,1,0.8255030970316379,probability_native,0.8255030970316379,u_e53d62724f244a02,1,2,official,principal
5586,0,0,0.16583959844223803,probability_native,0.16583959844223803,u_e53d62724f244a02,1,2,official,principal
1656,0,0,0.4546030562157783,probability_native,0.4546030562157783,u_e53d62724f244a02,1,2,official,principal
4257,0,1,0.6723823827000861,probability_native,0.6723823827000861,u_e53d62724f244a02,1,2,official,principal
304,0,1,0.5661631074183974,probability_native,0.5661631074183974,u_e53d62724f244a02,1,2,official,principal
5239,0,0,0.23781795054359503,probability_native,0.23781795054359503,u_e53d62724f244a02,1,2,official,principal
2624,0,0,0.4400818867486713,probability_native,0.4400818867486713,u_e53d62724f244a02,1,2,official,principal
4586,0,0,0.15222253781984732,probability_native,0.15222253781984732,u_e53d62724f244a02,1,2,official,principal
939,0,0,0.3459446985698305,probability_native,0.3459446985698305,u_e53d62724f244a02,1,2,official,principal
4915,0,1,0.5937462480829241,probability_native,0.5937462480829241,u_e53d62724f244a02,1,2,official,principal
5846,0,1,0.8227163365407524,probability_native,0.8227163365407524,u_e53d62724f244a02,1,2,official,principal
4036,0,0,0.3376890169255558,probability_native,0.3376890169255558,u_e53d62724f244a02,1,2,official,principal
6235,1,0,0.4290668085677827,probability_native,0.4290668085677827,u_e53d62724f244a02,1,2,official,principal
4314,1,1,0.8610120947028643,probability_native,0.8610120947028643,u_e53d62724f244a02,1,2,official,principal
2545,0,0,0.09941922675717725,probability_native,0.09941922675717725,u_e53d62724f244a02,1,2,official,principal
6006,0,0,0.4063189203906993,probability_native,0.4063189203906993,u_e53d62724f244a02,1,2,official,principal
1492,1,1,0.843962532501472,probability_native,0.843962532501472,u_e53d62724f244a02,1,2,official,principal
4332,0,0,0.04514948367807987,probability_native,0.04514948367807987,u_e53d62724f244a02,1,2,official,principal
4093,0,1,0.6936979926322887,probability_native,0.6936979926322887,u_e53d62724f244a02,1,2,official,principal
6696,0,1,0.8294275317149566,probability_native,0.8294275317149566,u_e53d62724f244a02,1,2,official,principal
