row_id,y_true,y_pred,score_positive,score_type,probability_native,unit_id,outer_fold,replicate,purpose,variant
3151,0,0,0.4292309582233429,probability_native,0.4292309582233429,u_dc0b6ecfbf620e7c,4,2,official,principal
3867,0,0,0.08561154454946518,probability_native,0.08561154454946518,u_dc0b6ecfbf620e7c,4,2,official,principal
6950,0,0,0.4722302258014679,probability_native,0.4722302258014679,u_dc0b6ecfbf620e7c,4,2,official,principal
11,0,0,0.053668148815631866,probability_native,0.053668148815631866,u_dc0b6ecfbf620e7c,4,2,official,principal
6271,0,0,0.26525765657424927,probability_native,0.26525765657424927,u_dc0b6ecfbf620e7c,4,2,official,principal
3741,0,0,0.056321173906326294,probability_native,0.056321173906326294,u_dc0b6ecfbf620e7c,4,2,official,principal
622,0,0,0.3472517728805542,probability_native,0.3472517728805542,u_dc0b6ecfbf620e7c,4,2,official,principal
6969,1,1,0.5810379981994629,probability_native,0.5810379981994629,u_dc0b6ecfbf620e7c,4,2,official,principal
1056,1,1,0.8566777110099792,probability_native,0.8566777110099792,u_dc0b6ecfbf620e7c,4,2,official,principal
2582,0,1,0.8081710934638977,probability_native,0.8081710934638977,u_dc0b6ecfbf620e7c,4,2,official,principal
4805,0,0,0.028409801423549652,probability_native,0.028409801423549652,u_dc0b6ecfbf620e7c,4,2,official,principal
5488,0,0,0.2671370208263397,probability_native,0.2671370208263397,u_dc0b6ecfbf620e7c,4,2,official,principal
4392,0,0,0.47419804334640503,probability_native,0.47419804334640503,u_dc0b6ecfbf620e7c,4,2,official,principal
3887,1,1,0.6895005106925964,probability_native,0.6895005106925964,u_dc0b6ecfbf620e7c,4,2,official,principal
2652,0,1,0.6708871722221375,probability_native,0.6708871722221375,u_dc0b6ecfbf620e7c,4,2,official,principal
3420,0,0,0.3238005042076111,probability_native,0.3238005042076111,u_dc0b6ecfbf620e7c,4,2,official,principal
6148,0,0,0.03819400072097778,probability_native,0.03819400072097778,u_dc0b6ecfbf620e7c,4,2,official,principal
6385,1,1,0.8585572838783264,probability_native,0.8585572838783264,u_dc0b6ecfbf620e7c,4,2,official,principal
4428,1,1,0.6422010064125061,probability_native,0.6422010064125061,u_dc0b6ecfbf620e7c,4,2,official,principal
3214,0,0,0.2703944444656372,probability_native,0.2703944444656372,u_dc0b6ecfbf620e7c,4,2,official,principal
5859,0,0,0.035196226090192795,probability_native,0.035196226090192795,u_dc0b6ecfbf620e7c,4,2,official,principal
288,1,1,0.8093390464782715,probability_native,0.8093390464782715,u_dc0b6ecfbf620e7c,4,2,official,principal
2487,0,0,0.15786446630954742,probability_native,0.15786446630954742,u_dc0b6ecfbf620e7c,4,2,official,principal
3402,1,1,0.8651570677757263,probability_native,0.8651570677757263,u_dc0b6ecfbf620e7c,4,2,official,principal
6941,0,0,0.05923843756318092,probability_native,0.05923843756318092,u_dc0b6ecfbf620e7c,4,2,official,principal
4472,0,0,0.04808443784713745,probability_native,0.04808443784713745,u_dc0b6ecfbf620e7c,4,2,official,principal
1489,0,0,0.05323321372270584,probability_native,0.05323321372270584,u_dc0b6ecfbf620e7c,4,2,official,principal
4818,0,0,0.10895075649023056,probability_native,0.10895075649023056,u_dc0b6ecfbf620e7c,4,2,official,principal
1418,0,0,0.4424891173839569,probability_native,0.4424891173839569,u_dc0b6ecfbf620e7c,4,2,official,principal
4976,0,0,0.0687270313501358,probability_native,0.0687270313501358,u_dc0b6ecfbf620e7c,4,2,official,principal
2485,1,1,0.8194732069969177,probability_native,0.8194732069969177,u_dc0b6ecfbf620e7c,4,2,official,principal
2527,1,1,0.8365917801856995,probability_native,0.8365917801856995,u_dc0b6ecfbf620e7c,4,2,official,principal
2304,0,0,0.2228207141160965,probability_native,0.2228207141160965,u_dc0b6ecfbf620e7c,4,2,official,principal
1032,1,1,0.8519532084465027,probability_native,0.8519532084465027,u_dc0b6ecfbf620e7c,4,2,official,principal
5896,0,0,0.03950417414307594,probability_native,0.03950417414307594,u_dc0b6ecfbf620e7c,4,2,official,principal
5068,0,0,0.04875895753502846,probability_native,0.04875895753502846,u_dc0b6ecfbf620e7c,4,2,official,principal
4019,1,1,0.8480691909790039,probability_native,0.8480691909790039,u_dc0b6ecfbf620e7c,4,2,official,principal
641,1,0,0.33905354142189026,probability_native,0.33905354142189026,u_dc0b6ecfbf620e7c,4,2,official,principal
6264,0,0,0.11471614241600037,probability_native,0.11471614241600037,u_dc0b6ecfbf620e7c,4,2,official,principal
5287,0,1,0.5863519906997681,probability_native,0.5863519906997681,u_dc0b6ecfbf620e7c,4,2,official,principal
3785,1,1,0.8334127068519592,probability_native,0.8334127068519592,u_dc0b6ecfbf620e7c,4,2,official,principal
1465,0,1,0.7523894309997559,probability_native,0.7523894309997559,u_dc0b6ecfbf620e7c,4,2,official,principal
5511,0,0,0.059835564345121384,probability_native,0.059835564345121384,u_dc0b6ecfbf620e7c,4,2,official,principal
690,0,1,0.6146633625030518,probability_native,0.6146633625030518,u_dc0b6ecfbf620e7c,4,2,official,principal
4660,1,0,0.262227326631546,probability_native,0.262227326631546,u_dc0b6ecfbf620e7c,4,2,official,principal
2616,1,1,0.5081096291542053,probability_native,0.5081096291542053,u_dc0b6ecfbf620e7c,4,2,official,principal
2443,0,0,0.05279926955699921,probability_native,0.05279926955699921,u_dc0b6ecfbf620e7c,4,2,official,principal
6003,0,0,0.035196226090192795,probability_native,0.035196226090192795,u_dc0b6ecfbf620e7c,4,2,official,principal
4484,0,1,0.8693271279335022,probability_native,0.8693271279335022,u_dc0b6ecfbf620e7c,4,2,official,principal
1102,1,1,0.5346731543540955,probability_native,0.5346731543540955,u_dc0b6ecfbf620e7c,4,2,official,principal
6788,0,0,0.08796919882297516,probability_native,0.08796919882297516,u_dc0b6ecfbf620e7c,4,2,official,principal
2147,0,0,0.29925623536109924,probability_native,0.29925623536109924,u_dc0b6ecfbf620e7c,4,2,official,principal
6102,0,0,0.055700454860925674,probability_native,0.055700454860925674,u_dc0b6ecfbf620e7c,4,2,official,principal
3683,0,0,0.0313708670437336,probability_native,0.0313708670437336,u_dc0b6ecfbf620e7c,4,2,official,principal
2671,0,1,0.5942521691322327,probability_native,0.5942521691322327,u_dc0b6ecfbf620e7c,4,2,official,principal
3838,0,1,0.674139142036438,probability_native,0.674139142036438,u_dc0b6ecfbf620e7c,4,2,official,principal
3246,1,1,0.5273533463478088,probability_native,0.5273533463478088,u_dc0b6ecfbf620e7c,4,2,official,principal
5385,1,0,0.4669061601161957,probability_native,0.4669061601161957,u_dc0b6ecfbf620e7c,4,2,official,principal
3748,0,0,0.05454067513346672,probability_native,0.05454067513346672,u_dc0b6ecfbf620e7c,4,2,official,principal
1896,0,0,0.20763470232486725,probability_native,0.20763470232486725,u_dc0b6ecfbf620e7c,4,2,official,principal
4337,0,1,0.5773686170578003,probability_native,0.5773686170578003,u_dc0b6ecfbf620e7c,4,2,official,principal
3745,1,1,0.8485106825828552,probability_native,0.8485106825828552,u_dc0b6ecfbf620e7c,4,2,official,principal
4429,0,0,0.02181325852870941,probability_native,0.02181325852870941,u_dc0b6ecfbf620e7c,4,2,official,principal
3298,0,0,0.37029916048049927,probability_native,0.37029916048049927,u_dc0b6ecfbf620e7c,4,2,official,principal
2045,0,0,0.22810553014278412,probability_native,0.22810553014278412,u_dc0b6ecfbf620e7c,4,2,official,principal
6297,0,0,0.16835084557533264,probability_native,0.16835084557533264,u_dc0b6ecfbf620e7c,4,2,official,principal
3811,0,1,0.5143007636070251,probability_native,0.5143007636070251,u_dc0b6ecfbf620e7c,4,2,official,principal
2572,0,0,0.03811848536133766,probability_native,0.03811848536133766,u_dc0b6ecfbf620e7c,4,2,official,principal
6581,0,0,0.10394307971000671,probability_native,0.10394307971000671,u_dc0b6ecfbf620e7c,4,2,official,principal
5600,1,1,0.7301569581031799,probability_native,0.7301569581031799,u_dc0b6ecfbf620e7c,4,2,official,principal
4908,1,1,0.7560034394264221,probability_native,0.7560034394264221,u_dc0b6ecfbf620e7c,4,2,official,principal
5517,0,0,0.1060173436999321,probability_native,0.1060173436999321,u_dc0b6ecfbf620e7c,4,2,official,principal
6513,0,0,0.3258000314235687,probability_native,0.3258000314235687,u_dc0b6ecfbf620e7c,4,2,official,principal
5648,0,0,0.20150604844093323,probability_native,0.20150604844093323,u_dc0b6ecfbf620e7c,4,2,official,principal
4718,0,0,0.10103631764650345,probability_native,0.10103631764650345,u_dc0b6ecfbf620e7c,4,2,official,principal
682,0,1,0.5012609362602234,probability_native,0.5012609362602234,u_dc0b6ecfbf620e7c,4,2,official,principal
5616,0,0,0.1675524264574051,probability_native,0.1675524264574051,u_dc0b6ecfbf620e7c,4,2,official,principal
414,0,0,0.4808773994445801,probability_native,0.4808773994445801,u_dc0b6ecfbf620e7c,4,2,official,principal
6214,0,0,0.03710789605975151,probability_native,0.03710789605975151,u_dc0b6ecfbf620e7c,4,2,official,principal
5196,0,0,0.27717965841293335,probability_native,0.27717965841293335,u_dc0b6ecfbf620e7c,4,2,official,principal
1821,1,1,0.5799037218093872,probability_native,0.5799037218093872,u_dc0b6ecfbf620e7c,4,2,official,principal
5679,1,1,0.8582487106323242,probability_native,0.8582487106323242,u_dc0b6ecfbf620e7c,4,2,official,principal
1169,0,0,0.189364954829216,probability_native,0.189364954829216,u_dc0b6ecfbf620e7c,4,2,official,principal
2737,0,0,0.3880367577075958,probability_native,0.3880367577075958,u_dc0b6ecfbf620e7c,4,2,official,principal
6521,0,0,0.02939927577972412,probability_native,0.02939927577972412,u_dc0b6ecfbf620e7c,4,2,official,principal
4790,0,1,0.6905258297920227,probability_native,0.6905258297920227,u_dc0b6ecfbf620e7c,4,2,official,principal
872,0,0,0.0296471044421196,probability_native,0.0296471044421196,u_dc0b6ecfbf620e7c,4,2,official,principal
4574,0,0,0.2816680073738098,probability_native,0.2816680073738098,u_dc0b6ecfbf620e7c,4,2,official,principal
1028,1,1,0.7032151222229004,probability_native,0.7032151222229004,u_dc0b6ecfbf620e7c,4,2,official,principal
3245,1,0,0.3998899459838867,probability_native,0.3998899459838867,u_dc0b6ecfbf620e7c,4,2,official,principal
3156,0,0,0.10667655616998672,probability_native,0.10667655616998672,u_dc0b6ecfbf620e7c,4,2,official,principal
889,1,0,0.4236912429332733,probability_native,0.4236912429332733,u_dc0b6ecfbf620e7c,4,2,official,principal
579,0,1,0.5010756254196167,probability_native,0.5010756254196167,u_dc0b6ecfbf620e7c,4,2,official,principal
6411,0,1,0.7718599438667297,probability_native,0.7718599438667297,u_dc0b6ecfbf620e7c,4,2,official,principal
1970,1,1,0.8433739542961121,probability_native,0.8433739542961121,u_dc0b6ecfbf620e7c,4,2,official,principal
3566,0,0,0.20984704792499542,probability_native,0.20984704792499542,u_dc0b6ecfbf620e7c,4,2,official,principal
2188,0,0,0.4464949667453766,probability_native,0.4464949667453766,u_dc0b6ecfbf620e7c,4,2,official,principal
2984,0,0,0.0732184648513794,probability_native,0.0732184648513794,u_dc0b6ecfbf620e7c,4,2,official,principal
2023,1,1,0.8494271636009216,probability_native,0.8494271636009216,u_dc0b6ecfbf620e7c,4,2,official,principal
5584,1,1,0.7335449457168579,probability_native,0.7335449457168579,u_dc0b6ecfbf620e7c,4,2,official,principal
5677,0,0,0.24156726896762848,probability_native,0.24156726896762848,u_dc0b6ecfbf620e7c,4,2,official,principal
3913,0,0,0.023909129202365875,probability_native,0.023909129202365875,u_dc0b6ecfbf620e7c,4,2,official,principal
4550,0,0,0.023425638675689697,probability_native,0.023425638675689697,u_dc0b6ecfbf620e7c,4,2,official,principal
1621,1,1,0.7318594455718994,probability_native,0.7318594455718994,u_dc0b6ecfbf620e7c,4,2,official,principal
2173,0,1,0.7885178923606873,probability_native,0.7885178923606873,u_dc0b6ecfbf620e7c,4,2,official,principal
2726,0,0,0.028393642976880074,probability_native,0.028393642976880074,u_dc0b6ecfbf620e7c,4,2,official,principal
3606,0,1,0.5439148545265198,probability_native,0.5439148545265198,u_dc0b6ecfbf620e7c,4,2,official,principal
6728,0,0,0.1455482542514801,probability_native,0.1455482542514801,u_dc0b6ecfbf620e7c,4,2,official,principal
4014,0,0,0.35680443048477173,probability_native,0.35680443048477173,u_dc0b6ecfbf620e7c,4,2,official,principal
3855,0,0,0.14268802106380463,probability_native,0.14268802106380463,u_dc0b6ecfbf620e7c,4,2,official,principal
61,0,1,0.5642340183258057,probability_native,0.5642340183258057,u_dc0b6ecfbf620e7c,4,2,official,principal
6329,0,0,0.20096933841705322,probability_native,0.20096933841705322,u_dc0b6ecfbf620e7c,4,2,official,principal
1000,1,1,0.8596317172050476,probability_native,0.8596317172050476,u_dc0b6ecfbf620e7c,4,2,official,principal
1598,0,0,0.03312196955084801,probability_native,0.03312196955084801,u_dc0b6ecfbf620e7c,4,2,official,principal
5482,1,0,0.1265030801296234,probability_native,0.1265030801296234,u_dc0b6ecfbf620e7c,4,2,official,principal
3390,0,0,0.062268298119306564,probability_native,0.062268298119306564,u_dc0b6ecfbf620e7c,4,2,official,principal
4541,1,1,0.6846579313278198,probability_native,0.6846579313278198,u_dc0b6ecfbf620e7c,4,2,official,principal
4085,0,0,0.1638053059577942,probability_native,0.1638053059577942,u_dc0b6ecfbf620e7c,4,2,official,principal
5984,1,1,0.8334127068519592,probability_native,0.8334127068519592,u_dc0b6ecfbf620e7c,4,2,official,principal
6640,0,0,0.055054109543561935,probability_native,0.055054109543561935,u_dc0b6ecfbf620e7c,4,2,official,principal
5432,1,1,0.6002281904220581,probability_native,0.6002281904220581,u_dc0b6ecfbf620e7c,4,2,official,principal
6085,1,1,0.6777311563491821,probability_native,0.6777311563491821,u_dc0b6ecfbf620e7c,4,2,official,principal
1121,0,0,0.1441803276538849,probability_native,0.1441803276538849,u_dc0b6ecfbf620e7c,4,2,official,principal
5810,1,1,0.718864381313324,probability_native,0.718864381313324,u_dc0b6ecfbf620e7c,4,2,official,principal
1994,0,0,0.0723070427775383,probability_native,0.0723070427775383,u_dc0b6ecfbf620e7c,4,2,official,principal
850,0,0,0.08018585294485092,probability_native,0.08018585294485092,u_dc0b6ecfbf620e7c,4,2,official,principal
6600,1,0,0.39807888865470886,probability_native,0.39807888865470886,u_dc0b6ecfbf620e7c,4,2,official,principal
5334,1,0,0.1716293841600418,probability_native,0.1716293841600418,u_dc0b6ecfbf620e7c,4,2,official,principal
5323,0,0,0.30405282974243164,probability_native,0.30405282974243164,u_dc0b6ecfbf620e7c,4,2,official,principal
3177,0,0,0.01691620610654354,probability_native,0.01691620610654354,u_dc0b6ecfbf620e7c,4,2,official,principal
845,0,0,0.06866827607154846,probability_native,0.06866827607154846,u_dc0b6ecfbf620e7c,4,2,official,principal
3190,0,0,0.04307038336992264,probability_native,0.04307038336992264,u_dc0b6ecfbf620e7c,4,2,official,principal
5720,0,0,0.3826550543308258,probability_native,0.3826550543308258,u_dc0b6ecfbf620e7c,4,2,official,principal
7019,0,0,0.03653791919350624,probability_native,0.03653791919350624,u_dc0b6ecfbf620e7c,4,2,official,principal
942,0,1,0.5891956090927124,probability_native,0.5891956090927124,u_dc0b6ecfbf620e7c,4,2,official,principal
1609,0,0,0.3162911832332611,probability_native,0.3162911832332611,u_dc0b6ecfbf620e7c,4,2,official,principal
2311,0,0,0.4467678666114807,probability_native,0.4467678666114807,u_dc0b6ecfbf620e7c,4,2,official,principal
3835,0,0,0.04682144895195961,probability_native,0.04682144895195961,u_dc0b6ecfbf620e7c,4,2,official,principal
766,0,1,0.5849916338920593,probability_native,0.5849916338920593,u_dc0b6ecfbf620e7c,4,2,official,principal
3358,0,0,0.17331920564174652,probability_native,0.17331920564174652,u_dc0b6ecfbf620e7c,4,2,official,principal
5552,0,0,0.05015195161104202,probability_native,0.05015195161104202,u_dc0b6ecfbf620e7c,4,2,official,principal
1589,0,1,0.6401788592338562,probability_native,0.6401788592338562,u_dc0b6ecfbf620e7c,4,2,official,principal
3765,0,0,0.41464999318122864,probability_native,0.41464999318122864,u_dc0b6ecfbf620e7c,4,2,official,principal
6829,0,0,0.024978408589959145,probability_native,0.024978408589959145,u_dc0b6ecfbf620e7c,4,2,official,principal
1160,0,1,0.6656472086906433,probability_native,0.6656472086906433,u_dc0b6ecfbf620e7c,4,2,official,principal
2904,1,0,0.4449487328529358,probability_native,0.4449487328529358,u_dc0b6ecfbf620e7c,4,2,official,principal
1152,0,0,0.4462113678455353,probability_native,0.4462113678455353,u_dc0b6ecfbf620e7c,4,2,official,principal
4324,0,0,0.29219570755958557,probability_native,0.29219570755958557,u_dc0b6ecfbf620e7c,4,2,official,principal
3791,0,1,0.8466147780418396,probability_native,0.8466147780418396,u_dc0b6ecfbf620e7c,4,2,official,principal
279,0,0,0.4979498088359833,probability_native,0.4979498088359833,u_dc0b6ecfbf620e7c,4,2,official,principal
1902,0,0,0.020429130643606186,probability_native,0.020429130643606186,u_dc0b6ecfbf620e7c,4,2,official,principal
1865,0,1,0.5118516683578491,probability_native,0.5118516683578491,u_dc0b6ecfbf620e7c,4,2,official,principal
1139,0,0,0.05900963768362999,probability_native,0.05900963768362999,u_dc0b6ecfbf620e7c,4,2,official,principal
6173,0,0,0.31358852982521057,probability_native,0.31358852982521057,u_dc0b6ecfbf620e7c,4,2,official,principal
1415,0,0,0.22897201776504517,probability_native,0.22897201776504517,u_dc0b6ecfbf620e7c,4,2,official,principal
4716,0,0,0.03254110738635063,probability_native,0.03254110738635063,u_dc0b6ecfbf620e7c,4,2,official,principal
2707,1,1,0.8143582940101624,probability_native,0.8143582940101624,u_dc0b6ecfbf620e7c,4,2,official,principal
343,0,0,0.07202830910682678,probability_native,0.07202830910682678,u_dc0b6ecfbf620e7c,4,2,official,principal
769,0,0,0.0896407812833786,probability_native,0.0896407812833786,u_dc0b6ecfbf620e7c,4,2,official,principal
5606,0,0,0.09557341039180756,probability_native,0.09557341039180756,u_dc0b6ecfbf620e7c,4,2,official,principal
5995,0,0,0.05138266831636429,probability_native,0.05138266831636429,u_dc0b6ecfbf620e7c,4,2,official,principal
2131,0,0,0.02485685981810093,probability_native,0.02485685981810093,u_dc0b6ecfbf620e7c,4,2,official,principal
883,0,0,0.3162911832332611,probability_native,0.3162911832332611,u_dc0b6ecfbf620e7c,4,2,official,principal
4282,0,0,0.2397414743900299,probability_native,0.2397414743900299,u_dc0b6ecfbf620e7c,4,2,official,principal
2252,0,0,0.04603172466158867,probability_native,0.04603172466158867,u_dc0b6ecfbf620e7c,4,2,official,principal
2917,0,0,0.037218596786260605,probability_native,0.037218596786260605,u_dc0b6ecfbf620e7c,4,2,official,principal
6254,0,0,0.15693487226963043,probability_native,0.15693487226963043,u_dc0b6ecfbf620e7c,4,2,official,principal
2317,0,0,0.025274550542235374,probability_native,0.025274550542235374,u_dc0b6ecfbf620e7c,4,2,official,principal
6116,0,0,0.15541845560073853,probability_native,0.15541845560073853,u_dc0b6ecfbf620e7c,4,2,official,principal
2344,0,0,0.05490661412477493,probability_native,0.05490661412477493,u_dc0b6ecfbf620e7c,4,2,official,principal
3143,0,0,0.4180524945259094,probability_native,0.4180524945259094,u_dc0b6ecfbf620e7c,4,2,official,principal
6828,0,0,0.03406842425465584,probability_native,0.03406842425465584,u_dc0b6ecfbf620e7c,4,2,official,principal
1643,0,1,0.5870723128318787,probability_native,0.5870723128318787,u_dc0b6ecfbf620e7c,4,2,official,principal
2396,0,0,0.13534556329250336,probability_native,0.13534556329250336,u_dc0b6ecfbf620e7c,4,2,official,principal
5439,1,1,0.6052297353744507,probability_native,0.6052297353744507,u_dc0b6ecfbf620e7c,4,2,official,principal
5159,0,1,0.825406014919281,probability_native,0.825406014919281,u_dc0b6ecfbf620e7c,4,2,official,principal
867,0,0,0.4765147864818573,probability_native,0.4765147864818573,u_dc0b6ecfbf620e7c,4,2,official,principal
3209,1,1,0.8844414353370667,probability_native,0.8844414353370667,u_dc0b6ecfbf620e7c,4,2,official,principal
3106,0,0,0.036733806133270264,probability_native,0.036733806133270264,u_dc0b6ecfbf620e7c,4,2,official,principal
4874,1,0,0.3040037453174591,probability_native,0.3040037453174591,u_dc0b6ecfbf620e7c,4,2,official,principal
742,1,1,0.6915055513381958,probability_native,0.6915055513381958,u_dc0b6ecfbf620e7c,4,2,official,principal
4176,0,0,0.04889969900250435,probability_native,0.04889969900250435,u_dc0b6ecfbf620e7c,4,2,official,principal
2589,1,1,0.8692622780799866,probability_native,0.8692622780799866,u_dc0b6ecfbf620e7c,4,2,official,principal
4288,1,1,0.8058199286460876,probability_native,0.8058199286460876,u_dc0b6ecfbf620e7c,4,2,official,principal
5917,0,0,0.41146695613861084,probability_native,0.41146695613861084,u_dc0b6ecfbf620e7c,4,2,official,principal
1537,0,0,0.07720853388309479,probability_native,0.07720853388309479,u_dc0b6ecfbf620e7c,4,2,official,principal
6775,0,0,0.11995260417461395,probability_native,0.11995260417461395,u_dc0b6ecfbf620e7c,4,2,official,principal
3277,0,0,0.044443126767873764,probability_native,0.044443126767873764,u_dc0b6ecfbf620e7c,4,2,official,principal
5650,0,0,0.06113576889038086,probability_native,0.06113576889038086,u_dc0b6ecfbf620e7c,4,2,official,principal
4837,1,1,0.8540731072425842,probability_native,0.8540731072425842,u_dc0b6ecfbf620e7c,4,2,official,principal
6168,1,1,0.872298538684845,probability_native,0.872298538684845,u_dc0b6ecfbf620e7c,4,2,official,principal
4796,0,0,0.2988224923610687,probability_native,0.2988224923610687,u_dc0b6ecfbf620e7c,4,2,official,principal
1928,1,0,0.1576814502477646,probability_native,0.1576814502477646,u_dc0b6ecfbf620e7c,4,2,official,principal
5,1,1,0.8739298582077026,probability_native,0.8739298582077026,u_dc0b6ecfbf620e7c,4,2,official,principal
4548,1,1,0.5616432428359985,probability_native,0.5616432428359985,u_dc0b6ecfbf620e7c,4,2,official,principal
5498,1,1,0.7256829738616943,probability_native,0.7256829738616943,u_dc0b6ecfbf620e7c,4,2,official,principal
1430,0,0,0.08491897583007812,probability_native,0.08491897583007812,u_dc0b6ecfbf620e7c,4,2,official,principal
6472,0,0,0.1088145524263382,probability_native,0.1088145524263382,u_dc0b6ecfbf620e7c,4,2,official,principal
727,0,1,0.8288902640342712,probability_native,0.8288902640342712,u_dc0b6ecfbf620e7c,4,2,official,principal
4168,0,0,0.056561872363090515,probability_native,0.056561872363090515,u_dc0b6ecfbf620e7c,4,2,official,principal
6653,0,0,0.34255072474479675,probability_native,0.34255072474479675,u_dc0b6ecfbf620e7c,4,2,official,principal
932,0,0,0.01538442075252533,probability_native,0.01538442075252533,u_dc0b6ecfbf620e7c,4,2,official,principal
6836,1,1,0.8423240780830383,probability_native,0.8423240780830383,u_dc0b6ecfbf620e7c,4,2,official,principal
5640,1,1,0.8515090942382812,probability_native,0.8515090942382812,u_dc0b6ecfbf620e7c,4,2,official,principal
3267,0,0,0.04508087411522865,probability_native,0.04508087411522865,u_dc0b6ecfbf620e7c,4,2,official,principal
3183,1,1,0.6183887124061584,probability_native,0.6183887124061584,u_dc0b6ecfbf620e7c,4,2,official,principal
4534,0,1,0.6118260622024536,probability_native,0.6118260622024536,u_dc0b6ecfbf620e7c,4,2,official,principal
6072,0,0,0.15492944419384003,probability_native,0.15492944419384003,u_dc0b6ecfbf620e7c,4,2,official,principal
5209,0,0,0.0909482091665268,probability_native,0.0909482091665268,u_dc0b6ecfbf620e7c,4,2,official,principal
5230,0,0,0.07844739407300949,probability_native,0.07844739407300949,u_dc0b6ecfbf620e7c,4,2,official,principal
6532,0,0,0.07798963785171509,probability_native,0.07798963785171509,u_dc0b6ecfbf620e7c,4,2,official,principal
1759,0,0,0.1706579178571701,probability_native,0.1706579178571701,u_dc0b6ecfbf620e7c,4,2,official,principal
5703,0,0,0.028433069586753845,probability_native,0.028433069586753845,u_dc0b6ecfbf620e7c,4,2,official,principal
4302,0,0,0.1497221440076828,probability_native,0.1497221440076828,u_dc0b6ecfbf620e7c,4,2,official,principal
1027,0,0,0.1626703292131424,probability_native,0.1626703292131424,u_dc0b6ecfbf620e7c,4,2,official,principal
3809,0,0,0.07350378483533859,probability_native,0.07350378483533859,u_dc0b6ecfbf620e7c,4,2,official,principal
3319,1,1,0.6554285883903503,probability_native,0.6554285883903503,u_dc0b6ecfbf620e7c,4,2,official,principal
6077,0,0,0.1080545037984848,probability_native,0.1080545037984848,u_dc0b6ecfbf620e7c,4,2,official,principal
4948,0,1,0.5328007936477661,probability_native,0.5328007936477661,u_dc0b6ecfbf620e7c,4,2,official,principal
921,0,0,0.23568208515644073,probability_native,0.23568208515644073,u_dc0b6ecfbf620e7c,4,2,official,principal
3618,0,0,0.2950130105018616,probability_native,0.2950130105018616,u_dc0b6ecfbf620e7c,4,2,official,principal
452,0,0,0.3222734332084656,probability_native,0.3222734332084656,u_dc0b6ecfbf620e7c,4,2,official,principal
5919,0,0,0.047745343297719955,probability_native,0.047745343297719955,u_dc0b6ecfbf620e7c,4,2,official,principal
4306,0,0,0.3376178443431854,probability_native,0.3376178443431854,u_dc0b6ecfbf620e7c,4,2,official,principal
774,1,0,0.48871299624443054,probability_native,0.48871299624443054,u_dc0b6ecfbf620e7c,4,2,official,principal
4920,0,0,0.024047521874308586,probability_native,0.024047521874308586,u_dc0b6ecfbf620e7c,4,2,official,principal
3410,1,1,0.5328007936477661,probability_native,0.5328007936477661,u_dc0b6ecfbf620e7c,4,2,official,principal
1625,1,1,0.7058189511299133,probability_native,0.7058189511299133,u_dc0b6ecfbf620e7c,4,2,official,principal
2716,0,0,0.23026081919670105,probability_native,0.23026081919670105,u_dc0b6ecfbf620e7c,4,2,official,principal
2996,0,0,0.2975262403488159,probability_native,0.2975262403488159,u_dc0b6ecfbf620e7c,4,2,official,principal
4518,1,1,0.8429731726646423,probability_native,0.8429731726646423,u_dc0b6ecfbf620e7c,4,2,official,principal
178,0,1,0.7113062143325806,probability_native,0.7113062143325806,u_dc0b6ecfbf620e7c,4,2,official,principal
2920,0,0,0.020106619223952293,probability_native,0.020106619223952293,u_dc0b6ecfbf620e7c,4,2,official,principal
2238,0,1,0.8336960673332214,probability_native,0.8336960673332214,u_dc0b6ecfbf620e7c,4,2,official,principal
1378,0,0,0.2903164029121399,probability_native,0.2903164029121399,u_dc0b6ecfbf620e7c,4,2,official,principal
3023,0,0,0.015778250992298126,probability_native,0.015778250992298126,u_dc0b6ecfbf620e7c,4,2,official,principal
4885,0,0,0.16073209047317505,probability_native,0.16073209047317505,u_dc0b6ecfbf620e7c,4,2,official,principal
3191,0,0,0.4424770474433899,probability_native,0.4424770474433899,u_dc0b6ecfbf620e7c,4,2,official,principal
6547,0,0,0.08809444308280945,probability_native,0.08809444308280945,u_dc0b6ecfbf620e7c,4,2,official,principal
4763,0,1,0.5908451676368713,probability_native,0.5908451676368713,u_dc0b6ecfbf620e7c,4,2,official,principal
1341,1,1,0.6052451133728027,probability_native,0.6052451133728027,u_dc0b6ecfbf620e7c,4,2,official,principal
5763,0,1,0.8466147780418396,probability_native,0.8466147780418396,u_dc0b6ecfbf620e7c,4,2,official,principal
6814,0,0,0.38030752539634705,probability_native,0.38030752539634705,u_dc0b6ecfbf620e7c,4,2,official,principal
490,0,0,0.2083819955587387,probability_native,0.2083819955587387,u_dc0b6ecfbf620e7c,4,2,official,principal
5564,0,0,0.04645957052707672,probability_native,0.04645957052707672,u_dc0b6ecfbf620e7c,4,2,official,principal
6166,1,1,0.6630015969276428,probability_native,0.6630015969276428,u_dc0b6ecfbf620e7c,4,2,official,principal
397,1,0,0.4643510580062866,probability_native,0.4643510580062866,u_dc0b6ecfbf620e7c,4,2,official,principal
2583,0,0,0.03996853530406952,probability_native,0.03996853530406952,u_dc0b6ecfbf620e7c,4,2,official,principal
591,0,0,0.08890943974256516,probability_native,0.08890943974256516,u_dc0b6ecfbf620e7c,4,2,official,principal
3937,0,0,0.4167728126049042,probability_native,0.4167728126049042,u_dc0b6ecfbf620e7c,4,2,official,principal
2182,0,0,0.34746482968330383,probability_native,0.34746482968330383,u_dc0b6ecfbf620e7c,4,2,official,principal
6915,0,0,0.2828119695186615,probability_native,0.2828119695186615,u_dc0b6ecfbf620e7c,4,2,official,principal
3169,0,0,0.1416836529970169,probability_native,0.1416836529970169,u_dc0b6ecfbf620e7c,4,2,official,principal
3078,1,1,0.875472366809845,probability_native,0.875472366809845,u_dc0b6ecfbf620e7c,4,2,official,principal
3603,1,1,0.5457632541656494,probability_native,0.5457632541656494,u_dc0b6ecfbf620e7c,4,2,official,principal
4397,0,0,0.07403407990932465,probability_native,0.07403407990932465,u_dc0b6ecfbf620e7c,4,2,official,principal
4315,1,1,0.8512377738952637,probability_native,0.8512377738952637,u_dc0b6ecfbf620e7c,4,2,official,principal
5900,1,0,0.1094321608543396,probability_native,0.1094321608543396,u_dc0b6ecfbf620e7c,4,2,official,principal
6376,0,0,0.037170056253671646,probability_native,0.037170056253671646,u_dc0b6ecfbf620e7c,4,2,official,principal
4677,1,1,0.7576916217803955,probability_native,0.7576916217803955,u_dc0b6ecfbf620e7c,4,2,official,principal
2289,0,0,0.05944044142961502,probability_native,0.05944044142961502,u_dc0b6ecfbf620e7c,4,2,official,principal
4945,0,0,0.027384089305996895,probability_native,0.027384089305996895,u_dc0b6ecfbf620e7c,4,2,official,principal
84,0,0,0.04675119370222092,probability_native,0.04675119370222092,u_dc0b6ecfbf620e7c,4,2,official,principal
462,1,1,0.8018027544021606,probability_native,0.8018027544021606,u_dc0b6ecfbf620e7c,4,2,official,principal
4829,0,0,0.454582154750824,probability_native,0.454582154750824,u_dc0b6ecfbf620e7c,4,2,official,principal
5254,0,0,0.08784022927284241,probability_native,0.08784022927284241,u_dc0b6ecfbf620e7c,4,2,official,principal
3206,0,0,0.21266016364097595,probability_native,0.21266016364097595,u_dc0b6ecfbf620e7c,4,2,official,principal
4619,1,1,0.766800045967102,probability_native,0.766800045967102,u_dc0b6ecfbf620e7c,4,2,official,principal
1186,0,0,0.08447866886854172,probability_native,0.08447866886854172,u_dc0b6ecfbf620e7c,4,2,official,principal
2698,0,0,0.3935006260871887,probability_native,0.3935006260871887,u_dc0b6ecfbf620e7c,4,2,official,principal
2093,0,0,0.2197156697511673,probability_native,0.2197156697511673,u_dc0b6ecfbf620e7c,4,2,official,principal
3423,1,1,0.5751266479492188,probability_native,0.5751266479492188,u_dc0b6ecfbf620e7c,4,2,official,principal
3290,0,0,0.46288594603538513,probability_native,0.46288594603538513,u_dc0b6ecfbf620e7c,4,2,official,principal
1270,0,0,0.027944762259721756,probability_native,0.027944762259721756,u_dc0b6ecfbf620e7c,4,2,official,principal
5188,0,1,0.6741513013839722,probability_native,0.6741513013839722,u_dc0b6ecfbf620e7c,4,2,official,principal
119,0,0,0.36395400762557983,probability_native,0.36395400762557983,u_dc0b6ecfbf620e7c,4,2,official,principal
6410,0,0,0.07321415841579437,probability_native,0.07321415841579437,u_dc0b6ecfbf620e7c,4,2,official,principal
158,0,0,0.05166177079081535,probability_native,0.05166177079081535,u_dc0b6ecfbf620e7c,4,2,official,principal
1613,0,0,0.17320916056632996,probability_native,0.17320916056632996,u_dc0b6ecfbf620e7c,4,2,official,principal
2389,0,0,0.09148652106523514,probability_native,0.09148652106523514,u_dc0b6ecfbf620e7c,4,2,official,principal
5070,1,0,0.3584430515766144,probability_native,0.3584430515766144,u_dc0b6ecfbf620e7c,4,2,official,principal
536,0,0,0.4813084304332733,probability_native,0.4813084304332733,u_dc0b6ecfbf620e7c,4,2,official,principal
4214,1,1,0.8681679964065552,probability_native,0.8681679964065552,u_dc0b6ecfbf620e7c,4,2,official,principal
4878,0,0,0.39351320266723633,probability_native,0.39351320266723633,u_dc0b6ecfbf620e7c,4,2,official,principal
2283,1,1,0.8206429481506348,probability_native,0.8206429481506348,u_dc0b6ecfbf620e7c,4,2,official,principal
5962,0,0,0.4364390969276428,probability_native,0.4364390969276428,u_dc0b6ecfbf620e7c,4,2,official,principal
6475,0,0,0.21717417240142822,probability_native,0.21717417240142822,u_dc0b6ecfbf620e7c,4,2,official,principal
3272,1,1,0.7886379957199097,probability_native,0.7886379957199097,u_dc0b6ecfbf620e7c,4,2,official,principal
2712,0,0,0.31731152534484863,probability_native,0.31731152534484863,u_dc0b6ecfbf620e7c,4,2,official,principal
2267,0,0,0.09572775661945343,probability_native,0.09572775661945343,u_dc0b6ecfbf620e7c,4,2,official,principal
4962,0,0,0.17598871886730194,probability_native,0.17598871886730194,u_dc0b6ecfbf620e7c,4,2,official,principal
197,0,1,0.7030308842658997,probability_native,0.7030308842658997,u_dc0b6ecfbf620e7c,4,2,official,principal
2433,0,0,0.13193435966968536,probability_native,0.13193435966968536,u_dc0b6ecfbf620e7c,4,2,official,principal
2642,1,1,0.6649715304374695,probability_native,0.6649715304374695,u_dc0b6ecfbf620e7c,4,2,official,principal
651,1,1,0.8145847320556641,probability_native,0.8145847320556641,u_dc0b6ecfbf620e7c,4,2,official,principal
1951,0,0,0.29298266768455505,probability_native,0.29298266768455505,u_dc0b6ecfbf620e7c,4,2,official,principal
1020,0,0,0.11714710295200348,probability_native,0.11714710295200348,u_dc0b6ecfbf620e7c,4,2,official,principal
5216,1,0,0.08475324511528015,probability_native,0.08475324511528015,u_dc0b6ecfbf620e7c,4,2,official,principal
689,0,0,0.42287254333496094,probability_native,0.42287254333496094,u_dc0b6ecfbf620e7c,4,2,official,principal
3029,1,0,0.11899453401565552,probability_native,0.11899453401565552,u_dc0b6ecfbf620e7c,4,2,official,principal
3269,0,0,0.08188380300998688,probability_native,0.08188380300998688,u_dc0b6ecfbf620e7c,4,2,official,principal
2300,1,0,0.18650083243846893,probability_native,0.18650083243846893,u_dc0b6ecfbf620e7c,4,2,official,principal
4582,0,0,0.03453383967280388,probability_native,0.03453383967280388,u_dc0b6ecfbf620e7c,4,2,official,principal
1579,1,1,0.8059414625167847,probability_native,0.8059414625167847,u_dc0b6ecfbf620e7c,4,2,official,principal
6170,0,1,0.5663297772407532,probability_native,0.5663297772407532,u_dc0b6ecfbf620e7c,4,2,official,principal
5557,0,1,0.7791311740875244,probability_native,0.7791311740875244,u_dc0b6ecfbf620e7c,4,2,official,principal
1748,0,0,0.03279627487063408,probability_native,0.03279627487063408,u_dc0b6ecfbf620e7c,4,2,official,principal
1555,1,0,0.22504451870918274,probability_native,0.22504451870918274,u_dc0b6ecfbf620e7c,4,2,official,principal
5556,1,1,0.7751035690307617,probability_native,0.7751035690307617,u_dc0b6ecfbf620e7c,4,2,official,principal
445,1,1,0.739986002445221,probability_native,0.739986002445221,u_dc0b6ecfbf620e7c,4,2,official,principal
5952,0,0,0.48571428656578064,probability_native,0.48571428656578064,u_dc0b6ecfbf620e7c,4,2,official,principal
5942,1,1,0.6117467284202576,probability_native,0.6117467284202576,u_dc0b6ecfbf620e7c,4,2,official,principal
2382,0,0,0.06341549009084702,probability_native,0.06341549009084702,u_dc0b6ecfbf620e7c,4,2,official,principal
5529,0,0,0.3935006260871887,probability_native,0.3935006260871887,u_dc0b6ecfbf620e7c,4,2,official,principal
140,0,0,0.018483702093362808,probability_native,0.018483702093362808,u_dc0b6ecfbf620e7c,4,2,official,principal
2456,0,0,0.02721599116921425,probability_native,0.02721599116921425,u_dc0b6ecfbf620e7c,4,2,official,principal
5656,0,1,0.6657907366752625,probability_native,0.6657907366752625,u_dc0b6ecfbf620e7c,4,2,official,principal
3926,0,0,0.31565457582473755,probability_native,0.31565457582473755,u_dc0b6ecfbf620e7c,4,2,official,principal
2896,0,0,0.20276184380054474,probability_native,0.20276184380054474,u_dc0b6ecfbf620e7c,4,2,official,principal
2063,0,0,0.08347821235656738,probability_native,0.08347821235656738,u_dc0b6ecfbf620e7c,4,2,official,principal
5208,0,0,0.15054886043071747,probability_native,0.15054886043071747,u_dc0b6ecfbf620e7c,4,2,official,principal
4427,0,0,0.11069204658269882,probability_native,0.11069204658269882,u_dc0b6ecfbf620e7c,4,2,official,principal
6093,0,0,0.1497337520122528,probability_native,0.1497337520122528,u_dc0b6ecfbf620e7c,4,2,official,principal
2471,1,1,0.5621896386146545,probability_native,0.5621896386146545,u_dc0b6ecfbf620e7c,4,2,official,principal
5542,0,0,0.051822368055582047,probability_native,0.051822368055582047,u_dc0b6ecfbf620e7c,4,2,official,principal
3735,0,1,0.8700298070907593,probability_native,0.8700298070907593,u_dc0b6ecfbf620e7c,4,2,official,principal
3468,0,1,0.5096595883369446,probability_native,0.5096595883369446,u_dc0b6ecfbf620e7c,4,2,official,principal
5734,0,0,0.021221287548542023,probability_native,0.021221287548542023,u_dc0b6ecfbf620e7c,4,2,official,principal
644,0,0,0.3759031593799591,probability_native,0.3759031593799591,u_dc0b6ecfbf620e7c,4,2,official,principal
1972,0,1,0.5849018096923828,probability_native,0.5849018096923828,u_dc0b6ecfbf620e7c,4,2,official,principal
3509,0,1,0.702814519405365,probability_native,0.702814519405365,u_dc0b6ecfbf620e7c,4,2,official,principal
385,1,0,0.21155355870723724,probability_native,0.21155355870723724,u_dc0b6ecfbf620e7c,4,2,official,principal
6203,0,0,0.13715603947639465,probability_native,0.13715603947639465,u_dc0b6ecfbf620e7c,4,2,official,principal
6238,0,0,0.39181768894195557,probability_native,0.39181768894195557,u_dc0b6ecfbf620e7c,4,2,official,principal
3124,0,0,0.024796688929200172,probability_native,0.024796688929200172,u_dc0b6ecfbf620e7c,4,2,official,principal
291,0,0,0.0657174214720726,probability_native,0.0657174214720726,u_dc0b6ecfbf620e7c,4,2,official,principal
433,1,0,0.454582154750824,probability_native,0.454582154750824,u_dc0b6ecfbf620e7c,4,2,official,principal
2465,1,1,0.7209835052490234,probability_native,0.7209835052490234,u_dc0b6ecfbf620e7c,4,2,official,principal
5634,1,1,0.6467292904853821,probability_native,0.6467292904853821,u_dc0b6ecfbf620e7c,4,2,official,principal
4310,0,0,0.03331715241074562,probability_native,0.03331715241074562,u_dc0b6ecfbf620e7c,4,2,official,principal
3263,0,0,0.21587657928466797,probability_native,0.21587657928466797,u_dc0b6ecfbf620e7c,4,2,official,principal
3020,0,0,0.046857766807079315,probability_native,0.046857766807079315,u_dc0b6ecfbf620e7c,4,2,official,principal
181,0,1,0.6650290489196777,probability_native,0.6650290489196777,u_dc0b6ecfbf620e7c,4,2,official,principal
5895,0,0,0.27726423740386963,probability_native,0.27726423740386963,u_dc0b6ecfbf620e7c,4,2,official,principal
5365,0,0,0.0296471044421196,probability_native,0.0296471044421196,u_dc0b6ecfbf620e7c,4,2,official,principal
4080,0,0,0.025274550542235374,probability_native,0.025274550542235374,u_dc0b6ecfbf620e7c,4,2,official,principal
2734,0,0,0.20286531746387482,probability_native,0.20286531746387482,u_dc0b6ecfbf620e7c,4,2,official,principal
1354,1,1,0.7379466891288757,probability_native,0.7379466891288757,u_dc0b6ecfbf620e7c,4,2,official,principal
3734,0,0,0.14697568118572235,probability_native,0.14697568118572235,u_dc0b6ecfbf620e7c,4,2,official,principal
529,0,0,0.15913309156894684,probability_native,0.15913309156894684,u_dc0b6ecfbf620e7c,4,2,official,principal
3438,1,1,0.8062108159065247,probability_native,0.8062108159065247,u_dc0b6ecfbf620e7c,4,2,official,principal
6825,0,1,0.6925107836723328,probability_native,0.6925107836723328,u_dc0b6ecfbf620e7c,4,2,official,principal
1803,0,0,0.03670866787433624,probability_native,0.03670866787433624,u_dc0b6ecfbf620e7c,4,2,official,principal
3280,0,0,0.0665757805109024,probability_native,0.0665757805109024,u_dc0b6ecfbf620e7c,4,2,official,principal
6118,0,0,0.20966288447380066,probability_native,0.20966288447380066,u_dc0b6ecfbf620e7c,4,2,official,principal
6431,0,0,0.038638483732938766,probability_native,0.038638483732938766,u_dc0b6ecfbf620e7c,4,2,official,principal
2355,0,0,0.030424591153860092,probability_native,0.030424591153860092,u_dc0b6ecfbf620e7c,4,2,official,principal
2775,1,0,0.11246669292449951,probability_native,0.11246669292449951,u_dc0b6ecfbf620e7c,4,2,official,principal
4454,0,0,0.3513873815536499,probability_native,0.3513873815536499,u_dc0b6ecfbf620e7c,4,2,official,principal
23,0,0,0.05363309383392334,probability_native,0.05363309383392334,u_dc0b6ecfbf620e7c,4,2,official,principal
2528,1,1,0.780380129814148,probability_native,0.780380129814148,u_dc0b6ecfbf620e7c,4,2,official,principal
1737,0,1,0.5149545669555664,probability_native,0.5149545669555664,u_dc0b6ecfbf620e7c,4,2,official,principal
4564,1,1,0.5810379981994629,probability_native,0.5810379981994629,u_dc0b6ecfbf620e7c,4,2,official,principal
1831,0,0,0.20523793995380402,probability_native,0.20523793995380402,u_dc0b6ecfbf620e7c,4,2,official,principal
2104,1,1,0.7919047474861145,probability_native,0.7919047474861145,u_dc0b6ecfbf620e7c,4,2,official,principal
4311,1,1,0.5561290383338928,probability_native,0.5561290383338928,u_dc0b6ecfbf620e7c,4,2,official,principal
4883,1,1,0.5830374360084534,probability_native,0.5830374360084534,u_dc0b6ecfbf620e7c,4,2,official,principal
5915,0,0,0.04947155341506004,probability_native,0.04947155341506004,u_dc0b6ecfbf620e7c,4,2,official,principal
2980,0,0,0.026407167315483093,probability_native,0.026407167315483093,u_dc0b6ecfbf620e7c,4,2,official,principal
1358,0,1,0.6136630177497864,probability_native,0.6136630177497864,u_dc0b6ecfbf620e7c,4,2,official,principal
4191,0,1,0.6983367204666138,probability_native,0.6983367204666138,u_dc0b6ecfbf620e7c,4,2,official,principal
1597,0,0,0.09544207155704498,probability_native,0.09544207155704498,u_dc0b6ecfbf620e7c,4,2,official,principal
4414,0,0,0.14211785793304443,probability_native,0.14211785793304443,u_dc0b6ecfbf620e7c,4,2,official,principal
5491,0,0,0.25690868496894836,probability_native,0.25690868496894836,u_dc0b6ecfbf620e7c,4,2,official,principal
3149,0,0,0.32173964381217957,probability_native,0.32173964381217957,u_dc0b6ecfbf620e7c,4,2,official,principal
6912,0,1,0.8493014574050903,probability_native,0.8493014574050903,u_dc0b6ecfbf620e7c,4,2,official,principal
5494,1,1,0.6718727946281433,probability_native,0.6718727946281433,u_dc0b6ecfbf620e7c,4,2,official,principal
3877,1,0,0.18606126308441162,probability_native,0.18606126308441162,u_dc0b6ecfbf620e7c,4,2,official,principal
539,0,0,0.04746263846755028,probability_native,0.04746263846755028,u_dc0b6ecfbf620e7c,4,2,official,principal
4798,0,1,0.5223690271377563,probability_native,0.5223690271377563,u_dc0b6ecfbf620e7c,4,2,official,principal
1918,0,0,0.2527494728565216,probability_native,0.2527494728565216,u_dc0b6ecfbf620e7c,4,2,official,principal
144,0,0,0.04100501909852028,probability_native,0.04100501909852028,u_dc0b6ecfbf620e7c,4,2,official,principal
491,0,1,0.738964855670929,probability_native,0.738964855670929,u_dc0b6ecfbf620e7c,4,2,official,principal
2770,1,1,0.7631924748420715,probability_native,0.7631924748420715,u_dc0b6ecfbf620e7c,4,2,official,principal
6374,0,0,0.021774528548121452,probability_native,0.021774528548121452,u_dc0b6ecfbf620e7c,4,2,official,principal
2346,0,0,0.11192728579044342,probability_native,0.11192728579044342,u_dc0b6ecfbf620e7c,4,2,official,principal
6131,1,1,0.6268004179000854,probability_native,0.6268004179000854,u_dc0b6ecfbf620e7c,4,2,official,principal
3499,1,1,0.5810379981994629,probability_native,0.5810379981994629,u_dc0b6ecfbf620e7c,4,2,official,principal
6849,0,0,0.34843555092811584,probability_native,0.34843555092811584,u_dc0b6ecfbf620e7c,4,2,official,principal
5026,0,0,0.07009240239858627,probability_native,0.07009240239858627,u_dc0b6ecfbf620e7c,4,2,official,principal
1473,1,1,0.8130121231079102,probability_native,0.8130121231079102,u_dc0b6ecfbf620e7c,4,2,official,principal
3467,1,1,0.8596317172050476,probability_native,0.8596317172050476,u_dc0b6ecfbf620e7c,4,2,official,principal
4238,0,0,0.03537868335843086,probability_native,0.03537868335843086,u_dc0b6ecfbf620e7c,4,2,official,principal
4190,1,1,0.6744973063468933,probability_native,0.6744973063468933,u_dc0b6ecfbf620e7c,4,2,official,principal
3750,0,0,0.19111758470535278,probability_native,0.19111758470535278,u_dc0b6ecfbf620e7c,4,2,official,principal
2654,1,1,0.8724314570426941,probability_native,0.8724314570426941,u_dc0b6ecfbf620e7c,4,2,official,principal
5657,0,1,0.8062108159065247,probability_native,0.8062108159065247,u_dc0b6ecfbf620e7c,4,2,official,principal
4468,1,0,0.3720809817314148,probability_native,0.3720809817314148,u_dc0b6ecfbf620e7c,4,2,official,principal
5128,0,1,0.6647852659225464,probability_native,0.6647852659225464,u_dc0b6ecfbf620e7c,4,2,official,principal
6154,0,0,0.11210206151008606,probability_native,0.11210206151008606,u_dc0b6ecfbf620e7c,4,2,official,principal
3062,0,0,0.18479563295841217,probability_native,0.18479563295841217,u_dc0b6ecfbf620e7c,4,2,official,principal
4615,0,0,0.015911558642983437,probability_native,0.015911558642983437,u_dc0b6ecfbf620e7c,4,2,official,principal
4931,0,1,0.8177571892738342,probability_native,0.8177571892738342,u_dc0b6ecfbf620e7c,4,2,official,principal
875,0,1,0.65558260679245,probability_native,0.65558260679245,u_dc0b6ecfbf620e7c,4,2,official,principal
37,0,0,0.482970654964447,probability_native,0.482970654964447,u_dc0b6ecfbf620e7c,4,2,official,principal
6407,0,0,0.18221481144428253,probability_native,0.18221481144428253,u_dc0b6ecfbf620e7c,4,2,official,principal
3028,1,0,0.4518105387687683,probability_native,0.4518105387687683,u_dc0b6ecfbf620e7c,4,2,official,principal
1363,0,0,0.021634051576256752,probability_native,0.021634051576256752,u_dc0b6ecfbf620e7c,4,2,official,principal
731,0,0,0.2712804079055786,probability_native,0.2712804079055786,u_dc0b6ecfbf620e7c,4,2,official,principal
840,1,1,0.5430034399032593,probability_native,0.5430034399032593,u_dc0b6ecfbf620e7c,4,2,official,principal
2002,0,0,0.046445515006780624,probability_native,0.046445515006780624,u_dc0b6ecfbf620e7c,4,2,official,principal
3497,0,1,0.8443287014961243,probability_native,0.8443287014961243,u_dc0b6ecfbf620e7c,4,2,official,principal
4133,0,1,0.6355253458023071,probability_native,0.6355253458023071,u_dc0b6ecfbf620e7c,4,2,official,principal
5834,0,1,0.5883474349975586,probability_native,0.5883474349975586,u_dc0b6ecfbf620e7c,4,2,official,principal
456,0,0,0.13027189671993256,probability_native,0.13027189671993256,u_dc0b6ecfbf620e7c,4,2,official,principal
1929,0,1,0.8604776263237,probability_native,0.8604776263237,u_dc0b6ecfbf620e7c,4,2,official,principal
778,0,0,0.18075741827487946,probability_native,0.18075741827487946,u_dc0b6ecfbf620e7c,4,2,official,principal
5711,1,1,0.6897890567779541,probability_native,0.6897890567779541,u_dc0b6ecfbf620e7c,4,2,official,principal
3225,0,0,0.489613801240921,probability_native,0.489613801240921,u_dc0b6ecfbf620e7c,4,2,official,principal
4774,0,0,0.3728863000869751,probability_native,0.3728863000869751,u_dc0b6ecfbf620e7c,4,2,official,principal
7018,1,1,0.8010066151618958,probability_native,0.8010066151618958,u_dc0b6ecfbf620e7c,4,2,official,principal
3930,0,0,0.25247249007225037,probability_native,0.25247249007225037,u_dc0b6ecfbf620e7c,4,2,official,principal
2236,0,1,0.7831259369850159,probability_native,0.7831259369850159,u_dc0b6ecfbf620e7c,4,2,official,principal
6188,0,0,0.1825808584690094,probability_native,0.1825808584690094,u_dc0b6ecfbf620e7c,4,2,official,principal
1039,1,0,0.4150291085243225,probability_native,0.4150291085243225,u_dc0b6ecfbf620e7c,4,2,official,principal
6589,0,0,0.036719247698783875,probability_native,0.036719247698783875,u_dc0b6ecfbf620e7c,4,2,official,principal
6483,0,1,0.7090567350387573,probability_native,0.7090567350387573,u_dc0b6ecfbf620e7c,4,2,official,principal
1142,0,1,0.6972962617874146,probability_native,0.6972962617874146,u_dc0b6ecfbf620e7c,4,2,official,principal
4068,0,0,0.09585370868444443,probability_native,0.09585370868444443,u_dc0b6ecfbf620e7c,4,2,official,principal
767,0,0,0.10456303507089615,probability_native,0.10456303507089615,u_dc0b6ecfbf620e7c,4,2,official,principal
13,1,1,0.6024075746536255,probability_native,0.6024075746536255,u_dc0b6ecfbf620e7c,4,2,official,principal
2715,0,0,0.2730982303619385,probability_native,0.2730982303619385,u_dc0b6ecfbf620e7c,4,2,official,principal
2006,1,1,0.678643524646759,probability_native,0.678643524646759,u_dc0b6ecfbf620e7c,4,2,official,principal
118,0,0,0.03653791919350624,probability_native,0.03653791919350624,u_dc0b6ecfbf620e7c,4,2,official,principal
4848,1,1,0.8283639550209045,probability_native,0.8283639550209045,u_dc0b6ecfbf620e7c,4,2,official,principal
3176,0,0,0.0373247005045414,probability_native,0.0373247005045414,u_dc0b6ecfbf620e7c,4,2,official,principal
5054,0,0,0.10126063972711563,probability_native,0.10126063972711563,u_dc0b6ecfbf620e7c,4,2,official,principal
915,1,1,0.8738552331924438,probability_native,0.8738552331924438,u_dc0b6ecfbf620e7c,4,2,official,principal
5754,0,0,0.1160513311624527,probability_native,0.1160513311624527,u_dc0b6ecfbf620e7c,4,2,official,principal
1072,0,0,0.07024035602807999,probability_native,0.07024035602807999,u_dc0b6ecfbf620e7c,4,2,official,principal
5508,0,0,0.04100501909852028,probability_native,0.04100501909852028,u_dc0b6ecfbf620e7c,4,2,official,principal
1255,1,1,0.6981121301651001,probability_native,0.6981121301651001,u_dc0b6ecfbf620e7c,4,2,official,principal
2436,0,0,0.34383663535118103,probability_native,0.34383663535118103,u_dc0b6ecfbf620e7c,4,2,official,principal
6839,1,1,0.8592174053192139,probability_native,0.8592174053192139,u_dc0b6ecfbf620e7c,4,2,official,principal
2846,0,1,0.5544002056121826,probability_native,0.5544002056121826,u_dc0b6ecfbf620e7c,4,2,official,principal
5988,0,0,0.03820999711751938,probability_native,0.03820999711751938,u_dc0b6ecfbf620e7c,4,2,official,principal
6285,0,0,0.1179599016904831,probability_native,0.1179599016904831,u_dc0b6ecfbf620e7c,4,2,official,principal
5147,0,0,0.3010904788970947,probability_native,0.3010904788970947,u_dc0b6ecfbf620e7c,4,2,official,principal
3821,1,1,0.8791598081588745,probability_native,0.8791598081588745,u_dc0b6ecfbf620e7c,4,2,official,principal
5534,0,0,0.47018539905548096,probability_native,0.47018539905548096,u_dc0b6ecfbf620e7c,4,2,official,principal
1947,0,0,0.20610688626766205,probability_native,0.20610688626766205,u_dc0b6ecfbf620e7c,4,2,official,principal
6938,0,0,0.05251144617795944,probability_native,0.05251144617795944,u_dc0b6ecfbf620e7c,4,2,official,principal
754,0,1,0.6411235928535461,probability_native,0.6411235928535461,u_dc0b6ecfbf620e7c,4,2,official,principal
6497,0,1,0.7449679374694824,probability_native,0.7449679374694824,u_dc0b6ecfbf620e7c,4,2,official,principal
3198,0,0,0.38970205187797546,probability_native,0.38970205187797546,u_dc0b6ecfbf620e7c,4,2,official,principal
5359,1,0,0.4946908950805664,probability_native,0.4946908950805664,u_dc0b6ecfbf620e7c,4,2,official,principal
4759,1,1,0.8720594048500061,probability_native,0.8720594048500061,u_dc0b6ecfbf620e7c,4,2,official,principal
5131,1,1,0.7507073283195496,probability_native,0.7507073283195496,u_dc0b6ecfbf620e7c,4,2,official,principal
3732,0,0,0.039653751999139786,probability_native,0.039653751999139786,u_dc0b6ecfbf620e7c,4,2,official,principal
4058,1,1,0.5086875557899475,probability_native,0.5086875557899475,u_dc0b6ecfbf620e7c,4,2,official,principal
5011,0,1,0.5014691352844238,probability_native,0.5014691352844238,u_dc0b6ecfbf620e7c,4,2,official,principal
2120,0,0,0.023539580404758453,probability_native,0.023539580404758453,u_dc0b6ecfbf620e7c,4,2,official,principal
2020,0,0,0.12673461437225342,probability_native,0.12673461437225342,u_dc0b6ecfbf620e7c,4,2,official,principal
6583,0,0,0.10633943974971771,probability_native,0.10633943974971771,u_dc0b6ecfbf620e7c,4,2,official,principal
1714,0,0,0.09363416582345963,probability_native,0.09363416582345963,u_dc0b6ecfbf620e7c,4,2,official,principal
817,0,0,0.2620273232460022,probability_native,0.2620273232460022,u_dc0b6ecfbf620e7c,4,2,official,principal
4401,0,0,0.43175235390663147,probability_native,0.43175235390663147,u_dc0b6ecfbf620e7c,4,2,official,principal
2530,0,1,0.8373498916625977,probability_native,0.8373498916625977,u_dc0b6ecfbf620e7c,4,2,official,principal
4156,0,1,0.6146633625030518,probability_native,0.6146633625030518,u_dc0b6ecfbf620e7c,4,2,official,principal
6221,0,0,0.09004487097263336,probability_native,0.09004487097263336,u_dc0b6ecfbf620e7c,4,2,official,principal
3355,0,0,0.06734853237867355,probability_native,0.06734853237867355,u_dc0b6ecfbf620e7c,4,2,official,principal
3315,0,0,0.35944998264312744,probability_native,0.35944998264312744,u_dc0b6ecfbf620e7c,4,2,official,principal
2951,0,0,0.11035977303981781,probability_native,0.11035977303981781,u_dc0b6ecfbf620e7c,4,2,official,principal
3972,0,0,0.2405300885438919,probability_native,0.2405300885438919,u_dc0b6ecfbf620e7c,4,2,official,principal
3998,0,0,0.10734803974628448,probability_native,0.10734803974628448,u_dc0b6ecfbf620e7c,4,2,official,principal
3138,1,1,0.7836160063743591,probability_native,0.7836160063743591,u_dc0b6ecfbf620e7c,4,2,official,principal
804,1,1,0.8379827737808228,probability_native,0.8379827737808228,u_dc0b6ecfbf620e7c,4,2,official,principal
2814,0,0,0.021056244149804115,probability_native,0.021056244149804115,u_dc0b6ecfbf620e7c,4,2,official,principal
233,0,0,0.024551192298531532,probability_native,0.024551192298531532,u_dc0b6ecfbf620e7c,4,2,official,principal
4089,1,1,0.825406014919281,probability_native,0.825406014919281,u_dc0b6ecfbf620e7c,4,2,official,principal
1757,0,0,0.0800105631351471,probability_native,0.0800105631351471,u_dc0b6ecfbf620e7c,4,2,official,principal
2694,0,0,0.1721363514661789,probability_native,0.1721363514661789,u_dc0b6ecfbf620e7c,4,2,official,principal
813,0,0,0.050525013357400894,probability_native,0.050525013357400894,u_dc0b6ecfbf620e7c,4,2,official,principal
3157,1,0,0.33531489968299866,probability_native,0.33531489968299866,u_dc0b6ecfbf620e7c,4,2,official,principal
1681,0,0,0.022198202088475227,probability_native,0.022198202088475227,u_dc0b6ecfbf620e7c,4,2,official,principal
6197,1,0,0.21074947714805603,probability_native,0.21074947714805603,u_dc0b6ecfbf620e7c,4,2,official,principal
4613,1,1,0.6526385545730591,probability_native,0.6526385545730591,u_dc0b6ecfbf620e7c,4,2,official,principal
764,0,0,0.02535122074186802,probability_native,0.02535122074186802,u_dc0b6ecfbf620e7c,4,2,official,principal
1671,0,0,0.17871889472007751,probability_native,0.17871889472007751,u_dc0b6ecfbf620e7c,4,2,official,principal
1765,0,0,0.23897463083267212,probability_native,0.23897463083267212,u_dc0b6ecfbf620e7c,4,2,official,principal
4954,1,1,0.8629414439201355,probability_native,0.8629414439201355,u_dc0b6ecfbf620e7c,4,2,official,principal
4778,0,0,0.046585943549871445,probability_native,0.046585943549871445,u_dc0b6ecfbf620e7c,4,2,official,principal
2475,0,0,0.05811186134815216,probability_native,0.05811186134815216,u_dc0b6ecfbf620e7c,4,2,official,principal
4020,0,0,0.028754135593771935,probability_native,0.028754135593771935,u_dc0b6ecfbf620e7c,4,2,official,principal
4555,0,0,0.027384089305996895,probability_native,0.027384089305996895,u_dc0b6ecfbf620e7c,4,2,official,principal
2858,0,0,0.29516834020614624,probability_native,0.29516834020614624,u_dc0b6ecfbf620e7c,4,2,official,principal
5504,1,0,0.21199384331703186,probability_native,0.21199384331703186,u_dc0b6ecfbf620e7c,4,2,official,principal
4169,1,1,0.7973259687423706,probability_native,0.7973259687423706,u_dc0b6ecfbf620e7c,4,2,official,principal
1336,0,1,0.5455259680747986,probability_native,0.5455259680747986,u_dc0b6ecfbf620e7c,4,2,official,principal
79,0,0,0.07530425488948822,probability_native,0.07530425488948822,u_dc0b6ecfbf620e7c,4,2,official,principal
1406,0,0,0.04756695777177811,probability_native,0.04756695777177811,u_dc0b6ecfbf620e7c,4,2,official,principal
6323,0,0,0.3880367577075958,probability_native,0.3880367577075958,u_dc0b6ecfbf620e7c,4,2,official,principal
3747,0,1,0.5125976800918579,probability_native,0.5125976800918579,u_dc0b6ecfbf620e7c,4,2,official,principal
2009,0,0,0.03112693317234516,probability_native,0.03112693317234516,u_dc0b6ecfbf620e7c,4,2,official,principal
6361,0,0,0.39552444219589233,probability_native,0.39552444219589233,u_dc0b6ecfbf620e7c,4,2,official,principal
4734,1,0,0.059037692844867706,probability_native,0.059037692844867706,u_dc0b6ecfbf620e7c,4,2,official,principal
5072,0,1,0.7824309468269348,probability_native,0.7824309468269348,u_dc0b6ecfbf620e7c,4,2,official,principal
1368,0,0,0.12276100367307663,probability_native,0.12276100367307663,u_dc0b6ecfbf620e7c,4,2,official,principal
6054,1,0,0.45712193846702576,probability_native,0.45712193846702576,u_dc0b6ecfbf620e7c,4,2,official,principal
3428,1,0,0.4107804000377655,probability_native,0.4107804000377655,u_dc0b6ecfbf620e7c,4,2,official,principal
1501,0,0,0.0473531149327755,probability_native,0.0473531149327755,u_dc0b6ecfbf620e7c,4,2,official,principal
6702,0,1,0.6120885610580444,probability_native,0.6120885610580444,u_dc0b6ecfbf620e7c,4,2,official,principal
2470,0,0,0.05251660943031311,probability_native,0.05251660943031311,u_dc0b6ecfbf620e7c,4,2,official,principal
3304,0,0,0.4278945326805115,probability_native,0.4278945326805115,u_dc0b6ecfbf620e7c,4,2,official,principal
5526,0,0,0.07649540901184082,probability_native,0.07649540901184082,u_dc0b6ecfbf620e7c,4,2,official,principal
6462,1,1,0.7788469195365906,probability_native,0.7788469195365906,u_dc0b6ecfbf620e7c,4,2,official,principal
987,0,1,0.5863519906997681,probability_native,0.5863519906997681,u_dc0b6ecfbf620e7c,4,2,official,principal
2437,0,0,0.40091225504875183,probability_native,0.40091225504875183,u_dc0b6ecfbf620e7c,4,2,official,principal
1061,0,0,0.1839786171913147,probability_native,0.1839786171913147,u_dc0b6ecfbf620e7c,4,2,official,principal
1469,1,0,0.4241994619369507,probability_native,0.4241994619369507,u_dc0b6ecfbf620e7c,4,2,official,principal
6086,0,0,0.06020812317728996,probability_native,0.06020812317728996,u_dc0b6ecfbf620e7c,4,2,official,principal
2878,0,1,0.6162843704223633,probability_native,0.6162843704223633,u_dc0b6ecfbf620e7c,4,2,official,principal
4604,0,1,0.574065089225769,probability_native,0.574065089225769,u_dc0b6ecfbf620e7c,4,2,official,principal
1752,0,0,0.07635392993688583,probability_native,0.07635392993688583,u_dc0b6ecfbf620e7c,4,2,official,principal
6402,0,0,0.05015714466571808,probability_native,0.05015714466571808,u_dc0b6ecfbf620e7c,4,2,official,principal
293,0,1,0.8596317172050476,probability_native,0.8596317172050476,u_dc0b6ecfbf620e7c,4,2,official,principal
6336,0,1,0.6008567810058594,probability_native,0.6008567810058594,u_dc0b6ecfbf620e7c,4,2,official,principal
4719,1,1,0.6954352259635925,probability_native,0.6954352259635925,u_dc0b6ecfbf620e7c,4,2,official,principal
5855,0,0,0.2405300885438919,probability_native,0.2405300885438919,u_dc0b6ecfbf620e7c,4,2,official,principal
2091,0,0,0.0275371465831995,probability_native,0.0275371465831995,u_dc0b6ecfbf620e7c,4,2,official,principal
3016,1,1,0.7526898384094238,probability_native,0.7526898384094238,u_dc0b6ecfbf620e7c,4,2,official,principal
6307,0,0,0.15018326044082642,probability_native,0.15018326044082642,u_dc0b6ecfbf620e7c,4,2,official,principal
2122,0,0,0.2925778925418854,probability_native,0.2925778925418854,u_dc0b6ecfbf620e7c,4,2,official,principal
2003,1,0,0.36560991406440735,probability_native,0.36560991406440735,u_dc0b6ecfbf620e7c,4,2,official,principal
3195,0,1,0.6750465631484985,probability_native,0.6750465631484985,u_dc0b6ecfbf620e7c,4,2,official,principal
4407,0,0,0.19552646577358246,probability_native,0.19552646577358246,u_dc0b6ecfbf620e7c,4,2,official,principal
3714,0,0,0.029248658567667007,probability_native,0.029248658567667007,u_dc0b6ecfbf620e7c,4,2,official,principal
4739,0,1,0.6620019674301147,probability_native,0.6620019674301147,u_dc0b6ecfbf620e7c,4,2,official,principal
5396,0,0,0.0634017139673233,probability_native,0.0634017139673233,u_dc0b6ecfbf620e7c,4,2,official,principal
6723,0,0,0.040143903344869614,probability_native,0.040143903344869614,u_dc0b6ecfbf620e7c,4,2,official,principal
879,0,0,0.353887677192688,probability_native,0.353887677192688,u_dc0b6ecfbf620e7c,4,2,official,principal
4993,0,0,0.020517349243164062,probability_native,0.020517349243164062,u_dc0b6ecfbf620e7c,4,2,official,principal
3994,1,0,0.35985875129699707,probability_native,0.35985875129699707,u_dc0b6ecfbf620e7c,4,2,official,principal
6499,0,1,0.5810379981994629,probability_native,0.5810379981994629,u_dc0b6ecfbf620e7c,4,2,official,principal
2402,0,0,0.18873189389705658,probability_native,0.18873189389705658,u_dc0b6ecfbf620e7c,4,2,official,principal
1068,1,1,0.5882353782653809,probability_native,0.5882353782653809,u_dc0b6ecfbf620e7c,4,2,official,principal
1599,0,0,0.04746263846755028,probability_native,0.04746263846755028,u_dc0b6ecfbf620e7c,4,2,official,principal
2401,0,0,0.38077303767204285,probability_native,0.38077303767204285,u_dc0b6ecfbf620e7c,4,2,official,principal
2854,0,0,0.11540956795215607,probability_native,0.11540956795215607,u_dc0b6ecfbf620e7c,4,2,official,principal
107,0,0,0.07884944975376129,probability_native,0.07884944975376129,u_dc0b6ecfbf620e7c,4,2,official,principal
3030,1,1,0.8720594048500061,probability_native,0.8720594048500061,u_dc0b6ecfbf620e7c,4,2,official,principal
1916,1,0,0.48340174555778503,probability_native,0.48340174555778503,u_dc0b6ecfbf620e7c,4,2,official,principal
2213,0,0,0.040918540209531784,probability_native,0.040918540209531784,u_dc0b6ecfbf620e7c,4,2,official,principal
3625,0,0,0.03279627487063408,probability_native,0.03279627487063408,u_dc0b6ecfbf620e7c,4,2,official,principal
4024,0,0,0.44748589396476746,probability_native,0.44748589396476746,u_dc0b6ecfbf620e7c,4,2,official,principal
364,0,1,0.5131702423095703,probability_native,0.5131702423095703,u_dc0b6ecfbf620e7c,4,2,official,principal
4706,1,1,0.702814519405365,probability_native,0.702814519405365,u_dc0b6ecfbf620e7c,4,2,official,principal
5450,1,1,0.8367787003517151,probability_native,0.8367787003517151,u_dc0b6ecfbf620e7c,4,2,official,principal
391,0,0,0.3440983295440674,probability_native,0.3440983295440674,u_dc0b6ecfbf620e7c,4,2,official,principal
4326,1,1,0.8749775886535645,probability_native,0.8749775886535645,u_dc0b6ecfbf620e7c,4,2,official,principal
3569,0,0,0.04690279811620712,probability_native,0.04690279811620712,u_dc0b6ecfbf620e7c,4,2,official,principal
3724,0,0,0.051453664898872375,probability_native,0.051453664898872375,u_dc0b6ecfbf620e7c,4,2,official,principal
5374,1,1,0.825406014919281,probability_native,0.825406014919281,u_dc0b6ecfbf620e7c,4,2,official,principal
2365,0,0,0.48476481437683105,probability_native,0.48476481437683105,u_dc0b6ecfbf620e7c,4,2,official,principal
2866,0,1,0.7911055684089661,probability_native,0.7911055684089661,u_dc0b6ecfbf620e7c,4,2,official,principal
6615,0,0,0.4710250794887543,probability_native,0.4710250794887543,u_dc0b6ecfbf620e7c,4,2,official,principal
6719,0,0,0.023909129202365875,probability_native,0.023909129202365875,u_dc0b6ecfbf620e7c,4,2,official,principal
4354,0,0,0.05976037681102753,probability_native,0.05976037681102753,u_dc0b6ecfbf620e7c,4,2,official,principal
7021,1,0,0.2689867615699768,probability_native,0.2689867615699768,u_dc0b6ecfbf620e7c,4,2,official,principal
5651,1,1,0.5799785852432251,probability_native,0.5799785852432251,u_dc0b6ecfbf620e7c,4,2,official,principal
3337,0,1,0.8654928803443909,probability_native,0.8654928803443909,u_dc0b6ecfbf620e7c,4,2,official,principal
2802,1,1,0.7293444871902466,probability_native,0.7293444871902466,u_dc0b6ecfbf620e7c,4,2,official,principal
2297,1,0,0.34760329127311707,probability_native,0.34760329127311707,u_dc0b6ecfbf620e7c,4,2,official,principal
3879,1,1,0.7524859309196472,probability_native,0.7524859309196472,u_dc0b6ecfbf620e7c,4,2,official,principal
1172,0,1,0.6758949160575867,probability_native,0.6758949160575867,u_dc0b6ecfbf620e7c,4,2,official,principal
6620,1,1,0.872298538684845,probability_native,0.872298538684845,u_dc0b6ecfbf620e7c,4,2,official,principal
1773,0,0,0.036924559623003006,probability_native,0.036924559623003006,u_dc0b6ecfbf620e7c,4,2,official,principal
1024,0,0,0.48765668272972107,probability_native,0.48765668272972107,u_dc0b6ecfbf620e7c,4,2,official,principal
1459,0,0,0.3398069441318512,probability_native,0.3398069441318512,u_dc0b6ecfbf620e7c,4,2,official,principal
2037,0,1,0.8206429481506348,probability_native,0.8206429481506348,u_dc0b6ecfbf620e7c,4,2,official,principal
4771,1,1,0.8497398495674133,probability_native,0.8497398495674133,u_dc0b6ecfbf620e7c,4,2,official,principal
1476,0,0,0.278400182723999,probability_native,0.278400182723999,u_dc0b6ecfbf620e7c,4,2,official,principal
4858,0,0,0.03337866812944412,probability_native,0.03337866812944412,u_dc0b6ecfbf620e7c,4,2,official,principal
3389,0,1,0.8206429481506348,probability_native,0.8206429481506348,u_dc0b6ecfbf620e7c,4,2,official,principal
3671,1,1,0.8791598081588745,probability_native,0.8791598081588745,u_dc0b6ecfbf620e7c,4,2,official,principal
4497,0,0,0.46644455194473267,probability_native,0.46644455194473267,u_dc0b6ecfbf620e7c,4,2,official,principal
1835,0,1,0.7591049075126648,probability_native,0.7591049075126648,u_dc0b6ecfbf620e7c,4,2,official,principal
367,0,1,0.5461416244506836,probability_native,0.5461416244506836,u_dc0b6ecfbf620e7c,4,2,official,principal
2657,0,0,0.42706748843193054,probability_native,0.42706748843193054,u_dc0b6ecfbf620e7c,4,2,official,principal
6196,0,0,0.16347002983093262,probability_native,0.16347002983093262,u_dc0b6ecfbf620e7c,4,2,official,principal
2812,1,0,0.46920549869537354,probability_native,0.46920549869537354,u_dc0b6ecfbf620e7c,4,2,official,principal
1256,0,0,0.02287111058831215,probability_native,0.02287111058831215,u_dc0b6ecfbf620e7c,4,2,official,principal
6604,0,1,0.6991508603096008,probability_native,0.6991508603096008,u_dc0b6ecfbf620e7c,4,2,official,principal
3808,0,0,0.2039000540971756,probability_native,0.2039000540971756,u_dc0b6ecfbf620e7c,4,2,official,principal
6119,0,0,0.14546917378902435,probability_native,0.14546917378902435,u_dc0b6ecfbf620e7c,4,2,official,principal
928,0,0,0.1610412299633026,probability_native,0.1610412299633026,u_dc0b6ecfbf620e7c,4,2,official,principal
1886,0,0,0.02749941125512123,probability_native,0.02749941125512123,u_dc0b6ecfbf620e7c,4,2,official,principal
4059,1,0,0.49370402097702026,probability_native,0.49370402097702026,u_dc0b6ecfbf620e7c,4,2,official,principal
6039,1,0,0.25320523977279663,probability_native,0.25320523977279663,u_dc0b6ecfbf620e7c,4,2,official,principal
4459,1,1,0.827414333820343,probability_native,0.827414333820343,u_dc0b6ecfbf620e7c,4,2,official,principal
5892,0,0,0.3580014705657959,probability_native,0.3580014705657959,u_dc0b6ecfbf620e7c,4,2,official,principal
5053,0,1,0.6167319416999817,probability_native,0.6167319416999817,u_dc0b6ecfbf620e7c,4,2,official,principal
2094,0,0,0.1825808584690094,probability_native,0.1825808584690094,u_dc0b6ecfbf620e7c,4,2,official,principal
6996,1,0,0.09164557605981827,probability_native,0.09164557605981827,u_dc0b6ecfbf620e7c,4,2,official,principal
3140,0,1,0.6998164057731628,probability_native,0.6998164057731628,u_dc0b6ecfbf620e7c,4,2,official,principal
1359,1,1,0.8592174053192139,probability_native,0.8592174053192139,u_dc0b6ecfbf620e7c,4,2,official,principal
4655,0,0,0.1280350387096405,probability_native,0.1280350387096405,u_dc0b6ecfbf620e7c,4,2,official,principal
3699,0,0,0.08197828382253647,probability_native,0.08197828382253647,u_dc0b6ecfbf620e7c,4,2,official,principal
4363,0,1,0.5741047263145447,probability_native,0.5741047263145447,u_dc0b6ecfbf620e7c,4,2,official,principal
4562,0,0,0.08290618658065796,probability_native,0.08290618658065796,u_dc0b6ecfbf620e7c,4,2,official,principal
1594,0,0,0.03085111267864704,probability_native,0.03085111267864704,u_dc0b6ecfbf620e7c,4,2,official,principal
270,1,1,0.7399216294288635,probability_native,0.7399216294288635,u_dc0b6ecfbf620e7c,4,2,official,principal
6395,1,0,0.4226069748401642,probability_native,0.4226069748401642,u_dc0b6ecfbf620e7c,4,2,official,principal
2345,0,0,0.44486314058303833,probability_native,0.44486314058303833,u_dc0b6ecfbf620e7c,4,2,official,principal
4111,0,0,0.12601837515830994,probability_native,0.12601837515830994,u_dc0b6ecfbf620e7c,4,2,official,principal
755,1,1,0.8097904324531555,probability_native,0.8097904324531555,u_dc0b6ecfbf620e7c,4,2,official,principal
3382,0,0,0.016833040863275528,probability_native,0.016833040863275528,u_dc0b6ecfbf620e7c,4,2,official,principal
2843,0,0,0.023539580404758453,probability_native,0.023539580404758453,u_dc0b6ecfbf620e7c,4,2,official,principal
5935,0,1,0.5886873602867126,probability_native,0.5886873602867126,u_dc0b6ecfbf620e7c,4,2,official,principal
2477,0,1,0.7078393697738647,probability_native,0.7078393697738647,u_dc0b6ecfbf620e7c,4,2,official,principal
1230,0,1,0.5177413821220398,probability_native,0.5177413821220398,u_dc0b6ecfbf620e7c,4,2,official,principal
4606,0,0,0.04159024730324745,probability_native,0.04159024730324745,u_dc0b6ecfbf620e7c,4,2,official,principal
1271,0,0,0.12303726375102997,probability_native,0.12303726375102997,u_dc0b6ecfbf620e7c,4,2,official,principal
1101,0,0,0.2302735149860382,probability_native,0.2302735149860382,u_dc0b6ecfbf620e7c,4,2,official,principal
4338,0,0,0.46964433789253235,probability_native,0.46964433789253235,u_dc0b6ecfbf620e7c,4,2,official,principal
2677,1,1,0.786817193031311,probability_native,0.786817193031311,u_dc0b6ecfbf620e7c,4,2,official,principal
5477,0,0,0.02375566028058529,probability_native,0.02375566028058529,u_dc0b6ecfbf620e7c,4,2,official,principal
2808,0,1,0.6677327752113342,probability_native,0.6677327752113342,u_dc0b6ecfbf620e7c,4,2,official,principal
6334,0,0,0.3215276598930359,probability_native,0.3215276598930359,u_dc0b6ecfbf620e7c,4,2,official,principal
1060,0,0,0.07266741991043091,probability_native,0.07266741991043091,u_dc0b6ecfbf620e7c,4,2,official,principal
1880,1,1,0.8789014220237732,probability_native,0.8789014220237732,u_dc0b6ecfbf620e7c,4,2,official,principal
4539,1,0,0.10760190337896347,probability_native,0.10760190337896347,u_dc0b6ecfbf620e7c,4,2,official,principal
2500,0,0,0.08221174776554108,probability_native,0.08221174776554108,u_dc0b6ecfbf620e7c,4,2,official,principal
2518,0,1,0.6734849810600281,probability_native,0.6734849810600281,u_dc0b6ecfbf620e7c,4,2,official,principal
6432,0,0,0.14177677035331726,probability_native,0.14177677035331726,u_dc0b6ecfbf620e7c,4,2,official,principal
2591,0,1,0.6620548367500305,probability_native,0.6620548367500305,u_dc0b6ecfbf620e7c,4,2,official,principal
2549,0,0,0.278400182723999,probability_native,0.278400182723999,u_dc0b6ecfbf620e7c,4,2,official,principal
4645,1,1,0.7406921982765198,probability_native,0.7406921982765198,u_dc0b6ecfbf620e7c,4,2,official,principal
5431,0,0,0.18217569589614868,probability_native,0.18217569589614868,u_dc0b6ecfbf620e7c,4,2,official,principal
75,0,0,0.24775482714176178,probability_native,0.24775482714176178,u_dc0b6ecfbf620e7c,4,2,official,principal
2017,0,0,0.035114362835884094,probability_native,0.035114362835884094,u_dc0b6ecfbf620e7c,4,2,official,principal
1051,0,0,0.37448444962501526,probability_native,0.37448444962501526,u_dc0b6ecfbf620e7c,4,2,official,principal
2076,0,0,0.15405988693237305,probability_native,0.15405988693237305,u_dc0b6ecfbf620e7c,4,2,official,principal
2291,1,1,0.8719956874847412,probability_native,0.8719956874847412,u_dc0b6ecfbf620e7c,4,2,official,principal
6134,0,0,0.4622924029827118,probability_native,0.4622924029827118,u_dc0b6ecfbf620e7c,4,2,official,principal
4042,0,1,0.7199210524559021,probability_native,0.7199210524559021,u_dc0b6ecfbf620e7c,4,2,official,principal
5332,0,0,0.07170126587152481,probability_native,0.07170126587152481,u_dc0b6ecfbf620e7c,4,2,official,principal
5922,0,0,0.06970164179801941,probability_native,0.06970164179801941,u_dc0b6ecfbf620e7c,4,2,official,principal
787,0,0,0.19939108192920685,probability_native,0.19939108192920685,u_dc0b6ecfbf620e7c,4,2,official,principal
6044,0,1,0.7899739742279053,probability_native,0.7899739742279053,u_dc0b6ecfbf620e7c,4,2,official,principal
3248,1,1,0.8334127068519592,probability_native,0.8334127068519592,u_dc0b6ecfbf620e7c,4,2,official,principal
3950,1,1,0.7472028732299805,probability_native,0.7472028732299805,u_dc0b6ecfbf620e7c,4,2,official,principal
198,0,0,0.12266942113637924,probability_native,0.12266942113637924,u_dc0b6ecfbf620e7c,4,2,official,principal
2725,0,1,0.6681934595108032,probability_native,0.6681934595108032,u_dc0b6ecfbf620e7c,4,2,official,principal
3490,1,0,0.46430855989456177,probability_native,0.46430855989456177,u_dc0b6ecfbf620e7c,4,2,official,principal
2117,0,0,0.014331277459859848,probability_native,0.014331277459859848,u_dc0b6ecfbf620e7c,4,2,official,principal
317,1,0,0.04989060387015343,probability_native,0.04989060387015343,u_dc0b6ecfbf620e7c,4,2,official,principal
211,0,1,0.759920060634613,probability_native,0.759920060634613,u_dc0b6ecfbf620e7c,4,2,official,principal
3092,1,1,0.7111678719520569,probability_native,0.7111678719520569,u_dc0b6ecfbf620e7c,4,2,official,principal
3265,1,1,0.5931448340415955,probability_native,0.5931448340415955,u_dc0b6ecfbf620e7c,4,2,official,principal
6130,0,0,0.03350616991519928,probability_native,0.03350616991519928,u_dc0b6ecfbf620e7c,4,2,official,principal
713,0,1,0.5506808757781982,probability_native,0.5506808757781982,u_dc0b6ecfbf620e7c,4,2,official,principal
4303,0,0,0.03577006980776787,probability_native,0.03577006980776787,u_dc0b6ecfbf620e7c,4,2,official,principal
2385,0,0,0.46529343724250793,probability_native,0.46529343724250793,u_dc0b6ecfbf620e7c,4,2,official,principal
436,0,0,0.06457584351301193,probability_native,0.06457584351301193,u_dc0b6ecfbf620e7c,4,2,official,principal
5446,1,1,0.5810379981994629,probability_native,0.5810379981994629,u_dc0b6ecfbf620e7c,4,2,official,principal
1925,0,0,0.055356189608573914,probability_native,0.055356189608573914,u_dc0b6ecfbf620e7c,4,2,official,principal
5667,0,0,0.4516793191432953,probability_native,0.4516793191432953,u_dc0b6ecfbf620e7c,4,2,official,principal
1670,1,1,0.6616823673248291,probability_native,0.6616823673248291,u_dc0b6ecfbf620e7c,4,2,official,principal
2956,0,1,0.7148679494857788,probability_native,0.7148679494857788,u_dc0b6ecfbf620e7c,4,2,official,principal
1163,1,1,0.7705395817756653,probability_native,0.7705395817756653,u_dc0b6ecfbf620e7c,4,2,official,principal
6427,0,0,0.03930966183543205,probability_native,0.03930966183543205,u_dc0b6ecfbf620e7c,4,2,official,principal
6169,1,1,0.7073618769645691,probability_native,0.7073618769645691,u_dc0b6ecfbf620e7c,4,2,official,principal
6444,1,0,0.1384894847869873,probability_native,0.1384894847869873,u_dc0b6ecfbf620e7c,4,2,official,principal
2905,0,0,0.2581467926502228,probability_native,0.2581467926502228,u_dc0b6ecfbf620e7c,4,2,official,principal
1877,0,0,0.026690075173974037,probability_native,0.026690075173974037,u_dc0b6ecfbf620e7c,4,2,official,principal
148,0,0,0.08631546795368195,probability_native,0.08631546795368195,u_dc0b6ecfbf620e7c,4,2,official,principal
1362,1,1,0.8466147780418396,probability_native,0.8466147780418396,u_dc0b6ecfbf620e7c,4,2,official,principal
3286,1,1,0.7550007104873657,probability_native,0.7550007104873657,u_dc0b6ecfbf620e7c,4,2,official,principal
3132,0,1,0.780408501625061,probability_native,0.780408501625061,u_dc0b6ecfbf620e7c,4,2,official,principal
6280,0,0,0.15610134601593018,probability_native,0.15610134601593018,u_dc0b6ecfbf620e7c,4,2,official,principal
5948,0,0,0.04618537053465843,probability_native,0.04618537053465843,u_dc0b6ecfbf620e7c,4,2,official,principal
2594,0,0,0.2287529855966568,probability_native,0.2287529855966568,u_dc0b6ecfbf620e7c,4,2,official,principal
5284,1,1,0.6694401502609253,probability_native,0.6694401502609253,u_dc0b6ecfbf620e7c,4,2,official,principal
2376,0,0,0.31964924931526184,probability_native,0.31964924931526184,u_dc0b6ecfbf620e7c,4,2,official,principal
2723,0,0,0.17696893215179443,probability_native,0.17696893215179443,u_dc0b6ecfbf620e7c,4,2,official,principal
3674,1,1,0.7524859309196472,probability_native,0.7524859309196472,u_dc0b6ecfbf620e7c,4,2,official,principal
2427,1,1,0.7647058367729187,probability_native,0.7647058367729187,u_dc0b6ecfbf620e7c,4,2,official,principal
5674,0,0,0.06323476135730743,probability_native,0.06323476135730743,u_dc0b6ecfbf620e7c,4,2,official,principal
5762,0,0,0.3853936791419983,probability_native,0.3853936791419983,u_dc0b6ecfbf620e7c,4,2,official,principal
4292,1,1,0.6783024668693542,probability_native,0.6783024668693542,u_dc0b6ecfbf620e7c,4,2,official,principal
2804,1,0,0.14754031598567963,probability_native,0.14754031598567963,u_dc0b6ecfbf620e7c,4,2,official,principal
3916,0,1,0.6715995073318481,probability_native,0.6715995073318481,u_dc0b6ecfbf620e7c,4,2,official,principal
856,0,0,0.026690075173974037,probability_native,0.026690075173974037,u_dc0b6ecfbf620e7c,4,2,official,principal
4893,1,1,0.5457632541656494,probability_native,0.5457632541656494,u_dc0b6ecfbf620e7c,4,2,official,principal
2870,0,0,0.3611166477203369,probability_native,0.3611166477203369,u_dc0b6ecfbf620e7c,4,2,official,principal
2324,1,1,0.7295731902122498,probability_native,0.7295731902122498,u_dc0b6ecfbf620e7c,4,2,official,principal
3927,1,0,0.4031514525413513,probability_native,0.4031514525413513,u_dc0b6ecfbf620e7c,4,2,official,principal
869,0,0,0.1466529220342636,probability_native,0.1466529220342636,u_dc0b6ecfbf620e7c,4,2,official,principal
3075,0,0,0.38970205187797546,probability_native,0.38970205187797546,u_dc0b6ecfbf620e7c,4,2,official,principal
5958,0,0,0.4636792242527008,probability_native,0.4636792242527008,u_dc0b6ecfbf620e7c,4,2,official,principal
5123,1,1,0.6708040833473206,probability_native,0.6708040833473206,u_dc0b6ecfbf620e7c,4,2,official,principal
234,0,0,0.3283025622367859,probability_native,0.3283025622367859,u_dc0b6ecfbf620e7c,4,2,official,principal
1178,1,1,0.7877463102340698,probability_native,0.7877463102340698,u_dc0b6ecfbf620e7c,4,2,official,principal
2679,1,1,0.863590657711029,probability_native,0.863590657711029,u_dc0b6ecfbf620e7c,4,2,official,principal
2038,1,1,0.700822114944458,probability_native,0.700822114944458,u_dc0b6ecfbf620e7c,4,2,official,principal
6755,0,1,0.5560512542724609,probability_native,0.5560512542724609,u_dc0b6ecfbf620e7c,4,2,official,principal
172,0,0,0.06770345568656921,probability_native,0.06770345568656921,u_dc0b6ecfbf620e7c,4,2,official,principal
1651,1,1,0.8720594048500061,probability_native,0.8720594048500061,u_dc0b6ecfbf620e7c,4,2,official,principal
1283,0,0,0.20673401653766632,probability_native,0.20673401653766632,u_dc0b6ecfbf620e7c,4,2,official,principal
477,0,0,0.30587470531463623,probability_native,0.30587470531463623,u_dc0b6ecfbf620e7c,4,2,official,principal
6351,1,1,0.5176540613174438,probability_native,0.5176540613174438,u_dc0b6ecfbf620e7c,4,2,official,principal
1328,0,0,0.29413655400276184,probability_native,0.29413655400276184,u_dc0b6ecfbf620e7c,4,2,official,principal
6222,0,0,0.40124985575675964,probability_native,0.40124985575675964,u_dc0b6ecfbf620e7c,4,2,official,principal
3379,0,0,0.37410789728164673,probability_native,0.37410789728164673,u_dc0b6ecfbf620e7c,4,2,official,principal
1622,0,0,0.05715959146618843,probability_native,0.05715959146618843,u_dc0b6ecfbf620e7c,4,2,official,principal
365,1,1,0.7186623215675354,probability_native,0.7186623215675354,u_dc0b6ecfbf620e7c,4,2,official,principal
2178,0,0,0.035294558852910995,probability_native,0.035294558852910995,u_dc0b6ecfbf620e7c,4,2,official,principal
1290,0,0,0.02949681505560875,probability_native,0.02949681505560875,u_dc0b6ecfbf620e7c,4,2,official,principal
6034,0,0,0.08302808552980423,probability_native,0.08302808552980423,u_dc0b6ecfbf620e7c,4,2,official,principal
5923,0,1,0.8106613159179688,probability_native,0.8106613159179688,u_dc0b6ecfbf620e7c,4,2,official,principal
5577,0,0,0.11843594908714294,probability_native,0.11843594908714294,u_dc0b6ecfbf620e7c,4,2,official,principal
2066,0,0,0.040783606469631195,probability_native,0.040783606469631195,u_dc0b6ecfbf620e7c,4,2,official,principal
5991,1,1,0.6707218885421753,probability_native,0.6707218885421753,u_dc0b6ecfbf620e7c,4,2,official,principal
1891,1,1,0.6650290489196777,probability_native,0.6650290489196777,u_dc0b6ecfbf620e7c,4,2,official,principal
2463,0,1,0.7982346415519714,probability_native,0.7982346415519714,u_dc0b6ecfbf620e7c,4,2,official,principal
1837,1,1,0.5863519906997681,probability_native,0.5863519906997681,u_dc0b6ecfbf620e7c,4,2,official,principal
3235,0,0,0.05349670723080635,probability_native,0.05349670723080635,u_dc0b6ecfbf620e7c,4,2,official,principal
6648,0,0,0.12598921358585358,probability_native,0.12598921358585358,u_dc0b6ecfbf620e7c,4,2,official,principal
6500,0,0,0.03959963098168373,probability_native,0.03959963098168373,u_dc0b6ecfbf620e7c,4,2,official,principal
42,0,0,0.050700556486845016,probability_native,0.050700556486845016,u_dc0b6ecfbf620e7c,4,2,official,principal
4989,0,0,0.31751081347465515,probability_native,0.31751081347465515,u_dc0b6ecfbf620e7c,4,2,official,principal
1460,1,1,0.8537791967391968,probability_native,0.8537791967391968,u_dc0b6ecfbf620e7c,4,2,official,principal
2830,0,0,0.07575782388448715,probability_native,0.07575782388448715,u_dc0b6ecfbf620e7c,4,2,official,principal
308,0,1,0.5543643236160278,probability_native,0.5543643236160278,u_dc0b6ecfbf620e7c,4,2,official,principal
3542,0,0,0.0667373463511467,probability_native,0.0667373463511467,u_dc0b6ecfbf620e7c,4,2,official,principal
819,0,0,0.06377216428518295,probability_native,0.06377216428518295,u_dc0b6ecfbf620e7c,4,2,official,principal
6624,0,0,0.04003532603383064,probability_native,0.04003532603383064,u_dc0b6ecfbf620e7c,4,2,official,principal
5375,1,1,0.721760630607605,probability_native,0.721760630607605,u_dc0b6ecfbf620e7c,4,2,official,principal
259,0,0,0.3813793361186981,probability_native,0.3813793361186981,u_dc0b6ecfbf620e7c,4,2,official,principal
588,0,0,0.12547358870506287,probability_native,0.12547358870506287,u_dc0b6ecfbf620e7c,4,2,official,principal
4919,0,0,0.03893714398145676,probability_native,0.03893714398145676,u_dc0b6ecfbf620e7c,4,2,official,principal
1192,1,1,0.8673917651176453,probability_native,0.8673917651176453,u_dc0b6ecfbf620e7c,4,2,official,principal
1611,0,0,0.027961967512965202,probability_native,0.027961967512965202,u_dc0b6ecfbf620e7c,4,2,official,principal
5743,0,0,0.03653791919350624,probability_native,0.03653791919350624,u_dc0b6ecfbf620e7c,4,2,official,principal
6832,0,0,0.023539580404758453,probability_native,0.023539580404758453,u_dc0b6ecfbf620e7c,4,2,official,principal
218,0,0,0.05841017886996269,probability_native,0.05841017886996269,u_dc0b6ecfbf620e7c,4,2,official,principal
374,0,1,0.565299928188324,probability_native,0.565299928188324,u_dc0b6ecfbf620e7c,4,2,official,principal
3098,1,0,0.4431731402873993,probability_native,0.4431731402873993,u_dc0b6ecfbf620e7c,4,2,official,principal
2498,0,0,0.37787625193595886,probability_native,0.37787625193595886,u_dc0b6ecfbf620e7c,4,2,official,principal
12,0,0,0.2723824381828308,probability_native,0.2723824381828308,u_dc0b6ecfbf620e7c,4,2,official,principal
1637,0,0,0.08987177908420563,probability_native,0.08987177908420563,u_dc0b6ecfbf620e7c,4,2,official,principal
5214,1,1,0.7491201162338257,probability_native,0.7491201162338257,u_dc0b6ecfbf620e7c,4,2,official,principal
2425,0,0,0.41385722160339355,probability_native,0.41385722160339355,u_dc0b6ecfbf620e7c,4,2,official,principal
6959,0,0,0.3590799868106842,probability_native,0.3590799868106842,u_dc0b6ecfbf620e7c,4,2,official,principal
1241,0,0,0.27390068769454956,probability_native,0.27390068769454956,u_dc0b6ecfbf620e7c,4,2,official,principal
1892,0,1,0.6534128189086914,probability_native,0.6534128189086914,u_dc0b6ecfbf620e7c,4,2,official,principal
5037,1,1,0.7924505472183228,probability_native,0.7924505472183228,u_dc0b6ecfbf620e7c,4,2,official,principal
5363,0,0,0.028409801423549652,probability_native,0.028409801423549652,u_dc0b6ecfbf620e7c,4,2,official,principal
4683,0,1,0.8009483218193054,probability_native,0.8009483218193054,u_dc0b6ecfbf620e7c,4,2,official,principal
5539,0,0,0.04912037402391434,probability_native,0.04912037402391434,u_dc0b6ecfbf620e7c,4,2,official,principal
2083,1,1,0.6146633625030518,probability_native,0.6146633625030518,u_dc0b6ecfbf620e7c,4,2,official,principal
4732,0,0,0.023152366280555725,probability_native,0.023152366280555725,u_dc0b6ecfbf620e7c,4,2,official,principal
1199,0,1,0.5150529742240906,probability_native,0.5150529742240906,u_dc0b6ecfbf620e7c,4,2,official,principal
1130,0,0,0.03297952935099602,probability_native,0.03297952935099602,u_dc0b6ecfbf620e7c,4,2,official,principal
4528,0,1,0.5186483860015869,probability_native,0.5186483860015869,u_dc0b6ecfbf620e7c,4,2,official,principal
297,0,1,0.7428193688392639,probability_native,0.7428193688392639,u_dc0b6ecfbf620e7c,4,2,official,principal
4141,0,1,0.5832858085632324,probability_native,0.5832858085632324,u_dc0b6ecfbf620e7c,4,2,official,principal
2884,0,0,0.01920190267264843,probability_native,0.01920190267264843,u_dc0b6ecfbf620e7c,4,2,official,principal
4741,0,1,0.7935715317726135,probability_native,0.7935715317726135,u_dc0b6ecfbf620e7c,4,2,official,principal
2426,0,0,0.297496497631073,probability_native,0.297496497631073,u_dc0b6ecfbf620e7c,4,2,official,principal
6202,1,0,0.06168726086616516,probability_native,0.06168726086616516,u_dc0b6ecfbf620e7c,4,2,official,principal
4963,0,0,0.15174807608127594,probability_native,0.15174807608127594,u_dc0b6ecfbf620e7c,4,2,official,principal
1755,0,0,0.4468335509300232,probability_native,0.4468335509300232,u_dc0b6ecfbf620e7c,4,2,official,principal
5052,0,0,0.29639291763305664,probability_native,0.29639291763305664,u_dc0b6ecfbf620e7c,4,2,official,principal
5281,0,0,0.01075403206050396,probability_native,0.01075403206050396,u_dc0b6ecfbf620e7c,4,2,official,principal
457,0,0,0.030687373131513596,probability_native,0.030687373131513596,u_dc0b6ecfbf620e7c,4,2,official,principal
2957,0,1,0.7949151992797852,probability_native,0.7949151992797852,u_dc0b6ecfbf620e7c,4,2,official,principal
3249,0,0,0.31046777963638306,probability_native,0.31046777963638306,u_dc0b6ecfbf620e7c,4,2,official,principal
6845,0,1,0.702814519405365,probability_native,0.702814519405365,u_dc0b6ecfbf620e7c,4,2,official,principal
2022,0,1,0.7480370402336121,probability_native,0.7480370402336121,u_dc0b6ecfbf620e7c,4,2,official,principal
5798,1,1,0.8719956874847412,probability_native,0.8719956874847412,u_dc0b6ecfbf620e7c,4,2,official,principal
963,0,0,0.04030294343829155,probability_native,0.04030294343829155,u_dc0b6ecfbf620e7c,4,2,official,principal
660,1,1,0.6450915336608887,probability_native,0.6450915336608887,u_dc0b6ecfbf620e7c,4,2,official,principal
5478,0,0,0.23023362457752228,probability_native,0.23023362457752228,u_dc0b6ecfbf620e7c,4,2,official,principal
4955,1,1,0.7934355735778809,probability_native,0.7934355735778809,u_dc0b6ecfbf620e7c,4,2,official,principal
5678,1,1,0.5227898955345154,probability_native,0.5227898955345154,u_dc0b6ecfbf620e7c,4,2,official,principal
5831,1,1,0.7720984220504761,probability_native,0.7720984220504761,u_dc0b6ecfbf620e7c,4,2,official,principal
5030,1,1,0.6921520829200745,probability_native,0.6921520829200745,u_dc0b6ecfbf620e7c,4,2,official,principal
1294,1,1,0.5752112865447998,probability_native,0.5752112865447998,u_dc0b6ecfbf620e7c,4,2,official,principal
2212,0,0,0.09522848576307297,probability_native,0.09522848576307297,u_dc0b6ecfbf620e7c,4,2,official,principal
6993,1,1,0.6984103918075562,probability_native,0.6984103918075562,u_dc0b6ecfbf620e7c,4,2,official,principal
6342,0,1,0.7456651926040649,probability_native,0.7456651926040649,u_dc0b6ecfbf620e7c,4,2,official,principal
3949,0,0,0.18981647491455078,probability_native,0.18981647491455078,u_dc0b6ecfbf620e7c,4,2,official,principal
3967,0,0,0.03923770412802696,probability_native,0.03923770412802696,u_dc0b6ecfbf620e7c,4,2,official,principal
276,1,1,0.7406921982765198,probability_native,0.7406921982765198,u_dc0b6ecfbf620e7c,4,2,official,principal
5867,0,0,0.04572250321507454,probability_native,0.04572250321507454,u_dc0b6ecfbf620e7c,4,2,official,principal
5132,0,0,0.1308782696723938,probability_native,0.1308782696723938,u_dc0b6ecfbf620e7c,4,2,official,principal
142,0,0,0.18468502163887024,probability_native,0.18468502163887024,u_dc0b6ecfbf620e7c,4,2,official,principal
1397,0,1,0.799875795841217,probability_native,0.799875795841217,u_dc0b6ecfbf620e7c,4,2,official,principal
4524,1,1,0.6082062721252441,probability_native,0.6082062721252441,u_dc0b6ecfbf620e7c,4,2,official,principal
4713,0,0,0.3172370195388794,probability_native,0.3172370195388794,u_dc0b6ecfbf620e7c,4,2,official,principal
1141,0,0,0.31746387481689453,probability_native,0.31746387481689453,u_dc0b6ecfbf620e7c,4,2,official,principal
4749,1,1,0.6681179404258728,probability_native,0.6681179404258728,u_dc0b6ecfbf620e7c,4,2,official,principal
4119,0,0,0.0818878561258316,probability_native,0.0818878561258316,u_dc0b6ecfbf620e7c,4,2,official,principal
4056,1,1,0.7431263327598572,probability_native,0.7431263327598572,u_dc0b6ecfbf620e7c,4,2,official,principal
1136,0,0,0.02183501236140728,probability_native,0.02183501236140728,u_dc0b6ecfbf620e7c,4,2,official,principal
3048,0,1,0.6591928005218506,probability_native,0.6591928005218506,u_dc0b6ecfbf620e7c,4,2,official,principal
115,0,1,0.6151513457298279,probability_native,0.6151513457298279,u_dc0b6ecfbf620e7c,4,2,official,principal
5298,0,1,0.7406921982765198,probability_native,0.7406921982765198,u_dc0b6ecfbf620e7c,4,2,official,principal
5643,1,1,0.8265498280525208,probability_native,0.8265498280525208,u_dc0b6ecfbf620e7c,4,2,official,principal
1008,1,0,0.37978020310401917,probability_native,0.37978020310401917,u_dc0b6ecfbf620e7c,4,2,official,principal
1416,0,0,0.05698174238204956,probability_native,0.05698174238204956,u_dc0b6ecfbf620e7c,4,2,official,principal
1989,0,0,0.031015686690807343,probability_native,0.031015686690807343,u_dc0b6ecfbf620e7c,4,2,official,principal
3915,0,0,0.14583751559257507,probability_native,0.14583751559257507,u_dc0b6ecfbf620e7c,4,2,official,principal
609,1,0,0.39075109362602234,probability_native,0.39075109362602234,u_dc0b6ecfbf620e7c,4,2,official,principal
1189,0,1,0.7137295603752136,probability_native,0.7137295603752136,u_dc0b6ecfbf620e7c,4,2,official,principal
2074,1,0,0.38526594638824463,probability_native,0.38526594638824463,u_dc0b6ecfbf620e7c,4,2,official,principal
5106,0,1,0.5394569635391235,probability_native,0.5394569635391235,u_dc0b6ecfbf620e7c,4,2,official,principal
2539,0,0,0.025952721014618874,probability_native,0.025952721014618874,u_dc0b6ecfbf620e7c,4,2,official,principal
5002,0,0,0.03641436994075775,probability_native,0.03641436994075775,u_dc0b6ecfbf620e7c,4,2,official,principal
4803,0,0,0.3420919179916382,probability_native,0.3420919179916382,u_dc0b6ecfbf620e7c,4,2,official,principal
1067,0,1,0.506740391254425,probability_native,0.506740391254425,u_dc0b6ecfbf620e7c,4,2,official,principal
5460,0,0,0.03382151201367378,probability_native,0.03382151201367378,u_dc0b6ecfbf620e7c,4,2,official,principal
1841,0,0,0.12250873446464539,probability_native,0.12250873446464539,u_dc0b6ecfbf620e7c,4,2,official,principal
6654,1,1,0.8664244413375854,probability_native,0.8664244413375854,u_dc0b6ecfbf620e7c,4,2,official,principal
19,0,1,0.7162931561470032,probability_native,0.7162931561470032,u_dc0b6ecfbf620e7c,4,2,official,principal
3882,0,1,0.64085453748703,probability_native,0.64085453748703,u_dc0b6ecfbf620e7c,4,2,official,principal
1331,0,1,0.7111678719520569,probability_native,0.7111678719520569,u_dc0b6ecfbf620e7c,4,2,official,principal
5399,0,0,0.07350378483533859,probability_native,0.07350378483533859,u_dc0b6ecfbf620e7c,4,2,official,principal
1548,0,1,0.5045104622840881,probability_native,0.5045104622840881,u_dc0b6ecfbf620e7c,4,2,official,principal
3271,1,1,0.8485419154167175,probability_native,0.8485419154167175,u_dc0b6ecfbf620e7c,4,2,official,principal
461,0,0,0.382069855928421,probability_native,0.382069855928421,u_dc0b6ecfbf620e7c,4,2,official,principal
390,0,1,0.6303773522377014,probability_native,0.6303773522377014,u_dc0b6ecfbf620e7c,4,2,official,principal
775,0,0,0.0903516486287117,probability_native,0.0903516486287117,u_dc0b6ecfbf620e7c,4,2,official,principal
2098,0,1,0.6799169182777405,probability_native,0.6799169182777405,u_dc0b6ecfbf620e7c,4,2,official,principal
5912,1,0,0.48340174555778503,probability_native,0.48340174555778503,u_dc0b6ecfbf620e7c,4,2,official,principal
431,0,0,0.01786891184747219,probability_native,0.01786891184747219,u_dc0b6ecfbf620e7c,4,2,official,principal
6882,0,0,0.17039541900157928,probability_native,0.17039541900157928,u_dc0b6ecfbf620e7c,4,2,official,principal
4158,0,0,0.02721599116921425,probability_native,0.02721599116921425,u_dc0b6ecfbf620e7c,4,2,official,principal
6469,0,0,0.040143903344869614,probability_native,0.040143903344869614,u_dc0b6ecfbf620e7c,4,2,official,principal
230,0,0,0.1509137600660324,probability_native,0.1509137600660324,u_dc0b6ecfbf620e7c,4,2,official,principal
3485,1,1,0.8210561275482178,probability_native,0.8210561275482178,u_dc0b6ecfbf620e7c,4,2,official,principal
5680,1,1,0.5812413096427917,probability_native,0.5812413096427917,u_dc0b6ecfbf620e7c,4,2,official,principal
125,0,0,0.15368744730949402,probability_native,0.15368744730949402,u_dc0b6ecfbf620e7c,4,2,official,principal
5749,0,1,0.5430034399032593,probability_native,0.5430034399032593,u_dc0b6ecfbf620e7c,4,2,official,principal
2697,0,0,0.03653963655233383,probability_native,0.03653963655233383,u_dc0b6ecfbf620e7c,4,2,official,principal
1843,0,0,0.023152366280555725,probability_native,0.023152366280555725,u_dc0b6ecfbf620e7c,4,2,official,principal
5899,0,1,0.5169102549552917,probability_native,0.5169102549552917,u_dc0b6ecfbf620e7c,4,2,official,principal
1150,0,1,0.5207778811454773,probability_native,0.5207778811454773,u_dc0b6ecfbf620e7c,4,2,official,principal
2688,1,1,0.8527294397354126,probability_native,0.8527294397354126,u_dc0b6ecfbf620e7c,4,2,official,principal
420,0,0,0.45109573006629944,probability_native,0.45109573006629944,u_dc0b6ecfbf620e7c,4,2,official,principal
5653,1,1,0.8497398495674133,probability_native,0.8497398495674133,u_dc0b6ecfbf620e7c,4,2,official,principal
1600,1,1,0.8774108290672302,probability_native,0.8774108290672302,u_dc0b6ecfbf620e7c,4,2,official,principal
980,0,0,0.24713899195194244,probability_native,0.24713899195194244,u_dc0b6ecfbf620e7c,4,2,official,principal
1084,0,0,0.04435541480779648,probability_native,0.04435541480779648,u_dc0b6ecfbf620e7c,4,2,official,principal
2207,1,1,0.8379318714141846,probability_native,0.8379318714141846,u_dc0b6ecfbf620e7c,4,2,official,principal
5297,0,0,0.03458898514509201,probability_native,0.03458898514509201,u_dc0b6ecfbf620e7c,4,2,official,principal
1901,0,0,0.14011992514133453,probability_native,0.14011992514133453,u_dc0b6ecfbf620e7c,4,2,official,principal
4865,0,0,0.48783332109451294,probability_native,0.48783332109451294,u_dc0b6ecfbf620e7c,4,2,official,principal
4567,0,1,0.7030308842658997,probability_native,0.7030308842658997,u_dc0b6ecfbf620e7c,4,2,official,principal
4033,0,0,0.03337866812944412,probability_native,0.03337866812944412,u_dc0b6ecfbf620e7c,4,2,official,principal
5523,0,1,0.7727776765823364,probability_native,0.7727776765823364,u_dc0b6ecfbf620e7c,4,2,official,principal
3123,0,1,0.6729095578193665,probability_native,0.6729095578193665,u_dc0b6ecfbf620e7c,4,2,official,principal
3794,0,0,0.39901822805404663,probability_native,0.39901822805404663,u_dc0b6ecfbf620e7c,4,2,official,principal
564,0,0,0.38050350546836853,probability_native,0.38050350546836853,u_dc0b6ecfbf620e7c,4,2,official,principal
1873,0,0,0.01951006054878235,probability_native,0.01951006054878235,u_dc0b6ecfbf620e7c,4,2,official,principal
6105,1,0,0.2282973974943161,probability_native,0.2282973974943161,u_dc0b6ecfbf620e7c,4,2,official,principal
2544,0,0,0.21565048396587372,probability_native,0.21565048396587372,u_dc0b6ecfbf620e7c,4,2,official,principal
4023,0,0,0.07350378483533859,probability_native,0.07350378483533859,u_dc0b6ecfbf620e7c,4,2,official,principal
5723,0,0,0.34449511766433716,probability_native,0.34449511766433716,u_dc0b6ecfbf620e7c,4,2,official,principal
2375,0,0,0.12533122301101685,probability_native,0.12533122301101685,u_dc0b6ecfbf620e7c,4,2,official,principal
4183,0,1,0.5494112968444824,probability_native,0.5494112968444824,u_dc0b6ecfbf620e7c,4,2,official,principal
3986,0,0,0.0486488901078701,probability_native,0.0486488901078701,u_dc0b6ecfbf620e7c,4,2,official,principal
7003,0,0,0.3327074348926544,probability_native,0.3327074348926544,u_dc0b6ecfbf620e7c,4,2,official,principal
1707,0,1,0.7677611708641052,probability_native,0.7677611708641052,u_dc0b6ecfbf620e7c,4,2,official,principal
3126,0,0,0.10010919719934464,probability_native,0.10010919719934464,u_dc0b6ecfbf620e7c,4,2,official,principal
5263,0,0,0.3899564743041992,probability_native,0.3899564743041992,u_dc0b6ecfbf620e7c,4,2,official,principal
3528,1,0,0.32490360736846924,probability_native,0.32490360736846924,u_dc0b6ecfbf620e7c,4,2,official,principal
5237,0,0,0.32168880105018616,probability_native,0.32168880105018616,u_dc0b6ecfbf620e7c,4,2,official,principal
1788,0,0,0.04875895753502846,probability_native,0.04875895753502846,u_dc0b6ecfbf620e7c,4,2,official,principal
2248,0,0,0.17800086736679077,probability_native,0.17800086736679077,u_dc0b6ecfbf620e7c,4,2,official,principal
1435,0,0,0.427865594625473,probability_native,0.427865594625473,u_dc0b6ecfbf620e7c,4,2,official,principal
501,0,0,0.08684026449918747,probability_native,0.08684026449918747,u_dc0b6ecfbf620e7c,4,2,official,principal
5198,1,0,0.3906305432319641,probability_native,0.3906305432319641,u_dc0b6ecfbf620e7c,4,2,official,principal
4255,1,0,0.3222646713256836,probability_native,0.3222646713256836,u_dc0b6ecfbf620e7c,4,2,official,principal
3252,0,0,0.07816116511821747,probability_native,0.07816116511821747,u_dc0b6ecfbf620e7c,4,2,official,principal
3584,0,1,0.6417396664619446,probability_native,0.6417396664619446,u_dc0b6ecfbf620e7c,4,2,official,principal
3535,0,0,0.18201641738414764,probability_native,0.18201641738414764,u_dc0b6ecfbf620e7c,4,2,official,principal
4099,0,0,0.41472360491752625,probability_native,0.41472360491752625,u_dc0b6ecfbf620e7c,4,2,official,principal
2600,0,1,0.8481382727622986,probability_native,0.8481382727622986,u_dc0b6ecfbf620e7c,4,2,official,principal
184,1,1,0.7705289721488953,probability_native,0.7705289721488953,u_dc0b6ecfbf620e7c,4,2,official,principal
1836,1,1,0.719408392906189,probability_native,0.719408392906189,u_dc0b6ecfbf620e7c,4,2,official,principal
5545,0,0,0.4984015226364136,probability_native,0.4984015226364136,u_dc0b6ecfbf620e7c,4,2,official,principal
1156,0,0,0.02987268939614296,probability_native,0.02987268939614296,u_dc0b6ecfbf620e7c,4,2,official,principal
1513,1,1,0.7111678719520569,probability_native,0.7111678719520569,u_dc0b6ecfbf620e7c,4,2,official,principal
4568,0,0,0.3180084824562073,probability_native,0.3180084824562073,u_dc0b6ecfbf620e7c,4,2,official,principal
4112,0,0,0.3564164638519287,probability_native,0.3564164638519287,u_dc0b6ecfbf620e7c,4,2,official,principal
6050,0,0,0.2864050269126892,probability_native,0.2864050269126892,u_dc0b6ecfbf620e7c,4,2,official,principal
1276,0,0,0.12557105720043182,probability_native,0.12557105720043182,u_dc0b6ecfbf620e7c,4,2,official,principal
4588,0,0,0.4637190103530884,probability_native,0.4637190103530884,u_dc0b6ecfbf620e7c,4,2,official,principal
4010,0,1,0.5810379981994629,probability_native,0.5810379981994629,u_dc0b6ecfbf620e7c,4,2,official,principal
396,0,0,0.45797058939933777,probability_native,0.45797058939933777,u_dc0b6ecfbf620e7c,4,2,official,principal
4523,0,1,0.5784960985183716,probability_native,0.5784960985183716,u_dc0b6ecfbf620e7c,4,2,official,principal
4220,0,0,0.03537868335843086,probability_native,0.03537868335843086,u_dc0b6ecfbf620e7c,4,2,official,principal
6138,0,0,0.26357734203338623,probability_native,0.26357734203338623,u_dc0b6ecfbf620e7c,4,2,official,principal
2653,0,0,0.026716887950897217,probability_native,0.026716887950897217,u_dc0b6ecfbf620e7c,4,2,official,principal
5492,0,0,0.03871782496571541,probability_native,0.03871782496571541,u_dc0b6ecfbf620e7c,4,2,official,principal
6505,0,0,0.029248658567667007,probability_native,0.029248658567667007,u_dc0b6ecfbf620e7c,4,2,official,principal
321,0,0,0.07478931546211243,probability_native,0.07478931546211243,u_dc0b6ecfbf620e7c,4,2,official,principal
2357,0,0,0.0808301493525505,probability_native,0.0808301493525505,u_dc0b6ecfbf620e7c,4,2,official,principal
407,0,0,0.4654158651828766,probability_native,0.4654158651828766,u_dc0b6ecfbf620e7c,4,2,official,principal
4614,0,0,0.20963038504123688,probability_native,0.20963038504123688,u_dc0b6ecfbf620e7c,4,2,official,principal
962,0,0,0.3125215768814087,probability_native,0.3125215768814087,u_dc0b6ecfbf620e7c,4,2,official,principal
2253,0,0,0.019659295678138733,probability_native,0.019659295678138733,u_dc0b6ecfbf620e7c,4,2,official,principal
4268,0,0,0.25922152400016785,probability_native,0.25922152400016785,u_dc0b6ecfbf620e7c,4,2,official,principal
3443,0,0,0.16582515835762024,probability_native,0.16582515835762024,u_dc0b6ecfbf620e7c,4,2,official,principal
2089,0,0,0.038446929305791855,probability_native,0.038446929305791855,u_dc0b6ecfbf620e7c,4,2,official,principal
6711,0,1,0.6620548367500305,probability_native,0.6620548367500305,u_dc0b6ecfbf620e7c,4,2,official,principal
2620,0,0,0.3755980432033539,probability_native,0.3755980432033539,u_dc0b6ecfbf620e7c,4,2,official,principal
6988,0,0,0.2346498966217041,probability_native,0.2346498966217041,u_dc0b6ecfbf620e7c,4,2,official,principal
4353,1,1,0.8646420836448669,probability_native,0.8646420836448669,u_dc0b6ecfbf620e7c,4,2,official,principal
40,0,0,0.09936153888702393,probability_native,0.09936153888702393,u_dc0b6ecfbf620e7c,4,2,official,principal
1158,0,0,0.3423410654067993,probability_native,0.3423410654067993,u_dc0b6ecfbf620e7c,4,2,official,principal
3667,0,0,0.3487708270549774,probability_native,0.3487708270549774,u_dc0b6ecfbf620e7c,4,2,official,principal
72,0,0,0.13622908294200897,probability_native,0.13622908294200897,u_dc0b6ecfbf620e7c,4,2,official,principal
5043,1,1,0.6684569716453552,probability_native,0.6684569716453552,u_dc0b6ecfbf620e7c,4,2,official,principal
354,1,0,0.46803519129753113,probability_native,0.46803519129753113,u_dc0b6ecfbf620e7c,4,2,official,principal
3484,0,0,0.46948128938674927,probability_native,0.46948128938674927,u_dc0b6ecfbf620e7c,4,2,official,principal
6556,0,0,0.06721934676170349,probability_native,0.06721934676170349,u_dc0b6ecfbf620e7c,4,2,official,principal
7009,1,1,0.7337698936462402,probability_native,0.7337698936462402,u_dc0b6ecfbf620e7c,4,2,official,principal
4092,0,1,0.6146633625030518,probability_native,0.6146633625030518,u_dc0b6ecfbf620e7c,4,2,official,principal
576,0,0,0.1234247013926506,probability_native,0.1234247013926506,u_dc0b6ecfbf620e7c,4,2,official,principal
4969,0,0,0.3659019470214844,probability_native,0.3659019470214844,u_dc0b6ecfbf620e7c,4,2,official,principal
3432,0,0,0.04530734941363335,probability_native,0.04530734941363335,u_dc0b6ecfbf620e7c,4,2,official,principal
1193,0,0,0.05812416598200798,probability_native,0.05812416598200798,u_dc0b6ecfbf620e7c,4,2,official,principal
4828,0,0,0.18022115528583527,probability_native,0.18022115528583527,u_dc0b6ecfbf620e7c,4,2,official,principal
5092,0,0,0.20963038504123688,probability_native,0.20963038504123688,u_dc0b6ecfbf620e7c,4,2,official,principal
1442,0,0,0.198265939950943,probability_native,0.198265939950943,u_dc0b6ecfbf620e7c,4,2,official,principal
620,0,0,0.383628785610199,probability_native,0.383628785610199,u_dc0b6ecfbf620e7c,4,2,official,principal
7035,0,1,0.6372503638267517,probability_native,0.6372503638267517,u_dc0b6ecfbf620e7c,4,2,official,principal
4289,0,0,0.038124606013298035,probability_native,0.038124606013298035,u_dc0b6ecfbf620e7c,4,2,official,principal
1050,1,1,0.5146046876907349,probability_native,0.5146046876907349,u_dc0b6ecfbf620e7c,4,2,official,principal
6161,0,1,0.6098887920379639,probability_native,0.6098887920379639,u_dc0b6ecfbf620e7c,4,2,official,principal
6428,1,1,0.7831259369850159,probability_native,0.7831259369850159,u_dc0b6ecfbf620e7c,4,2,official,principal
4274,0,0,0.06949003785848618,probability_native,0.06949003785848618,u_dc0b6ecfbf620e7c,4,2,official,principal
4801,0,0,0.012147290632128716,probability_native,0.012147290632128716,u_dc0b6ecfbf620e7c,4,2,official,principal
3574,0,1,0.6146633625030518,probability_native,0.6146633625030518,u_dc0b6ecfbf620e7c,4,2,official,principal
6538,1,1,0.7966563105583191,probability_native,0.7966563105583191,u_dc0b6ecfbf620e7c,4,2,official,principal
3823,0,0,0.01911032386124134,probability_native,0.01911032386124134,u_dc0b6ecfbf620e7c,4,2,official,principal
1700,0,0,0.040143903344869614,probability_native,0.040143903344869614,u_dc0b6ecfbf620e7c,4,2,official,principal
4469,0,0,0.11405065655708313,probability_native,0.11405065655708313,u_dc0b6ecfbf620e7c,4,2,official,principal
3852,0,1,0.6198298931121826,probability_native,0.6198298931121826,u_dc0b6ecfbf620e7c,4,2,official,principal
3186,0,0,0.023152366280555725,probability_native,0.023152366280555725,u_dc0b6ecfbf620e7c,4,2,official,principal
493,0,0,0.12095535546541214,probability_native,0.12095535546541214,u_dc0b6ecfbf620e7c,4,2,official,principal
6286,0,0,0.19552646577358246,probability_native,0.19552646577358246,u_dc0b6ecfbf620e7c,4,2,official,principal
726,0,0,0.04483019933104515,probability_native,0.04483019933104515,u_dc0b6ecfbf620e7c,4,2,official,principal
5483,1,1,0.6584374308586121,probability_native,0.6584374308586121,u_dc0b6ecfbf620e7c,4,2,official,principal
1818,0,0,0.3257194757461548,probability_native,0.3257194757461548,u_dc0b6ecfbf620e7c,4,2,official,principal
3188,1,0,0.4418949782848358,probability_native,0.4418949782848358,u_dc0b6ecfbf620e7c,4,2,official,principal
2970,1,1,0.7831259369850159,probability_native,0.7831259369850159,u_dc0b6ecfbf620e7c,4,2,official,principal
802,0,0,0.039090756326913834,probability_native,0.039090756326913834,u_dc0b6ecfbf620e7c,4,2,official,principal
6136,0,0,0.023032670840620995,probability_native,0.023032670840620995,u_dc0b6ecfbf620e7c,4,2,official,principal
1935,0,0,0.11018028855323792,probability_native,0.11018028855323792,u_dc0b6ecfbf620e7c,4,2,official,principal
5352,0,1,0.7016647458076477,probability_native,0.7016647458076477,u_dc0b6ecfbf620e7c,4,2,official,principal
2673,1,1,0.5878735780715942,probability_native,0.5878735780715942,u_dc0b6ecfbf620e7c,4,2,official,principal
4230,1,1,0.6680750250816345,probability_native,0.6680750250816345,u_dc0b6ecfbf620e7c,4,2,official,principal
3598,0,1,0.7524859309196472,probability_native,0.7524859309196472,u_dc0b6ecfbf620e7c,4,2,official,principal
6810,1,0,0.4946908950805664,probability_native,0.4946908950805664,u_dc0b6ecfbf620e7c,4,2,official,principal
6645,0,0,0.3935006260871887,probability_native,0.3935006260871887,u_dc0b6ecfbf620e7c,4,2,official,principal
2334,0,1,0.7301506996154785,probability_native,0.7301506996154785,u_dc0b6ecfbf620e7c,4,2,official,principal
1990,1,1,0.815432071685791,probability_native,0.815432071685791,u_dc0b6ecfbf620e7c,4,2,official,principal
2167,1,1,0.8564029335975647,probability_native,0.8564029335975647,u_dc0b6ecfbf620e7c,4,2,official,principal
2669,1,1,0.5942009687423706,probability_native,0.5942009687423706,u_dc0b6ecfbf620e7c,4,2,official,principal
2573,1,1,0.7083017230033875,probability_native,0.7083017230033875,u_dc0b6ecfbf620e7c,4,2,official,principal
83,0,1,0.5357422232627869,probability_native,0.5357422232627869,u_dc0b6ecfbf620e7c,4,2,official,principal
4323,1,0,0.35662347078323364,probability_native,0.35662347078323364,u_dc0b6ecfbf620e7c,4,2,official,principal
202,0,0,0.19487237930297852,probability_native,0.19487237930297852,u_dc0b6ecfbf620e7c,4,2,official,principal
4498,0,0,0.08572282642126083,probability_native,0.08572282642126083,u_dc0b6ecfbf620e7c,4,2,official,principal
4470,0,1,0.5549746751785278,probability_native,0.5549746751785278,u_dc0b6ecfbf620e7c,4,2,official,principal
3014,0,1,0.7139067053794861,probability_native,0.7139067053794861,u_dc0b6ecfbf620e7c,4,2,official,principal
5837,0,1,0.6603988409042358,probability_native,0.6603988409042358,u_dc0b6ecfbf620e7c,4,2,official,principal
4843,0,0,0.02589721605181694,probability_native,0.02589721605181694,u_dc0b6ecfbf620e7c,4,2,official,principal
5211,1,1,0.8554182052612305,probability_native,0.8554182052612305,u_dc0b6ecfbf620e7c,4,2,official,principal
737,0,0,0.05593511089682579,probability_native,0.05593511089682579,u_dc0b6ecfbf620e7c,4,2,official,principal
1646,0,0,0.03644253686070442,probability_native,0.03644253686070442,u_dc0b6ecfbf620e7c,4,2,official,principal
1910,0,1,0.6614913940429688,probability_native,0.6614913940429688,u_dc0b6ecfbf620e7c,4,2,official,principal
4892,0,1,0.7972148060798645,probability_native,0.7972148060798645,u_dc0b6ecfbf620e7c,4,2,official,principal
6904,0,0,0.4728626608848572,probability_native,0.4728626608848572,u_dc0b6ecfbf620e7c,4,2,official,principal
797,0,0,0.2106897234916687,probability_native,0.2106897234916687,u_dc0b6ecfbf620e7c,4,2,official,principal
1188,0,0,0.4308795630931854,probability_native,0.4308795630931854,u_dc0b6ecfbf620e7c,4,2,official,principal
4026,0,0,0.06807062029838562,probability_native,0.06807062029838562,u_dc0b6ecfbf620e7c,4,2,official,principal
3430,0,0,0.1388213336467743,probability_native,0.1388213336467743,u_dc0b6ecfbf620e7c,4,2,official,principal
5588,1,1,0.6942591071128845,probability_native,0.6942591071128845,u_dc0b6ecfbf620e7c,4,2,official,principal
6018,0,0,0.03930966183543205,probability_native,0.03930966183543205,u_dc0b6ecfbf620e7c,4,2,official,principal
4650,0,0,0.12529371678829193,probability_native,0.12529371678829193,u_dc0b6ecfbf620e7c,4,2,official,principal
4776,0,1,0.8401413559913635,probability_native,0.8401413559913635,u_dc0b6ecfbf620e7c,4,2,official,principal
2075,0,1,0.7615542411804199,probability_native,0.7615542411804199,u_dc0b6ecfbf620e7c,4,2,official,principal
1445,0,1,0.6724852919578552,probability_native,0.6724852919578552,u_dc0b6ecfbf620e7c,4,2,official,principal
4887,0,0,0.11301799863576889,probability_native,0.11301799863576889,u_dc0b6ecfbf620e7c,4,2,official,principal
5371,1,0,0.27255481481552124,probability_native,0.27255481481552124,u_dc0b6ecfbf620e7c,4,2,official,principal
3178,1,0,0.424673467874527,probability_native,0.424673467874527,u_dc0b6ecfbf620e7c,4,2,official,principal
6302,1,1,0.8057300448417664,probability_native,0.8057300448417664,u_dc0b6ecfbf620e7c,4,2,official,principal
4639,0,1,0.7868330478668213,probability_native,0.7868330478668213,u_dc0b6ecfbf620e7c,4,2,official,principal
4471,1,0,0.350046306848526,probability_native,0.350046306848526,u_dc0b6ecfbf620e7c,4,2,official,principal
2054,1,1,0.7888168692588806,probability_native,0.7888168692588806,u_dc0b6ecfbf620e7c,4,2,official,principal
3909,0,0,0.053668148815631866,probability_native,0.053668148815631866,u_dc0b6ecfbf620e7c,4,2,official,principal
5566,0,0,0.04500645399093628,probability_native,0.04500645399093628,u_dc0b6ecfbf620e7c,4,2,official,principal
358,1,0,0.18850809335708618,probability_native,0.18850809335708618,u_dc0b6ecfbf620e7c,4,2,official,principal
4960,1,1,0.7472028732299805,probability_native,0.7472028732299805,u_dc0b6ecfbf620e7c,4,2,official,principal
1564,1,1,0.8592174053192139,probability_native,0.8592174053192139,u_dc0b6ecfbf620e7c,4,2,official,principal
4826,1,1,0.8606666326522827,probability_native,0.8606666326522827,u_dc0b6ecfbf620e7c,4,2,official,principal
5076,1,0,0.4110187292098999,probability_native,0.4110187292098999,u_dc0b6ecfbf620e7c,4,2,official,principal
2533,0,0,0.036942191421985626,probability_native,0.036942191421985626,u_dc0b6ecfbf620e7c,4,2,official,principal
5966,1,1,0.5950270295143127,probability_native,0.5950270295143127,u_dc0b6ecfbf620e7c,4,2,official,principal
2774,0,0,0.39516615867614746,probability_native,0.39516615867614746,u_dc0b6ecfbf620e7c,4,2,official,principal
2513,0,0,0.02389906719326973,probability_native,0.02389906719326973,u_dc0b6ecfbf620e7c,4,2,official,principal
1387,0,0,0.01748824305832386,probability_native,0.01748824305832386,u_dc0b6ecfbf620e7c,4,2,official,principal
784,0,0,0.05568581447005272,probability_native,0.05568581447005272,u_dc0b6ecfbf620e7c,4,2,official,principal
4040,0,0,0.047609660774469376,probability_native,0.047609660774469376,u_dc0b6ecfbf620e7c,4,2,official,principal
5235,0,1,0.7079916596412659,probability_native,0.7079916596412659,u_dc0b6ecfbf620e7c,4,2,official,principal
1004,0,0,0.1825808584690094,probability_native,0.1825808584690094,u_dc0b6ecfbf620e7c,4,2,official,principal
951,0,1,0.7285817861557007,probability_native,0.7285817861557007,u_dc0b6ecfbf620e7c,4,2,official,principal
3590,0,0,0.09726526588201523,probability_native,0.09726526588201523,u_dc0b6ecfbf620e7c,4,2,official,principal
6984,0,0,0.19344326853752136,probability_native,0.19344326853752136,u_dc0b6ecfbf620e7c,4,2,official,principal
3316,0,0,0.08951544016599655,probability_native,0.08951544016599655,u_dc0b6ecfbf620e7c,4,2,official,principal
3480,0,0,0.035294558852910995,probability_native,0.035294558852910995,u_dc0b6ecfbf620e7c,4,2,official,principal
5187,0,1,0.739986002445221,probability_native,0.739986002445221,u_dc0b6ecfbf620e7c,4,2,official,principal
6598,0,0,0.04175545275211334,probability_native,0.04175545275211334,u_dc0b6ecfbf620e7c,4,2,official,principal
5609,1,1,0.5090615749359131,probability_native,0.5090615749359131,u_dc0b6ecfbf620e7c,4,2,official,principal
924,0,0,0.4548061192035675,probability_native,0.4548061192035675,u_dc0b6ecfbf620e7c,4,2,official,principal
6931,0,0,0.17026416957378387,probability_native,0.17026416957378387,u_dc0b6ecfbf620e7c,4,2,official,principal
1295,0,0,0.040063146501779556,probability_native,0.040063146501779556,u_dc0b6ecfbf620e7c,4,2,official,principal
3911,1,0,0.3185744881629944,probability_native,0.3185744881629944,u_dc0b6ecfbf620e7c,4,2,official,principal
4057,0,0,0.01622915267944336,probability_native,0.01622915267944336,u_dc0b6ecfbf620e7c,4,2,official,principal
4218,0,0,0.4392353594303131,probability_native,0.4392353594303131,u_dc0b6ecfbf620e7c,4,2,official,principal
4895,0,0,0.33067360520362854,probability_native,0.33067360520362854,u_dc0b6ecfbf620e7c,4,2,official,principal
514,0,0,0.28088483214378357,probability_native,0.28088483214378357,u_dc0b6ecfbf620e7c,4,2,official,principal
4835,0,1,0.5883474349975586,probability_native,0.5883474349975586,u_dc0b6ecfbf620e7c,4,2,official,principal
45,0,1,0.6954352259635925,probability_native,0.6954352259635925,u_dc0b6ecfbf620e7c,4,2,official,principal
6749,0,0,0.06590498238801956,probability_native,0.06590498238801956,u_dc0b6ecfbf620e7c,4,2,official,principal
2992,0,0,0.26455414295196533,probability_native,0.26455414295196533,u_dc0b6ecfbf620e7c,4,2,official,principal
4991,1,0,0.2903268039226532,probability_native,0.2903268039226532,u_dc0b6ecfbf620e7c,4,2,official,principal
3041,0,1,0.7404465079307556,probability_native,0.7404465079307556,u_dc0b6ecfbf620e7c,4,2,official,principal
5788,0,1,0.7180031538009644,probability_native,0.7180031538009644,u_dc0b6ecfbf620e7c,4,2,official,principal
1860,0,0,0.027080513536930084,probability_native,0.027080513536930084,u_dc0b6ecfbf620e7c,4,2,official,principal
401,0,0,0.10456303507089615,probability_native,0.10456303507089615,u_dc0b6ecfbf620e7c,4,2,official,principal
130,0,1,0.8365917801856995,probability_native,0.8365917801856995,u_dc0b6ecfbf620e7c,4,2,official,principal
1392,0,0,0.0368933379650116,probability_native,0.0368933379650116,u_dc0b6ecfbf620e7c,4,2,official,principal
287,1,1,0.8417170643806458,probability_native,0.8417170643806458,u_dc0b6ecfbf620e7c,4,2,official,principal
4184,1,1,0.8025583624839783,probability_native,0.8025583624839783,u_dc0b6ecfbf620e7c,4,2,official,principal
2412,1,0,0.06735383719205856,probability_native,0.06735383719205856,u_dc0b6ecfbf620e7c,4,2,official,principal
1585,0,0,0.09390430897474289,probability_native,0.09390430897474289,u_dc0b6ecfbf620e7c,4,2,official,principal
5705,0,1,0.5810379981994629,probability_native,0.5810379981994629,u_dc0b6ecfbf620e7c,4,2,official,principal
6367,0,0,0.0402749739587307,probability_native,0.0402749739587307,u_dc0b6ecfbf620e7c,4,2,official,principal
6373,0,0,0.4931451976299286,probability_native,0.4931451976299286,u_dc0b6ecfbf620e7c,4,2,official,principal
4953,0,0,0.03252789378166199,probability_native,0.03252789378166199,u_dc0b6ecfbf620e7c,4,2,official,principal
4540,0,1,0.5863519906997681,probability_native,0.5863519906997681,u_dc0b6ecfbf620e7c,4,2,official,principal
848,0,0,0.029732096940279007,probability_native,0.029732096940279007,u_dc0b6ecfbf620e7c,4,2,official,principal
6884,1,1,0.7388863563537598,probability_native,0.7388863563537598,u_dc0b6ecfbf620e7c,4,2,official,principal
533,0,0,0.3088821470737457,probability_native,0.3088821470737457,u_dc0b6ecfbf620e7c,4,2,official,principal
1518,0,0,0.3614689111709595,probability_native,0.3614689111709595,u_dc0b6ecfbf620e7c,4,2,official,principal
4322,0,1,0.8506627082824707,probability_native,0.8506627082824707,u_dc0b6ecfbf620e7c,4,2,official,principal
1958,0,1,0.5666316747665405,probability_native,0.5666316747665405,u_dc0b6ecfbf620e7c,4,2,official,principal
1261,0,1,0.6734316945075989,probability_native,0.6734316945075989,u_dc0b6ecfbf620e7c,4,2,official,principal
1640,0,0,0.08471249788999557,probability_native,0.08471249788999557,u_dc0b6ecfbf620e7c,4,2,official,principal
5607,1,0,0.40278398990631104,probability_native,0.40278398990631104,u_dc0b6ecfbf620e7c,4,2,official,principal
6024,1,1,0.8012979030609131,probability_native,0.8012979030609131,u_dc0b6ecfbf620e7c,4,2,official,principal
6112,0,0,0.43688592314720154,probability_native,0.43688592314720154,u_dc0b6ecfbf620e7c,4,2,official,principal
3474,0,0,0.374234139919281,probability_native,0.374234139919281,u_dc0b6ecfbf620e7c,4,2,official,principal
1391,0,1,0.6574759483337402,probability_native,0.6574759483337402,u_dc0b6ecfbf620e7c,4,2,official,principal
5690,0,0,0.04006397724151611,probability_native,0.04006397724151611,u_dc0b6ecfbf620e7c,4,2,official,principal
4254,1,0,0.4997062683105469,probability_native,0.4997062683105469,u_dc0b6ecfbf620e7c,4,2,official,principal
991,0,0,0.043558891862630844,probability_native,0.043558891862630844,u_dc0b6ecfbf620e7c,4,2,official,principal
4492,0,0,0.0416477732360363,probability_native,0.0416477732360363,u_dc0b6ecfbf620e7c,4,2,official,principal
2428,1,1,0.5385280847549438,probability_native,0.5385280847549438,u_dc0b6ecfbf620e7c,4,2,official,principal
3339,0,0,0.024226253852248192,probability_native,0.024226253852248192,u_dc0b6ecfbf620e7c,4,2,official,principal
2029,1,0,0.16636411845684052,probability_native,0.16636411845684052,u_dc0b6ecfbf620e7c,4,2,official,principal
655,0,1,0.7246285080909729,probability_native,0.7246285080909729,u_dc0b6ecfbf620e7c,4,2,official,principal
6180,0,0,0.12721557915210724,probability_native,0.12721557915210724,u_dc0b6ecfbf620e7c,4,2,official,principal
3369,0,0,0.47233206033706665,probability_native,0.47233206033706665,u_dc0b6ecfbf620e7c,4,2,official,principal
2541,0,0,0.027360744774341583,probability_native,0.027360744774341583,u_dc0b6ecfbf620e7c,4,2,official,principal
1996,0,0,0.024023650214076042,probability_native,0.024023650214076042,u_dc0b6ecfbf620e7c,4,2,official,principal
6778,0,0,0.02494274079799652,probability_native,0.02494274079799652,u_dc0b6ecfbf620e7c,4,2,official,principal
6091,1,1,0.8141046762466431,probability_native,0.8141046762466431,u_dc0b6ecfbf620e7c,4,2,official,principal
5001,1,0,0.2975539267063141,probability_native,0.2975539267063141,u_dc0b6ecfbf620e7c,4,2,official,principal
6732,0,1,0.6900779008865356,probability_native,0.6900779008865356,u_dc0b6ecfbf620e7c,4,2,official,principal
4687,1,1,0.6413423418998718,probability_native,0.6413423418998718,u_dc0b6ecfbf620e7c,4,2,official,principal
3313,0,1,0.6482195854187012,probability_native,0.6482195854187012,u_dc0b6ecfbf620e7c,4,2,official,principal
47,1,1,0.8537195324897766,probability_native,0.8537195324897766,u_dc0b6ecfbf620e7c,4,2,official,principal
2585,0,0,0.03653791919350624,probability_native,0.03653791919350624,u_dc0b6ecfbf620e7c,4,2,official,principal
6299,0,0,0.10039675980806351,probability_native,0.10039675980806351,u_dc0b6ecfbf620e7c,4,2,official,principal
1128,0,0,0.38978251814842224,probability_native,0.38978251814842224,u_dc0b6ecfbf620e7c,4,2,official,principal
6201,0,1,0.6395643353462219,probability_native,0.6395643353462219,u_dc0b6ecfbf620e7c,4,2,official,principal
5897,0,0,0.027944762259721756,probability_native,0.027944762259721756,u_dc0b6ecfbf620e7c,4,2,official,principal
1751,1,1,0.8014655113220215,probability_native,0.8014655113220215,u_dc0b6ecfbf620e7c,4,2,official,principal
4904,0,1,0.637769341468811,probability_native,0.637769341468811,u_dc0b6ecfbf620e7c,4,2,official,principal
4411,0,0,0.20404253900051117,probability_native,0.20404253900051117,u_dc0b6ecfbf620e7c,4,2,official,principal
1314,1,0,0.22599224746227264,probability_native,0.22599224746227264,u_dc0b6ecfbf620e7c,4,2,official,principal
6805,0,0,0.3534729778766632,probability_native,0.3534729778766632,u_dc0b6ecfbf620e7c,4,2,official,principal
798,0,1,0.6141454577445984,probability_native,0.6141454577445984,u_dc0b6ecfbf620e7c,4,2,official,principal
3690,1,0,0.4188983142375946,probability_native,0.4188983142375946,u_dc0b6ecfbf620e7c,4,2,official,principal
5407,0,0,0.01561006810516119,probability_native,0.01561006810516119,u_dc0b6ecfbf620e7c,4,2,official,principal
4134,0,1,0.5876531600952148,probability_native,0.5876531600952148,u_dc0b6ecfbf620e7c,4,2,official,principal
5997,0,1,0.8585619926452637,probability_native,0.8585619926452637,u_dc0b6ecfbf620e7c,4,2,official,principal
1790,1,1,0.6374418139457703,probability_native,0.6374418139457703,u_dc0b6ecfbf620e7c,4,2,official,principal
112,0,1,0.6750408411026001,probability_native,0.6750408411026001,u_dc0b6ecfbf620e7c,4,2,official,principal
5501,0,0,0.26785022020339966,probability_native,0.26785022020339966,u_dc0b6ecfbf620e7c,4,2,official,principal
1414,0,1,0.537328839302063,probability_native,0.537328839302063,u_dc0b6ecfbf620e7c,4,2,official,principal
625,0,1,0.7147269248962402,probability_native,0.7147269248962402,u_dc0b6ecfbf620e7c,4,2,official,principal
3412,0,0,0.08460685610771179,probability_native,0.08460685610771179,u_dc0b6ecfbf620e7c,4,2,official,principal
375,0,0,0.12703053653240204,probability_native,0.12703053653240204,u_dc0b6ecfbf620e7c,4,2,official,principal
4557,0,0,0.13560450077056885,probability_native,0.13560450077056885,u_dc0b6ecfbf620e7c,4,2,official,principal
1885,0,0,0.1454433649778366,probability_native,0.1454433649778366,u_dc0b6ecfbf620e7c,4,2,official,principal
3498,1,0,0.4554126560688019,probability_native,0.4554126560688019,u_dc0b6ecfbf620e7c,4,2,official,principal
3058,1,0,0.14543774724006653,probability_native,0.14543774724006653,u_dc0b6ecfbf620e7c,4,2,official,principal
5530,0,0,0.3349483907222748,probability_native,0.3349483907222748,u_dc0b6ecfbf620e7c,4,2,official,principal
1253,1,1,0.8526069521903992,probability_native,0.8526069521903992,u_dc0b6ecfbf620e7c,4,2,official,principal
5386,0,0,0.454582154750824,probability_native,0.454582154750824,u_dc0b6ecfbf620e7c,4,2,official,principal
58,0,0,0.02485951967537403,probability_native,0.02485951967537403,u_dc0b6ecfbf620e7c,4,2,official,principal
1275,0,0,0.02308228425681591,probability_native,0.02308228425681591,u_dc0b6ecfbf620e7c,4,2,official,principal
4546,1,1,0.7539520859718323,probability_native,0.7539520859718323,u_dc0b6ecfbf620e7c,4,2,official,principal
3946,1,0,0.3014298677444458,probability_native,0.3014298677444458,u_dc0b6ecfbf620e7c,4,2,official,principal
1488,0,1,0.6111397743225098,probability_native,0.6111397743225098,u_dc0b6ecfbf620e7c,4,2,official,principal
6303,0,0,0.3096204102039337,probability_native,0.3096204102039337,u_dc0b6ecfbf620e7c,4,2,official,principal
5639,0,0,0.22332797944545746,probability_native,0.22332797944545746,u_dc0b6ecfbf620e7c,4,2,official,principal
