row_id,y_true,y_pred,score_positive,score_type,probability_native,unit_id,outer_fold,replicate,purpose,variant
3810,0,1,0.5598589777946472,probability_native,0.5598589777946472,u_dcf78d6a1fa170cf,2,2,official,principal
3938,0,0,0.3093673884868622,probability_native,0.3093673884868622,u_dcf78d6a1fa170cf,2,2,official,principal
2764,0,0,0.10375689715147018,probability_native,0.10375689715147018,u_dcf78d6a1fa170cf,2,2,official,principal
3113,0,1,0.5704885125160217,probability_native,0.5704885125160217,u_dcf78d6a1fa170cf,2,2,official,principal
4559,0,0,0.1007036566734314,probability_native,0.1007036566734314,u_dcf78d6a1fa170cf,2,2,official,principal
2935,0,0,0.01923968829214573,probability_native,0.01923968829214573,u_dcf78d6a1fa170cf,2,2,official,principal
1236,1,1,0.763175904750824,probability_native,0.763175904750824,u_dcf78d6a1fa170cf,2,2,official,principal
6780,0,0,0.1609346717596054,probability_native,0.1609346717596054,u_dcf78d6a1fa170cf,2,2,official,principal
2564,1,0,0.12848249077796936,probability_native,0.12848249077796936,u_dcf78d6a1fa170cf,2,2,official,principal
3128,0,0,0.10122918337583542,probability_native,0.10122918337583542,u_dcf78d6a1fa170cf,2,2,official,principal
645,1,1,0.7002180814743042,probability_native,0.7002180814743042,u_dcf78d6a1fa170cf,2,2,official,principal
6155,1,0,0.09497828781604767,probability_native,0.09497828781604767,u_dcf78d6a1fa170cf,2,2,official,principal
3716,1,1,0.758662760257721,probability_native,0.758662760257721,u_dcf78d6a1fa170cf,2,2,official,principal
2455,1,1,0.6055129170417786,probability_native,0.6055129170417786,u_dcf78d6a1fa170cf,2,2,official,principal
6812,0,0,0.22101649641990662,probability_native,0.22101649641990662,u_dcf78d6a1fa170cf,2,2,official,principal
2189,0,0,0.01694371923804283,probability_native,0.01694371923804283,u_dcf78d6a1fa170cf,2,2,official,principal
4095,0,0,0.4900487959384918,probability_native,0.4900487959384918,u_dcf78d6a1fa170cf,2,2,official,principal
5786,0,0,0.017267238348722458,probability_native,0.017267238348722458,u_dcf78d6a1fa170cf,2,2,official,principal
3948,0,0,0.16146908700466156,probability_native,0.16146908700466156,u_dcf78d6a1fa170cf,2,2,official,principal
5121,0,0,0.09672503918409348,probability_native,0.09672503918409348,u_dcf78d6a1fa170cf,2,2,official,principal
6944,0,0,0.19870415329933167,probability_native,0.19870415329933167,u_dcf78d6a1fa170cf,2,2,official,principal
3552,0,0,0.06231594830751419,probability_native,0.06231594830751419,u_dcf78d6a1fa170cf,2,2,official,principal
3101,0,0,0.19858838617801666,probability_native,0.19858838617801666,u_dcf78d6a1fa170cf,2,2,official,principal
2553,0,0,0.20469608902931213,probability_native,0.20469608902931213,u_dcf78d6a1fa170cf,2,2,official,principal
3070,0,0,0.1640494018793106,probability_native,0.1640494018793106,u_dcf78d6a1fa170cf,2,2,official,principal
4690,0,0,0.15092097222805023,probability_native,0.15092097222805023,u_dcf78d6a1fa170cf,2,2,official,principal
537,0,0,0.0635598823428154,probability_native,0.0635598823428154,u_dcf78d6a1fa170cf,2,2,official,principal
6228,0,0,0.04753759503364563,probability_native,0.04753759503364563,u_dcf78d6a1fa170cf,2,2,official,principal
465,0,0,0.02735322341322899,probability_native,0.02735322341322899,u_dcf78d6a1fa170cf,2,2,official,principal
1657,0,0,0.10845429450273514,probability_native,0.10845429450273514,u_dcf78d6a1fa170cf,2,2,official,principal
835,0,0,0.21524788439273834,probability_native,0.21524788439273834,u_dcf78d6a1fa170cf,2,2,official,principal
763,0,0,0.018817195668816566,probability_native,0.018817195668816566,u_dcf78d6a1fa170cf,2,2,official,principal
1002,0,1,0.6340086460113525,probability_native,0.6340086460113525,u_dcf78d6a1fa170cf,2,2,official,principal
6146,1,1,0.5012691020965576,probability_native,0.5012691020965576,u_dcf78d6a1fa170cf,2,2,official,principal
1720,0,1,0.6881664395332336,probability_native,0.6881664395332336,u_dcf78d6a1fa170cf,2,2,official,principal
1682,0,0,0.04457086697220802,probability_native,0.04457086697220802,u_dcf78d6a1fa170cf,2,2,official,principal
6715,0,1,0.7375704050064087,probability_native,0.7375704050064087,u_dcf78d6a1fa170cf,2,2,official,principal
3046,0,0,0.24725882709026337,probability_native,0.24725882709026337,u_dcf78d6a1fa170cf,2,2,official,principal
1957,0,0,0.13532038033008575,probability_native,0.13532038033008575,u_dcf78d6a1fa170cf,2,2,official,principal
3462,1,1,0.7217166423797607,probability_native,0.7217166423797607,u_dcf78d6a1fa170cf,2,2,official,principal
2655,1,1,0.6268424987792969,probability_native,0.6268424987792969,u_dcf78d6a1fa170cf,2,2,official,principal
6831,1,1,0.7517367601394653,probability_native,0.7517367601394653,u_dcf78d6a1fa170cf,2,2,official,principal
5825,1,1,0.7809077501296997,probability_native,0.7809077501296997,u_dcf78d6a1fa170cf,2,2,official,principal
5963,0,0,0.12998606264591217,probability_native,0.12998606264591217,u_dcf78d6a1fa170cf,2,2,official,principal
931,0,0,0.03593999519944191,probability_native,0.03593999519944191,u_dcf78d6a1fa170cf,2,2,official,principal
4680,0,0,0.213043212890625,probability_native,0.213043212890625,u_dcf78d6a1fa170cf,2,2,official,principal
940,0,0,0.033585790544748306,probability_native,0.033585790544748306,u_dcf78d6a1fa170cf,2,2,official,principal
771,1,1,0.7013290524482727,probability_native,0.7013290524482727,u_dcf78d6a1fa170cf,2,2,official,principal
2482,0,1,0.6134392023086548,probability_native,0.6134392023086548,u_dcf78d6a1fa170cf,2,2,official,principal
1146,0,0,0.059393446892499924,probability_native,0.059393446892499924,u_dcf78d6a1fa170cf,2,2,official,principal
3179,0,0,0.024473296478390694,probability_native,0.024473296478390694,u_dcf78d6a1fa170cf,2,2,official,principal
6258,0,0,0.20633123815059662,probability_native,0.20633123815059662,u_dcf78d6a1fa170cf,2,2,official,principal
5934,1,1,0.5347724556922913,probability_native,0.5347724556922913,u_dcf78d6a1fa170cf,2,2,official,principal
295,0,0,0.31509315967559814,probability_native,0.31509315967559814,u_dcf78d6a1fa170cf,2,2,official,principal
2298,0,0,0.1001153290271759,probability_native,0.1001153290271759,u_dcf78d6a1fa170cf,2,2,official,principal
4756,0,0,0.12225775420665741,probability_native,0.12225775420665741,u_dcf78d6a1fa170cf,2,2,official,principal
1988,1,0,0.21906165778636932,probability_native,0.21906165778636932,u_dcf78d6a1fa170cf,2,2,official,principal
3110,0,0,0.2599658668041229,probability_native,0.2599658668041229,u_dcf78d6a1fa170cf,2,2,official,principal
597,0,0,0.23911242187023163,probability_native,0.23911242187023163,u_dcf78d6a1fa170cf,2,2,official,principal
105,0,0,0.30811265110969543,probability_native,0.30811265110969543,u_dcf78d6a1fa170cf,2,2,official,principal
60,0,1,0.5403174757957458,probability_native,0.5403174757957458,u_dcf78d6a1fa170cf,2,2,official,principal
1109,0,0,0.17559683322906494,probability_native,0.17559683322906494,u_dcf78d6a1fa170cf,2,2,official,principal
1672,0,0,0.017526840791106224,probability_native,0.017526840791106224,u_dcf78d6a1fa170cf,2,2,official,principal
2696,0,0,0.022503845393657684,probability_native,0.022503845393657684,u_dcf78d6a1fa170cf,2,2,official,principal
5707,0,0,0.49706369638442993,probability_native,0.49706369638442993,u_dcf78d6a1fa170cf,2,2,official,principal
3586,1,0,0.1968117505311966,probability_native,0.1968117505311966,u_dcf78d6a1fa170cf,2,2,official,principal
2538,0,0,0.09538263827562332,probability_native,0.09538263827562332,u_dcf78d6a1fa170cf,2,2,official,principal
221,0,0,0.014999212697148323,probability_native,0.014999212697148323,u_dcf78d6a1fa170cf,2,2,official,principal
3167,0,0,0.041183557361364365,probability_native,0.041183557361364365,u_dcf78d6a1fa170cf,2,2,official,principal
2108,0,0,0.12803666293621063,probability_native,0.12803666293621063,u_dcf78d6a1fa170cf,2,2,official,principal
4565,0,0,0.0697314441204071,probability_native,0.0697314441204071,u_dcf78d6a1fa170cf,2,2,official,principal
6905,0,0,0.2733262777328491,probability_native,0.2733262777328491,u_dcf78d6a1fa170cf,2,2,official,principal
5041,0,0,0.03106081299483776,probability_native,0.03106081299483776,u_dcf78d6a1fa170cf,2,2,official,principal
718,0,0,0.21739612519741058,probability_native,0.21739612519741058,u_dcf78d6a1fa170cf,2,2,official,principal
5408,0,0,0.019496871158480644,probability_native,0.019496871158480644,u_dcf78d6a1fa170cf,2,2,official,principal
2991,0,0,0.35082900524139404,probability_native,0.35082900524139404,u_dcf78d6a1fa170cf,2,2,official,principal
5310,0,0,0.10683287680149078,probability_native,0.10683287680149078,u_dcf78d6a1fa170cf,2,2,official,principal
3709,0,1,0.5141114592552185,probability_native,0.5141114592552185,u_dcf78d6a1fa170cf,2,2,official,principal
2724,0,0,0.031523071229457855,probability_native,0.031523071229457855,u_dcf78d6a1fa170cf,2,2,official,principal
5361,0,0,0.04692869260907173,probability_native,0.04692869260907173,u_dcf78d6a1fa170cf,2,2,official,principal
2258,0,0,0.046669747680425644,probability_native,0.046669747680425644,u_dcf78d6a1fa170cf,2,2,official,principal
6040,1,1,0.6921224594116211,probability_native,0.6921224594116211,u_dcf78d6a1fa170cf,2,2,official,principal
6632,1,0,0.1112220361828804,probability_native,0.1112220361828804,u_dcf78d6a1fa170cf,2,2,official,principal
2903,0,0,0.1508779078722,probability_native,0.1508779078722,u_dcf78d6a1fa170cf,2,2,official,principal
1945,0,0,0.014436185359954834,probability_native,0.014436185359954834,u_dcf78d6a1fa170cf,2,2,official,principal
3557,0,0,0.19299404323101044,probability_native,0.19299404323101044,u_dcf78d6a1fa170cf,2,2,official,principal
168,1,0,0.17082539200782776,probability_native,0.17082539200782776,u_dcf78d6a1fa170cf,2,2,official,principal
1734,1,0,0.49683666229248047,probability_native,0.49683666229248047,u_dcf78d6a1fa170cf,2,2,official,principal
6560,0,0,0.03179839625954628,probability_native,0.03179839625954628,u_dcf78d6a1fa170cf,2,2,official,principal
5957,1,0,0.4002559781074524,probability_native,0.4002559781074524,u_dcf78d6a1fa170cf,2,2,official,principal
6514,0,0,0.049935951828956604,probability_native,0.049935951828956604,u_dcf78d6a1fa170cf,2,2,official,principal
956,0,0,0.01412708219140768,probability_native,0.01412708219140768,u_dcf78d6a1fa170cf,2,2,official,principal
3614,0,0,0.022297576069831848,probability_native,0.022297576069831848,u_dcf78d6a1fa170cf,2,2,official,principal
3399,0,0,0.031832508742809296,probability_native,0.031832508742809296,u_dcf78d6a1fa170cf,2,2,official,principal
1904,1,0,0.27451393008232117,probability_native,0.27451393008232117,u_dcf78d6a1fa170cf,2,2,official,principal
4735,0,0,0.1459878832101822,probability_native,0.1459878832101822,u_dcf78d6a1fa170cf,2,2,official,principal
1702,1,1,0.5340403914451599,probability_native,0.5340403914451599,u_dcf78d6a1fa170cf,2,2,official,principal
2579,0,0,0.02144254744052887,probability_native,0.02144254744052887,u_dcf78d6a1fa170cf,2,2,official,principal
5245,0,0,0.01895046979188919,probability_native,0.01895046979188919,u_dcf78d6a1fa170cf,2,2,official,principal
1528,0,0,0.342582106590271,probability_native,0.342582106590271,u_dcf78d6a1fa170cf,2,2,official,principal
873,1,0,0.17994239926338196,probability_native,0.17994239926338196,u_dcf78d6a1fa170cf,2,2,official,principal
5824,0,0,0.07299008220434189,probability_native,0.07299008220434189,u_dcf78d6a1fa170cf,2,2,official,principal
6504,1,1,0.6007493138313293,probability_native,0.6007493138313293,u_dcf78d6a1fa170cf,2,2,official,principal
1808,1,0,0.49920234084129333,probability_native,0.49920234084129333,u_dcf78d6a1fa170cf,2,2,official,principal
5889,0,0,0.20030859112739563,probability_native,0.20030859112739563,u_dcf78d6a1fa170cf,2,2,official,principal
2886,0,0,0.2676096558570862,probability_native,0.2676096558570862,u_dcf78d6a1fa170cf,2,2,official,principal
5349,0,0,0.0854545384645462,probability_native,0.0854545384645462,u_dcf78d6a1fa170cf,2,2,official,principal
6438,1,1,0.8206871747970581,probability_native,0.8206871747970581,u_dcf78d6a1fa170cf,2,2,official,principal
273,0,0,0.46370792388916016,probability_native,0.46370792388916016,u_dcf78d6a1fa170cf,2,2,official,principal
2265,1,1,0.601432740688324,probability_native,0.601432740688324,u_dcf78d6a1fa170cf,2,2,official,principal
613,0,0,0.24002374708652496,probability_native,0.24002374708652496,u_dcf78d6a1fa170cf,2,2,official,principal
4072,0,1,0.6551023721694946,probability_native,0.6551023721694946,u_dcf78d6a1fa170cf,2,2,official,principal
1411,0,0,0.4415530860424042,probability_native,0.4415530860424042,u_dcf78d6a1fa170cf,2,2,official,principal
5964,0,0,0.10641255229711533,probability_native,0.10641255229711533,u_dcf78d6a1fa170cf,2,2,official,principal
4213,1,0,0.2689957022666931,probability_native,0.2689957022666931,u_dcf78d6a1fa170cf,2,2,official,principal
1485,1,1,0.6750728487968445,probability_native,0.6750728487968445,u_dcf78d6a1fa170cf,2,2,official,principal
607,0,0,0.06027719005942345,probability_native,0.06027719005942345,u_dcf78d6a1fa170cf,2,2,official,principal
696,0,0,0.023153185844421387,probability_native,0.023153185844421387,u_dcf78d6a1fa170cf,2,2,official,principal
5817,1,1,0.6475669145584106,probability_native,0.6475669145584106,u_dcf78d6a1fa170cf,2,2,official,principal
4646,0,1,0.7271291017532349,probability_native,0.7271291017532349,u_dcf78d6a1fa170cf,2,2,official,principal
6981,0,0,0.3311587870121002,probability_native,0.3311587870121002,u_dcf78d6a1fa170cf,2,2,official,principal
3945,1,0,0.26351481676101685,probability_native,0.26351481676101685,u_dcf78d6a1fa170cf,2,2,official,principal
6487,0,0,0.056966010481119156,probability_native,0.056966010481119156,u_dcf78d6a1fa170cf,2,2,official,principal
6739,0,1,0.503261148929596,probability_native,0.503261148929596,u_dcf78d6a1fa170cf,2,2,official,principal
441,0,0,0.37846311926841736,probability_native,0.37846311926841736,u_dcf78d6a1fa170cf,2,2,official,principal
5178,0,0,0.2538314461708069,probability_native,0.2538314461708069,u_dcf78d6a1fa170cf,2,2,official,principal
3451,0,0,0.08428561687469482,probability_native,0.08428561687469482,u_dcf78d6a1fa170cf,2,2,official,principal
6056,0,0,0.04191811382770538,probability_native,0.04191811382770538,u_dcf78d6a1fa170cf,2,2,official,principal
190,0,0,0.13200177252292633,probability_native,0.13200177252292633,u_dcf78d6a1fa170cf,2,2,official,principal
930,0,0,0.3035953938961029,probability_native,0.3035953938961029,u_dcf78d6a1fa170cf,2,2,official,principal
2434,0,0,0.13288579881191254,probability_native,0.13288579881191254,u_dcf78d6a1fa170cf,2,2,official,principal
3576,0,0,0.02923385612666607,probability_native,0.02923385612666607,u_dcf78d6a1fa170cf,2,2,official,principal
1376,1,0,0.19683043658733368,probability_native,0.19683043658733368,u_dcf78d6a1fa170cf,2,2,official,principal
5241,0,0,0.08292531222105026,probability_native,0.08292531222105026,u_dcf78d6a1fa170cf,2,2,official,principal
5766,0,0,0.057615749537944794,probability_native,0.057615749537944794,u_dcf78d6a1fa170cf,2,2,official,principal
6014,0,0,0.1842695027589798,probability_native,0.1842695027589798,u_dcf78d6a1fa170cf,2,2,official,principal
2867,0,0,0.03217191994190216,probability_native,0.03217191994190216,u_dcf78d6a1fa170cf,2,2,official,principal
5500,0,0,0.019183848053216934,probability_native,0.019183848053216934,u_dcf78d6a1fa170cf,2,2,official,principal
826,1,1,0.7953185439109802,probability_native,0.7953185439109802,u_dcf78d6a1fa170cf,2,2,official,principal
638,1,0,0.20913007855415344,probability_native,0.20913007855415344,u_dcf78d6a1fa170cf,2,2,official,principal
4446,1,1,0.7203262448310852,probability_native,0.7203262448310852,u_dcf78d6a1fa170cf,2,2,official,principal
1516,0,1,0.5171703100204468,probability_native,0.5171703100204468,u_dcf78d6a1fa170cf,2,2,official,principal
5017,0,0,0.06942567974328995,probability_native,0.06942567974328995,u_dcf78d6a1fa170cf,2,2,official,principal
207,1,1,0.7542417645454407,probability_native,0.7542417645454407,u_dcf78d6a1fa170cf,2,2,official,principal
6225,0,0,0.02544558234512806,probability_native,0.02544558234512806,u_dcf78d6a1fa170cf,2,2,official,principal
4769,0,0,0.04184047877788544,probability_native,0.04184047877788544,u_dcf78d6a1fa170cf,2,2,official,principal
4726,0,0,0.0741688683629036,probability_native,0.0741688683629036,u_dcf78d6a1fa170cf,2,2,official,principal
3302,1,0,0.3521938920021057,probability_native,0.3521938920021057,u_dcf78d6a1fa170cf,2,2,official,principal
387,0,0,0.13164745271205902,probability_native,0.13164745271205902,u_dcf78d6a1fa170cf,2,2,official,principal
976,1,1,0.7759151458740234,probability_native,0.7759151458740234,u_dcf78d6a1fa170cf,2,2,official,principal
3425,0,0,0.11297237128019333,probability_native,0.11297237128019333,u_dcf78d6a1fa170cf,2,2,official,principal
2837,1,0,0.31721067428588867,probability_native,0.31721067428588867,u_dcf78d6a1fa170cf,2,2,official,principal
973,1,0,0.20911243557929993,probability_native,0.20911243557929993,u_dcf78d6a1fa170cf,2,2,official,principal
2419,0,0,0.07107363641262054,probability_native,0.07107363641262054,u_dcf78d6a1fa170cf,2,2,official,principal
6217,0,0,0.06674841791391373,probability_native,0.06674841791391373,u_dcf78d6a1fa170cf,2,2,official,principal
2370,0,0,0.09551772475242615,probability_native,0.09551772475242615,u_dcf78d6a1fa170cf,2,2,official,principal
3954,0,1,0.6672237515449524,probability_native,0.6672237515449524,u_dcf78d6a1fa170cf,2,2,official,principal
903,0,0,0.18578222393989563,probability_native,0.18578222393989563,u_dcf78d6a1fa170cf,2,2,official,principal
1863,0,0,0.06386619806289673,probability_native,0.06386619806289673,u_dcf78d6a1fa170cf,2,2,official,principal
4620,0,0,0.033135540783405304,probability_native,0.033135540783405304,u_dcf78d6a1fa170cf,2,2,official,principal
3089,0,0,0.0272976066917181,probability_native,0.0272976066917181,u_dcf78d6a1fa170cf,2,2,official,principal
3668,0,0,0.08409300446510315,probability_native,0.08409300446510315,u_dcf78d6a1fa170cf,2,2,official,principal
271,0,0,0.02809000387787819,probability_native,0.02809000387787819,u_dcf78d6a1fa170cf,2,2,official,principal
1100,0,0,0.18384794890880585,probability_native,0.18384794890880585,u_dcf78d6a1fa170cf,2,2,official,principal
6247,0,0,0.13627889752388,probability_native,0.13627889752388,u_dcf78d6a1fa170cf,2,2,official,principal
6703,1,1,0.6667694449424744,probability_native,0.6667694449424744,u_dcf78d6a1fa170cf,2,2,official,principal
4628,0,0,0.1270413100719452,probability_native,0.1270413100719452,u_dcf78d6a1fa170cf,2,2,official,principal
6802,0,0,0.4264248013496399,probability_native,0.4264248013496399,u_dcf78d6a1fa170cf,2,2,official,principal
2974,1,0,0.3832297623157501,probability_native,0.3832297623157501,u_dcf78d6a1fa170cf,2,2,official,principal
4850,0,0,0.174724742770195,probability_native,0.174724742770195,u_dcf78d6a1fa170cf,2,2,official,principal
6151,1,0,0.44493749737739563,probability_native,0.44493749737739563,u_dcf78d6a1fa170cf,2,2,official,principal
5792,1,0,0.4766427278518677,probability_native,0.4766427278518677,u_dcf78d6a1fa170cf,2,2,official,principal
4609,0,0,0.06849522143602371,probability_native,0.06849522143602371,u_dcf78d6a1fa170cf,2,2,official,principal
1408,0,0,0.1318769007921219,probability_native,0.1318769007921219,u_dcf78d6a1fa170cf,2,2,official,principal
2525,0,0,0.01948218233883381,probability_native,0.01948218233883381,u_dcf78d6a1fa170cf,2,2,official,principal
26,1,0,0.4634459912776947,probability_native,0.4634459912776947,u_dcf78d6a1fa170cf,2,2,official,principal
1272,0,0,0.09031173586845398,probability_native,0.09031173586845398,u_dcf78d6a1fa170cf,2,2,official,principal
2625,0,0,0.2607885003089905,probability_native,0.2607885003089905,u_dcf78d6a1fa170cf,2,2,official,principal
5071,0,1,0.693397045135498,probability_native,0.693397045135498,u_dcf78d6a1fa170cf,2,2,official,principal
574,0,0,0.4984534680843353,probability_native,0.4984534680843353,u_dcf78d6a1fa170cf,2,2,official,principal
6816,1,1,0.7759151458740234,probability_native,0.7759151458740234,u_dcf78d6a1fa170cf,2,2,official,principal
1433,0,0,0.2180376797914505,probability_native,0.2180376797914505,u_dcf78d6a1fa170cf,2,2,official,principal
1404,0,0,0.0216535497456789,probability_native,0.0216535497456789,u_dcf78d6a1fa170cf,2,2,official,principal
1330,0,0,0.07216247171163559,probability_native,0.07216247171163559,u_dcf78d6a1fa170cf,2,2,official,principal
4844,0,0,0.031067069619894028,probability_native,0.031067069619894028,u_dcf78d6a1fa170cf,2,2,official,principal
1298,0,0,0.10874965041875839,probability_native,0.10874965041875839,u_dcf78d6a1fa170cf,2,2,official,principal
811,1,0,0.06105088070034981,probability_native,0.06105088070034981,u_dcf78d6a1fa170cf,2,2,official,principal
3861,0,0,0.08226335793733597,probability_native,0.08226335793733597,u_dcf78d6a1fa170cf,2,2,official,principal
369,0,0,0.026656553149223328,probability_native,0.026656553149223328,u_dcf78d6a1fa170cf,2,2,official,principal
1202,1,0,0.17929933965206146,probability_native,0.17929933965206146,u_dcf78d6a1fa170cf,2,2,official,principal
6029,0,1,0.5892273187637329,probability_native,0.5892273187637329,u_dcf78d6a1fa170cf,2,2,official,principal
4535,1,1,0.6335001587867737,probability_native,0.6335001587867737,u_dcf78d6a1fa170cf,2,2,official,principal
6424,1,0,0.08122976869344711,probability_native,0.08122976869344711,u_dcf78d6a1fa170cf,2,2,official,principal
4998,0,0,0.2608628571033478,probability_native,0.2608628571033478,u_dcf78d6a1fa170cf,2,2,official,principal
1810,0,0,0.049236733466386795,probability_native,0.049236733466386795,u_dcf78d6a1fa170cf,2,2,official,principal
3952,0,0,0.07144942134618759,probability_native,0.07144942134618759,u_dcf78d6a1fa170cf,2,2,official,principal
4830,0,0,0.02498813159763813,probability_native,0.02498813159763813,u_dcf78d6a1fa170cf,2,2,official,principal
5327,0,0,0.019693782553076744,probability_native,0.019693782553076744,u_dcf78d6a1fa170cf,2,2,official,principal
6400,0,0,0.016872307285666466,probability_native,0.016872307285666466,u_dcf78d6a1fa170cf,2,2,official,principal
292,0,0,0.08184981346130371,probability_native,0.08184981346130371,u_dcf78d6a1fa170cf,2,2,official,principal
6774,0,0,0.2965712249279022,probability_native,0.2965712249279022,u_dcf78d6a1fa170cf,2,2,official,principal
474,1,1,0.7442278861999512,probability_native,0.7442278861999512,u_dcf78d6a1fa170cf,2,2,official,principal
6306,0,0,0.1797226369380951,probability_native,0.1797226369380951,u_dcf78d6a1fa170cf,2,2,official,principal
6771,0,0,0.10330543667078018,probability_native,0.10330543667078018,u_dcf78d6a1fa170cf,2,2,official,principal
4055,0,0,0.03076079674065113,probability_native,0.03076079674065113,u_dcf78d6a1fa170cf,2,2,official,principal
1131,1,0,0.18867573142051697,probability_native,0.18867573142051697,u_dcf78d6a1fa170cf,2,2,official,principal
2159,0,0,0.023875800892710686,probability_native,0.023875800892710686,u_dcf78d6a1fa170cf,2,2,official,principal
4972,0,0,0.01909509114921093,probability_native,0.01909509114921093,u_dcf78d6a1fa170cf,2,2,official,principal
6842,0,0,0.0479903444647789,probability_native,0.0479903444647789,u_dcf78d6a1fa170cf,2,2,official,principal
6165,0,1,0.6938442587852478,probability_native,0.6938442587852478,u_dcf78d6a1fa170cf,2,2,official,principal
1454,0,0,0.09029266238212585,probability_native,0.09029266238212585,u_dcf78d6a1fa170cf,2,2,official,principal
4757,1,0,0.34111276268959045,probability_native,0.34111276268959045,u_dcf78d6a1fa170cf,2,2,official,principal
3165,0,0,0.02762385457754135,probability_native,0.02762385457754135,u_dcf78d6a1fa170cf,2,2,official,principal
4066,0,0,0.04737655445933342,probability_native,0.04737655445933342,u_dcf78d6a1fa170cf,2,2,official,principal
4101,0,0,0.2594876289367676,probability_native,0.2594876289367676,u_dcf78d6a1fa170cf,2,2,official,principal
4891,0,0,0.42030900716781616,probability_native,0.42030900716781616,u_dcf78d6a1fa170cf,2,2,official,principal
3555,1,1,0.6206318736076355,probability_native,0.6206318736076355,u_dcf78d6a1fa170cf,2,2,official,principal
2733,0,1,0.5942819118499756,probability_native,0.5942819118499756,u_dcf78d6a1fa170cf,2,2,official,principal
3229,1,1,0.7383608222007751,probability_native,0.7383608222007751,u_dcf78d6a1fa170cf,2,2,official,principal
7038,0,0,0.09851744025945663,probability_native,0.09851744025945663,u_dcf78d6a1fa170cf,2,2,official,principal
3469,0,1,0.621695876121521,probability_native,0.621695876121521,u_dcf78d6a1fa170cf,2,2,official,principal
6333,1,0,0.28708818554878235,probability_native,0.28708818554878235,u_dcf78d6a1fa170cf,2,2,official,principal
6956,0,0,0.03220077231526375,probability_native,0.03220077231526375,u_dcf78d6a1fa170cf,2,2,official,principal
1475,0,0,0.058972056955099106,probability_native,0.058972056955099106,u_dcf78d6a1fa170cf,2,2,official,principal
2794,0,0,0.13682453334331512,probability_native,0.13682453334331512,u_dcf78d6a1fa170cf,2,2,official,principal
4012,1,1,0.5387382507324219,probability_native,0.5387382507324219,u_dcf78d6a1fa170cf,2,2,official,principal
5794,0,0,0.06619200855493546,probability_native,0.06619200855493546,u_dcf78d6a1fa170cf,2,2,official,principal
3349,1,1,0.7888904213905334,probability_native,0.7888904213905334,u_dcf78d6a1fa170cf,2,2,official,principal
3409,0,0,0.055727679282426834,probability_native,0.055727679282426834,u_dcf78d6a1fa170cf,2,2,official,principal
5821,0,0,0.04958730190992355,probability_native,0.04958730190992355,u_dcf78d6a1fa170cf,2,2,official,principal
1170,0,0,0.0324990339577198,probability_native,0.0324990339577198,u_dcf78d6a1fa170cf,2,2,official,principal
4016,0,0,0.4949278235435486,probability_native,0.4949278235435486,u_dcf78d6a1fa170cf,2,2,official,principal
1374,0,0,0.021297506988048553,probability_native,0.021297506988048553,u_dcf78d6a1fa170cf,2,2,official,principal
5247,1,0,0.4905856251716614,probability_native,0.4905856251716614,u_dcf78d6a1fa170cf,2,2,official,principal
2838,0,0,0.022052031010389328,probability_native,0.022052031010389328,u_dcf78d6a1fa170cf,2,2,official,principal
2656,0,0,0.08625871688127518,probability_native,0.08625871688127518,u_dcf78d6a1fa170cf,2,2,official,principal
923,0,0,0.09935539960861206,probability_native,0.09935539960861206,u_dcf78d6a1fa170cf,2,2,official,principal
1322,0,0,0.1168399304151535,probability_native,0.1168399304151535,u_dcf78d6a1fa170cf,2,2,official,principal
691,0,0,0.12050379067659378,probability_native,0.12050379067659378,u_dcf78d6a1fa170cf,2,2,official,principal
3974,0,0,0.10478256642818451,probability_native,0.10478256642818451,u_dcf78d6a1fa170cf,2,2,official,principal
5313,0,0,0.25309258699417114,probability_native,0.25309258699417114,u_dcf78d6a1fa170cf,2,2,official,principal
4675,1,0,0.3643462061882019,probability_native,0.3643462061882019,u_dcf78d6a1fa170cf,2,2,official,principal
2610,1,0,0.14793536067008972,probability_native,0.14793536067008972,u_dcf78d6a1fa170cf,2,2,official,principal
3570,0,0,0.026307612657546997,probability_native,0.026307612657546997,u_dcf78d6a1fa170cf,2,2,official,principal
6256,1,0,0.4834243655204773,probability_native,0.4834243655204773,u_dcf78d6a1fa170cf,2,2,official,principal
6626,1,1,0.7644990682601929,probability_native,0.7644990682601929,u_dcf78d6a1fa170cf,2,2,official,principal
4413,1,1,0.5596213340759277,probability_native,0.5596213340759277,u_dcf78d6a1fa170cf,2,2,official,principal
1603,1,0,0.20251759886741638,probability_native,0.20251759886741638,u_dcf78d6a1fa170cf,2,2,official,principal
1724,0,1,0.6965363025665283,probability_native,0.6965363025665283,u_dcf78d6a1fa170cf,2,2,official,principal
2302,0,0,0.019256016239523888,probability_native,0.019256016239523888,u_dcf78d6a1fa170cf,2,2,official,principal
1871,0,0,0.32097452878952026,probability_native,0.32097452878952026,u_dcf78d6a1fa170cf,2,2,official,principal
443,0,0,0.1983000934123993,probability_native,0.1983000934123993,u_dcf78d6a1fa170cf,2,2,official,principal
6320,0,0,0.12189459055662155,probability_native,0.12189459055662155,u_dcf78d6a1fa170cf,2,2,official,principal
4025,1,1,0.6398049592971802,probability_native,0.6398049592971802,u_dcf78d6a1fa170cf,2,2,official,principal
6045,0,0,0.03292364999651909,probability_native,0.03292364999651909,u_dcf78d6a1fa170cf,2,2,official,principal
6663,0,1,0.6666362881660461,probability_native,0.6666362881660461,u_dcf78d6a1fa170cf,2,2,official,principal
1499,0,0,0.3137057423591614,probability_native,0.3137057423591614,u_dcf78d6a1fa170cf,2,2,official,principal
599,0,0,0.020840300247073174,probability_native,0.020840300247073174,u_dcf78d6a1fa170cf,2,2,official,principal
1107,0,0,0.01838715188205242,probability_native,0.01838715188205242,u_dcf78d6a1fa170cf,2,2,official,principal
2972,0,0,0.017041124403476715,probability_native,0.017041124403476715,u_dcf78d6a1fa170cf,2,2,official,principal
6669,0,1,0.5511711239814758,probability_native,0.5511711239814758,u_dcf78d6a1fa170cf,2,2,official,principal
209,0,0,0.18722651898860931,probability_native,0.18722651898860931,u_dcf78d6a1fa170cf,2,2,official,principal
1315,0,0,0.030351314693689346,probability_native,0.030351314693689346,u_dcf78d6a1fa170cf,2,2,official,principal
1864,0,0,0.1189650446176529,probability_native,0.1189650446176529,u_dcf78d6a1fa170cf,2,2,official,principal
1539,0,0,0.27132830023765564,probability_native,0.27132830023765564,u_dcf78d6a1fa170cf,2,2,official,principal
3506,0,1,0.5534454584121704,probability_native,0.5534454584121704,u_dcf78d6a1fa170cf,2,2,official,principal
4247,0,0,0.06904055178165436,probability_native,0.06904055178165436,u_dcf78d6a1fa170cf,2,2,official,principal
6074,1,1,0.6609744429588318,probability_native,0.6609744429588318,u_dcf78d6a1fa170cf,2,2,official,principal
133,1,1,0.663626492023468,probability_native,0.663626492023468,u_dcf78d6a1fa170cf,2,2,official,principal
4316,0,0,0.027060456573963165,probability_native,0.027060456573963165,u_dcf78d6a1fa170cf,2,2,official,principal
1087,0,0,0.21050332486629486,probability_native,0.21050332486629486,u_dcf78d6a1fa170cf,2,2,official,principal
838,0,0,0.14377811551094055,probability_native,0.14377811551094055,u_dcf78d6a1fa170cf,2,2,official,principal
2780,1,0,0.05094556882977486,probability_native,0.05094556882977486,u_dcf78d6a1fa170cf,2,2,official,principal
5190,0,1,0.6354371309280396,probability_native,0.6354371309280396,u_dcf78d6a1fa170cf,2,2,official,principal
1405,1,1,0.7604972124099731,probability_native,0.7604972124099731,u_dcf78d6a1fa170cf,2,2,official,principal
5096,0,0,0.019399020820856094,probability_native,0.019399020820856094,u_dcf78d6a1fa170cf,2,2,official,principal
2781,0,0,0.39206042885780334,probability_native,0.39206042885780334,u_dcf78d6a1fa170cf,2,2,official,principal
3820,0,0,0.20943781733512878,probability_native,0.20943781733512878,u_dcf78d6a1fa170cf,2,2,official,principal
3035,0,0,0.4469754993915558,probability_native,0.4469754993915558,u_dcf78d6a1fa170cf,2,2,official,principal
6766,0,0,0.03773549199104309,probability_native,0.03773549199104309,u_dcf78d6a1fa170cf,2,2,official,principal
5516,1,0,0.3174861967563629,probability_native,0.3174861967563629,u_dcf78d6a1fa170cf,2,2,official,principal
706,0,0,0.01858232356607914,probability_native,0.01858232356607914,u_dcf78d6a1fa170cf,2,2,official,principal
1907,0,0,0.3101043999195099,probability_native,0.3101043999195099,u_dcf78d6a1fa170cf,2,2,official,principal
3642,0,1,0.5637029409408569,probability_native,0.5637029409408569,u_dcf78d6a1fa170cf,2,2,official,principal
2940,1,0,0.22181867063045502,probability_native,0.22181867063045502,u_dcf78d6a1fa170cf,2,2,official,principal
3705,0,0,0.020006144419312477,probability_native,0.020006144419312477,u_dcf78d6a1fa170cf,2,2,official,principal
818,1,1,0.5582336187362671,probability_native,0.5582336187362671,u_dcf78d6a1fa170cf,2,2,official,principal
511,0,0,0.33584651350975037,probability_native,0.33584651350975037,u_dcf78d6a1fa170cf,2,2,official,principal
6943,1,0,0.4383121728897095,probability_native,0.4383121728897095,u_dcf78d6a1fa170cf,2,2,official,principal
6512,0,0,0.2803867757320404,probability_native,0.2803867757320404,u_dcf78d6a1fa170cf,2,2,official,principal
3615,1,0,0.41887253522872925,probability_native,0.41887253522872925,u_dcf78d6a1fa170cf,2,2,official,principal
169,0,0,0.11900448054075241,probability_native,0.11900448054075241,u_dcf78d6a1fa170cf,2,2,official,principal
4699,0,0,0.23711535334587097,probability_native,0.23711535334587097,u_dcf78d6a1fa170cf,2,2,official,principal
3037,0,0,0.0319577120244503,probability_native,0.0319577120244503,u_dcf78d6a1fa170cf,2,2,official,principal
7031,0,0,0.0606510229408741,probability_native,0.0606510229408741,u_dcf78d6a1fa170cf,2,2,official,principal
3345,0,0,0.2003318816423416,probability_native,0.2003318816423416,u_dcf78d6a1fa170cf,2,2,official,principal
1675,1,0,0.48064276576042175,probability_native,0.48064276576042175,u_dcf78d6a1fa170cf,2,2,official,principal
1140,0,0,0.03207488730549812,probability_native,0.03207488730549812,u_dcf78d6a1fa170cf,2,2,official,principal
5946,1,0,0.10503503680229187,probability_native,0.10503503680229187,u_dcf78d6a1fa170cf,2,2,official,principal
4990,0,0,0.2740292251110077,probability_native,0.2740292251110077,u_dcf78d6a1fa170cf,2,2,official,principal
4789,1,1,0.6921224594116211,probability_native,0.6921224594116211,u_dcf78d6a1fa170cf,2,2,official,principal
3575,0,0,0.1427980363368988,probability_native,0.1427980363368988,u_dcf78d6a1fa170cf,2,2,official,principal
589,0,0,0.037369173020124435,probability_native,0.037369173020124435,u_dcf78d6a1fa170cf,2,2,official,principal
4071,0,0,0.37594640254974365,probability_native,0.37594640254974365,u_dcf78d6a1fa170cf,2,2,official,principal
4890,0,0,0.24780847132205963,probability_native,0.24780847132205963,u_dcf78d6a1fa170cf,2,2,official,principal
2534,0,0,0.21966473758220673,probability_native,0.21966473758220673,u_dcf78d6a1fa170cf,2,2,official,principal
2836,0,0,0.3965107202529907,probability_native,0.3965107202529907,u_dcf78d6a1fa170cf,2,2,official,principal
5847,0,0,0.2185603380203247,probability_native,0.2185603380203247,u_dcf78d6a1fa170cf,2,2,official,principal
5630,1,1,0.5315103530883789,probability_native,0.5315103530883789,u_dcf78d6a1fa170cf,2,2,official,principal
1269,0,0,0.1023302674293518,probability_native,0.1023302674293518,u_dcf78d6a1fa170cf,2,2,official,principal
3173,0,0,0.03280739486217499,probability_native,0.03280739486217499,u_dcf78d6a1fa170cf,2,2,official,principal
5045,0,0,0.22729165852069855,probability_native,0.22729165852069855,u_dcf78d6a1fa170cf,2,2,official,principal
3260,1,0,0.3304600119590759,probability_native,0.3304600119590759,u_dcf78d6a1fa170cf,2,2,official,principal
557,0,0,0.05484806001186371,probability_native,0.05484806001186371,u_dcf78d6a1fa170cf,2,2,official,principal
5223,0,0,0.0177827887237072,probability_native,0.0177827887237072,u_dcf78d6a1fa170cf,2,2,official,principal
953,0,0,0.19107091426849365,probability_native,0.19107091426849365,u_dcf78d6a1fa170cf,2,2,official,principal
5060,0,0,0.2964281737804413,probability_native,0.2964281737804413,u_dcf78d6a1fa170cf,2,2,official,principal
4939,0,0,0.2585262358188629,probability_native,0.2585262358188629,u_dcf78d6a1fa170cf,2,2,official,principal
4462,1,1,0.6347653269767761,probability_native,0.6347653269767761,u_dcf78d6a1fa170cf,2,2,official,principal
3130,0,0,0.07624054700136185,probability_native,0.07624054700136185,u_dcf78d6a1fa170cf,2,2,official,principal
6862,1,1,0.7991896867752075,probability_native,0.7991896867752075,u_dcf78d6a1fa170cf,2,2,official,principal
5376,0,0,0.03486477583646774,probability_native,0.03486477583646774,u_dcf78d6a1fa170cf,2,2,official,principal
1089,0,0,0.47464168071746826,probability_native,0.47464168071746826,u_dcf78d6a1fa170cf,2,2,official,principal
6476,0,0,0.051792144775390625,probability_native,0.051792144775390625,u_dcf78d6a1fa170cf,2,2,official,principal
2251,0,0,0.38780635595321655,probability_native,0.38780635595321655,u_dcf78d6a1fa170cf,2,2,official,principal
4662,0,0,0.08237363398075104,probability_native,0.08237363398075104,u_dcf78d6a1fa170cf,2,2,official,principal
1262,0,0,0.34087666869163513,probability_native,0.34087666869163513,u_dcf78d6a1fa170cf,2,2,official,principal
5979,0,0,0.02656642161309719,probability_native,0.02656642161309719,u_dcf78d6a1fa170cf,2,2,official,principal
2430,0,0,0.026609789580106735,probability_native,0.026609789580106735,u_dcf78d6a1fa170cf,2,2,official,principal
792,0,0,0.03880388289690018,probability_native,0.03880388289690018,u_dcf78d6a1fa170cf,2,2,official,principal
1034,0,0,0.02525133639574051,probability_native,0.02525133639574051,u_dcf78d6a1fa170cf,2,2,official,principal
2068,0,0,0.2294720858335495,probability_native,0.2294720858335495,u_dcf78d6a1fa170cf,2,2,official,principal
1856,1,0,0.16666562855243683,probability_native,0.16666562855243683,u_dcf78d6a1fa170cf,2,2,official,principal
5759,1,1,0.7271291017532349,probability_native,0.7271291017532349,u_dcf78d6a1fa170cf,2,2,official,principal
2276,0,1,0.501106858253479,probability_native,0.501106858253479,u_dcf78d6a1fa170cf,2,2,official,principal
681,0,0,0.037989478558301926,probability_native,0.037989478558301926,u_dcf78d6a1fa170cf,2,2,official,principal
6083,0,0,0.031169092282652855,probability_native,0.031169092282652855,u_dcf78d6a1fa170cf,2,2,official,principal
679,0,0,0.2714333236217499,probability_native,0.2714333236217499,u_dcf78d6a1fa170cf,2,2,official,principal
548,0,0,0.13338853418827057,probability_native,0.13338853418827057,u_dcf78d6a1fa170cf,2,2,official,principal
5213,0,1,0.7002180814743042,probability_native,0.7002180814743042,u_dcf78d6a1fa170cf,2,2,official,principal
4477,0,0,0.07890796661376953,probability_native,0.07890796661376953,u_dcf78d6a1fa170cf,2,2,official,principal
1350,0,0,0.020265977829694748,probability_native,0.020265977829694748,u_dcf78d6a1fa170cf,2,2,official,principal
78,0,0,0.19345198571681976,probability_native,0.19345198571681976,u_dcf78d6a1fa170cf,2,2,official,principal
386,1,0,0.3476111888885498,probability_native,0.3476111888885498,u_dcf78d6a1fa170cf,2,2,official,principal
1447,1,1,0.5138810276985168,probability_native,0.5138810276985168,u_dcf78d6a1fa170cf,2,2,official,principal
2264,0,0,0.06573068350553513,probability_native,0.06573068350553513,u_dcf78d6a1fa170cf,2,2,official,principal
1627,0,1,0.5029310584068298,probability_native,0.5029310584068298,u_dcf78d6a1fa170cf,2,2,official,principal
2095,1,1,0.7880674600601196,probability_native,0.7880674600601196,u_dcf78d6a1fa170cf,2,2,official,principal
4153,0,0,0.03139916807413101,probability_native,0.03139916807413101,u_dcf78d6a1fa170cf,2,2,official,principal
2449,0,0,0.24526314437389374,probability_native,0.24526314437389374,u_dcf78d6a1fa170cf,2,2,official,principal
6675,0,0,0.13982725143432617,probability_native,0.13982725143432617,u_dcf78d6a1fa170cf,2,2,official,principal
4857,0,0,0.15825988352298737,probability_native,0.15825988352298737,u_dcf78d6a1fa170cf,2,2,official,principal
5095,0,0,0.062268536537885666,probability_native,0.062268536537885666,u_dcf78d6a1fa170cf,2,2,official,principal
179,0,0,0.034741126000881195,probability_native,0.034741126000881195,u_dcf78d6a1fa170cf,2,2,official,principal
2644,1,0,0.2218085080385208,probability_native,0.2218085080385208,u_dcf78d6a1fa170cf,2,2,official,principal
665,0,1,0.6557709574699402,probability_native,0.6557709574699402,u_dcf78d6a1fa170cf,2,2,official,principal
1553,0,0,0.2614127993583679,probability_native,0.2614127993583679,u_dcf78d6a1fa170cf,2,2,official,principal
1111,1,1,0.5696794390678406,probability_native,0.5696794390678406,u_dcf78d6a1fa170cf,2,2,official,principal
6349,0,0,0.020347345620393753,probability_native,0.020347345620393753,u_dcf78d6a1fa170cf,2,2,official,principal
4946,1,1,0.7064840197563171,probability_native,0.7064840197563171,u_dcf78d6a1fa170cf,2,2,official,principal
245,0,0,0.40815573930740356,probability_native,0.40815573930740356,u_dcf78d6a1fa170cf,2,2,official,principal
1850,0,0,0.1662362664937973,probability_native,0.1662362664937973,u_dcf78d6a1fa170cf,2,2,official,principal
1735,0,0,0.026159850880503654,probability_native,0.026159850880503654,u_dcf78d6a1fa170cf,2,2,official,principal
6382,0,0,0.09448681771755219,probability_native,0.09448681771755219,u_dcf78d6a1fa170cf,2,2,official,principal
6694,0,0,0.04315342381596565,probability_native,0.04315342381596565,u_dcf78d6a1fa170cf,2,2,official,principal
4682,1,0,0.3458999991416931,probability_native,0.3458999991416931,u_dcf78d6a1fa170cf,2,2,official,principal
2744,0,0,0.04794791340827942,probability_native,0.04794791340827942,u_dcf78d6a1fa170cf,2,2,official,principal
5697,1,0,0.19749799370765686,probability_native,0.19749799370765686,u_dcf78d6a1fa170cf,2,2,official,principal
1373,0,0,0.3603232800960541,probability_native,0.3603232800960541,u_dcf78d6a1fa170cf,2,2,official,principal
1894,0,0,0.2454768270254135,probability_native,0.2454768270254135,u_dcf78d6a1fa170cf,2,2,official,principal
2844,1,1,0.7244523763656616,probability_native,0.7244523763656616,u_dcf78d6a1fa170cf,2,2,official,principal
6398,1,0,0.19809801876544952,probability_native,0.19809801876544952,u_dcf78d6a1fa170cf,2,2,official,principal
3771,1,1,0.7880674600601196,probability_native,0.7880674600601196,u_dcf78d6a1fa170cf,2,2,official,principal
851,0,0,0.023778151720762253,probability_native,0.023778151720762253,u_dcf78d6a1fa170cf,2,2,official,principal
2249,0,0,0.162330761551857,probability_native,0.162330761551857,u_dcf78d6a1fa170cf,2,2,official,principal
2175,1,0,0.34073126316070557,probability_native,0.34073126316070557,u_dcf78d6a1fa170cf,2,2,official,principal
5918,0,0,0.021645676344633102,probability_native,0.021645676344633102,u_dcf78d6a1fa170cf,2,2,official,principal
6128,0,1,0.5841747522354126,probability_native,0.5841747522354126,u_dcf78d6a1fa170cf,2,2,official,principal
2398,0,1,0.5603331923484802,probability_native,0.5603331923484802,u_dcf78d6a1fa170cf,2,2,official,principal
6152,1,0,0.4974944293498993,probability_native,0.4974944293498993,u_dcf78d6a1fa170cf,2,2,official,principal
5807,0,0,0.024736016988754272,probability_native,0.024736016988754272,u_dcf78d6a1fa170cf,2,2,official,principal
131,1,0,0.17491547763347626,probability_native,0.17491547763347626,u_dcf78d6a1fa170cf,2,2,official,principal
1832,1,0,0.22452683746814728,probability_native,0.22452683746814728,u_dcf78d6a1fa170cf,2,2,official,principal
513,0,0,0.3548075556755066,probability_native,0.3548075556755066,u_dcf78d6a1fa170cf,2,2,official,principal
5010,0,0,0.03434285521507263,probability_native,0.03434285521507263,u_dcf78d6a1fa170cf,2,2,official,principal
5971,0,0,0.018081247806549072,probability_native,0.018081247806549072,u_dcf78d6a1fa170cf,2,2,official,principal
5521,0,0,0.10770756006240845,probability_native,0.10770756006240845,u_dcf78d6a1fa170cf,2,2,official,principal
1785,0,0,0.03041471540927887,probability_native,0.03041471540927887,u_dcf78d6a1fa170cf,2,2,official,principal
5233,1,1,0.5647649765014648,probability_native,0.5647649765014648,u_dcf78d6a1fa170cf,2,2,official,principal
5502,1,0,0.4619407653808594,probability_native,0.4619407653808594,u_dcf78d6a1fa170cf,2,2,official,principal
663,0,0,0.023752354085445404,probability_native,0.023752354085445404,u_dcf78d6a1fa170cf,2,2,official,principal
3717,0,0,0.1304323375225067,probability_native,0.1304323375225067,u_dcf78d6a1fa170cf,2,2,official,principal
1221,0,0,0.3689047694206238,probability_native,0.3689047694206238,u_dcf78d6a1fa170cf,2,2,official,principal
5125,1,1,0.786713719367981,probability_native,0.786713719367981,u_dcf78d6a1fa170cf,2,2,official,principal
3770,0,0,0.021562015637755394,probability_native,0.021562015637755394,u_dcf78d6a1fa170cf,2,2,official,principal
3494,1,1,0.6769702434539795,probability_native,0.6769702434539795,u_dcf78d6a1fa170cf,2,2,official,principal
6262,0,0,0.1603730469942093,probability_native,0.1603730469942093,u_dcf78d6a1fa170cf,2,2,official,principal
2987,0,0,0.018713731318712234,probability_native,0.018713731318712234,u_dcf78d6a1fa170cf,2,2,official,principal
1712,0,0,0.14422115683555603,probability_native,0.14422115683555603,u_dcf78d6a1fa170cf,2,2,official,principal
5193,0,0,0.01826058141887188,probability_native,0.01826058141887188,u_dcf78d6a1fa170cf,2,2,official,principal
5527,0,0,0.14028705656528473,probability_native,0.14028705656528473,u_dcf78d6a1fa170cf,2,2,official,principal
4637,0,0,0.04233217611908913,probability_native,0.04233217611908913,u_dcf78d6a1fa170cf,2,2,official,principal
5031,0,1,0.5971536636352539,probability_native,0.5971536636352539,u_dcf78d6a1fa170cf,2,2,official,principal
286,0,0,0.3344693183898926,probability_native,0.3344693183898926,u_dcf78d6a1fa170cf,2,2,official,principal
6643,0,1,0.6599433422088623,probability_native,0.6599433422088623,u_dcf78d6a1fa170cf,2,2,official,principal
4876,1,1,0.6651061773300171,probability_native,0.6651061773300171,u_dcf78d6a1fa170cf,2,2,official,principal
1049,1,0,0.2965712249279022,probability_native,0.2965712249279022,u_dcf78d6a1fa170cf,2,2,official,principal
1180,0,0,0.0299396812915802,probability_native,0.0299396812915802,u_dcf78d6a1fa170cf,2,2,official,principal
4928,1,0,0.4257257878780365,probability_native,0.4257257878780365,u_dcf78d6a1fa170cf,2,2,official,principal
3039,0,0,0.023663915693759918,probability_native,0.023663915693759918,u_dcf78d6a1fa170cf,2,2,official,principal
1508,0,0,0.3744153380393982,probability_native,0.3744153380393982,u_dcf78d6a1fa170cf,2,2,official,principal
3405,0,0,0.1706894487142563,probability_native,0.1706894487142563,u_dcf78d6a1fa170cf,2,2,official,principal
6171,0,0,0.3113601803779602,probability_native,0.3113601803779602,u_dcf78d6a1fa170cf,2,2,official,principal
3266,0,0,0.013802411034703255,probability_native,0.013802411034703255,u_dcf78d6a1fa170cf,2,2,official,principal
6004,0,0,0.08389456570148468,probability_native,0.08389456570148468,u_dcf78d6a1fa170cf,2,2,official,principal
1191,0,0,0.02592584863305092,probability_native,0.02592584863305092,u_dcf78d6a1fa170cf,2,2,official,principal
269,0,0,0.018295669928193092,probability_native,0.018295669928193092,u_dcf78d6a1fa170cf,2,2,official,principal
2110,0,0,0.18683482706546783,probability_native,0.18683482706546783,u_dcf78d6a1fa170cf,2,2,official,principal
1529,0,0,0.026900293305516243,probability_native,0.026900293305516243,u_dcf78d6a1fa170cf,2,2,official,principal
3766,1,1,0.5798901319503784,probability_native,0.5798901319503784,u_dcf78d6a1fa170cf,2,2,official,principal
2562,0,0,0.024901309981942177,probability_native,0.024901309981942177,u_dcf78d6a1fa170cf,2,2,official,principal
4833,0,0,0.0430876724421978,probability_native,0.0430876724421978,u_dcf78d6a1fa170cf,2,2,official,principal
5160,0,1,0.7025233507156372,probability_native,0.7025233507156372,u_dcf78d6a1fa170cf,2,2,official,principal
3942,1,1,0.6526617407798767,probability_native,0.6526617407798767,u_dcf78d6a1fa170cf,2,2,official,principal
3387,0,0,0.0999317616224289,probability_native,0.0999317616224289,u_dcf78d6a1fa170cf,2,2,official,principal
1015,1,0,0.11072438955307007,probability_native,0.11072438955307007,u_dcf78d6a1fa170cf,2,2,official,principal
1683,0,0,0.024459920823574066,probability_native,0.024459920823574066,u_dcf78d6a1fa170cf,2,2,official,principal
3773,1,0,0.4804639220237732,probability_native,0.4804639220237732,u_dcf78d6a1fa170cf,2,2,official,principal
3038,0,0,0.1828162968158722,probability_native,0.1828162968158722,u_dcf78d6a1fa170cf,2,2,official,principal
1225,1,0,0.33717259764671326,probability_native,0.33717259764671326,u_dcf78d6a1fa170cf,2,2,official,principal
417,0,0,0.02309483103454113,probability_native,0.02309483103454113,u_dcf78d6a1fa170cf,2,2,official,principal
4177,0,0,0.1538209617137909,probability_native,0.1538209617137909,u_dcf78d6a1fa170cf,2,2,official,principal
5025,0,1,0.6614782214164734,probability_native,0.6614782214164734,u_dcf78d6a1fa170cf,2,2,official,principal
629,1,0,0.30936527252197266,probability_native,0.30936527252197266,u_dcf78d6a1fa170cf,2,2,official,principal
1556,1,1,0.6143298745155334,probability_native,0.6143298745155334,u_dcf78d6a1fa170cf,2,2,official,principal
3255,0,0,0.13319937884807587,probability_native,0.13319937884807587,u_dcf78d6a1fa170cf,2,2,official,principal
586,0,0,0.024875415489077568,probability_native,0.024875415489077568,u_dcf78d6a1fa170cf,2,2,official,principal
2633,0,0,0.0866163969039917,probability_native,0.0866163969039917,u_dcf78d6a1fa170cf,2,2,official,principal
3436,0,0,0.0400487519800663,probability_native,0.0400487519800663,u_dcf78d6a1fa170cf,2,2,official,principal
1047,0,0,0.40140625834465027,probability_native,0.40140625834465027,u_dcf78d6a1fa170cf,2,2,official,principal
2260,1,0,0.4528855085372925,probability_native,0.4528855085372925,u_dcf78d6a1fa170cf,2,2,official,principal
3027,0,0,0.1373777836561203,probability_native,0.1373777836561203,u_dcf78d6a1fa170cf,2,2,official,principal
3322,1,1,0.7668170928955078,probability_native,0.7668170928955078,u_dcf78d6a1fa170cf,2,2,official,principal
1530,1,1,0.5268247723579407,probability_native,0.5268247723579407,u_dcf78d6a1fa170cf,2,2,official,principal
3538,0,0,0.02844538912177086,probability_native,0.02844538912177086,u_dcf78d6a1fa170cf,2,2,official,principal
5032,0,1,0.7019901275634766,probability_native,0.7019901275634766,u_dcf78d6a1fa170cf,2,2,official,principal
2111,0,0,0.01977085880935192,probability_native,0.01977085880935192,u_dcf78d6a1fa170cf,2,2,official,principal
3784,1,1,0.5955859422683716,probability_native,0.5955859422683716,u_dcf78d6a1fa170cf,2,2,official,principal
2261,0,0,0.16994507610797882,probability_native,0.16994507610797882,u_dcf78d6a1fa170cf,2,2,official,principal
5314,0,0,0.03182804211974144,probability_native,0.03182804211974144,u_dcf78d6a1fa170cf,2,2,official,principal
3846,0,0,0.4299013316631317,probability_native,0.4299013316631317,u_dcf78d6a1fa170cf,2,2,official,principal
532,0,1,0.7256764769554138,probability_native,0.7256764769554138,u_dcf78d6a1fa170cf,2,2,official,principal
2934,0,0,0.09392346441745758,probability_native,0.09392346441745758,u_dcf78d6a1fa170cf,2,2,official,principal
5519,0,0,0.43691885471343994,probability_native,0.43691885471343994,u_dcf78d6a1fa170cf,2,2,official,principal
5558,0,0,0.02532345987856388,probability_native,0.02532345987856388,u_dcf78d6a1fa170cf,2,2,official,principal
969,1,1,0.7978886365890503,probability_native,0.7978886365890503,u_dcf78d6a1fa170cf,2,2,official,principal
4391,0,0,0.25800785422325134,probability_native,0.25800785422325134,u_dcf78d6a1fa170cf,2,2,official,principal
1816,0,0,0.2585262358188629,probability_native,0.2585262358188629,u_dcf78d6a1fa170cf,2,2,official,principal
4738,1,1,0.6805307865142822,probability_native,0.6805307865142822,u_dcf78d6a1fa170cf,2,2,official,principal
1122,1,0,0.1563185602426529,probability_native,0.1563185602426529,u_dcf78d6a1fa170cf,2,2,official,principal
5059,1,1,0.5184153318405151,probability_native,0.5184153318405151,u_dcf78d6a1fa170cf,2,2,official,principal
5134,1,1,0.6495214104652405,probability_native,0.6495214104652405,u_dcf78d6a1fa170cf,2,2,official,principal
4073,1,0,0.2909253239631653,probability_native,0.2909253239631653,u_dcf78d6a1fa170cf,2,2,official,principal
3571,0,0,0.22290077805519104,probability_native,0.22290077805519104,u_dcf78d6a1fa170cf,2,2,official,principal
68,0,0,0.02275124005973339,probability_native,0.02275124005973339,u_dcf78d6a1fa170cf,2,2,official,principal
1899,0,0,0.4418109655380249,probability_native,0.4418109655380249,u_dcf78d6a1fa170cf,2,2,official,principal
1190,0,0,0.2943877875804901,probability_native,0.2943877875804901,u_dcf78d6a1fa170cf,2,2,official,principal
6211,1,1,0.6567992568016052,probability_native,0.6567992568016052,u_dcf78d6a1fa170cf,2,2,official,principal
6257,1,1,0.7575474977493286,probability_native,0.7575474977493286,u_dcf78d6a1fa170cf,2,2,official,principal
6851,0,0,0.06384993344545364,probability_native,0.06384993344545364,u_dcf78d6a1fa170cf,2,2,official,principal
4727,0,0,0.02222513221204281,probability_native,0.02222513221204281,u_dcf78d6a1fa170cf,2,2,official,principal
5998,0,0,0.022029314190149307,probability_native,0.022029314190149307,u_dcf78d6a1fa170cf,2,2,official,principal
664,0,0,0.019709860906004906,probability_native,0.019709860906004906,u_dcf78d6a1fa170cf,2,2,official,principal
4672,0,0,0.15797671675682068,probability_native,0.15797671675682068,u_dcf78d6a1fa170cf,2,2,official,principal
1375,0,0,0.022443322464823723,probability_native,0.022443322464823723,u_dcf78d6a1fa170cf,2,2,official,principal
2552,0,0,0.05748153477907181,probability_native,0.05748153477907181,u_dcf78d6a1fa170cf,2,2,official,principal
3367,0,0,0.02932744286954403,probability_native,0.02932744286954403,u_dcf78d6a1fa170cf,2,2,official,principal
1196,0,0,0.05654432252049446,probability_native,0.05654432252049446,u_dcf78d6a1fa170cf,2,2,official,principal
6298,0,0,0.32561731338500977,probability_native,0.32561731338500977,u_dcf78d6a1fa170cf,2,2,official,principal
3019,1,0,0.15287566184997559,probability_native,0.15287566184997559,u_dcf78d6a1fa170cf,2,2,official,principal
538,0,0,0.16453112661838531,probability_native,0.16453112661838531,u_dcf78d6a1fa170cf,2,2,official,principal
232,1,1,0.6486644148826599,probability_native,0.6486644148826599,u_dcf78d6a1fa170cf,2,2,official,principal
3984,0,0,0.013506698422133923,probability_native,0.013506698422133923,u_dcf78d6a1fa170cf,2,2,official,principal
1746,0,0,0.02729349210858345,probability_native,0.02729349210858345,u_dcf78d6a1fa170cf,2,2,official,principal
470,0,0,0.046833377331495285,probability_native,0.046833377331495285,u_dcf78d6a1fa170cf,2,2,official,principal
6470,0,0,0.1410304754972458,probability_native,0.1410304754972458,u_dcf78d6a1fa170cf,2,2,official,principal
3933,0,0,0.11170267313718796,probability_native,0.11170267313718796,u_dcf78d6a1fa170cf,2,2,official,principal
619,0,1,0.6650036573410034,probability_native,0.6650036573410034,u_dcf78d6a1fa170cf,2,2,official,principal
1932,0,0,0.38695210218429565,probability_native,0.38695210218429565,u_dcf78d6a1fa170cf,2,2,official,principal
6117,0,0,0.020749934017658234,probability_native,0.020749934017658234,u_dcf78d6a1fa170cf,2,2,official,principal
5814,0,0,0.11441897600889206,probability_native,0.11441897600889206,u_dcf78d6a1fa170cf,2,2,official,principal
3388,0,0,0.09235081076622009,probability_native,0.09235081076622009,u_dcf78d6a1fa170cf,2,2,official,principal
3925,0,0,0.11006779223680496,probability_native,0.11006779223680496,u_dcf78d6a1fa170cf,2,2,official,principal
4940,0,0,0.48790401220321655,probability_native,0.48790401220321655,u_dcf78d6a1fa170cf,2,2,official,principal
643,0,0,0.18845954537391663,probability_native,0.18845954537391663,u_dcf78d6a1fa170cf,2,2,official,principal
4090,0,0,0.38287749886512756,probability_native,0.38287749886512756,u_dcf78d6a1fa170cf,2,2,official,principal
2103,0,1,0.5944288969039917,probability_native,0.5944288969039917,u_dcf78d6a1fa170cf,2,2,official,principal
2750,0,0,0.07074306905269623,probability_native,0.07074306905269623,u_dcf78d6a1fa170cf,2,2,official,principal
2007,1,1,0.7318156361579895,probability_native,0.7318156361579895,u_dcf78d6a1fa170cf,2,2,official,principal
3622,0,0,0.015307784080505371,probability_native,0.015307784080505371,u_dcf78d6a1fa170cf,2,2,official,principal
6619,0,0,0.12690870463848114,probability_native,0.12690870463848114,u_dcf78d6a1fa170cf,2,2,official,principal
1456,1,1,0.6730998158454895,probability_native,0.6730998158454895,u_dcf78d6a1fa170cf,2,2,official,principal
1905,0,0,0.04158364236354828,probability_native,0.04158364236354828,u_dcf78d6a1fa170cf,2,2,official,principal
6279,0,0,0.3343450129032135,probability_native,0.3343450129032135,u_dcf78d6a1fa170cf,2,2,official,principal
1868,0,1,0.5748631358146667,probability_native,0.5748631358146667,u_dcf78d6a1fa170cf,2,2,official,principal
2887,1,1,0.5748631358146667,probability_native,0.5748631358146667,u_dcf78d6a1fa170cf,2,2,official,principal
415,0,0,0.3035953938961029,probability_native,0.3035953938961029,u_dcf78d6a1fa170cf,2,2,official,principal
4180,1,1,0.5544241666793823,probability_native,0.5544241666793823,u_dcf78d6a1fa170cf,2,2,official,principal
4361,0,0,0.10120288282632828,probability_native,0.10120288282632828,u_dcf78d6a1fa170cf,2,2,official,principal
3307,0,0,0.038782890886068344,probability_native,0.038782890886068344,u_dcf78d6a1fa170cf,2,2,official,principal
6980,1,0,0.26227301359176636,probability_native,0.26227301359176636,u_dcf78d6a1fa170cf,2,2,official,principal
1112,0,0,0.0320129320025444,probability_native,0.0320129320025444,u_dcf78d6a1fa170cf,2,2,official,principal
6193,0,0,0.3333547115325928,probability_native,0.3333547115325928,u_dcf78d6a1fa170cf,2,2,official,principal
4834,0,0,0.017902877181768417,probability_native,0.017902877181768417,u_dcf78d6a1fa170cf,2,2,official,principal
298,0,0,0.29414790868759155,probability_native,0.29414790868759155,u_dcf78d6a1fa170cf,2,2,official,principal
6486,1,0,0.19113534688949585,probability_native,0.19113534688949585,u_dcf78d6a1fa170cf,2,2,official,principal
1325,1,1,0.7809077501296997,probability_native,0.7809077501296997,u_dcf78d6a1fa170cf,2,2,official,principal
251,1,1,0.5342174172401428,probability_native,0.5342174172401428,u_dcf78d6a1fa170cf,2,2,official,principal
3657,0,0,0.024143658578395844,probability_native,0.024143658578395844,u_dcf78d6a1fa170cf,2,2,official,principal
3015,0,0,0.04145580157637596,probability_native,0.04145580157637596,u_dcf78d6a1fa170cf,2,2,official,principal
738,0,0,0.36753779649734497,probability_native,0.36753779649734497,u_dcf78d6a1fa170cf,2,2,official,principal
5170,0,0,0.2965712249279022,probability_native,0.2965712249279022,u_dcf78d6a1fa170cf,2,2,official,principal
6958,0,0,0.027950039133429527,probability_native,0.027950039133429527,u_dcf78d6a1fa170cf,2,2,official,principal
6770,0,1,0.6478749513626099,probability_native,0.6478749513626099,u_dcf78d6a1fa170cf,2,2,official,principal
418,1,0,0.3617667853832245,probability_native,0.3617667853832245,u_dcf78d6a1fa170cf,2,2,official,principal
1176,1,1,0.6961798071861267,probability_native,0.6961798071861267,u_dcf78d6a1fa170cf,2,2,official,principal
1486,1,0,0.42796590924263,probability_native,0.42796590924263,u_dcf78d6a1fa170cf,2,2,official,principal
6269,0,0,0.1556556224822998,probability_native,0.1556556224822998,u_dcf78d6a1fa170cf,2,2,official,principal
1574,0,0,0.03403957188129425,probability_native,0.03403957188129425,u_dcf78d6a1fa170cf,2,2,official,principal
5684,1,0,0.18968267738819122,probability_native,0.18968267738819122,u_dcf78d6a1fa170cf,2,2,official,principal
504,0,0,0.042829934507608414,probability_native,0.042829934507608414,u_dcf78d6a1fa170cf,2,2,official,principal
5358,0,0,0.0713886097073555,probability_native,0.0713886097073555,u_dcf78d6a1fa170cf,2,2,official,principal
1324,1,0,0.09192650765180588,probability_native,0.09192650765180588,u_dcf78d6a1fa170cf,2,2,official,principal
1669,0,1,0.6207784414291382,probability_native,0.6207784414291382,u_dcf78d6a1fa170cf,2,2,official,principal
427,0,1,0.5551644563674927,probability_native,0.5551644563674927,u_dcf78d6a1fa170cf,2,2,official,principal
2939,1,1,0.5004190802574158,probability_native,0.5004190802574158,u_dcf78d6a1fa170cf,2,2,official,principal
1224,1,1,0.5748631358146667,probability_native,0.5748631358146667,u_dcf78d6a1fa170cf,2,2,official,principal
2960,1,1,0.6278637647628784,probability_native,0.6278637647628784,u_dcf78d6a1fa170cf,2,2,official,principal
2030,0,0,0.29909569025039673,probability_native,0.29909569025039673,u_dcf78d6a1fa170cf,2,2,official,principal
3061,1,1,0.5789372324943542,probability_native,0.5789372324943542,u_dcf78d6a1fa170cf,2,2,official,principal
3893,0,0,0.33699551224708557,probability_native,0.33699551224708557,u_dcf78d6a1fa170cf,2,2,official,principal
1677,0,0,0.02627737633883953,probability_native,0.02627737633883953,u_dcf78d6a1fa170cf,2,2,official,principal
672,1,1,0.763239324092865,probability_native,0.763239324092865,u_dcf78d6a1fa170cf,2,2,official,principal
2146,0,0,0.1643475443124771,probability_native,0.1643475443124771,u_dcf78d6a1fa170cf,2,2,official,principal
4378,0,0,0.03733769431710243,probability_native,0.03733769431710243,u_dcf78d6a1fa170cf,2,2,official,principal
6062,0,0,0.25643280148506165,probability_native,0.25643280148506165,u_dcf78d6a1fa170cf,2,2,official,principal
143,0,0,0.08600129932165146,probability_native,0.08600129932165146,u_dcf78d6a1fa170cf,2,2,official,principal
5883,0,0,0.11012478917837143,probability_native,0.11012478917837143,u_dcf78d6a1fa170cf,2,2,official,principal
3136,1,1,0.53700852394104,probability_native,0.53700852394104,u_dcf78d6a1fa170cf,2,2,official,principal
6250,0,0,0.050150930881500244,probability_native,0.050150930881500244,u_dcf78d6a1fa170cf,2,2,official,principal
4970,0,0,0.13986198604106903,probability_native,0.13986198604106903,u_dcf78d6a1fa170cf,2,2,official,principal
4048,0,0,0.019015435129404068,probability_native,0.019015435129404068,u_dcf78d6a1fa170cf,2,2,official,principal
999,0,0,0.4098856449127197,probability_native,0.4098856449127197,u_dcf78d6a1fa170cf,2,2,official,principal
4360,0,0,0.41685083508491516,probability_native,0.41685083508491516,u_dcf78d6a1fa170cf,2,2,official,principal
2010,1,1,0.6360310316085815,probability_native,0.6360310316085815,u_dcf78d6a1fa170cf,2,2,official,principal
1238,1,1,0.7172044515609741,probability_native,0.7172044515609741,u_dcf78d6a1fa170cf,2,2,official,principal
2778,0,0,0.17464730143547058,probability_native,0.17464730143547058,u_dcf78d6a1fa170cf,2,2,official,principal
4236,0,0,0.363721638917923,probability_native,0.363721638917923,u_dcf78d6a1fa170cf,2,2,official,principal
6697,0,0,0.14599403738975525,probability_native,0.14599403738975525,u_dcf78d6a1fa170cf,2,2,official,principal
6049,0,0,0.01926397532224655,probability_native,0.01926397532224655,u_dcf78d6a1fa170cf,2,2,official,principal
1327,1,0,0.2788953483104706,probability_native,0.2788953483104706,u_dcf78d6a1fa170cf,2,2,official,principal
2149,0,0,0.3782958984375,probability_native,0.3782958984375,u_dcf78d6a1fa170cf,2,2,official,principal
4841,0,1,0.5265539884567261,probability_native,0.5265539884567261,u_dcf78d6a1fa170cf,2,2,official,principal
5062,1,0,0.19682756066322327,probability_native,0.19682756066322327,u_dcf78d6a1fa170cf,2,2,official,principal
4043,0,0,0.03198372945189476,probability_native,0.03198372945189476,u_dcf78d6a1fa170cf,2,2,official,principal
421,0,1,0.6031613945960999,probability_native,0.6031613945960999,u_dcf78d6a1fa170cf,2,2,official,principal
1811,0,0,0.3929596245288849,probability_native,0.3929596245288849,u_dcf78d6a1fa170cf,2,2,official,principal
2955,1,1,0.8029052019119263,probability_native,0.8029052019119263,u_dcf78d6a1fa170cf,2,2,official,principal
29,1,0,0.24220658838748932,probability_native,0.24220658838748932,u_dcf78d6a1fa170cf,2,2,official,principal
6800,1,0,0.15836068987846375,probability_native,0.15836068987846375,u_dcf78d6a1fa170cf,2,2,official,principal
296,0,0,0.10322021692991257,probability_native,0.10322021692991257,u_dcf78d6a1fa170cf,2,2,official,principal
1005,0,0,0.29282233119010925,probability_native,0.29282233119010925,u_dcf78d6a1fa170cf,2,2,official,principal
1185,1,1,0.6501913070678711,probability_native,0.6501913070678711,u_dcf78d6a1fa170cf,2,2,official,principal
3276,1,1,0.701646625995636,probability_native,0.701646625995636,u_dcf78d6a1fa170cf,2,2,official,principal
6090,0,0,0.05833820253610611,probability_native,0.05833820253610611,u_dcf78d6a1fa170cf,2,2,official,principal
22,1,0,0.3953862488269806,probability_native,0.3953862488269806,u_dcf78d6a1fa170cf,2,2,official,principal
2438,1,1,0.72096848487854,probability_native,0.72096848487854,u_dcf78d6a1fa170cf,2,2,official,principal
6772,1,0,0.1393938958644867,probability_native,0.1393938958644867,u_dcf78d6a1fa170cf,2,2,official,principal
2312,0,0,0.03334452211856842,probability_native,0.03334452211856842,u_dcf78d6a1fa170cf,2,2,official,principal
146,0,0,0.049765948206186295,probability_native,0.049765948206186295,u_dcf78d6a1fa170cf,2,2,official,principal
4396,1,1,0.6791322231292725,probability_native,0.6791322231292725,u_dcf78d6a1fa170cf,2,2,official,principal
583,0,0,0.3795776963233948,probability_native,0.3795776963233948,u_dcf78d6a1fa170cf,2,2,official,principal
1960,0,0,0.22750736773014069,probability_native,0.22750736773014069,u_dcf78d6a1fa170cf,2,2,official,principal
2637,0,0,0.03175167366862297,probability_native,0.03175167366862297,u_dcf78d6a1fa170cf,2,2,official,principal
448,0,1,0.7521897554397583,probability_native,0.7521897554397583,u_dcf78d6a1fa170cf,2,2,official,principal
2761,1,0,0.4636088013648987,probability_native,0.4636088013648987,u_dcf78d6a1fa170cf,2,2,official,principal
4489,0,0,0.06141337379813194,probability_native,0.06141337379813194,u_dcf78d6a1fa170cf,2,2,official,principal
2607,1,1,0.7809077501296997,probability_native,0.7809077501296997,u_dcf78d6a1fa170cf,2,2,official,principal
82,1,1,0.6031613945960999,probability_native,0.6031613945960999,u_dcf78d6a1fa170cf,2,2,official,principal
1809,1,1,0.5404273271560669,probability_native,0.5404273271560669,u_dcf78d6a1fa170cf,2,2,official,principal
5696,1,0,0.22288160026073456,probability_native,0.22288160026073456,u_dcf78d6a1fa170cf,2,2,official,principal
4538,1,1,0.5051352977752686,probability_native,0.5051352977752686,u_dcf78d6a1fa170cf,2,2,official,principal
2861,1,1,0.7611668109893799,probability_native,0.7611668109893799,u_dcf78d6a1fa170cf,2,2,official,principal
5224,0,0,0.29390159249305725,probability_native,0.29390159249305725,u_dcf78d6a1fa170cf,2,2,official,principal
3813,0,0,0.3048822283744812,probability_native,0.3048822283744812,u_dcf78d6a1fa170cf,2,2,official,principal
1080,0,0,0.02577521651983261,probability_native,0.02577521651983261,u_dcf78d6a1fa170cf,2,2,official,principal
2708,1,1,0.7287590503692627,probability_native,0.7287590503692627,u_dcf78d6a1fa170cf,2,2,official,principal
3309,0,0,0.0314168855547905,probability_native,0.0314168855547905,u_dcf78d6a1fa170cf,2,2,official,principal
6768,0,0,0.024850966408848763,probability_native,0.024850966408848763,u_dcf78d6a1fa170cf,2,2,official,principal
1616,0,0,0.021368354558944702,probability_native,0.021368354558944702,u_dcf78d6a1fa170cf,2,2,official,principal
4344,0,0,0.12461823970079422,probability_native,0.12461823970079422,u_dcf78d6a1fa170cf,2,2,official,principal
3722,0,0,0.06901387125253677,probability_native,0.06901387125253677,u_dcf78d6a1fa170cf,2,2,official,principal
1511,0,0,0.019238155335187912,probability_native,0.019238155335187912,u_dcf78d6a1fa170cf,2,2,official,principal
3074,0,0,0.14610417187213898,probability_native,0.14610417187213898,u_dcf78d6a1fa170cf,2,2,official,principal
4631,1,1,0.7960045337677002,probability_native,0.7960045337677002,u_dcf78d6a1fa170cf,2,2,official,principal
7017,0,0,0.020292233675718307,probability_native,0.020292233675718307,u_dcf78d6a1fa170cf,2,2,official,principal
3832,0,0,0.12210526317358017,probability_native,0.12210526317358017,u_dcf78d6a1fa170cf,2,2,official,principal
4293,1,1,0.5208627581596375,probability_native,0.5208627581596375,u_dcf78d6a1fa170cf,2,2,official,principal
1195,0,0,0.33281517028808594,probability_native,0.33281517028808594,u_dcf78d6a1fa170cf,2,2,official,principal
1200,0,0,0.26074960827827454,probability_native,0.26074960827827454,u_dcf78d6a1fa170cf,2,2,official,principal
6750,0,0,0.06999999284744263,probability_native,0.06999999284744263,u_dcf78d6a1fa170cf,2,2,official,principal
553,0,0,0.026057466864585876,probability_native,0.026057466864585876,u_dcf78d6a1fa170cf,2,2,official,principal
748,0,0,0.026044804602861404,probability_native,0.026044804602861404,u_dcf78d6a1fa170cf,2,2,official,principal
906,0,1,0.5283850431442261,probability_native,0.5283850431442261,u_dcf78d6a1fa170cf,2,2,official,principal
3923,1,1,0.7411773800849915,probability_native,0.7411773800849915,u_dcf78d6a1fa170cf,2,2,official,principal
4115,0,0,0.058000776916742325,probability_native,0.058000776916742325,u_dcf78d6a1fa170cf,2,2,official,principal
1526,0,1,0.6022846102714539,probability_native,0.6022846102714539,u_dcf78d6a1fa170cf,2,2,official,principal
3022,0,0,0.13257861137390137,probability_native,0.13257861137390137,u_dcf78d6a1fa170cf,2,2,official,principal
707,0,0,0.28126969933509827,probability_native,0.28126969933509827,u_dcf78d6a1fa170cf,2,2,official,principal
1041,0,0,0.046111881732940674,probability_native,0.046111881732940674,u_dcf78d6a1fa170cf,2,2,official,principal
662,0,0,0.40021634101867676,probability_native,0.40021634101867676,u_dcf78d6a1fa170cf,2,2,official,principal
1745,0,0,0.022345902398228645,probability_native,0.022345902398228645,u_dcf78d6a1fa170cf,2,2,official,principal
1364,0,0,0.024094903841614723,probability_native,0.024094903841614723,u_dcf78d6a1fa170cf,2,2,official,principal
2218,0,0,0.024425890296697617,probability_native,0.024425890296697617,u_dcf78d6a1fa170cf,2,2,official,principal
687,1,1,0.5709771513938904,probability_native,0.5709771513938904,u_dcf78d6a1fa170cf,2,2,official,principal
6858,1,1,0.5628709197044373,probability_native,0.5628709197044373,u_dcf78d6a1fa170cf,2,2,official,principal
1012,0,1,0.636913001537323,probability_native,0.636913001537323,u_dcf78d6a1fa170cf,2,2,official,principal
319,0,0,0.31614935398101807,probability_native,0.31614935398101807,u_dcf78d6a1fa170cf,2,2,official,principal
635,1,0,0.2927153706550598,probability_native,0.2927153706550598,u_dcf78d6a1fa170cf,2,2,official,principal
1069,0,0,0.07510926574468613,probability_native,0.07510926574468613,u_dcf78d6a1fa170cf,2,2,official,principal
400,0,0,0.035489171743392944,probability_native,0.035489171743392944,u_dcf78d6a1fa170cf,2,2,official,principal
4825,0,0,0.4269578754901886,probability_native,0.4269578754901886,u_dcf78d6a1fa170cf,2,2,official,principal
3551,1,1,0.7805760502815247,probability_native,0.7805760502815247,u_dcf78d6a1fa170cf,2,2,official,principal
2315,0,0,0.14964812994003296,probability_native,0.14964812994003296,u_dcf78d6a1fa170cf,2,2,official,principal
1966,0,0,0.15804369747638702,probability_native,0.15804369747638702,u_dcf78d6a1fa170cf,2,2,official,principal
5443,0,0,0.17021934688091278,probability_native,0.17021934688091278,u_dcf78d6a1fa170cf,2,2,official,principal
5324,0,0,0.056871432811021805,probability_native,0.056871432811021805,u_dcf78d6a1fa170cf,2,2,official,principal
6123,0,0,0.1771373301744461,probability_native,0.1771373301744461,u_dcf78d6a1fa170cf,2,2,official,principal
3757,0,0,0.026848087087273598,probability_native,0.026848087087273598,u_dcf78d6a1fa170cf,2,2,official,principal
2922,1,0,0.3525628447532654,probability_native,0.3525628447532654,u_dcf78d6a1fa170cf,2,2,official,principal
6418,0,0,0.15337435901165009,probability_native,0.15337435901165009,u_dcf78d6a1fa170cf,2,2,official,principal
4172,0,0,0.2965712249279022,probability_native,0.2965712249279022,u_dcf78d6a1fa170cf,2,2,official,principal
5887,0,0,0.1713963747024536,probability_native,0.1713963747024536,u_dcf78d6a1fa170cf,2,2,official,principal
846,0,0,0.031934045255184174,probability_native,0.031934045255184174,u_dcf78d6a1fa170cf,2,2,official,principal
1213,0,0,0.017036516219377518,probability_native,0.017036516219377518,u_dcf78d6a1fa170cf,2,2,official,principal
3433,0,0,0.2065298855304718,probability_native,0.2065298855304718,u_dcf78d6a1fa170cf,2,2,official,principal
1921,0,0,0.03587735444307327,probability_native,0.03587735444307327,u_dcf78d6a1fa170cf,2,2,official,principal
3599,0,0,0.10693071782588959,probability_native,0.10693071782588959,u_dcf78d6a1fa170cf,2,2,official,principal
4295,0,0,0.05629692226648331,probability_native,0.05629692226648331,u_dcf78d6a1fa170cf,2,2,official,principal
2563,1,0,0.4053812623023987,probability_native,0.4053812623023987,u_dcf78d6a1fa170cf,2,2,official,principal
121,0,0,0.09093990921974182,probability_native,0.09093990921974182,u_dcf78d6a1fa170cf,2,2,official,principal
1479,0,0,0.14989157021045685,probability_native,0.14989157021045685,u_dcf78d6a1fa170cf,2,2,official,principal
6126,1,0,0.4775151014328003,probability_native,0.4775151014328003,u_dcf78d6a1fa170cf,2,2,official,principal
2859,0,0,0.03933393582701683,probability_native,0.03933393582701683,u_dcf78d6a1fa170cf,2,2,official,principal
3131,0,0,0.02421884983778,probability_native,0.02421884983778,u_dcf78d6a1fa170cf,2,2,official,principal
6032,1,0,0.4302976429462433,probability_native,0.4302976429462433,u_dcf78d6a1fa170cf,2,2,official,principal
1962,0,0,0.21387088298797607,probability_native,0.21387088298797607,u_dcf78d6a1fa170cf,2,2,official,principal
6860,1,0,0.4038906991481781,probability_native,0.4038906991481781,u_dcf78d6a1fa170cf,2,2,official,principal
3531,0,0,0.03633231297135353,probability_native,0.03633231297135353,u_dcf78d6a1fa170cf,2,2,official,principal
6038,1,0,0.038128070533275604,probability_native,0.038128070533275604,u_dcf78d6a1fa170cf,2,2,official,principal
5055,0,0,0.03365151584148407,probability_native,0.03365151584148407,u_dcf78d6a1fa170cf,2,2,official,principal
6229,0,0,0.023153185844421387,probability_native,0.023153185844421387,u_dcf78d6a1fa170cf,2,2,official,principal
1547,1,0,0.22200697660446167,probability_native,0.22200697660446167,u_dcf78d6a1fa170cf,2,2,official,principal
4381,1,0,0.37436074018478394,probability_native,0.37436074018478394,u_dcf78d6a1fa170cf,2,2,official,principal
6835,0,0,0.12306005507707596,probability_native,0.12306005507707596,u_dcf78d6a1fa170cf,2,2,official,principal
520,0,0,0.27817443013191223,probability_native,0.27817443013191223,u_dcf78d6a1fa170cf,2,2,official,principal
6452,0,0,0.46660298109054565,probability_native,0.46660298109054565,u_dcf78d6a1fa170cf,2,2,official,principal
6012,1,1,0.6606253385543823,probability_native,0.6606253385543823,u_dcf78d6a1fa170cf,2,2,official,principal
4836,0,0,0.1310688555240631,probability_native,0.1310688555240631,u_dcf78d6a1fa170cf,2,2,official,principal
6597,1,0,0.26788848638534546,probability_native,0.26788848638534546,u_dcf78d6a1fa170cf,2,2,official,principal
2736,0,0,0.2736722230911255,probability_native,0.2736722230911255,u_dcf78d6a1fa170cf,2,2,official,principal
1075,0,0,0.24656596779823303,probability_native,0.24656596779823303,u_dcf78d6a1fa170cf,2,2,official,principal
4063,1,1,0.7814110517501831,probability_native,0.7814110517501831,u_dcf78d6a1fa170cf,2,2,official,principal
4494,0,1,0.5505280494689941,probability_native,0.5505280494689941,u_dcf78d6a1fa170cf,2,2,official,principal
2031,0,0,0.2968372702598572,probability_native,0.2968372702598572,u_dcf78d6a1fa170cf,2,2,official,principal
468,0,0,0.020349690690636635,probability_native,0.020349690690636635,u_dcf78d6a1fa170cf,2,2,official,principal
6682,0,0,0.04128413274884224,probability_native,0.04128413274884224,u_dcf78d6a1fa170cf,2,2,official,principal
2200,0,0,0.14564771950244904,probability_native,0.14564771950244904,u_dcf78d6a1fa170cf,2,2,official,principal
6676,0,0,0.3018660545349121,probability_native,0.3018660545349121,u_dcf78d6a1fa170cf,2,2,official,principal
6326,0,0,0.03152693808078766,probability_native,0.03152693808078766,u_dcf78d6a1fa170cf,2,2,official,principal
2890,1,0,0.2426023781299591,probability_native,0.2426023781299591,u_dcf78d6a1fa170cf,2,2,official,principal
5197,0,0,0.06265374273061752,probability_native,0.06265374273061752,u_dcf78d6a1fa170cf,2,2,official,principal
2322,0,0,0.019718902185559273,probability_native,0.019718902185559273,u_dcf78d6a1fa170cf,2,2,official,principal
1251,1,1,0.7025233507156372,probability_native,0.7025233507156372,u_dcf78d6a1fa170cf,2,2,official,principal
4510,0,0,0.12515045702457428,probability_native,0.12515045702457428,u_dcf78d6a1fa170cf,2,2,official,principal
6021,0,0,0.11852142214775085,probability_native,0.11852142214775085,u_dcf78d6a1fa170cf,2,2,official,principal
1017,0,0,0.03108036331832409,probability_native,0.03108036331832409,u_dcf78d6a1fa170cf,2,2,official,principal
6150,0,0,0.4072785973548889,probability_native,0.4072785973548889,u_dcf78d6a1fa170cf,2,2,official,principal
4854,0,0,0.08702985942363739,probability_native,0.08702985942363739,u_dcf78d6a1fa170cf,2,2,official,principal
1495,0,0,0.24597039818763733,probability_native,0.24597039818763733,u_dcf78d6a1fa170cf,2,2,official,principal
6067,0,0,0.09858979284763336,probability_native,0.09858979284763336,u_dcf78d6a1fa170cf,2,2,official,principal
2050,0,0,0.0171628687530756,probability_native,0.0171628687530756,u_dcf78d6a1fa170cf,2,2,official,principal
5590,0,0,0.09338480234146118,probability_native,0.09338480234146118,u_dcf78d6a1fa170cf,2,2,official,principal
1422,0,0,0.035998135805130005,probability_native,0.035998135805130005,u_dcf78d6a1fa170cf,2,2,official,principal
5774,0,0,0.2728256285190582,probability_native,0.2728256285190582,u_dcf78d6a1fa170cf,2,2,official,principal
3450,0,0,0.2801553010940552,probability_native,0.2801553010940552,u_dcf78d6a1fa170cf,2,2,official,principal
6668,0,1,0.587226927280426,probability_native,0.587226927280426,u_dcf78d6a1fa170cf,2,2,official,principal
2995,0,0,0.4804639220237732,probability_native,0.4804639220237732,u_dcf78d6a1fa170cf,2,2,official,principal
3004,1,1,0.7641935348510742,probability_native,0.7641935348510742,u_dcf78d6a1fa170cf,2,2,official,principal
3611,0,0,0.05797673389315605,probability_native,0.05797673389315605,u_dcf78d6a1fa170cf,2,2,official,principal
4131,1,0,0.37207549810409546,probability_native,0.37207549810409546,u_dcf78d6a1fa170cf,2,2,official,principal
3455,1,1,0.7957783341407776,probability_native,0.7957783341407776,u_dcf78d6a1fa170cf,2,2,official,principal
1954,1,1,0.8096829056739807,probability_native,0.8096829056739807,u_dcf78d6a1fa170cf,2,2,official,principal
5637,0,0,0.18209308385849,probability_native,0.18209308385849,u_dcf78d6a1fa170cf,2,2,official,principal
6028,1,0,0.3106866180896759,probability_native,0.3106866180896759,u_dcf78d6a1fa170cf,2,2,official,principal
4900,1,1,0.5532076954841614,probability_native,0.5532076954841614,u_dcf78d6a1fa170cf,2,2,official,principal
5583,1,0,0.36864784359931946,probability_native,0.36864784359931946,u_dcf78d6a1fa170cf,2,2,official,principal
1534,0,0,0.018405940383672714,probability_native,0.018405940383672714,u_dcf78d6a1fa170cf,2,2,official,principal
1108,0,0,0.019845066592097282,probability_native,0.019845066592097282,u_dcf78d6a1fa170cf,2,2,official,principal
5882,0,0,0.02710598334670067,probability_native,0.02710598334670067,u_dcf78d6a1fa170cf,2,2,official,principal
4052,1,0,0.2874120771884918,probability_native,0.2874120771884918,u_dcf78d6a1fa170cf,2,2,official,principal
910,1,1,0.6177712082862854,probability_native,0.6177712082862854,u_dcf78d6a1fa170cf,2,2,official,principal
3600,1,0,0.43494606018066406,probability_native,0.43494606018066406,u_dcf78d6a1fa170cf,2,2,official,principal
3003,1,0,0.4264834225177765,probability_native,0.4264834225177765,u_dcf78d6a1fa170cf,2,2,official,principal
6782,0,0,0.22261299192905426,probability_native,0.22261299192905426,u_dcf78d6a1fa170cf,2,2,official,principal
703,0,0,0.31416481733322144,probability_native,0.31416481733322144,u_dcf78d6a1fa170cf,2,2,official,principal
6874,0,0,0.13498976826667786,probability_native,0.13498976826667786,u_dcf78d6a1fa170cf,2,2,official,principal
2577,1,1,0.8565611243247986,probability_native,0.8565611243247986,u_dcf78d6a1fa170cf,2,2,official,principal
4137,0,0,0.12498097121715546,probability_native,0.12498097121715546,u_dcf78d6a1fa170cf,2,2,official,principal
2821,1,1,0.8206871747970581,probability_native,0.8206871747970581,u_dcf78d6a1fa170cf,2,2,official,principal
5701,0,0,0.15422029793262482,probability_native,0.15422029793262482,u_dcf78d6a1fa170cf,2,2,official,principal
5573,1,1,0.7809077501296997,probability_native,0.7809077501296997,u_dcf78d6a1fa170cf,2,2,official,principal
3002,0,0,0.10346001386642456,probability_native,0.10346001386642456,u_dcf78d6a1fa170cf,2,2,official,principal
145,0,0,0.040486957877874374,probability_native,0.040486957877874374,u_dcf78d6a1fa170cf,2,2,official,principal
929,0,0,0.22844357788562775,probability_native,0.22844357788562775,u_dcf78d6a1fa170cf,2,2,official,principal
3150,0,0,0.21664869785308838,probability_native,0.21664869785308838,u_dcf78d6a1fa170cf,2,2,official,principal
1022,0,1,0.6783023476600647,probability_native,0.6783023476600647,u_dcf78d6a1fa170cf,2,2,official,principal
6011,0,0,0.0735994204878807,probability_native,0.0735994204878807,u_dcf78d6a1fa170cf,2,2,official,principal
3102,1,0,0.2177019715309143,probability_native,0.2177019715309143,u_dcf78d6a1fa170cf,2,2,official,principal
2453,0,1,0.7755336761474609,probability_native,0.7755336761474609,u_dcf78d6a1fa170cf,2,2,official,principal
1588,0,0,0.3168658912181854,probability_native,0.3168658912181854,u_dcf78d6a1fa170cf,2,2,official,principal
2612,0,0,0.16493748128414154,probability_native,0.16493748128414154,u_dcf78d6a1fa170cf,2,2,official,principal
6489,1,0,0.3582395017147064,probability_native,0.3582395017147064,u_dcf78d6a1fa170cf,2,2,official,principal
116,0,0,0.03345958888530731,probability_native,0.03345958888530731,u_dcf78d6a1fa170cf,2,2,official,principal
4351,0,0,0.09788378328084946,probability_native,0.09788378328084946,u_dcf78d6a1fa170cf,2,2,official,principal
1948,1,1,0.577567994594574,probability_native,0.577567994594574,u_dcf78d6a1fa170cf,2,2,official,principal
2225,0,0,0.156758651137352,probability_native,0.156758651137352,u_dcf78d6a1fa170cf,2,2,official,principal
6267,1,1,0.7759151458740234,probability_native,0.7759151458740234,u_dcf78d6a1fa170cf,2,2,official,principal
3340,1,1,0.7414987683296204,probability_native,0.7414987683296204,u_dcf78d6a1fa170cf,2,2,official,principal
6051,0,0,0.07979855686426163,probability_native,0.07979855686426163,u_dcf78d6a1fa170cf,2,2,official,principal
5996,0,0,0.020698823034763336,probability_native,0.020698823034763336,u_dcf78d6a1fa170cf,2,2,official,principal
567,0,0,0.025347396731376648,probability_native,0.025347396731376648,u_dcf78d6a1fa170cf,2,2,official,principal
6707,0,0,0.03266974911093712,probability_native,0.03266974911093712,u_dcf78d6a1fa170cf,2,2,official,principal
3969,0,1,0.7141357064247131,probability_native,0.7141357064247131,u_dcf78d6a1fa170cf,2,2,official,principal
6987,0,0,0.28169265389442444,probability_native,0.28169265389442444,u_dcf78d6a1fa170cf,2,2,official,principal
2092,0,0,0.015514962375164032,probability_native,0.015514962375164032,u_dcf78d6a1fa170cf,2,2,official,principal
2201,0,0,0.12263715267181396,probability_native,0.12263715267181396,u_dcf78d6a1fa170cf,2,2,official,principal
1857,0,0,0.020432570949196815,probability_native,0.020432570949196815,u_dcf78d6a1fa170cf,2,2,official,principal
545,0,0,0.20639453828334808,probability_native,0.20639453828334808,u_dcf78d6a1fa170cf,2,2,official,principal
231,0,0,0.20020519196987152,probability_native,0.20020519196987152,u_dcf78d6a1fa170cf,2,2,official,principal
4037,0,0,0.016441019251942635,probability_native,0.016441019251942635,u_dcf78d6a1fa170cf,2,2,official,principal
2700,0,0,0.174343079328537,probability_native,0.174343079328537,u_dcf78d6a1fa170cf,2,2,official,principal
275,1,1,0.6856532096862793,probability_native,0.6856532096862793,u_dcf78d6a1fa170cf,2,2,official,principal
5801,0,0,0.46655386686325073,probability_native,0.46655386686325073,u_dcf78d6a1fa170cf,2,2,official,principal
4387,0,0,0.37207549810409546,probability_native,0.37207549810409546,u_dcf78d6a1fa170cf,2,2,official,principal
5980,0,0,0.09310351312160492,probability_native,0.09310351312160492,u_dcf78d6a1fa170cf,2,2,official,principal
5921,0,0,0.08899916708469391,probability_native,0.08899916708469391,u_dcf78d6a1fa170cf,2,2,official,principal
1764,0,0,0.041565146297216415,probability_native,0.041565146297216415,u_dcf78d6a1fa170cf,2,2,official,principal
843,0,0,0.21559831500053406,probability_native,0.21559831500053406,u_dcf78d6a1fa170cf,2,2,official,principal
3884,0,1,0.548107922077179,probability_native,0.548107922077179,u_dcf78d6a1fa170cf,2,2,official,principal
2046,0,0,0.4804639220237732,probability_native,0.4804639220237732,u_dcf78d6a1fa170cf,2,2,official,principal
983,1,1,0.8100548982620239,probability_native,0.8100548982620239,u_dcf78d6a1fa170cf,2,2,official,principal
2865,0,0,0.13807594776153564,probability_native,0.13807594776153564,u_dcf78d6a1fa170cf,2,2,official,principal
5670,1,0,0.07325787097215652,probability_native,0.07325787097215652,u_dcf78d6a1fa170cf,2,2,official,principal
3593,1,1,0.5983211994171143,probability_native,0.5983211994171143,u_dcf78d6a1fa170cf,2,2,official,principal
1825,0,0,0.21608096361160278,probability_native,0.21608096361160278,u_dcf78d6a1fa170cf,2,2,official,principal
4341,1,1,0.6202801465988159,probability_native,0.6202801465988159,u_dcf78d6a1fa170cf,2,2,official,principal
6409,0,0,0.03989129513502121,probability_native,0.03989129513502121,u_dcf78d6a1fa170cf,2,2,official,principal
2523,0,0,0.023206131532788277,probability_native,0.023206131532788277,u_dcf78d6a1fa170cf,2,2,official,principal
2728,0,0,0.11080796271562576,probability_native,0.11080796271562576,u_dcf78d6a1fa170cf,2,2,official,principal
3517,1,0,0.18130333721637726,probability_native,0.18130333721637726,u_dcf78d6a1fa170cf,2,2,official,principal
1973,0,0,0.03274508938193321,probability_native,0.03274508938193321,u_dcf78d6a1fa170cf,2,2,official,principal
6076,0,0,0.04724869504570961,probability_native,0.04724869504570961,u_dcf78d6a1fa170cf,2,2,official,principal
1946,0,0,0.30746492743492126,probability_native,0.30746492743492126,u_dcf78d6a1fa170cf,2,2,official,principal
5659,0,0,0.040253687649965286,probability_native,0.040253687649965286,u_dcf78d6a1fa170cf,2,2,official,principal
2714,0,0,0.1055975928902626,probability_native,0.1055975928902626,u_dcf78d6a1fa170cf,2,2,official,principal
2561,0,0,0.026527320966124535,probability_native,0.026527320966124535,u_dcf78d6a1fa170cf,2,2,official,principal
6908,1,0,0.353196918964386,probability_native,0.353196918964386,u_dcf78d6a1fa170cf,2,2,official,principal
5035,0,0,0.4222257137298584,probability_native,0.4222257137298584,u_dcf78d6a1fa170cf,2,2,official,principal
3171,0,0,0.027628306299448013,probability_native,0.027628306299448013,u_dcf78d6a1fa170cf,2,2,official,principal
6443,0,0,0.1060534343123436,probability_native,0.1060534343123436,u_dcf78d6a1fa170cf,2,2,official,principal
1079,0,1,0.6836348176002502,probability_native,0.6836348176002502,u_dcf78d6a1fa170cf,2,2,official,principal
3900,0,0,0.03172356262803078,probability_native,0.03172356262803078,u_dcf78d6a1fa170cf,2,2,official,principal
2988,0,0,0.05176733806729317,probability_native,0.05176733806729317,u_dcf78d6a1fa170cf,2,2,official,principal
408,1,0,0.4781211018562317,probability_native,0.4781211018562317,u_dcf78d6a1fa170cf,2,2,official,principal
5909,0,0,0.1174314022064209,probability_native,0.1174314022064209,u_dcf78d6a1fa170cf,2,2,official,principal
6389,0,0,0.024879759177565575,probability_native,0.024879759177565575,u_dcf78d6a1fa170cf,2,2,official,principal
4273,1,0,0.2972874343395233,probability_native,0.2972874343395233,u_dcf78d6a1fa170cf,2,2,official,principal
1705,0,0,0.22035203874111176,probability_native,0.22035203874111176,u_dcf78d6a1fa170cf,2,2,official,principal
1054,1,0,0.41040369868278503,probability_native,0.41040369868278503,u_dcf78d6a1fa170cf,2,2,official,principal
2224,1,1,0.5054029226303101,probability_native,0.5054029226303101,u_dcf78d6a1fa170cf,2,2,official,principal
6887,0,0,0.019932137802243233,probability_native,0.019932137802243233,u_dcf78d6a1fa170cf,2,2,official,principal
670,0,0,0.03577937185764313,probability_native,0.03577937185764313,u_dcf78d6a1fa170cf,2,2,official,principal
5372,0,1,0.5369927883148193,probability_native,0.5369927883148193,u_dcf78d6a1fa170cf,2,2,official,principal
2841,0,1,0.520016074180603,probability_native,0.520016074180603,u_dcf78d6a1fa170cf,2,2,official,principal
4951,0,1,0.5476497411727905,probability_native,0.5476497411727905,u_dcf78d6a1fa170cf,2,2,official,principal
6840,0,0,0.3631778657436371,probability_native,0.3631778657436371,u_dcf78d6a1fa170cf,2,2,official,principal
1438,0,0,0.08205365389585495,probability_native,0.08205365389585495,u_dcf78d6a1fa170cf,2,2,official,principal
3560,0,0,0.2740292251110077,probability_native,0.2740292251110077,u_dcf78d6a1fa170cf,2,2,official,principal
5612,0,0,0.05954182893037796,probability_native,0.05954182893037796,u_dcf78d6a1fa170cf,2,2,official,principal
3427,0,1,0.6610145568847656,probability_native,0.6610145568847656,u_dcf78d6a1fa170cf,2,2,official,principal
6910,0,0,0.0533735454082489,probability_native,0.0533735454082489,u_dcf78d6a1fa170cf,2,2,official,principal
2184,1,1,0.8132907748222351,probability_native,0.8132907748222351,u_dcf78d6a1fa170cf,2,2,official,principal
6210,0,0,0.07008446007966995,probability_native,0.07008446007966995,u_dcf78d6a1fa170cf,2,2,official,principal
1003,0,0,0.020332096144557,probability_native,0.020332096144557,u_dcf78d6a1fa170cf,2,2,official,principal
4239,0,0,0.07134348154067993,probability_native,0.07134348154067993,u_dcf78d6a1fa170cf,2,2,official,principal
1762,0,0,0.3762052059173584,probability_native,0.3762052059173584,u_dcf78d6a1fa170cf,2,2,official,principal
891,1,0,0.41005146503448486,probability_native,0.41005146503448486,u_dcf78d6a1fa170cf,2,2,official,principal
4996,0,0,0.02327052503824234,probability_native,0.02327052503824234,u_dcf78d6a1fa170cf,2,2,official,principal
4724,0,0,0.11409556120634079,probability_native,0.11409556120634079,u_dcf78d6a1fa170cf,2,2,official,principal
4077,0,1,0.7245806455612183,probability_native,0.7245806455612183,u_dcf78d6a1fa170cf,2,2,official,principal
3163,0,0,0.37479621171951294,probability_native,0.37479621171951294,u_dcf78d6a1fa170cf,2,2,official,principal
3431,1,1,0.609363853931427,probability_native,0.609363853931427,u_dcf78d6a1fa170cf,2,2,official,principal
4105,0,0,0.07503428310155869,probability_native,0.07503428310155869,u_dcf78d6a1fa170cf,2,2,official,principal
6932,0,0,0.2745247781276703,probability_native,0.2745247781276703,u_dcf78d6a1fa170cf,2,2,official,principal
349,0,0,0.13709023594856262,probability_native,0.13709023594856262,u_dcf78d6a1fa170cf,2,2,official,principal
495,1,0,0.15831123292446136,probability_native,0.15831123292446136,u_dcf78d6a1fa170cf,2,2,official,principal
795,0,0,0.40759459137916565,probability_native,0.40759459137916565,u_dcf78d6a1fa170cf,2,2,official,principal
4388,0,0,0.022726990282535553,probability_native,0.022726990282535553,u_dcf78d6a1fa170cf,2,2,official,principal
5959,0,0,0.021343443542718887,probability_native,0.021343443542718887,u_dcf78d6a1fa170cf,2,2,official,principal
5972,1,0,0.1620490550994873,probability_native,0.1620490550994873,u_dcf78d6a1fa170cf,2,2,official,principal
6924,1,1,0.7759151458740234,probability_native,0.7759151458740234,u_dcf78d6a1fa170cf,2,2,official,principal
6265,0,1,0.5738109946250916,probability_native,0.5738109946250916,u_dcf78d6a1fa170cf,2,2,official,principal
1995,1,1,0.7809077501296997,probability_native,0.7809077501296997,u_dcf78d6a1fa170cf,2,2,official,principal
4859,0,0,0.2115989774465561,probability_native,0.2115989774465561,u_dcf78d6a1fa170cf,2,2,official,principal
656,0,0,0.030037324875593185,probability_native,0.030037324875593185,u_dcf78d6a1fa170cf,2,2,official,principal
4496,0,0,0.01760159432888031,probability_native,0.01760159432888031,u_dcf78d6a1fa170cf,2,2,official,principal
2754,0,0,0.29183629155158997,probability_native,0.29183629155158997,u_dcf78d6a1fa170cf,2,2,official,principal
4157,0,0,0.17028583586215973,probability_native,0.17028583586215973,u_dcf78d6a1fa170cf,2,2,official,principal
4433,0,1,0.7667374014854431,probability_native,0.7667374014854431,u_dcf78d6a1fa170cf,2,2,official,principal
5906,1,1,0.6590662002563477,probability_native,0.6590662002563477,u_dcf78d6a1fa170cf,2,2,official,principal
1218,1,0,0.40796709060668945,probability_native,0.40796709060668945,u_dcf78d6a1fa170cf,2,2,official,principal
6525,0,0,0.019695131108164787,probability_native,0.019695131108164787,u_dcf78d6a1fa170cf,2,2,official,principal
3118,0,0,0.0307861790060997,probability_native,0.0307861790060997,u_dcf78d6a1fa170cf,2,2,official,principal
6378,1,0,0.4102102816104889,probability_native,0.4102102816104889,u_dcf78d6a1fa170cf,2,2,official,principal
3487,0,0,0.018358660861849785,probability_native,0.018358660861849785,u_dcf78d6a1fa170cf,2,2,official,principal
1580,0,0,0.13042089343070984,probability_native,0.13042089343070984,u_dcf78d6a1fa170cf,2,2,official,principal
5753,0,0,0.27818727493286133,probability_native,0.27818727493286133,u_dcf78d6a1fa170cf,2,2,official,principal
6907,1,0,0.23938117921352386,probability_native,0.23938117921352386,u_dcf78d6a1fa170cf,2,2,official,principal
3687,1,0,0.1554449200630188,probability_native,0.1554449200630188,u_dcf78d6a1fa170cf,2,2,official,principal
6834,0,0,0.05117795988917351,probability_native,0.05117795988917351,u_dcf78d6a1fa170cf,2,2,official,principal
4723,1,1,0.7559526562690735,probability_native,0.7559526562690735,u_dcf78d6a1fa170cf,2,2,official,principal
6460,1,0,0.3043108284473419,probability_native,0.3043108284473419,u_dcf78d6a1fa170cf,2,2,official,principal
2930,0,0,0.019062688574194908,probability_native,0.019062688574194908,u_dcf78d6a1fa170cf,2,2,official,principal
2848,0,0,0.07048067450523376,probability_native,0.07048067450523376,u_dcf78d6a1fa170cf,2,2,official,principal
2622,0,0,0.16072145104408264,probability_native,0.16072145104408264,u_dcf78d6a1fa170cf,2,2,official,principal
1285,1,1,0.7551606893539429,probability_native,0.7551606893539429,u_dcf78d6a1fa170cf,2,2,official,principal
1504,0,1,0.5265015959739685,probability_native,0.5265015959739685,u_dcf78d6a1fa170cf,2,2,official,principal
960,0,0,0.292965292930603,probability_native,0.292965292930603,u_dcf78d6a1fa170cf,2,2,official,principal
4385,0,0,0.04272117465734482,probability_native,0.04272117465734482,u_dcf78d6a1fa170cf,2,2,official,principal
3504,0,0,0.017313363030552864,probability_native,0.017313363030552864,u_dcf78d6a1fa170cf,2,2,official,principal
6502,0,0,0.11174497753381729,probability_native,0.11174497753381729,u_dcf78d6a1fa170cf,2,2,official,principal
3071,0,0,0.02286165952682495,probability_native,0.02286165952682495,u_dcf78d6a1fa170cf,2,2,official,principal
57,0,0,0.242387592792511,probability_native,0.242387592792511,u_dcf78d6a1fa170cf,2,2,official,principal
2963,0,0,0.07129693031311035,probability_native,0.07129693031311035,u_dcf78d6a1fa170cf,2,2,official,principal
965,1,1,0.5894333720207214,probability_native,0.5894333720207214,u_dcf78d6a1fa170cf,2,2,official,principal
2828,0,0,0.054801151156425476,probability_native,0.054801151156425476,u_dcf78d6a1fa170cf,2,2,official,principal
4178,0,0,0.01836935430765152,probability_native,0.01836935430765152,u_dcf78d6a1fa170cf,2,2,official,principal
1497,0,0,0.21866488456726074,probability_native,0.21866488456726074,u_dcf78d6a1fa170cf,2,2,official,principal
4242,0,0,0.2965712249279022,probability_native,0.2965712249279022,u_dcf78d6a1fa170cf,2,2,official,principal
5578,0,0,0.020975429564714432,probability_native,0.020975429564714432,u_dcf78d6a1fa170cf,2,2,official,principal
6534,0,0,0.15559330582618713,probability_native,0.15559330582618713,u_dcf78d6a1fa170cf,2,2,official,principal
3010,0,0,0.35882705450057983,probability_native,0.35882705450057983,u_dcf78d6a1fa170cf,2,2,official,principal
6745,1,0,0.4540612995624542,probability_native,0.4540612995624542,u_dcf78d6a1fa170cf,2,2,official,principal
4636,0,0,0.03465130552649498,probability_native,0.03465130552649498,u_dcf78d6a1fa170cf,2,2,official,principal
598,0,0,0.23459474742412567,probability_native,0.23459474742412567,u_dcf78d6a1fa170cf,2,2,official,principal
3395,0,0,0.17377448081970215,probability_native,0.17377448081970215,u_dcf78d6a1fa170cf,2,2,official,principal
2765,0,1,0.5931217074394226,probability_native,0.5931217074394226,u_dcf78d6a1fa170cf,2,2,official,principal
3386,0,0,0.08310502767562866,probability_native,0.08310502767562866,u_dcf78d6a1fa170cf,2,2,official,principal
4187,0,0,0.019162693992257118,probability_native,0.019162693992257118,u_dcf78d6a1fa170cf,2,2,official,principal
3797,0,0,0.17591533064842224,probability_native,0.17591533064842224,u_dcf78d6a1fa170cf,2,2,official,principal
5317,1,0,0.2689957022666931,probability_native,0.2689957022666931,u_dcf78d6a1fa170cf,2,2,official,principal
1505,1,1,0.8206871747970581,probability_native,0.8206871747970581,u_dcf78d6a1fa170cf,2,2,official,principal
196,0,0,0.022484295070171356,probability_native,0.022484295070171356,u_dcf78d6a1fa170cf,2,2,official,principal
6069,0,0,0.08671339601278305,probability_native,0.08671339601278305,u_dcf78d6a1fa170cf,2,2,official,principal
5686,1,1,0.5644588470458984,probability_native,0.5644588470458984,u_dcf78d6a1fa170cf,2,2,official,principal
1793,0,0,0.013726980425417423,probability_native,0.013726980425417423,u_dcf78d6a1fa170cf,2,2,official,principal
744,0,0,0.3592844009399414,probability_native,0.3592844009399414,u_dcf78d6a1fa170cf,2,2,official,principal
1106,0,0,0.06044479459524155,probability_native,0.06044479459524155,u_dcf78d6a1fa170cf,2,2,official,principal
1952,0,0,0.4168616235256195,probability_native,0.4168616235256195,u_dcf78d6a1fa170cf,2,2,official,principal
5113,0,0,0.030102824792265892,probability_native,0.030102824792265892,u_dcf78d6a1fa170cf,2,2,official,principal
5522,1,1,0.7271291017532349,probability_native,0.7271291017532349,u_dcf78d6a1fa170cf,2,2,official,principal
1897,1,0,0.19299453496932983,probability_native,0.19299453496932983,u_dcf78d6a1fa170cf,2,2,official,principal
1593,0,0,0.1001841202378273,probability_native,0.1001841202378273,u_dcf78d6a1fa170cf,2,2,official,principal
3446,0,0,0.2379748374223709,probability_native,0.2379748374223709,u_dcf78d6a1fa170cf,2,2,official,principal
745,0,0,0.03812410682439804,probability_native,0.03812410682439804,u_dcf78d6a1fa170cf,2,2,official,principal
4251,0,0,0.025551188737154007,probability_native,0.025551188737154007,u_dcf78d6a1fa170cf,2,2,official,principal
6463,0,0,0.08211804181337357,probability_native,0.08211804181337357,u_dcf78d6a1fa170cf,2,2,official,principal
5818,0,0,0.06332800537347794,probability_native,0.06332800537347794,u_dcf78d6a1fa170cf,2,2,official,principal
6503,0,0,0.09784603863954544,probability_native,0.09784603863954544,u_dcf78d6a1fa170cf,2,2,official,principal
5956,1,1,0.5322478413581848,probability_native,0.5322478413581848,u_dcf78d6a1fa170cf,2,2,official,principal
6681,1,1,0.7242210507392883,probability_native,0.7242210507392883,u_dcf78d6a1fa170cf,2,2,official,principal
4212,1,1,0.7664563059806824,probability_native,0.7664563059806824,u_dcf78d6a1fa170cf,2,2,official,principal
3478,0,0,0.15882384777069092,probability_native,0.15882384777069092,u_dcf78d6a1fa170cf,2,2,official,principal
605,0,0,0.017902633175253868,probability_native,0.017902633175253868,u_dcf78d6a1fa170cf,2,2,official,principal
3968,0,0,0.015630481764674187,probability_native,0.015630481764674187,u_dcf78d6a1fa170cf,2,2,official,principal
3961,0,0,0.34949517250061035,probability_native,0.34949517250061035,u_dcf78d6a1fa170cf,2,2,official,principal
6371,0,0,0.02337469533085823,probability_native,0.02337469533085823,u_dcf78d6a1fa170cf,2,2,official,principal
1634,0,0,0.08006459474563599,probability_native,0.08006459474563599,u_dcf78d6a1fa170cf,2,2,official,principal
5727,0,0,0.07175333797931671,probability_native,0.07175333797931671,u_dcf78d6a1fa170cf,2,2,official,principal
6164,0,0,0.04889332503080368,probability_native,0.04889332503080368,u_dcf78d6a1fa170cf,2,2,official,principal
3636,0,0,0.10267727822065353,probability_native,0.10267727822065353,u_dcf78d6a1fa170cf,2,2,official,principal
997,1,1,0.8296874165534973,probability_native,0.8296874165534973,u_dcf78d6a1fa170cf,2,2,official,principal
3334,1,1,0.5285301208496094,probability_native,0.5285301208496094,u_dcf78d6a1fa170cf,2,2,official,principal
6237,1,1,0.7343490719795227,probability_native,0.7343490719795227,u_dcf78d6a1fa170cf,2,2,official,principal
5108,0,0,0.1373443752527237,probability_native,0.1373443752527237,u_dcf78d6a1fa170cf,2,2,official,principal
6391,0,0,0.13372550904750824,probability_native,0.13372550904750824,u_dcf78d6a1fa170cf,2,2,official,principal
6017,0,0,0.3045145869255066,probability_native,0.3045145869255066,u_dcf78d6a1fa170cf,2,2,official,principal
6551,0,0,0.20349478721618652,probability_native,0.20349478721618652,u_dcf78d6a1fa170cf,2,2,official,principal
1961,0,0,0.07584884017705917,probability_native,0.07584884017705917,u_dcf78d6a1fa170cf,2,2,official,principal
964,1,1,0.5748631358146667,probability_native,0.5748631358146667,u_dcf78d6a1fa170cf,2,2,official,principal
2511,0,0,0.16561152040958405,probability_native,0.16561152040958405,u_dcf78d6a1fa170cf,2,2,official,principal
6986,1,0,0.30166757106781006,probability_native,0.30166757106781006,u_dcf78d6a1fa170cf,2,2,official,principal
306,1,0,0.46655386686325073,probability_native,0.46655386686325073,u_dcf78d6a1fa170cf,2,2,official,principal
1576,0,0,0.0474296435713768,probability_native,0.0474296435713768,u_dcf78d6a1fa170cf,2,2,official,principal
3686,1,1,0.5420604944229126,probability_native,0.5420604944229126,u_dcf78d6a1fa170cf,2,2,official,principal
1763,0,1,0.6635106205940247,probability_native,0.6635106205940247,u_dcf78d6a1fa170cf,2,2,official,principal
4199,1,0,0.35685640573501587,probability_native,0.35685640573501587,u_dcf78d6a1fa170cf,2,2,official,principal
563,0,0,0.09156080335378647,probability_native,0.09156080335378647,u_dcf78d6a1fa170cf,2,2,official,principal
4907,0,0,0.015928201377391815,probability_native,0.015928201377391815,u_dcf78d6a1fa170cf,2,2,official,principal
3159,0,1,0.8336780071258545,probability_native,0.8336780071258545,u_dcf78d6a1fa170cf,2,2,official,principal
4299,0,0,0.1758008450269699,probability_native,0.1758008450269699,u_dcf78d6a1fa170cf,2,2,official,principal
3661,0,0,0.17099541425704956,probability_native,0.17099541425704956,u_dcf78d6a1fa170cf,2,2,official,principal
5569,1,1,0.6494485139846802,probability_native,0.6494485139846802,u_dcf78d6a1fa170cf,2,2,official,principal
6144,0,0,0.39300864934921265,probability_native,0.39300864934921265,u_dcf78d6a1fa170cf,2,2,official,principal
3324,0,1,0.739212691783905,probability_native,0.739212691783905,u_dcf78d6a1fa170cf,2,2,official,principal
378,0,0,0.04995526373386383,probability_native,0.04995526373386383,u_dcf78d6a1fa170cf,2,2,official,principal
1399,0,0,0.03710063919425011,probability_native,0.03710063919425011,u_dcf78d6a1fa170cf,2,2,official,principal
6998,0,1,0.6059974431991577,probability_native,0.6059974431991577,u_dcf78d6a1fa170cf,2,2,official,principal
3465,0,1,0.5224049687385559,probability_native,0.5224049687385559,u_dcf78d6a1fa170cf,2,2,official,principal
5081,0,0,0.020179543644189835,probability_native,0.020179543644189835,u_dcf78d6a1fa170cf,2,2,official,principal
472,0,0,0.34658896923065186,probability_native,0.34658896923065186,u_dcf78d6a1fa170cf,2,2,official,principal
6561,0,1,0.6485650539398193,probability_native,0.6485650539398193,u_dcf78d6a1fa170cf,2,2,official,principal
602,0,0,0.09881746023893356,probability_native,0.09881746023893356,u_dcf78d6a1fa170cf,2,2,official,principal
666,1,1,0.539864182472229,probability_native,0.539864182472229,u_dcf78d6a1fa170cf,2,2,official,principal
1953,1,1,0.7442278861999512,probability_native,0.7442278861999512,u_dcf78d6a1fa170cf,2,2,official,principal
2303,1,1,0.5638724565505981,probability_native,0.5638724565505981,u_dcf78d6a1fa170cf,2,2,official,principal
6328,0,0,0.0288084764033556,probability_native,0.0288084764033556,u_dcf78d6a1fa170cf,2,2,official,principal
3459,0,0,0.02309483103454113,probability_native,0.02309483103454113,u_dcf78d6a1fa170cf,2,2,official,principal
2924,1,1,0.5843671560287476,probability_native,0.5843671560287476,u_dcf78d6a1fa170cf,2,2,official,principal
5392,0,0,0.023816775530576706,probability_native,0.023816775530576706,u_dcf78d6a1fa170cf,2,2,official,principal
1174,0,0,0.10497104376554489,probability_native,0.10497104376554489,u_dcf78d6a1fa170cf,2,2,official,principal
4831,0,0,0.07828041911125183,probability_native,0.07828041911125183,u_dcf78d6a1fa170cf,2,2,official,principal
4444,1,0,0.12966540455818176,probability_native,0.12966540455818176,u_dcf78d6a1fa170cf,2,2,official,principal
5016,1,0,0.09615805000066757,probability_native,0.09615805000066757,u_dcf78d6a1fa170cf,2,2,official,principal
2014,0,0,0.1289234608411789,probability_native,0.1289234608411789,u_dcf78d6a1fa170cf,2,2,official,principal
1906,0,0,0.06623170524835587,probability_native,0.06623170524835587,u_dcf78d6a1fa170cf,2,2,official,principal
3261,0,0,0.027499694377183914,probability_native,0.027499694377183914,u_dcf78d6a1fa170cf,2,2,official,principal
3220,0,0,0.04710342362523079,probability_native,0.04710342362523079,u_dcf78d6a1fa170cf,2,2,official,principal
688,0,0,0.07369755953550339,probability_native,0.07369755953550339,u_dcf78d6a1fa170cf,2,2,official,principal
721,0,0,0.01989525929093361,probability_native,0.01989525929093361,u_dcf78d6a1fa170cf,2,2,official,principal
5647,0,0,0.18585513532161713,probability_native,0.18585513532161713,u_dcf78d6a1fa170cf,2,2,official,principal
4481,0,0,0.15524111688137054,probability_native,0.15524111688137054,u_dcf78d6a1fa170cf,2,2,official,principal
4661,0,0,0.02804059349000454,probability_native,0.02804059349000454,u_dcf78d6a1fa170cf,2,2,official,principal
571,0,0,0.04251488670706749,probability_native,0.04251488670706749,u_dcf78d6a1fa170cf,2,2,official,principal
2405,1,1,0.7521897554397583,probability_native,0.7521897554397583,u_dcf78d6a1fa170cf,2,2,official,principal
4235,0,0,0.13033941388130188,probability_native,0.13033941388130188,u_dcf78d6a1fa170cf,2,2,official,principal
4832,0,0,0.06993009895086288,probability_native,0.06993009895086288,u_dcf78d6a1fa170cf,2,2,official,principal
896,0,0,0.0434345118701458,probability_native,0.0434345118701458,u_dcf78d6a1fa170cf,2,2,official,principal
1402,1,0,0.33857131004333496,probability_native,0.33857131004333496,u_dcf78d6a1fa170cf,2,2,official,principal
1231,0,0,0.13575077056884766,probability_native,0.13575077056884766,u_dcf78d6a1fa170cf,2,2,official,principal
4695,0,0,0.032014746218919754,probability_native,0.032014746218919754,u_dcf78d6a1fa170cf,2,2,official,principal
2130,1,0,0.19238808751106262,probability_native,0.19238808751106262,u_dcf78d6a1fa170cf,2,2,official,principal
2881,0,0,0.09427327662706375,probability_native,0.09427327662706375,u_dcf78d6a1fa170cf,2,2,official,principal
5528,0,0,0.06014954671263695,probability_native,0.06014954671263695,u_dcf78d6a1fa170cf,2,2,official,principal
3851,0,0,0.022560318931937218,probability_native,0.022560318931937218,u_dcf78d6a1fa170cf,2,2,official,principal
2299,0,0,0.02641134150326252,probability_native,0.02641134150326252,u_dcf78d6a1fa170cf,2,2,official,principal
1900,0,0,0.023096922785043716,probability_native,0.023096922785043716,u_dcf78d6a1fa170cf,2,2,official,principal
6167,0,0,0.2775449752807617,probability_native,0.2775449752807617,u_dcf78d6a1fa170cf,2,2,official,principal
2170,0,0,0.16640882194042206,probability_native,0.16640882194042206,u_dcf78d6a1fa170cf,2,2,official,principal
5225,0,0,0.19896335899829865,probability_native,0.19896335899829865,u_dcf78d6a1fa170cf,2,2,official,principal
559,0,1,0.5282957553863525,probability_native,0.5282957553863525,u_dcf78d6a1fa170cf,2,2,official,principal
4400,0,0,0.48539161682128906,probability_native,0.48539161682128906,u_dcf78d6a1fa170cf,2,2,official,principal
5953,0,0,0.4870106875896454,probability_native,0.4870106875896454,u_dcf78d6a1fa170cf,2,2,official,principal
1854,1,1,0.6349605917930603,probability_native,0.6349605917930603,u_dcf78d6a1fa170cf,2,2,official,principal
5410,0,0,0.055491454899311066,probability_native,0.055491454899311066,u_dcf78d6a1fa170cf,2,2,official,principal
2609,1,0,0.37166109681129456,probability_native,0.37166109681129456,u_dcf78d6a1fa170cf,2,2,official,principal
336,1,0,0.3020920753479004,probability_native,0.3020920753479004,u_dcf78d6a1fa170cf,2,2,official,principal
1512,0,1,0.6797249913215637,probability_native,0.6797249913215637,u_dcf78d6a1fa170cf,2,2,official,principal
1417,0,0,0.2325383722782135,probability_native,0.2325383722782135,u_dcf78d6a1fa170cf,2,2,official,principal
1848,0,0,0.03244850039482117,probability_native,0.03244850039482117,u_dcf78d6a1fa170cf,2,2,official,principal
409,1,0,0.3729167580604553,probability_native,0.3729167580604553,u_dcf78d6a1fa170cf,2,2,official,principal
2229,0,1,0.5503960251808167,probability_native,0.5503960251808167,u_dcf78d6a1fa170cf,2,2,official,principal
4958,0,0,0.2886029779911041,probability_native,0.2886029779911041,u_dcf78d6a1fa170cf,2,2,official,principal
3883,0,1,0.6288424730300903,probability_native,0.6288424730300903,u_dcf78d6a1fa170cf,2,2,official,principal
5027,1,1,0.5942320823669434,probability_native,0.5942320823669434,u_dcf78d6a1fa170cf,2,2,official,principal
2556,0,0,0.2712351977825165,probability_native,0.2712351977825165,u_dcf78d6a1fa170cf,2,2,official,principal
6638,0,0,0.023502791300415993,probability_native,0.023502791300415993,u_dcf78d6a1fa170cf,2,2,official,principal
2921,1,1,0.7958826422691345,probability_native,0.7958826422691345,u_dcf78d6a1fa170cf,2,2,official,principal
5394,0,0,0.3986489474773407,probability_native,0.3986489474773407,u_dcf78d6a1fa170cf,2,2,official,principal
634,0,0,0.10299810022115707,probability_native,0.10299810022115707,u_dcf78d6a1fa170cf,2,2,official,principal
678,0,1,0.6923742890357971,probability_native,0.6923742890357971,u_dcf78d6a1fa170cf,2,2,official,principal
1847,0,0,0.023415599018335342,probability_native,0.023415599018335342,u_dcf78d6a1fa170cf,2,2,official,principal
4753,1,1,0.5477862358093262,probability_native,0.5477862358093262,u_dcf78d6a1fa170cf,2,2,official,principal
3104,0,1,0.7269989252090454,probability_native,0.7269989252090454,u_dcf78d6a1fa170cf,2,2,official,principal
4632,1,0,0.30607619881629944,probability_native,0.30607619881629944,u_dcf78d6a1fa170cf,2,2,official,principal
2897,0,0,0.020845916122198105,probability_native,0.020845916122198105,u_dcf78d6a1fa170cf,2,2,official,principal
6010,0,0,0.01843598484992981,probability_native,0.01843598484992981,u_dcf78d6a1fa170cf,2,2,official,principal
3001,0,0,0.10524240881204605,probability_native,0.10524240881204605,u_dcf78d6a1fa170cf,2,2,official,principal
3493,0,1,0.5621354579925537,probability_native,0.5621354579925537,u_dcf78d6a1fa170cf,2,2,official,principal
2946,0,0,0.37079164385795593,probability_native,0.37079164385795593,u_dcf78d6a1fa170cf,2,2,official,principal
4049,0,0,0.36130326986312866,probability_native,0.36130326986312866,u_dcf78d6a1fa170cf,2,2,official,principal
5275,1,0,0.25376924872398376,probability_native,0.25376924872398376,u_dcf78d6a1fa170cf,2,2,official,principal
3691,0,0,0.06728407740592957,probability_native,0.06728407740592957,u_dcf78d6a1fa170cf,2,2,official,principal
2028,0,0,0.025386296212673187,probability_native,0.025386296212673187,u_dcf78d6a1fa170cf,2,2,official,principal
2144,0,0,0.40140625834465027,probability_native,0.40140625834465027,u_dcf78d6a1fa170cf,2,2,official,principal
93,0,0,0.23631437122821808,probability_native,0.23631437122821808,u_dcf78d6a1fa170cf,2,2,official,principal
6453,1,1,0.5878175497055054,probability_native,0.5878175497055054,u_dcf78d6a1fa170cf,2,2,official,principal
5329,1,0,0.20138271152973175,probability_native,0.20138271152973175,u_dcf78d6a1fa170cf,2,2,official,principal
4480,1,1,0.7271291017532349,probability_native,0.7271291017532349,u_dcf78d6a1fa170cf,2,2,official,principal
4145,0,0,0.12997420132160187,probability_native,0.12997420132160187,u_dcf78d6a1fa170cf,2,2,official,principal
2132,0,0,0.0285666361451149,probability_native,0.0285666361451149,u_dcf78d6a1fa170cf,2,2,official,principal
3515,0,0,0.18751737475395203,probability_native,0.18751737475395203,u_dcf78d6a1fa170cf,2,2,official,principal
6194,0,0,0.09408336877822876,probability_native,0.09408336877822876,u_dcf78d6a1fa170cf,2,2,official,principal
6058,0,0,0.23428063094615936,probability_native,0.23428063094615936,u_dcf78d6a1fa170cf,2,2,official,principal
5561,0,0,0.3588089048862457,probability_native,0.3588089048862457,u_dcf78d6a1fa170cf,2,2,official,principal
305,0,0,0.020023496821522713,probability_native,0.020023496821522713,u_dcf78d6a1fa170cf,2,2,official,principal
1204,0,0,0.16575005650520325,probability_native,0.16575005650520325,u_dcf78d6a1fa170cf,2,2,official,principal
3807,1,1,0.5821483135223389,probability_native,0.5821483135223389,u_dcf78d6a1fa170cf,2,2,official,principal
1038,0,0,0.2107923924922943,probability_native,0.2107923924922943,u_dcf78d6a1fa170cf,2,2,official,principal
3526,1,0,0.3919314444065094,probability_native,0.3919314444065094,u_dcf78d6a1fa170cf,2,2,official,principal
2869,1,1,0.7049633860588074,probability_native,0.7049633860588074,u_dcf78d6a1fa170cf,2,2,official,principal
1895,0,0,0.031220940873026848,probability_native,0.031220940873026848,u_dcf78d6a1fa170cf,2,2,official,principal
4377,0,0,0.37593919038772583,probability_native,0.37593919038772583,u_dcf78d6a1fa170cf,2,2,official,principal
2800,0,0,0.0706014484167099,probability_native,0.0706014484167099,u_dcf78d6a1fa170cf,2,2,official,principal
5083,0,0,0.1362820863723755,probability_native,0.1362820863723755,u_dcf78d6a1fa170cf,2,2,official,principal
5955,0,0,0.018165817484259605,probability_native,0.018165817484259605,u_dcf78d6a1fa170cf,2,2,official,principal
21,0,0,0.03746233135461807,probability_native,0.03746233135461807,u_dcf78d6a1fa170cf,2,2,official,principal
4965,1,1,0.5191345810890198,probability_native,0.5191345810890198,u_dcf78d6a1fa170cf,2,2,official,principal
6605,1,0,0.26117900013923645,probability_native,0.26117900013923645,u_dcf78d6a1fa170cf,2,2,official,principal
842,1,0,0.035654786974191666,probability_native,0.035654786974191666,u_dcf78d6a1fa170cf,2,2,official,principal
122,1,1,0.763175904750824,probability_native,0.763175904750824,u_dcf78d6a1fa170cf,2,2,official,principal
5294,0,0,0.05925985053181648,probability_native,0.05925985053181648,u_dcf78d6a1fa170cf,2,2,official,principal
1590,0,0,0.033108875155448914,probability_native,0.033108875155448914,u_dcf78d6a1fa170cf,2,2,official,principal
4526,0,0,0.4271426200866699,probability_native,0.4271426200866699,u_dcf78d6a1fa170cf,2,2,official,principal
3018,0,0,0.027997110038995743,probability_native,0.027997110038995743,u_dcf78d6a1fa170cf,2,2,official,principal
1533,1,0,0.37714341282844543,probability_native,0.37714341282844543,u_dcf78d6a1fa170cf,2,2,official,principal
2767,0,0,0.28261688351631165,probability_native,0.28261688351631165,u_dcf78d6a1fa170cf,2,2,official,principal
1470,0,0,0.11693986505270004,probability_native,0.11693986505270004,u_dcf78d6a1fa170cf,2,2,official,principal
4128,1,0,0.1803712099790573,probability_native,0.1803712099790573,u_dcf78d6a1fa170cf,2,2,official,principal
451,0,0,0.19391317665576935,probability_native,0.19391317665576935,u_dcf78d6a1fa170cf,2,2,official,principal
881,0,0,0.04150071367621422,probability_native,0.04150071367621422,u_dcf78d6a1fa170cf,2,2,official,principal
4054,0,0,0.2613109350204468,probability_native,0.2613109350204468,u_dcf78d6a1fa170cf,2,2,official,principal
3105,0,0,0.11297978460788727,probability_native,0.11297978460788727,u_dcf78d6a1fa170cf,2,2,official,principal
6440,0,1,0.609135091304779,probability_native,0.609135091304779,u_dcf78d6a1fa170cf,2,2,official,principal
353,1,1,0.7552297711372375,probability_native,0.7552297711372375,u_dcf78d6a1fa170cf,2,2,official,principal
4094,0,1,0.6185365915298462,probability_native,0.6185365915298462,u_dcf78d6a1fa170cf,2,2,official,principal
886,0,1,0.7102483510971069,probability_native,0.7102483510971069,u_dcf78d6a1fa170cf,2,2,official,principal
4795,1,0,0.031211338937282562,probability_native,0.031211338937282562,u_dcf78d6a1fa170cf,2,2,official,principal
187,0,0,0.40177345275878906,probability_native,0.40177345275878906,u_dcf78d6a1fa170cf,2,2,official,principal
3545,0,1,0.525900661945343,probability_native,0.525900661945343,u_dcf78d6a1fa170cf,2,2,official,principal
3793,0,0,0.10360448062419891,probability_native,0.10360448062419891,u_dcf78d6a1fa170cf,2,2,official,principal
3652,1,1,0.5907939672470093,probability_native,0.5907939672470093,u_dcf78d6a1fa170cf,2,2,official,principal
3303,1,1,0.5534511208534241,probability_native,0.5534511208534241,u_dcf78d6a1fa170cf,2,2,official,principal
2547,0,0,0.024863610044121742,probability_native,0.024863610044121742,u_dcf78d6a1fa170cf,2,2,official,principal
7034,1,0,0.24395586550235748,probability_native,0.24395586550235748,u_dcf78d6a1fa170cf,2,2,official,principal
6855,0,0,0.11638259887695312,probability_native,0.11638259887695312,u_dcf78d6a1fa170cf,2,2,official,principal
6192,0,0,0.490639865398407,probability_native,0.490639865398407,u_dcf78d6a1fa170cf,2,2,official,principal
5390,1,1,0.794323205947876,probability_native,0.794323205947876,u_dcf78d6a1fa170cf,2,2,official,principal
2718,0,0,0.01987789385020733,probability_native,0.01987789385020733,u_dcf78d6a1fa170cf,2,2,official,principal
4869,0,0,0.49904754757881165,probability_native,0.49904754757881165,u_dcf78d6a1fa170cf,2,2,official,principal
6730,0,0,0.03773549199104309,probability_native,0.03773549199104309,u_dcf78d6a1fa170cf,2,2,official,principal
3034,1,1,0.7885651588439941,probability_native,0.7885651588439941,u_dcf78d6a1fa170cf,2,2,official,principal
4297,0,0,0.023620717227458954,probability_native,0.023620717227458954,u_dcf78d6a1fa170cf,2,2,official,principal
1980,0,1,0.7878994345664978,probability_native,0.7878994345664978,u_dcf78d6a1fa170cf,2,2,official,principal
6240,1,1,0.8407714366912842,probability_native,0.8407714366912842,u_dcf78d6a1fa170cf,2,2,official,principal
4906,0,0,0.027697987854480743,probability_native,0.027697987854480743,u_dcf78d6a1fa170cf,2,2,official,principal
5259,0,0,0.30605462193489075,probability_native,0.30605462193489075,u_dcf78d6a1fa170cf,2,2,official,principal
6473,1,1,0.7776551246643066,probability_native,0.7776551246643066,u_dcf78d6a1fa170cf,2,2,official,principal
2855,0,0,0.019457640126347542,probability_native,0.019457640126347542,u_dcf78d6a1fa170cf,2,2,official,principal
4352,0,0,0.2343873530626297,probability_native,0.2343873530626297,u_dcf78d6a1fa170cf,2,2,official,principal
5362,0,0,0.021558977663517,probability_native,0.021558977663517,u_dcf78d6a1fa170cf,2,2,official,principal
2489,0,0,0.1069289818406105,probability_native,0.1069289818406105,u_dcf78d6a1fa170cf,2,2,official,principal
377,1,0,0.4434453547000885,probability_native,0.4434453547000885,u_dcf78d6a1fa170cf,2,2,official,principal
1168,0,0,0.099579356610775,probability_native,0.099579356610775,u_dcf78d6a1fa170cf,2,2,official,principal
3564,0,0,0.17053452134132385,probability_native,0.17053452134132385,u_dcf78d6a1fa170cf,2,2,official,principal
5719,0,0,0.02306319586932659,probability_native,0.02306319586932659,u_dcf78d6a1fa170cf,2,2,official,principal
3840,0,0,0.04226500540971756,probability_native,0.04226500540971756,u_dcf78d6a1fa170cf,2,2,official,principal
5775,0,0,0.07686413079500198,probability_native,0.07686413079500198,u_dcf78d6a1fa170cf,2,2,official,principal
6586,0,0,0.023602595552802086,probability_native,0.023602595552802086,u_dcf78d6a1fa170cf,2,2,official,principal
1403,0,0,0.4620601236820221,probability_native,0.4620601236820221,u_dcf78d6a1fa170cf,2,2,official,principal
5279,0,0,0.01820392720401287,probability_native,0.01820392720401287,u_dcf78d6a1fa170cf,2,2,official,principal
389,0,1,0.5598589777946472,probability_native,0.5598589777946472,u_dcf78d6a1fa170cf,2,2,official,principal
4096,0,0,0.395467072725296,probability_native,0.395467072725296,u_dcf78d6a1fa170cf,2,2,official,principal
4076,0,0,0.04453801363706589,probability_native,0.04453801363706589,u_dcf78d6a1fa170cf,2,2,official,principal
912,0,0,0.1520072966814041,probability_native,0.1520072966814041,u_dcf78d6a1fa170cf,2,2,official,principal
5291,0,0,0.1030261218547821,probability_native,0.1030261218547821,u_dcf78d6a1fa170cf,2,2,official,principal
6587,0,0,0.27568915486335754,probability_native,0.27568915486335754,u_dcf78d6a1fa170cf,2,2,official,principal
6570,0,0,0.32967865467071533,probability_native,0.32967865467071533,u_dcf78d6a1fa170cf,2,2,official,principal
5163,0,0,0.19579574465751648,probability_native,0.19579574465751648,u_dcf78d6a1fa170cf,2,2,official,principal
6294,1,0,0.29955559968948364,probability_native,0.29955559968948364,u_dcf78d6a1fa170cf,2,2,official,principal
3273,1,0,0.3261145353317261,probability_native,0.3261145353317261,u_dcf78d6a1fa170cf,2,2,official,principal
406,0,0,0.0886901319026947,probability_native,0.0886901319026947,u_dcf78d6a1fa170cf,2,2,official,principal
318,1,1,0.5089176893234253,probability_native,0.5089176893234253,u_dcf78d6a1fa170cf,2,2,official,principal
1010,0,0,0.3999195992946625,probability_native,0.3999195992946625,u_dcf78d6a1fa170cf,2,2,official,principal
4943,0,0,0.01946035958826542,probability_native,0.01946035958826542,u_dcf78d6a1fa170cf,2,2,official,principal
6291,0,0,0.08575506508350372,probability_native,0.08575506508350372,u_dcf78d6a1fa170cf,2,2,official,principal
5204,0,0,0.2430560439825058,probability_native,0.2430560439825058,u_dcf78d6a1fa170cf,2,2,official,principal
157,0,0,0.02910057082772255,probability_native,0.02910057082772255,u_dcf78d6a1fa170cf,2,2,official,principal
4873,0,0,0.09911855310201645,probability_native,0.09911855310201645,u_dcf78d6a1fa170cf,2,2,official,principal
6579,0,0,0.017902633175253868,probability_native,0.017902633175253868,u_dcf78d6a1fa170cf,2,2,official,principal
6459,0,0,0.18083684146404266,probability_native,0.18083684146404266,u_dcf78d6a1fa170cf,2,2,official,principal
661,0,0,0.19158214330673218,probability_native,0.19158214330673218,u_dcf78d6a1fa170cf,2,2,official,principal
2386,0,0,0.12809614837169647,probability_native,0.12809614837169647,u_dcf78d6a1fa170cf,2,2,official,principal
1685,0,0,0.44875961542129517,probability_native,0.44875961542129517,u_dcf78d6a1fa170cf,2,2,official,principal
6158,0,0,0.3633204996585846,probability_native,0.3633204996585846,u_dcf78d6a1fa170cf,2,2,official,principal
990,0,0,0.04345500469207764,probability_native,0.04345500469207764,u_dcf78d6a1fa170cf,2,2,official,principal
4290,1,0,0.4717769920825958,probability_native,0.4717769920825958,u_dcf78d6a1fa170cf,2,2,official,principal
516,0,0,0.0462612584233284,probability_native,0.0462612584233284,u_dcf78d6a1fa170cf,2,2,official,principal
6246,0,0,0.022846074774861336,probability_native,0.022846074774861336,u_dcf78d6a1fa170cf,2,2,official,principal
2072,0,0,0.031989503651857376,probability_native,0.031989503651857376,u_dcf78d6a1fa170cf,2,2,official,principal
3806,0,1,0.5041556358337402,probability_native,0.5041556358337402,u_dcf78d6a1fa170cf,2,2,official,principal
2107,0,0,0.4685048758983612,probability_native,0.4685048758983612,u_dcf78d6a1fa170cf,2,2,official,principal
6647,0,0,0.03170657530426979,probability_native,0.03170657530426979,u_dcf78d6a1fa170cf,2,2,official,principal
1299,1,0,0.3589906394481659,probability_native,0.3589906394481659,u_dcf78d6a1fa170cf,2,2,official,principal
4605,0,0,0.02101658657193184,probability_native,0.02101658657193184,u_dcf78d6a1fa170cf,2,2,official,principal
2602,0,0,0.16907519102096558,probability_native,0.16907519102096558,u_dcf78d6a1fa170cf,2,2,official,principal
1258,0,0,0.019912347197532654,probability_native,0.019912347197532654,u_dcf78d6a1fa170cf,2,2,official,principal
2241,0,0,0.020272361114621162,probability_native,0.020272361114621162,u_dcf78d6a1fa170cf,2,2,official,principal
6642,0,0,0.13071618974208832,probability_native,0.13071618974208832,u_dcf78d6a1fa170cf,2,2,official,principal
608,0,0,0.028318896889686584,probability_native,0.028318896889686584,u_dcf78d6a1fa170cf,2,2,official,principal
4359,0,0,0.4416866898536682,probability_native,0.4416866898536682,u_dcf78d6a1fa170cf,2,2,official,principal
4083,1,0,0.33118489384651184,probability_native,0.33118489384651184,u_dcf78d6a1fa170cf,2,2,official,principal
4250,0,0,0.10282472521066666,probability_native,0.10282472521066666,u_dcf78d6a1fa170cf,2,2,official,principal
6227,1,0,0.4385506808757782,probability_native,0.4385506808757782,u_dcf78d6a1fa170cf,2,2,official,principal
4673,1,0,0.49736252427101135,probability_native,0.49736252427101135,u_dcf78d6a1fa170cf,2,2,official,principal
2710,0,0,0.031841784715652466,probability_native,0.031841784715652466,u_dcf78d6a1fa170cf,2,2,official,principal
