row_id,y_true,y_pred,score_positive,score_type,probability_native,unit_id,outer_fold,replicate,purpose,variant
2986,0,0,-1.154698015161931,decision_function,,u_5b79778ee6a7ab3e,1,0,official,principal
5427,0,0,-0.45161084018525743,decision_function,,u_5b79778ee6a7ab3e,1,0,official,principal
6234,0,0,-1.5673486149170586,decision_function,,u_5b79778ee6a7ab3e,1,0,official,principal
6937,0,0,-1.2266014617652479,decision_function,,u_5b79778ee6a7ab3e,1,0,official,principal
6491,1,1,0.8712669407753957,decision_function,,u_5b79778ee6a7ab3e,1,0,official,principal
478,1,1,0.8873681033289884,decision_function,,u_5b79778ee6a7ab3e,1,0,official,principal
5704,0,1,0.6308035558852634,decision_function,,u_5b79778ee6a7ab3e,1,0,official,principal
4453,1,1,1.1635916075134816,decision_function,,u_5b79778ee6a7ab3e,1,0,official,principal
2320,0,0,-2.0438838982853067,decision_function,,u_5b79778ee6a7ab3e,1,0,official,principal
4437,0,0,-1.0586190719450617,decision_function,,u_5b79778ee6a7ab3e,1,0,official,principal
3511,0,0,-1.6593145612935514,decision_function,,u_5b79778ee6a7ab3e,1,0,official,principal
3404,0,0,-2.020615689772291,decision_function,,u_5b79778ee6a7ab3e,1,0,official,principal
1565,0,0,-1.000696942040372,decision_function,,u_5b79778ee6a7ab3e,1,0,official,principal
1096,0,0,-0.7979723569393622,decision_function,,u_5b79778ee6a7ab3e,1,0,official,principal
733,0,0,-1.707691430893595,decision_function,,u_5b79778ee6a7ab3e,1,0,official,principal
6846,1,1,0.9278296295785631,decision_function,,u_5b79778ee6a7ab3e,1,0,official,principal
6891,0,0,-0.5669444466069162,decision_function,,u_5b79778ee6a7ab3e,1,0,official,principal
3011,0,0,-1.2455087592443816,decision_function,,u_5b79778ee6a7ab3e,1,0,official,principal
6009,1,0,-0.4543155679457622,decision_function,,u_5b79778ee6a7ab3e,1,0,official,principal
4163,0,0,-2.309772582681677,decision_function,,u_5b79778ee6a7ab3e,1,0,official,principal
5717,0,0,-1.5538388355288095,decision_function,,u_5b79778ee6a7ab3e,1,0,official,principal
6803,0,0,-1.3327682727494583,decision_function,,u_5b79778ee6a7ab3e,1,0,official,principal
1426,0,0,-1.6228014534346684,decision_function,,u_5b79778ee6a7ab3e,1,0,official,principal
3860,0,0,-0.9404303808996315,decision_function,,u_5b79778ee6a7ab3e,1,0,official,principal
810,1,0,-1.0414693103591248,decision_function,,u_5b79778ee6a7ab3e,1,0,official,principal
2936,0,0,-0.30456779945553913,decision_function,,u_5b79778ee6a7ab3e,1,0,official,principal
2205,0,0,-0.2991170997259851,decision_function,,u_5b79778ee6a7ab3e,1,0,official,principal
6563,1,1,0.16814124969541488,decision_function,,u_5b79778ee6a7ab3e,1,0,official,principal
2997,1,0,-0.861973975474208,decision_function,,u_5b79778ee6a7ab3e,1,0,official,principal
1265,0,0,-1.3957843440604671,decision_function,,u_5b79778ee6a7ab3e,1,0,official,principal
948,1,1,0.18047127695262954,decision_function,,u_5b79778ee6a7ab3e,1,0,official,principal
3521,0,0,-2.188662288637497,decision_function,,u_5b79778ee6a7ab3e,1,0,official,principal
6809,1,1,0.8194986749097488,decision_function,,u_5b79778ee6a7ab3e,1,0,official,principal
3563,0,0,-0.190397277837544,decision_function,,u_5b79778ee6a7ab3e,1,0,official,principal
393,0,0,-1.26046408152532,decision_function,,u_5b79778ee6a7ab3e,1,0,official,principal
2693,0,0,-1.8066348700548218,decision_function,,u_5b79778ee6a7ab3e,1,0,official,principal
3187,0,0,-0.34886059313797,decision_function,,u_5b79778ee6a7ab3e,1,0,official,principal
6446,0,0,-1.6364574324769743,decision_function,,u_5b79778ee6a7ab3e,1,0,official,principal
3633,0,1,1.026205950193626,decision_function,,u_5b79778ee6a7ab3e,1,0,official,principal
5864,0,0,-1.6256292767633616,decision_function,,u_5b79778ee6a7ab3e,1,0,official,principal
4069,0,0,-1.4972831021841637,decision_function,,u_5b79778ee6a7ab3e,1,0,official,principal
3383,1,1,0.812405246988166,decision_function,,u_5b79778ee6a7ab3e,1,0,official,principal
6456,0,0,-1.2330994638561767,decision_function,,u_5b79778ee6a7ab3e,1,0,official,principal
1263,1,0,-1.0305649085197959,decision_function,,u_5b79778ee6a7ab3e,1,0,official,principal
272,1,0,-0.7554808310402121,decision_function,,u_5b79778ee6a7ab3e,1,0,official,principal
2070,1,0,-1.7658881261473232,decision_function,,u_5b79778ee6a7ab3e,1,0,official,principal
4842,1,0,-0.6322026207758915,decision_function,,u_5b79778ee6a7ab3e,1,0,official,principal
4872,0,0,-2.073489238893652,decision_function,,u_5b79778ee6a7ab3e,1,0,official,principal
5272,1,1,1.0953280406895827,decision_function,,u_5b79778ee6a7ab3e,1,0,official,principal
3646,0,0,-1.193569693050058,decision_function,,u_5b79778ee6a7ab3e,1,0,official,principal
3935,0,0,-1.6547820473342103,decision_function,,u_5b79778ee6a7ab3e,1,0,official,principal
4788,0,0,-1.941027208874039,decision_function,,u_5b79778ee6a7ab3e,1,0,official,principal
6124,0,0,-2.34581858802353,decision_function,,u_5b79778ee6a7ab3e,1,0,official,principal
736,0,0,-0.5317789926417209,decision_function,,u_5b79778ee6a7ab3e,1,0,official,principal
5876,1,1,1.174187640011827,decision_function,,u_5b79778ee6a7ab3e,1,0,official,principal
2566,0,0,-2.242053922811608,decision_function,,u_5b79778ee6a7ab3e,1,0,official,principal
1400,0,0,-1.1420705041437396,decision_function,,u_5b79778ee6a7ab3e,1,0,official,principal
1879,1,1,0.8037615418875894,decision_function,,u_5b79778ee6a7ab3e,1,0,official,principal
6613,0,0,-1.0233054362571545,decision_function,,u_5b79778ee6a7ab3e,1,0,official,principal
2793,0,1,0.7345007512031803,decision_function,,u_5b79778ee6a7ab3e,1,0,official,principal
5185,0,0,-2.1616435092942625,decision_function,,u_5b79778ee6a7ab3e,1,0,official,principal
1955,0,0,-0.5125586010888745,decision_function,,u_5b79778ee6a7ab3e,1,0,official,principal
5161,0,0,-1.551277340086762,decision_function,,u_5b79778ee6a7ab3e,1,0,official,principal
4569,1,0,-1.3085506175900976,decision_function,,u_5b79778ee6a7ab3e,1,0,official,principal
1722,0,0,-1.352675277002727,decision_function,,u_5b79778ee6a7ab3e,1,0,official,principal
2662,1,1,0.0413380231278353,decision_function,,u_5b79778ee6a7ab3e,1,0,official,principal
3768,0,0,-0.9187950465099264,decision_function,,u_5b79778ee6a7ab3e,1,0,official,principal
4926,0,0,-2.2445718418599787,decision_function,,u_5b79778ee6a7ab3e,1,0,official,principal
439,0,0,-1.0072630506293732,decision_function,,u_5b79778ee6a7ab3e,1,0,official,principal
416,0,0,-1.493389492505517,decision_function,,u_5b79778ee6a7ab3e,1,0,official,principal
3341,0,0,-1.432400321556571,decision_function,,u_5b79778ee6a7ab3e,1,0,official,principal
6276,0,0,-1.3880171276438067,decision_function,,u_5b79778ee6a7ab3e,1,0,official,principal
2502,0,0,-1.745587655179662,decision_function,,u_5b79778ee6a7ab3e,1,0,official,principal
5397,1,1,0.8218628970515893,decision_function,,u_5b79778ee6a7ab3e,1,0,official,principal
6734,1,0,-1.3434148659096894,decision_function,,u_5b79778ee6a7ab3e,1,0,official,principal
5992,1,0,-2.2458308399637508,decision_function,,u_5b79778ee6a7ab3e,1,0,official,principal
4985,0,0,-2.1256733454809957,decision_function,,u_5b79778ee6a7ab3e,1,0,official,principal
5863,1,1,0.7766950705822819,decision_function,,u_5b79778ee6a7ab3e,1,0,official,principal
6801,0,0,-0.15587599168659771,decision_function,,u_5b79778ee6a7ab3e,1,0,official,principal
3133,0,0,-1.9024940573589273,decision_function,,u_5b79778ee6a7ab3e,1,0,official,principal
4709,0,0,-0.8369010858103278,decision_function,,u_5b79778ee6a7ab3e,1,0,official,principal
5553,1,0,-0.36945221267387574,decision_function,,u_5b79778ee6a7ab3e,1,0,official,principal
6871,0,0,-0.9526135384309184,decision_function,,u_5b79778ee6a7ab3e,1,0,official,principal
1536,0,0,-2.452379921777502,decision_function,,u_5b79778ee6a7ab3e,1,0,official,principal
982,0,0,-1.666259669759623,decision_function,,u_5b79778ee6a7ab3e,1,0,official,principal
5325,0,0,-1.153327402139979,decision_function,,u_5b79778ee6a7ab3e,1,0,official,principal
1540,0,0,-1.3524962148318282,decision_function,,u_5b79778ee6a7ab3e,1,0,official,principal
2432,0,0,-1.2248143137246847,decision_function,,u_5b79778ee6a7ab3e,1,0,official,principal
4921,0,0,-0.41077587851202413,decision_function,,u_5b79778ee6a7ab3e,1,0,official,principal
6109,0,0,-0.6656775282525556,decision_function,,u_5b79778ee6a7ab3e,1,0,official,principal
874,0,0,-0.8320814961249039,decision_function,,u_5b79778ee6a7ab3e,1,0,official,principal
5339,0,0,-0.12974054898842446,decision_function,,u_5b79778ee6a7ab3e,1,0,official,principal
1923,0,0,-1.641014601644705,decision_function,,u_5b79778ee6a7ab3e,1,0,official,principal
1827,0,0,-1.2191841727492227,decision_function,,u_5b79778ee6a7ab3e,1,0,official,principal
972,0,0,-2.332125341120312,decision_function,,u_5b79778ee6a7ab3e,1,0,official,principal
3673,1,0,-0.18319316892974058,decision_function,,u_5b79778ee6a7ab3e,1,0,official,principal
5747,0,0,-1.611356846177471,decision_function,,u_5b79778ee6a7ab3e,1,0,official,principal
3904,0,0,-1.4791827377028843,decision_function,,u_5b79778ee6a7ab3e,1,0,official,principal
3987,1,1,0.732896975615001,decision_function,,u_5b79778ee6a7ab3e,1,0,official,principal
555,0,0,-1.9409819798998083,decision_function,,u_5b79778ee6a7ab3e,1,0,official,principal
2918,0,0,-0.24056089951764337,decision_function,,u_5b79778ee6a7ab3e,1,0,official,principal
2752,1,0,-1.6835544251164887,decision_function,,u_5b79778ee6a7ab3e,1,0,official,principal
5457,0,0,-1.235147653782379,decision_function,,u_5b79778ee6a7ab3e,1,0,official,principal
6934,0,0,-1.2718278061491795,decision_function,,u_5b79778ee6a7ab3e,1,0,official,principal
2152,0,0,-0.17286896571985544,decision_function,,u_5b79778ee6a7ab3e,1,0,official,principal
3921,0,0,-1.3915734744861634,decision_function,,u_5b79778ee6a7ab3e,1,0,official,principal
2192,0,0,-1.983086595698147,decision_function,,u_5b79778ee6a7ab3e,1,0,official,principal
2274,1,0,-0.14299384691389339,decision_function,,u_5b79778ee6a7ab3e,1,0,official,principal
5401,0,0,-1.558237922071422,decision_function,,u_5b79778ee6a7ab3e,1,0,official,principal
3715,0,1,0.7509278362523064,decision_function,,u_5b79778ee6a7ab3e,1,0,official,principal
217,0,0,-1.9975246338983617,decision_function,,u_5b79778ee6a7ab3e,1,0,official,principal
7029,0,1,0.26424614878634145,decision_function,,u_5b79778ee6a7ab3e,1,0,official,principal
2232,0,0,-1.6111208870187692,decision_function,,u_5b79778ee6a7ab3e,1,0,official,principal
5395,1,1,0.749287794401166,decision_function,,u_5b79778ee6a7ab3e,1,0,official,principal
6122,0,0,-1.387900007820023,decision_function,,u_5b79778ee6a7ab3e,1,0,official,principal
3012,0,0,-2.218884916238016,decision_function,,u_5b79778ee6a7ab3e,1,0,official,principal
941,0,0,-0.8394761185938018,decision_function,,u_5b79778ee6a7ab3e,1,0,official,principal
4694,0,0,-1.1516653553533907,decision_function,,u_5b79778ee6a7ab3e,1,0,official,principal
94,0,0,-1.2287277330945523,decision_function,,u_5b79778ee6a7ab3e,1,0,official,principal
1794,0,0,-2.2460649265498294,decision_function,,u_5b79778ee6a7ab3e,1,0,official,principal
2256,0,0,-1.7963322139581521,decision_function,,u_5b79778ee6a7ab3e,1,0,official,principal
4371,0,0,-1.3447300310724084,decision_function,,u_5b79778ee6a7ab3e,1,0,official,principal
3361,0,0,-1.9348099709739515,decision_function,,u_5b79778ee6a7ab3e,1,0,official,principal
1619,0,0,-2.276199088972575,decision_function,,u_5b79778ee6a7ab3e,1,0,official,principal
6578,0,0,-1.2711307904205302,decision_function,,u_5b79778ee6a7ab3e,1,0,official,principal
5199,0,0,-0.8616109056386527,decision_function,,u_5b79778ee6a7ab3e,1,0,official,principal
5490,0,0,-1.0459033272422325,decision_function,,u_5b79778ee6a7ab3e,1,0,official,principal
2069,1,1,1.2337706193448135,decision_function,,u_5b79778ee6a7ab3e,1,0,official,principal
380,0,0,-1.2071848250505122,decision_function,,u_5b79778ee6a7ab3e,1,0,official,principal
2393,1,0,-0.4022668818337407,decision_function,,u_5b79778ee6a7ab3e,1,0,official,principal
2811,0,0,-1.5739095881521319,decision_function,,u_5b79778ee6a7ab3e,1,0,official,principal
6422,0,0,-2.129178656385033,decision_function,,u_5b79778ee6a7ab3e,1,0,official,principal
6414,0,0,-1.5581269050595026,decision_function,,u_5b79778ee6a7ab3e,1,0,official,principal
4935,0,0,-1.352844146771976,decision_function,,u_5b79778ee6a7ab3e,1,0,official,principal
4942,1,0,-0.3468149134676386,decision_function,,u_5b79778ee6a7ab3e,1,0,official,principal
3789,0,0,-1.187549020798519,decision_function,,u_5b79778ee6a7ab3e,1,0,official,principal
3583,0,0,-1.6089838805198475,decision_function,,u_5b79778ee6a7ab3e,1,0,official,principal
1587,0,0,-1.6577244941296492,decision_function,,u_5b79778ee6a7ab3e,1,0,official,principal
3148,0,0,-1.2265566255883003,decision_function,,u_5b79778ee6a7ab3e,1,0,official,principal
7028,0,0,-2.2895277548218633,decision_function,,u_5b79778ee6a7ab3e,1,0,official,principal
3981,0,1,0.9513969507869007,decision_function,,u_5b79778ee6a7ab3e,1,0,official,principal
4228,1,1,0.6823588305096153,decision_function,,u_5b79778ee6a7ab3e,1,0,official,principal
2321,0,0,-1.009933536520402,decision_function,,u_5b79778ee6a7ab3e,1,0,official,principal
1692,0,0,-1.2920632163959285,decision_function,,u_5b79778ee6a7ab3e,1,0,official,principal
4866,0,0,-0.5417188653280531,decision_function,,u_5b79778ee6a7ab3e,1,0,official,principal
5570,0,0,-0.22826466516538702,decision_function,,u_5b79778ee6a7ab3e,1,0,official,principal
4642,1,0,-2.226168216824843,decision_function,,u_5b79778ee6a7ab3e,1,0,official,principal
2277,1,0,-1.0351293834618618,decision_function,,u_5b79778ee6a7ab3e,1,0,official,principal
6330,0,1,0.06580338298612576,decision_function,,u_5b79778ee6a7ab3e,1,0,official,principal
5576,1,0,-0.324318982751552,decision_function,,u_5b79778ee6a7ab3e,1,0,official,principal
6913,0,0,-1.3901761172457365,decision_function,,u_5b79778ee6a7ab3e,1,0,official,principal
2745,1,1,1.400173540337299,decision_function,,u_5b79778ee6a7ab3e,1,0,official,principal
1874,0,0,-1.7864175129301696,decision_function,,u_5b79778ee6a7ab3e,1,0,official,principal
2638,1,0,-1.2966926087539492,decision_function,,u_5b79778ee6a7ab3e,1,0,official,principal
6079,0,0,-1.0639492879407917,decision_function,,u_5b79778ee6a7ab3e,1,0,official,principal
782,0,0,-1.58707250015744,decision_function,,u_5b79778ee6a7ab3e,1,0,official,principal
3602,0,0,-1.6110276710338045,decision_function,,u_5b79778ee6a7ab3e,1,0,official,principal
6282,0,0,-1.2714404617391128,decision_function,,u_5b79778ee6a7ab3e,1,0,official,principal
2404,0,0,-0.8856446235478668,decision_function,,u_5b79778ee6a7ab3e,1,0,official,principal
332,0,0,-0.8558957723922593,decision_function,,u_5b79778ee6a7ab3e,1,0,official,principal
2127,1,0,-1.4723254257446214,decision_function,,u_5b79778ee6a7ab3e,1,0,official,principal
6047,0,0,-0.5249723810947882,decision_function,,u_5b79778ee6a7ab3e,1,0,official,principal
5038,0,0,-1.1931491180370788,decision_function,,u_5b79778ee6a7ab3e,1,0,official,principal
2959,0,0,-0.5263258996484765,decision_function,,u_5b79778ee6a7ab3e,1,0,official,principal
1778,0,0,-1.716845628046535,decision_function,,u_5b79778ee6a7ab3e,1,0,official,principal
6896,1,0,-0.7317973813713818,decision_function,,u_5b79778ee6a7ab3e,1,0,official,principal
5169,0,0,-1.4079593844545837,decision_function,,u_5b79778ee6a7ab3e,1,0,official,principal
6888,0,1,0.974779561797406,decision_function,,u_5b79778ee6a7ab3e,1,0,official,principal
6055,0,0,-0.2683265521047886,decision_function,,u_5b79778ee6a7ab3e,1,0,official,principal
6744,0,0,-1.6958583033969,decision_function,,u_5b79778ee6a7ab3e,1,0,official,principal
3364,1,1,0.5205415011614352,decision_function,,u_5b79778ee6a7ab3e,1,0,official,principal
3226,0,0,-1.1525513220030827,decision_function,,u_5b79778ee6a7ab3e,1,0,official,principal
6869,1,0,-2.020491511076651,decision_function,,u_5b79778ee6a7ab3e,1,0,official,principal
2270,1,1,1.0896815303231326,decision_function,,u_5b79778ee6a7ab3e,1,0,official,principal
4173,0,1,0.9313605270043919,decision_function,,u_5b79778ee6a7ab3e,1,0,official,principal
3817,0,0,-1.6716071277521962,decision_function,,u_5b79778ee6a7ab3e,1,0,official,principal
2368,0,0,-1.3419227758501338,decision_function,,u_5b79778ee6a7ab3e,1,0,official,principal
4916,0,1,0.7660831017566334,decision_function,,u_5b79778ee6a7ab3e,1,0,official,principal
2191,1,1,1.5028038403321076,decision_function,,u_5b79778ee6a7ab3e,1,0,official,principal
2790,1,0,-0.9235014562568273,decision_function,,u_5b79778ee6a7ab3e,1,0,official,principal
6660,1,1,0.77742462803631,decision_function,,u_5b79778ee6a7ab3e,1,0,official,principal
5429,0,0,-2.3053087332220956,decision_function,,u_5b79778ee6a7ab3e,1,0,official,principal
3503,0,0,-1.219442963596289,decision_function,,u_5b79778ee6a7ab3e,1,0,official,principal
3310,1,1,1.011826035592728,decision_function,,u_5b79778ee6a7ab3e,1,0,official,principal
6878,1,1,1.2210213859429189,decision_function,,u_5b79778ee6a7ab3e,1,0,official,principal
4851,1,1,0.9206360256252761,decision_function,,u_5b79778ee6a7ab3e,1,0,official,principal
719,0,0,-1.0657439291520574,decision_function,,u_5b79778ee6a7ab3e,1,0,official,principal
1500,0,0,-1.0006543343110819,decision_function,,u_5b79778ee6a7ab3e,1,0,official,principal
4060,0,0,-1.7959937281859633,decision_function,,u_5b79778ee6a7ab3e,1,0,official,principal
2342,0,0,-0.44992093182560744,decision_function,,u_5b79778ee6a7ab3e,1,0,official,principal
222,0,0,-0.9755661543783605,decision_function,,u_5b79778ee6a7ab3e,1,0,official,principal
1323,0,0,-1.5628489407446136,decision_function,,u_5b79778ee6a7ab3e,1,0,official,principal
3366,0,0,-0.18206142553892102,decision_function,,u_5b79778ee6a7ab3e,1,0,official,principal
5799,1,0,-0.360263848395904,decision_function,,u_5b79778ee6a7ab3e,1,0,official,principal
2825,0,0,-0.8292350016142453,decision_function,,u_5b79778ee6a7ab3e,1,0,official,principal
3193,0,0,-1.1827688787375532,decision_function,,u_5b79778ee6a7ab3e,1,0,official,principal
5154,1,1,0.5978560902661654,decision_function,,u_5b79778ee6a7ab3e,1,0,official,principal
80,1,1,1.0608845557546356,decision_function,,u_5b79778ee6a7ab3e,1,0,official,principal
54,0,0,-2.212362811221226,decision_function,,u_5b79778ee6a7ab3e,1,0,official,principal
6673,0,0,-0.34690429217877083,decision_function,,u_5b79778ee6a7ab3e,1,0,official,principal
2626,0,0,-1.7277307899809102,decision_function,,u_5b79778ee6a7ab3e,1,0,official,principal
6947,0,0,-1.1604516390040578,decision_function,,u_5b79778ee6a7ab3e,1,0,official,principal
5985,0,0,-2.14214425902518,decision_function,,u_5b79778ee6a7ab3e,1,0,official,principal
6451,0,0,-1.3542099886197971,decision_function,,u_5b79778ee6a7ab3e,1,0,official,principal
6364,0,0,-1.3507015070210744,decision_function,,u_5b79778ee6a7ab3e,1,0,official,principal
2285,1,0,-1.041558927140358,decision_function,,u_5b79778ee6a7ab3e,1,0,official,principal
6242,0,0,-1.7553806026647507,decision_function,,u_5b79778ee6a7ab3e,1,0,official,principal
30,0,0,-1.5856788735648886,decision_function,,u_5b79778ee6a7ab3e,1,0,official,principal
673,0,0,-1.131933779972512,decision_function,,u_5b79778ee6a7ab3e,1,0,official,principal
684,0,1,0.5253287106642457,decision_function,,u_5b79778ee6a7ab3e,1,0,official,principal
4424,1,0,-0.5983990996192126,decision_function,,u_5b79778ee6a7ab3e,1,0,official,principal
1502,0,0,-1.7106027014307035,decision_function,,u_5b79778ee6a7ab3e,1,0,official,principal
860,0,0,-1.554395467726108,decision_function,,u_5b79778ee6a7ab3e,1,0,official,principal
5445,0,0,-1.0837847967915755,decision_function,,u_5b79778ee6a7ab3e,1,0,official,principal
3827,0,0,-1.1853140323625677,decision_function,,u_5b79778ee6a7ab3e,1,0,official,principal
5014,0,0,-1.2021257757319201,decision_function,,u_5b79778ee6a7ab3e,1,0,official,principal
1149,1,1,0.5385870861926558,decision_function,,u_5b79778ee6a7ab3e,1,0,official,principal
6990,0,0,-0.3152047274792089,decision_function,,u_5b79778ee6a7ab3e,1,0,official,principal
1678,0,0,-1.5212812822236215,decision_function,,u_5b79778ee6a7ab3e,1,0,official,principal
6957,0,1,0.3067350211218898,decision_function,,u_5b79778ee6a7ab3e,1,0,official,principal
6575,0,0,-1.3733639113852214,decision_function,,u_5b79778ee6a7ab3e,1,0,official,principal
2574,1,0,-0.11637849002334377,decision_function,,u_5b79778ee6a7ab3e,1,0,official,principal
5403,0,0,-1.5216519058573308,decision_function,,u_5b79778ee6a7ab3e,1,0,official,principal
3947,0,0,-1.0009299820604287,decision_function,,u_5b79778ee6a7ab3e,1,0,official,principal
1357,0,0,-0.7134096738174232,decision_function,,u_5b79778ee6a7ab3e,1,0,official,principal
1386,0,0,-2.0872435163063283,decision_function,,u_5b79778ee6a7ab3e,1,0,official,principal
4701,0,1,0.6492688116605563,decision_function,,u_5b79778ee6a7ab3e,1,0,official,principal
3213,0,0,-1.6622523543966148,decision_function,,u_5b79778ee6a7ab3e,1,0,official,principal
6536,0,0,-0.733488971678411,decision_function,,u_5b79778ee6a7ab3e,1,0,official,principal
3406,0,0,-1.5524283259545637,decision_function,,u_5b79778ee6a7ab3e,1,0,official,principal
1078,0,0,-1.0099253174367373,decision_function,,u_5b79778ee6a7ab3e,1,0,official,principal
3849,1,0,-1.0268145281208003,decision_function,,u_5b79778ee6a7ab3e,1,0,official,principal
5307,0,1,1.2383348109658658,decision_function,,u_5b79778ee6a7ab3e,1,0,official,principal
3168,0,0,-1.6107148340160586,decision_function,,u_5b79778ee6a7ab3e,1,0,official,principal
4159,0,0,-1.0711242491221298,decision_function,,u_5b79778ee6a7ab3e,1,0,official,principal
3865,0,0,-0.9219040999018042,decision_function,,u_5b79778ee6a7ab3e,1,0,official,principal
5549,1,1,1.0608313419664421,decision_function,,u_5b79778ee6a7ab3e,1,0,official,principal
1647,1,1,0.34657029586505894,decision_function,,u_5b79778ee6a7ab3e,1,0,official,principal
1943,0,0,-0.47849425375906884,decision_function,,u_5b79778ee6a7ab3e,1,0,official,principal
1545,0,0,-1.0534529151496326,decision_function,,u_5b79778ee6a7ab3e,1,0,official,principal
4980,0,0,-1.0854699183165044,decision_function,,u_5b79778ee6a7ab3e,1,0,official,principal
6798,0,1,0.23332193273754553,decision_function,,u_5b79778ee6a7ab3e,1,0,official,principal
5289,0,0,-1.3449056855872876,decision_function,,u_5b79778ee6a7ab3e,1,0,official,principal
4463,1,1,0.8001604648113865,decision_function,,u_5b79778ee6a7ab3e,1,0,official,principal
6359,0,0,-1.4470446330926539,decision_function,,u_5b79778ee6a7ab3e,1,0,official,principal
4804,0,0,-1.2323111675778917,decision_function,,u_5b79778ee6a7ab3e,1,0,official,principal
5182,0,0,-1.2908510149758659,decision_function,,u_5b79778ee6a7ab3e,1,0,official,principal
136,0,0,-0.3581521788138704,decision_function,,u_5b79778ee6a7ab3e,1,0,official,principal
3588,0,0,-0.46773615007353264,decision_function,,u_5b79778ee6a7ab3e,1,0,official,principal
2166,0,0,-1.4151863292186322,decision_function,,u_5b79778ee6a7ab3e,1,0,official,principal
5111,1,0,-1.0156454223114126,decision_function,,u_5b79778ee6a7ab3e,1,0,official,principal
4279,0,0,-1.2078760649939504,decision_function,,u_5b79778ee6a7ab3e,1,0,official,principal
6767,0,0,-2.190308467376261,decision_function,,u_5b79778ee6a7ab3e,1,0,official,principal
4321,0,1,0.46877326565382216,decision_function,,u_5b79778ee6a7ab3e,1,0,official,principal
1409,0,0,-0.5269079029436781,decision_function,,u_5b79778ee6a7ab3e,1,0,official,principal
2060,0,0,-2.1981020290961037,decision_function,,u_5b79778ee6a7ab3e,1,0,official,principal
2462,0,0,-0.9228129247994468,decision_function,,u_5b79778ee6a7ab3e,1,0,official,principal
5973,0,0,-1.0778862156843427,decision_function,,u_5b79778ee6a7ab3e,1,0,official,principal
289,1,0,-0.901732693207542,decision_function,,u_5b79778ee6a7ab3e,1,0,official,principal
4342,0,0,-1.8507905568271799,decision_function,,u_5b79778ee6a7ab3e,1,0,official,principal
2864,0,0,-0.8525532288656246,decision_function,,u_5b79778ee6a7ab3e,1,0,official,principal
2033,1,0,-0.9449565274942842,decision_function,,u_5b79778ee6a7ab3e,1,0,official,principal
3605,0,0,-1.3183212678007017,decision_function,,u_5b79778ee6a7ab3e,1,0,official,principal
280,0,0,-1.1162117165911054,decision_function,,u_5b79778ee6a7ab3e,1,0,official,principal
1930,0,0,-0.7624685437400673,decision_function,,u_5b79778ee6a7ab3e,1,0,official,principal
4222,0,0,-1.4227864541440818,decision_function,,u_5b79778ee6a7ab3e,1,0,official,principal
839,0,0,-1.6677780107835245,decision_function,,u_5b79778ee6a7ab3e,1,0,official,principal
6275,0,0,-2.542761939227489,decision_function,,u_5b79778ee6a7ab3e,1,0,official,principal
506,0,1,0.3309182288144412,decision_function,,u_5b79778ee6a7ab3e,1,0,official,principal
5434,0,0,-0.5040590818608122,decision_function,,u_5b79778ee6a7ab3e,1,0,official,principal
6526,1,0,-1.0278676750126667,decision_function,,u_5b79778ee6a7ab3e,1,0,official,principal
5295,0,0,-0.9118110506500559,decision_function,,u_5b79778ee6a7ab3e,1,0,official,principal
2703,1,0,-0.3715889772908225,decision_function,,u_5b79778ee6a7ab3e,1,0,official,principal
2537,0,0,-1.7009966780435288,decision_function,,u_5b79778ee6a7ab3e,1,0,official,principal
824,0,0,-1.536527612206549,decision_function,,u_5b79778ee6a7ab3e,1,0,official,principal
908,0,0,-1.1454630734921514,decision_function,,u_5b79778ee6a7ab3e,1,0,official,principal
6823,0,0,-0.7972737136491661,decision_function,,u_5b79778ee6a7ab3e,1,0,official,principal
3210,0,0,-2.3943979397492905,decision_function,,u_5b79778ee6a7ab3e,1,0,official,principal
25,0,0,-1.5743399103943165,decision_function,,u_5b79778ee6a7ab3e,1,0,official,principal
2379,1,0,-0.18302625364757885,decision_function,,u_5b79778ee6a7ab3e,1,0,official,principal
6078,0,0,-1.8247026358718728,decision_function,,u_5b79778ee6a7ab3e,1,0,official,principal
6325,1,0,-0.1968332559626047,decision_function,,u_5b79778ee6a7ab3e,1,0,official,principal
1257,0,0,-0.9569848165335841,decision_function,,u_5b79778ee6a7ab3e,1,0,official,principal
6216,0,0,-2.440493434708811,decision_function,,u_5b79778ee6a7ab3e,1,0,official,principal
4116,0,0,-1.4763153594787939,decision_function,,u_5b79778ee6a7ab3e,1,0,official,principal
3746,1,1,0.8520476933337313,decision_function,,u_5b79778ee6a7ab3e,1,0,official,principal
6844,0,0,-0.7022135337612201,decision_function,,u_5b79778ee6a7ab3e,1,0,official,principal
6893,1,0,-1.1270013243435537,decision_function,,u_5b79778ee6a7ab3e,1,0,official,principal
1524,0,0,-1.0670809375545804,decision_function,,u_5b79778ee6a7ab3e,1,0,official,principal
2196,0,0,-1.2760490105897313,decision_function,,u_5b79778ee6a7ab3e,1,0,official,principal
2621,0,0,-2.0970978631168613,decision_function,,u_5b79778ee6a7ab3e,1,0,official,principal
379,0,0,-0.2823997404471461,decision_function,,u_5b79778ee6a7ab3e,1,0,official,principal
3929,0,0,-1.8533812861206682,decision_function,,u_5b79778ee6a7ab3e,1,0,official,principal
7026,1,0,-0.8080136004075857,decision_function,,u_5b79778ee6a7ab3e,1,0,official,principal
3221,0,0,-0.6372404553293629,decision_function,,u_5b79778ee6a7ab3e,1,0,official,principal
2366,1,1,1.0091455294128453,decision_function,,u_5b79778ee6a7ab3e,1,0,official,principal
6255,0,0,-1.3368696786253178,decision_function,,u_5b79778ee6a7ab3e,1,0,official,principal
5638,1,0,-0.8953888494419702,decision_function,,u_5b79778ee6a7ab3e,1,0,official,principal
6606,1,0,-0.18501123807536768,decision_function,,u_5b79778ee6a7ab3e,1,0,official,principal
1796,0,0,-0.7885409670784891,decision_function,,u_5b79778ee6a7ab3e,1,0,official,principal
2682,1,0,-0.6880564742105433,decision_function,,u_5b79778ee6a7ab3e,1,0,official,principal
6517,0,0,-0.48291605157629336,decision_function,,u_5b79778ee6a7ab3e,1,0,official,principal
1217,0,0,-1.5770888863181627,decision_function,,u_5b79778ee6a7ab3e,1,0,official,principal
5124,0,0,-1.4449836446182012,decision_function,,u_5b79778ee6a7ab3e,1,0,official,principal
5856,0,0,-0.8344626458723519,decision_function,,u_5b79778ee6a7ab3e,1,0,official,principal
5136,0,1,0.951126302007324,decision_function,,u_5b79778ee6a7ab3e,1,0,official,principal
398,0,0,-0.6643120805176119,decision_function,,u_5b79778ee6a7ab3e,1,0,official,principal
918,0,1,0.14187896395445332,decision_function,,u_5b79778ee6a7ab3e,1,0,official,principal
6759,0,0,-1.061510273753015,decision_function,,u_5b79778ee6a7ab3e,1,0,official,principal
3562,1,1,1.20611460167718,decision_function,,u_5b79778ee6a7ab3e,1,0,official,principal
3120,0,0,-1.5184988046221886,decision_function,,u_5b79778ee6a7ab3e,1,0,official,principal
5290,0,0,-2.0341898347643816,decision_function,,u_5b79778ee6a7ab3e,1,0,official,principal
4617,0,0,-0.9214977787429435,decision_function,,u_5b79778ee6a7ab3e,1,0,official,principal
1642,0,0,-1.3498925281508276,decision_function,,u_5b79778ee6a7ab3e,1,0,official,principal
5104,0,0,-1.3259861146085496,decision_function,,u_5b79778ee6a7ab3e,1,0,official,principal
4807,0,0,-0.6100138988837065,decision_function,,u_5b79778ee6a7ab3e,1,0,official,principal
5800,0,1,0.0462291000493118,decision_function,,u_5b79778ee6a7ab3e,1,0,official,principal
3558,0,0,-0.33213737282789735,decision_function,,u_5b79778ee6a7ab3e,1,0,official,principal
6819,1,0,-0.6529238153867589,decision_function,,u_5b79778ee6a7ab3e,1,0,official,principal
5644,1,1,0.6122260074473032,decision_function,,u_5b79778ee6a7ab3e,1,0,official,principal
4138,1,1,1.172047873661079,decision_function,,u_5b79778ee6a7ab3e,1,0,official,principal
460,0,0,-1.1963211493454349,decision_function,,u_5b79778ee6a7ab3e,1,0,official,principal
3199,0,0,-1.740727655180871,decision_function,,u_5b79778ee6a7ab3e,1,0,official,principal
2332,0,0,-1.8107698603949123,decision_function,,u_5b79778ee6a7ab3e,1,0,official,principal
5682,0,0,-0.24500521314712165,decision_function,,u_5b79778ee6a7ab3e,1,0,official,principal
6859,0,0,-1.6285032585559147,decision_function,,u_5b79778ee6a7ab3e,1,0,official,principal
2418,0,0,-0.07934013331891254,decision_function,,u_5b79778ee6a7ab3e,1,0,official,principal
6784,0,0,-1.1796287962711487,decision_function,,u_5b79778ee6a7ab3e,1,0,official,principal
6035,1,0,-1.1347683344021262,decision_function,,u_5b79778ee6a7ab3e,1,0,official,principal
2929,0,0,-2.0411386841544825,decision_function,,u_5b79778ee6a7ab3e,1,0,official,principal
2177,0,0,-1.3422411797752907,decision_function,,u_5b79778ee6a7ab3e,1,0,official,principal
2632,0,0,-1.8480141880589764,decision_function,,u_5b79778ee6a7ab3e,1,0,official,principal
4787,0,0,-1.0180899388349136,decision_function,,u_5b79778ee6a7ab3e,1,0,official,principal
1976,1,1,1.6251315071349963,decision_function,,u_5b79778ee6a7ab3e,1,0,official,principal
762,1,1,0.7156545536686039,decision_function,,u_5b79778ee6a7ab3e,1,0,official,principal
5757,0,0,-0.9242321631999983,decision_function,,u_5b79778ee6a7ab3e,1,0,official,principal
2977,0,0,-0.9534908487367284,decision_function,,u_5b79778ee6a7ab3e,1,0,official,principal
2215,0,0,-1.9068857861006592,decision_function,,u_5b79778ee6a7ab3e,1,0,official,principal
5042,0,0,-1.4790562369837748,decision_function,,u_5b79778ee6a7ab3e,1,0,official,principal
3572,0,1,0.016317637853356715,decision_function,,u_5b79778ee6a7ab3e,1,0,official,principal
565,0,0,-2.377015706355686,decision_function,,u_5b79778ee6a7ab3e,1,0,official,principal
4888,0,0,-0.8628612297518483,decision_function,,u_5b79778ee6a7ab3e,1,0,official,principal
2948,1,0,-0.027796674678920663,decision_function,,u_5b79778ee6a7ab3e,1,0,official,principal
1979,0,0,-1.54920263067969,decision_function,,u_5b79778ee6a7ab3e,1,0,official,principal
2406,1,1,1.2446358928399488,decision_function,,u_5b79778ee6a7ab3e,1,0,official,principal
1344,0,0,-1.3374718672831123,decision_function,,u_5b79778ee6a7ab3e,1,0,official,principal
6953,1,1,0.92861988862659,decision_function,,u_5b79778ee6a7ab3e,1,0,official,principal
6052,0,0,-1.8796516718335043,decision_function,,u_5b79778ee6a7ab3e,1,0,official,principal
6296,0,0,-1.121029945374389,decision_function,,u_5b79778ee6a7ab3e,1,0,official,principal
2309,0,0,-1.169962283408272,decision_function,,u_5b79778ee6a7ab3e,1,0,official,principal
6790,0,0,-1.6233623723452224,decision_function,,u_5b79778ee6a7ab3e,1,0,official,principal
89,0,0,-0.9826886795910936,decision_function,,u_5b79778ee6a7ab3e,1,0,official,principal
3594,0,0,-0.5098080064557355,decision_function,,u_5b79778ee6a7ab3e,1,0,official,principal
3033,0,0,-1.2087720417096506,decision_function,,u_5b79778ee6a7ab3e,1,0,official,principal
2979,0,0,-1.8260334810298673,decision_function,,u_5b79778ee6a7ab3e,1,0,official,principal
5893,0,0,-1.1556060313369008,decision_function,,u_5b79778ee6a7ab3e,1,0,official,principal
2966,0,1,0.09249332564210588,decision_function,,u_5b79778ee6a7ab3e,1,0,official,principal
1741,0,0,-0.685687030719492,decision_function,,u_5b79778ee6a7ab3e,1,0,official,principal
5126,0,0,-1.1386456316380111,decision_function,,u_5b79778ee6a7ab3e,1,0,official,principal
2096,1,0,-0.8445991933327184,decision_function,,u_5b79778ee6a7ab3e,1,0,official,principal
5712,0,0,-1.2243751785872599,decision_function,,u_5b79778ee6a7ab3e,1,0,official,principal
3289,0,0,-0.5178507523250726,decision_function,,u_5b79778ee6a7ab3e,1,0,official,principal
1091,0,0,-1.452065617274946,decision_function,,u_5b79778ee6a7ab3e,1,0,official,principal
5305,0,0,-1.6703820539558452,decision_function,,u_5b79778ee6a7ab3e,1,0,official,principal
5391,0,0,-0.6051394632226117,decision_function,,u_5b79778ee6a7ab3e,1,0,official,principal
5153,0,0,-0.2579517853285993,decision_function,,u_5b79778ee6a7ab3e,1,0,official,principal
2288,0,1,0.7484800473808342,decision_function,,u_5b79778ee6a7ab3e,1,0,official,principal
4035,0,0,-1.0992157052255287,decision_function,,u_5b79778ee6a7ab3e,1,0,official,principal
937,1,1,0.637628037765297,decision_function,,u_5b79778ee6a7ab3e,1,0,official,principal
2026,0,0,-1.5415663815765095,decision_function,,u_5b79778ee6a7ab3e,1,0,official,principal
3894,0,0,-1.4883538769332283,decision_function,,u_5b79778ee6a7ab3e,1,0,official,principal
5165,1,1,0.9361727257586194,decision_function,,u_5b79778ee6a7ab3e,1,0,official,principal
947,0,0,-0.006077623831994838,decision_function,,u_5b79778ee6a7ab3e,1,0,official,principal
3232,0,0,-2.0704463782170146,decision_function,,u_5b79778ee6a7ab3e,1,0,official,principal
4974,1,0,-0.8976367440629032,decision_function,,u_5b79778ee6a7ab3e,1,0,official,principal
5152,0,0,-1.5017460033359011,decision_function,,u_5b79778ee6a7ab3e,1,0,official,principal
6813,1,0,-1.8747635735789085,decision_function,,u_5b79778ee6a7ab3e,1,0,official,principal
4644,0,0,-1.184878307856887,decision_function,,u_5b79778ee6a7ab3e,1,0,official,principal
1226,0,0,-1.6900845593320355,decision_function,,u_5b79778ee6a7ab3e,1,0,official,principal
5210,1,0,-1.471234510730011,decision_function,,u_5b79778ee6a7ab3e,1,0,official,principal
5769,0,0,-1.3068866020241323,decision_function,,u_5b79778ee6a7ab3e,1,0,official,principal
5186,1,1,0.19176858480932735,decision_function,,u_5b79778ee6a7ab3e,1,0,official,principal
1372,0,0,-0.05437588234742252,decision_function,,u_5b79778ee6a7ab3e,1,0,official,principal
3825,0,0,-1.6620592206424005,decision_function,,u_5b79778ee6a7ab3e,1,0,official,principal
104,1,0,-1.285015374363721,decision_function,,u_5b79778ee6a7ab3e,1,0,official,principal
4949,1,0,-0.1754481093394089,decision_function,,u_5b79778ee6a7ab3e,1,0,official,principal
1233,0,0,-1.7028586043769156,decision_function,,u_5b79778ee6a7ab3e,1,0,official,principal
4634,0,0,-1.0193585114836692,decision_function,,u_5b79778ee6a7ab3e,1,0,official,principal
739,0,0,-1.978813166181367,decision_function,,u_5b79778ee6a7ab3e,1,0,official,principal
1663,1,0,-0.37521378148408413,decision_function,,u_5b79778ee6a7ab3e,1,0,official,principal
5417,0,0,-1.2758940491861779,decision_function,,u_5b79778ee6a7ab3e,1,0,official,principal
6357,1,0,-1.6057438564309123,decision_function,,u_5b79778ee6a7ab3e,1,0,official,principal
59,0,0,-1.2749689861697178,decision_function,,u_5b79778ee6a7ab3e,1,0,official,principal
4384,1,1,0.39203468633283833,decision_function,,u_5b79778ee6a7ab3e,1,0,official,principal
5467,0,0,-1.3411227403043173,decision_function,,u_5b79778ee6a7ab3e,1,0,official,principal
3754,0,0,-1.0651710001336392,decision_function,,u_5b79778ee6a7ab3e,1,0,official,principal
6870,0,0,-0.8203363140506279,decision_function,,u_5b79778ee6a7ab3e,1,0,official,principal
5731,0,0,-1.0249538715001183,decision_function,,u_5b79778ee6a7ab3e,1,0,official,principal
2100,0,0,-1.335971828289102,decision_function,,u_5b79778ee6a7ab3e,1,0,official,principal
5843,0,0,-0.5193602036922771,decision_function,,u_5b79778ee6a7ab3e,1,0,official,principal
6358,0,0,-2.2873807091391765,decision_function,,u_5b79778ee6a7ab3e,1,0,official,principal
2947,0,0,-0.9450887882684444,decision_function,,u_5b79778ee6a7ab3e,1,0,official,principal
6066,1,1,1.0216385775752754,decision_function,,u_5b79778ee6a7ab3e,1,0,official,principal
5599,1,1,0.29843379435090656,decision_function,,u_5b79778ee6a7ab3e,1,0,official,principal
5741,1,1,0.6984170776032097,decision_function,,u_5b79778ee6a7ab3e,1,0,official,principal
3336,0,0,-1.6710124765152203,decision_function,,u_5b79778ee6a7ab3e,1,0,official,principal
6708,1,1,0.7146454676307572,decision_function,,u_5b79778ee6a7ab3e,1,0,official,principal
5454,1,1,0.9798920967567848,decision_function,,u_5b79778ee6a7ab3e,1,0,official,principal
4368,1,1,0.9333707108294096,decision_function,,u_5b79778ee6a7ab3e,1,0,official,principal
2953,1,1,0.4752935787990893,decision_function,,u_5b79778ee6a7ab3e,1,0,official,principal
3181,0,0,-2.160240285121887,decision_function,,u_5b79778ee6a7ab3e,1,0,official,principal
5353,0,0,-1.1076155656686888,decision_function,,u_5b79778ee6a7ab3e,1,0,official,principal
3919,1,1,1.1507785991446173,decision_function,,u_5b79778ee6a7ab3e,1,0,official,principal
4380,0,0,-1.1219793669286755,decision_function,,u_5b79778ee6a7ab3e,1,0,official,principal
6007,0,0,-1.5966592971532512,decision_function,,u_5b79778ee6a7ab3e,1,0,official,principal
4331,0,0,-1.7912183152645218,decision_function,,u_5b79778ee6a7ab3e,1,0,official,principal
3351,1,0,-1.2660321169850048,decision_function,,u_5b79778ee6a7ab3e,1,0,official,principal
6962,1,1,0.11700007762161446,decision_function,,u_5b79778ee6a7ab3e,1,0,official,principal
5873,0,1,0.03380936374254473,decision_function,,u_5b79778ee6a7ab3e,1,0,official,principal
486,0,1,0.91784599730217,decision_function,,u_5b79778ee6a7ab3e,1,0,official,principal
2378,1,0,-0.3081917013551223,decision_function,,u_5b79778ee6a7ab3e,1,0,official,principal
2958,0,0,-1.020349465332382,decision_function,,u_5b79778ee6a7ab3e,1,0,official,principal
5112,1,0,-1.0797335217116322,decision_function,,u_5b79778ee6a7ab3e,1,0,official,principal
1013,0,0,-0.6155843929859146,decision_function,,u_5b79778ee6a7ab3e,1,0,official,principal
6868,1,1,0.7941437474636022,decision_function,,u_5b79778ee6a7ab3e,1,0,official,principal
2141,0,0,-1.1434123580033941,decision_function,,u_5b79778ee6a7ab3e,1,0,official,principal
5306,1,1,0.4178644599134125,decision_function,,u_5b79778ee6a7ab3e,1,0,official,principal
540,0,0,-1.4827964745313906,decision_function,,u_5b79778ee6a7ab3e,1,0,official,principal
2242,0,0,-1.4937633436491238,decision_function,,u_5b79778ee6a7ab3e,1,0,official,principal
5994,1,0,-0.3088743067842823,decision_function,,u_5b79778ee6a7ab3e,1,0,official,principal
3257,0,1,0.17611761135072834,decision_function,,u_5b79778ee6a7ab3e,1,0,official,principal
5641,0,0,-1.671115401133239,decision_function,,u_5b79778ee6a7ab3e,1,0,official,principal
1,0,0,-1.9630598466550193,decision_function,,u_5b79778ee6a7ab3e,1,0,official,principal
2269,1,1,0.5217969447826167,decision_function,,u_5b79778ee6a7ab3e,1,0,official,principal
6617,0,0,-1.649677893820849,decision_function,,u_5b79778ee6a7ab3e,1,0,official,principal
4762,0,0,-0.58617202906408,decision_function,,u_5b79778ee6a7ab3e,1,0,official,principal
3017,0,0,-1.6862330259080087,decision_function,,u_5b79778ee6a7ab3e,1,0,official,principal
1203,0,0,-1.6624744573314443,decision_function,,u_5b79778ee6a7ab3e,1,0,official,principal
410,1,1,0.9885456241465533,decision_function,,u_5b79778ee6a7ab3e,1,0,official,principal
1591,0,0,-1.3052523635717659,decision_function,,u_5b79778ee6a7ab3e,1,0,official,principal
2660,0,0,-1.1991408765940892,decision_function,,u_5b79778ee6a7ab3e,1,0,official,principal
5426,0,0,-1.6521655288867114,decision_function,,u_5b79778ee6a7ab3e,1,0,official,principal
877,0,0,-1.923686750170365,decision_function,,u_5b79778ee6a7ab3e,1,0,official,principal
1839,0,0,-0.8799436196682056,decision_function,,u_5b79778ee6a7ab3e,1,0,official,principal
862,1,1,0.13118232768541915,decision_function,,u_5b79778ee6a7ab3e,1,0,official,principal
3318,1,0,-0.9046685356077462,decision_function,,u_5b79778ee6a7ab3e,1,0,official,principal
5537,0,0,-1.3728335250391521,decision_function,,u_5b79778ee6a7ab3e,1,0,official,principal
1919,1,0,-0.772313205421165,decision_function,,u_5b79778ee6a7ab3e,1,0,official,principal
4276,1,0,-0.595466478546641,decision_function,,u_5b79778ee6a7ab3e,1,0,official,principal
509,0,0,-1.0006890176445076,decision_function,,u_5b79778ee6a7ab3e,1,0,official,principal
624,1,0,-1.124615938159975,decision_function,,u_5b79778ee6a7ab3e,1,0,official,principal
2151,0,0,-1.6119496049227404,decision_function,,u_5b79778ee6a7ab3e,1,0,official,principal
2532,0,0,-0.8007527955896894,decision_function,,u_5b79778ee6a7ab3e,1,0,official,principal
2203,0,0,-1.709205450741365,decision_function,,u_5b79778ee6a7ab3e,1,0,official,principal
6736,0,0,-1.6742367855819262,decision_function,,u_5b79778ee6a7ab3e,1,0,official,principal
2912,0,1,0.04072946497182439,decision_function,,u_5b79778ee6a7ab3e,1,0,official,principal
1964,0,0,-2.295263048834294,decision_function,,u_5b79778ee6a7ab3e,1,0,official,principal
566,0,0,-0.18579205760462258,decision_function,,u_5b79778ee6a7ab3e,1,0,official,principal
159,0,0,-1.2086977722753147,decision_function,,u_5b79778ee6a7ab3e,1,0,official,principal
235,1,0,-0.5235790182888778,decision_function,,u_5b79778ee6a7ab3e,1,0,official,principal
3393,0,0,-1.1590075398460282,decision_function,,u_5b79778ee6a7ab3e,1,0,official,principal
2183,0,0,-0.879874060112777,decision_function,,u_5b79778ee6a7ab3e,1,0,official,principal
1320,0,0,-1.0468329049982685,decision_function,,u_5b79778ee6a7ab3e,1,0,official,principal
1779,0,1,0.8344481833689588,decision_function,,u_5b79778ee6a7ab3e,1,0,official,principal
3696,1,0,-0.762737677241768,decision_function,,u_5b79778ee6a7ab3e,1,0,official,principal
6914,1,0,-0.1693980099329937,decision_function,,u_5b79778ee6a7ab3e,1,0,official,principal
1575,1,0,-1.2511567716241814,decision_function,,u_5b79778ee6a7ab3e,1,0,official,principal
6553,0,0,-1.700063294099956,decision_function,,u_5b79778ee6a7ab3e,1,0,official,principal
2787,0,0,-1.736671514967509,decision_function,,u_5b79778ee6a7ab3e,1,0,official,principal
6406,0,0,-0.8911665760686032,decision_function,,u_5b79778ee6a7ab3e,1,0,official,principal
2717,0,0,-2.2919461556969036,decision_function,,u_5b79778ee6a7ab3e,1,0,official,principal
285,0,0,-0.12431522574202436,decision_function,,u_5b79778ee6a7ab3e,1,0,official,principal
1274,0,0,-1.1462235164706578,decision_function,,u_5b79778ee6a7ab3e,1,0,official,principal
31,0,1,1.096172937033629,decision_function,,u_5b79778ee6a7ab3e,1,0,official,principal
5879,0,0,-1.9918267412020665,decision_function,,u_5b79778ee6a7ab3e,1,0,official,principal
4987,0,0,-1.7109601402639631,decision_function,,u_5b79778ee6a7ab3e,1,0,official,principal
1493,0,0,-0.0624276599291842,decision_function,,u_5b79778ee6a7ab3e,1,0,official,principal
6903,0,0,-1.42389595567386,decision_function,,u_5b79778ee6a7ab3e,1,0,official,principal
174,0,0,-1.5907477586246213,decision_function,,u_5b79778ee6a7ab3e,1,0,official,principal
361,0,0,-0.8471030267490396,decision_function,,u_5b79778ee6a7ab3e,1,0,official,principal
2882,0,0,-0.19749513720907563,decision_function,,u_5b79778ee6a7ab3e,1,0,official,principal
3184,0,0,-1.8937632881264026,decision_function,,u_5b79778ee6a7ab3e,1,0,official,principal
6616,1,0,-0.22792629317215285,decision_function,,u_5b79778ee6a7ab3e,1,0,official,principal
3328,0,1,0.890591175857012,decision_function,,u_5b79778ee6a7ab3e,1,0,official,principal
4751,1,0,-1.1228758012426514,decision_function,,u_5b79778ee6a7ab3e,1,0,official,principal
5737,0,0,-1.1031765068518053,decision_function,,u_5b79778ee6a7ab3e,1,0,official,principal
5009,0,0,-1.6286840254081847,decision_function,,u_5b79778ee6a7ab3e,1,0,official,principal
4482,1,1,0.8859934481074796,decision_function,,u_5b79778ee6a7ab3e,1,0,official,principal
5981,0,0,-1.469952977283886,decision_function,,u_5b79778ee6a7ab3e,1,0,official,principal
2619,1,0,-0.030680660648366942,decision_function,,u_5b79778ee6a7ab3e,1,0,official,principal
109,0,0,-1.7261901125429233,decision_function,,u_5b79778ee6a7ab3e,1,0,official,principal
4182,1,1,0.014902111076016133,decision_function,,u_5b79778ee6a7ab3e,1,0,official,principal
2507,0,0,-1.446368912334365,decision_function,,u_5b79778ee6a7ab3e,1,0,official,principal
6172,1,1,0.4349944136745796,decision_function,,u_5b79778ee6a7ab3e,1,0,official,principal
5455,0,0,-1.0871398557849306,decision_function,,u_5b79778ee6a7ab3e,1,0,official,principal
4467,0,0,-1.7635554738022048,decision_function,,u_5b79778ee6a7ab3e,1,0,official,principal
4167,0,0,-1.627498917376835,decision_function,,u_5b79778ee6a7ab3e,1,0,official,principal
4269,1,0,-0.30097831852130597,decision_function,,u_5b79778ee6a7ab3e,1,0,official,principal
847,0,0,-1.4644851278050348,decision_function,,u_5b79778ee6a7ab3e,1,0,official,principal
1145,0,0,-0.6342595758730343,decision_function,,u_5b79778ee6a7ab3e,1,0,official,principal
1971,0,0,-1.3297422286724765,decision_function,,u_5b79778ee6a7ab3e,1,0,official,principal
5827,0,0,-0.2990681815160605,decision_function,,u_5b79778ee6a7ab3e,1,0,official,principal
5832,1,1,0.035369809253830375,decision_function,,u_5b79778ee6a7ab3e,1,0,official,principal
1349,0,0,-0.9671597886421841,decision_function,,u_5b79778ee6a7ab3e,1,0,official,principal
77,0,0,-1.1809902019018566,decision_function,,u_5b79778ee6a7ab3e,1,0,official,principal
1859,1,0,-0.8283788188241195,decision_function,,u_5b79778ee6a7ab3e,1,0,official,principal
720,0,0,-1.2706782071876477,decision_function,,u_5b79778ee6a7ab3e,1,0,official,principal
2245,0,0,-1.4148116030061928,decision_function,,u_5b79778ee6a7ab3e,1,0,official,principal
6699,0,0,-1.5714911984417217,decision_function,,u_5b79778ee6a7ab3e,1,0,official,principal
572,0,0,-1.221508171463892,decision_function,,u_5b79778ee6a7ab3e,1,0,official,principal
7014,0,0,-0.3050950824078047,decision_function,,u_5b79778ee6a7ab3e,1,0,official,principal
5342,1,0,-0.9528109781886935,decision_function,,u_5b79778ee6a7ab3e,1,0,official,principal
3733,0,0,-1.6714609799872688,decision_function,,u_5b79778ee6a7ab3e,1,0,official,principal
1937,0,0,-1.307160080435442,decision_function,,u_5b79778ee6a7ab3e,1,0,official,principal
4294,0,1,0.036009695454181756,decision_function,,u_5b79778ee6a7ab3e,1,0,official,principal
5861,0,0,-1.5941368965272806,decision_function,,u_5b79778ee6a7ab3e,1,0,official,principal
994,0,0,-1.3623585885742742,decision_function,,u_5b79778ee6a7ab3e,1,0,official,principal
4783,0,0,-2.020443475112934,decision_function,,u_5b79778ee6a7ab3e,1,0,official,principal
330,0,0,-1.4538235541986904,decision_function,,u_5b79778ee6a7ab3e,1,0,official,principal
5411,1,0,-0.03616023522633238,decision_function,,u_5b79778ee6a7ab3e,1,0,official,principal
604,0,0,-0.5636774266817395,decision_function,,u_5b79778ee6a7ab3e,1,0,official,principal
6607,1,0,-0.447067186916569,decision_function,,u_5b79778ee6a7ab3e,1,0,official,principal
6176,1,0,-0.5396384779100125,decision_function,,u_5b79778ee6a7ab3e,1,0,official,principal
1419,0,0,-1.639220346569978,decision_function,,u_5b79778ee6a7ab3e,1,0,official,principal
6516,1,0,-0.6834858697633814,decision_function,,u_5b79778ee6a7ab3e,1,0,official,principal
2777,0,0,-1.0362216281845469,decision_function,,u_5b79778ee6a7ab3e,1,0,official,principal
3343,0,0,-1.408867530793108,decision_function,,u_5b79778ee6a7ab3e,1,0,official,principal
6524,1,1,0.8383402771429838,decision_function,,u_5b79778ee6a7ab3e,1,0,official,principal
1167,0,0,-1.2722897226027943,decision_function,,u_5b79778ee6a7ab3e,1,0,official,principal
2592,0,0,-1.1677507142608698,decision_function,,u_5b79778ee6a7ab3e,1,0,official,principal
205,0,0,-0.9916774257942653,decision_function,,u_5b79778ee6a7ab3e,1,0,official,principal
4196,0,0,-1.695894808940423,decision_function,,u_5b79778ee6a7ab3e,1,0,official,principal
4356,0,0,-1.0442744635455359,decision_function,,u_5b79778ee6a7ab3e,1,0,official,principal
3977,0,0,-1.4923649368872782,decision_function,,u_5b79778ee6a7ab3e,1,0,official,principal
6920,0,0,-1.5554733182539806,decision_function,,u_5b79778ee6a7ab3e,1,0,official,principal
1085,1,1,0.5153118980941986,decision_function,,u_5b79778ee6a7ab3e,1,0,official,principal
4952,0,1,0.8128044574777604,decision_function,,u_5b79778ee6a7ab3e,1,0,official,principal
5746,1,1,0.4854082426929147,decision_function,,u_5b79778ee6a7ab3e,1,0,official,principal
480,0,0,-1.3388099316223743,decision_function,,u_5b79778ee6a7ab3e,1,0,official,principal
6305,1,1,0.09741412868412702,decision_function,,u_5b79778ee6a7ab3e,1,0,official,principal
6651,0,0,-1.747950562819816,decision_function,,u_5b79778ee6a7ab3e,1,0,official,principal
5823,0,0,-1.1895199276967832,decision_function,,u_5b79778ee6a7ab3e,1,0,official,principal
5146,0,1,0.5523093476678738,decision_function,,u_5b79778ee6a7ab3e,1,0,official,principal
3842,0,1,0.10579572269071447,decision_function,,u_5b79778ee6a7ab3e,1,0,official,principal
2314,0,0,-2.1310617975462565,decision_function,,u_5b79778ee6a7ab3e,1,0,official,principal
3924,1,0,-0.8325198952704826,decision_function,,u_5b79778ee6a7ab3e,1,0,official,principal
6450,0,0,-1.4697379852355326,decision_function,,u_5b79778ee6a7ab3e,1,0,official,principal
3135,1,0,-0.09758786944329145,decision_function,,u_5b79778ee6a7ab3e,1,0,official,principal
550,0,0,-1.3405514847498559,decision_function,,u_5b79778ee6a7ab3e,1,0,official,principal
1982,0,0,-1.2968119241042846,decision_function,,u_5b79778ee6a7ab3e,1,0,official,principal
2158,0,0,-1.8144122235008018,decision_function,,u_5b79778ee6a7ab3e,1,0,official,principal
2169,0,0,-2.2493344386298837,decision_function,,u_5b79778ee6a7ab3e,1,0,official,principal
200,0,0,-0.5056844943649654,decision_function,,u_5b79778ee6a7ab3e,1,0,official,principal
5632,0,0,-1.7290628899123677,decision_function,,u_5b79778ee6a7ab3e,1,0,official,principal
4189,0,0,-2.3516684947338025,decision_function,,u_5b79778ee6a7ab3e,1,0,official,principal
1938,0,0,-0.988440060119089,decision_function,,u_5b79778ee6a7ab3e,1,0,official,principal
3607,0,0,-1.6157748355957775,decision_function,,u_5b79778ee6a7ab3e,1,0,official,principal
2916,0,0,-1.6443117404766907,decision_function,,u_5b79778ee6a7ab3e,1,0,official,principal
5645,0,0,-1.940436397408714,decision_function,,u_5b79778ee6a7ab3e,1,0,official,principal
2706,1,1,0.5713114719372268,decision_function,,u_5b79778ee6a7ab3e,1,0,official,principal
1668,0,0,-0.656520422775805,decision_function,,u_5b79778ee6a7ab3e,1,0,official,principal
6380,0,0,-0.7118978218452812,decision_function,,u_5b79778ee6a7ab3e,1,0,official,principal
464,0,0,-1.3806796089539786,decision_function,,u_5b79778ee6a7ab3e,1,0,official,principal
3308,0,0,-1.1733021181519936,decision_function,,u_5b79778ee6a7ab3e,1,0,official,principal
6341,1,1,0.9130741811475458,decision_function,,u_5b79778ee6a7ab3e,1,0,official,principal
2116,1,0,-0.42046564601279357,decision_function,,u_5b79778ee6a7ab3e,1,0,official,principal
3241,1,0,-1.064616790121046,decision_function,,u_5b79778ee6a7ab3e,1,0,official,principal
3645,0,0,-1.134120420405441,decision_function,,u_5b79778ee6a7ab3e,1,0,official,principal
5525,0,0,-1.5968588560472856,decision_function,,u_5b79778ee6a7ab3e,1,0,official,principal
2128,0,0,-1.5504812425364465,decision_function,,u_5b79778ee6a7ab3e,1,0,official,principal
6797,0,0,-0.3257782236618989,decision_function,,u_5b79778ee6a7ab3e,1,0,official,principal
6762,1,0,-1.4231590132665977,decision_function,,u_5b79778ee6a7ab3e,1,0,official,principal
633,0,0,-1.3576955320284045,decision_function,,u_5b79778ee6a7ab3e,1,0,official,principal
1612,1,0,-1.5101724631725162,decision_function,,u_5b79778ee6a7ab3e,1,0,official,principal
5904,0,0,-1.2440394073766319,decision_function,,u_5b79778ee6a7ab3e,1,0,official,principal
6856,0,0,-1.6324295213797857,decision_function,,u_5b79778ee6a7ab3e,1,0,official,principal
1181,1,0,-0.7557268523363665,decision_function,,u_5b79778ee6a7ab3e,1,0,official,principal
5495,1,1,0.21462503426233237,decision_function,,u_5b79778ee6a7ab3e,1,0,official,principal
6277,1,0,-1.095470845000324,decision_function,,u_5b79778ee6a7ab3e,1,0,official,principal
2306,0,1,0.7782669161430045,decision_function,,u_5b79778ee6a7ab3e,1,0,official,principal
1094,0,0,-1.7537463973568155,decision_function,,u_5b79778ee6a7ab3e,1,0,official,principal
2872,0,0,-1.3970964581445369,decision_function,,u_5b79778ee6a7ab3e,1,0,official,principal
4777,0,0,-0.8283238461250972,decision_function,,u_5b79778ee6a7ab3e,1,0,official,principal
3189,0,0,-1.2282719968075622,decision_function,,u_5b79778ee6a7ab3e,1,0,official,principal
4591,0,0,-0.8374516166602426,decision_function,,u_5b79778ee6a7ab3e,1,0,official,principal
1908,0,0,-1.766705776584903,decision_function,,u_5b79778ee6a7ab3e,1,0,official,principal
2560,1,0,-0.7011172292905936,decision_function,,u_5b79778ee6a7ab3e,1,0,official,principal
4616,0,0,-1.114052826663877,decision_function,,u_5b79778ee6a7ab3e,1,0,official,principal
3859,0,0,-1.0274822937877182,decision_function,,u_5b79778ee6a7ab3e,1,0,official,principal
780,0,0,-2.111244365318271,decision_function,,u_5b79778ee6a7ab3e,1,0,official,principal
4720,0,0,-1.286787339829035,decision_function,,u_5b79778ee6a7ab3e,1,0,official,principal
858,0,0,-1.7570374969347853,decision_function,,u_5b79778ee6a7ab3e,1,0,official,principal
1521,0,0,-2.057823479696782,decision_function,,u_5b79778ee6a7ab3e,1,0,official,principal
1319,1,0,-1.0017139323659991,decision_function,,u_5b79778ee6a7ab3e,1,0,official,principal
3161,0,0,-1.4107347838804385,decision_function,,u_5b79778ee6a7ab3e,1,0,official,principal
4181,0,0,-0.647003032477568,decision_function,,u_5b79778ee6a7ab3e,1,0,official,principal
5114,0,0,-0.7967351417807507,decision_function,,u_5b79778ee6a7ab3e,1,0,official,principal
5064,1,0,-0.9088547194532595,decision_function,,u_5b79778ee6a7ab3e,1,0,official,principal
1882,0,0,-1.3878722021081797,decision_function,,u_5b79778ee6a7ab3e,1,0,official,principal
1301,0,0,-2.3925359550112644,decision_function,,u_5b79778ee6a7ab3e,1,0,official,principal
5366,0,0,-1.9159660954124043,decision_function,,u_5b79778ee6a7ab3e,1,0,official,principal
677,1,0,-0.15149207403302345,decision_function,,u_5b79778ee6a7ab3e,1,0,official,principal
1944,1,0,-0.8843480846747944,decision_function,,u_5b79778ee6a7ab3e,1,0,official,principal
693,1,1,0.9242449063244265,decision_function,,u_5b79778ee6a7ab3e,1,0,official,principal
1914,0,0,-0.42474004239287977,decision_function,,u_5b79778ee6a7ab3e,1,0,official,principal
6960,0,0,-0.22583822543166177,decision_function,,u_5b79778ee6a7ab3e,1,0,official,principal
141,1,0,-0.7288144644369261,decision_function,,u_5b79778ee6a7ab3e,1,0,official,principal
4515,0,1,0.24167425338629478,decision_function,,u_5b79778ee6a7ab3e,1,0,official,principal
5683,1,0,-0.745376211489674,decision_function,,u_5b79778ee6a7ab3e,1,0,official,principal
1542,0,0,-1.374551322378589,decision_function,,u_5b79778ee6a7ab3e,1,0,official,principal
5073,0,0,-0.8026785295989312,decision_function,,u_5b79778ee6a7ab3e,1,0,official,principal
261,1,1,1.0195557705186138,decision_function,,u_5b79778ee6a7ab3e,1,0,official,principal
2658,0,0,-1.324904327659497,decision_function,,u_5b79778ee6a7ab3e,1,0,official,principal
5192,0,0,-1.7803524990109327,decision_function,,u_5b79778ee6a7ab3e,1,0,official,principal
2852,0,0,-2.259462052516355,decision_function,,u_5b79778ee6a7ab3e,1,0,official,principal
2994,0,0,-1.9340254718176269,decision_function,,u_5b79778ee6a7ab3e,1,0,official,principal
2839,0,0,-1.61715884550346,decision_function,,u_5b79778ee6a7ab3e,1,0,official,principal
1983,0,0,-1.4893395331542862,decision_function,,u_5b79778ee6a7ab3e,1,0,official,principal
1437,0,0,-1.275952626224008,decision_function,,u_5b79778ee6a7ab3e,1,0,official,principal
2901,0,0,-1.3065829624799772,decision_function,,u_5b79778ee6a7ab3e,1,0,official,principal
220,1,1,0.7468255465246232,decision_function,,u_5b79778ee6a7ab3e,1,0,official,principal
759,0,0,-1.7881511505354286,decision_function,,u_5b79778ee6a7ab3e,1,0,official,principal
2153,0,0,-0.031530077513139076,decision_function,,u_5b79778ee6a7ab3e,1,0,official,principal
2394,0,0,-1.4550581377403091,decision_function,,u_5b79778ee6a7ab3e,1,0,official,principal
39,1,1,0.9600127068655557,decision_function,,u_5b79778ee6a7ab3e,1,0,official,principal
668,1,0,-0.7731375112616394,decision_function,,u_5b79778ee6a7ab3e,1,0,official,principal
4772,0,0,-2.5302126588847598,decision_function,,u_5b79778ee6a7ab3e,1,0,official,principal
2065,0,0,-0.14034577786586322,decision_function,,u_5b79778ee6a7ab3e,1,0,official,principal
1754,0,0,-2.0613135434565084,decision_function,,u_5b79778ee6a7ab3e,1,0,official,principal
6756,0,1,0.3158472369718641,decision_function,,u_5b79778ee6a7ab3e,1,0,official,principal
2599,0,0,-2.418729895034823,decision_function,,u_5b79778ee6a7ab3e,1,0,official,principal
5565,1,0,-0.4620340055528125,decision_function,,u_5b79778ee6a7ab3e,1,0,official,principal
1132,1,1,0.7737430591756373,decision_function,,u_5b79778ee6a7ab3e,1,0,official,principal
2441,0,1,0.8912621069534965,decision_function,,u_5b79778ee6a7ab3e,1,0,official,principal
3243,0,0,-0.5733214469149925,decision_function,,u_5b79778ee6a7ab3e,1,0,official,principal
4260,0,0,-1.784659742626454,decision_function,,u_5b79778ee6a7ab3e,1,0,official,principal
432,0,0,-0.8133889184030716,decision_function,,u_5b79778ee6a7ab3e,1,0,official,principal
4146,1,0,-0.19083446919373337,decision_function,,u_5b79778ee6a7ab3e,1,0,official,principal
2971,0,0,-2.107208065623844,decision_function,,u_5b79778ee6a7ab3e,1,0,official,principal
855,1,0,-0.9643689920156469,decision_function,,u_5b79778ee6a7ab3e,1,0,official,principal
1581,0,0,-1.2421504021923462,decision_function,,u_5b79778ee6a7ab3e,1,0,official,principal
1550,0,1,0.9281095579164309,decision_function,,u_5b79778ee6a7ab3e,1,0,official,principal
1715,0,0,-1.6381118370603422,decision_function,,u_5b79778ee6a7ab3e,1,0,official,principal
732,0,0,-0.2120079923040521,decision_function,,u_5b79778ee6a7ab3e,1,0,official,principal
239,0,0,-1.3892524067716954,decision_function,,u_5b79778ee6a7ab3e,1,0,official,principal
1243,1,0,-0.607712473238605,decision_function,,u_5b79778ee6a7ab3e,1,0,official,principal
2741,1,1,1.2679710623271423,decision_function,,u_5b79778ee6a7ab3e,1,0,official,principal
4421,0,0,-0.46240114126682963,decision_function,,u_5b79778ee6a7ab3e,1,0,official,principal
6033,1,1,0.32311763680078176,decision_function,,u_5b79778ee6a7ab3e,1,0,official,principal
6082,1,0,-0.8137001867213289,decision_function,,u_5b79778ee6a7ab3e,1,0,official,principal
3219,0,0,-1.3433271841612888,decision_function,,u_5b79778ee6a7ab3e,1,0,official,principal
3053,0,0,-1.2684861047064668,decision_function,,u_5b79778ee6a7ab3e,1,0,official,principal
4091,0,0,-0.9958196437410187,decision_function,,u_5b79778ee6a7ab3e,1,0,official,principal
2751,0,0,-0.8620510586376597,decision_function,,u_5b79778ee6a7ab3e,1,0,official,principal
5790,0,0,-0.8470890832828024,decision_function,,u_5b79778ee6a7ab3e,1,0,official,principal
1463,1,1,0.5735274225743563,decision_function,,u_5b79778ee6a7ab3e,1,0,official,principal
3086,0,1,0.15587273166768556,decision_function,,u_5b79778ee6a7ab3e,1,0,official,principal
648,1,1,1.0443654098219732,decision_function,,u_5b79778ee6a7ab3e,1,0,official,principal
204,0,0,-0.9997079422893269,decision_function,,u_5b79778ee6a7ab3e,1,0,official,principal
1384,1,1,0.0963382508521673,decision_function,,u_5b79778ee6a7ab3e,1,0,official,principal
4746,1,1,1.060541691544476,decision_function,,u_5b79778ee6a7ab3e,1,0,official,principal
3421,0,0,-1.7414754343443652,decision_function,,u_5b79778ee6a7ab3e,1,0,official,principal
957,0,0,-0.8398845866834277,decision_function,,u_5b79778ee6a7ab3e,1,0,official,principal
2387,0,1,1.1545872051673376,decision_function,,u_5b79778ee6a7ab3e,1,0,official,principal
1679,0,0,-0.5448127891492955,decision_function,,u_5b79778ee6a7ab3e,1,0,official,principal
4578,0,0,-0.7782069746146059,decision_function,,u_5b79778ee6a7ab3e,1,0,official,principal
2578,1,0,-0.1639974761979719,decision_function,,u_5b79778ee6a7ab3e,1,0,official,principal
1148,1,1,1.6450603588766985,decision_function,,u_5b79778ee6a7ab3e,1,0,official,principal
4679,0,0,-2.0910505243479216,decision_function,,u_5b79778ee6a7ab3e,1,0,official,principal
926,1,1,0.9704001988712121,decision_function,,u_5b79778ee6a7ab3e,1,0,official,principal
4882,0,0,-1.933114938701321,decision_function,,u_5b79778ee6a7ab3e,1,0,official,principal
781,0,0,-0.8733211087753263,decision_function,,u_5b79778ee6a7ab3e,1,0,official,principal
4102,0,0,-0.8105997718152795,decision_function,,u_5b79778ee6a7ab3e,1,0,official,principal
6769,0,0,-1.680764860013353,decision_function,,u_5b79778ee6a7ab3e,1,0,official,principal
1858,1,0,-0.02350626922059318,decision_function,,u_5b79778ee6a7ab3e,1,0,official,principal
1183,0,0,-0.9950476880672765,decision_function,,u_5b79778ee6a7ab3e,1,0,official,principal
4217,0,1,0.6378823878067577,decision_function,,u_5b79778ee6a7ab3e,1,0,official,principal
3299,0,0,-1.459488513639796,decision_function,,u_5b79778ee6a7ab3e,1,0,official,principal
5663,0,1,0.04829359391891641,decision_function,,u_5b79778ee6a7ab3e,1,0,official,principal
5028,0,0,-1.5527555646774598,decision_function,,u_5b79778ee6a7ab3e,1,0,official,principal
3920,0,0,-1.581663053731889,decision_function,,u_5b79778ee6a7ab3e,1,0,official,principal
425,0,0,-1.4908409583781648,decision_function,,u_5b79778ee6a7ab3e,1,0,official,principal
4846,0,1,0.13410043397396887,decision_function,,u_5b79778ee6a7ab3e,1,0,official,principal
6013,0,0,-0.6870960475821417,decision_function,,u_5b79778ee6a7ab3e,1,0,official,principal
1367,0,0,-0.8196438498836458,decision_function,,u_5b79778ee6a7ab3e,1,0,official,principal
4366,0,0,-0.048035398721354206,decision_function,,u_5b79778ee6a7ab3e,1,0,official,principal
2214,1,1,0.5356802963586276,decision_function,,u_5b79778ee6a7ab3e,1,0,official,principal
2057,1,0,-0.7726812064839863,decision_function,,u_5b79778ee6a7ab3e,1,0,official,principal
1974,1,1,0.629527143437381,decision_function,,u_5b79778ee6a7ab3e,1,0,official,principal
5318,0,0,-1.9781865676231911,decision_function,,u_5b79778ee6a7ab3e,1,0,official,principal
725,0,0,-0.6767132338422415,decision_function,,u_5b79778ee6a7ab3e,1,0,official,principal
3323,0,0,-1.401541468256596,decision_function,,u_5b79778ee6a7ab3e,1,0,official,principal
3403,0,0,-1.0556860381049495,decision_function,,u_5b79778ee6a7ab3e,1,0,official,principal
5802,0,0,-1.4173337375608677,decision_function,,u_5b79778ee6a7ab3e,1,0,official,principal
5047,0,0,-0.5286443932348299,decision_function,,u_5b79778ee6a7ab3e,1,0,official,principal
3620,0,0,-0.88148422764425,decision_function,,u_5b79778ee6a7ab3e,1,0,official,principal
2115,0,0,-1.318781713890517,decision_function,,u_5b79778ee6a7ab3e,1,0,official,principal
6099,0,0,-1.7240823662770062,decision_function,,u_5b79778ee6a7ab3e,1,0,official,principal
5309,0,0,-1.6616883672028715,decision_function,,u_5b79778ee6a7ab3e,1,0,official,principal
1655,1,0,-0.8224818014456741,decision_function,,u_5b79778ee6a7ab3e,1,0,official,principal
5191,0,0,-1.1540651921163971,decision_function,,u_5b79778ee6a7ab3e,1,0,official,principal
6347,0,1,0.053430481965528465,decision_function,,u_5b79778ee6a7ab3e,1,0,official,principal
151,1,1,0.8862336136727875,decision_function,,u_5b79778ee6a7ab3e,1,0,official,principal
508,1,1,0.6143243377988128,decision_function,,u_5b79778ee6a7ab3e,1,0,official,principal
562,0,0,-0.7296883780840293,decision_function,,u_5b79778ee6a7ab3e,1,0,official,principal
5772,0,0,-2.01655277046524,decision_function,,u_5b79778ee6a7ab3e,1,0,official,principal
1355,0,0,-0.840493869844936,decision_function,,u_5b79778ee6a7ab3e,1,0,official,principal
6546,0,0,-1.2212504744038464,decision_function,,u_5b79778ee6a7ab3e,1,0,official,principal
6441,0,0,-1.436622635597237,decision_function,,u_5b79778ee6a7ab3e,1,0,official,principal
5180,0,0,-2.0503619708422356,decision_function,,u_5b79778ee6a7ab3e,1,0,official,principal
3045,0,0,-1.6073192056030443,decision_function,,u_5b79778ee6a7ab3e,1,0,official,principal
3204,0,0,-1.650654267504855,decision_function,,u_5b79778ee6a7ab3e,1,0,official,principal
2413,0,0,-1.2368985638476593,decision_function,,u_5b79778ee6a7ab3e,1,0,official,principal
5084,0,0,-1.496007605066473,decision_function,,u_5b79778ee6a7ab3e,1,0,official,principal
7010,1,1,1.1914110142362047,decision_function,,u_5b79778ee6a7ab3e,1,0,official,principal
6787,0,0,-0.2583567760165333,decision_function,,u_5b79778ee6a7ab3e,1,0,official,principal
3962,1,1,1.2245334076297607,decision_function,,u_5b79778ee6a7ab3e,1,0,official,principal
4209,0,0,-1.9827133605361347,decision_function,,u_5b79778ee6a7ab3e,1,0,official,principal
1967,1,0,-2.336759924977093,decision_function,,u_5b79778ee6a7ab3e,1,0,official,principal
2087,1,0,-0.6662088292577248,decision_function,,u_5b79778ee6a7ab3e,1,0,official,principal
3800,0,0,-1.6676533323213718,decision_function,,u_5b79778ee6a7ab3e,1,0,official,principal
857,1,0,-0.669510063363083,decision_function,,u_5b79778ee6a7ab3e,1,0,official,principal
6671,0,0,-1.2446331465621112,decision_function,,u_5b79778ee6a7ab3e,1,0,official,principal
3527,1,1,0.7765237976916148,decision_function,,u_5b79778ee6a7ab3e,1,0,official,principal
2198,0,0,-1.2454668121368546,decision_function,,u_5b79778ee6a7ab3e,1,0,official,principal
3224,1,0,-0.08039380722126088,decision_function,,u_5b79778ee6a7ab3e,1,0,official,principal
1804,0,0,-1.4418235447299317,decision_function,,u_5b79778ee6a7ab3e,1,0,official,principal
5866,0,0,-0.9669041129388987,decision_function,,u_5b79778ee6a7ab3e,1,0,official,principal
974,0,0,-1.9581866242890689,decision_function,,u_5b79778ee6a7ab3e,1,0,official,principal
4406,0,0,-1.6013561915802859,decision_function,,u_5b79778ee6a7ab3e,1,0,official,principal
5404,0,0,-1.1626875921111868,decision_function,,u_5b79778ee6a7ab3e,1,0,official,principal
5513,0,0,-1.643349301062635,decision_function,,u_5b79778ee6a7ab3e,1,0,official,principal
1194,0,0,-0.9434129888509446,decision_function,,u_5b79778ee6a7ab3e,1,0,official,principal
4689,0,0,-0.8056941831810294,decision_function,,u_5b79778ee6a7ab3e,1,0,official,principal
5468,1,1,0.9257173340590574,decision_function,,u_5b79778ee6a7ab3e,1,0,official,principal
3816,0,0,-1.7241705809752288,decision_function,,u_5b79778ee6a7ab3e,1,0,official,principal
4786,0,0,-1.0741591338025605,decision_function,,u_5b79778ee6a7ab3e,1,0,official,principal
6621,0,0,-1.6258473698740836,decision_function,,u_5b79778ee6a7ab3e,1,0,official,principal
5380,1,1,0.9717793539341337,decision_function,,u_5b79778ee6a7ab3e,1,0,official,principal
0,0,0,-0.3997400033703755,decision_function,,u_5b79778ee6a7ab3e,1,0,official,principal
360,0,0,-1.179847205283738,decision_function,,u_5b79778ee6a7ab3e,1,0,official,principal
4067,0,0,-2.2406644255668304,decision_function,,u_5b79778ee6a7ab3e,1,0,official,principal
6741,1,1,0.8782120596774239,decision_function,,u_5b79778ee6a7ab3e,1,0,official,principal
1484,0,0,-1.113920818694797,decision_function,,u_5b79778ee6a7ab3e,1,0,official,principal
2145,0,1,0.18355510812768472,decision_function,,u_5b79778ee6a7ab3e,1,0,official,principal
502,0,0,-2.2193258036683305,decision_function,,u_5b79778ee6a7ab3e,1,0,official,principal
2391,0,0,-0.23396332439431378,decision_function,,u_5b79778ee6a7ab3e,1,0,official,principal
6841,0,0,-1.1625286611730878,decision_function,,u_5b79778ee6a7ab3e,1,0,official,principal
735,0,0,-0.9907561486022471,decision_function,,u_5b79778ee6a7ab3e,1,0,official,principal
1813,0,0,-0.13118738328560164,decision_function,,u_5b79778ee6a7ab3e,1,0,official,principal
6609,1,0,-0.9461801279294022,decision_function,,u_5b79778ee6a7ab3e,1,0,official,principal
1667,0,0,-1.1945584061507617,decision_function,,u_5b79778ee6a7ab3e,1,0,official,principal
2243,0,0,-0.721654985816389,decision_function,,u_5b79778ee6a7ab3e,1,0,official,principal
4106,1,1,0.666742475131687,decision_function,,u_5b79778ee6a7ab3e,1,0,official,principal
4779,0,1,0.5974751007053096,decision_function,,u_5b79778ee6a7ab3e,1,0,official,principal
5668,0,0,-0.11779922108593777,decision_function,,u_5b79778ee6a7ab3e,1,0,official,principal
1264,0,0,-1.452688397312908,decision_function,,u_5b79778ee6a7ab3e,1,0,official,principal
3,0,0,-2.0445931766313263,decision_function,,u_5b79778ee6a7ab3e,1,0,official,principal
2705,0,0,-1.697833829269622,decision_function,,u_5b79778ee6a7ab3e,1,0,official,principal
3175,1,1,0.1233917340945343,decision_function,,u_5b79778ee6a7ab3e,1,0,official,principal
2831,1,1,0.8855068592427715,decision_function,,u_5b79778ee6a7ab3e,1,0,official,principal
3677,0,0,-0.8665955905636524,decision_function,,u_5b79778ee6a7ab3e,1,0,official,principal
4896,0,0,-1.21432552354372,decision_function,,u_5b79778ee6a7ab3e,1,0,official,principal
986,0,0,-1.0402124157174986,decision_function,,u_5b79778ee6a7ab3e,1,0,official,principal
4434,0,1,0.02284182445441818,decision_function,,u_5b79778ee6a7ab3e,1,0,official,principal
5865,0,0,-0.9882697757218053,decision_function,,u_5b79778ee6a7ab3e,1,0,official,principal
4742,0,0,-1.7008416233109465,decision_function,,u_5b79778ee6a7ab3e,1,0,official,principal
4502,1,0,-0.50670398132117,decision_function,,u_5b79778ee6a7ab3e,1,0,official,principal
3294,1,1,0.5911368359574807,decision_function,,u_5b79778ee6a7ab3e,1,0,official,principal
4237,1,0,-0.05835198078650006,decision_function,,u_5b79778ee6a7ab3e,1,0,official,principal
2721,1,1,0.7962398600390346,decision_function,,u_5b79778ee6a7ab3e,1,0,official,principal
4886,0,0,-1.2371164761415248,decision_function,,u_5b79778ee6a7ab3e,1,0,official,principal
647,0,0,-1.7249805608784392,decision_function,,u_5b79778ee6a7ab3e,1,0,official,principal
6601,0,0,-1.3801131521108578,decision_function,,u_5b79778ee6a7ab3e,1,0,official,principal
6071,0,0,-1.3257495719718677,decision_function,,u_5b79778ee6a7ab3e,1,0,official,principal
6448,1,0,-1.0518673868459767,decision_function,,u_5b79778ee6a7ab3e,1,0,official,principal
6811,1,1,0.1281174161016816,decision_function,,u_5b79778ee6a7ab3e,1,0,official,principal
91,0,1,0.4950613424702639,decision_function,,u_5b79778ee6a7ab3e,1,0,official,principal
2,1,0,-0.9303072018954142,decision_function,,u_5b79778ee6a7ab3e,1,0,official,principal
6612,1,1,0.5181407485747958,decision_function,,u_5b79778ee6a7ab3e,1,0,official,principal
2524,0,0,-1.8089225504533388,decision_function,,u_5b79778ee6a7ab3e,1,0,official,principal
2835,0,0,-2.1674762906250704,decision_function,,u_5b79778ee6a7ab3e,1,0,official,principal
3637,1,0,-1.1854216900382522,decision_function,,u_5b79778ee6a7ab3e,1,0,official,principal
2356,0,0,-1.5980444504555003,decision_function,,u_5b79778ee6a7ab3e,1,0,official,principal
630,1,0,-0.6446320093091904,decision_function,,u_5b79778ee6a7ab3e,1,0,official,principal
4702,0,0,-1.0701947080380845,decision_function,,u_5b79778ee6a7ab3e,1,0,official,principal
1057,1,1,0.3857825466628291,decision_function,,u_5b79778ee6a7ab3e,1,0,official,principal
1749,0,0,-0.6826246512374796,decision_function,,u_5b79778ee6a7ab3e,1,0,official,principal
3285,0,0,-2.345725157673211,decision_function,,u_5b79778ee6a7ab3e,1,0,official,principal
6248,0,0,-1.7279765545495982,decision_function,,u_5b79778ee6a7ab3e,1,0,official,principal
6089,1,1,1.3732284491130016,decision_function,,u_5b79778ee6a7ab3e,1,0,official,principal
3829,1,0,-0.13913552497282433,decision_function,,u_5b79778ee6a7ab3e,1,0,official,principal
394,0,1,0.020992884811330548,decision_function,,u_5b79778ee6a7ab3e,1,0,official,principal
4623,0,0,-1.0714514807978843,decision_function,,u_5b79778ee6a7ab3e,1,0,official,principal
76,0,0,-1.775223198595004,decision_function,,u_5b79778ee6a7ab3e,1,0,official,principal
920,0,0,-1.7398874483448585,decision_function,,u_5b79778ee6a7ab3e,1,0,official,principal
4884,0,0,-0.48733812268966803,decision_function,,u_5b79778ee6a7ab3e,1,0,official,principal
5256,1,0,-1.1743289797492533,decision_function,,u_5b79778ee6a7ab3e,1,0,official,principal
6343,0,0,-1.6578513796543115,decision_function,,u_5b79778ee6a7ab3e,1,0,official,principal
1903,0,1,1.254480261691036,decision_function,,u_5b79778ee6a7ab3e,1,0,official,principal
4975,0,0,-1.1498575292702213,decision_function,,u_5b79778ee6a7ab3e,1,0,official,principal
2630,0,0,-1.5726160922541528,decision_function,,u_5b79778ee6a7ab3e,1,0,official,principal
5094,0,0,-1.59855316166081,decision_function,,u_5b79778ee6a7ab3e,1,0,official,principal
3609,0,0,-0.9197839887089696,decision_function,,u_5b79778ee6a7ab3e,1,0,official,principal
6837,0,1,0.9874570605897501,decision_function,,u_5b79778ee6a7ab3e,1,0,official,principal
6403,0,0,-1.4874546578119325,decision_function,,u_5b79778ee6a7ab3e,1,0,official,principal
1820,0,0,-0.7826506221435618,decision_function,,u_5b79778ee6a7ab3e,1,0,official,principal
1602,1,1,0.10695914921148164,decision_function,,u_5b79778ee6a7ab3e,1,0,official,principal
1410,1,1,1.5820910781385504,decision_function,,u_5b79778ee6a7ab3e,1,0,official,principal
438,0,0,-0.498194433818969,decision_function,,u_5b79778ee6a7ab3e,1,0,official,principal
4328,0,0,-0.5560856076966627,decision_function,,u_5b79778ee6a7ab3e,1,0,official,principal
3912,0,0,-1.42511497082472,decision_function,,u_5b79778ee6a7ab3e,1,0,official,principal
5933,1,1,1.4302567582491381,decision_function,,u_5b79778ee6a7ab3e,1,0,official,principal
5844,0,1,0.6653045991275124,decision_function,,u_5b79778ee6a7ab3e,1,0,official,principal
1267,0,0,-2.031150544338013,decision_function,,u_5b79778ee6a7ab3e,1,0,official,principal
4911,0,0,-1.774651263437863,decision_function,,u_5b79778ee6a7ab3e,1,0,official,principal
5554,0,0,-1.6303930217131812,decision_function,,u_5b79778ee6a7ab3e,1,0,official,principal
4420,0,0,-1.9018643128024815,decision_function,,u_5b79778ee6a7ab3e,1,0,official,principal
1053,1,0,-0.34287076424524265,decision_function,,u_5b79778ee6a7ab3e,1,0,official,principal
5944,1,0,-1.4987459729254198,decision_function,,u_5b79778ee6a7ab3e,1,0,official,principal
3862,0,0,-1.7313830765553195,decision_function,,u_5b79778ee6a7ab3e,1,0,official,principal
2369,0,0,-1.7316502541776817,decision_function,,u_5b79778ee6a7ab3e,1,0,official,principal
4452,0,0,-2.3359496685683183,decision_function,,u_5b79778ee6a7ab3e,1,0,official,principal
2559,0,0,-1.3215993128190124,decision_function,,u_5b79778ee6a7ab3e,1,0,official,principal
3522,0,0,-1.6474057624594973,decision_function,,u_5b79778ee6a7ab3e,1,0,official,principal
4819,1,0,-1.7821572892035542,decision_function,,u_5b79778ee6a7ab3e,1,0,official,principal
6535,1,0,-0.5631761326159452,decision_function,,u_5b79778ee6a7ab3e,1,0,official,principal
1691,0,0,-1.7181710522653226,decision_function,,u_5b79778ee6a7ab3e,1,0,official,principal
892,0,0,-0.21617897563842714,decision_function,,u_5b79778ee6a7ab3e,1,0,official,principal
1541,0,0,-1.809373741021341,decision_function,,u_5b79778ee6a7ab3e,1,0,official,principal
1689,0,0,-0.6488418335107182,decision_function,,u_5b79778ee6a7ab3e,1,0,official,principal
5967,1,0,-0.33996294769504276,decision_function,,u_5b79778ee6a7ab3e,1,0,official,principal
6909,0,0,-0.8166646766757424,decision_function,,u_5b79778ee6a7ab3e,1,0,official,principal
5120,1,0,-1.066072976019087,decision_function,,u_5b79778ee6a7ab3e,1,0,official,principal
6764,1,1,0.8712669407753957,decision_function,,u_5b79778ee6a7ab3e,1,0,official,principal
6259,0,0,-2.210245437263808,decision_function,,u_5b79778ee6a7ab3e,1,0,official,principal
229,0,0,-1.76860990330103,decision_function,,u_5b79778ee6a7ab3e,1,0,official,principal
6287,1,1,0.252261970057865,decision_function,,u_5b79778ee6a7ab3e,1,0,official,principal
6658,1,1,0.09812737000558469,decision_function,,u_5b79778ee6a7ab3e,1,0,official,principal
399,0,0,-1.4667798302501067,decision_function,,u_5b79778ee6a7ab3e,1,0,official,principal
1830,0,0,-1.6090668720761006,decision_function,,u_5b79778ee6a7ab3e,1,0,official,principal
4194,0,0,-1.526106786884375,decision_function,,u_5b79778ee6a7ab3e,1,0,official,principal
1227,0,0,-0.9832816127603321,decision_function,,u_5b79778ee6a7ab3e,1,0,official,principal
5236,0,0,-0.9393959800164922,decision_function,,u_5b79778ee6a7ab3e,1,0,official,principal
1849,1,0,-0.6929981442556166,decision_function,,u_5b79778ee6a7ab3e,1,0,official,principal
4221,0,0,-1.0955873754809549,decision_function,,u_5b79778ee6a7ab3e,1,0,official,principal
1134,0,0,-0.5719057720037966,decision_function,,u_5b79778ee6a7ab3e,1,0,official,principal
4394,0,0,-1.1600975860198268,decision_function,,u_5b79778ee6a7ab3e,1,0,official,principal
2040,0,0,-2.287334612954334,decision_function,,u_5b79778ee6a7ab3e,1,0,official,principal
2097,0,1,0.9277844678330207,decision_function,,u_5b79778ee6a7ab3e,1,0,official,principal
6178,0,0,-1.198341266923209,decision_function,,u_5b79778ee6a7ab3e,1,0,official,principal
5419,0,0,-1.5280334336268968,decision_function,,u_5b79778ee6a7ab3e,1,0,official,principal
5257,1,1,0.11232995368208032,decision_function,,u_5b79778ee6a7ab3e,1,0,official,principal
2690,1,1,0.5170912736639237,decision_function,,u_5b79778ee6a7ab3e,1,0,official,principal
3111,1,0,-1.0687836545928295,decision_function,,u_5b79778ee6a7ab3e,1,0,official,principal
3870,0,0,-1.4938874978822758,decision_function,,u_5b79778ee6a7ab3e,1,0,official,principal
615,0,0,-0.9459816103708869,decision_function,,u_5b79778ee6a7ab3e,1,0,official,principal
4108,0,0,-1.544952693066561,decision_function,,u_5b79778ee6a7ab3e,1,0,official,principal
5795,0,0,-0.2814092099689409,decision_function,,u_5b79778ee6a7ab3e,1,0,official,principal
4752,0,0,-1.5181855925384653,decision_function,,u_5b79778ee6a7ab3e,1,0,official,principal
2018,1,0,-0.5587933644878982,decision_function,,u_5b79778ee6a7ab3e,1,0,official,principal
3878,0,0,-1.4828285316948726,decision_function,,u_5b79778ee6a7ab3e,1,0,official,principal
5090,1,1,0.6104854879703674,decision_function,,u_5b79778ee6a7ab3e,1,0,official,principal
6533,0,1,0.14836789939086703,decision_function,,u_5b79778ee6a7ab3e,1,0,official,principal
1481,0,0,-1.9317694085904389,decision_function,,u_5b79778ee6a7ab3e,1,0,official,principal
1046,0,0,-2.173790957925897,decision_function,,u_5b79778ee6a7ab3e,1,0,official,principal
6716,1,1,0.7821342511455283,decision_function,,u_5b79778ee6a7ab3e,1,0,official,principal
697,1,0,-0.5064502610765023,decision_function,,u_5b79778ee6a7ab3e,1,0,official,principal
6850,0,0,-2.599374130269739,decision_function,,u_5b79778ee6a7ab3e,1,0,official,principal
6721,0,0,-1.8550866535241477,decision_function,,u_5b79778ee6a7ab3e,1,0,official,principal
4791,0,0,-1.1219043711921737,decision_function,,u_5b79778ee6a7ab3e,1,0,official,principal
3619,0,0,-2.4616341502499592,decision_function,,u_5b79778ee6a7ab3e,1,0,official,principal
2047,0,0,-0.1956422775182287,decision_function,,u_5b79778ee6a7ab3e,1,0,official,principal
5253,0,0,-1.2291006865331395,decision_function,,u_5b79778ee6a7ab3e,1,0,official,principal
6392,0,0,-1.1515538583610798,decision_function,,u_5b79778ee6a7ab3e,1,0,official,principal
5880,1,0,-0.5231863080781083,decision_function,,u_5b79778ee6a7ab3e,1,0,official,principal
5976,0,0,-1.3423770866462164,decision_function,,u_5b79778ee6a7ab3e,1,0,official,principal
191,1,1,0.7906730547274115,decision_function,,u_5b79778ee6a7ab3e,1,0,official,principal
4348,1,0,-0.8958853931378932,decision_function,,u_5b79778ee6a7ab3e,1,0,official,principal
2720,1,0,-0.7882586936920131,decision_function,,u_5b79778ee6a7ab3e,1,0,official,principal
600,0,0,-0.24326668718711542,decision_function,,u_5b79778ee6a7ab3e,1,0,official,principal
4143,1,1,0.29371888846893457,decision_function,,u_5b79778ee6a7ab3e,1,0,official,principal
1660,0,0,-1.3261840226216544,decision_function,,u_5b79778ee6a7ab3e,1,0,official,principal
596,0,0,-1.42781049777032,decision_function,,u_5b79778ee6a7ab3e,1,0,official,principal
6549,1,0,-0.1027135860584445,decision_function,,u_5b79778ee6a7ab3e,1,0,official,principal
3971,1,0,-1.340959801369459,decision_function,,u_5b79778ee6a7ab3e,1,0,official,principal
788,0,0,-1.1456277758425504,decision_function,,u_5b79778ee6a7ab3e,1,0,official,principal
5950,0,0,-0.45495591936186663,decision_function,,u_5b79778ee6a7ab3e,1,0,official,principal
1686,1,0,-1.2075732392285041,decision_function,,u_5b79778ee6a7ab3e,1,0,official,principal
6900,0,0,-0.9164857447566823,decision_function,,u_5b79778ee6a7ab3e,1,0,official,principal
865,1,1,0.26525815992616497,decision_function,,u_5b79778ee6a7ab3e,1,0,official,principal
3091,0,0,-1.220713245302072,decision_function,,u_5b79778ee6a7ab3e,1,0,official,principal
111,0,0,-2.4309921651997577,decision_function,,u_5b79778ee6a7ab3e,1,0,official,principal
4283,0,1,0.8152262701718018,decision_function,,u_5b79778ee6a7ab3e,1,0,official,principal
44,0,0,-0.7290038584021308,decision_function,,u_5b79778ee6a7ab3e,1,0,official,principal
4602,0,0,-1.5994512511149725,decision_function,,u_5b79778ee6a7ab3e,1,0,official,principal
2680,0,0,-2.49135364545361,decision_function,,u_5b79778ee6a7ab3e,1,0,official,principal
702,0,1,0.1477282180495334,decision_function,,u_5b79778ee6a7ab3e,1,0,official,principal
6644,0,0,-0.9641773955633335,decision_function,,u_5b79778ee6a7ab3e,1,0,official,principal
6005,0,0,-1.7536044547034049,decision_function,,u_5b79778ee6a7ab3e,1,0,official,principal
5729,0,0,-1.7480730238295807,decision_function,,u_5b79778ee6a7ab3e,1,0,official,principal
5452,0,0,-1.7743632771589999,decision_function,,u_5b79778ee6a7ab3e,1,0,official,principal
6317,1,1,0.9638986152499371,decision_function,,u_5b79778ee6a7ab3e,1,0,official,principal
4197,0,1,0.39412713473789873,decision_function,,u_5b79778ee6a7ab3e,1,0,official,principal
6785,1,0,-1.2922841459001981,decision_function,,u_5b79778ee6a7ab3e,1,0,official,principal
5598,0,0,-1.6889874482297769,decision_function,,u_5b79778ee6a7ab3e,1,0,official,principal
1113,1,0,-0.41519679965794376,decision_function,,u_5b79778ee6a7ab3e,1,0,official,principal
2263,1,1,0.20176290542577213,decision_function,,u_5b79778ee6a7ab3e,1,0,official,principal
6880,0,0,-1.7154821957314752,decision_function,,u_5b79778ee6a7ab3e,1,0,official,principal
5738,1,0,-1.0590542825891198,decision_function,,u_5b79778ee6a7ab3e,1,0,official,principal
4549,0,0,-0.06662408968815425,decision_function,,u_5b79778ee6a7ab3e,1,0,official,principal
4271,0,0,-1.522072411332407,decision_function,,u_5b79778ee6a7ab3e,1,0,official,principal
5266,0,0,-2.124568539199619,decision_function,,u_5b79778ee6a7ab3e,1,0,official,principal
1993,1,0,-0.4338623019739378,decision_function,,u_5b79778ee6a7ab3e,1,0,official,principal
4082,1,0,-1.889630728817302,decision_function,,u_5b79778ee6a7ab3e,1,0,official,principal
4997,1,0,-0.20074359457151925,decision_function,,u_5b79778ee6a7ab3e,1,0,official,principal
63,0,0,-1.4780420246632104,decision_function,,u_5b79778ee6a7ab3e,1,0,official,principal
5853,0,0,-1.4367055841622136,decision_function,,u_5b79778ee6a7ab3e,1,0,official,principal
4730,0,0,-0.25280994209445495,decision_function,,u_5b79778ee6a7ab3e,1,0,official,principal
4225,0,0,-1.146387329884432,decision_function,,u_5b79778ee6a7ab3e,1,0,official,principal
368,0,0,-1.142717030893591,decision_function,,u_5b79778ee6a7ab3e,1,0,official,principal
2407,1,1,0.8447320060766728,decision_function,,u_5b79778ee6a7ab3e,1,0,official,principal
5118,0,0,-0.7945643973880432,decision_function,,u_5b79778ee6a7ab3e,1,0,official,principal
1912,0,0,-1.6316979551770485,decision_function,,u_5b79778ee6a7ab3e,1,0,official,principal
4277,0,0,-0.9649769660006333,decision_function,,u_5b79778ee6a7ab3e,1,0,official,principal
2826,0,0,-1.0387667237436515,decision_function,,u_5b79778ee6a7ab3e,1,0,official,principal
6883,0,0,-0.5138371893965719,decision_function,,u_5b79778ee6a7ab3e,1,0,official,principal
3578,0,0,-1.75859217543126,decision_function,,u_5b79778ee6a7ab3e,1,0,official,principal
2648,0,0,-1.3454721732014985,decision_function,,u_5b79778ee6a7ab3e,1,0,official,principal
2458,0,0,-0.7304378192944503,decision_function,,u_5b79778ee6a7ab3e,1,0,official,principal
2420,0,0,-0.8174504835501701,decision_function,,u_5b79778ee6a7ab3e,1,0,official,principal
1464,0,0,-1.23257426162911,decision_function,,u_5b79778ee6a7ab3e,1,0,official,principal
3121,1,0,-0.7529789501194837,decision_function,,u_5b79778ee6a7ab3e,1,0,official,principal
6360,1,0,-0.880645545583552,decision_function,,u_5b79778ee6a7ab3e,1,0,official,principal
6622,1,0,-0.4095798595901803,decision_function,,u_5b79778ee6a7ab3e,1,0,official,principal
5649,0,0,-1.3919663787973127,decision_function,,u_5b79778ee6a7ab3e,1,0,official,principal
4983,1,0,-0.6769319923623174,decision_function,,u_5b79778ee6a7ab3e,1,0,official,principal
4149,1,0,-1.4511778883213058,decision_function,,u_5b79778ee6a7ab3e,1,0,official,principal
5405,0,0,-0.42217818721462574,decision_function,,u_5b79778ee6a7ab3e,1,0,official,principal
944,0,0,-0.8992565826604677,decision_function,,u_5b79778ee6a7ab3e,1,0,official,principal
5074,0,0,-1.7074962776084845,decision_function,,u_5b79778ee6a7ab3e,1,0,official,principal
5285,0,0,-2.061075167549393,decision_function,,u_5b79778ee6a7ab3e,1,0,official,principal
247,1,1,0.30934240316631145,decision_function,,u_5b79778ee6a7ab3e,1,0,official,principal
5451,0,0,-1.5916968477303017,decision_function,,u_5b79778ee6a7ab3e,1,0,official,principal
147,1,0,-0.43250651923411887,decision_function,,u_5b79778ee6a7ab3e,1,0,official,principal
4291,0,0,-1.5526355905771752,decision_function,,u_5b79778ee6a7ab3e,1,0,official,principal
152,0,0,-1.324528250220296,decision_function,,u_5b79778ee6a7ab3e,1,0,official,principal
5127,1,0,-1.4926717029723422,decision_function,,u_5b79778ee6a7ab3e,1,0,official,principal
488,0,0,-0.7953254453023506,decision_function,,u_5b79778ee6a7ab3e,1,0,official,principal
3999,1,1,0.9356915339777871,decision_function,,u_5b79778ee6a7ab3e,1,0,official,principal
5140,0,1,1.3233983749262768,decision_function,,u_5b79778ee6a7ab3e,1,0,official,principal
4812,1,0,-0.9531636569650686,decision_function,,u_5b79778ee6a7ab3e,1,0,official,principal
5744,0,0,-1.3142227800062098,decision_function,,u_5b79778ee6a7ab3e,1,0,official,principal
4959,1,0,-0.9314221921848267,decision_function,,u_5b79778ee6a7ab3e,1,0,official,principal
2059,0,0,-0.26175911160055687,decision_function,,u_5b79778ee6a7ab3e,1,0,official,principal
1680,0,0,-1.6291182011276595,decision_function,,u_5b79778ee6a7ab3e,1,0,official,principal
4747,0,0,-1.680118281374491,decision_function,,u_5b79778ee6a7ab3e,1,0,official,principal
5618,0,0,-1.2136699056330498,decision_function,,u_5b79778ee6a7ab3e,1,0,official,principal
1434,1,1,0.6136311347528394,decision_function,,u_5b79778ee6a7ab3e,1,0,official,principal
899,0,0,-0.9431463189919618,decision_function,,u_5b79778ee6a7ab3e,1,0,official,principal
1729,0,0,-1.7523333216465238,decision_function,,u_5b79778ee6a7ab3e,1,0,official,principal
310,0,0,-0.918889206676524,decision_function,,u_5b79778ee6a7ab3e,1,0,official,principal
4668,0,0,-0.5710043811692671,decision_function,,u_5b79778ee6a7ab3e,1,0,official,principal
5261,0,0,-0.8039812163044395,decision_function,,u_5b79778ee6a7ab3e,1,0,official,principal
5022,0,0,-1.8060222513898605,decision_function,,u_5b79778ee6a7ab3e,1,0,official,principal
5676,0,0,-0.9341200834951162,decision_function,,u_5b79778ee6a7ab3e,1,0,official,principal
2907,1,1,0.33502490759160786,decision_function,,u_5b79778ee6a7ab3e,1,0,official,principal
6602,0,0,-0.44689691744627735,decision_function,,u_5b79778ee6a7ab3e,1,0,official,principal
4389,0,0,-0.10285170513871611,decision_function,,u_5b79778ee6a7ab3e,1,0,official,principal
4136,0,0,-1.7218461336199145,decision_function,,u_5b79778ee6a7ab3e,1,0,official,principal
6511,0,0,-2.126905025461415,decision_function,,u_5b79778ee6a7ab3e,1,0,official,principal
2148,0,0,-1.1818633116353485,decision_function,,u_5b79778ee6a7ab3e,1,0,official,principal
4691,1,0,-0.600371108793115,decision_function,,u_5b79778ee6a7ab3e,1,0,official,principal
711,0,0,-0.23961980617473122,decision_function,,u_5b79778ee6a7ab3e,1,0,official,principal
5914,0,0,-1.6911730980457342,decision_function,,u_5b79778ee6a7ab3e,1,0,official,principal
228,0,0,-0.3350053844089196,decision_function,,u_5b79778ee6a7ab3e,1,0,official,principal
4450,1,0,-1.138497595176898,decision_function,,u_5b79778ee6a7ab3e,1,0,official,principal
6293,0,0,-1.4870236716373721,decision_function,,u_5b79778ee6a7ab3e,1,0,official,principal
1212,0,1,0.5967035379067482,decision_function,,u_5b79778ee6a7ab3e,1,0,official,principal
4581,0,0,-1.75433955929243,decision_function,,u_5b79778ee6a7ab3e,1,0,official,principal
5231,1,1,0.9382047808336598,decision_function,,u_5b79778ee6a7ab3e,1,0,official,principal
1939,0,0,-0.9826802151755656,decision_function,,u_5b79778ee6a7ab3e,1,0,official,principal
2847,0,0,-0.33084527454708246,decision_function,,u_5b79778ee6a7ab3e,1,0,official,principal
6415,0,0,-1.4767603794937232,decision_function,,u_5b79778ee6a7ab3e,1,0,official,principal
5625,0,0,-1.0710322999250192,decision_function,,u_5b79778ee6a7ab3e,1,0,official,principal
2124,1,0,-0.46944473894588157,decision_function,,u_5b79778ee6a7ab3e,1,0,official,principal
176,1,1,0.5276775759911563,decision_function,,u_5b79778ee6a7ab3e,1,0,official,principal
6685,0,0,-1.5393979833811953,decision_function,,u_5b79778ee6a7ab3e,1,0,official,principal
5761,0,0,-2.0051880164497806,decision_function,,u_5b79778ee6a7ab3e,1,0,official,principal
6733,0,0,-1.6336093452397629,decision_function,,u_5b79778ee6a7ab3e,1,0,official,principal
2640,0,0,-0.3286729681304359,decision_function,,u_5b79778ee6a7ab3e,1,0,official,principal
4525,0,0,-0.6542780262486074,decision_function,,u_5b79778ee6a7ab3e,1,0,official,principal
1182,0,0,-1.3049478234521867,decision_function,,u_5b79778ee6a7ab3e,1,0,official,principal
528,0,0,-1.5934478275895394,decision_function,,u_5b79778ee6a7ab3e,1,0,official,principal
2126,0,0,-0.8046141285831379,decision_function,,u_5b79778ee6a7ab3e,1,0,official,principal
2840,0,0,-0.8605437151063446,decision_function,,u_5b79778ee6a7ab3e,1,0,official,principal
1610,0,0,-2.462486078376145,decision_function,,u_5b79778ee6a7ab3e,1,0,official,principal
6467,0,1,0.4800446161312202,decision_function,,u_5b79778ee6a7ab3e,1,0,official,principal
853,0,0,-0.6079182871049107,decision_function,,u_5b79778ee6a7ab3e,1,0,official,principal
2343,0,0,-0.6128443751770822,decision_function,,u_5b79778ee6a7ab3e,1,0,official,principal
3141,1,1,0.5503960911379115,decision_function,,u_5b79778ee6a7ab3e,1,0,official,principal
2581,0,0,-1.2188349761148896,decision_function,,u_5b79778ee6a7ab3e,1,0,official,principal
4511,0,0,-1.1942607849085212,decision_function,,u_5b79778ee6a7ab3e,1,0,official,principal
5472,0,0,-1.3209529780033384,decision_function,,u_5b79778ee6a7ab3e,1,0,official,principal
4711,0,0,-1.6063089252587899,decision_function,,u_5b79778ee6a7ab3e,1,0,official,principal
2727,1,1,1.1451945289280299,decision_function,,u_5b79778ee6a7ab3e,1,0,official,principal
1116,0,0,-1.2689996937434325,decision_function,,u_5b79778ee6a7ab3e,1,0,official,principal
6781,1,1,0.46768829618320185,decision_function,,u_5b79778ee6a7ab3e,1,0,official,principal
3651,0,0,-1.3108009859995002,decision_function,,u_5b79778ee6a7ab3e,1,0,official,principal
4785,1,1,0.3102620633146107,decision_function,,u_5b79778ee6a7ab3e,1,0,official,principal
278,0,0,-0.4748734832176913,decision_function,,u_5b79778ee6a7ab3e,1,0,official,principal
584,0,0,-0.9136614503940619,decision_function,,u_5b79778ee6a7ab3e,1,0,official,principal
5469,0,0,-0.6421574253997258,decision_function,,u_5b79778ee6a7ab3e,1,0,official,principal
6120,0,0,-0.5897153320085029,decision_function,,u_5b79778ee6a7ab3e,1,0,official,principal
3230,0,0,-1.743438774365929,decision_function,,u_5b79778ee6a7ab3e,1,0,official,principal
1348,1,1,0.7278491609878732,decision_function,,u_5b79778ee6a7ab3e,1,0,official,principal
484,1,1,0.6917808827285175,decision_function,,u_5b79778ee6a7ab3e,1,0,official,principal
3170,0,0,-0.13105203506498642,decision_function,,u_5b79778ee6a7ab3e,1,0,official,principal
2885,0,0,-1.327665410632695,decision_function,,u_5b79778ee6a7ab3e,1,0,official,principal
3208,0,0,-1.6402594726519588,decision_function,,u_5b79778ee6a7ab3e,1,0,official,principal
3491,0,0,-1.7973621606987678,decision_function,,u_5b79778ee6a7ab3e,1,0,official,principal
1959,0,0,-0.9165730896090167,decision_function,,u_5b79778ee6a7ab3e,1,0,official,principal
5249,0,0,-2.1199173524575103,decision_function,,u_5b79778ee6a7ab3e,1,0,official,principal
1239,0,0,-0.5438902548795781,decision_function,,u_5b79778ee6a7ab3e,1,0,official,principal
6465,0,0,-1.7122054485028375,decision_function,,u_5b79778ee6a7ab3e,1,0,official,principal
1303,0,0,-1.7519201748607687,decision_function,,u_5b79778ee6a7ab3e,1,0,official,principal
2330,0,0,-1.0934084002610822,decision_function,,u_5b79778ee6a7ab3e,1,0,official,principal
5167,0,0,-2.1646012910894115,decision_function,,u_5b79778ee6a7ab3e,1,0,official,principal
3710,0,0,-1.3626748643962658,decision_function,,u_5b79778ee6a7ab3e,1,0,official,principal
1695,0,0,-1.8300635038923838,decision_function,,u_5b79778ee6a7ab3e,1,0,official,principal
1021,0,0,-2.013960032024481,decision_function,,u_5b79778ee6a7ab3e,1,0,official,principal
3788,1,0,-1.583349018489093,decision_function,,u_5b79778ee6a7ab3e,1,0,official,principal
4863,0,0,-1.721230416573932,decision_function,,u_5b79778ee6a7ab3e,1,0,official,principal
4545,0,0,-0.7626223729105854,decision_function,,u_5b79778ee6a7ab3e,1,0,official,principal
3021,0,0,-1.1222971926786092,decision_function,,u_5b79778ee6a7ab3e,1,0,official,principal
6552,1,1,0.9841818231977486,decision_function,,u_5b79778ee6a7ab3e,1,0,official,principal
3215,0,0,-0.4630483432321144,decision_function,,u_5b79778ee6a7ab3e,1,0,official,principal
6901,0,0,-1.2271362151934384,decision_function,,u_5b79778ee6a7ab3e,1,0,official,principal
5148,0,0,-1.1766608267067094,decision_function,,u_5b79778ee6a7ab3e,1,0,official,principal
5269,0,0,-0.6874641650895055,decision_function,,u_5b79778ee6a7ab3e,1,0,official,principal
4047,0,0,-1.1975729206865702,decision_function,,u_5b79778ee6a7ab3e,1,0,official,principal
6008,0,0,-1.3336033273463745,decision_function,,u_5b79778ee6a7ab3e,1,0,official,principal
240,0,0,-2.182777021979965,decision_function,,u_5b79778ee6a7ab3e,1,0,official,principal
2873,1,1,0.2955052082531795,decision_function,,u_5b79778ee6a7ab3e,1,0,official,principal
5660,0,0,-1.4236508962507477,decision_function,,u_5b79778ee6a7ab3e,1,0,official,principal
3114,0,0,-0.656965041799912,decision_function,,u_5b79778ee6a7ab3e,1,0,official,principal
4516,0,0,-2.190184639595868,decision_function,,u_5b79778ee6a7ab3e,1,0,official,principal
6425,0,0,-1.7856895177222984,decision_function,,u_5b79778ee6a7ab3e,1,0,official,principal
6458,0,0,-0.8435562182243519,decision_function,,u_5b79778ee6a7ab3e,1,0,official,principal
3953,1,1,0.574910451856347,decision_function,,u_5b79778ee6a7ab3e,1,0,official,principal
3675,0,0,-0.9931254446775641,decision_function,,u_5b79778ee6a7ab3e,1,0,official,principal
4425,0,0,-1.0809020427859415,decision_function,,u_5b79778ee6a7ab3e,1,0,official,principal
5990,0,0,-0.26632041998737366,decision_function,,u_5b79778ee6a7ab3e,1,0,official,principal
4126,0,0,-1.163942279538443,decision_function,,u_5b79778ee6a7ab3e,1,0,official,principal
5288,1,1,1.1521980504152407,decision_function,,u_5b79778ee6a7ab3e,1,0,official,principal
6348,0,0,-0.24449784851602052,decision_function,,u_5b79778ee6a7ab3e,1,0,official,principal
2422,0,1,0.942219612722186,decision_function,,u_5b79778ee6a7ab3e,1,0,official,principal
975,1,0,-1.3652358791866108,decision_function,,u_5b79778ee6a7ab3e,1,0,official,principal
573,1,0,-1.0829638536033572,decision_function,,u_5b79778ee6a7ab3e,1,0,official,principal
6219,1,0,-0.17308733227490958,decision_function,,u_5b79778ee6a7ab3e,1,0,official,principal
1043,1,0,-0.5679394267071838,decision_function,,u_5b79778ee6a7ab3e,1,0,official,principal
2529,1,0,-1.8592073892607033,decision_function,,u_5b79778ee6a7ab3e,1,0,official,principal
1282,0,0,-0.1439643305900633,decision_function,,u_5b79778ee6a7ab3e,1,0,official,principal
1340,0,0,-1.000950326082088,decision_function,,u_5b79778ee6a7ab3e,1,0,official,principal
6189,0,0,-2.0995185965600403,decision_function,,u_5b79778ee6a7ab3e,1,0,official,principal
5510,0,1,0.09417875604695913,decision_function,,u_5b79778ee6a7ab3e,1,0,official,principal
3354,0,0,-1.953979924148312,decision_function,,u_5b79778ee6a7ab3e,1,0,official,principal
905,1,1,1.2839462031101774,decision_function,,u_5b79778ee6a7ab3e,1,0,official,principal
2735,0,0,-0.7397225436500321,decision_function,,u_5b79778ee6a7ab3e,1,0,official,principal
6712,0,0,-0.27181592223335205,decision_function,,u_5b79778ee6a7ab3e,1,0,official,principal
4333,0,0,-0.7698380532766933,decision_function,,u_5b79778ee6a7ab3e,1,0,official,principal
1514,0,0,-1.721197051074002,decision_function,,u_5b79778ee6a7ab3e,1,0,official,principal
6608,1,0,-1.6612956281021436,decision_function,,u_5b79778ee6a7ab3e,1,0,official,principal
135,0,0,-1.421449803555027,decision_function,,u_5b79778ee6a7ab3e,1,0,official,principal
3413,0,0,-0.05417682066127538,decision_function,,u_5b79778ee6a7ab3e,1,0,official,principal
219,0,1,0.6303810750172159,decision_function,,u_5b79778ee6a7ab3e,1,0,official,principal
6754,0,0,-1.1370259146366708,decision_function,,u_5b79778ee6a7ab3e,1,0,official,principal
6610,0,1,0.7153888902307686,decision_function,,u_5b79778ee6a7ab3e,1,0,official,principal
3549,0,0,-2.5093106669708414,decision_function,,u_5b79778ee6a7ab3e,1,0,official,principal
257,0,0,-1.3672205922955625,decision_function,,u_5b79778ee6a7ab3e,1,0,official,principal
4799,0,0,-1.0836027566843516,decision_function,,u_5b79778ee6a7ab3e,1,0,official,principal
5248,0,0,-0.9736536537507758,decision_function,,u_5b79778ee6a7ab3e,1,0,official,principal
3965,0,0,-0.6297945841539088,decision_function,,u_5b79778ee6a7ab3e,1,0,official,principal
2942,0,0,-1.5295248702046438,decision_function,,u_5b79778ee6a7ab3e,1,0,official,principal
5370,0,1,0.376891706997049,decision_function,,u_5b79778ee6a7ab3e,1,0,official,principal
4495,1,1,0.8878273689832128,decision_function,,u_5b79778ee6a7ab3e,1,0,official,principal
3932,1,1,1.13259670770598,decision_function,,u_5b79778ee6a7ab3e,1,0,official,principal
5347,0,0,-1.3768126321848775,decision_function,,u_5b79778ee6a7ab3e,1,0,official,principal
5531,0,0,-1.8798917980285994,decision_function,,u_5b79778ee6a7ab3e,1,0,official,principal
1273,0,0,-0.8022148447056439,decision_function,,u_5b79778ee6a7ab3e,1,0,official,principal
6318,0,0,-1.280676538945575,decision_function,,u_5b79778ee6a7ab3e,1,0,official,principal
4284,0,0,-0.022208379650081156,decision_function,,u_5b79778ee6a7ab3e,1,0,official,principal
1494,1,0,-1.1920093760748833,decision_function,,u_5b79778ee6a7ab3e,1,0,official,principal
2190,0,0,-2.0844599617009862,decision_function,,u_5b79778ee6a7ab3e,1,0,official,principal
4808,0,0,-2.083853723953366,decision_function,,u_5b79778ee6a7ab3e,1,0,official,principal
5926,0,0,-0.8928232274814647,decision_function,,u_5b79778ee6a7ab3e,1,0,official,principal
138,0,0,-1.6819300214300084,decision_function,,u_5b79778ee6a7ab3e,1,0,official,principal
1371,1,1,1.2313029538497697,decision_function,,u_5b79778ee6a7ab3e,1,0,official,principal
5357,0,0,-1.7177961370327912,decision_function,,u_5b79778ee6a7ab3e,1,0,official,principal
1009,0,0,-0.9192914237200389,decision_function,,u_5b79778ee6a7ab3e,1,0,official,principal
3995,1,0,-0.6716078675210753,decision_function,,u_5b79778ee6a7ab3e,1,0,official,principal
3483,0,0,-0.07717827563992996,decision_function,,u_5b79778ee6a7ab3e,1,0,official,principal
5815,1,1,1.0471541639969613,decision_function,,u_5b79778ee6a7ab3e,1,0,official,principal
1812,0,1,0.18090599755658276,decision_function,,u_5b79778ee6a7ab3e,1,0,official,principal
5493,1,1,1.1901034548082046,decision_function,,u_5b79778ee6a7ab3e,1,0,official,principal
3663,0,1,0.8520512941603418,decision_function,,u_5b79778ee6a7ab3e,1,0,official,principal
3654,0,0,-0.4096839114457125,decision_function,,u_5b79778ee6a7ab3e,1,0,official,principal
568,1,1,0.14957845176825257,decision_function,,u_5b79778ee6a7ab3e,1,0,official,principal
5586,0,0,-1.5038094742732966,decision_function,,u_5b79778ee6a7ab3e,1,0,official,principal
1656,0,0,-1.1925340492013357,decision_function,,u_5b79778ee6a7ab3e,1,0,official,principal
4257,0,0,-0.7759857431654051,decision_function,,u_5b79778ee6a7ab3e,1,0,official,principal
304,0,0,-0.6178389154186505,decision_function,,u_5b79778ee6a7ab3e,1,0,official,principal
5239,0,0,-1.7108402919050585,decision_function,,u_5b79778ee6a7ab3e,1,0,official,principal
2624,0,0,-1.1978507690545062,decision_function,,u_5b79778ee6a7ab3e,1,0,official,principal
4586,0,0,-1.4415058746814005,decision_function,,u_5b79778ee6a7ab3e,1,0,official,principal
939,0,0,-1.2068682057784912,decision_function,,u_5b79778ee6a7ab3e,1,0,official,principal
4915,0,0,-0.8141846137465194,decision_function,,u_5b79778ee6a7ab3e,1,0,official,principal
5846,0,1,0.9218613066335557,decision_function,,u_5b79778ee6a7ab3e,1,0,official,principal
4036,0,0,-1.1595049195971479,decision_function,,u_5b79778ee6a7ab3e,1,0,official,principal
6235,1,0,-0.8499900770191227,decision_function,,u_5b79778ee6a7ab3e,1,0,official,principal
4314,1,1,0.5487803610564916,decision_function,,u_5b79778ee6a7ab3e,1,0,official,principal
2545,0,0,-2.324353753486272,decision_function,,u_5b79778ee6a7ab3e,1,0,official,principal
6006,0,0,-1.230409424892425,decision_function,,u_5b79778ee6a7ab3e,1,0,official,principal
1492,1,1,0.5542039783560906,decision_function,,u_5b79778ee6a7ab3e,1,0,official,principal
4332,0,0,-2.289703770423664,decision_function,,u_5b79778ee6a7ab3e,1,0,official,principal
4093,0,0,-0.14197465855624491,decision_function,,u_5b79778ee6a7ab3e,1,0,official,principal
6696,0,1,0.9011428425512213,decision_function,,u_5b79778ee6a7ab3e,1,0,official,principal
